year,event,session,driver,driver_number,team,lap_number,stint,compound,tyre_life,fresh_tyre,lap_time_s,sector1_s,sector2_s,sector3_s,position,track_status,deleted,is_accurate,is_pit_lap,is_green,fuel_kg_burned,lap_time_fuel_corr_s,assumed_harvest_mj,air_temp_c,track_temp_c,rainfall
2025,Singapore Grand Prix,FP1,VER,1,Red Bull Racing,1.0,1.0,HARD,1.0,True,,,52.029,36.465,,1,,False,True,True,,,8.5,28.829268292682926,34.9719512195122,True
2025,Singapore Grand Prix,FP1,VER,1,Red Bull Racing,2.0,1.0,HARD,2.0,True,95.501,28.299,40.356,26.846,,1,,True,False,True,,,8.5,28.829268292682926,34.9719512195122,True
2025,Singapore Grand Prix,FP1,VER,1,Red Bull Racing,3.0,1.0,HARD,3.0,True,,49.316,67.062,37.559,,1,,False,False,True,,,8.5,28.829268292682926,34.9719512195122,True
2025,Singapore Grand Prix,FP1,VER,1,Red Bull Racing,4.0,1.0,HARD,4.0,True,94.059,27.744,39.361,26.954,,1,,True,False,True,,,8.5,28.829268292682926,34.9719512195122,True
2025,Singapore Grand Prix,FP1,VER,1,Red Bull Racing,5.0,1.0,HARD,5.0,True,128.808,38.93,52.196,37.682,,1,,False,True,True,,,8.5,28.829268292682926,34.9719512195122,True
2025,Singapore Grand Prix,FP1,VER,1,Red Bull Racing,6.0,2.0,HARD,6.0,False,141.488,61.459,50.128,29.901,,1,,False,True,True,,,8.5,28.829268292682926,34.9719512195122,True
2025,Singapore Grand Prix,FP1,VER,1,Red Bull Racing,7.0,2.0,HARD,7.0,False,93.011,27.479,39.107,26.425,,1,,True,False,True,,,8.5,28.829268292682926,34.9719512195122,True
2025,Singapore Grand Prix,FP1,VER,1,Red Bull Racing,8.0,2.0,HARD,8.0,False,,55.811,66.466,41.855,,12,,False,False,False,,,8.5,28.829268292682926,34.9719512195122,True
2025,Singapore Grand Prix,FP1,VER,1,Red Bull Racing,9.0,2.0,HARD,9.0,False,92.514,27.584,38.746,26.184,,1,,True,False,True,,,8.5,28.829268292682926,34.9719512195122,True
2025,Singapore Grand Prix,FP1,VER,1,Red Bull Racing,10.0,2.0,HARD,10.0,False,116.825,34.247,47.414,35.164,,1,,False,True,True,,,8.5,28.829268292682926,34.9719512195122,True
2025,Singapore Grand Prix,FP1,VER,1,Red Bull Racing,11.0,3.0,SOFT,1.0,True,,,50.851,38.793,,1,,False,True,True,,,8.5,28.829268292682926,34.9719512195122,True
2025,Singapore Grand Prix,FP1,VER,1,Red Bull Racing,12.0,3.0,SOFT,2.0,True,91.854,27.239,38.661,25.954,,1,,True,False,True,,,8.5,28.829268292682926,34.9719512195122,True
2025,Singapore Grand Prix,FP1,VER,1,Red Bull Racing,13.0,3.0,SOFT,3.0,True,,50.03,72.146,41.383,,1,,False,False,True,,,8.5,28.829268292682926,34.9719512195122,True
2025,Singapore Grand Prix,FP1,VER,1,Red Bull Racing,14.0,3.0,SOFT,4.0,True,136.582,49.837,55.923,30.822,,1,,True,False,True,,,8.5,28.829268292682926,34.9719512195122,True
2025,Singapore Grand Prix,FP1,VER,1,Red Bull Racing,15.0,3.0,SOFT,5.0,True,91.392,27.321,38.318,25.753,,1,,True,False,True,,,8.5,28.829268292682926,34.9719512195122,True
2025,Singapore Grand Prix,FP1,VER,1,Red Bull Racing,16.0,3.0,SOFT,6.0,True,108.369,31.565,42.991,33.813,,1,,False,True,True,,,8.5,28.829268292682926,34.9719512195122,True
2025,Singapore Grand Prix,FP1,VER,1,Red Bull Racing,17.0,4.0,HARD,11.0,False,,,41.95,27.963,,1,,False,True,True,,,8.5,28.829268292682926,34.9719512195122,True
2025,Singapore Grand Prix,FP1,VER,1,Red Bull Racing,18.0,4.0,HARD,12.0,False,97.215,28.604,41.035,27.576,,1,,True,False,True,,,8.5,28.829268292682926,34.9719512195122,True
2025,Singapore Grand Prix,FP1,VER,1,Red Bull Racing,19.0,4.0,HARD,13.0,False,96.837,28.85,40.696,27.291,,1,,True,False,True,,,8.5,28.829268292682926,34.9719512195122,True
2025,Singapore Grand Prix,FP1,VER,1,Red Bull Racing,20.0,4.0,HARD,14.0,False,96.437,28.857,40.386,27.194,,1,,True,False,True,,,8.5,28.829268292682926,34.9719512195122,True
2025,Singapore Grand Prix,FP1,VER,1,Red Bull Racing,21.0,4.0,HARD,15.0,False,96.107,28.698,40.28,27.129,,1,,True,False,True,,,8.5,28.829268292682926,34.9719512195122,True
2025,Singapore Grand Prix,FP1,VER,1,Red Bull Racing,22.0,4.0,HARD,16.0,False,96.314,28.781,40.329,27.204,,1,,True,False,True,,,8.5,28.829268292682926,34.9719512195122,True
2025,Singapore Grand Prix,FP1,VER,1,Red Bull Racing,23.0,4.0,HARD,17.0,False,,41.285,58.736,60.979,,1,,False,False,True,,,8.5,28.829268292682926,34.9719512195122,True
2025,Singapore Grand Prix,FP1,VER,1,Red Bull Racing,24.0,4.0,HARD,18.0,False,139.067,57.053,47.184,34.83,,1,,False,True,True,,,8.5,28.829268292682926,34.9719512195122,True
2025,Singapore Grand Prix,FP1,NOR,4,McLaren,1.0,1.0,HARD,1.0,True,,,53.533,36.697,,1,,False,True,True,,,8.5,28.829268292682926,34.9719512195122,True
2025,Singapore Grand Prix,FP1,NOR,4,McLaren,2.0,1.0,HARD,2.0,True,96.14,28.769,39.963,27.408,,1,,True,False,True,,,8.5,28.829268292682926,34.9719512195122,True
2025,Singapore Grand Prix,FP1,NOR,4,McLaren,3.0,1.0,HARD,3.0,True,,49.423,73.367,40.22,,1,,False,False,True,,,8.5,28.829268292682926,34.9719512195122,True
2025,Singapore Grand Prix,FP1,NOR,4,McLaren,4.0,1.0,HARD,4.0,True,93.388,27.782,38.965,26.641,,1,,True,False,True,,,8.5,28.829268292682926,34.9719512195122,True
2025,Singapore Grand Prix,FP1,NOR,4,McLaren,5.0,1.0,HARD,5.0,True,,44.356,72.087,37.352,,1,,False,False,True,,,8.5,28.829268292682926,34.9719512195122,True
2025,Singapore Grand Prix,FP1,NOR,4,McLaren,6.0,1.0,HARD,6.0,True,93.286,27.651,39.397,26.238,,1,,True,False,True,,,8.5,28.829268292682926,34.9719512195122,True
2025,Singapore Grand Prix,FP1,NOR,4,McLaren,7.0,1.0,HARD,7.0,True,,48.794,65.039,36.992,,12,,False,False,False,,,8.5,28.829268292682926,34.9719512195122,True
2025,Singapore Grand Prix,FP1,NOR,4,McLaren,8.0,1.0,HARD,8.0,True,92.493,27.421,38.926,26.146,,1,,True,False,True,,,8.5,28.829268292682926,34.9719512195122,True
2025,Singapore Grand Prix,FP1,NOR,4,McLaren,9.0,1.0,HARD,9.0,True,102.366,29.388,39.411,33.567,,1,,False,True,True,,,8.5,28.829268292682926,34.9719512195122,True
2025,Singapore Grand Prix,FP1,NOR,4,McLaren,10.0,2.0,SOFT,1.0,True,,,49.05,39.159,,1,,False,True,True,,,8.5,28.829268292682926,34.9719512195122,True
2025,Singapore Grand Prix,FP1,NOR,4,McLaren,11.0,2.0,SOFT,2.0,True,91.698,27.178,38.476,26.044,,1,,True,False,True,,,8.5,28.829268292682926,34.9719512195122,True
2025,Singapore Grand Prix,FP1,NOR,4,McLaren,12.0,2.0,SOFT,3.0,True,149.912,43.022,61.875,45.015,,1,,False,True,True,,,8.5,28.829268292682926,34.9719512195122,True
2025,Singapore Grand Prix,FP1,NOR,4,McLaren,13.0,3.0,SOFT,4.0,False,,77.357,54.043,42.041,,1,,False,True,True,,,8.5,28.829268292682926,34.9719512195122,True
2025,Singapore Grand Prix,FP1,NOR,4,McLaren,14.0,3.0,SOFT,5.0,False,91.799,27.515,38.146,26.138,,1,,True,False,True,,,8.5,28.829268292682926,34.9719512195122,True
2025,Singapore Grand Prix,FP1,NOR,4,McLaren,15.0,3.0,SOFT,6.0,False,,44.506,74.428,39.001,,1,,False,False,True,,,8.5,28.829268292682926,34.9719512195122,True
2025,Singapore Grand Prix,FP1,NOR,4,McLaren,16.0,3.0,SOFT,7.0,False,101.461,27.218,39.046,35.197,,1,,False,True,True,,,8.5,28.829268292682926,34.9719512195122,True
2025,Singapore Grand Prix,FP1,NOR,4,McLaren,17.0,4.0,SOFT,8.0,False,,,49.421,28.769,,1,,False,True,True,,,8.5,28.829268292682926,34.9719512195122,True
2025,Singapore Grand Prix,FP1,NOR,4,McLaren,18.0,4.0,SOFT,9.0,False,95.034,27.515,38.832,28.687,,1,,True,False,True,,,8.5,28.829268292682926,34.9719512195122,True
2025,Singapore Grand Prix,FP1,NOR,4,McLaren,19.0,4.0,SOFT,10.0,False,,44.226,67.306,48.605,,1,,False,False,True,,,8.5,28.829268292682926,34.9719512195122,True
2025,Singapore Grand Prix,FP1,NOR,4,McLaren,20.0,4.0,SOFT,11.0,False,92.374,27.514,38.824,26.036,,1,,True,False,True,,,8.5,28.829268292682926,34.9719512195122,True
2025,Singapore Grand Prix,FP1,NOR,4,McLaren,21.0,4.0,SOFT,12.0,False,,41.046,61.329,48.826,,1,,False,False,True,,,8.5,28.829268292682926,34.9719512195122,True
2025,Singapore Grand Prix,FP1,NOR,4,McLaren,22.0,4.0,SOFT,13.0,False,,57.77,49.433,43.018,,1,,False,True,True,,,8.5,28.829268292682926,34.9719512195122,True
2025,Singapore Grand Prix,FP1,BOR,5,Kick Sauber,1.0,1.0,HARD,1.0,True,,,47.403,36.717,,1,,False,True,True,,,8.5,28.829268292682926,34.9719512195122,True
2025,Singapore Grand Prix,FP1,BOR,5,Kick Sauber,2.0,1.0,HARD,2.0,True,100.587,29.698,42.7,28.189,,1,,True,False,True,,,8.5,28.829268292682926,34.9719512195122,True
2025,Singapore Grand Prix,FP1,BOR,5,Kick Sauber,3.0,1.0,HARD,3.0,True,140.583,40.327,56.359,43.897,,1,,True,False,True,,,8.5,28.829268292682926,34.9719512195122,True
2025,Singapore Grand Prix,FP1,BOR,5,Kick Sauber,4.0,1.0,HARD,4.0,True,97.015,28.693,40.859,27.463,,1,,True,False,True,,,8.5,28.829268292682926,34.9719512195122,True
2025,Singapore Grand Prix,FP1,BOR,5,Kick Sauber,5.0,1.0,HARD,5.0,True,145.979,43.067,59.619,43.293,,1,,True,False,True,,,8.5,28.829268292682926,34.9719512195122,True
2025,Singapore Grand Prix,FP1,BOR,5,Kick Sauber,6.0,1.0,HARD,6.0,True,101.805,28.161,40.404,33.24,,1,,False,True,True,,,8.5,28.829268292682926,34.9719512195122,True
2025,Singapore Grand Prix,FP1,BOR,5,Kick Sauber,7.0,2.0,HARD,7.0,False,,60.249,59.634,36.338,,1,,False,True,True,,,8.5,28.829268292682926,34.9719512195122,True
2025,Singapore Grand Prix,FP1,BOR,5,Kick Sauber,8.0,2.0,HARD,8.0,False,95.314,28.185,40.097,27.032,,12,,True,False,False,,,8.5,28.829268292682926,34.9719512195122,True
2025,Singapore Grand Prix,FP1,BOR,5,Kick Sauber,9.0,2.0,HARD,9.0,False,124.369,43.18,51.92,29.269,,1,,True,False,True,,,8.5,28.829268292682926,34.9719512195122,True
2025,Singapore Grand Prix,FP1,BOR,5,Kick Sauber,10.0,2.0,HARD,10.0,False,97.177,28.992,40.74,27.445,,1,,True,False,True,,,8.5,28.829268292682926,34.9719512195122,True
2025,Singapore Grand Prix,FP1,BOR,5,Kick Sauber,11.0,2.0,HARD,11.0,False,97.057,28.652,40.905,27.5,,1,,True,False,True,,,8.5,28.829268292682926,34.9719512195122,True
2025,Singapore Grand Prix,FP1,BOR,5,Kick Sauber,12.0,2.0,HARD,12.0,False,96.649,28.877,40.523,27.249,,1,,True,False,True,,,8.5,28.829268292682926,34.9719512195122,True
2025,Singapore Grand Prix,FP1,BOR,5,Kick Sauber,13.0,2.0,HARD,13.0,False,101.738,28.616,40.322,32.8,,1,,False,True,True,,,8.5,28.829268292682926,34.9719512195122,True
2025,Singapore Grand Prix,FP1,BOR,5,Kick Sauber,14.0,3.0,SOFT,1.0,True,,,50.463,31.109,,1,,False,True,True,,,8.5,28.829268292682926,34.9719512195122,True
2025,Singapore Grand Prix,FP1,BOR,5,Kick Sauber,15.0,3.0,SOFT,2.0,True,99.157,29.717,40.643,28.797,,1,,True,False,True,,,8.5,28.829268292682926,34.9719512195122,True
2025,Singapore Grand Prix,FP1,BOR,5,Kick Sauber,16.0,3.0,SOFT,3.0,True,128.689,35.891,53.387,39.411,,1,,False,True,True,,,8.5,28.829268292682926,34.9719512195122,True
2025,Singapore Grand Prix,FP1,BOR,5,Kick Sauber,17.0,4.0,SOFT,4.0,False,140.296,54.775,54.054,31.467,,1,,False,True,True,,,8.5,28.829268292682926,34.9719512195122,True
2025,Singapore Grand Prix,FP1,BOR,5,Kick Sauber,18.0,4.0,SOFT,5.0,False,92.611,27.636,38.768,26.207,,1,,True,False,True,,,8.5,28.829268292682926,34.9719512195122,True
2025,Singapore Grand Prix,FP1,BOR,5,Kick Sauber,19.0,4.0,SOFT,6.0,False,145.578,42.66,59.357,43.561,,1,,False,True,True,,,8.5,28.829268292682926,34.9719512195122,True
2025,Singapore Grand Prix,FP1,BOR,5,Kick Sauber,20.0,5.0,SOFT,7.0,False,145.84,60.628,50.45,34.762,,1,,False,True,True,,,8.5,28.829268292682926,34.9719512195122,True
2025,Singapore Grand Prix,FP1,BOR,5,Kick Sauber,21.0,5.0,SOFT,8.0,False,95.851,27.739,39.899,28.213,,1,,True,False,True,,,8.5,28.829268292682926,34.9719512195122,True
2025,Singapore Grand Prix,FP1,BOR,5,Kick Sauber,22.0,5.0,SOFT,9.0,False,95.974,28.893,40.071,27.01,,1,,True,False,True,,,8.5,28.829268292682926,34.9719512195122,True
2025,Singapore Grand Prix,FP1,BOR,5,Kick Sauber,23.0,5.0,SOFT,10.0,False,95.862,28.742,40.239,26.881,,1,,True,False,True,,,8.5,28.829268292682926,34.9719512195122,True
2025,Singapore Grand Prix,FP1,BOR,5,Kick Sauber,24.0,5.0,SOFT,11.0,False,95.772,28.545,40.287,26.94,,1,,True,False,True,,,8.5,28.829268292682926,34.9719512195122,True
2025,Singapore Grand Prix,FP1,BOR,5,Kick Sauber,25.0,5.0,SOFT,12.0,False,95.863,28.62,40.198,27.045,,1,,True,False,True,,,8.5,28.829268292682926,34.9719512195122,True
2025,Singapore Grand Prix,FP1,BOR,5,Kick Sauber,26.0,5.0,SOFT,13.0,False,149.316,42.032,49.921,57.363,,1,,True,False,True,,,8.5,28.829268292682926,34.9719512195122,True
2025,Singapore Grand Prix,FP1,BOR,5,Kick Sauber,27.0,5.0,SOFT,14.0,False,,65.707,47.308,37.724,,1,,False,True,True,,,8.5,28.829268292682926,34.9719512195122,True
2025,Singapore Grand Prix,FP1,HAD,6,Racing Bulls,1.0,1.0,HARD,1.0,True,,,51.898,33.352,,1,,False,True,True,,,8.5,28.829268292682926,34.9719512195122,True
2025,Singapore Grand Prix,FP1,HAD,6,Racing Bulls,2.0,1.0,HARD,2.0,True,96.79,28.397,41.193,27.2,,1,,True,False,True,,,8.5,28.829268292682926,34.9719512195122,True
2025,Singapore Grand Prix,FP1,HAD,6,Racing Bulls,3.0,1.0,HARD,3.0,True,137.726,40.745,60.125,36.856,,1,,True,False,True,,,8.5,28.829268292682926,34.9719512195122,True
2025,Singapore Grand Prix,FP1,HAD,6,Racing Bulls,4.0,1.0,HARD,4.0,True,94.329,27.761,39.754,26.814,,1,,True,False,True,,,8.5,28.829268292682926,34.9719512195122,True
2025,Singapore Grand Prix,FP1,HAD,6,Racing Bulls,5.0,1.0,HARD,5.0,True,,53.397,60.941,37.114,,1,,False,False,True,,,8.5,28.829268292682926,34.9719512195122,True
2025,Singapore Grand Prix,FP1,HAD,6,Racing Bulls,6.0,1.0,HARD,6.0,True,93.492,27.634,39.335,26.523,,1,,True,False,True,,,8.5,28.829268292682926,34.9719512195122,True
2025,Singapore Grand Prix,FP1,HAD,6,Racing Bulls,7.0,1.0,HARD,7.0,True,140.012,43.48,56.938,39.594,,1,,False,True,True,,,8.5,28.829268292682926,34.9719512195122,True
2025,Singapore Grand Prix,FP1,HAD,6,Racing Bulls,8.0,2.0,HARD,8.0,False,,60.85,53.207,38.759,,12,,False,True,False,,,8.5,28.829268292682926,34.9719512195122,True
2025,Singapore Grand Prix,FP1,HAD,6,Racing Bulls,9.0,2.0,HARD,9.0,False,93.157,27.493,39.237,26.427,,1,,True,False,True,,,8.5,28.829268292682926,34.9719512195122,True
2025,Singapore Grand Prix,FP1,HAD,6,Racing Bulls,10.0,2.0,HARD,10.0,False,149.229,53.569,60.308,35.352,,1,,True,False,True,,,8.5,28.829268292682926,34.9719512195122,True
2025,Singapore Grand Prix,FP1,HAD,6,Racing Bulls,11.0,2.0,HARD,11.0,False,117.071,36.505,50.588,29.978,,1,,True,False,True,,,8.5,28.829268292682926,34.9719512195122,True
2025,Singapore Grand Prix,FP1,HAD,6,Racing Bulls,12.0,2.0,HARD,12.0,False,92.55,27.389,38.833,26.328,,1,,True,False,True,,,8.5,28.829268292682926,34.9719512195122,True
2025,Singapore Grand Prix,FP1,HAD,6,Racing Bulls,13.0,2.0,HARD,13.0,False,111.764,32.232,46.741,32.791,,1,,False,True,True,,,8.5,28.829268292682926,34.9719512195122,True
2025,Singapore Grand Prix,FP1,HAD,6,Racing Bulls,14.0,3.0,SOFT,1.0,True,,,49.245,42.018,,1,,False,True,True,,,8.5,28.829268292682926,34.9719512195122,True
2025,Singapore Grand Prix,FP1,HAD,6,Racing Bulls,15.0,3.0,SOFT,2.0,True,92.381,27.365,38.76,26.256,,1,,True,False,True,,,8.5,28.829268292682926,34.9719512195122,True
2025,Singapore Grand Prix,FP1,HAD,6,Racing Bulls,16.0,3.0,SOFT,3.0,True,145.54,48.033,58.13,39.377,,1,,False,True,True,,,8.5,28.829268292682926,34.9719512195122,True
2025,Singapore Grand Prix,FP1,HAD,6,Racing Bulls,17.0,4.0,SOFT,4.0,False,146.548,65.477,50.977,30.094,,1,,False,True,True,,,8.5,28.829268292682926,34.9719512195122,True
2025,Singapore Grand Prix,FP1,HAD,6,Racing Bulls,18.0,4.0,SOFT,5.0,False,91.755,27.236,38.468,26.051,,1,,True,False,True,,,8.5,28.829268292682926,34.9719512195122,True
2025,Singapore Grand Prix,FP1,HAD,6,Racing Bulls,19.0,4.0,SOFT,6.0,False,119.449,32.905,48.945,37.599,,1,,False,True,True,,,8.5,28.829268292682926,34.9719512195122,True
2025,Singapore Grand Prix,FP1,HAD,6,Racing Bulls,20.0,5.0,SOFT,7.0,False,,,41.343,27.46,,1,,False,True,True,,,8.5,28.829268292682926,34.9719512195122,True
2025,Singapore Grand Prix,FP1,HAD,6,Racing Bulls,21.0,5.0,SOFT,8.0,False,99.332,28.934,41.165,29.233,,1,,True,False,True,,,8.5,28.829268292682926,34.9719512195122,True
2025,Singapore Grand Prix,FP1,HAD,6,Racing Bulls,22.0,5.0,SOFT,9.0,False,97.315,28.992,40.942,27.381,,1,,True,False,True,,,8.5,28.829268292682926,34.9719512195122,True
2025,Singapore Grand Prix,FP1,HAD,6,Racing Bulls,23.0,5.0,SOFT,10.0,False,98.277,29.093,41.588,27.596,,1,,True,False,True,,,8.5,28.829268292682926,34.9719512195122,True
2025,Singapore Grand Prix,FP1,HAD,6,Racing Bulls,24.0,5.0,SOFT,11.0,False,97.87,29.027,41.228,27.615,,1,,True,False,True,,,8.5,28.829268292682926,34.9719512195122,True
2025,Singapore Grand Prix,FP1,HAD,6,Racing Bulls,25.0,5.0,SOFT,12.0,False,97.515,29.017,41.055,27.443,,1,,True,False,True,,,8.5,28.829268292682926,34.9719512195122,True
2025,Singapore Grand Prix,FP1,HAD,6,Racing Bulls,26.0,5.0,SOFT,13.0,False,97.75,29.056,41.223,27.471,,1,,True,False,True,,,8.5,28.829268292682926,34.9719512195122,True
2025,Singapore Grand Prix,FP1,HAD,6,Racing Bulls,27.0,5.0,SOFT,14.0,False,,42.154,64.151,59.987,,1,,False,False,True,,,8.5,28.829268292682926,34.9719512195122,True
2025,Singapore Grand Prix,FP1,HAD,6,Racing Bulls,28.0,5.0,SOFT,15.0,False,133.23,52.772,41.524,38.934,,1,,False,True,True,,,8.5,28.829268292682926,34.9719512195122,True
2025,Singapore Grand Prix,FP1,GAS,10,Alpine,1.0,1.0,HARD,1.0,True,,,49.792,37.435,,1,,False,True,True,,,8.5,28.829268292682926,34.9719512195122,True
2025,Singapore Grand Prix,FP1,GAS,10,Alpine,2.0,1.0,HARD,2.0,True,98.416,28.993,41.787,27.636,,1,,True,False,True,,,8.5,28.829268292682926,34.9719512195122,True
2025,Singapore Grand Prix,FP1,GAS,10,Alpine,3.0,1.0,HARD,3.0,True,133.858,41.478,58.632,33.748,,1,,True,False,True,,,8.5,28.829268292682926,34.9719512195122,True
2025,Singapore Grand Prix,FP1,GAS,10,Alpine,4.0,1.0,HARD,4.0,True,96.078,28.523,40.376,27.179,,1,,True,False,True,,,8.5,28.829268292682926,34.9719512195122,True
2025,Singapore Grand Prix,FP1,GAS,10,Alpine,5.0,1.0,HARD,5.0,True,,54.237,71.738,47.051,,1,,False,True,True,,,8.5,28.829268292682926,34.9719512195122,True
2025,Singapore Grand Prix,FP1,GAS,10,Alpine,6.0,2.0,HARD,6.0,False,139.745,59.715,49.519,30.511,,1,,False,True,True,,,8.5,28.829268292682926,34.9719512195122,True
2025,Singapore Grand Prix,FP1,GAS,10,Alpine,7.0,2.0,HARD,7.0,False,111.658,28.028,39.815,43.815,,12,,True,False,False,,,8.5,28.829268292682926,34.9719512195122,True
2025,Singapore Grand Prix,FP1,GAS,10,Alpine,8.0,2.0,HARD,8.0,False,126.426,40.043,52.925,33.458,,1,,True,False,True,,,8.5,28.829268292682926,34.9719512195122,True
2025,Singapore Grand Prix,FP1,GAS,10,Alpine,9.0,2.0,HARD,9.0,False,94.565,27.961,39.785,26.819,,1,,True,False,True,,,8.5,28.829268292682926,34.9719512195122,True
2025,Singapore Grand Prix,FP1,GAS,10,Alpine,10.0,2.0,HARD,10.0,False,144.848,43.057,59.305,42.486,,1,,False,True,True,,,8.5,28.829268292682926,34.9719512195122,True
2025,Singapore Grand Prix,FP1,GAS,10,Alpine,11.0,3.0,HARD,11.0,False,136.794,57.003,49.652,30.139,,1,,False,True,True,,,8.5,28.829268292682926,34.9719512195122,True
2025,Singapore Grand Prix,FP1,GAS,10,Alpine,12.0,3.0,HARD,12.0,False,93.639,27.718,39.393,26.528,,1,,True,False,True,,,8.5,28.829268292682926,34.9719512195122,True
2025,Singapore Grand Prix,FP1,GAS,10,Alpine,13.0,3.0,HARD,13.0,False,122.792,35.946,47.064,39.782,,1,,False,True,True,,,8.5,28.829268292682926,34.9719512195122,True
2025,Singapore Grand Prix,FP1,GAS,10,Alpine,14.0,4.0,SOFT,1.0,True,,,47.238,34.567,,1,,False,True,True,,,8.5,28.829268292682926,34.9719512195122,True
2025,Singapore Grand Prix,FP1,GAS,10,Alpine,15.0,4.0,SOFT,2.0,True,121.258,36.882,52.616,31.76,,1,,True,False,True,,,8.5,28.829268292682926,34.9719512195122,True
2025,Singapore Grand Prix,FP1,GAS,10,Alpine,16.0,4.0,SOFT,3.0,True,92.838,27.479,38.984,26.375,,1,,True,False,True,,,8.5,28.829268292682926,34.9719512195122,True
2025,Singapore Grand Prix,FP1,GAS,10,Alpine,17.0,4.0,SOFT,4.0,True,134.728,41.704,52.595,40.429,,1,,False,True,True,,,8.5,28.829268292682926,34.9719512195122,True
2025,Singapore Grand Prix,FP1,GAS,10,Alpine,18.0,5.0,SOFT,5.0,False,139.085,58.235,51.598,29.252,,1,,False,True,True,,,8.5,28.829268292682926,34.9719512195122,True
2025,Singapore Grand Prix,FP1,GAS,10,Alpine,19.0,5.0,SOFT,6.0,False,92.378,27.416,38.813,26.149,,1,,True,False,True,,,8.5,28.829268292682926,34.9719512195122,True
2025,Singapore Grand Prix,FP1,GAS,10,Alpine,20.0,5.0,SOFT,7.0,False,110.055,32.908,42.617,34.53,,1,,False,True,True,,,8.5,28.829268292682926,34.9719512195122,True
2025,Singapore Grand Prix,FP1,GAS,10,Alpine,21.0,6.0,HARD,14.0,False,119.966,48.233,43.618,28.115,,1,,False,True,True,,,8.5,28.829268292682926,34.9719512195122,True
2025,Singapore Grand Prix,FP1,GAS,10,Alpine,22.0,6.0,HARD,15.0,False,98.365,28.82,40.892,28.653,,1,,True,False,True,,,8.5,28.829268292682926,34.9719512195122,True
2025,Singapore Grand Prix,FP1,GAS,10,Alpine,23.0,6.0,HARD,16.0,False,96.159,28.532,40.352,27.275,,1,,True,False,True,,,8.5,28.829268292682926,34.9719512195122,True
2025,Singapore Grand Prix,FP1,GAS,10,Alpine,24.0,6.0,HARD,17.0,False,96.899,28.351,40.882,27.666,,1,,True,False,True,,,8.5,28.829268292682926,34.9719512195122,True
2025,Singapore Grand Prix,FP1,GAS,10,Alpine,25.0,6.0,HARD,18.0,False,,39.911,61.12,49.798,,1,,False,False,True,,,8.5,28.829268292682926,34.9719512195122,True
2025,Singapore Grand Prix,FP1,GAS,10,Alpine,26.0,6.0,HARD,19.0,False,125.232,50.222,42.264,32.746,,1,,False,True,True,,,8.5,28.829268292682926,34.9719512195122,True
2025,Singapore Grand Prix,FP1,ANT,12,Mercedes,1.0,1.0,HARD,1.0,True,,,48.74,30.86,,1,,False,True,True,,,8.5,28.829268292682926,34.9719512195122,True
2025,Singapore Grand Prix,FP1,ANT,12,Mercedes,2.0,1.0,HARD,2.0,True,97.506,28.607,41.532,27.367,,1,,True,False,True,,,8.5,28.829268292682926,34.9719512195122,True
2025,Singapore Grand Prix,FP1,ANT,12,Mercedes,3.0,1.0,HARD,3.0,True,,47.644,67.012,36.072,,1,,False,False,True,,,8.5,28.829268292682926,34.9719512195122,True
2025,Singapore Grand Prix,FP1,ANT,12,Mercedes,4.0,1.0,HARD,4.0,True,95.05,28.204,40.042,26.804,,1,,True,False,True,,,8.5,28.829268292682926,34.9719512195122,True
2025,Singapore Grand Prix,FP1,ANT,12,Mercedes,5.0,1.0,HARD,5.0,True,,57.279,64.76,40.607,,1,,False,False,True,,,8.5,28.829268292682926,34.9719512195122,True
2025,Singapore Grand Prix,FP1,ANT,12,Mercedes,6.0,1.0,HARD,6.0,True,93.65,27.733,39.579,26.338,,1,,True,False,True,,,8.5,28.829268292682926,34.9719512195122,True
2025,Singapore Grand Prix,FP1,ANT,12,Mercedes,7.0,1.0,HARD,7.0,True,,49.384,66.083,35.112,,12,,False,False,False,,,8.5,28.829268292682926,34.9719512195122,True
2025,Singapore Grand Prix,FP1,ANT,12,Mercedes,8.0,1.0,HARD,8.0,True,93.435,27.67,39.249,26.516,,1,,True,False,True,,,8.5,28.829268292682926,34.9719512195122,True
2025,Singapore Grand Prix,FP1,ANT,12,Mercedes,9.0,1.0,HARD,9.0,True,111.008,32.001,44.242,34.765,,1,,False,True,True,,,8.5,28.829268292682926,34.9719512195122,True
2025,Singapore Grand Prix,FP1,ANT,12,Mercedes,10.0,2.0,MEDIUM,1.0,True,,,48.635,29.286,,1,,False,True,True,,,8.5,28.829268292682926,34.9719512195122,True
2025,Singapore Grand Prix,FP1,ANT,12,Mercedes,11.0,2.0,MEDIUM,2.0,True,92.592,27.487,38.802,26.303,,1,,True,False,True,,,8.5,28.829268292682926,34.9719512195122,True
2025,Singapore Grand Prix,FP1,ANT,12,Mercedes,12.0,2.0,MEDIUM,3.0,True,,50.06,71.348,43.854,,1,,False,True,True,,,8.5,28.829268292682926,34.9719512195122,True
2025,Singapore Grand Prix,FP1,ANT,12,Mercedes,13.0,3.0,MEDIUM,4.0,False,,65.702,59.644,30.572,,1,,False,True,True,,,8.5,28.829268292682926,34.9719512195122,True
2025,Singapore Grand Prix,FP1,ANT,12,Mercedes,14.0,3.0,MEDIUM,5.0,False,93.016,27.615,39.07,26.331,,1,,True,False,True,,,8.5,28.829268292682926,34.9719512195122,True
2025,Singapore Grand Prix,FP1,ANT,12,Mercedes,15.0,3.0,MEDIUM,6.0,False,,51.275,64.786,44.924,,1,,False,True,True,,,8.5,28.829268292682926,34.9719512195122,True
2025,Singapore Grand Prix,FP1,ANT,12,Mercedes,16.0,4.0,MEDIUM,7.0,False,,,49.716,32.106,,1,,False,True,True,,,8.5,28.829268292682926,34.9719512195122,True
2025,Singapore Grand Prix,FP1,ANT,12,Mercedes,17.0,4.0,MEDIUM,8.0,False,92.399,27.492,38.696,26.211,,1,,True,False,True,,,8.5,28.829268292682926,34.9719512195122,True
2025,Singapore Grand Prix,FP1,ANT,12,Mercedes,18.0,4.0,MEDIUM,9.0,False,116.624,32.65,46.705,37.269,,1,,False,True,True,,,8.5,28.829268292682926,34.9719512195122,True
2025,Singapore Grand Prix,FP1,ANT,12,Mercedes,19.0,5.0,MEDIUM,10.0,False,,,42.325,27.751,,1,,False,True,True,,,8.5,28.829268292682926,34.9719512195122,True
2025,Singapore Grand Prix,FP1,ANT,12,Mercedes,20.0,5.0,MEDIUM,11.0,False,97.387,29.031,40.874,27.482,,1,,True,False,True,,,8.5,28.829268292682926,34.9719512195122,True
2025,Singapore Grand Prix,FP1,ANT,12,Mercedes,21.0,5.0,MEDIUM,12.0,False,101.829,29.072,41.089,31.668,,1,,True,False,True,,,8.5,28.829268292682926,34.9719512195122,True
2025,Singapore Grand Prix,FP1,ANT,12,Mercedes,22.0,5.0,MEDIUM,13.0,False,97.156,28.937,40.805,27.414,,1,,True,False,True,,,8.5,28.829268292682926,34.9719512195122,True
2025,Singapore Grand Prix,FP1,ANT,12,Mercedes,23.0,5.0,MEDIUM,14.0,False,144.059,37.643,57.01,49.406,,1,,True,False,True,,,8.5,28.829268292682926,34.9719512195122,True
2025,Singapore Grand Prix,FP1,ANT,12,Mercedes,24.0,5.0,MEDIUM,15.0,False,149.937,62.991,50.776,36.17,,1,,False,True,True,,,8.5,28.829268292682926,34.9719512195122,True
2025,Singapore Grand Prix,FP1,ALO,14,Aston Martin,1.0,1.0,MEDIUM,1.0,True,,,52.98,39.598,,1,,False,True,True,,,8.5,28.829268292682926,34.9719512195122,True
2025,Singapore Grand Prix,FP1,ALO,14,Aston Martin,2.0,1.0,MEDIUM,2.0,True,98.202,28.86,41.744,27.598,,1,,True,False,True,,,8.5,28.829268292682926,34.9719512195122,True
2025,Singapore Grand Prix,FP1,ALO,14,Aston Martin,3.0,1.0,MEDIUM,3.0,True,122.337,35.377,46.756,40.204,,1,,True,False,True,,,8.5,28.829268292682926,34.9719512195122,True
2025,Singapore Grand Prix,FP1,ALO,14,Aston Martin,4.0,1.0,MEDIUM,4.0,True,93.608,27.691,39.529,26.388,,1,,True,False,True,,,8.5,28.829268292682926,34.9719512195122,True
2025,Singapore Grand Prix,FP1,ALO,14,Aston Martin,5.0,1.0,MEDIUM,5.0,True,146.505,46.198,59.939,40.368,,1,,True,False,True,,,8.5,28.829268292682926,34.9719512195122,True
2025,Singapore Grand Prix,FP1,ALO,14,Aston Martin,6.0,1.0,MEDIUM,6.0,True,92.592,27.432,38.957,26.203,,1,,True,False,True,,,8.5,28.829268292682926,34.9719512195122,True
2025,Singapore Grand Prix,FP1,ALO,14,Aston Martin,7.0,1.0,MEDIUM,7.0,True,131.938,38.284,54.897,38.757,,1,,False,True,True,,,8.5,28.829268292682926,34.9719512195122,True
2025,Singapore Grand Prix,FP1,ALO,14,Aston Martin,8.0,2.0,MEDIUM,8.0,False,,,51.64,35.353,,12,,False,True,False,,,8.5,28.829268292682926,34.9719512195122,True
2025,Singapore Grand Prix,FP1,ALO,14,Aston Martin,9.0,2.0,MEDIUM,9.0,False,92.678,27.429,38.925,26.324,,1,,True,False,True,,,8.5,28.829268292682926,34.9719512195122,True
2025,Singapore Grand Prix,FP1,ALO,14,Aston Martin,10.0,2.0,MEDIUM,10.0,False,133.109,42.917,57.064,33.128,,1,,True,False,True,,,8.5,28.829268292682926,34.9719512195122,True
2025,Singapore Grand Prix,FP1,ALO,14,Aston Martin,11.0,2.0,MEDIUM,11.0,False,92.054,27.31,38.631,26.113,,1,,True,False,True,,,8.5,28.829268292682926,34.9719512195122,True
2025,Singapore Grand Prix,FP1,ALO,14,Aston Martin,12.0,2.0,MEDIUM,12.0,False,132.991,39.179,52.676,41.136,,1,,False,True,True,,,8.5,28.829268292682926,34.9719512195122,True
2025,Singapore Grand Prix,FP1,ALO,14,Aston Martin,13.0,3.0,SOFT,1.0,True,,,50.852,38.758,,1,,False,True,True,,,8.5,28.829268292682926,34.9719512195122,True
2025,Singapore Grand Prix,FP1,ALO,14,Aston Martin,14.0,3.0,SOFT,2.0,True,103.658,27.278,38.853,37.527,,1,,True,False,True,,,8.5,28.829268292682926,34.9719512195122,True
2025,Singapore Grand Prix,FP1,ALO,14,Aston Martin,15.0,3.0,SOFT,3.0,True,122.78,35.255,52.927,34.598,,1,,True,False,True,,,8.5,28.829268292682926,34.9719512195122,True
2025,Singapore Grand Prix,FP1,ALO,14,Aston Martin,16.0,3.0,SOFT,4.0,True,91.117,27.072,38.351,25.694,,1,,True,False,True,,,8.5,28.829268292682926,34.9719512195122,True
2025,Singapore Grand Prix,FP1,ALO,14,Aston Martin,17.0,3.0,SOFT,5.0,True,143.605,44.714,66.084,32.807,,1,,True,False,True,,,8.5,28.829268292682926,34.9719512195122,True
2025,Singapore Grand Prix,FP1,ALO,14,Aston Martin,18.0,3.0,SOFT,6.0,True,91.116,27.042,38.247,25.826999999999998,,1,,True,False,True,,,8.5,28.829268292682926,34.9719512195122,True
2025,Singapore Grand Prix,FP1,ALO,14,Aston Martin,19.0,3.0,SOFT,7.0,True,112.299,31.988,45.74,34.571,,1,,False,True,True,,,8.5,28.829268292682926,34.9719512195122,True
2025,Singapore Grand Prix,FP1,ALO,14,Aston Martin,20.0,4.0,SOFT,8.0,False,,,51.358,37.514,,1,,False,True,True,,,8.5,28.829268292682926,34.9719512195122,True
2025,Singapore Grand Prix,FP1,ALO,14,Aston Martin,21.0,4.0,SOFT,9.0,False,91.405,27.116,38.488,25.801,,1,,True,False,True,,,8.5,28.829268292682926,34.9719512195122,True
2025,Singapore Grand Prix,FP1,ALO,14,Aston Martin,22.0,4.0,SOFT,10.0,False,132.258,33.208,53.198,45.852,,1,,True,False,True,,,8.5,28.829268292682926,34.9719512195122,True
2025,Singapore Grand Prix,FP1,ALO,14,Aston Martin,23.0,4.0,SOFT,11.0,False,143.954,58.045,48.431,37.478,,1,,False,True,True,,,8.5,28.829268292682926,34.9719512195122,True
2025,Singapore Grand Prix,FP1,LEC,16,Ferrari,1.0,1.0,HARD,1.0,True,,,51.496,34.621,,1,,False,True,True,,,8.5,28.829268292682926,34.9719512195122,True
2025,Singapore Grand Prix,FP1,LEC,16,Ferrari,2.0,1.0,HARD,2.0,True,96.421,28.424,40.834,27.163,,1,,True,False,True,,,8.5,28.829268292682926,34.9719512195122,True
2025,Singapore Grand Prix,FP1,LEC,16,Ferrari,3.0,1.0,HARD,3.0,True,,44.102,63.956,47.643,,1,,False,False,True,,,8.5,28.829268292682926,34.9719512195122,True
2025,Singapore Grand Prix,FP1,LEC,16,Ferrari,4.0,1.0,HARD,4.0,True,115.461,27.872,43.818,43.771,,1,,True,False,True,,,8.5,28.829268292682926,34.9719512195122,True
2025,Singapore Grand Prix,FP1,LEC,16,Ferrari,5.0,1.0,HARD,5.0,True,93.804,27.815,39.479,26.51,,1,,True,False,True,,,8.5,28.829268292682926,34.9719512195122,True
2025,Singapore Grand Prix,FP1,LEC,16,Ferrari,6.0,1.0,HARD,6.0,True,,47.379,70.82,43.711,,1,,False,False,True,,,8.5,28.829268292682926,34.9719512195122,True
2025,Singapore Grand Prix,FP1,LEC,16,Ferrari,7.0,1.0,HARD,7.0,True,93.179,27.668,39.184,26.327,,1,,True,False,True,,,8.5,28.829268292682926,34.9719512195122,True
2025,Singapore Grand Prix,FP1,LEC,16,Ferrari,8.0,1.0,HARD,8.0,True,142.01,42.38,63.828,35.802,,12,,True,False,False,,,8.5,28.829268292682926,34.9719512195122,True
2025,Singapore Grand Prix,FP1,LEC,16,Ferrari,9.0,1.0,HARD,9.0,True,92.6,27.501,38.847,26.252,,1,,True,False,True,,,8.5,28.829268292682926,34.9719512195122,True
2025,Singapore Grand Prix,FP1,LEC,16,Ferrari,10.0,1.0,HARD,10.0,True,,41.93,65.463,44.215,,1,,False,False,True,,,8.5,28.829268292682926,34.9719512195122,True
2025,Singapore Grand Prix,FP1,LEC,16,Ferrari,11.0,1.0,HARD,11.0,True,111.468,27.431,39.25,44.787,,1,,False,True,True,,,8.5,28.829268292682926,34.9719512195122,True
2025,Singapore Grand Prix,FP1,LEC,16,Ferrari,12.0,2.0,SOFT,1.0,True,,,52.466,29.298,,1,,False,True,True,,,8.5,28.829268292682926,34.9719512195122,True
2025,Singapore Grand Prix,FP1,LEC,16,Ferrari,13.0,2.0,SOFT,2.0,True,91.266,27.209,38.332,25.725,,1,,True,False,True,,,8.5,28.829268292682926,34.9719512195122,True
2025,Singapore Grand Prix,FP1,LEC,16,Ferrari,14.0,2.0,SOFT,3.0,True,,40.816,65.475,47.293,,1,,False,True,True,,,8.5,28.829268292682926,34.9719512195122,True
2025,Singapore Grand Prix,FP1,LEC,16,Ferrari,15.0,3.0,SOFT,4.0,False,,80.347,48.066,29.872,,1,,False,True,True,,,8.5,28.829268292682926,34.9719512195122,True
2025,Singapore Grand Prix,FP1,LEC,16,Ferrari,16.0,3.0,SOFT,5.0,False,111.033,27.059,47.58,36.394,,1,,True,False,True,,,8.5,28.829268292682926,34.9719512195122,True
2025,Singapore Grand Prix,FP1,LEC,16,Ferrari,17.0,3.0,SOFT,6.0,False,106.182,27.327,42.424,36.431,,1,,False,True,True,,,8.5,28.829268292682926,34.9719512195122,True
2025,Singapore Grand Prix,FP1,LEC,16,Ferrari,18.0,4.0,SOFT,7.0,False,,,43.83,27.829,,1,,False,True,True,,,8.5,28.829268292682926,34.9719512195122,True
2025,Singapore Grand Prix,FP1,LEC,16,Ferrari,19.0,4.0,SOFT,8.0,False,95.64,28.362,40.208,27.07,,1,,True,False,True,,,8.5,28.829268292682926,34.9719512195122,True
2025,Singapore Grand Prix,FP1,LEC,16,Ferrari,20.0,4.0,SOFT,9.0,False,96.545,28.603,40.61,27.332,,1,,True,False,True,,,8.5,28.829268292682926,34.9719512195122,True
2025,Singapore Grand Prix,FP1,LEC,16,Ferrari,21.0,4.0,SOFT,10.0,False,102.372,28.45,41.454,32.468,,1,,True,False,True,,,8.5,28.829268292682926,34.9719512195122,True
2025,Singapore Grand Prix,FP1,LEC,16,Ferrari,22.0,4.0,SOFT,11.0,False,96.565,28.826999999999998,40.521,27.217,,1,,True,False,True,,,8.5,28.829268292682926,34.9719512195122,True
2025,Singapore Grand Prix,FP1,LEC,16,Ferrari,23.0,4.0,SOFT,12.0,False,96.731,28.636,40.928,27.167,,1,,True,False,True,,,8.5,28.829268292682926,34.9719512195122,True
2025,Singapore Grand Prix,FP1,LEC,16,Ferrari,24.0,4.0,SOFT,13.0,False,,41.445,61.031,48.134,,1,,False,False,True,,,8.5,28.829268292682926,34.9719512195122,True
2025,Singapore Grand Prix,FP1,LEC,16,Ferrari,25.0,4.0,SOFT,14.0,False,144.274,57.092,51.87,35.312,,1,,False,True,True,,,8.5,28.829268292682926,34.9719512195122,True
2025,Singapore Grand Prix,FP1,STR,18,Aston Martin,1.0,1.0,MEDIUM,1.0,True,,,48.644,40.451,,1,,False,True,True,,,8.5,28.829268292682926,34.9719512195122,True
2025,Singapore Grand Prix,FP1,STR,18,Aston Martin,2.0,1.0,MEDIUM,2.0,True,99.176,29.363,42.243,27.57,,1,,True,False,True,,,8.5,28.829268292682926,34.9719512195122,True
2025,Singapore Grand Prix,FP1,STR,18,Aston Martin,3.0,1.0,MEDIUM,3.0,True,96.226,28.641,40.501,27.084,,1,,True,False,True,,,8.5,28.829268292682926,34.9719512195122,True
2025,Singapore Grand Prix,FP1,STR,18,Aston Martin,4.0,1.0,MEDIUM,4.0,True,100.637,33.047,40.535,27.055,,1,,True,False,True,,,8.5,28.829268292682926,34.9719512195122,True
2025,Singapore Grand Prix,FP1,STR,18,Aston Martin,5.0,1.0,MEDIUM,5.0,True,,48.041,72.79,37.554,,1,,False,False,True,,,8.5,28.829268292682926,34.9719512195122,True
2025,Singapore Grand Prix,FP1,STR,18,Aston Martin,6.0,1.0,MEDIUM,6.0,True,93.989,27.789,39.719,26.481,,1,,True,False,True,,,8.5,28.829268292682926,34.9719512195122,True
2025,Singapore Grand Prix,FP1,STR,18,Aston Martin,7.0,1.0,MEDIUM,7.0,True,109.753,30.111,43.356,36.286,,1,,False,True,True,,,8.5,28.829268292682926,34.9719512195122,True
2025,Singapore Grand Prix,FP1,STR,18,Aston Martin,8.0,2.0,SOFT,1.0,True,,,43.47,29.143,,12,,False,True,False,,,8.5,28.829268292682926,34.9719512195122,True
2025,Singapore Grand Prix,FP1,STR,18,Aston Martin,9.0,2.0,SOFT,2.0,True,93.034,27.53,39.14,26.364,,1,,True,False,True,,,8.5,28.829268292682926,34.9719512195122,True
2025,Singapore Grand Prix,FP1,STR,18,Aston Martin,10.0,2.0,SOFT,3.0,True,,53.266,77.898,50.036,,1,,False,False,True,,,8.5,28.829268292682926,34.9719512195122,True
2025,Singapore Grand Prix,FP1,STR,18,Aston Martin,11.0,2.0,SOFT,4.0,True,142.47,46.486,61.571,34.413,,1,,True,False,True,,,8.5,28.829268292682926,34.9719512195122,True
2025,Singapore Grand Prix,FP1,STR,18,Aston Martin,12.0,2.0,SOFT,5.0,True,145.591,38.794,65.16,41.637,,1,,True,False,True,,,8.5,28.829268292682926,34.9719512195122,True
2025,Singapore Grand Prix,FP1,STR,18,Aston Martin,13.0,2.0,SOFT,6.0,True,116.247,27.635,48.471,40.141,,1,,False,True,True,,,8.5,28.829268292682926,34.9719512195122,True
2025,Singapore Grand Prix,FP1,STR,18,Aston Martin,14.0,3.0,MEDIUM,8.0,False,,,44.287,28.699,,1,,False,True,True,,,8.5,28.829268292682926,34.9719512195122,True
2025,Singapore Grand Prix,FP1,STR,18,Aston Martin,15.0,3.0,MEDIUM,9.0,False,102.356,27.944,40.083,34.329,,1,,True,False,True,,,8.5,28.829268292682926,34.9719512195122,True
2025,Singapore Grand Prix,FP1,STR,18,Aston Martin,16.0,3.0,MEDIUM,10.0,False,94.384,28.082,39.598,26.704,,1,,True,False,True,,,8.5,28.829268292682926,34.9719512195122,True
2025,Singapore Grand Prix,FP1,STR,18,Aston Martin,17.0,3.0,MEDIUM,11.0,False,113.317,40.602,46.214,26.501,,1,,True,False,True,,,8.5,28.829268292682926,34.9719512195122,True
2025,Singapore Grand Prix,FP1,STR,18,Aston Martin,18.0,3.0,MEDIUM,12.0,False,108.219,27.859,42.059,38.301,,1,,False,True,True,,,8.5,28.829268292682926,34.9719512195122,True
2025,Singapore Grand Prix,FP1,TSU,22,Red Bull Racing,1.0,1.0,HARD,1.0,True,,,47.049,30.237,,1,,False,True,True,,,8.5,28.829268292682926,34.9719512195122,True
2025,Singapore Grand Prix,FP1,TSU,22,Red Bull Racing,2.0,1.0,HARD,2.0,True,96.781,28.499,40.916,27.366,,1,,True,False,True,,,8.5,28.829268292682926,34.9719512195122,True
2025,Singapore Grand Prix,FP1,TSU,22,Red Bull Racing,3.0,1.0,HARD,3.0,True,,56.831,68.534,31.318,,1,,False,False,True,,,8.5,28.829268292682926,34.9719512195122,True
2025,Singapore Grand Prix,FP1,TSU,22,Red Bull Racing,4.0,1.0,HARD,4.0,True,94.523,28.013,39.727,26.783,,1,,True,False,True,,,8.5,28.829268292682926,34.9719512195122,True
2025,Singapore Grand Prix,FP1,TSU,22,Red Bull Racing,5.0,1.0,HARD,5.0,True,,51.74,70.98,36.704,,1,,False,False,True,,,8.5,28.829268292682926,34.9719512195122,True
2025,Singapore Grand Prix,FP1,TSU,22,Red Bull Racing,6.0,1.0,HARD,6.0,True,94.031,28.121,39.413,26.497,,1,,True,False,True,,,8.5,28.829268292682926,34.9719512195122,True
2025,Singapore Grand Prix,FP1,TSU,22,Red Bull Racing,7.0,1.0,HARD,7.0,True,,54.125,65.37,41.541,,12,,False,True,False,,,8.5,28.829268292682926,34.9719512195122,True
2025,Singapore Grand Prix,FP1,TSU,22,Red Bull Racing,8.0,2.0,HARD,8.0,False,138.044,58.08,49.479,30.485,,1,,False,True,True,,,8.5,28.829268292682926,34.9719512195122,True
2025,Singapore Grand Prix,FP1,TSU,22,Red Bull Racing,9.0,2.0,HARD,9.0,False,126.078,27.708,54.554,43.816,,1,,True,False,True,,,8.5,28.829268292682926,34.9719512195122,True
2025,Singapore Grand Prix,FP1,TSU,22,Red Bull Racing,10.0,2.0,HARD,10.0,False,111.33,31.08,48.427,31.823,,1,,True,False,True,,,8.5,28.829268292682926,34.9719512195122,True
2025,Singapore Grand Prix,FP1,TSU,22,Red Bull Racing,11.0,2.0,HARD,11.0,False,92.722,27.423,38.929,26.37,,1,,True,False,True,,,8.5,28.829268292682926,34.9719512195122,True
2025,Singapore Grand Prix,FP1,TSU,22,Red Bull Racing,12.0,2.0,HARD,12.0,False,117.958,33.183,48.327,36.448,,1,,False,True,True,,,8.5,28.829268292682926,34.9719512195122,True
2025,Singapore Grand Prix,FP1,TSU,22,Red Bull Racing,13.0,3.0,SOFT,1.0,True,,,50.742,37.797,,1,,False,True,True,,,8.5,28.829268292682926,34.9719512195122,True
2025,Singapore Grand Prix,FP1,TSU,22,Red Bull Racing,14.0,3.0,SOFT,2.0,True,124.761,27.449,52.599,44.713,,1,,False,True,True,,,8.5,28.829268292682926,34.9719512195122,True
2025,Singapore Grand Prix,FP1,TSU,22,Red Bull Racing,15.0,4.0,SOFT,3.0,False,,64.221,59.44,30.868,,1,,False,True,True,,,8.5,28.829268292682926,34.9719512195122,True
2025,Singapore Grand Prix,FP1,TSU,22,Red Bull Racing,16.0,4.0,SOFT,4.0,False,92.399,27.442,38.791,26.166,,1,,True,False,True,,,8.5,28.829268292682926,34.9719512195122,True
2025,Singapore Grand Prix,FP1,TSU,22,Red Bull Racing,17.0,4.0,SOFT,5.0,False,,43.852,60.465,49.684,,1,,False,False,True,,,8.5,28.829268292682926,34.9719512195122,True
2025,Singapore Grand Prix,FP1,TSU,22,Red Bull Racing,18.0,4.0,SOFT,6.0,False,136.222,47.373,59.355,29.494,,1,,True,False,True,,,8.5,28.829268292682926,34.9719512195122,True
2025,Singapore Grand Prix,FP1,TSU,22,Red Bull Racing,19.0,4.0,SOFT,7.0,False,91.86,27.336,38.563,25.961,,1,,True,False,True,,,8.5,28.829268292682926,34.9719512195122,True
2025,Singapore Grand Prix,FP1,TSU,22,Red Bull Racing,20.0,4.0,SOFT,8.0,False,112.113,32.086,44.237,35.79,,1,,False,True,True,,,8.5,28.829268292682926,34.9719512195122,True
2025,Singapore Grand Prix,FP1,TSU,22,Red Bull Racing,21.0,5.0,HARD,13.0,False,,,41.453,28.055,,1,,False,True,True,,,8.5,28.829268292682926,34.9719512195122,True
2025,Singapore Grand Prix,FP1,TSU,22,Red Bull Racing,22.0,5.0,HARD,14.0,False,100.68,28.997,40.829,30.854,,1,,True,False,True,,,8.5,28.829268292682926,34.9719512195122,True
2025,Singapore Grand Prix,FP1,TSU,22,Red Bull Racing,23.0,5.0,HARD,15.0,False,96.796,28.895,40.592,27.309,,1,,True,False,True,,,8.5,28.829268292682926,34.9719512195122,True
2025,Singapore Grand Prix,FP1,TSU,22,Red Bull Racing,24.0,5.0,HARD,16.0,False,143.429,29.335,51.903,62.191,,1,,True,False,True,,,8.5,28.829268292682926,34.9719512195122,True
2025,Singapore Grand Prix,FP1,TSU,22,Red Bull Racing,25.0,5.0,HARD,17.0,False,,57.898,71.059,40.873,,1,,False,True,True,,,8.5,28.829268292682926,34.9719512195122,True
2025,Singapore Grand Prix,FP1,ALB,23,Williams,1.0,1.0,HARD,1.0,True,,,51.3,29.663,,1,,False,True,True,,,8.5,28.829268292682926,34.9719512195122,True
2025,Singapore Grand Prix,FP1,ALB,23,Williams,2.0,1.0,HARD,2.0,True,117.029,28.486,41.363,47.18,,1,,False,True,True,,,8.5,28.829268292682926,34.9719512195122,True
2025,Singapore Grand Prix,FP1,HUL,27,Kick Sauber,1.0,1.0,HARD,1.0,True,,,47.059,36.908,,1,,False,True,True,,,8.5,28.829268292682926,34.9719512195122,True
2025,Singapore Grand Prix,FP1,HUL,27,Kick Sauber,2.0,1.0,HARD,2.0,True,98.638,29.306,41.484,27.848,,1,,True,False,True,,,8.5,28.829268292682926,34.9719512195122,True
2025,Singapore Grand Prix,FP1,HUL,27,Kick Sauber,3.0,1.0,HARD,3.0,True,133.173,44.17,58.223,30.78,,1,,True,False,True,,,8.5,28.829268292682926,34.9719512195122,True
2025,Singapore Grand Prix,FP1,HUL,27,Kick Sauber,4.0,1.0,HARD,4.0,True,95.548,28.284,40.096,27.168,,1,,True,False,True,,,8.5,28.829268292682926,34.9719512195122,True
2025,Singapore Grand Prix,FP1,HUL,27,Kick Sauber,5.0,1.0,HARD,5.0,True,144.835,47.795,58.824,38.216,,1,,True,False,True,,,8.5,28.829268292682926,34.9719512195122,True
2025,Singapore Grand Prix,FP1,HUL,27,Kick Sauber,6.0,1.0,HARD,6.0,True,94.501,28.013,39.834,26.654,,1,,True,False,True,,,8.5,28.829268292682926,34.9719512195122,True
2025,Singapore Grand Prix,FP1,HUL,27,Kick Sauber,7.0,1.0,HARD,7.0,True,135.013,42.45,58.419,34.144,,1,,True,False,True,,,8.5,28.829268292682926,34.9719512195122,True
2025,Singapore Grand Prix,FP1,HUL,27,Kick Sauber,8.0,1.0,HARD,8.0,True,96.661,29.056,40.475,27.13,,1,,True,False,True,,,8.5,28.829268292682926,34.9719512195122,True
2025,Singapore Grand Prix,FP1,HUL,27,Kick Sauber,9.0,1.0,HARD,9.0,True,95.614,28.593,40.05,26.971,,12,,True,False,False,,,8.5,28.829268292682926,34.9719512195122,True
2025,Singapore Grand Prix,FP1,HUL,27,Kick Sauber,10.0,1.0,HARD,10.0,True,95.876,28.47,40.197,27.209,,1,,True,False,True,,,8.5,28.829268292682926,34.9719512195122,True
2025,Singapore Grand Prix,FP1,HUL,27,Kick Sauber,11.0,1.0,HARD,11.0,True,95.948,28.534,40.186,27.228,,1,,True,False,True,,,8.5,28.829268292682926,34.9719512195122,True
2025,Singapore Grand Prix,FP1,HUL,27,Kick Sauber,12.0,1.0,HARD,12.0,True,95.923,28.549,40.208,27.166,,1,,True,False,True,,,8.5,28.829268292682926,34.9719512195122,True
2025,Singapore Grand Prix,FP1,HUL,27,Kick Sauber,13.0,1.0,HARD,13.0,True,102.725,28.637,40.781,33.307,,1,,False,True,True,,,8.5,28.829268292682926,34.9719512195122,True
2025,Singapore Grand Prix,FP1,HUL,27,Kick Sauber,14.0,2.0,SOFT,1.0,True,,,52.409,31.254,,1,,False,True,True,,,8.5,28.829268292682926,34.9719512195122,True
2025,Singapore Grand Prix,FP1,HUL,27,Kick Sauber,15.0,2.0,SOFT,2.0,True,92.519,27.716,38.744,26.059,,1,,True,False,True,,,8.5,28.829268292682926,34.9719512195122,True
2025,Singapore Grand Prix,FP1,HUL,27,Kick Sauber,16.0,2.0,SOFT,3.0,True,144.521,42.879,56.659,44.983,,1,,False,True,True,,,8.5,28.829268292682926,34.9719512195122,True
2025,Singapore Grand Prix,FP1,HUL,27,Kick Sauber,17.0,3.0,SOFT,4.0,False,140.532,53.498,53.607,33.427,,1,,False,True,True,,,8.5,28.829268292682926,34.9719512195122,True
2025,Singapore Grand Prix,FP1,HUL,27,Kick Sauber,18.0,3.0,SOFT,5.0,False,92.315,27.578,38.665,26.072,,1,,True,False,True,,,8.5,28.829268292682926,34.9719512195122,True
2025,Singapore Grand Prix,FP1,HUL,27,Kick Sauber,19.0,3.0,SOFT,6.0,False,144.57,45.507,59.475,39.588,,1,,True,False,True,,,8.5,28.829268292682926,34.9719512195122,True
2025,Singapore Grand Prix,FP1,HUL,27,Kick Sauber,20.0,3.0,SOFT,7.0,False,127.002,40.763,54.843,31.396,,1,,True,False,True,,,8.5,28.829268292682926,34.9719512195122,True
2025,Singapore Grand Prix,FP1,HUL,27,Kick Sauber,21.0,3.0,SOFT,8.0,False,92.8,27.683,38.643,26.474,,1,,True,False,True,,,8.5,28.829268292682926,34.9719512195122,True
2025,Singapore Grand Prix,FP1,HUL,27,Kick Sauber,22.0,3.0,SOFT,9.0,False,112.737,37.993,47.372,27.372,,1,,True,False,True,,,8.5,28.829268292682926,34.9719512195122,True
2025,Singapore Grand Prix,FP1,HUL,27,Kick Sauber,23.0,3.0,SOFT,10.0,False,95.279,28.532,39.92,26.826999999999998,,1,,True,False,True,,,8.5,28.829268292682926,34.9719512195122,True
2025,Singapore Grand Prix,FP1,HUL,27,Kick Sauber,24.0,3.0,SOFT,11.0,False,95.43,28.535,40.11,26.785,,1,,True,False,True,,,8.5,28.829268292682926,34.9719512195122,True
2025,Singapore Grand Prix,FP1,HUL,27,Kick Sauber,25.0,3.0,SOFT,12.0,False,96.167,28.552,40.459,27.156,,1,,True,False,True,,,8.5,28.829268292682926,34.9719512195122,True
2025,Singapore Grand Prix,FP1,HUL,27,Kick Sauber,26.0,3.0,SOFT,13.0,False,95.611,28.576999999999998,40.081,26.953,,1,,True,False,True,,,8.5,28.829268292682926,34.9719512195122,True
2025,Singapore Grand Prix,FP1,HUL,27,Kick Sauber,27.0,3.0,SOFT,14.0,False,95.033,28.407,39.789,26.837,,1,,True,False,True,,,8.5,28.829268292682926,34.9719512195122,True
2025,Singapore Grand Prix,FP1,HUL,27,Kick Sauber,28.0,3.0,SOFT,15.0,False,147.093,36.567,55.9,54.626,,1,,True,False,True,,,8.5,28.829268292682926,34.9719512195122,True
2025,Singapore Grand Prix,FP1,HUL,27,Kick Sauber,29.0,3.0,SOFT,16.0,False,131.182,54.353,42.705,34.124,,1,,False,True,True,,,8.5,28.829268292682926,34.9719512195122,True
2025,Singapore Grand Prix,FP1,LAW,30,Racing Bulls,1.0,1.0,HARD,1.0,True,,,48.36,30.481,,1,,False,True,True,,,8.5,28.829268292682926,34.9719512195122,True
2025,Singapore Grand Prix,FP1,LAW,30,Racing Bulls,2.0,1.0,HARD,2.0,True,98.637,29.168,41.647,27.822,,1,,True,False,True,,,8.5,28.829268292682926,34.9719512195122,True
2025,Singapore Grand Prix,FP1,LAW,30,Racing Bulls,3.0,1.0,HARD,3.0,True,95.918,28.528,40.418,26.972,,1,,True,False,True,,,8.5,28.829268292682926,34.9719512195122,True
2025,Singapore Grand Prix,FP1,LAW,30,Racing Bulls,4.0,1.0,HARD,4.0,True,,47.464,69.528,41.598,,1,,False,False,True,,,8.5,28.829268292682926,34.9719512195122,True
2025,Singapore Grand Prix,FP1,LAW,30,Racing Bulls,5.0,1.0,HARD,5.0,True,94.46,28.125,39.558,26.777,,1,,True,False,True,,,8.5,28.829268292682926,34.9719512195122,True
2025,Singapore Grand Prix,FP1,LAW,30,Racing Bulls,6.0,1.0,HARD,6.0,True,,55.908,67.342,43.747,,1,,False,False,True,,,8.5,28.829268292682926,34.9719512195122,True
2025,Singapore Grand Prix,FP1,LAW,30,Racing Bulls,7.0,1.0,HARD,7.0,True,110.416,27.921,45.009,37.486,,1,,False,True,True,,,8.5,28.829268292682926,34.9719512195122,True
2025,Singapore Grand Prix,FP1,LAW,30,Racing Bulls,8.0,2.0,HARD,8.0,False,,65.119,59.388,41.629,,12,,False,True,False,,,8.5,28.829268292682926,34.9719512195122,True
2025,Singapore Grand Prix,FP1,LAW,30,Racing Bulls,9.0,2.0,HARD,9.0,False,109.822,27.771,39.664,42.387,,1,,True,False,True,,,8.5,28.829268292682926,34.9719512195122,True
2025,Singapore Grand Prix,FP1,LAW,30,Racing Bulls,10.0,2.0,HARD,10.0,False,127.138,36.478,57.724,32.936,,1,,True,False,True,,,8.5,28.829268292682926,34.9719512195122,True
2025,Singapore Grand Prix,FP1,LAW,30,Racing Bulls,11.0,2.0,HARD,11.0,False,93.824,27.598,39.328,26.898,,1,,True,False,True,,,8.5,28.829268292682926,34.9719512195122,True
2025,Singapore Grand Prix,FP1,LAW,30,Racing Bulls,12.0,2.0,HARD,12.0,False,139.404,49.421,56.462,33.521,,1,,True,False,True,,,8.5,28.829268292682926,34.9719512195122,True
2025,Singapore Grand Prix,FP1,LAW,30,Racing Bulls,13.0,2.0,HARD,13.0,False,92.769,27.596,38.983,26.19,,1,,True,False,True,,,8.5,28.829268292682926,34.9719512195122,True
2025,Singapore Grand Prix,FP1,LAW,30,Racing Bulls,14.0,2.0,HARD,14.0,False,120.397,32.169,50.229,37.999,,1,,False,True,True,,,8.5,28.829268292682926,34.9719512195122,True
2025,Singapore Grand Prix,FP1,LAW,30,Racing Bulls,15.0,3.0,SOFT,1.0,True,,,51.031,30.294,,1,,False,True,True,,,8.5,28.829268292682926,34.9719512195122,True
2025,Singapore Grand Prix,FP1,LAW,30,Racing Bulls,16.0,3.0,SOFT,2.0,True,110.481,27.439,43.661,39.381,,1,,False,True,True,,,8.5,28.829268292682926,34.9719512195122,True
2025,Singapore Grand Prix,FP1,LAW,30,Racing Bulls,17.0,4.0,SOFT,3.0,False,,61.251,56.451,33.892,,1,,False,True,True,,,8.5,28.829268292682926,34.9719512195122,True
2025,Singapore Grand Prix,FP1,LAW,30,Racing Bulls,18.0,4.0,SOFT,4.0,False,92.461,27.491,38.859,26.111,,1,,True,False,True,,,8.5,28.829268292682926,34.9719512195122,True
2025,Singapore Grand Prix,FP1,LAW,30,Racing Bulls,19.0,4.0,SOFT,5.0,False,117.484,35.665,44.934,36.885,,1,,False,True,True,,,8.5,28.829268292682926,34.9719512195122,True
2025,Singapore Grand Prix,FP1,LAW,30,Racing Bulls,20.0,5.0,HARD,15.0,False,,,42.152,27.71,,1,,False,True,True,,,8.5,28.829268292682926,34.9719512195122,True
2025,Singapore Grand Prix,FP1,LAW,30,Racing Bulls,21.0,5.0,HARD,16.0,False,97.685,29.301,40.91,27.474,,1,,True,False,True,,,8.5,28.829268292682926,34.9719512195122,True
2025,Singapore Grand Prix,FP1,LAW,30,Racing Bulls,22.0,5.0,HARD,17.0,False,97.969,29.064,41.182,27.723,,1,,True,False,True,,,8.5,28.829268292682926,34.9719512195122,True
2025,Singapore Grand Prix,FP1,LAW,30,Racing Bulls,23.0,5.0,HARD,18.0,False,108.304,31.3,48.045,28.959,,1,,True,False,True,,,8.5,28.829268292682926,34.9719512195122,True
2025,Singapore Grand Prix,FP1,LAW,30,Racing Bulls,24.0,5.0,HARD,19.0,False,98.201,29.521,41.206,27.474,,1,,True,False,True,,,8.5,28.829268292682926,34.9719512195122,True
2025,Singapore Grand Prix,FP1,LAW,30,Racing Bulls,25.0,5.0,HARD,20.0,False,97.869,29.163,41.226,27.48,,1,,True,False,True,,,8.5,28.829268292682926,34.9719512195122,True
2025,Singapore Grand Prix,FP1,LAW,30,Racing Bulls,26.0,5.0,HARD,21.0,False,141.031,30.176,53.642,57.213,,1,,True,False,True,,,8.5,28.829268292682926,34.9719512195122,True
2025,Singapore Grand Prix,FP1,LAW,30,Racing Bulls,27.0,5.0,HARD,22.0,False,143.913,59.844,46.171,37.898,,1,,False,True,True,,,8.5,28.829268292682926,34.9719512195122,True
2025,Singapore Grand Prix,FP1,OCO,31,Haas F1 Team,1.0,1.0,HARD,1.0,True,,,50.42,30.507,,1,,False,True,True,,,8.5,28.829268292682926,34.9719512195122,True
2025,Singapore Grand Prix,FP1,OCO,31,Haas F1 Team,2.0,1.0,HARD,2.0,True,97.761,28.889,41.511,27.361,,1,,True,False,True,,,8.5,28.829268292682926,34.9719512195122,True
2025,Singapore Grand Prix,FP1,OCO,31,Haas F1 Team,3.0,1.0,HARD,3.0,True,,47.017,65.66,38.707,,1,,False,False,True,,,8.5,28.829268292682926,34.9719512195122,True
2025,Singapore Grand Prix,FP1,OCO,31,Haas F1 Team,4.0,1.0,HARD,4.0,True,95.596,28.413,40.314,26.869,,1,,True,False,True,,,8.5,28.829268292682926,34.9719512195122,True
2025,Singapore Grand Prix,FP1,OCO,31,Haas F1 Team,5.0,1.0,HARD,5.0,True,,47.786,60.809,41.548,,1,,False,False,True,,,8.5,28.829268292682926,34.9719512195122,True
2025,Singapore Grand Prix,FP1,OCO,31,Haas F1 Team,6.0,1.0,HARD,6.0,True,94.249,28.065,39.642,26.542,,1,,True,False,True,,,8.5,28.829268292682926,34.9719512195122,True
2025,Singapore Grand Prix,FP1,OCO,31,Haas F1 Team,7.0,1.0,HARD,7.0,True,147.668,43.227,67.112,37.329,,1,,True,False,True,,,8.5,28.829268292682926,34.9719512195122,True
2025,Singapore Grand Prix,FP1,OCO,31,Haas F1 Team,8.0,1.0,HARD,8.0,True,101.968,27.89,39.429,34.649,,12,,True,False,False,,,8.5,28.829268292682926,34.9719512195122,True
2025,Singapore Grand Prix,FP1,OCO,31,Haas F1 Team,9.0,1.0,HARD,9.0,True,134.998,38.713,56.655,39.63,,1,,True,False,True,,,8.5,28.829268292682926,34.9719512195122,True
2025,Singapore Grand Prix,FP1,OCO,31,Haas F1 Team,10.0,1.0,HARD,10.0,True,93.875,27.913,39.371,26.591,,1,,True,False,True,,,8.5,28.829268292682926,34.9719512195122,True
2025,Singapore Grand Prix,FP1,OCO,31,Haas F1 Team,11.0,1.0,HARD,11.0,True,137.766,33.496,58.428,45.842,,1,,False,True,True,,,8.5,28.829268292682926,34.9719512195122,True
2025,Singapore Grand Prix,FP1,OCO,31,Haas F1 Team,12.0,2.0,SOFT,1.0,True,,,48.8,32.288,,1,,False,True,True,,,8.5,28.829268292682926,34.9719512195122,True
2025,Singapore Grand Prix,FP1,OCO,31,Haas F1 Team,13.0,2.0,SOFT,2.0,True,92.677,27.616,38.8,26.261,,1,,True,False,True,,,8.5,28.829268292682926,34.9719512195122,True
2025,Singapore Grand Prix,FP1,OCO,31,Haas F1 Team,14.0,2.0,SOFT,3.0,True,141.567,40.85,57.51,43.207,,1,,False,True,True,,,8.5,28.829268292682926,34.9719512195122,True
2025,Singapore Grand Prix,FP1,OCO,31,Haas F1 Team,15.0,3.0,SOFT,4.0,False,,72.786,49.457,31.885,,1,,False,True,True,,,8.5,28.829268292682926,34.9719512195122,True
2025,Singapore Grand Prix,FP1,OCO,31,Haas F1 Team,16.0,3.0,SOFT,5.0,False,92.128,27.447,38.576,26.105,,1,,True,False,True,,,8.5,28.829268292682926,34.9719512195122,True
2025,Singapore Grand Prix,FP1,OCO,31,Haas F1 Team,17.0,3.0,SOFT,6.0,False,115.287,30.243,45.168,39.876,,1,,False,True,True,,,8.5,28.829268292682926,34.9719512195122,True
2025,Singapore Grand Prix,FP1,OCO,31,Haas F1 Team,18.0,4.0,HARD,12.0,False,,,43.301,30.325,,1,,False,True,True,,,8.5,28.829268292682926,34.9719512195122,True
2025,Singapore Grand Prix,FP1,OCO,31,Haas F1 Team,19.0,4.0,HARD,13.0,False,97.036,28.851,40.662,27.523,,1,,True,False,True,,,8.5,28.829268292682926,34.9719512195122,True
2025,Singapore Grand Prix,FP1,OCO,31,Haas F1 Team,20.0,4.0,HARD,14.0,False,96.994,28.716,40.912,27.366,,1,,True,False,True,,,8.5,28.829268292682926,34.9719512195122,True
2025,Singapore Grand Prix,FP1,OCO,31,Haas F1 Team,21.0,4.0,HARD,15.0,False,97.173,28.69,40.75,27.733,,1,,True,False,True,,,8.5,28.829268292682926,34.9719512195122,True
2025,Singapore Grand Prix,FP1,OCO,31,Haas F1 Team,22.0,4.0,HARD,16.0,False,96.95,28.67,40.905,27.375,,1,,True,False,True,,,8.5,28.829268292682926,34.9719512195122,True
2025,Singapore Grand Prix,FP1,OCO,31,Haas F1 Team,23.0,4.0,HARD,17.0,False,,35.82,62.799,53.921,,1,,False,False,True,,,8.5,28.829268292682926,34.9719512195122,True
2025,Singapore Grand Prix,FP1,OCO,31,Haas F1 Team,24.0,4.0,HARD,18.0,False,,48.182,62.561,42.148,,1,,False,True,True,,,8.5,28.829268292682926,34.9719512195122,True
2025,Singapore Grand Prix,FP1,COL,43,Alpine,1.0,1.0,HARD,1.0,True,,,48.77,36.653,,1,,False,True,True,,,8.5,28.829268292682926,34.9719512195122,True
2025,Singapore Grand Prix,FP1,COL,43,Alpine,2.0,1.0,HARD,2.0,True,97.704,28.628,41.541,27.535,,1,,True,False,True,,,8.5,28.829268292682926,34.9719512195122,True
2025,Singapore Grand Prix,FP1,COL,43,Alpine,3.0,1.0,HARD,3.0,True,,49.239,65.308,39.42,,1,,False,False,True,,,8.5,28.829268292682926,34.9719512195122,True
2025,Singapore Grand Prix,FP1,COL,43,Alpine,4.0,1.0,HARD,4.0,True,95.349,28.291,39.928,27.13,,1,,True,False,True,,,8.5,28.829268292682926,34.9719512195122,True
2025,Singapore Grand Prix,FP1,COL,43,Alpine,5.0,1.0,HARD,5.0,True,,53.635,74.843,33.845,,1,,False,False,True,,,8.5,28.829268292682926,34.9719512195122,True
2025,Singapore Grand Prix,FP1,COL,43,Alpine,6.0,1.0,HARD,6.0,True,94.655,28.133,39.865,26.657,,1,,True,False,True,,,8.5,28.829268292682926,34.9719512195122,True
2025,Singapore Grand Prix,FP1,COL,43,Alpine,7.0,1.0,HARD,7.0,True,,52.129,70.222,33.19,,12,,False,False,False,,,8.5,28.829268292682926,34.9719512195122,True
2025,Singapore Grand Prix,FP1,COL,43,Alpine,8.0,1.0,HARD,8.0,True,95.733,27.839,39.512,28.382,,1,,True,False,True,,,8.5,28.829268292682926,34.9719512195122,True
2025,Singapore Grand Prix,FP1,COL,43,Alpine,9.0,1.0,HARD,9.0,True,,50.748,59.947,41.869,,1,,False,True,True,,,8.5,28.829268292682926,34.9719512195122,True
2025,Singapore Grand Prix,FP1,COL,43,Alpine,10.0,2.0,SOFT,1.0,True,,,52.676,31.099,,1,,False,True,True,,,8.5,28.829268292682926,34.9719512195122,True
2025,Singapore Grand Prix,FP1,COL,43,Alpine,11.0,2.0,SOFT,2.0,True,93.601,27.635,39.333,26.633,,1,,True,False,True,,,8.5,28.829268292682926,34.9719512195122,True
2025,Singapore Grand Prix,FP1,COL,43,Alpine,12.0,2.0,SOFT,3.0,True,,52.794,72.038,47.683,,1,,False,True,True,,,8.5,28.829268292682926,34.9719512195122,True
2025,Singapore Grand Prix,FP1,COL,43,Alpine,13.0,3.0,SOFT,4.0,False,,77.307,53.553,32.988,,1,,False,True,True,,,8.5,28.829268292682926,34.9719512195122,True
2025,Singapore Grand Prix,FP1,COL,43,Alpine,14.0,3.0,SOFT,5.0,False,93.324,27.766,39.061,26.497,,1,,True,False,True,,,8.5,28.829268292682926,34.9719512195122,True
2025,Singapore Grand Prix,FP1,COL,43,Alpine,15.0,3.0,SOFT,6.0,False,132.895,40.41,52.104,40.381,,1,,False,True,True,,,8.5,28.829268292682926,34.9719512195122,True
2025,Singapore Grand Prix,FP1,COL,43,Alpine,16.0,4.0,HARD,10.0,False,128.424,56.702,43.242,28.48,,1,,False,True,True,,,8.5,28.829268292682926,34.9719512195122,True
2025,Singapore Grand Prix,FP1,COL,43,Alpine,17.0,4.0,HARD,11.0,False,96.414,28.657,40.409,27.348,,1,,True,False,True,,,8.5,28.829268292682926,34.9719512195122,True
2025,Singapore Grand Prix,FP1,COL,43,Alpine,18.0,4.0,HARD,12.0,False,95.474,28.377,39.997,27.1,,1,,True,False,True,,,8.5,28.829268292682926,34.9719512195122,True
2025,Singapore Grand Prix,FP1,COL,43,Alpine,19.0,4.0,HARD,13.0,False,95.616,28.241,40.258,27.117,,1,,True,False,True,,,8.5,28.829268292682926,34.9719512195122,True
2025,Singapore Grand Prix,FP1,COL,43,Alpine,20.0,4.0,HARD,14.0,False,104.834,31.541,41.83,31.463,,1,,True,False,True,,,8.5,28.829268292682926,34.9719512195122,True
2025,Singapore Grand Prix,FP1,COL,43,Alpine,21.0,4.0,HARD,15.0,False,95.487,28.295,40.152,27.04,,1,,True,False,True,,,8.5,28.829268292682926,34.9719512195122,True
2025,Singapore Grand Prix,FP1,COL,43,Alpine,22.0,4.0,HARD,16.0,False,96.138,28.328,40.715,27.095,,1,,True,False,True,,,8.5,28.829268292682926,34.9719512195122,True
2025,Singapore Grand Prix,FP1,COL,43,Alpine,23.0,4.0,HARD,17.0,False,105.308,32.034,44.738,28.536,,1,,True,False,True,,,8.5,28.829268292682926,34.9719512195122,True
2025,Singapore Grand Prix,FP1,COL,43,Alpine,24.0,4.0,HARD,18.0,False,95.233,28.09,40.289,26.854,,1,,True,False,True,,,8.5,28.829268292682926,34.9719512195122,True
2025,Singapore Grand Prix,FP1,COL,43,Alpine,25.0,4.0,HARD,19.0,False,147.555,32.64,59.597,55.318,,1,,True,False,True,,,8.5,28.829268292682926,34.9719512195122,True
2025,Singapore Grand Prix,FP1,COL,43,Alpine,26.0,4.0,HARD,20.0,False,139.096,48.195,49.901,41.0,,1,,False,True,True,,,8.5,28.829268292682926,34.9719512195122,True
2025,Singapore Grand Prix,FP1,HAM,44,Ferrari,1.0,1.0,HARD,1.0,True,,,47.235,34.556,,1,,False,True,True,,,8.5,28.829268292682926,34.9719512195122,True
2025,Singapore Grand Prix,FP1,HAM,44,Ferrari,2.0,1.0,HARD,2.0,True,95.52,28.338,40.311,26.871,,1,,True,False,True,,,8.5,28.829268292682926,34.9719512195122,True
2025,Singapore Grand Prix,FP1,HAM,44,Ferrari,3.0,1.0,HARD,3.0,True,,62.508,66.831,34.818,,1,,False,False,True,,,8.5,28.829268292682926,34.9719512195122,True
2025,Singapore Grand Prix,FP1,HAM,44,Ferrari,4.0,1.0,HARD,4.0,True,93.927,28.064,39.502,26.361,,1,,True,False,True,,,8.5,28.829268292682926,34.9719512195122,True
2025,Singapore Grand Prix,FP1,HAM,44,Ferrari,5.0,1.0,HARD,5.0,True,,56.851,70.647,34.84,,1,,False,False,True,,,8.5,28.829268292682926,34.9719512195122,True
2025,Singapore Grand Prix,FP1,HAM,44,Ferrari,6.0,1.0,HARD,6.0,True,93.467,27.875,39.19,26.402,,1,,True,False,True,,,8.5,28.829268292682926,34.9719512195122,True
2025,Singapore Grand Prix,FP1,HAM,44,Ferrari,7.0,1.0,HARD,7.0,True,,58.116,63.237,32.134,,1,,False,False,True,,,8.5,28.829268292682926,34.9719512195122,True
2025,Singapore Grand Prix,FP1,HAM,44,Ferrari,8.0,1.0,HARD,8.0,True,93.034,27.578,39.175,26.281,,12,,True,False,False,,,8.5,28.829268292682926,34.9719512195122,True
2025,Singapore Grand Prix,FP1,HAM,44,Ferrari,9.0,1.0,HARD,9.0,True,,60.549,79.233,39.462,,1,,False,False,True,,,8.5,28.829268292682926,34.9719512195122,True
2025,Singapore Grand Prix,FP1,HAM,44,Ferrari,10.0,1.0,HARD,10.0,True,123.345,27.556,47.722,48.067,,1,,True,False,True,,,8.5,28.829268292682926,34.9719512195122,True
2025,Singapore Grand Prix,FP1,HAM,44,Ferrari,11.0,1.0,HARD,11.0,True,109.864,27.591,42.102,40.171,,1,,False,True,True,,,8.5,28.829268292682926,34.9719512195122,True
2025,Singapore Grand Prix,FP1,HAM,44,Ferrari,12.0,2.0,SOFT,1.0,True,,,59.871,32.774,,1,,False,True,True,,,8.5,28.829268292682926,34.9719512195122,True
2025,Singapore Grand Prix,FP1,HAM,44,Ferrari,13.0,2.0,SOFT,2.0,True,145.276,27.266,57.286,60.724,,1,,True,False,True,,,8.5,28.829268292682926,34.9719512195122,True
2025,Singapore Grand Prix,FP1,HAM,44,Ferrari,14.0,2.0,SOFT,3.0,True,140.599,49.526,59.458,31.615,,1,,True,False,True,,,8.5,28.829268292682926,34.9719512195122,True
2025,Singapore Grand Prix,FP1,HAM,44,Ferrari,15.0,2.0,SOFT,4.0,True,91.82,27.125,38.536,26.159,,1,,True,False,True,,,8.5,28.829268292682926,34.9719512195122,True
2025,Singapore Grand Prix,FP1,HAM,44,Ferrari,16.0,2.0,SOFT,5.0,True,,60.586,76.534,51.753,,1,,False,True,True,,,8.5,28.829268292682926,34.9719512195122,True
2025,Singapore Grand Prix,FP1,HAM,44,Ferrari,17.0,3.0,SOFT,6.0,False,,75.861,57.576,31.177,,1,,False,True,True,,,8.5,28.829268292682926,34.9719512195122,True
2025,Singapore Grand Prix,FP1,HAM,44,Ferrari,18.0,3.0,SOFT,7.0,False,91.48,27.407,38.421,25.652,,1,,True,False,True,,,8.5,28.829268292682926,34.9719512195122,True
2025,Singapore Grand Prix,FP1,HAM,44,Ferrari,19.0,3.0,SOFT,8.0,False,114.422,38.161,42.106,34.155,,1,,False,True,True,,,8.5,28.829268292682926,34.9719512195122,True
2025,Singapore Grand Prix,FP1,HAM,44,Ferrari,20.0,4.0,SOFT,9.0,False,,,41.774,28.537,,1,,False,True,True,,,8.5,28.829268292682926,34.9719512195122,True
2025,Singapore Grand Prix,FP1,HAM,44,Ferrari,21.0,4.0,SOFT,10.0,False,95.568,28.535,40.213,26.82,,1,,True,False,True,,,8.5,28.829268292682926,34.9719512195122,True
2025,Singapore Grand Prix,FP1,HAM,44,Ferrari,22.0,4.0,SOFT,11.0,False,134.824,28.973,48.53,57.321,,1,,True,False,True,,,8.5,28.829268292682926,34.9719512195122,True
2025,Singapore Grand Prix,FP1,HAM,44,Ferrari,23.0,4.0,SOFT,12.0,False,143.128,58.085,47.047,37.996,,1,,False,True,True,,,8.5,28.829268292682926,34.9719512195122,True
2025,Singapore Grand Prix,FP1,SAI,55,Williams,1.0,1.0,HARD,1.0,True,,,45.469,36.817,,1,,False,True,True,,,8.5,28.829268292682926,34.9719512195122,True
2025,Singapore Grand Prix,FP1,SAI,55,Williams,2.0,1.0,HARD,2.0,True,96.47,28.466,40.638,27.366,,1,,True,False,True,,,8.5,28.829268292682926,34.9719512195122,True
2025,Singapore Grand Prix,FP1,SAI,55,Williams,3.0,1.0,HARD,3.0,True,133.903,38.336,54.818,40.749,,1,,True,False,True,,,8.5,28.829268292682926,34.9719512195122,True
2025,Singapore Grand Prix,FP1,SAI,55,Williams,4.0,1.0,HARD,4.0,True,94.341,27.989,39.635,26.717,,1,,True,False,True,,,8.5,28.829268292682926,34.9719512195122,True
2025,Singapore Grand Prix,FP1,SAI,55,Williams,5.0,1.0,HARD,5.0,True,148.414,43.999,64.032,40.383,,1,,True,False,True,,,8.5,28.829268292682926,34.9719512195122,True
2025,Singapore Grand Prix,FP1,SAI,55,Williams,6.0,1.0,HARD,6.0,True,93.325,27.571,39.216,26.538,,1,,True,False,True,,,8.5,28.829268292682926,34.9719512195122,True
2025,Singapore Grand Prix,FP1,SAI,55,Williams,7.0,1.0,HARD,7.0,True,,49.302,62.874,44.087,,1,,False,False,True,,,8.5,28.829268292682926,34.9719512195122,True
2025,Singapore Grand Prix,FP1,SAI,55,Williams,8.0,1.0,HARD,8.0,True,93.083,27.551,39.169,26.363,,12,,True,False,False,,,8.5,28.829268292682926,34.9719512195122,True
2025,Singapore Grand Prix,FP1,SAI,55,Williams,9.0,1.0,HARD,9.0,True,,48.632,59.291,42.208,,1,,False,False,True,,,8.5,28.829268292682926,34.9719512195122,True
2025,Singapore Grand Prix,FP1,SAI,55,Williams,10.0,1.0,HARD,10.0,True,100.078,27.485,39.015,33.578,,1,,False,True,True,,,8.5,28.829268292682926,34.9719512195122,True
2025,Singapore Grand Prix,FP1,SAI,55,Williams,11.0,2.0,MEDIUM,1.0,True,,,44.391,29.296,,1,,False,True,True,,,8.5,28.829268292682926,34.9719512195122,True
2025,Singapore Grand Prix,FP1,SAI,55,Williams,12.0,2.0,MEDIUM,2.0,True,91.812,27.326,38.495,25.991,,1,,True,False,True,,,8.5,28.829268292682926,34.9719512195122,True
2025,Singapore Grand Prix,FP1,SAI,55,Williams,13.0,2.0,MEDIUM,3.0,True,,44.192,70.352,38.722,,1,,False,False,True,,,8.5,28.829268292682926,34.9719512195122,True
2025,Singapore Grand Prix,FP1,SAI,55,Williams,14.0,2.0,MEDIUM,4.0,True,117.548,27.327,54.008,36.213,,1,,True,False,True,,,8.5,28.829268292682926,34.9719512195122,True
2025,Singapore Grand Prix,FP1,SAI,55,Williams,15.0,2.0,MEDIUM,5.0,True,92.825,27.257,39.074,26.494,,1,,True,False,True,,,8.5,28.829268292682926,34.9719512195122,True
2025,Singapore Grand Prix,FP1,SAI,55,Williams,16.0,2.0,MEDIUM,6.0,True,,52.311,68.899,41.292,,1,,False,False,True,,,8.5,28.829268292682926,34.9719512195122,True
2025,Singapore Grand Prix,FP1,SAI,55,Williams,17.0,2.0,MEDIUM,7.0,True,97.686,27.299,38.893,31.494,,1,,False,True,True,,,8.5,28.829268292682926,34.9719512195122,True
2025,Singapore Grand Prix,FP1,SAI,55,Williams,18.0,3.0,MEDIUM,8.0,False,,,44.263,33.329,,1,,False,True,True,,,8.5,28.829268292682926,34.9719512195122,True
2025,Singapore Grand Prix,FP1,SAI,55,Williams,19.0,3.0,MEDIUM,9.0,False,97.428,28.933,41.034,27.461,,1,,True,False,True,,,8.5,28.829268292682926,34.9719512195122,True
2025,Singapore Grand Prix,FP1,SAI,55,Williams,20.0,3.0,MEDIUM,10.0,False,97.167,28.875,40.902,27.39,,1,,True,False,True,,,8.5,28.829268292682926,34.9719512195122,True
2025,Singapore Grand Prix,FP1,SAI,55,Williams,21.0,3.0,MEDIUM,11.0,False,97.642,28.917,41.174,27.551,,1,,True,False,True,,,8.5,28.829268292682926,34.9719512195122,True
2025,Singapore Grand Prix,FP1,SAI,55,Williams,22.0,3.0,MEDIUM,12.0,False,97.299,28.889,40.956,27.454,,1,,True,False,True,,,8.5,28.829268292682926,34.9719512195122,True
2025,Singapore Grand Prix,FP1,SAI,55,Williams,23.0,3.0,MEDIUM,13.0,False,98.453,28.897,41.042,28.514,,1,,True,False,True,,,8.5,28.829268292682926,34.9719512195122,True
2025,Singapore Grand Prix,FP1,SAI,55,Williams,24.0,3.0,MEDIUM,14.0,False,100.106,31.203,41.375,27.528,,1,,True,False,True,,,8.5,28.829268292682926,34.9719512195122,True
2025,Singapore Grand Prix,FP1,SAI,55,Williams,25.0,3.0,MEDIUM,15.0,False,96.904,28.85,40.757,27.297,,1,,True,False,True,,,8.5,28.829268292682926,34.9719512195122,True
2025,Singapore Grand Prix,FP1,SAI,55,Williams,26.0,3.0,MEDIUM,16.0,False,,39.305,62.673,48.328,,1,,False,False,True,,,8.5,28.829268292682926,34.9719512195122,True
2025,Singapore Grand Prix,FP1,SAI,55,Williams,27.0,3.0,MEDIUM,17.0,False,147.944,62.336,49.354,36.254,,1,,False,True,True,,,8.5,28.829268292682926,34.9719512195122,True
2025,Singapore Grand Prix,FP1,RUS,63,Mercedes,1.0,1.0,HARD,1.0,True,,,56.675,36.685,,1,,False,True,True,,,8.5,28.829268292682926,34.9719512195122,True
2025,Singapore Grand Prix,FP1,RUS,63,Mercedes,2.0,1.0,HARD,2.0,True,97.556,28.624,41.51,27.422,,1,,True,False,True,,,8.5,28.829268292682926,34.9719512195122,True
2025,Singapore Grand Prix,FP1,RUS,63,Mercedes,3.0,1.0,HARD,3.0,True,,51.297,71.17,38.057,,1,,False,False,True,,,8.5,28.829268292682926,34.9719512195122,True
2025,Singapore Grand Prix,FP1,RUS,63,Mercedes,4.0,1.0,HARD,4.0,True,94.845,27.944,40.243,26.658,,1,,True,False,True,,,8.5,28.829268292682926,34.9719512195122,True
2025,Singapore Grand Prix,FP1,RUS,63,Mercedes,5.0,1.0,HARD,5.0,True,141.848,44.403,54.889,42.556,,1,,False,True,True,,,8.5,28.829268292682926,34.9719512195122,True
2025,Singapore Grand Prix,FP1,RUS,63,Mercedes,6.0,2.0,HARD,6.0,False,144.213,60.117,49.609,34.487,,1,,False,True,True,,,8.5,28.829268292682926,34.9719512195122,True
2025,Singapore Grand Prix,FP1,RUS,63,Mercedes,7.0,2.0,HARD,7.0,False,94.72,27.645,39.705,27.37,,12,,True,False,False,,,8.5,28.829268292682926,34.9719512195122,True
2025,Singapore Grand Prix,FP1,RUS,63,Mercedes,8.0,2.0,HARD,8.0,False,,49.758,67.2,46.075,,1,,False,False,True,,,8.5,28.829268292682926,34.9719512195122,True
2025,Singapore Grand Prix,FP1,RUS,63,Mercedes,9.0,2.0,HARD,9.0,False,93.416,27.588,39.47,26.358,,1,,True,False,True,,,8.5,28.829268292682926,34.9719512195122,True
2025,Singapore Grand Prix,FP1,RUS,63,Mercedes,10.0,2.0,HARD,10.0,False,107.962,29.512,42.396,36.054,,1,,False,True,True,,,8.5,28.829268292682926,34.9719512195122,True
2025,Singapore Grand Prix,FP1,RUS,63,Mercedes,11.0,3.0,MEDIUM,1.0,True,,,56.889,37.258,,1,,False,True,True,,,8.5,28.829268292682926,34.9719512195122,True
2025,Singapore Grand Prix,FP1,RUS,63,Mercedes,12.0,3.0,MEDIUM,2.0,True,128.77,32.404,62.717,33.649,,1,,True,False,True,,,8.5,28.829268292682926,34.9719512195122,True
2025,Singapore Grand Prix,FP1,RUS,63,Mercedes,13.0,3.0,MEDIUM,3.0,True,92.603,27.514,38.962,26.127,,1,,True,False,True,,,8.5,28.829268292682926,34.9719512195122,True
2025,Singapore Grand Prix,FP1,RUS,63,Mercedes,14.0,3.0,MEDIUM,4.0,True,,49.362,68.075,44.991,,1,,False,True,True,,,8.5,28.829268292682926,34.9719512195122,True
2025,Singapore Grand Prix,FP1,RUS,63,Mercedes,15.0,4.0,MEDIUM,5.0,False,,60.754,53.43,38.8,,1,,False,True,True,,,8.5,28.829268292682926,34.9719512195122,True
2025,Singapore Grand Prix,FP1,RUS,63,Mercedes,16.0,4.0,MEDIUM,6.0,False,92.139,27.286,38.835,26.018,,1,,True,False,True,,,8.5,28.829268292682926,34.9719512195122,True
2025,Singapore Grand Prix,FP1,RUS,63,Mercedes,17.0,4.0,MEDIUM,7.0,False,110.598,30.913,44.978,34.707,,1,,False,True,True,,,8.5,28.829268292682926,34.9719512195122,True
2025,Singapore Grand Prix,FP1,RUS,63,Mercedes,18.0,5.0,MEDIUM,8.0,False,,,51.842,27.917,,1,,False,True,True,,,8.5,28.829268292682926,34.9719512195122,True
2025,Singapore Grand Prix,FP1,RUS,63,Mercedes,19.0,5.0,MEDIUM,9.0,False,97.788,28.841,41.497,27.45,,1,,True,False,True,,,8.5,28.829268292682926,34.9719512195122,True
2025,Singapore Grand Prix,FP1,RUS,63,Mercedes,20.0,5.0,MEDIUM,10.0,False,96.742,28.745,40.681,27.316,,1,,True,False,True,,,8.5,28.829268292682926,34.9719512195122,True
2025,Singapore Grand Prix,FP1,RUS,63,Mercedes,21.0,5.0,MEDIUM,11.0,False,,43.406,70.372,65.468,,1,,False,False,True,,,8.5,28.829268292682926,34.9719512195122,True
2025,Singapore Grand Prix,FP1,RUS,63,Mercedes,22.0,5.0,MEDIUM,12.0,False,135.723,58.81,41.828,35.085,,1,,False,True,True,,,8.5,28.829268292682926,34.9719512195122,True
2025,Singapore Grand Prix,FP1,PIA,81,McLaren,1.0,1.0,HARD,1.0,True,,,47.394,37.428,,1,,False,True,True,,,8.5,28.829268292682926,34.9719512195122,True
2025,Singapore Grand Prix,FP1,PIA,81,McLaren,2.0,1.0,HARD,2.0,True,96.253,28.431,40.473,27.349,,1,,True,False,True,,,8.5,28.829268292682926,34.9719512195122,True
2025,Singapore Grand Prix,FP1,PIA,81,McLaren,3.0,1.0,HARD,3.0,True,,46.078,65.361,49.029,,1,,False,False,True,,,8.5,28.829268292682926,34.9719512195122,True
2025,Singapore Grand Prix,FP1,PIA,81,McLaren,4.0,1.0,HARD,4.0,True,94.342,28.057,39.583,26.701999999999998,,1,,True,False,True,,,8.5,28.829268292682926,34.9719512195122,True
2025,Singapore Grand Prix,FP1,PIA,81,McLaren,5.0,1.0,HARD,5.0,True,148.563,45.038,58.638,44.887,,1,,True,False,True,,,8.5,28.829268292682926,34.9719512195122,True
2025,Singapore Grand Prix,FP1,PIA,81,McLaren,6.0,1.0,HARD,6.0,True,93.239,27.717,39.125,26.397,,1,,True,False,True,,,8.5,28.829268292682926,34.9719512195122,True
2025,Singapore Grand Prix,FP1,PIA,81,McLaren,7.0,1.0,HARD,7.0,True,149.91,43.698,65.068,41.144,,1,,True,False,True,,,8.5,28.829268292682926,34.9719512195122,True
2025,Singapore Grand Prix,FP1,PIA,81,McLaren,8.0,1.0,HARD,8.0,True,93.611,27.948,39.025,26.638,,12,,True,False,False,,,8.5,28.829268292682926,34.9719512195122,True
2025,Singapore Grand Prix,FP1,PIA,81,McLaren,9.0,1.0,HARD,9.0,True,117.913,36.75,45.838,35.325,,1,,False,True,True,,,8.5,28.829268292682926,34.9719512195122,True
2025,Singapore Grand Prix,FP1,PIA,81,McLaren,10.0,2.0,SOFT,1.0,True,,,51.391,37.284,,1,,False,True,True,,,8.5,28.829268292682926,34.9719512195122,True
2025,Singapore Grand Prix,FP1,PIA,81,McLaren,11.0,2.0,SOFT,2.0,True,92.311,27.439,38.764,26.108,,1,,True,False,True,,,8.5,28.829268292682926,34.9719512195122,True
2025,Singapore Grand Prix,FP1,PIA,81,McLaren,12.0,2.0,SOFT,3.0,True,145.622,41.098,60.69,43.834,,1,,False,True,True,,,8.5,28.829268292682926,34.9719512195122,True
2025,Singapore Grand Prix,FP1,PIA,81,McLaren,13.0,3.0,SOFT,4.0,False,,69.895,55.376,36.182,,1,,False,True,True,,,8.5,28.829268292682926,34.9719512195122,True
2025,Singapore Grand Prix,FP1,PIA,81,McLaren,14.0,3.0,SOFT,5.0,False,130.375,35.401,50.678,44.296,,1,,True,False,True,,,8.5,28.829268292682926,34.9719512195122,True
2025,Singapore Grand Prix,FP1,PIA,81,McLaren,15.0,3.0,SOFT,6.0,False,91.481,27.224,38.378,25.879,,1,,True,False,True,,,8.5,28.829268292682926,34.9719512195122,True
2025,Singapore Grand Prix,FP1,PIA,81,McLaren,16.0,3.0,SOFT,7.0,False,126.281,37.793,49.033,39.455,,1,,False,True,True,,,8.5,28.829268292682926,34.9719512195122,True
2025,Singapore Grand Prix,FP1,PIA,81,McLaren,17.0,4.0,SOFT,8.0,False,132.603,65.153,40.516,26.934,,1,,False,True,True,,,8.5,28.829268292682926,34.9719512195122,True
2025,Singapore Grand Prix,FP1,PIA,81,McLaren,18.0,4.0,SOFT,9.0,False,94.153,28.044,39.468,26.641,,1,,True,False,True,,,8.5,28.829268292682926,34.9719512195122,True
2025,Singapore Grand Prix,FP1,PIA,81,McLaren,19.0,4.0,SOFT,10.0,False,99.574,28.171,44.288,27.115,,1,,True,False,True,,,8.5,28.829268292682926,34.9719512195122,True
2025,Singapore Grand Prix,FP1,PIA,81,McLaren,20.0,4.0,SOFT,11.0,False,101.758,28.105,40.336,33.317,,1,,False,True,True,,,8.5,28.829268292682926,34.9719512195122,True
2025,Singapore Grand Prix,FP1,PIA,81,McLaren,21.0,5.0,SOFT,12.0,False,142.625,76.383,39.603,26.639,,1,,False,True,True,,,8.5,28.829268292682926,34.9719512195122,True
2025,Singapore Grand Prix,FP1,PIA,81,McLaren,22.0,5.0,SOFT,13.0,False,99.752,28.099,40.453,31.2,,1,,True,False,True,,,8.5,28.829268292682926,34.9719512195122,True
2025,Singapore Grand Prix,FP1,PIA,81,McLaren,23.0,5.0,SOFT,14.0,False,94.623,28.127,39.828,26.668,,1,,True,False,True,,,8.5,28.829268292682926,34.9719512195122,True
2025,Singapore Grand Prix,FP1,PIA,81,McLaren,24.0,5.0,SOFT,15.0,False,,42.417,61.142,56.008,,1,,False,False,True,,,8.5,28.829268292682926,34.9719512195122,True
2025,Singapore Grand Prix,FP1,PIA,81,McLaren,25.0,5.0,SOFT,16.0,False,144.078,58.513,48.591,36.974,,1,,False,True,True,,,8.5,28.829268292682926,34.9719512195122,True
2025,Singapore Grand Prix,FP1,BEA,87,Haas F1 Team,1.0,1.0,HARD,1.0,True,,,49.543,30.183,,1,,False,True,True,,,8.5,28.829268292682926,34.9719512195122,True
2025,Singapore Grand Prix,FP1,BEA,87,Haas F1 Team,2.0,1.0,HARD,2.0,True,99.192,29.159,42.347,27.686,,1,,True,False,True,,,8.5,28.829268292682926,34.9719512195122,True
2025,Singapore Grand Prix,FP1,BEA,87,Haas F1 Team,3.0,1.0,HARD,3.0,True,144.029,51.543,60.226,32.26,,1,,True,False,True,,,8.5,28.829268292682926,34.9719512195122,True
2025,Singapore Grand Prix,FP1,BEA,87,Haas F1 Team,4.0,1.0,HARD,4.0,True,96.033,28.313,40.578,27.142,,1,,True,False,True,,,8.5,28.829268292682926,34.9719512195122,True
2025,Singapore Grand Prix,FP1,BEA,87,Haas F1 Team,5.0,1.0,HARD,5.0,True,,50.75,67.59,32.214,,1,,False,False,True,,,8.5,28.829268292682926,34.9719512195122,True
2025,Singapore Grand Prix,FP1,BEA,87,Haas F1 Team,6.0,1.0,HARD,6.0,True,94.882,28.089,39.989,26.804,,1,,True,False,True,,,8.5,28.829268292682926,34.9719512195122,True
2025,Singapore Grand Prix,FP1,BEA,87,Haas F1 Team,7.0,1.0,HARD,7.0,True,148.387,51.114,65.5,31.773,,1,,True,False,True,,,8.5,28.829268292682926,34.9719512195122,True
2025,Singapore Grand Prix,FP1,BEA,87,Haas F1 Team,8.0,1.0,HARD,8.0,True,94.196,27.817,39.424,26.955,,12,,True,False,False,,,8.5,28.829268292682926,34.9719512195122,True
2025,Singapore Grand Prix,FP1,BEA,87,Haas F1 Team,9.0,1.0,HARD,9.0,True,143.556,51.522,61.877,30.157,,1,,True,False,True,,,8.5,28.829268292682926,34.9719512195122,True
2025,Singapore Grand Prix,FP1,BEA,87,Haas F1 Team,10.0,1.0,HARD,10.0,True,93.766,27.741,39.461,26.564,,1,,True,False,True,,,8.5,28.829268292682926,34.9719512195122,True
2025,Singapore Grand Prix,FP1,BEA,87,Haas F1 Team,11.0,1.0,HARD,11.0,True,138.451,42.421,59.055,36.975,,1,,False,True,True,,,8.5,28.829268292682926,34.9719512195122,True
2025,Singapore Grand Prix,FP1,BEA,87,Haas F1 Team,12.0,2.0,SOFT,1.0,True,,,50.831,38.968,,1,,False,True,True,,,8.5,28.829268292682926,34.9719512195122,True
2025,Singapore Grand Prix,FP1,BEA,87,Haas F1 Team,13.0,2.0,SOFT,2.0,True,128.396,27.759,64.317,36.32,,1,,True,False,True,,,8.5,28.829268292682926,34.9719512195122,True
2025,Singapore Grand Prix,FP1,BEA,87,Haas F1 Team,14.0,2.0,SOFT,3.0,True,93.123,27.655,39.099,26.369,,1,,True,False,True,,,8.5,28.829268292682926,34.9719512195122,True
2025,Singapore Grand Prix,FP1,BEA,87,Haas F1 Team,15.0,2.0,SOFT,4.0,True,,54.278,73.029,45.53,,1,,False,False,True,,,8.5,28.829268292682926,34.9719512195122,True
2025,Singapore Grand Prix,FP1,BEA,87,Haas F1 Team,16.0,2.0,SOFT,5.0,True,128.453,40.938,51.346,36.169,,1,,True,False,True,,,8.5,28.829268292682926,34.9719512195122,True
2025,Singapore Grand Prix,FP1,BEA,87,Haas F1 Team,17.0,2.0,SOFT,6.0,True,92.538,27.448,38.917,26.173,,1,,True,False,True,,,8.5,28.829268292682926,34.9719512195122,True
2025,Singapore Grand Prix,FP1,BEA,87,Haas F1 Team,18.0,2.0,SOFT,7.0,True,131.959,41.316,54.907,35.736,,1,,False,True,True,,,8.5,28.829268292682926,34.9719512195122,True
2025,Singapore Grand Prix,FP1,BEA,87,Haas F1 Team,19.0,3.0,HARD,12.0,False,,,42.289,33.049,,1,,False,True,True,,,8.5,28.829268292682926,34.9719512195122,True
2025,Singapore Grand Prix,FP1,BEA,87,Haas F1 Team,20.0,3.0,HARD,13.0,False,97.553,29.014,41.003,27.536,,1,,True,False,True,,,8.5,28.829268292682926,34.9719512195122,True
2025,Singapore Grand Prix,FP1,BEA,87,Haas F1 Team,21.0,3.0,HARD,14.0,False,97.201,28.903,41.0,27.298,,1,,True,False,True,,,8.5,28.829268292682926,34.9719512195122,True
2025,Singapore Grand Prix,FP1,BEA,87,Haas F1 Team,22.0,3.0,HARD,15.0,False,99.777,28.989,40.881,29.907,,1,,True,False,True,,,8.5,28.829268292682926,34.9719512195122,True
2025,Singapore Grand Prix,FP1,BEA,87,Haas F1 Team,23.0,3.0,HARD,16.0,False,100.646,28.994,43.713,27.939,,1,,True,False,True,,,8.5,28.829268292682926,34.9719512195122,True
2025,Singapore Grand Prix,FP1,BEA,87,Haas F1 Team,24.0,3.0,HARD,17.0,False,145.991,34.21,56.545,55.236,,1,,True,False,True,,,8.5,28.829268292682926,34.9719512195122,True
2025,Singapore Grand Prix,FP1,BEA,87,Haas F1 Team,25.0,3.0,HARD,18.0,False,138.661,52.549,50.01,36.102,,1,,False,True,True,,,8.5,28.829268292682926,34.9719512195122,True
2025,Singapore Grand Prix,FP2,VER,1,Red Bull Racing,1.0,1.0,MEDIUM,1.0,True,,,54.411,31.401,,1,,False,True,True,,,8.5,28.201234567901235,32.18395061728395,False
2025,Singapore Grand Prix,FP2,VER,1,Red Bull Racing,2.0,1.0,MEDIUM,2.0,True,93.128,27.63,39.119,26.379,,1,,True,False,True,,,8.5,28.201234567901235,32.18395061728395,False
2025,Singapore Grand Prix,FP2,VER,1,Red Bull Racing,3.0,1.0,MEDIUM,3.0,True,,51.039,63.15,39.827,,1,,False,False,True,,,8.5,28.201234567901235,32.18395061728395,False
2025,Singapore Grand Prix,FP2,VER,1,Red Bull Racing,4.0,1.0,MEDIUM,4.0,True,120.132,37.121,51.405,31.606,,1,,True,False,True,,,8.5,28.201234567901235,32.18395061728395,False
2025,Singapore Grand Prix,FP2,VER,1,Red Bull Racing,5.0,1.0,MEDIUM,5.0,True,92.345,27.412,38.701,26.232,,12,,True,False,False,,,8.5,28.201234567901235,32.18395061728395,False
2025,Singapore Grand Prix,FP2,VER,1,Red Bull Racing,6.0,1.0,MEDIUM,6.0,True,,47.554,64.8,39.614,,1,,False,False,True,,,8.5,28.201234567901235,32.18395061728395,False
2025,Singapore Grand Prix,FP2,VER,1,Red Bull Racing,7.0,1.0,MEDIUM,7.0,True,122.101,40.315,52.23,29.556,,1,,True,False,True,,,8.5,28.201234567901235,32.18395061728395,False
2025,Singapore Grand Prix,FP2,VER,1,Red Bull Racing,8.0,1.0,MEDIUM,8.0,True,102.155,27.283,38.628,36.244,,12,,False,True,False,,,8.5,28.201234567901235,32.18395061728395,False
2025,Singapore Grand Prix,FP2,VER,1,Red Bull Racing,9.0,2.0,SOFT,1.0,True,,,53.693,30.748,,1,,False,True,True,,,8.5,28.201234567901235,32.18395061728395,False
2025,Singapore Grand Prix,FP2,VER,1,Red Bull Racing,10.0,2.0,SOFT,2.0,True,,27.077,,,,125,,False,True,False,,,8.5,28.201234567901235,32.18395061728395,False
2025,Singapore Grand Prix,FP2,VER,1,Red Bull Racing,11.0,3.0,SOFT,3.0,False,,,49.282,30.582,,1,,False,True,True,,,8.5,28.201234567901235,32.18395061728395,False
2025,Singapore Grand Prix,FP2,VER,1,Red Bull Racing,12.0,3.0,SOFT,4.0,False,90.857,27.019,38.01,25.828,,12,,True,False,False,,,8.5,28.201234567901235,32.18395061728395,False
2025,Singapore Grand Prix,FP2,VER,1,Red Bull Racing,13.0,3.0,SOFT,5.0,False,127.182,35.758,56.97,34.454,,1,,True,False,True,,,8.5,28.201234567901235,32.18395061728395,False
2025,Singapore Grand Prix,FP2,VER,1,Red Bull Racing,14.0,3.0,SOFT,6.0,False,95.082,28.295,39.939,26.848,,1,,True,False,True,,,8.5,28.201234567901235,32.18395061728395,False
2025,Singapore Grand Prix,FP2,VER,1,Red Bull Racing,15.0,3.0,SOFT,7.0,False,94.335,28.077,39.492,26.766,,1,,True,False,True,,,8.5,28.201234567901235,32.18395061728395,False
2025,Singapore Grand Prix,FP2,VER,1,Red Bull Racing,16.0,3.0,SOFT,8.0,False,94.266,27.986,39.798,26.482,,1,,True,False,True,,,8.5,28.201234567901235,32.18395061728395,False
2025,Singapore Grand Prix,FP2,VER,1,Red Bull Racing,17.0,3.0,SOFT,9.0,False,93.62,27.888,39.198,26.534,,12,,True,False,False,,,8.5,28.201234567901235,32.18395061728395,False
2025,Singapore Grand Prix,FP2,VER,1,Red Bull Racing,18.0,3.0,SOFT,10.0,False,,45.927,63.992,49.513,,1,,False,False,True,,,8.5,28.201234567901235,32.18395061728395,False
2025,Singapore Grand Prix,FP2,VER,1,Red Bull Racing,19.0,3.0,SOFT,11.0,False,,62.836,50.841,37.56,,1,,False,True,True,,,8.5,28.201234567901235,32.18395061728395,False
2025,Singapore Grand Prix,FP2,NOR,4,McLaren,1.0,1.0,MEDIUM,1.0,True,,,49.391,32.692,,1,,False,True,True,,,8.5,28.201234567901235,32.18395061728395,False
2025,Singapore Grand Prix,FP2,NOR,4,McLaren,2.0,1.0,MEDIUM,2.0,True,92.956,27.436,39.244,26.276,,1,,True,False,True,,,8.5,28.201234567901235,32.18395061728395,False
2025,Singapore Grand Prix,FP2,NOR,4,McLaren,3.0,1.0,MEDIUM,3.0,True,,51.067,64.644,36.282,,1,,False,False,True,,,8.5,28.201234567901235,32.18395061728395,False
2025,Singapore Grand Prix,FP2,NOR,4,McLaren,4.0,1.0,MEDIUM,4.0,True,92.226,27.368,38.664,26.194,,1,,True,False,True,,,8.5,28.201234567901235,32.18395061728395,False
2025,Singapore Grand Prix,FP2,NOR,4,McLaren,5.0,1.0,MEDIUM,5.0,True,,45.933,67.801,47.034,,12,,False,False,False,,,8.5,28.201234567901235,32.18395061728395,False
2025,Singapore Grand Prix,FP2,NOR,4,McLaren,6.0,1.0,MEDIUM,6.0,True,125.88,40.801,54.271,30.808,,1,,True,False,True,,,8.5,28.201234567901235,32.18395061728395,False
2025,Singapore Grand Prix,FP2,NOR,4,McLaren,7.0,1.0,MEDIUM,7.0,True,91.723,27.204,38.436,26.083,,1,,True,False,True,,,8.5,28.201234567901235,32.18395061728395,False
2025,Singapore Grand Prix,FP2,NOR,4,McLaren,8.0,1.0,MEDIUM,8.0,True,,32.957,48.706,,,125,,False,True,False,,,8.5,28.201234567901235,32.18395061728395,False
2025,Singapore Grand Prix,FP2,NOR,4,McLaren,9.0,2.0,SOFT,1.0,True,,,50.434,33.571,,1,,False,True,True,,,8.5,28.201234567901235,32.18395061728395,False
2025,Singapore Grand Prix,FP2,NOR,4,McLaren,10.0,2.0,SOFT,2.0,True,,26.911,38.283,,,125,,False,True,False,,,8.5,28.201234567901235,32.18395061728395,False
2025,Singapore Grand Prix,FP2,NOR,4,McLaren,11.0,3.0,SOFT,3.0,False,,,47.258,30.667,,12,,False,True,False,,,8.5,28.201234567901235,32.18395061728395,False
2025,Singapore Grand Prix,FP2,NOR,4,McLaren,12.0,3.0,SOFT,4.0,False,118.054,30.766,44.452,42.836,,1,,True,False,True,,,8.5,28.201234567901235,32.18395061728395,False
2025,Singapore Grand Prix,FP2,NOR,4,McLaren,13.0,3.0,SOFT,5.0,False,115.209,31.456,53.54,30.213,,1,,True,False,True,,,8.5,28.201234567901235,32.18395061728395,False
2025,Singapore Grand Prix,FP2,NOR,4,McLaren,14.0,3.0,SOFT,6.0,False,91.197,27.102,38.196,25.899,,1,,True,False,True,,,8.5,28.201234567901235,32.18395061728395,False
2025,Singapore Grand Prix,FP2,NOR,4,McLaren,15.0,3.0,SOFT,7.0,False,,42.857,69.003,41.655,,1,,False,False,True,,,8.5,28.201234567901235,32.18395061728395,False
2025,Singapore Grand Prix,FP2,NOR,4,McLaren,16.0,3.0,SOFT,8.0,False,96.384,27.095,39.621,29.668,,12,,True,False,False,,,8.5,28.201234567901235,32.18395061728395,False
2025,Singapore Grand Prix,FP2,NOR,4,McLaren,17.0,3.0,SOFT,9.0,False,139.596,40.23,53.449,45.917,,1,,True,False,True,,,8.5,28.201234567901235,32.18395061728395,False
2025,Singapore Grand Prix,FP2,NOR,4,McLaren,18.0,3.0,SOFT,10.0,False,,62.221,57.111,47.482,,1,,False,True,True,,,8.5,28.201234567901235,32.18395061728395,False
2025,Singapore Grand Prix,FP2,BOR,5,Kick Sauber,1.0,1.0,MEDIUM,1.0,True,,,45.718,36.062,,1,,False,True,True,,,8.5,28.201234567901235,32.18395061728395,False
2025,Singapore Grand Prix,FP2,BOR,5,Kick Sauber,2.0,1.0,MEDIUM,2.0,True,,27.832,83.534,39.714,,1,,False,False,True,,,8.5,28.201234567901235,32.18395061728395,False
2025,Singapore Grand Prix,FP2,BOR,5,Kick Sauber,3.0,1.0,MEDIUM,3.0,True,93.796,27.822,39.589,26.385,,1,,True,False,True,,,8.5,28.201234567901235,32.18395061728395,False
2025,Singapore Grand Prix,FP2,BOR,5,Kick Sauber,4.0,1.0,MEDIUM,4.0,True,140.84,43.777,61.919,35.144,,12,,True,False,False,,,8.5,28.201234567901235,32.18395061728395,False
2025,Singapore Grand Prix,FP2,BOR,5,Kick Sauber,5.0,1.0,MEDIUM,5.0,True,93.314,27.645,39.387,26.282,,1,,True,False,True,,,8.5,28.201234567901235,32.18395061728395,False
2025,Singapore Grand Prix,FP2,BOR,5,Kick Sauber,6.0,1.0,MEDIUM,6.0,True,144.273,48.295,60.429,35.549,,1,,True,False,True,,,8.5,28.201234567901235,32.18395061728395,False
2025,Singapore Grand Prix,FP2,BOR,5,Kick Sauber,7.0,1.0,MEDIUM,7.0,True,133.287,27.724,64.4,41.163,,12,,False,True,False,,,8.5,28.201234567901235,32.18395061728395,False
2025,Singapore Grand Prix,FP2,BOR,5,Kick Sauber,8.0,2.0,MEDIUM,8.0,False,,,,,,215,,False,True,False,,,8.5,28.201234567901235,32.18395061728395,False
2025,Singapore Grand Prix,FP2,BOR,5,Kick Sauber,9.0,3.0,SOFT,1.0,True,,,48.076,36.227,,1,,False,True,True,,,8.5,28.201234567901235,32.18395061728395,False
2025,Singapore Grand Prix,FP2,BOR,5,Kick Sauber,10.0,3.0,SOFT,2.0,True,,27.539,,,,125,,False,True,False,,,8.5,28.201234567901235,32.18395061728395,False
2025,Singapore Grand Prix,FP2,BOR,5,Kick Sauber,11.0,4.0,SOFT,3.0,False,,,44.676,31.412,,1,,False,True,True,,,8.5,28.201234567901235,32.18395061728395,False
2025,Singapore Grand Prix,FP2,BOR,5,Kick Sauber,12.0,4.0,SOFT,4.0,False,120.222,27.309,47.691,45.222,,12,,False,True,False,,,8.5,28.201234567901235,32.18395061728395,False
2025,Singapore Grand Prix,FP2,BOR,5,Kick Sauber,13.0,5.0,SOFT,5.0,False,,57.214,56.829,35.97,,1,,False,True,True,,,8.5,28.201234567901235,32.18395061728395,False
2025,Singapore Grand Prix,FP2,BOR,5,Kick Sauber,14.0,5.0,SOFT,6.0,False,92.319,27.353,38.839,26.127,,1,,True,False,True,,,8.5,28.201234567901235,32.18395061728395,False
2025,Singapore Grand Prix,FP2,BOR,5,Kick Sauber,15.0,5.0,SOFT,7.0,False,,48.416,63.657,41.338,,1,,False,False,True,,,8.5,28.201234567901235,32.18395061728395,False
2025,Singapore Grand Prix,FP2,BOR,5,Kick Sauber,16.0,5.0,SOFT,8.0,False,92.486,27.418,38.822,26.246,,12,,True,False,False,,,8.5,28.201234567901235,32.18395061728395,False
2025,Singapore Grand Prix,FP2,BOR,5,Kick Sauber,17.0,5.0,SOFT,9.0,False,114.893,33.364,49.64,31.889,,1,,True,False,True,,,8.5,28.201234567901235,32.18395061728395,False
2025,Singapore Grand Prix,FP2,BOR,5,Kick Sauber,18.0,5.0,SOFT,10.0,False,128.579,30.024,51.016,47.539,,1,,True,False,True,,,8.5,28.201234567901235,32.18395061728395,False
2025,Singapore Grand Prix,FP2,BOR,5,Kick Sauber,19.0,5.0,SOFT,11.0,False,,63.524,56.133,39.603,,1,,False,True,True,,,8.5,28.201234567901235,32.18395061728395,False
2025,Singapore Grand Prix,FP2,HAD,6,Racing Bulls,1.0,1.0,MEDIUM,1.0,True,,,46.559,30.28,,1,,False,True,True,,,8.5,28.201234567901235,32.18395061728395,False
2025,Singapore Grand Prix,FP2,HAD,6,Racing Bulls,2.0,1.0,MEDIUM,2.0,True,94.274,27.505,39.361,27.408,,1,,True,False,True,,,8.5,28.201234567901235,32.18395061728395,False
2025,Singapore Grand Prix,FP2,HAD,6,Racing Bulls,3.0,1.0,MEDIUM,3.0,True,,52.298,62.083,38.849,,1,,False,False,True,,,8.5,28.201234567901235,32.18395061728395,False
2025,Singapore Grand Prix,FP2,HAD,6,Racing Bulls,4.0,1.0,MEDIUM,4.0,True,145.251,40.301,64.339,40.611,,12,,True,False,False,,,8.5,28.201234567901235,32.18395061728395,False
2025,Singapore Grand Prix,FP2,HAD,6,Racing Bulls,5.0,1.0,MEDIUM,5.0,True,92.672,27.454,38.898,26.32,,1,,True,False,True,,,8.5,28.201234567901235,32.18395061728395,False
2025,Singapore Grand Prix,FP2,HAD,6,Racing Bulls,6.0,1.0,MEDIUM,6.0,True,147.509,48.615,61.0,37.894,,1,,True,False,True,,,8.5,28.201234567901235,32.18395061728395,False
2025,Singapore Grand Prix,FP2,HAD,6,Racing Bulls,7.0,1.0,MEDIUM,7.0,True,117.945,37.38,49.908,30.657,,12,,True,False,False,,,8.5,28.201234567901235,32.18395061728395,False
2025,Singapore Grand Prix,FP2,HAD,6,Racing Bulls,8.0,1.0,MEDIUM,8.0,True,,27.25,,,,215,,False,True,False,,,8.5,28.201234567901235,32.18395061728395,False
2025,Singapore Grand Prix,FP2,HAD,6,Racing Bulls,9.0,2.0,SOFT,1.0,True,,,50.656,33.182,,1,,False,True,True,,,8.5,28.201234567901235,32.18395061728395,False
2025,Singapore Grand Prix,FP2,HAD,6,Racing Bulls,10.0,2.0,SOFT,2.0,True,,27.308,38.933,,,125,,False,True,False,,,8.5,28.201234567901235,32.18395061728395,False
2025,Singapore Grand Prix,FP2,HAD,6,Racing Bulls,11.0,3.0,SOFT,3.0,False,,,44.974,28.713,,1,,False,True,True,,,8.5,28.201234567901235,32.18395061728395,False
2025,Singapore Grand Prix,FP2,HAD,6,Racing Bulls,12.0,3.0,SOFT,4.0,False,91.44,27.129,38.465,25.846,,1,,True,False,True,,,8.5,28.201234567901235,32.18395061728395,False
2025,Singapore Grand Prix,FP2,HAD,6,Racing Bulls,13.0,3.0,SOFT,5.0,False,144.464,43.276,60.705,40.483,,12,,True,False,False,,,8.5,28.201234567901235,32.18395061728395,False
2025,Singapore Grand Prix,FP2,HAD,6,Racing Bulls,14.0,3.0,SOFT,6.0,False,131.952,42.69,52.972,36.29,,1,,True,False,True,,,8.5,28.201234567901235,32.18395061728395,False
2025,Singapore Grand Prix,FP2,HAD,6,Racing Bulls,15.0,3.0,SOFT,7.0,False,117.189,36.871,51.259,29.059,,1,,True,False,True,,,8.5,28.201234567901235,32.18395061728395,False
2025,Singapore Grand Prix,FP2,HAD,6,Racing Bulls,16.0,3.0,SOFT,8.0,False,90.846,27.037,38.129,25.68,,1,,True,False,True,,,8.5,28.201234567901235,32.18395061728395,False
2025,Singapore Grand Prix,FP2,HAD,6,Racing Bulls,17.0,3.0,SOFT,9.0,False,121.249,37.586,53.105,30.558,,12,,True,False,False,,,8.5,28.201234567901235,32.18395061728395,False
2025,Singapore Grand Prix,FP2,HAD,6,Racing Bulls,18.0,3.0,SOFT,10.0,False,,41.236,56.906,53.461,,1,,False,False,True,,,8.5,28.201234567901235,32.18395061728395,False
2025,Singapore Grand Prix,FP2,HAD,6,Racing Bulls,19.0,3.0,SOFT,11.0,False,143.291,54.826,45.638,42.827,,1,,False,True,True,,,8.5,28.201234567901235,32.18395061728395,False
2025,Singapore Grand Prix,FP2,GAS,10,Alpine,1.0,1.0,MEDIUM,1.0,True,,,57.137,30.247,,1,,False,True,True,,,8.5,28.201234567901235,32.18395061728395,False
2025,Singapore Grand Prix,FP2,GAS,10,Alpine,2.0,1.0,MEDIUM,2.0,True,94.764,27.772,40.018,26.974,,1,,True,False,True,,,8.5,28.201234567901235,32.18395061728395,False
2025,Singapore Grand Prix,FP2,GAS,10,Alpine,3.0,1.0,MEDIUM,3.0,True,,51.262,67.196,47.095,,1,,False,True,True,,,8.5,28.201234567901235,32.18395061728395,False
2025,Singapore Grand Prix,FP2,GAS,10,Alpine,4.0,2.0,MEDIUM,4.0,False,132.687,49.53,52.704,30.453,,12,,False,True,False,,,8.5,28.201234567901235,32.18395061728395,False
2025,Singapore Grand Prix,FP2,GAS,10,Alpine,5.0,2.0,MEDIUM,5.0,False,93.539,27.777,39.146,26.616,,1,,True,False,True,,,8.5,28.201234567901235,32.18395061728395,False
2025,Singapore Grand Prix,FP2,GAS,10,Alpine,6.0,2.0,MEDIUM,6.0,False,140.115,40.194,57.842,42.079,,1,,False,True,True,,,8.5,28.201234567901235,32.18395061728395,False
2025,Singapore Grand Prix,FP2,GAS,10,Alpine,7.0,3.0,MEDIUM,7.0,False,133.863,50.742,51.79,31.331,,1,,False,True,True,,,8.5,28.201234567901235,32.18395061728395,False
2025,Singapore Grand Prix,FP2,GAS,10,Alpine,8.0,3.0,MEDIUM,8.0,False,,27.489,38.829,,,125,,False,True,False,,,8.5,28.201234567901235,32.18395061728395,False
2025,Singapore Grand Prix,FP2,GAS,10,Alpine,9.0,4.0,SOFT,1.0,True,,,45.936,30.17,,1,,False,True,True,,,8.5,28.201234567901235,32.18395061728395,False
2025,Singapore Grand Prix,FP2,GAS,10,Alpine,10.0,4.0,SOFT,2.0,True,92.585,27.367,38.906,26.312,,1,,True,False,True,,,8.5,28.201234567901235,32.18395061728395,False
2025,Singapore Grand Prix,FP2,GAS,10,Alpine,11.0,4.0,SOFT,3.0,True,,49.89,,,,125,,False,True,False,,,8.5,28.201234567901235,32.18395061728395,False
2025,Singapore Grand Prix,FP2,GAS,10,Alpine,12.0,5.0,SOFT,4.0,False,,,45.409,29.337,,1,,False,True,True,,,8.5,28.201234567901235,32.18395061728395,False
2025,Singapore Grand Prix,FP2,GAS,10,Alpine,13.0,5.0,SOFT,5.0,False,93.163,27.316,39.477,26.37,,12,,True,False,False,,,8.5,28.201234567901235,32.18395061728395,False
2025,Singapore Grand Prix,FP2,GAS,10,Alpine,14.0,5.0,SOFT,6.0,False,,47.047,62.03,49.801,,1,,False,True,True,,,8.5,28.201234567901235,32.18395061728395,False
2025,Singapore Grand Prix,FP2,GAS,10,Alpine,15.0,6.0,SOFT,7.0,False,133.594,51.751,52.554,29.289,,1,,False,True,True,,,8.5,28.201234567901235,32.18395061728395,False
2025,Singapore Grand Prix,FP2,GAS,10,Alpine,16.0,6.0,SOFT,8.0,False,127.883,27.391,58.375,42.117,,1,,True,False,True,,,8.5,28.201234567901235,32.18395061728395,False
2025,Singapore Grand Prix,FP2,GAS,10,Alpine,17.0,6.0,SOFT,9.0,False,92.458,27.443,38.871,26.144,,1,,True,False,True,,,8.5,28.201234567901235,32.18395061728395,False
2025,Singapore Grand Prix,FP2,GAS,10,Alpine,18.0,6.0,SOFT,10.0,False,95.729,28.322,40.392,27.015,,12,,True,False,False,,,8.5,28.201234567901235,32.18395061728395,False
2025,Singapore Grand Prix,FP2,GAS,10,Alpine,19.0,6.0,SOFT,11.0,False,135.253,29.752,56.057,49.444,,1,,True,False,True,,,8.5,28.201234567901235,32.18395061728395,False
2025,Singapore Grand Prix,FP2,GAS,10,Alpine,20.0,6.0,SOFT,12.0,False,137.114,59.599,42.816,34.699,,1,,False,True,True,,,8.5,28.201234567901235,32.18395061728395,False
2025,Singapore Grand Prix,FP2,ANT,12,Mercedes,1.0,1.0,MEDIUM,1.0,True,,,49.653,29.82,,1,,False,True,True,,,8.5,28.201234567901235,32.18395061728395,False
2025,Singapore Grand Prix,FP2,ANT,12,Mercedes,2.0,1.0,MEDIUM,2.0,True,92.883,27.565,39.124,26.194,,1,,True,False,True,,,8.5,28.201234567901235,32.18395061728395,False
2025,Singapore Grand Prix,FP2,ANT,12,Mercedes,3.0,1.0,MEDIUM,3.0,True,,52.463,77.513,30.891,,1,,False,False,True,,,8.5,28.201234567901235,32.18395061728395,False
2025,Singapore Grand Prix,FP2,ANT,12,Mercedes,4.0,1.0,MEDIUM,4.0,True,122.18,27.512,38.668,56.0,,12,,False,True,False,,,8.5,28.201234567901235,32.18395061728395,False
2025,Singapore Grand Prix,FP2,ANT,12,Mercedes,5.0,2.0,MEDIUM,5.0,False,,80.695,65.196,34.829,,1,,False,True,True,,,8.5,28.201234567901235,32.18395061728395,False
2025,Singapore Grand Prix,FP2,ANT,12,Mercedes,6.0,2.0,MEDIUM,6.0,False,92.719,27.725,38.772,26.222,,1,,True,False,True,,,8.5,28.201234567901235,32.18395061728395,False
2025,Singapore Grand Prix,FP2,ANT,12,Mercedes,7.0,2.0,MEDIUM,7.0,False,141.912,44.505,54.355,43.052,,12,,False,True,False,,,8.5,28.201234567901235,32.18395061728395,False
2025,Singapore Grand Prix,FP2,ANT,12,Mercedes,8.0,3.0,SOFT,1.0,True,,,57.008,30.27,,1,,False,True,True,,,8.5,28.201234567901235,32.18395061728395,False
2025,Singapore Grand Prix,FP2,ANT,12,Mercedes,9.0,3.0,SOFT,2.0,True,,27.02,38.17,,,125,,False,True,False,,,8.5,28.201234567901235,32.18395061728395,False
2025,Singapore Grand Prix,FP2,ANT,12,Mercedes,10.0,4.0,MEDIUM,8.0,False,,,48.341,31.501,,1,,False,True,True,,,8.5,28.201234567901235,32.18395061728395,False
2025,Singapore Grand Prix,FP2,ANT,12,Mercedes,11.0,4.0,MEDIUM,9.0,False,98.269,29.237,41.205,27.826999999999998,,12,,True,False,False,,,8.5,28.201234567901235,32.18395061728395,False
2025,Singapore Grand Prix,FP2,ANT,12,Mercedes,12.0,4.0,MEDIUM,10.0,False,97.411,28.806,40.833,27.772,,1,,True,False,True,,,8.5,28.201234567901235,32.18395061728395,False
2025,Singapore Grand Prix,FP2,ANT,12,Mercedes,13.0,4.0,MEDIUM,11.0,False,96.722,28.718,40.595,27.409,,1,,True,False,True,,,8.5,28.201234567901235,32.18395061728395,False
2025,Singapore Grand Prix,FP2,ANT,12,Mercedes,14.0,4.0,MEDIUM,12.0,False,96.785,28.652,40.565,27.568,,1,,True,False,True,,,8.5,28.201234567901235,32.18395061728395,False
2025,Singapore Grand Prix,FP2,ANT,12,Mercedes,15.0,4.0,MEDIUM,13.0,False,97.949,28.685,40.585,28.679,,1,,True,False,True,,,8.5,28.201234567901235,32.18395061728395,False
2025,Singapore Grand Prix,FP2,ANT,12,Mercedes,16.0,4.0,MEDIUM,14.0,False,99.199,30.156,41.335,27.708,,12,,True,False,False,,,8.5,28.201234567901235,32.18395061728395,False
2025,Singapore Grand Prix,FP2,ANT,12,Mercedes,17.0,4.0,MEDIUM,15.0,False,136.406,29.363,62.985,44.058,,1,,True,False,True,,,8.5,28.201234567901235,32.18395061728395,False
2025,Singapore Grand Prix,FP2,ANT,12,Mercedes,18.0,4.0,MEDIUM,16.0,False,147.456,65.177,47.188,35.091,,1,,False,True,True,,,8.5,28.201234567901235,32.18395061728395,False
2025,Singapore Grand Prix,FP2,ALO,14,Aston Martin,1.0,1.0,HARD,1.0,True,,,50.638,37.577,,1,,False,True,True,,,8.5,28.201234567901235,32.18395061728395,False
2025,Singapore Grand Prix,FP2,ALO,14,Aston Martin,2.0,1.0,HARD,2.0,True,94.068,27.886,39.787,26.395,,1,,True,False,True,,,8.5,28.201234567901235,32.18395061728395,False
2025,Singapore Grand Prix,FP2,ALO,14,Aston Martin,3.0,1.0,HARD,3.0,True,134.001,39.387,54.181,40.433,,1,,True,False,True,,,8.5,28.201234567901235,32.18395061728395,False
2025,Singapore Grand Prix,FP2,ALO,14,Aston Martin,4.0,1.0,HARD,4.0,True,92.855,27.474,39.179,26.202,,12,,True,False,False,,,8.5,28.201234567901235,32.18395061728395,False
2025,Singapore Grand Prix,FP2,ALO,14,Aston Martin,5.0,1.0,HARD,5.0,True,130.64,41.809,53.72,35.111,,1,,True,False,True,,,8.5,28.201234567901235,32.18395061728395,False
2025,Singapore Grand Prix,FP2,ALO,14,Aston Martin,6.0,1.0,HARD,6.0,True,92.253,27.422,38.922,25.909,,1,,True,False,True,,,8.5,28.201234567901235,32.18395061728395,False
2025,Singapore Grand Prix,FP2,ALO,14,Aston Martin,7.0,1.0,HARD,7.0,True,123.406,38.936,47.66,36.81,,12,,False,True,False,,,8.5,28.201234567901235,32.18395061728395,False
2025,Singapore Grand Prix,FP2,ALO,14,Aston Martin,8.0,2.0,SOFT,1.0,True,,,51.834,29.763,,1,,False,True,True,,,8.5,28.201234567901235,32.18395061728395,False
2025,Singapore Grand Prix,FP2,ALO,14,Aston Martin,9.0,2.0,SOFT,2.0,True,101.061,26.902,38.247,35.912,,12,,True,False,False,,,8.5,28.201234567901235,32.18395061728395,False
2025,Singapore Grand Prix,FP2,ALO,14,Aston Martin,10.0,2.0,SOFT,3.0,True,,,,,,251,,False,True,False,,,8.5,28.201234567901235,32.18395061728395,False
2025,Singapore Grand Prix,FP2,ALO,14,Aston Martin,11.0,3.0,SOFT,4.0,False,,,48.349,30.342,,1,,False,True,True,,,8.5,28.201234567901235,32.18395061728395,False
2025,Singapore Grand Prix,FP2,ALO,14,Aston Martin,12.0,3.0,SOFT,5.0,False,90.877,26.86,38.253,25.764,,12,,True,False,False,,,8.5,28.201234567901235,32.18395061728395,False
2025,Singapore Grand Prix,FP2,ALO,14,Aston Martin,13.0,3.0,SOFT,6.0,False,148.588,44.352,64.021,40.215,,1,,True,False,True,,,8.5,28.201234567901235,32.18395061728395,False
2025,Singapore Grand Prix,FP2,ALO,14,Aston Martin,14.0,3.0,SOFT,7.0,False,118.754,34.135,51.479,33.14,,1,,True,False,True,,,8.5,28.201234567901235,32.18395061728395,False
2025,Singapore Grand Prix,FP2,ALO,14,Aston Martin,15.0,3.0,SOFT,8.0,False,90.937,26.875,38.321,25.741,,1,,True,False,True,,,8.5,28.201234567901235,32.18395061728395,False
2025,Singapore Grand Prix,FP2,ALO,14,Aston Martin,16.0,3.0,SOFT,9.0,False,116.357,44.409,42.798,29.15,,12,,True,False,False,,,8.5,28.201234567901235,32.18395061728395,False
2025,Singapore Grand Prix,FP2,ALO,14,Aston Martin,17.0,3.0,SOFT,10.0,False,95.103,28.105,39.991,27.007,,21,,True,False,False,,,8.5,28.201234567901235,32.18395061728395,False
2025,Singapore Grand Prix,FP2,ALO,14,Aston Martin,18.0,3.0,SOFT,11.0,False,130.874,33.369,50.148,47.357,,1,,True,False,True,,,8.5,28.201234567901235,32.18395061728395,False
2025,Singapore Grand Prix,FP2,ALO,14,Aston Martin,19.0,3.0,SOFT,12.0,False,142.699,56.945,48.372,37.382,,1,,False,True,True,,,8.5,28.201234567901235,32.18395061728395,False
2025,Singapore Grand Prix,FP2,LEC,16,Ferrari,1.0,1.0,MEDIUM,1.0,True,,,51.136,32.828,,1,,False,True,True,,,8.5,28.201234567901235,32.18395061728395,False
2025,Singapore Grand Prix,FP2,LEC,16,Ferrari,2.0,1.0,MEDIUM,2.0,True,93.203,27.675,39.238,26.29,,1,,True,False,True,,,8.5,28.201234567901235,32.18395061728395,False
2025,Singapore Grand Prix,FP2,LEC,16,Ferrari,3.0,1.0,MEDIUM,3.0,True,,42.675,74.892,32.839,,1,,False,False,True,,,8.5,28.201234567901235,32.18395061728395,False
2025,Singapore Grand Prix,FP2,LEC,16,Ferrari,4.0,1.0,MEDIUM,4.0,True,121.296,30.52,53.289,37.487,,12,,True,False,False,,,8.5,28.201234567901235,32.18395061728395,False
2025,Singapore Grand Prix,FP2,LEC,16,Ferrari,5.0,1.0,MEDIUM,5.0,True,92.676,27.433,38.956,26.287,,1,,True,False,True,,,8.5,28.201234567901235,32.18395061728395,False
2025,Singapore Grand Prix,FP2,LEC,16,Ferrari,6.0,1.0,MEDIUM,6.0,True,149.841,45.26,63.486,41.095,,1,,False,True,True,,,8.5,28.201234567901235,32.18395061728395,False
2025,Singapore Grand Prix,FP2,LEC,16,Ferrari,7.0,2.0,MEDIUM,7.0,False,,71.382,47.353,,,125,,False,True,False,,,8.5,28.201234567901235,32.18395061728395,False
2025,Singapore Grand Prix,FP2,LEC,16,Ferrari,8.0,3.0,MEDIUM,8.0,False,,,43.211,28.228,,1,,False,True,True,,,8.5,28.201234567901235,32.18395061728395,False
2025,Singapore Grand Prix,FP2,LEC,16,Ferrari,9.0,3.0,MEDIUM,9.0,False,91.985,27.21,38.755,26.02,,1,,True,False,True,,,8.5,28.201234567901235,32.18395061728395,False
2025,Singapore Grand Prix,FP2,LEC,16,Ferrari,10.0,3.0,MEDIUM,10.0,False,,40.49,62.835,,,125,,False,True,False,,,8.5,28.201234567901235,32.18395061728395,False
2025,Singapore Grand Prix,FP2,LEC,16,Ferrari,11.0,4.0,SOFT,1.0,True,,,47.802,29.683,,12,,False,True,False,,,8.5,28.201234567901235,32.18395061728395,False
2025,Singapore Grand Prix,FP2,LEC,16,Ferrari,12.0,4.0,SOFT,2.0,True,91.466,26.963,38.287,26.216,,1,,True,False,True,,,8.5,28.201234567901235,32.18395061728395,False
2025,Singapore Grand Prix,FP2,LEC,16,Ferrari,13.0,4.0,SOFT,3.0,True,,42.84,63.292,46.023,,1,,False,True,True,,,8.5,28.201234567901235,32.18395061728395,False
2025,Singapore Grand Prix,FP2,LEC,16,Ferrari,14.0,5.0,SOFT,4.0,False,,53.913,54.23,45.494,,1,,False,True,True,,,8.5,28.201234567901235,32.18395061728395,False
2025,Singapore Grand Prix,FP2,LEC,16,Ferrari,15.0,5.0,SOFT,5.0,False,108.984,27.086,38.694,43.204,,1,,True,False,True,,,8.5,28.201234567901235,32.18395061728395,False
2025,Singapore Grand Prix,FP2,LEC,16,Ferrari,16.0,5.0,SOFT,6.0,False,103.605,27.152,43.254,33.199,,12,,True,False,False,,,8.5,28.201234567901235,32.18395061728395,False
2025,Singapore Grand Prix,FP2,LEC,16,Ferrari,17.0,5.0,SOFT,7.0,False,148.667,44.263,58.376,46.028,,1,,True,False,True,,,8.5,28.201234567901235,32.18395061728395,False
2025,Singapore Grand Prix,FP2,LEC,16,Ferrari,18.0,5.0,SOFT,8.0,False,146.591,58.806,50.827,36.958,,1,,False,True,True,,,8.5,28.201234567901235,32.18395061728395,False
2025,Singapore Grand Prix,FP2,STR,18,Aston Martin,1.0,1.0,HARD,1.0,True,,,47.253,37.999,,1,,False,True,True,,,8.5,28.201234567901235,32.18395061728395,False
2025,Singapore Grand Prix,FP2,STR,18,Aston Martin,2.0,1.0,HARD,2.0,True,95.001,28.41,40.126,26.465,,1,,True,False,True,,,8.5,28.201234567901235,32.18395061728395,False
2025,Singapore Grand Prix,FP2,STR,18,Aston Martin,3.0,1.0,HARD,3.0,True,95.024,27.93,40.324,26.77,,1,,True,False,True,,,8.5,28.201234567901235,32.18395061728395,False
2025,Singapore Grand Prix,FP2,STR,18,Aston Martin,4.0,1.0,HARD,4.0,True,,42.783,70.726,37.578,,12,,False,False,False,,,8.5,28.201234567901235,32.18395061728395,False
2025,Singapore Grand Prix,FP2,STR,18,Aston Martin,5.0,1.0,HARD,5.0,True,93.117,27.874,39.111,26.132,,1,,True,False,True,,,8.5,28.201234567901235,32.18395061728395,False
2025,Singapore Grand Prix,FP2,STR,18,Aston Martin,6.0,1.0,HARD,6.0,True,140.682,44.398,58.328,37.956,,1,,True,False,True,,,8.5,28.201234567901235,32.18395061728395,False
2025,Singapore Grand Prix,FP2,STR,18,Aston Martin,7.0,1.0,HARD,7.0,True,92.989,27.645,39.273,26.071,,1,,True,False,True,,,8.5,28.201234567901235,32.18395061728395,False
2025,Singapore Grand Prix,FP2,STR,18,Aston Martin,8.0,1.0,HARD,8.0,True,,48.502,,,,125,,False,True,False,,,8.5,28.201234567901235,32.18395061728395,False
2025,Singapore Grand Prix,FP2,STR,18,Aston Martin,9.0,2.0,SOFT,1.0,True,,,50.748,44.021,,12,,False,True,False,,,8.5,28.201234567901235,32.18395061728395,False
2025,Singapore Grand Prix,FP2,STR,18,Aston Martin,10.0,2.0,SOFT,2.0,True,,,,,,251,,False,True,False,,,8.5,28.201234567901235,32.18395061728395,False
2025,Singapore Grand Prix,FP2,STR,18,Aston Martin,11.0,3.0,SOFT,3.0,False,,,47.155,29.111,,12,,False,True,False,,,8.5,28.201234567901235,32.18395061728395,False
2025,Singapore Grand Prix,FP2,STR,18,Aston Martin,12.0,3.0,SOFT,4.0,False,91.389,27.167,38.403,25.819,,1,,True,False,True,,,8.5,28.201234567901235,32.18395061728395,False
2025,Singapore Grand Prix,FP2,STR,18,Aston Martin,13.0,3.0,SOFT,5.0,False,,48.015,63.586,46.203,,1,,False,False,True,,,8.5,28.201234567901235,32.18395061728395,False
2025,Singapore Grand Prix,FP2,STR,18,Aston Martin,14.0,3.0,SOFT,6.0,False,132.083,44.088,57.61,30.385,,1,,True,False,True,,,8.5,28.201234567901235,32.18395061728395,False
2025,Singapore Grand Prix,FP2,STR,18,Aston Martin,15.0,3.0,SOFT,7.0,False,91.222,27.315,38.31,25.597,,1,,True,False,True,,,8.5,28.201234567901235,32.18395061728395,False
2025,Singapore Grand Prix,FP2,STR,18,Aston Martin,16.0,3.0,SOFT,8.0,False,120.044,33.926,56.77,29.348,,12,,True,False,False,,,8.5,28.201234567901235,32.18395061728395,False
2025,Singapore Grand Prix,FP2,STR,18,Aston Martin,17.0,3.0,SOFT,9.0,False,145.53,31.495,63.641,50.394,,1,,True,False,True,,,8.5,28.201234567901235,32.18395061728395,False
2025,Singapore Grand Prix,FP2,STR,18,Aston Martin,18.0,3.0,SOFT,10.0,False,,63.71,55.668,37.528,,1,,False,True,True,,,8.5,28.201234567901235,32.18395061728395,False
2025,Singapore Grand Prix,FP2,TSU,22,Red Bull Racing,1.0,1.0,MEDIUM,1.0,True,,,49.053,35.887,,1,,False,True,True,,,8.5,28.201234567901235,32.18395061728395,False
2025,Singapore Grand Prix,FP2,TSU,22,Red Bull Racing,2.0,1.0,MEDIUM,2.0,True,94.128,27.928,39.481,26.719,,1,,True,False,True,,,8.5,28.201234567901235,32.18395061728395,False
2025,Singapore Grand Prix,FP2,TSU,22,Red Bull Racing,3.0,1.0,MEDIUM,3.0,True,,48.949,75.098,33.546,,1,,False,False,True,,,8.5,28.201234567901235,32.18395061728395,False
2025,Singapore Grand Prix,FP2,TSU,22,Red Bull Racing,4.0,1.0,MEDIUM,4.0,True,93.133,27.671,39.152,26.31,,12,,True,False,False,,,8.5,28.201234567901235,32.18395061728395,False
2025,Singapore Grand Prix,FP2,TSU,22,Red Bull Racing,5.0,1.0,MEDIUM,5.0,True,,42.537,64.662,45.882,,1,,False,True,True,,,8.5,28.201234567901235,32.18395061728395,False
2025,Singapore Grand Prix,FP2,TSU,22,Red Bull Racing,6.0,2.0,MEDIUM,6.0,False,145.54,64.281,51.613,29.646,,1,,False,True,True,,,8.5,28.201234567901235,32.18395061728395,False
2025,Singapore Grand Prix,FP2,TSU,22,Red Bull Racing,7.0,2.0,MEDIUM,7.0,False,114.162,27.453,47.693,39.016,,12,,True,False,False,,,8.5,28.201234567901235,32.18395061728395,False
2025,Singapore Grand Prix,FP2,TSU,22,Red Bull Racing,8.0,2.0,MEDIUM,8.0,False,,,,,,215,,False,True,False,,,8.5,28.201234567901235,32.18395061728395,False
2025,Singapore Grand Prix,FP2,TSU,22,Red Bull Racing,9.0,3.0,SOFT,1.0,True,,,57.796,34.818,,12,,False,True,False,,,8.5,28.201234567901235,32.18395061728395,False
2025,Singapore Grand Prix,FP2,TSU,22,Red Bull Racing,10.0,3.0,SOFT,2.0,True,,,,,,251,,False,True,False,,,8.5,28.201234567901235,32.18395061728395,False
2025,Singapore Grand Prix,FP2,TSU,22,Red Bull Racing,11.0,4.0,SOFT,3.0,False,,,45.218,32.587,,12,,False,True,False,,,8.5,28.201234567901235,32.18395061728395,False
2025,Singapore Grand Prix,FP2,TSU,22,Red Bull Racing,12.0,4.0,SOFT,4.0,False,124.383,27.274,55.667,41.442,,1,,True,False,True,,,8.5,28.201234567901235,32.18395061728395,False
2025,Singapore Grand Prix,FP2,TSU,22,Red Bull Racing,13.0,4.0,SOFT,5.0,False,91.708,27.244,38.257,26.207,,1,,True,False,True,,,8.5,28.201234567901235,32.18395061728395,False
2025,Singapore Grand Prix,FP2,TSU,22,Red Bull Racing,14.0,4.0,SOFT,6.0,False,108.869,30.543,43.295,35.031,,1,,False,True,True,,,8.5,28.201234567901235,32.18395061728395,False
2025,Singapore Grand Prix,FP2,TSU,22,Red Bull Racing,15.0,5.0,MEDIUM,9.0,False,128.019,53.65,41.993,32.376,,1,,False,True,True,,,8.5,28.201234567901235,32.18395061728395,False
2025,Singapore Grand Prix,FP2,TSU,22,Red Bull Racing,16.0,5.0,MEDIUM,10.0,False,95.706,28.565,40.323,26.818,,12,,True,False,False,,,8.5,28.201234567901235,32.18395061728395,False
2025,Singapore Grand Prix,FP2,TSU,22,Red Bull Racing,17.0,5.0,MEDIUM,11.0,False,136.495,37.199,56.296,43.0,,1,,True,False,True,,,8.5,28.201234567901235,32.18395061728395,False
2025,Singapore Grand Prix,FP2,TSU,22,Red Bull Racing,18.0,5.0,MEDIUM,12.0,False,,49.523,46.935,86.552,,1,,False,True,True,,,8.5,28.201234567901235,32.18395061728395,False
2025,Singapore Grand Prix,FP2,ALB,23,Williams,1.0,1.0,MEDIUM,1.0,True,,,49.432,31.239,,1,,False,True,True,,,8.5,28.201234567901235,32.18395061728395,False
2025,Singapore Grand Prix,FP2,ALB,23,Williams,2.0,1.0,MEDIUM,2.0,True,95.037,28.003,40.119,26.915,,1,,True,False,True,,,8.5,28.201234567901235,32.18395061728395,False
2025,Singapore Grand Prix,FP2,ALB,23,Williams,3.0,1.0,MEDIUM,3.0,True,,46.219,77.625,38.292,,1,,False,False,True,,,8.5,28.201234567901235,32.18395061728395,False
2025,Singapore Grand Prix,FP2,ALB,23,Williams,4.0,1.0,MEDIUM,4.0,True,94.918,27.699,39.498,27.721,,12,,True,False,False,,,8.5,28.201234567901235,32.18395061728395,False
2025,Singapore Grand Prix,FP2,ALB,23,Williams,5.0,1.0,MEDIUM,5.0,True,147.668,46.393,65.553,35.722,,1,,True,False,True,,,8.5,28.201234567901235,32.18395061728395,False
2025,Singapore Grand Prix,FP2,ALB,23,Williams,6.0,1.0,MEDIUM,6.0,True,93.282,27.699,39.223,26.36,,1,,True,False,True,,,8.5,28.201234567901235,32.18395061728395,False
2025,Singapore Grand Prix,FP2,ALB,23,Williams,7.0,1.0,MEDIUM,7.0,True,147.105,47.318,61.872,37.915,,12,,True,False,False,,,8.5,28.201234567901235,32.18395061728395,False
2025,Singapore Grand Prix,FP2,ALB,23,Williams,8.0,1.0,MEDIUM,8.0,True,,,,,,152,,False,True,False,,,8.5,28.201234567901235,32.18395061728395,False
2025,Singapore Grand Prix,FP2,ALB,23,Williams,9.0,2.0,MEDIUM,9.0,False,,,43.811,29.588,,1,,False,True,True,,,8.5,28.201234567901235,32.18395061728395,False
2025,Singapore Grand Prix,FP2,ALB,23,Williams,10.0,2.0,MEDIUM,10.0,False,93.19,27.575,39.194,26.421,,1,,True,False,True,,,8.5,28.201234567901235,32.18395061728395,False
2025,Singapore Grand Prix,FP2,ALB,23,Williams,11.0,2.0,MEDIUM,11.0,False,,35.062,,,,125,,False,True,False,,,8.5,28.201234567901235,32.18395061728395,False
2025,Singapore Grand Prix,FP2,ALB,23,Williams,12.0,3.0,SOFT,1.0,True,,,45.41,29.037,,1,,False,True,True,,,8.5,28.201234567901235,32.18395061728395,False
2025,Singapore Grand Prix,FP2,ALB,23,Williams,13.0,3.0,SOFT,2.0,True,92.06,27.154,38.652,26.254,,12,,True,False,False,,,8.5,28.201234567901235,32.18395061728395,False
2025,Singapore Grand Prix,FP2,ALB,23,Williams,14.0,3.0,SOFT,3.0,True,,47.488,64.997,44.243,,1,,False,False,True,,,8.5,28.201234567901235,32.18395061728395,False
2025,Singapore Grand Prix,FP2,ALB,23,Williams,15.0,3.0,SOFT,4.0,True,146.529,42.835,64.491,39.203,,1,,True,False,True,,,8.5,28.201234567901235,32.18395061728395,False
2025,Singapore Grand Prix,FP2,ALB,23,Williams,16.0,3.0,SOFT,5.0,True,128.658,27.15,59.574,41.934,,1,,True,False,True,,,8.5,28.201234567901235,32.18395061728395,False
2025,Singapore Grand Prix,FP2,ALB,23,Williams,17.0,3.0,SOFT,6.0,True,105.29,27.202,42.415,35.673,,12,,True,False,False,,,8.5,28.201234567901235,32.18395061728395,False
2025,Singapore Grand Prix,FP2,ALB,23,Williams,18.0,3.0,SOFT,7.0,True,119.084,33.827,45.111,40.146,,1,,True,False,True,,,8.5,28.201234567901235,32.18395061728395,False
2025,Singapore Grand Prix,FP2,ALB,23,Williams,19.0,3.0,SOFT,8.0,True,142.833,60.177,47.228,35.428,,1,,False,True,True,,,8.5,28.201234567901235,32.18395061728395,False
2025,Singapore Grand Prix,FP2,HUL,27,Kick Sauber,1.0,1.0,MEDIUM,1.0,True,,,46.872,29.333,,1,,False,True,True,,,8.5,28.201234567901235,32.18395061728395,False
2025,Singapore Grand Prix,FP2,HUL,27,Kick Sauber,2.0,1.0,MEDIUM,2.0,True,93.788,27.938,39.321,26.529,,1,,True,False,True,,,8.5,28.201234567901235,32.18395061728395,False
2025,Singapore Grand Prix,FP2,HUL,27,Kick Sauber,3.0,1.0,MEDIUM,3.0,True,,49.615,69.65,38.917,,1,,False,False,True,,,8.5,28.201234567901235,32.18395061728395,False
2025,Singapore Grand Prix,FP2,HUL,27,Kick Sauber,4.0,1.0,MEDIUM,4.0,True,93.352,27.809,39.221,26.322,,1,,True,False,True,,,8.5,28.201234567901235,32.18395061728395,False
2025,Singapore Grand Prix,FP2,HUL,27,Kick Sauber,5.0,1.0,MEDIUM,5.0,True,139.617,46.609,57.807,35.201,,12,,True,False,False,,,8.5,28.201234567901235,32.18395061728395,False
2025,Singapore Grand Prix,FP2,HUL,27,Kick Sauber,6.0,1.0,MEDIUM,6.0,True,93.376,27.576999999999998,39.027,26.772,,1,,True,False,True,,,8.5,28.201234567901235,32.18395061728395,False
2025,Singapore Grand Prix,FP2,HUL,27,Kick Sauber,7.0,1.0,MEDIUM,7.0,True,132.53,37.208,53.09,42.232,,1,,False,True,True,,,8.5,28.201234567901235,32.18395061728395,False
2025,Singapore Grand Prix,FP2,HUL,27,Kick Sauber,8.0,2.0,SOFT,1.0,True,,,46.353,28.978,,1,,False,True,True,,,8.5,28.201234567901235,32.18395061728395,False
2025,Singapore Grand Prix,FP2,HUL,27,Kick Sauber,9.0,2.0,SOFT,2.0,True,92.217,27.163,39.037,26.017,,1,,True,False,True,,,8.5,28.201234567901235,32.18395061728395,False
2025,Singapore Grand Prix,FP2,HUL,27,Kick Sauber,10.0,2.0,SOFT,3.0,True,,45.08,,,,125,,False,True,False,,,8.5,28.201234567901235,32.18395061728395,False
2025,Singapore Grand Prix,FP2,HUL,27,Kick Sauber,11.0,3.0,SOFT,4.0,False,,,43.139,29.86,,1,,False,True,True,,,8.5,28.201234567901235,32.18395061728395,False
2025,Singapore Grand Prix,FP2,HUL,27,Kick Sauber,12.0,3.0,SOFT,5.0,False,97.247,27.077,39.413,30.757,,12,,True,False,False,,,8.5,28.201234567901235,32.18395061728395,False
2025,Singapore Grand Prix,FP2,HUL,27,Kick Sauber,13.0,3.0,SOFT,6.0,False,,47.56,62.796,42.811,,1,,False,False,True,,,8.5,28.201234567901235,32.18395061728395,False
2025,Singapore Grand Prix,FP2,HUL,27,Kick Sauber,14.0,3.0,SOFT,7.0,False,92.069,27.48,38.486,26.103,,1,,True,False,True,,,8.5,28.201234567901235,32.18395061728395,False
2025,Singapore Grand Prix,FP2,HUL,27,Kick Sauber,15.0,3.0,SOFT,8.0,False,131.519,39.982,57.93,33.607,,1,,True,False,True,,,8.5,28.201234567901235,32.18395061728395,False
2025,Singapore Grand Prix,FP2,HUL,27,Kick Sauber,16.0,3.0,SOFT,9.0,False,135.925,38.667,54.814,42.444,,12,,True,False,False,,,8.5,28.201234567901235,32.18395061728395,False
2025,Singapore Grand Prix,FP2,HUL,27,Kick Sauber,17.0,3.0,SOFT,10.0,False,97.574,27.703,39.022,30.849,,1,,True,False,True,,,8.5,28.201234567901235,32.18395061728395,False
2025,Singapore Grand Prix,FP2,HUL,27,Kick Sauber,18.0,3.0,SOFT,11.0,False,139.898,37.05,54.376,48.472,,1,,True,False,True,,,8.5,28.201234567901235,32.18395061728395,False
2025,Singapore Grand Prix,FP2,HUL,27,Kick Sauber,19.0,3.0,SOFT,12.0,False,135.746,58.057,43.589,34.1,,1,,False,True,True,,,8.5,28.201234567901235,32.18395061728395,False
2025,Singapore Grand Prix,FP2,LAW,30,Racing Bulls,1.0,1.0,MEDIUM,1.0,True,,,48.534,29.879,,1,,False,True,True,,,8.5,28.201234567901235,32.18395061728395,False
2025,Singapore Grand Prix,FP2,LAW,30,Racing Bulls,2.0,1.0,MEDIUM,2.0,True,93.864,27.846,39.339,26.679,,1,,True,False,True,,,8.5,28.201234567901235,32.18395061728395,False
2025,Singapore Grand Prix,FP2,LAW,30,Racing Bulls,3.0,1.0,MEDIUM,3.0,True,148.117,43.783,64.547,39.787,,1,,True,False,True,,,8.5,28.201234567901235,32.18395061728395,False
2025,Singapore Grand Prix,FP2,LAW,30,Racing Bulls,4.0,1.0,MEDIUM,4.0,True,128.634,36.833,51.345,40.456,,1,,True,False,True,,,8.5,28.201234567901235,32.18395061728395,False
2025,Singapore Grand Prix,FP2,LAW,30,Racing Bulls,5.0,1.0,MEDIUM,5.0,True,92.645,27.556,38.856,26.233,,12,,True,False,False,,,8.5,28.201234567901235,32.18395061728395,False
2025,Singapore Grand Prix,FP2,LAW,30,Racing Bulls,6.0,1.0,MEDIUM,6.0,True,137.297,44.446,57.708,35.143,,1,,True,False,True,,,8.5,28.201234567901235,32.18395061728395,False
2025,Singapore Grand Prix,FP2,LAW,30,Racing Bulls,7.0,1.0,MEDIUM,7.0,True,125.543,38.23,55.179,32.134,,1,,True,False,True,,,8.5,28.201234567901235,32.18395061728395,False
2025,Singapore Grand Prix,FP2,LAW,30,Racing Bulls,8.0,1.0,MEDIUM,8.0,True,106.553,27.405,38.844,40.304,,12,,False,True,False,,,8.5,28.201234567901235,32.18395061728395,False
2025,Singapore Grand Prix,FP2,LAW,30,Racing Bulls,9.0,2.0,SOFT,1.0,True,,,50.908,30.651,,1,,False,True,True,,,8.5,28.201234567901235,32.18395061728395,False
2025,Singapore Grand Prix,FP2,LAW,30,Racing Bulls,10.0,2.0,SOFT,2.0,True,,27.216,38.354,,,125,,False,True,False,,,8.5,28.201234567901235,32.18395061728395,False
2025,Singapore Grand Prix,FP2,OCO,31,Haas F1 Team,1.0,1.0,MEDIUM,1.0,True,,,48.567,33.832,,1,,False,True,True,,,8.5,28.201234567901235,32.18395061728395,False
2025,Singapore Grand Prix,FP2,OCO,31,Haas F1 Team,2.0,1.0,MEDIUM,2.0,True,94.35,27.888,39.908,26.554,,1,,True,False,True,,,8.5,28.201234567901235,32.18395061728395,False
2025,Singapore Grand Prix,FP2,OCO,31,Haas F1 Team,3.0,1.0,MEDIUM,3.0,True,,45.449,67.027,48.459,,1,,False,False,True,,,8.5,28.201234567901235,32.18395061728395,False
2025,Singapore Grand Prix,FP2,OCO,31,Haas F1 Team,4.0,1.0,MEDIUM,4.0,True,94.298,27.848,39.224,27.226,,12,,True,False,False,,,8.5,28.201234567901235,32.18395061728395,False
2025,Singapore Grand Prix,FP2,OCO,31,Haas F1 Team,5.0,1.0,MEDIUM,5.0,True,140.656,43.634,64.148,32.874,,1,,True,False,True,,,8.5,28.201234567901235,32.18395061728395,False
2025,Singapore Grand Prix,FP2,OCO,31,Haas F1 Team,6.0,1.0,MEDIUM,6.0,True,93.245,27.68,39.146,26.419,,1,,True,False,True,,,8.5,28.201234567901235,32.18395061728395,False
2025,Singapore Grand Prix,FP2,OCO,31,Haas F1 Team,7.0,1.0,MEDIUM,7.0,True,140.138,41.251,64.105,34.782,,12,,True,False,False,,,8.5,28.201234567901235,32.18395061728395,False
2025,Singapore Grand Prix,FP2,OCO,31,Haas F1 Team,8.0,1.0,MEDIUM,8.0,True,,27.629,,,,215,,False,True,False,,,8.5,28.201234567901235,32.18395061728395,False
2025,Singapore Grand Prix,FP2,OCO,31,Haas F1 Team,9.0,2.0,SOFT,1.0,True,,,46.836,30.293,,1,,False,True,True,,,8.5,28.201234567901235,32.18395061728395,False
2025,Singapore Grand Prix,FP2,OCO,31,Haas F1 Team,10.0,2.0,SOFT,2.0,True,91.48,27.093,38.507,25.88,,1,,True,False,True,,,8.5,28.201234567901235,32.18395061728395,False
2025,Singapore Grand Prix,FP2,OCO,31,Haas F1 Team,11.0,2.0,SOFT,3.0,True,,46.237,,,,125,,False,True,False,,,8.5,28.201234567901235,32.18395061728395,False
2025,Singapore Grand Prix,FP2,OCO,31,Haas F1 Team,12.0,3.0,SOFT,4.0,False,,,45.92,29.688,,12,,False,True,False,,,8.5,28.201234567901235,32.18395061728395,False
2025,Singapore Grand Prix,FP2,OCO,31,Haas F1 Team,13.0,3.0,SOFT,5.0,False,92.759,27.387,38.887,26.485,,21,,True,False,False,,,8.5,28.201234567901235,32.18395061728395,False
2025,Singapore Grand Prix,FP2,OCO,31,Haas F1 Team,14.0,3.0,SOFT,6.0,False,135.219,36.939,56.97,41.31,,1,,True,False,True,,,8.5,28.201234567901235,32.18395061728395,False
2025,Singapore Grand Prix,FP2,OCO,31,Haas F1 Team,15.0,3.0,SOFT,7.0,False,130.296,41.007,49.835,39.454,,1,,True,False,True,,,8.5,28.201234567901235,32.18395061728395,False
2025,Singapore Grand Prix,FP2,OCO,31,Haas F1 Team,16.0,3.0,SOFT,8.0,False,91.298,27.086,38.374,25.838,,1,,True,False,True,,,8.5,28.201234567901235,32.18395061728395,False
2025,Singapore Grand Prix,FP2,OCO,31,Haas F1 Team,17.0,3.0,SOFT,9.0,False,141.441,41.577,62.339,37.525,,12,,True,False,False,,,8.5,28.201234567901235,32.18395061728395,False
2025,Singapore Grand Prix,FP2,OCO,31,Haas F1 Team,18.0,3.0,SOFT,10.0,False,133.945,38.086,51.338,44.521,,1,,True,False,True,,,8.5,28.201234567901235,32.18395061728395,False
2025,Singapore Grand Prix,FP2,OCO,31,Haas F1 Team,19.0,3.0,SOFT,11.0,False,,50.042,62.497,46.186,,1,,False,True,True,,,8.5,28.201234567901235,32.18395061728395,False
2025,Singapore Grand Prix,FP2,COL,43,Alpine,1.0,1.0,MEDIUM,1.0,True,,,50.124,31.842,,1,,False,True,True,,,8.5,28.201234567901235,32.18395061728395,False
2025,Singapore Grand Prix,FP2,COL,43,Alpine,2.0,1.0,MEDIUM,2.0,True,98.364,27.824,43.279,27.261,,1,,True,False,True,,,8.5,28.201234567901235,32.18395061728395,False
2025,Singapore Grand Prix,FP2,COL,43,Alpine,3.0,1.0,MEDIUM,3.0,True,,46.053,61.557,45.619,,1,,False,True,True,,,8.5,28.201234567901235,32.18395061728395,False
2025,Singapore Grand Prix,FP2,COL,43,Alpine,4.0,2.0,MEDIUM,4.0,False,139.142,55.592,51.42,32.13,,12,,False,True,False,,,8.5,28.201234567901235,32.18395061728395,False
2025,Singapore Grand Prix,FP2,COL,43,Alpine,5.0,2.0,MEDIUM,5.0,False,119.927,30.439,56.862,32.626,,1,,True,False,True,,,8.5,28.201234567901235,32.18395061728395,False
2025,Singapore Grand Prix,FP2,COL,43,Alpine,6.0,2.0,MEDIUM,6.0,False,93.967,27.628,39.586,26.753,,1,,True,False,True,,,8.5,28.201234567901235,32.18395061728395,False
2025,Singapore Grand Prix,FP2,COL,43,Alpine,7.0,2.0,MEDIUM,7.0,False,,48.086,66.317,46.301,,1,,False,True,True,,,8.5,28.201234567901235,32.18395061728395,False
2025,Singapore Grand Prix,FP2,COL,43,Alpine,8.0,3.0,MEDIUM,8.0,False,,61.043,,,,125,,False,True,False,,,8.5,28.201234567901235,32.18395061728395,False
2025,Singapore Grand Prix,FP2,COL,43,Alpine,9.0,4.0,SOFT,1.0,True,,,43.245,33.796,,1,,False,True,True,,,8.5,28.201234567901235,32.18395061728395,False
2025,Singapore Grand Prix,FP2,COL,43,Alpine,10.0,4.0,SOFT,2.0,True,104.165,27.489,40.563,36.113,,12,,True,False,False,,,8.5,28.201234567901235,32.18395061728395,False
2025,Singapore Grand Prix,FP2,COL,43,Alpine,11.0,4.0,SOFT,3.0,True,,,,,,251,,False,True,False,,,8.5,28.201234567901235,32.18395061728395,False
2025,Singapore Grand Prix,FP2,COL,43,Alpine,12.0,5.0,SOFT,4.0,False,,,43.909,28.867,,1,,False,True,True,,,8.5,28.201234567901235,32.18395061728395,False
2025,Singapore Grand Prix,FP2,COL,43,Alpine,13.0,5.0,SOFT,5.0,False,93.139,27.425,39.139,26.575,,1,,True,False,True,,,8.5,28.201234567901235,32.18395061728395,False
2025,Singapore Grand Prix,FP2,COL,43,Alpine,14.0,5.0,SOFT,6.0,False,,49.188,65.214,47.178,,12,,False,True,False,,,8.5,28.201234567901235,32.18395061728395,False
2025,Singapore Grand Prix,FP2,COL,43,Alpine,15.0,6.0,SOFT,7.0,False,,68.89,58.316,38.399,,1,,False,True,True,,,8.5,28.201234567901235,32.18395061728395,False
2025,Singapore Grand Prix,FP2,COL,43,Alpine,16.0,6.0,SOFT,8.0,False,93.836,27.229,38.86,27.747,,1,,True,False,True,,,8.5,28.201234567901235,32.18395061728395,False
2025,Singapore Grand Prix,FP2,COL,43,Alpine,17.0,6.0,SOFT,9.0,False,116.303,39.596,48.428,28.279,,1,,True,False,True,,,8.5,28.201234567901235,32.18395061728395,False
2025,Singapore Grand Prix,FP2,COL,43,Alpine,18.0,6.0,SOFT,10.0,False,95.275,28.133,39.734,27.408,,12,,True,False,False,,,8.5,28.201234567901235,32.18395061728395,False
2025,Singapore Grand Prix,FP2,COL,43,Alpine,19.0,6.0,SOFT,11.0,False,125.137,29.07,53.376,42.691,,1,,True,False,True,,,8.5,28.201234567901235,32.18395061728395,False
2025,Singapore Grand Prix,FP2,COL,43,Alpine,20.0,6.0,SOFT,12.0,False,,59.314,55.324,35.583,,1,,False,True,True,,,8.5,28.201234567901235,32.18395061728395,False
2025,Singapore Grand Prix,FP2,HAM,44,Ferrari,1.0,1.0,MEDIUM,1.0,True,,,51.936,29.841,,1,,False,True,True,,,8.5,28.201234567901235,32.18395061728395,False
2025,Singapore Grand Prix,FP2,HAM,44,Ferrari,2.0,1.0,MEDIUM,2.0,True,131.193,29.943,61.591,39.659,,1,,True,False,True,,,8.5,28.201234567901235,32.18395061728395,False
2025,Singapore Grand Prix,FP2,HAM,44,Ferrari,3.0,1.0,MEDIUM,3.0,True,92.97,27.686,39.038,26.246,,1,,True,False,True,,,8.5,28.201234567901235,32.18395061728395,False
2025,Singapore Grand Prix,FP2,HAM,44,Ferrari,4.0,1.0,MEDIUM,4.0,True,,53.427,63.111,45.433,,12,,False,True,False,,,8.5,28.201234567901235,32.18395061728395,False
2025,Singapore Grand Prix,FP2,HAM,44,Ferrari,5.0,2.0,MEDIUM,5.0,False,,69.443,54.047,37.276,,1,,False,True,True,,,8.5,28.201234567901235,32.18395061728395,False
2025,Singapore Grand Prix,FP2,HAM,44,Ferrari,6.0,2.0,MEDIUM,6.0,False,91.834,27.209,38.697,25.928,,1,,True,False,True,,,8.5,28.201234567901235,32.18395061728395,False
2025,Singapore Grand Prix,FP2,HAM,44,Ferrari,7.0,2.0,MEDIUM,7.0,False,,52.537,62.2,,,125,,False,True,False,,,8.5,28.201234567901235,32.18395061728395,False
2025,Singapore Grand Prix,FP2,HAM,44,Ferrari,8.0,3.0,MEDIUM,8.0,False,,,50.159,29.599,,1,,False,True,True,,,8.5,28.201234567901235,32.18395061728395,False
2025,Singapore Grand Prix,FP2,HAM,44,Ferrari,9.0,3.0,MEDIUM,9.0,False,91.491,27.046,38.581,25.864,,1,,True,False,True,,,8.5,28.201234567901235,32.18395061728395,False
2025,Singapore Grand Prix,FP2,HAM,44,Ferrari,10.0,3.0,MEDIUM,10.0,False,,31.757,48.421,,,125,,False,True,False,,,8.5,28.201234567901235,32.18395061728395,False
2025,Singapore Grand Prix,FP2,HAM,44,Ferrari,11.0,4.0,SOFT,1.0,True,,,50.763,33.176,,12,,False,True,False,,,8.5,28.201234567901235,32.18395061728395,False
2025,Singapore Grand Prix,FP2,HAM,44,Ferrari,12.0,4.0,SOFT,2.0,True,117.111,27.129,39.802,50.18,,1,,False,True,True,,,8.5,28.201234567901235,32.18395061728395,False
2025,Singapore Grand Prix,FP2,HAM,44,Ferrari,13.0,5.0,SOFT,3.0,False,,70.28,56.697,42.98,,1,,False,True,True,,,8.5,28.201234567901235,32.18395061728395,False
2025,Singapore Grand Prix,FP2,HAM,44,Ferrari,14.0,5.0,SOFT,4.0,False,101.975,27.061,38.168,36.746,,1,,True,False,True,,,8.5,28.201234567901235,32.18395061728395,False
2025,Singapore Grand Prix,FP2,HAM,44,Ferrari,15.0,5.0,SOFT,5.0,False,135.089,41.275,59.403,34.411,,12,,True,False,False,,,8.5,28.201234567901235,32.18395061728395,False
2025,Singapore Grand Prix,FP2,HAM,44,Ferrari,16.0,5.0,SOFT,6.0,False,114.322,26.986,38.117,49.219,,1,,True,False,True,,,8.5,28.201234567901235,32.18395061728395,False
2025,Singapore Grand Prix,FP2,HAM,44,Ferrari,17.0,5.0,SOFT,7.0,False,,87.094,50.067,38.763,,1,,False,True,True,,,8.5,28.201234567901235,32.18395061728395,False
2025,Singapore Grand Prix,FP2,SAI,55,Williams,1.0,1.0,MEDIUM,1.0,True,,,47.377,33.414,,1,,False,True,True,,,8.5,28.201234567901235,32.18395061728395,False
2025,Singapore Grand Prix,FP2,SAI,55,Williams,2.0,1.0,MEDIUM,2.0,True,93.818,27.625,39.772,26.421,,1,,True,False,True,,,8.5,28.201234567901235,32.18395061728395,False
2025,Singapore Grand Prix,FP2,SAI,55,Williams,3.0,1.0,MEDIUM,3.0,True,146.534,46.46,62.372,37.702,,1,,True,False,True,,,8.5,28.201234567901235,32.18395061728395,False
2025,Singapore Grand Prix,FP2,SAI,55,Williams,4.0,1.0,MEDIUM,4.0,True,92.791,27.622,38.868,26.301,,1,,True,False,True,,,8.5,28.201234567901235,32.18395061728395,False
2025,Singapore Grand Prix,FP2,SAI,55,Williams,5.0,1.0,MEDIUM,5.0,True,,53.335,61.661,43.204,,12,,False,False,False,,,8.5,28.201234567901235,32.18395061728395,False
2025,Singapore Grand Prix,FP2,SAI,55,Williams,6.0,1.0,MEDIUM,6.0,True,92.306,27.576999999999998,38.69,26.039,,1,,True,False,True,,,8.5,28.201234567901235,32.18395061728395,False
2025,Singapore Grand Prix,FP2,SAI,55,Williams,7.0,1.0,MEDIUM,7.0,True,,54.822,65.822,33.168,,1,,False,False,True,,,8.5,28.201234567901235,32.18395061728395,False
2025,Singapore Grand Prix,FP2,SAI,55,Williams,8.0,1.0,MEDIUM,8.0,True,,27.423,38.679,,,125,,False,True,False,,,8.5,28.201234567901235,32.18395061728395,False
2025,Singapore Grand Prix,FP2,SAI,55,Williams,9.0,2.0,SOFT,1.0,True,,,46.981,29.184,,1,,False,True,True,,,8.5,28.201234567901235,32.18395061728395,False
2025,Singapore Grand Prix,FP2,SAI,55,Williams,10.0,2.0,SOFT,2.0,True,91.709,27.307,38.622,25.78,,1,,True,False,True,,,8.5,28.201234567901235,32.18395061728395,False
2025,Singapore Grand Prix,FP2,SAI,55,Williams,11.0,2.0,SOFT,3.0,True,,48.39,,,,125,,False,True,False,,,8.5,28.201234567901235,32.18395061728395,False
2025,Singapore Grand Prix,FP2,SAI,55,Williams,12.0,3.0,SOFT,4.0,False,,,46.309,30.002,,1,,False,True,True,,,8.5,28.201234567901235,32.18395061728395,False
2025,Singapore Grand Prix,FP2,SAI,55,Williams,13.0,3.0,SOFT,5.0,False,103.894,27.085,38.98,37.829,,12,,True,False,False,,,8.5,28.201234567901235,32.18395061728395,False
2025,Singapore Grand Prix,FP2,SAI,55,Williams,14.0,3.0,SOFT,6.0,False,145.385,42.156,62.42,40.809,,1,,True,False,True,,,8.5,28.201234567901235,32.18395061728395,False
2025,Singapore Grand Prix,FP2,SAI,55,Williams,15.0,3.0,SOFT,7.0,False,91.299,27.151,38.421,25.727,,1,,True,False,True,,,8.5,28.201234567901235,32.18395061728395,False
2025,Singapore Grand Prix,FP2,SAI,55,Williams,16.0,3.0,SOFT,8.0,False,117.801,35.434,49.529,32.838,,1,,True,False,True,,,8.5,28.201234567901235,32.18395061728395,False
2025,Singapore Grand Prix,FP2,SAI,55,Williams,17.0,3.0,SOFT,9.0,False,95.05,28.356,39.891,26.803,,1,,True,False,True,,,8.5,28.201234567901235,32.18395061728395,False
2025,Singapore Grand Prix,FP2,SAI,55,Williams,18.0,3.0,SOFT,10.0,False,94.604,28.167,39.77,26.667,,12,,True,False,False,,,8.5,28.201234567901235,32.18395061728395,False
2025,Singapore Grand Prix,FP2,SAI,55,Williams,19.0,3.0,SOFT,11.0,False,111.271,31.862,42.434,36.975,,1,,True,False,True,,,8.5,28.201234567901235,32.18395061728395,False
2025,Singapore Grand Prix,FP2,SAI,55,Williams,20.0,3.0,SOFT,12.0,False,,68.443,53.629,37.635,,1,,False,True,True,,,8.5,28.201234567901235,32.18395061728395,False
2025,Singapore Grand Prix,FP2,RUS,63,Mercedes,1.0,1.0,MEDIUM,1.0,True,,,52.006,33.888,,1,,False,True,True,,,8.5,28.201234567901235,32.18395061728395,False
2025,Singapore Grand Prix,FP2,RUS,63,Mercedes,2.0,1.0,MEDIUM,2.0,True,126.47,27.535,48.852,50.083,,1,,True,False,True,,,8.5,28.201234567901235,32.18395061728395,False
2025,Singapore Grand Prix,FP2,RUS,63,Mercedes,3.0,1.0,MEDIUM,3.0,True,93.231,27.523,38.845,26.863,,12,,True,False,False,,,8.5,28.201234567901235,32.18395061728395,False
2025,Singapore Grand Prix,FP2,RUS,63,Mercedes,4.0,1.0,MEDIUM,4.0,True,,49.167,65.41,39.535,,1,,False,False,True,,,8.5,28.201234567901235,32.18395061728395,False
2025,Singapore Grand Prix,FP2,RUS,63,Mercedes,5.0,1.0,MEDIUM,5.0,True,120.825,33.892,56.466,30.467,,1,,True,False,True,,,8.5,28.201234567901235,32.18395061728395,False
2025,Singapore Grand Prix,FP2,RUS,63,Mercedes,6.0,1.0,MEDIUM,6.0,True,130.437,27.245,38.702,64.49,,12,,False,True,False,,,8.5,28.201234567901235,32.18395061728395,False
2025,Singapore Grand Prix,FP2,PIA,81,McLaren,1.0,1.0,MEDIUM,1.0,True,,,47.356,29.587,,1,,False,True,True,,,8.5,28.201234567901235,32.18395061728395,False
2025,Singapore Grand Prix,FP2,PIA,81,McLaren,2.0,1.0,MEDIUM,2.0,True,93.424,27.804,39.251,26.369,,1,,True,False,True,,,8.5,28.201234567901235,32.18395061728395,False
2025,Singapore Grand Prix,FP2,PIA,81,McLaren,3.0,1.0,MEDIUM,3.0,True,,51.135,63.838,37.033,,1,,False,False,True,,,8.5,28.201234567901235,32.18395061728395,False
2025,Singapore Grand Prix,FP2,PIA,81,McLaren,4.0,1.0,MEDIUM,4.0,True,92.739,27.583,39.044,26.112,,1,,True,False,True,,,8.5,28.201234567901235,32.18395061728395,False
2025,Singapore Grand Prix,FP2,PIA,81,McLaren,5.0,1.0,MEDIUM,5.0,True,,48.923,70.692,40.099,,12,,False,False,False,,,8.5,28.201234567901235,32.18395061728395,False
2025,Singapore Grand Prix,FP2,PIA,81,McLaren,6.0,1.0,MEDIUM,6.0,True,126.86,39.176,50.081,37.603,,1,,True,False,True,,,8.5,28.201234567901235,32.18395061728395,False
2025,Singapore Grand Prix,FP2,PIA,81,McLaren,7.0,1.0,MEDIUM,7.0,True,91.716,27.349,38.568,25.799,,1,,True,False,True,,,8.5,28.201234567901235,32.18395061728395,False
2025,Singapore Grand Prix,FP2,PIA,81,McLaren,8.0,1.0,MEDIUM,8.0,True,135.493,36.668,49.933,48.892,,12,,False,True,False,,,8.5,28.201234567901235,32.18395061728395,False
2025,Singapore Grand Prix,FP2,PIA,81,McLaren,9.0,2.0,SOFT,1.0,True,,,52.29,32.674,,1,,False,True,True,,,8.5,28.201234567901235,32.18395061728395,False
2025,Singapore Grand Prix,FP2,PIA,81,McLaren,10.0,2.0,SOFT,2.0,True,,27.023,,,,125,,False,True,False,,,8.5,28.201234567901235,32.18395061728395,False
2025,Singapore Grand Prix,FP2,PIA,81,McLaren,11.0,3.0,SOFT,3.0,False,,,52.329,29.324,,12,,False,True,False,,,8.5,28.201234567901235,32.18395061728395,False
2025,Singapore Grand Prix,FP2,PIA,81,McLaren,12.0,3.0,SOFT,4.0,False,107.604,29.976,49.361,28.267,,1,,True,False,True,,,8.5,28.201234567901235,32.18395061728395,False
2025,Singapore Grand Prix,FP2,PIA,81,McLaren,13.0,3.0,SOFT,5.0,False,90.714,27.013,38.019,25.682,,1,,True,False,True,,,8.5,28.201234567901235,32.18395061728395,False
2025,Singapore Grand Prix,FP2,PIA,81,McLaren,14.0,3.0,SOFT,6.0,False,94.771,28.497,39.448,26.826,,1,,True,False,True,,,8.5,28.201234567901235,32.18395061728395,False
2025,Singapore Grand Prix,FP2,PIA,81,McLaren,15.0,3.0,SOFT,7.0,False,94.569,28.311,39.597,26.661,,1,,True,False,True,,,8.5,28.201234567901235,32.18395061728395,False
2025,Singapore Grand Prix,FP2,PIA,81,McLaren,16.0,3.0,SOFT,8.0,False,94.548,28.022,40.205,26.321,,1,,True,False,True,,,8.5,28.201234567901235,32.18395061728395,False
2025,Singapore Grand Prix,FP2,PIA,81,McLaren,17.0,3.0,SOFT,9.0,False,93.951,28.012,39.374,26.565,,12,,True,False,False,,,8.5,28.201234567901235,32.18395061728395,False
2025,Singapore Grand Prix,FP2,PIA,81,McLaren,18.0,3.0,SOFT,10.0,False,146.185,40.726,57.57,47.889,,1,,True,False,True,,,8.5,28.201234567901235,32.18395061728395,False
2025,Singapore Grand Prix,FP2,PIA,81,McLaren,19.0,3.0,SOFT,11.0,False,147.858,59.615,50.179,38.064,,1,,False,True,True,,,8.5,28.201234567901235,32.18395061728395,False
2025,Singapore Grand Prix,FP2,BEA,87,Haas F1 Team,1.0,1.0,MEDIUM,1.0,True,,,48.067,45.018,,1,,False,True,True,,,8.5,28.201234567901235,32.18395061728395,False
2025,Singapore Grand Prix,FP2,BEA,87,Haas F1 Team,2.0,1.0,MEDIUM,2.0,True,93.895,27.964,39.493,26.438,,1,,True,False,True,,,8.5,28.201234567901235,32.18395061728395,False
2025,Singapore Grand Prix,FP2,BEA,87,Haas F1 Team,3.0,1.0,MEDIUM,3.0,True,,48.483,66.965,44.783,,1,,False,False,True,,,8.5,28.201234567901235,32.18395061728395,False
2025,Singapore Grand Prix,FP2,BEA,87,Haas F1 Team,4.0,1.0,MEDIUM,4.0,True,93.493,27.715,39.197,26.581,,12,,True,False,False,,,8.5,28.201234567901235,32.18395061728395,False
2025,Singapore Grand Prix,FP2,BEA,87,Haas F1 Team,5.0,1.0,MEDIUM,5.0,True,,50.18,64.84,42.745,,1,,False,True,True,,,8.5,28.201234567901235,32.18395061728395,False
2025,Singapore Grand Prix,FP2,BEA,87,Haas F1 Team,6.0,2.0,MEDIUM,6.0,False,,73.633,56.058,31.186,,1,,False,True,True,,,8.5,28.201234567901235,32.18395061728395,False
2025,Singapore Grand Prix,FP2,BEA,87,Haas F1 Team,7.0,2.0,MEDIUM,7.0,False,,27.548000000000002,39.182,,,125,,False,True,False,,,8.5,28.201234567901235,32.18395061728395,False
2025,Singapore Grand Prix,FP2,BEA,87,Haas F1 Team,8.0,3.0,SOFT,1.0,True,,,48.588,28.862,,1,,False,True,True,,,8.5,28.201234567901235,32.18395061728395,False
2025,Singapore Grand Prix,FP2,BEA,87,Haas F1 Team,9.0,3.0,SOFT,2.0,True,91.711,27.1,38.718,25.893,,1,,True,False,True,,,8.5,28.201234567901235,32.18395061728395,False
2025,Singapore Grand Prix,FP2,BEA,87,Haas F1 Team,10.0,3.0,SOFT,3.0,True,,52.064,,,,125,,False,True,False,,,8.5,28.201234567901235,32.18395061728395,False
2025,Singapore Grand Prix,FP2,BEA,87,Haas F1 Team,11.0,4.0,SOFT,4.0,False,,,47.136,30.027,,1,,False,True,True,,,8.5,28.201234567901235,32.18395061728395,False
2025,Singapore Grand Prix,FP2,BEA,87,Haas F1 Team,12.0,4.0,SOFT,5.0,False,92.462,27.383,38.873,26.206,,12,,True,False,False,,,8.5,28.201234567901235,32.18395061728395,False
2025,Singapore Grand Prix,FP2,BEA,87,Haas F1 Team,13.0,4.0,SOFT,6.0,False,,53.437,71.524,45.198,,1,,False,False,True,,,8.5,28.201234567901235,32.18395061728395,False
2025,Singapore Grand Prix,FP2,BEA,87,Haas F1 Team,14.0,4.0,SOFT,7.0,False,129.736,37.486,55.294,36.956,,1,,True,False,True,,,8.5,28.201234567901235,32.18395061728395,False
2025,Singapore Grand Prix,FP2,BEA,87,Haas F1 Team,15.0,4.0,SOFT,8.0,False,106.413,27.116,38.597,40.7,,1,,False,True,True,,,8.5,28.201234567901235,32.18395061728395,False
2025,Singapore Grand Prix,FP2,BEA,87,Haas F1 Team,16.0,5.0,MEDIUM,8.0,False,,87.261,47.888,29.227,,12,,False,True,False,,,8.5,28.201234567901235,32.18395061728395,False
2025,Singapore Grand Prix,FP2,BEA,87,Haas F1 Team,17.0,5.0,MEDIUM,9.0,False,123.084,32.368,50.477,40.239,,1,,True,False,True,,,8.5,28.201234567901235,32.18395061728395,False
2025,Singapore Grand Prix,FP2,BEA,87,Haas F1 Team,18.0,5.0,MEDIUM,10.0,False,142.182,59.31,42.451,40.421,,1,,False,True,True,,,8.5,28.201234567901235,32.18395061728395,False
2025,Singapore Grand Prix,FP3,VER,1,Red Bull Racing,1.0,1.0,MEDIUM,1.0,True,,,,,,125,,False,True,False,,,8.5,30.996296296296297,40.77901234567901,False
2025,Singapore Grand Prix,FP3,VER,1,Red Bull Racing,2.0,2.0,MEDIUM,2.0,False,,,46.912,28.131,,1,,False,True,True,,,8.5,30.996296296296297,40.77901234567901,False
2025,Singapore Grand Prix,FP3,VER,1,Red Bull Racing,3.0,2.0,MEDIUM,3.0,False,91.526,27.259,38.484,25.783,,12,,True,False,False,,,8.5,30.996296296296297,40.77901234567901,False
2025,Singapore Grand Prix,FP3,VER,1,Red Bull Racing,4.0,2.0,MEDIUM,4.0,False,,48.322,62.777,40.969,,1,,False,False,True,,,8.5,30.996296296296297,40.77901234567901,False
2025,Singapore Grand Prix,FP3,VER,1,Red Bull Racing,5.0,2.0,MEDIUM,5.0,False,130.648,44.615,57.234,28.799,,1,,True,False,True,,,8.5,30.996296296296297,40.77901234567901,False
2025,Singapore Grand Prix,FP3,VER,1,Red Bull Racing,6.0,2.0,MEDIUM,6.0,False,127.478,27.032,49.492,50.954,,1,,True,False,True,,,8.5,30.996296296296297,40.77901234567901,False
2025,Singapore Grand Prix,FP3,VER,1,Red Bull Racing,7.0,2.0,MEDIUM,7.0,False,125.332,40.413,54.185,30.734,,1,,True,False,True,,,8.5,30.996296296296297,40.77901234567901,False
2025,Singapore Grand Prix,FP3,VER,1,Red Bull Racing,8.0,2.0,MEDIUM,8.0,False,91.358,27.137,38.281,25.94,,12,,True,False,False,,,8.5,30.996296296296297,40.77901234567901,False
2025,Singapore Grand Prix,FP3,VER,1,Red Bull Racing,9.0,2.0,MEDIUM,9.0,False,132.767,42.039,56.257,34.471,,21,,False,True,False,,,8.5,30.996296296296297,40.77901234567901,False
2025,Singapore Grand Prix,FP3,VER,1,Red Bull Racing,10.0,3.0,SOFT,1.0,True,,,52.787,34.414,,12,,False,True,False,,,8.5,30.996296296296297,40.77901234567901,False
2025,Singapore Grand Prix,FP3,VER,1,Red Bull Racing,11.0,3.0,SOFT,2.0,True,90.148,26.823,37.844,25.481,,1,,True,False,True,,,8.5,30.996296296296297,40.77901234567901,False
2025,Singapore Grand Prix,FP3,VER,1,Red Bull Racing,12.0,3.0,SOFT,3.0,True,131.641,36.92,55.071,39.65,,1,,False,True,True,,,8.5,30.996296296296297,40.77901234567901,False
2025,Singapore Grand Prix,FP3,VER,1,Red Bull Racing,13.0,4.0,SOFT,3.0,False,,,57.25,43.606,,12,,False,True,False,,,8.5,30.996296296296297,40.77901234567901,False
2025,Singapore Grand Prix,FP3,VER,1,Red Bull Racing,14.0,4.0,SOFT,4.0,False,90.392,27.005,37.848,25.539,,12,,True,False,False,,,8.5,30.996296296296297,40.77901234567901,False
2025,Singapore Grand Prix,FP3,VER,1,Red Bull Racing,15.0,4.0,SOFT,5.0,False,138.603,40.099,53.754,44.75,,1,,True,False,True,,,8.5,30.996296296296297,40.77901234567901,False
2025,Singapore Grand Prix,FP3,VER,1,Red Bull Racing,16.0,4.0,SOFT,6.0,False,136.537,54.428,46.706,35.403,,1,,False,True,True,,,8.5,30.996296296296297,40.77901234567901,False
2025,Singapore Grand Prix,FP3,NOR,4,McLaren,1.0,1.0,MEDIUM,1.0,True,,,45.734,28.563,,1,,False,True,True,,,8.5,30.996296296296297,40.77901234567901,False
2025,Singapore Grand Prix,FP3,NOR,4,McLaren,2.0,1.0,MEDIUM,2.0,True,92.379,27.386,38.853,26.14,,1,,True,False,True,,,8.5,30.996296296296297,40.77901234567901,False
2025,Singapore Grand Prix,FP3,NOR,4,McLaren,3.0,1.0,MEDIUM,3.0,True,,54.097,75.755,33.22,,1,,False,False,True,,,8.5,30.996296296296297,40.77901234567901,False
2025,Singapore Grand Prix,FP3,NOR,4,McLaren,4.0,1.0,MEDIUM,4.0,True,124.534,29.966,60.874,33.694,,12,,True,False,False,,,8.5,30.996296296296297,40.77901234567901,False
2025,Singapore Grand Prix,FP3,NOR,4,McLaren,5.0,1.0,MEDIUM,5.0,True,91.021,27.066,38.222,25.733,,1,,True,False,True,,,8.5,30.996296296296297,40.77901234567901,False
2025,Singapore Grand Prix,FP3,NOR,4,McLaren,6.0,1.0,MEDIUM,6.0,True,,45.211,72.356,,,125,,False,True,False,,,8.5,30.996296296296297,40.77901234567901,False
2025,Singapore Grand Prix,FP3,NOR,4,McLaren,7.0,2.0,MEDIUM,7.0,False,,,42.933,27.924,,1,,False,True,True,,,8.5,30.996296296296297,40.77901234567901,False
2025,Singapore Grand Prix,FP3,NOR,4,McLaren,8.0,2.0,MEDIUM,8.0,False,96.674,28.276,39.656,28.742,,12,,True,False,False,,,8.5,30.996296296296297,40.77901234567901,False
2025,Singapore Grand Prix,FP3,NOR,4,McLaren,9.0,2.0,MEDIUM,9.0,False,93.902,27.95,39.408,26.544,,1,,True,False,True,,,8.5,30.996296296296297,40.77901234567901,False
2025,Singapore Grand Prix,FP3,NOR,4,McLaren,10.0,2.0,MEDIUM,10.0,False,93.845,27.919,39.369,26.557,,1,,True,False,True,,,8.5,30.996296296296297,40.77901234567901,False
2025,Singapore Grand Prix,FP3,NOR,4,McLaren,11.0,2.0,MEDIUM,11.0,False,93.956,27.871,39.587,26.498,,1,,True,False,True,,,8.5,30.996296296296297,40.77901234567901,False
2025,Singapore Grand Prix,FP3,NOR,4,McLaren,12.0,2.0,MEDIUM,12.0,False,94.44,27.997,39.387,27.056,,1,,True,False,True,,,8.5,30.996296296296297,40.77901234567901,False
2025,Singapore Grand Prix,FP3,NOR,4,McLaren,13.0,2.0,MEDIUM,13.0,False,95.61,28.823,39.944,26.843,,1,,True,False,True,,,8.5,30.996296296296297,40.77901234567901,False
2025,Singapore Grand Prix,FP3,NOR,4,McLaren,14.0,2.0,MEDIUM,14.0,False,95.163,28.297,40.076,26.79,,1,,True,False,True,,,8.5,30.996296296296297,40.77901234567901,False
2025,Singapore Grand Prix,FP3,NOR,4,McLaren,15.0,2.0,MEDIUM,15.0,False,102.049,28.6,40.634,32.815,,12,,False,True,False,,,8.5,30.996296296296297,40.77901234567901,False
2025,Singapore Grand Prix,FP3,NOR,4,McLaren,16.0,3.0,MEDIUM,16.0,False,115.231,39.456,40.02,35.755,,21,,False,True,False,,,8.5,30.996296296296297,40.77901234567901,False
2025,Singapore Grand Prix,FP3,NOR,4,McLaren,17.0,4.0,SOFT,1.0,True,,,45.256,29.019,,1,,False,True,True,,,8.5,30.996296296296297,40.77901234567901,False
2025,Singapore Grand Prix,FP3,NOR,4,McLaren,18.0,4.0,SOFT,2.0,True,90.292,26.738,38.054,25.5,,12,,True,False,False,,,8.5,30.996296296296297,40.77901234567901,False
2025,Singapore Grand Prix,FP3,NOR,4,McLaren,19.0,4.0,SOFT,3.0,True,,45.262,65.8,48.787,,1,,False,False,True,,,8.5,30.996296296296297,40.77901234567901,False
2025,Singapore Grand Prix,FP3,NOR,4,McLaren,20.0,4.0,SOFT,4.0,True,,52.53,57.129,43.745,,12,,False,False,False,,,8.5,30.996296296296297,40.77901234567901,False
2025,Singapore Grand Prix,FP3,NOR,4,McLaren,21.0,4.0,SOFT,5.0,True,90.577,26.92,38.03,25.627,,1,,True,False,True,,,8.5,30.996296296296297,40.77901234567901,False
2025,Singapore Grand Prix,FP3,NOR,4,McLaren,22.0,4.0,SOFT,6.0,True,143.776,41.275,60.738,41.763,,12,,True,False,False,,,8.5,30.996296296296297,40.77901234567901,False
2025,Singapore Grand Prix,FP3,NOR,4,McLaren,23.0,4.0,SOFT,7.0,True,133.471,40.137,52.18,41.154,,1,,True,False,True,,,8.5,30.996296296296297,40.77901234567901,False
2025,Singapore Grand Prix,FP3,NOR,4,McLaren,24.0,4.0,SOFT,8.0,True,90.237,26.875,37.823,25.539,,12,,True,False,False,,,8.5,30.996296296296297,40.77901234567901,False
2025,Singapore Grand Prix,FP3,NOR,4,McLaren,25.0,4.0,SOFT,9.0,True,128.552,34.928,48.878,44.746,,1,,True,False,True,,,8.5,30.996296296296297,40.77901234567901,False
2025,Singapore Grand Prix,FP3,NOR,4,McLaren,26.0,4.0,SOFT,10.0,True,142.28,55.604,46.326,40.35,,1,,False,True,True,,,8.5,30.996296296296297,40.77901234567901,False
2025,Singapore Grand Prix,FP3,BOR,5,Kick Sauber,1.0,1.0,MEDIUM,1.0,True,,,44.807,30.157,,1,,False,True,True,,,8.5,30.996296296296297,40.77901234567901,False
2025,Singapore Grand Prix,FP3,BOR,5,Kick Sauber,2.0,1.0,MEDIUM,2.0,True,94.069,27.828,39.84,26.401,,1,,True,False,True,,,8.5,30.996296296296297,40.77901234567901,False
2025,Singapore Grand Prix,FP3,BOR,5,Kick Sauber,3.0,1.0,MEDIUM,3.0,True,,47.383,66.196,40.766,,1,,False,True,True,,,8.5,30.996296296296297,40.77901234567901,False
2025,Singapore Grand Prix,FP3,BOR,5,Kick Sauber,4.0,2.0,MEDIUM,4.0,False,147.484,53.709,55.121,38.654,,1,,False,True,True,,,8.5,30.996296296296297,40.77901234567901,False
2025,Singapore Grand Prix,FP3,BOR,5,Kick Sauber,5.0,2.0,MEDIUM,5.0,False,93.434,27.644,39.419,26.371,,12,,True,False,False,,,8.5,30.996296296296297,40.77901234567901,False
2025,Singapore Grand Prix,FP3,BOR,5,Kick Sauber,6.0,2.0,MEDIUM,6.0,False,,44.835,62.647,45.358,,1,,False,True,True,,,8.5,30.996296296296297,40.77901234567901,False
2025,Singapore Grand Prix,FP3,BOR,5,Kick Sauber,7.0,3.0,MEDIUM,7.0,False,,,,,,125,,False,True,False,,,8.5,30.996296296296297,40.77901234567901,False
2025,Singapore Grand Prix,FP3,BOR,5,Kick Sauber,8.0,4.0,MEDIUM,8.0,False,,,44.989,34.162,,1,,False,True,True,,,8.5,30.996296296296297,40.77901234567901,False
2025,Singapore Grand Prix,FP3,BOR,5,Kick Sauber,9.0,4.0,MEDIUM,9.0,False,92.86,27.493,39.015,26.352,,1,,True,False,True,,,8.5,30.996296296296297,40.77901234567901,False
2025,Singapore Grand Prix,FP3,BOR,5,Kick Sauber,10.0,4.0,MEDIUM,10.0,False,111.077,38.273,42.137,30.667,,12,,True,False,False,,,8.5,30.996296296296297,40.77901234567901,False
2025,Singapore Grand Prix,FP3,BOR,5,Kick Sauber,11.0,4.0,MEDIUM,11.0,False,95.241,28.431,40.023,26.787,,1,,True,False,True,,,8.5,30.996296296296297,40.77901234567901,False
2025,Singapore Grand Prix,FP3,BOR,5,Kick Sauber,12.0,4.0,MEDIUM,12.0,False,95.055,28.13,39.927,26.998,,1,,True,False,True,,,8.5,30.996296296296297,40.77901234567901,False
2025,Singapore Grand Prix,FP3,BOR,5,Kick Sauber,13.0,4.0,MEDIUM,13.0,False,97.864,28.661,41.83,27.373,,1,,True,False,True,,,8.5,30.996296296296297,40.77901234567901,False
2025,Singapore Grand Prix,FP3,BOR,5,Kick Sauber,14.0,4.0,MEDIUM,14.0,False,95.756,28.41,40.358,26.988,,1,,True,False,True,,,8.5,30.996296296296297,40.77901234567901,False
2025,Singapore Grand Prix,FP3,BOR,5,Kick Sauber,15.0,4.0,MEDIUM,15.0,False,95.13,28.178,39.998,26.954,,1,,True,False,True,,,8.5,30.996296296296297,40.77901234567901,False
2025,Singapore Grand Prix,FP3,BOR,5,Kick Sauber,16.0,4.0,MEDIUM,16.0,False,95.024,28.108,40.167,26.749,,1,,True,False,True,,,8.5,30.996296296296297,40.77901234567901,False
2025,Singapore Grand Prix,FP3,BOR,5,Kick Sauber,17.0,4.0,MEDIUM,17.0,False,101.366,28.373,40.684,32.309,,12,,False,True,False,,,8.5,30.996296296296297,40.77901234567901,False
2025,Singapore Grand Prix,FP3,BOR,5,Kick Sauber,18.0,5.0,SOFT,1.0,True,,,49.192,38.297,,12,,False,True,False,,,8.5,30.996296296296297,40.77901234567901,False
2025,Singapore Grand Prix,FP3,BOR,5,Kick Sauber,19.0,5.0,SOFT,2.0,True,91.303,27.087,38.443,25.773,,1,,True,False,True,,,8.5,30.996296296296297,40.77901234567901,False
2025,Singapore Grand Prix,FP3,BOR,5,Kick Sauber,20.0,5.0,SOFT,3.0,True,,43.968,67.796,48.866,,12,,False,True,False,,,8.5,30.996296296296297,40.77901234567901,False
2025,Singapore Grand Prix,FP3,BOR,5,Kick Sauber,21.0,6.0,SOFT,4.0,False,,,48.252,29.158,,12,,False,True,False,,,8.5,30.996296296296297,40.77901234567901,False
2025,Singapore Grand Prix,FP3,BOR,5,Kick Sauber,22.0,6.0,SOFT,5.0,False,90.697,26.859,38.037,25.801,,1,,True,False,True,,,8.5,30.996296296296297,40.77901234567901,False
2025,Singapore Grand Prix,FP3,BOR,5,Kick Sauber,23.0,6.0,SOFT,6.0,False,141.037,42.241,65.164,33.632,,12,,True,False,False,,,8.5,30.996296296296297,40.77901234567901,False
2025,Singapore Grand Prix,FP3,BOR,5,Kick Sauber,24.0,6.0,SOFT,7.0,False,,38.286,56.651,55.302,,1,,False,False,True,,,8.5,30.996296296296297,40.77901234567901,False
2025,Singapore Grand Prix,FP3,BOR,5,Kick Sauber,25.0,6.0,SOFT,8.0,False,143.074,53.836,53.407,35.831,,1,,False,True,True,,,8.5,30.996296296296297,40.77901234567901,False
2025,Singapore Grand Prix,FP3,HAD,6,Racing Bulls,1.0,1.0,MEDIUM,1.0,True,,,51.058,29.128,,1,,False,True,True,,,8.5,30.996296296296297,40.77901234567901,False
2025,Singapore Grand Prix,FP3,HAD,6,Racing Bulls,2.0,1.0,MEDIUM,2.0,True,92.85,27.454,39.043,26.353,,1,,True,False,True,,,8.5,30.996296296296297,40.77901234567901,False
2025,Singapore Grand Prix,FP3,HAD,6,Racing Bulls,3.0,1.0,MEDIUM,3.0,True,147.562,47.087,57.397,43.078,,1,,False,True,True,,,8.5,30.996296296296297,40.77901234567901,False
2025,Singapore Grand Prix,FP3,HAD,6,Racing Bulls,4.0,2.0,MEDIUM,4.0,False,,64.7,61.047,31.88,,12,,False,True,False,,,8.5,30.996296296296297,40.77901234567901,False
2025,Singapore Grand Prix,FP3,HAD,6,Racing Bulls,5.0,2.0,MEDIUM,5.0,False,92.064,27.423,38.627,26.014,,1,,True,False,True,,,8.5,30.996296296296297,40.77901234567901,False
2025,Singapore Grand Prix,FP3,HAD,6,Racing Bulls,6.0,2.0,MEDIUM,6.0,False,,45.504,,,,125,,False,True,False,,,8.5,30.996296296296297,40.77901234567901,False
2025,Singapore Grand Prix,FP3,HAD,6,Racing Bulls,7.0,3.0,MEDIUM,7.0,False,,,47.896,29.37,,1,,False,True,True,,,8.5,30.996296296296297,40.77901234567901,False
2025,Singapore Grand Prix,FP3,HAD,6,Racing Bulls,8.0,3.0,MEDIUM,8.0,False,92.141,27.278,38.777,26.086,,1,,True,False,True,,,8.5,30.996296296296297,40.77901234567901,False
2025,Singapore Grand Prix,FP3,HAD,6,Racing Bulls,9.0,3.0,MEDIUM,9.0,False,,47.739,61.188,42.028,,12,,False,True,False,,,8.5,30.996296296296297,40.77901234567901,False
2025,Singapore Grand Prix,FP3,HAD,6,Racing Bulls,10.0,4.0,MEDIUM,10.0,False,,55.985,59.072,37.209,,1,,False,True,True,,,8.5,30.996296296296297,40.77901234567901,False
2025,Singapore Grand Prix,FP3,HAD,6,Racing Bulls,11.0,4.0,MEDIUM,11.0,False,91.512,27.263,38.399,25.85,,1,,True,False,True,,,8.5,30.996296296296297,40.77901234567901,False
2025,Singapore Grand Prix,FP3,HAD,6,Racing Bulls,12.0,4.0,MEDIUM,12.0,False,97.317,29.354,40.706,27.257,,1,,True,False,True,,,8.5,30.996296296296297,40.77901234567901,False
2025,Singapore Grand Prix,FP3,HAD,6,Racing Bulls,13.0,4.0,MEDIUM,13.0,False,94.909,28.324,39.786,26.799,,1,,True,False,True,,,8.5,30.996296296296297,40.77901234567901,False
2025,Singapore Grand Prix,FP3,HAD,6,Racing Bulls,14.0,4.0,MEDIUM,14.0,False,94.928,28.111,39.95,26.867,,1,,True,False,True,,,8.5,30.996296296296297,40.77901234567901,False
2025,Singapore Grand Prix,FP3,HAD,6,Racing Bulls,15.0,4.0,MEDIUM,15.0,False,102.192,27.979,39.673,34.54,,12,,False,True,False,,,8.5,30.996296296296297,40.77901234567901,False
2025,Singapore Grand Prix,FP3,HAD,6,Racing Bulls,16.0,5.0,SOFT,1.0,True,,,54.345,31.581,,1,,False,True,True,,,8.5,30.996296296296297,40.77901234567901,False
2025,Singapore Grand Prix,FP3,HAD,6,Racing Bulls,17.0,5.0,SOFT,2.0,True,90.679,26.947,38.112,25.62,,12,,True,False,False,,,8.5,30.996296296296297,40.77901234567901,False
2025,Singapore Grand Prix,FP3,HAD,6,Racing Bulls,18.0,5.0,SOFT,3.0,True,,44.654,73.446,44.073,,1,,False,False,True,,,8.5,30.996296296296297,40.77901234567901,False
2025,Singapore Grand Prix,FP3,HAD,6,Racing Bulls,19.0,5.0,SOFT,4.0,True,136.294,42.838,56.42,37.036,,12,,True,False,False,,,8.5,30.996296296296297,40.77901234567901,False
2025,Singapore Grand Prix,FP3,HAD,6,Racing Bulls,20.0,5.0,SOFT,5.0,True,129.761,27.107,60.218,42.436,,1,,True,False,True,,,8.5,30.996296296296297,40.77901234567901,False
2025,Singapore Grand Prix,FP3,HAD,6,Racing Bulls,21.0,5.0,SOFT,6.0,True,90.489,26.863,38.053,25.573,,12,,True,False,False,,,8.5,30.996296296296297,40.77901234567901,False
2025,Singapore Grand Prix,FP3,HAD,6,Racing Bulls,22.0,5.0,SOFT,7.0,True,,50.108,62.47,44.015,,1,,False,False,True,,,8.5,30.996296296296297,40.77901234567901,False
2025,Singapore Grand Prix,FP3,HAD,6,Racing Bulls,23.0,5.0,SOFT,8.0,True,94.464,27.072,38.0,29.392,,12,,True,False,False,,,8.5,30.996296296296297,40.77901234567901,False
2025,Singapore Grand Prix,FP3,HAD,6,Racing Bulls,24.0,5.0,SOFT,9.0,True,,42.781,61.594,54.49,,1,,False,False,True,,,8.5,30.996296296296297,40.77901234567901,False
2025,Singapore Grand Prix,FP3,HAD,6,Racing Bulls,25.0,5.0,SOFT,10.0,True,133.198,53.555,47.559,32.084,,1,,False,True,True,,,8.5,30.996296296296297,40.77901234567901,False
2025,Singapore Grand Prix,FP3,GAS,10,Alpine,1.0,1.0,MEDIUM,1.0,True,,,48.284,29.818,,1,,False,True,True,,,8.5,30.996296296296297,40.77901234567901,False
2025,Singapore Grand Prix,FP3,GAS,10,Alpine,2.0,1.0,MEDIUM,2.0,True,94.354,28.112,39.78,26.462,,1,,True,False,True,,,8.5,30.996296296296297,40.77901234567901,False
2025,Singapore Grand Prix,FP3,GAS,10,Alpine,3.0,1.0,MEDIUM,3.0,True,,47.608,61.436,46.434,,1,,False,True,True,,,8.5,30.996296296296297,40.77901234567901,False
2025,Singapore Grand Prix,FP3,GAS,10,Alpine,4.0,2.0,MEDIUM,4.0,False,147.186,65.106,51.907,30.173,,12,,False,True,False,,,8.5,30.996296296296297,40.77901234567901,False
2025,Singapore Grand Prix,FP3,GAS,10,Alpine,5.0,2.0,MEDIUM,5.0,False,93.976,27.627,40.018,26.331,,1,,True,False,True,,,8.5,30.996296296296297,40.77901234567901,False
2025,Singapore Grand Prix,FP3,GAS,10,Alpine,6.0,2.0,MEDIUM,6.0,False,,43.239,,,,125,,False,True,False,,,8.5,30.996296296296297,40.77901234567901,False
2025,Singapore Grand Prix,FP3,GAS,10,Alpine,7.0,3.0,MEDIUM,7.0,False,,,48.582,30.027,,12,,False,True,False,,,8.5,30.996296296296297,40.77901234567901,False
2025,Singapore Grand Prix,FP3,GAS,10,Alpine,8.0,3.0,MEDIUM,8.0,False,93.215,27.575,39.259,26.381,,1,,True,False,True,,,8.5,30.996296296296297,40.77901234567901,False
2025,Singapore Grand Prix,FP3,GAS,10,Alpine,9.0,3.0,MEDIUM,9.0,False,,45.945,64.984,44.994,,1,,False,True,True,,,8.5,30.996296296296297,40.77901234567901,False
2025,Singapore Grand Prix,FP3,GAS,10,Alpine,10.0,4.0,MEDIUM,10.0,False,132.521,53.539,47.936,31.046,,1,,False,True,True,,,8.5,30.996296296296297,40.77901234567901,False
2025,Singapore Grand Prix,FP3,GAS,10,Alpine,11.0,4.0,MEDIUM,11.0,False,93.162,27.436,39.363,26.363,,1,,True,False,True,,,8.5,30.996296296296297,40.77901234567901,False
2025,Singapore Grand Prix,FP3,GAS,10,Alpine,12.0,4.0,MEDIUM,12.0,False,97.326,28.921,41.127,27.278,,1,,True,False,True,,,8.5,30.996296296296297,40.77901234567901,False
2025,Singapore Grand Prix,FP3,GAS,10,Alpine,13.0,4.0,MEDIUM,13.0,False,96.336,28.502,40.757,27.077,,12,,True,False,False,,,8.5,30.996296296296297,40.77901234567901,False
2025,Singapore Grand Prix,FP3,GAS,10,Alpine,14.0,4.0,MEDIUM,14.0,False,96.347,28.43,40.767,27.15,,21,,True,False,False,,,8.5,30.996296296296297,40.77901234567901,False
2025,Singapore Grand Prix,FP3,GAS,10,Alpine,15.0,4.0,MEDIUM,15.0,False,104.429,28.292,40.444,35.693,,1,,False,True,True,,,8.5,30.996296296296297,40.77901234567901,False
2025,Singapore Grand Prix,FP3,GAS,10,Alpine,16.0,5.0,SOFT,1.0,True,,,47.418,30.768,,12,,False,True,False,,,8.5,30.996296296296297,40.77901234567901,False
2025,Singapore Grand Prix,FP3,GAS,10,Alpine,17.0,5.0,SOFT,2.0,True,116.447,27.267,38.693,50.487,,12,,True,False,False,,,8.5,30.996296296296297,40.77901234567901,False
2025,Singapore Grand Prix,FP3,GAS,10,Alpine,18.0,5.0,SOFT,3.0,True,,48.602,62.613,44.134,,1,,False,True,True,,,8.5,30.996296296296297,40.77901234567901,False
2025,Singapore Grand Prix,FP3,GAS,10,Alpine,19.0,6.0,SOFT,4.0,False,136.479,52.211,54.298,29.97,,12,,False,True,False,,,8.5,30.996296296296297,40.77901234567901,False
2025,Singapore Grand Prix,FP3,GAS,10,Alpine,20.0,6.0,SOFT,5.0,False,91.643,27.061,38.411,26.171,,1,,True,False,True,,,8.5,30.996296296296297,40.77901234567901,False
2025,Singapore Grand Prix,FP3,GAS,10,Alpine,21.0,6.0,SOFT,6.0,False,131.523,38.646,59.578,33.299,,12,,True,False,False,,,8.5,30.996296296296297,40.77901234567901,False
2025,Singapore Grand Prix,FP3,GAS,10,Alpine,22.0,6.0,SOFT,7.0,False,128.005,32.099,54.708,41.198,,1,,True,False,True,,,8.5,30.996296296296297,40.77901234567901,False
2025,Singapore Grand Prix,FP3,GAS,10,Alpine,23.0,6.0,SOFT,8.0,False,131.601,52.991,41.991,36.619,,1,,False,True,True,,,8.5,30.996296296296297,40.77901234567901,False
2025,Singapore Grand Prix,FP3,ANT,12,Mercedes,1.0,1.0,SOFT,1.0,True,,,50.319,29.601,,1,,False,True,True,,,8.5,30.996296296296297,40.77901234567901,False
2025,Singapore Grand Prix,FP3,ANT,12,Mercedes,2.0,1.0,SOFT,2.0,True,,27.265,,,,125,,False,True,False,,,8.5,30.996296296296297,40.77901234567901,False
2025,Singapore Grand Prix,FP3,ANT,12,Mercedes,3.0,2.0,SOFT,3.0,False,,,46.98,31.453,,1,,False,True,True,,,8.5,30.996296296296297,40.77901234567901,False
2025,Singapore Grand Prix,FP3,ANT,12,Mercedes,4.0,2.0,SOFT,4.0,False,91.761,27.037,38.314,26.41,,1,,True,False,True,,,8.5,30.996296296296297,40.77901234567901,False
2025,Singapore Grand Prix,FP3,ANT,12,Mercedes,5.0,2.0,SOFT,5.0,False,,46.02,66.3,43.856,,12,,False,True,False,,,8.5,30.996296296296297,40.77901234567901,False
2025,Singapore Grand Prix,FP3,ANT,12,Mercedes,6.0,3.0,SOFT,6.0,False,,71.9,59.014,32.889,,1,,False,True,True,,,8.5,30.996296296296297,40.77901234567901,False
2025,Singapore Grand Prix,FP3,ANT,12,Mercedes,7.0,3.0,SOFT,7.0,False,90.76,27.039,37.902,25.819,,1,,True,False,True,,,8.5,30.996296296296297,40.77901234567901,False
2025,Singapore Grand Prix,FP3,ANT,12,Mercedes,8.0,3.0,SOFT,8.0,False,147.999,41.809,63.45,42.74,,1,,False,True,True,,,8.5,30.996296296296297,40.77901234567901,False
2025,Singapore Grand Prix,FP3,ANT,12,Mercedes,9.0,4.0,SOFT,9.0,False,,99.928,50.635,28.877,,12,,False,True,False,,,8.5,30.996296296296297,40.77901234567901,False
2025,Singapore Grand Prix,FP3,ANT,12,Mercedes,10.0,4.0,SOFT,10.0,False,101.701,26.763,41.662,33.276,,1,,False,True,True,,,8.5,30.996296296296297,40.77901234567901,False
2025,Singapore Grand Prix,FP3,ANT,12,Mercedes,11.0,5.0,SOFT,1.0,True,,,48.133,31.811,,12,,False,True,False,,,8.5,30.996296296296297,40.77901234567901,False
2025,Singapore Grand Prix,FP3,ANT,12,Mercedes,12.0,5.0,SOFT,2.0,True,90.37,26.726,37.922,25.722,,1,,True,False,True,,,8.5,30.996296296296297,40.77901234567901,False
2025,Singapore Grand Prix,FP3,ANT,12,Mercedes,13.0,5.0,SOFT,3.0,True,,48.381,65.263,44.086,,12,,False,True,False,,,8.5,30.996296296296297,40.77901234567901,False
2025,Singapore Grand Prix,FP3,ANT,12,Mercedes,14.0,6.0,SOFT,2.0,False,,,53.393,37.935,,1,,False,True,True,,,8.5,30.996296296296297,40.77901234567901,False
2025,Singapore Grand Prix,FP3,ANT,12,Mercedes,15.0,6.0,SOFT,3.0,False,120.751,40.533,51.105,29.113,,12,,True,False,False,,,8.5,30.996296296296297,40.77901234567901,False
2025,Singapore Grand Prix,FP3,ANT,12,Mercedes,16.0,6.0,SOFT,4.0,False,90.237,26.76,37.841,25.636,,1,,True,False,True,,,8.5,30.996296296296297,40.77901234567901,False
2025,Singapore Grand Prix,FP3,ANT,12,Mercedes,17.0,6.0,SOFT,5.0,False,130.696,37.281,55.019,38.396,,12,,True,False,False,,,8.5,30.996296296296297,40.77901234567901,False
2025,Singapore Grand Prix,FP3,ANT,12,Mercedes,18.0,6.0,SOFT,6.0,False,142.784,42.26,53.603,46.921,,1,,True,False,True,,,8.5,30.996296296296297,40.77901234567901,False
2025,Singapore Grand Prix,FP3,ANT,12,Mercedes,19.0,6.0,SOFT,7.0,False,,95.551,42.016,37.08,,12,,False,True,False,,,8.5,30.996296296296297,40.77901234567901,False
2025,Singapore Grand Prix,FP3,ALO,14,Aston Martin,1.0,1.0,HARD,1.0,True,,,53.682,39.75,,1,,False,True,True,,,8.5,30.996296296296297,40.77901234567901,False
2025,Singapore Grand Prix,FP3,ALO,14,Aston Martin,2.0,2.0,MEDIUM,1.0,True,,54.007,55.871,40.29,,1,,False,True,True,,,8.5,30.996296296296297,40.77901234567901,False
2025,Singapore Grand Prix,FP3,ALO,14,Aston Martin,3.0,3.0,MEDIUM,1.0,True,,,48.728,34.215,,12,,False,True,False,,,8.5,30.996296296296297,40.77901234567901,False
2025,Singapore Grand Prix,FP3,ALO,14,Aston Martin,4.0,3.0,MEDIUM,2.0,True,,28.92,,,,125,,False,True,False,,,8.5,30.996296296296297,40.77901234567901,False
2025,Singapore Grand Prix,FP3,ALO,14,Aston Martin,5.0,4.0,MEDIUM,3.0,False,,,43.542,38.585,,1,,False,True,True,,,8.5,30.996296296296297,40.77901234567901,False
2025,Singapore Grand Prix,FP3,ALO,14,Aston Martin,6.0,4.0,MEDIUM,4.0,False,97.327,28.861,40.778,27.688,,1,,True,False,True,,,8.5,30.996296296296297,40.77901234567901,False
2025,Singapore Grand Prix,FP3,ALO,14,Aston Martin,7.0,4.0,MEDIUM,5.0,False,97.234,28.818,40.975,27.441,,12,,True,False,False,,,8.5,30.996296296296297,40.77901234567901,False
2025,Singapore Grand Prix,FP3,ALO,14,Aston Martin,8.0,4.0,MEDIUM,6.0,False,97.301,29.223,40.725,27.353,,1,,True,False,True,,,8.5,30.996296296296297,40.77901234567901,False
2025,Singapore Grand Prix,FP3,ALO,14,Aston Martin,9.0,4.0,MEDIUM,7.0,False,96.491,28.663,40.416,27.412,,1,,True,False,True,,,8.5,30.996296296296297,40.77901234567901,False
2025,Singapore Grand Prix,FP3,ALO,14,Aston Martin,10.0,4.0,MEDIUM,8.0,False,98.25,29.346,41.313,27.591,,1,,True,False,True,,,8.5,30.996296296296297,40.77901234567901,False
2025,Singapore Grand Prix,FP3,ALO,14,Aston Martin,11.0,4.0,MEDIUM,9.0,False,107.877,29.66,41.66,36.557,,1,,False,True,True,,,8.5,30.996296296296297,40.77901234567901,False
2025,Singapore Grand Prix,FP3,ALO,14,Aston Martin,12.0,5.0,MEDIUM,10.0,False,,,49.289,32.993,,12,,False,True,False,,,8.5,30.996296296296297,40.77901234567901,False
2025,Singapore Grand Prix,FP3,ALO,14,Aston Martin,13.0,5.0,MEDIUM,11.0,False,116.094,27.723,52.115,36.256,,1,,True,False,True,,,8.5,30.996296296296297,40.77901234567901,False
2025,Singapore Grand Prix,FP3,ALO,14,Aston Martin,14.0,5.0,MEDIUM,12.0,False,91.835,27.227,38.688,25.92,,1,,True,False,True,,,8.5,30.996296296296297,40.77901234567901,False
2025,Singapore Grand Prix,FP3,ALO,14,Aston Martin,15.0,5.0,MEDIUM,13.0,False,106.708,29.431,43.002,34.275,,12,,False,True,False,,,8.5,30.996296296296297,40.77901234567901,False
2025,Singapore Grand Prix,FP3,ALO,14,Aston Martin,16.0,6.0,SOFT,1.0,True,,,47.027,34.088,,1,,False,True,True,,,8.5,30.996296296296297,40.77901234567901,False
2025,Singapore Grand Prix,FP3,ALO,14,Aston Martin,17.0,6.0,SOFT,2.0,True,90.923,26.943,38.348,25.632,,12,,True,False,False,,,8.5,30.996296296296297,40.77901234567901,False
2025,Singapore Grand Prix,FP3,ALO,14,Aston Martin,18.0,6.0,SOFT,3.0,True,138.114,41.261,57.563,39.29,,1,,False,True,True,,,8.5,30.996296296296297,40.77901234567901,False
2025,Singapore Grand Prix,FP3,ALO,14,Aston Martin,19.0,7.0,SOFT,4.0,False,,,53.606,35.659,,12,,False,True,False,,,8.5,30.996296296296297,40.77901234567901,False
2025,Singapore Grand Prix,FP3,ALO,14,Aston Martin,20.0,7.0,SOFT,5.0,False,105.606,26.826999999999998,44.196,34.583,,12,,True,False,False,,,8.5,30.996296296296297,40.77901234567901,False
2025,Singapore Grand Prix,FP3,ALO,14,Aston Martin,21.0,7.0,SOFT,6.0,False,140.682,37.92,59.475,43.287,,1,,True,False,True,,,8.5,30.996296296296297,40.77901234567901,False
2025,Singapore Grand Prix,FP3,ALO,14,Aston Martin,22.0,7.0,SOFT,7.0,False,,61.599,51.561,40.051,,1,,False,True,True,,,8.5,30.996296296296297,40.77901234567901,False
2025,Singapore Grand Prix,FP3,LEC,16,Ferrari,1.0,1.0,MEDIUM,1.0,True,,,48.075,33.474,,1,,False,True,True,,,8.5,30.996296296296297,40.77901234567901,False
2025,Singapore Grand Prix,FP3,LEC,16,Ferrari,2.0,1.0,MEDIUM,2.0,True,93.5,27.777,39.227,26.496,,12,,True,False,False,,,8.5,30.996296296296297,40.77901234567901,False
2025,Singapore Grand Prix,FP3,LEC,16,Ferrari,3.0,1.0,MEDIUM,3.0,True,143.035,49.203,57.57,36.262,,1,,True,False,True,,,8.5,30.996296296296297,40.77901234567901,False
2025,Singapore Grand Prix,FP3,LEC,16,Ferrari,4.0,1.0,MEDIUM,4.0,True,,33.204,,,,125,,False,True,False,,,8.5,30.996296296296297,40.77901234567901,False
2025,Singapore Grand Prix,FP3,LEC,16,Ferrari,5.0,2.0,MEDIUM,5.0,False,,,43.315,40.035,,1,,False,True,True,,,8.5,30.996296296296297,40.77901234567901,False
2025,Singapore Grand Prix,FP3,LEC,16,Ferrari,6.0,2.0,MEDIUM,6.0,False,106.511,27.301,39.12,40.09,,12,,False,True,False,,,8.5,30.996296296296297,40.77901234567901,False
2025,Singapore Grand Prix,FP3,LEC,16,Ferrari,7.0,3.0,MEDIUM,7.0,False,136.553,61.968,46.983,27.602,,1,,False,True,True,,,8.5,30.996296296296297,40.77901234567901,False
2025,Singapore Grand Prix,FP3,LEC,16,Ferrari,8.0,3.0,MEDIUM,8.0,False,95.043,28.153,39.977,26.913,,1,,True,False,True,,,8.5,30.996296296296297,40.77901234567901,False
2025,Singapore Grand Prix,FP3,LEC,16,Ferrari,9.0,3.0,MEDIUM,9.0,False,94.914,28.098,40.028,26.788,,1,,True,False,True,,,8.5,30.996296296296297,40.77901234567901,False
2025,Singapore Grand Prix,FP3,LEC,16,Ferrari,10.0,3.0,MEDIUM,10.0,False,99.234,28.081,40.077,31.076,,1,,True,False,True,,,8.5,30.996296296296297,40.77901234567901,False
2025,Singapore Grand Prix,FP3,LEC,16,Ferrari,11.0,3.0,MEDIUM,11.0,False,94.665,28.231,39.687,26.747,,1,,True,False,True,,,8.5,30.996296296296297,40.77901234567901,False
2025,Singapore Grand Prix,FP3,LEC,16,Ferrari,12.0,3.0,MEDIUM,12.0,False,100.275,28.021,40.102,32.152,,1,,False,True,True,,,8.5,30.996296296296297,40.77901234567901,False
2025,Singapore Grand Prix,FP3,LEC,16,Ferrari,13.0,4.0,SOFT,1.0,True,,,52.577,36.439,,12,,False,True,False,,,8.5,30.996296296296297,40.77901234567901,False
2025,Singapore Grand Prix,FP3,LEC,16,Ferrari,14.0,4.0,SOFT,2.0,True,90.651,26.899,38.068,25.684,,1,,True,False,True,,,8.5,30.996296296296297,40.77901234567901,False
2025,Singapore Grand Prix,FP3,LEC,16,Ferrari,15.0,4.0,SOFT,3.0,True,148.375,42.894,55.961,49.52,,12,,False,True,False,,,8.5,30.996296296296297,40.77901234567901,False
2025,Singapore Grand Prix,FP3,LEC,16,Ferrari,16.0,5.0,SOFT,4.0,False,,64.729,56.13,31.111,,1,,False,True,True,,,8.5,30.996296296296297,40.77901234567901,False
2025,Singapore Grand Prix,FP3,LEC,16,Ferrari,17.0,5.0,SOFT,5.0,False,111.894,26.953,45.507,39.434,,12,,True,False,False,,,8.5,30.996296296296297,40.77901234567901,False
2025,Singapore Grand Prix,FP3,LEC,16,Ferrari,18.0,5.0,SOFT,6.0,False,149.209,41.763,65.934,41.512,,1,,True,False,True,,,8.5,30.996296296296297,40.77901234567901,False
2025,Singapore Grand Prix,FP3,LEC,16,Ferrari,19.0,5.0,SOFT,7.0,False,113.77,27.025,44.446,42.299,,12,,True,False,False,,,8.5,30.996296296296297,40.77901234567901,False
2025,Singapore Grand Prix,FP3,LEC,16,Ferrari,20.0,5.0,SOFT,8.0,False,91.486,26.895,38.575,26.016,,1,,True,False,True,,,8.5,30.996296296296297,40.77901234567901,False
2025,Singapore Grand Prix,FP3,LEC,16,Ferrari,21.0,5.0,SOFT,9.0,False,140.319,43.072,60.294,36.953,,12,,True,False,False,,,8.5,30.996296296296297,40.77901234567901,False
2025,Singapore Grand Prix,FP3,LEC,16,Ferrari,22.0,5.0,SOFT,10.0,False,137.316,32.565,50.45,54.301,,1,,True,False,True,,,8.5,30.996296296296297,40.77901234567901,False
2025,Singapore Grand Prix,FP3,LEC,16,Ferrari,23.0,5.0,SOFT,11.0,False,145.561,60.178,48.846,36.537,,1,,False,True,True,,,8.5,30.996296296296297,40.77901234567901,False
2025,Singapore Grand Prix,FP3,STR,18,Aston Martin,1.0,1.0,HARD,1.0,True,,,58.597,44.221,,1,,False,True,True,,,8.5,30.996296296296297,40.77901234567901,False
2025,Singapore Grand Prix,FP3,STR,18,Aston Martin,2.0,2.0,MEDIUM,1.0,True,,54.477,62.252,43.633,,1,,False,True,True,,,8.5,30.996296296296297,40.77901234567901,False
2025,Singapore Grand Prix,FP3,STR,18,Aston Martin,3.0,3.0,MEDIUM,1.0,True,,,54.952,37.783,,12,,False,True,False,,,8.5,30.996296296296297,40.77901234567901,False
2025,Singapore Grand Prix,FP3,STR,18,Aston Martin,4.0,3.0,MEDIUM,2.0,True,,28.1,39.586,,,125,,False,True,False,,,8.5,30.996296296296297,40.77901234567901,False
2025,Singapore Grand Prix,FP3,STR,18,Aston Martin,5.0,4.0,MEDIUM,3.0,False,,,43.742,37.989,,1,,False,True,True,,,8.5,30.996296296296297,40.77901234567901,False
2025,Singapore Grand Prix,FP3,STR,18,Aston Martin,6.0,4.0,MEDIUM,4.0,False,93.067,27.525,39.22,26.322,,1,,True,False,True,,,8.5,30.996296296296297,40.77901234567901,False
2025,Singapore Grand Prix,FP3,STR,18,Aston Martin,7.0,4.0,MEDIUM,5.0,False,,47.17,67.811,35.757,,12,,False,False,False,,,8.5,30.996296296296297,40.77901234567901,False
2025,Singapore Grand Prix,FP3,STR,18,Aston Martin,8.0,4.0,MEDIUM,6.0,False,92.702,27.463,39.079,26.16,,1,,True,False,True,,,8.5,30.996296296296297,40.77901234567901,False
2025,Singapore Grand Prix,FP3,STR,18,Aston Martin,9.0,4.0,MEDIUM,7.0,False,,51.6,69.598,44.424,,1,,False,False,True,,,8.5,30.996296296296297,40.77901234567901,False
2025,Singapore Grand Prix,FP3,STR,18,Aston Martin,10.0,4.0,MEDIUM,8.0,False,94.044,27.856,39.547,26.641,,1,,True,False,True,,,8.5,30.996296296296297,40.77901234567901,False
2025,Singapore Grand Prix,FP3,STR,18,Aston Martin,11.0,4.0,MEDIUM,9.0,False,96.808,28.613,40.597,27.598,,1,,True,False,True,,,8.5,30.996296296296297,40.77901234567901,False
2025,Singapore Grand Prix,FP3,STR,18,Aston Martin,12.0,4.0,MEDIUM,10.0,False,96.001,28.449,40.476,27.076,,1,,True,False,True,,,8.5,30.996296296296297,40.77901234567901,False
2025,Singapore Grand Prix,FP3,STR,18,Aston Martin,13.0,4.0,MEDIUM,11.0,False,96.238,28.49,40.271,27.477,,12,,True,False,False,,,8.5,30.996296296296297,40.77901234567901,False
2025,Singapore Grand Prix,FP3,STR,18,Aston Martin,14.0,4.0,MEDIUM,12.0,False,96.679,29.737,40.066,26.876,,1,,True,False,True,,,8.5,30.996296296296297,40.77901234567901,False
2025,Singapore Grand Prix,FP3,STR,18,Aston Martin,15.0,4.0,MEDIUM,13.0,False,104.085,28.552,40.265,35.268,,1,,False,True,True,,,8.5,30.996296296296297,40.77901234567901,False
2025,Singapore Grand Prix,FP3,STR,18,Aston Martin,16.0,5.0,SOFT,1.0,True,,,55.605,35.68,,12,,False,True,False,,,8.5,30.996296296296297,40.77901234567901,False
2025,Singapore Grand Prix,FP3,STR,18,Aston Martin,17.0,5.0,SOFT,2.0,True,91.733,27.088,38.653,25.992,,1,,True,False,True,,,8.5,30.996296296296297,40.77901234567901,False
2025,Singapore Grand Prix,FP3,STR,18,Aston Martin,18.0,5.0,SOFT,3.0,True,,47.284,69.601,40.826,,12,,False,False,False,,,8.5,30.996296296296297,40.77901234567901,False
2025,Singapore Grand Prix,FP3,STR,18,Aston Martin,19.0,5.0,SOFT,4.0,True,,48.814,62.575,42.437,,1,,False,False,True,,,8.5,30.996296296296297,40.77901234567901,False
2025,Singapore Grand Prix,FP3,STR,18,Aston Martin,20.0,5.0,SOFT,5.0,True,91.26,27.14,38.434,25.686,,12,,True,False,False,,,8.5,30.996296296296297,40.77901234567901,False
2025,Singapore Grand Prix,FP3,STR,18,Aston Martin,21.0,5.0,SOFT,6.0,True,,43.355,67.003,49.629,,12,,False,False,False,,,8.5,30.996296296296297,40.77901234567901,False
2025,Singapore Grand Prix,FP3,STR,18,Aston Martin,22.0,5.0,SOFT,7.0,True,91.747,27.256,38.518,25.973,,21,,True,False,False,,,8.5,30.996296296296297,40.77901234567901,False
2025,Singapore Grand Prix,FP3,STR,18,Aston Martin,23.0,5.0,SOFT,8.0,True,,40.817,54.486,58.328,,1,,False,False,True,,,8.5,30.996296296296297,40.77901234567901,False
2025,Singapore Grand Prix,FP3,STR,18,Aston Martin,24.0,5.0,SOFT,9.0,True,145.241,60.621,46.994,37.626,,1,,False,True,True,,,8.5,30.996296296296297,40.77901234567901,False
2025,Singapore Grand Prix,FP3,TSU,22,Red Bull Racing,1.0,1.0,MEDIUM,1.0,True,,,47.004,29.631,,1,,False,True,True,,,8.5,30.996296296296297,40.77901234567901,False
2025,Singapore Grand Prix,FP3,TSU,22,Red Bull Racing,2.0,1.0,MEDIUM,2.0,True,93.743,27.833,39.479,26.431,,1,,True,False,True,,,8.5,30.996296296296297,40.77901234567901,False
2025,Singapore Grand Prix,FP3,TSU,22,Red Bull Racing,3.0,1.0,MEDIUM,3.0,True,,53.696,73.288,37.24,,1,,False,False,True,,,8.5,30.996296296296297,40.77901234567901,False
2025,Singapore Grand Prix,FP3,TSU,22,Red Bull Racing,4.0,1.0,MEDIUM,4.0,True,92.767,27.676,38.999,26.092,,1,,True,False,True,,,8.5,30.996296296296297,40.77901234567901,False
2025,Singapore Grand Prix,FP3,TSU,22,Red Bull Racing,5.0,1.0,MEDIUM,5.0,True,,56.532,78.995,37.77,,12,,False,False,False,,,8.5,30.996296296296297,40.77901234567901,False
2025,Singapore Grand Prix,FP3,TSU,22,Red Bull Racing,6.0,1.0,MEDIUM,6.0,True,92.732,27.489,38.836,26.407,,1,,True,False,True,,,8.5,30.996296296296297,40.77901234567901,False
2025,Singapore Grand Prix,FP3,TSU,22,Red Bull Racing,7.0,1.0,MEDIUM,7.0,True,132.878,37.506,53.576,41.796,,12,,False,True,False,,,8.5,30.996296296296297,40.77901234567901,False
2025,Singapore Grand Prix,FP3,TSU,22,Red Bull Racing,8.0,2.0,MEDIUM,8.0,False,,,42.398,31.258,,1,,False,True,True,,,8.5,30.996296296296297,40.77901234567901,False
2025,Singapore Grand Prix,FP3,TSU,22,Red Bull Racing,9.0,2.0,MEDIUM,9.0,False,98.087,29.281,41.272,27.534,,1,,True,False,True,,,8.5,30.996296296296297,40.77901234567901,False
2025,Singapore Grand Prix,FP3,TSU,22,Red Bull Racing,10.0,2.0,MEDIUM,10.0,False,97.542,29.1,40.894,27.548000000000002,,12,,True,False,False,,,8.5,30.996296296296297,40.77901234567901,False
2025,Singapore Grand Prix,FP3,TSU,22,Red Bull Racing,11.0,2.0,MEDIUM,11.0,False,97.058,28.917,40.78,27.361,,1,,True,False,True,,,8.5,30.996296296296297,40.77901234567901,False
2025,Singapore Grand Prix,FP3,TSU,22,Red Bull Racing,12.0,2.0,MEDIUM,12.0,False,97.271,28.921,40.935,27.415,,1,,True,False,True,,,8.5,30.996296296296297,40.77901234567901,False
2025,Singapore Grand Prix,FP3,TSU,22,Red Bull Racing,13.0,2.0,MEDIUM,13.0,False,97.407,28.832,40.933,27.642,,1,,True,False,True,,,8.5,30.996296296296297,40.77901234567901,False
2025,Singapore Grand Prix,FP3,TSU,22,Red Bull Racing,14.0,2.0,MEDIUM,14.0,False,101.124,28.95,43.188,28.986,,1,,True,False,True,,,8.5,30.996296296296297,40.77901234567901,False
2025,Singapore Grand Prix,FP3,TSU,22,Red Bull Racing,15.0,2.0,MEDIUM,15.0,False,99.146,30.193,41.485,27.468,,1,,True,False,True,,,8.5,30.996296296296297,40.77901234567901,False
2025,Singapore Grand Prix,FP3,TSU,22,Red Bull Racing,16.0,2.0,MEDIUM,16.0,False,96.876,28.896,40.799,27.181,,1,,True,False,True,,,8.5,30.996296296296297,40.77901234567901,False
2025,Singapore Grand Prix,FP3,TSU,22,Red Bull Racing,17.0,2.0,MEDIUM,17.0,False,103.511,28.843,40.812,33.856,,12,,False,True,False,,,8.5,30.996296296296297,40.77901234567901,False
2025,Singapore Grand Prix,FP3,TSU,22,Red Bull Racing,18.0,3.0,SOFT,1.0,True,,,55.892,30.004,,12,,False,True,False,,,8.5,30.996296296296297,40.77901234567901,False
2025,Singapore Grand Prix,FP3,TSU,22,Red Bull Racing,19.0,3.0,SOFT,2.0,True,91.44,27.221,38.368,25.851,,12,,True,False,False,,,8.5,30.996296296296297,40.77901234567901,False
2025,Singapore Grand Prix,FP3,TSU,22,Red Bull Racing,20.0,3.0,SOFT,3.0,True,,54.884,72.927,51.569,,1,,False,True,True,,,8.5,30.996296296296297,40.77901234567901,False
2025,Singapore Grand Prix,FP3,TSU,22,Red Bull Racing,21.0,4.0,SOFT,4.0,False,,67.313,54.933,34.905,,12,,False,True,False,,,8.5,30.996296296296297,40.77901234567901,False
2025,Singapore Grand Prix,FP3,TSU,22,Red Bull Racing,22.0,4.0,SOFT,5.0,False,91.476,27.177,38.437,25.862,,12,,True,False,False,,,8.5,30.996296296296297,40.77901234567901,False
2025,Singapore Grand Prix,FP3,TSU,22,Red Bull Racing,23.0,4.0,SOFT,6.0,False,,50.005,62.525,43.994,,1,,False,False,True,,,8.5,30.996296296296297,40.77901234567901,False
2025,Singapore Grand Prix,FP3,TSU,22,Red Bull Racing,24.0,4.0,SOFT,7.0,False,122.286,42.49,43.144,36.652,,1,,True,False,True,,,8.5,30.996296296296297,40.77901234567901,False
2025,Singapore Grand Prix,FP3,TSU,22,Red Bull Racing,25.0,4.0,SOFT,8.0,False,135.187,54.094,44.655,36.438,,12,,False,True,False,,,8.5,30.996296296296297,40.77901234567901,False
2025,Singapore Grand Prix,FP3,ALB,23,Williams,1.0,1.0,SOFT,1.0,True,,,46.723,33.412,,1,,False,True,True,,,8.5,30.996296296296297,40.77901234567901,False
2025,Singapore Grand Prix,FP3,ALB,23,Williams,2.0,1.0,SOFT,2.0,True,92.317,27.515,38.849,25.953,,12,,True,False,False,,,8.5,30.996296296296297,40.77901234567901,False
2025,Singapore Grand Prix,FP3,ALB,23,Williams,3.0,1.0,SOFT,3.0,True,,58.436,85.576,33.153,,1,,False,False,True,,,8.5,30.996296296296297,40.77901234567901,False
2025,Singapore Grand Prix,FP3,ALB,23,Williams,4.0,1.0,SOFT,4.0,True,,27.019,38.475,,,125,,False,True,False,,,8.5,30.996296296296297,40.77901234567901,False
2025,Singapore Grand Prix,FP3,ALB,23,Williams,5.0,2.0,SOFT,5.0,False,,,51.294,33.737,,1,,False,True,True,,,8.5,30.996296296296297,40.77901234567901,False
2025,Singapore Grand Prix,FP3,ALB,23,Williams,6.0,2.0,SOFT,6.0,False,91.173,26.997,38.551,25.625,,12,,True,False,False,,,8.5,30.996296296296297,40.77901234567901,False
2025,Singapore Grand Prix,FP3,ALB,23,Williams,7.0,2.0,SOFT,7.0,False,121.515,34.222,56.279,31.014,,21,,True,False,False,,,8.5,30.996296296296297,40.77901234567901,False
2025,Singapore Grand Prix,FP3,ALB,23,Williams,8.0,2.0,SOFT,8.0,False,94.732,28.206,39.681,26.845,,1,,True,False,True,,,8.5,30.996296296296297,40.77901234567901,False
2025,Singapore Grand Prix,FP3,ALB,23,Williams,9.0,2.0,SOFT,9.0,False,93.989,27.948,39.398,26.643,,1,,True,False,True,,,8.5,30.996296296296297,40.77901234567901,False
2025,Singapore Grand Prix,FP3,ALB,23,Williams,10.0,2.0,SOFT,10.0,False,94.031,28.07,39.522,26.439,,1,,True,False,True,,,8.5,30.996296296296297,40.77901234567901,False
2025,Singapore Grand Prix,FP3,ALB,23,Williams,11.0,2.0,SOFT,11.0,False,94.792,28.084,40.124,26.584,,1,,True,False,True,,,8.5,30.996296296296297,40.77901234567901,False
2025,Singapore Grand Prix,FP3,ALB,23,Williams,12.0,2.0,SOFT,12.0,False,94.256,28.069,39.768,26.419,,1,,True,False,True,,,8.5,30.996296296296297,40.77901234567901,False
2025,Singapore Grand Prix,FP3,ALB,23,Williams,13.0,2.0,SOFT,13.0,False,115.119,28.035,39.756,47.328,,12,,True,False,False,,,8.5,30.996296296296297,40.77901234567901,False
2025,Singapore Grand Prix,FP3,ALB,23,Williams,14.0,2.0,SOFT,14.0,False,99.909,28.03,39.609,32.27,,1,,False,True,True,,,8.5,30.996296296296297,40.77901234567901,False
2025,Singapore Grand Prix,FP3,ALB,23,Williams,15.0,3.0,SOFT,1.0,True,,,49.997,35.55,,12,,False,True,False,,,8.5,30.996296296296297,40.77901234567901,False
2025,Singapore Grand Prix,FP3,ALB,23,Williams,16.0,3.0,SOFT,2.0,True,120.4,32.32,53.879,34.201,,1,,True,False,True,,,8.5,30.996296296296297,40.77901234567901,False
2025,Singapore Grand Prix,FP3,ALB,23,Williams,17.0,3.0,SOFT,3.0,True,122.118,27.03,59.105,35.983,,12,,True,False,False,,,8.5,30.996296296296297,40.77901234567901,False
2025,Singapore Grand Prix,FP3,ALB,23,Williams,18.0,3.0,SOFT,4.0,True,90.668,26.901,38.092,25.675,,1,,True,False,True,,,8.5,30.996296296296297,40.77901234567901,False
2025,Singapore Grand Prix,FP3,ALB,23,Williams,19.0,3.0,SOFT,5.0,True,146.48,43.162,59.423,43.895,,12,,False,True,False,,,8.5,30.996296296296297,40.77901234567901,False
2025,Singapore Grand Prix,FP3,ALB,23,Williams,20.0,4.0,SOFT,2.0,False,141.195,60.206,51.11,29.879,,1,,False,True,True,,,8.5,30.996296296296297,40.77901234567901,False
2025,Singapore Grand Prix,FP3,ALB,23,Williams,21.0,4.0,SOFT,3.0,False,106.939,26.801,49.396,30.742,,12,,True,False,False,,,8.5,30.996296296296297,40.77901234567901,False
2025,Singapore Grand Prix,FP3,ALB,23,Williams,22.0,4.0,SOFT,4.0,False,123.365,34.593,50.041,38.731,,1,,True,False,True,,,8.5,30.996296296296297,40.77901234567901,False
2025,Singapore Grand Prix,FP3,ALB,23,Williams,23.0,4.0,SOFT,5.0,False,141.66,58.721,47.281,35.658,,1,,False,True,True,,,8.5,30.996296296296297,40.77901234567901,False
2025,Singapore Grand Prix,FP3,HUL,27,Kick Sauber,1.0,1.0,MEDIUM,1.0,True,,,46.295,30.709,,1,,False,True,True,,,8.5,30.996296296296297,40.77901234567901,False
2025,Singapore Grand Prix,FP3,HUL,27,Kick Sauber,2.0,1.0,MEDIUM,2.0,True,93.169,27.787,39.119,26.263,,1,,True,False,True,,,8.5,30.996296296296297,40.77901234567901,False
2025,Singapore Grand Prix,FP3,HUL,27,Kick Sauber,3.0,1.0,MEDIUM,3.0,True,,53.763,67.008,37.385,,12,,False,False,False,,,8.5,30.996296296296297,40.77901234567901,False
2025,Singapore Grand Prix,FP3,HUL,27,Kick Sauber,4.0,1.0,MEDIUM,4.0,True,93.179,27.795,38.91,26.474,,1,,True,False,True,,,8.5,30.996296296296297,40.77901234567901,False
2025,Singapore Grand Prix,FP3,HUL,27,Kick Sauber,5.0,1.0,MEDIUM,5.0,True,,49.384,,,,125,,False,True,False,,,8.5,30.996296296296297,40.77901234567901,False
2025,Singapore Grand Prix,FP3,HUL,27,Kick Sauber,6.0,2.0,MEDIUM,6.0,False,,,48.42,34.048,,1,,False,True,True,,,8.5,30.996296296296297,40.77901234567901,False
2025,Singapore Grand Prix,FP3,HUL,27,Kick Sauber,7.0,2.0,MEDIUM,7.0,False,92.871,27.384,39.05,26.437,,1,,True,False,True,,,8.5,30.996296296296297,40.77901234567901,False
2025,Singapore Grand Prix,FP3,HUL,27,Kick Sauber,8.0,2.0,MEDIUM,8.0,False,121.799,41.909,51.462,28.428,,12,,True,False,False,,,8.5,30.996296296296297,40.77901234567901,False
2025,Singapore Grand Prix,FP3,HUL,27,Kick Sauber,9.0,2.0,MEDIUM,9.0,False,95.668,28.474,40.179,27.015,,1,,True,False,True,,,8.5,30.996296296296297,40.77901234567901,False
2025,Singapore Grand Prix,FP3,HUL,27,Kick Sauber,10.0,2.0,MEDIUM,10.0,False,94.745,28.216,39.763,26.766,,1,,True,False,True,,,8.5,30.996296296296297,40.77901234567901,False
2025,Singapore Grand Prix,FP3,HUL,27,Kick Sauber,11.0,2.0,MEDIUM,11.0,False,94.467,28.217,39.551,26.699,,1,,True,False,True,,,8.5,30.996296296296297,40.77901234567901,False
2025,Singapore Grand Prix,FP3,HUL,27,Kick Sauber,12.0,2.0,MEDIUM,12.0,False,95.292,28.16,39.818,27.314,,1,,True,False,True,,,8.5,30.996296296296297,40.77901234567901,False
2025,Singapore Grand Prix,FP3,HUL,27,Kick Sauber,13.0,2.0,MEDIUM,13.0,False,95.085,28.609,39.757,26.719,,1,,True,False,True,,,8.5,30.996296296296297,40.77901234567901,False
2025,Singapore Grand Prix,FP3,HUL,27,Kick Sauber,14.0,2.0,MEDIUM,14.0,False,100.887,28.077,39.954,32.856,,1,,False,True,True,,,8.5,30.996296296296297,40.77901234567901,False
2025,Singapore Grand Prix,FP3,HUL,27,Kick Sauber,15.0,3.0,SOFT,1.0,True,,,48.19,34.608,,12,,False,True,False,,,8.5,30.996296296296297,40.77901234567901,False
2025,Singapore Grand Prix,FP3,HUL,27,Kick Sauber,16.0,3.0,SOFT,2.0,True,90.64,26.964,38.045,25.631,,1,,True,False,True,,,8.5,30.996296296296297,40.77901234567901,False
2025,Singapore Grand Prix,FP3,HUL,27,Kick Sauber,17.0,3.0,SOFT,3.0,True,134.185,40.448,51.389,42.348,,12,,False,True,False,,,8.5,30.996296296296297,40.77901234567901,False
2025,Singapore Grand Prix,FP3,HUL,27,Kick Sauber,18.0,4.0,SOFT,2.0,False,,,53.813,39.252,,1,,False,True,True,,,8.5,30.996296296296297,40.77901234567901,False
2025,Singapore Grand Prix,FP3,HUL,27,Kick Sauber,19.0,4.0,SOFT,3.0,False,90.637,27.102,37.909,25.626,,12,,True,False,False,,,8.5,30.996296296296297,40.77901234567901,False
2025,Singapore Grand Prix,FP3,HUL,27,Kick Sauber,20.0,4.0,SOFT,4.0,False,,39.822,56.49,59.473,,12,,False,False,False,,,8.5,30.996296296296297,40.77901234567901,False
2025,Singapore Grand Prix,FP3,HUL,27,Kick Sauber,21.0,4.0,SOFT,5.0,False,,40.901,62.911,49.61,,1,,False,False,True,,,8.5,30.996296296296297,40.77901234567901,False
2025,Singapore Grand Prix,FP3,HUL,27,Kick Sauber,22.0,4.0,SOFT,6.0,False,133.772,57.374,42.385,34.013,,1,,False,True,True,,,8.5,30.996296296296297,40.77901234567901,False
2025,Singapore Grand Prix,FP3,LAW,30,Racing Bulls,1.0,1.0,MEDIUM,1.0,True,,,50.177,31.427,,1,,False,True,True,,,8.5,30.996296296296297,40.77901234567901,False
2025,Singapore Grand Prix,FP3,LAW,30,Racing Bulls,2.0,1.0,MEDIUM,2.0,True,93.628,27.917,39.204,26.507,,1,,True,False,True,,,8.5,30.996296296296297,40.77901234567901,False
2025,Singapore Grand Prix,FP3,LAW,30,Racing Bulls,3.0,1.0,MEDIUM,3.0,True,146.953,43.134,63.358,40.461,,1,,True,False,True,,,8.5,30.996296296296297,40.77901234567901,False
2025,Singapore Grand Prix,FP3,LAW,30,Racing Bulls,4.0,1.0,MEDIUM,4.0,True,129.326,42.302,54.149,32.875,,1,,True,False,True,,,8.5,30.996296296296297,40.77901234567901,False
2025,Singapore Grand Prix,FP3,LAW,30,Racing Bulls,5.0,1.0,MEDIUM,5.0,True,107.305,27.464,38.788,41.053,,12,,False,True,False,,,8.5,30.996296296296297,40.77901234567901,False
2025,Singapore Grand Prix,FP3,LAW,30,Racing Bulls,6.0,2.0,MEDIUM,6.0,False,,71.708,67.163,35.919,,1,,False,True,True,,,8.5,30.996296296296297,40.77901234567901,False
2025,Singapore Grand Prix,FP3,LAW,30,Racing Bulls,7.0,2.0,MEDIUM,7.0,False,,27.231,,,,125,,False,True,False,,,8.5,30.996296296296297,40.77901234567901,False
2025,Singapore Grand Prix,FP3,OCO,31,Haas F1 Team,1.0,1.0,MEDIUM,1.0,True,,,46.785,30.287,,1,,False,True,True,,,8.5,30.996296296296297,40.77901234567901,False
2025,Singapore Grand Prix,FP3,OCO,31,Haas F1 Team,2.0,1.0,MEDIUM,2.0,True,94.257,27.848,39.692,26.717,,1,,True,False,True,,,8.5,30.996296296296297,40.77901234567901,False
2025,Singapore Grand Prix,FP3,OCO,31,Haas F1 Team,3.0,1.0,MEDIUM,3.0,True,,51.965,73.709,39.957,,1,,False,False,True,,,8.5,30.996296296296297,40.77901234567901,False
2025,Singapore Grand Prix,FP3,OCO,31,Haas F1 Team,4.0,1.0,MEDIUM,4.0,True,93.647,27.955,39.327,26.365,,1,,True,False,True,,,8.5,30.996296296296297,40.77901234567901,False
2025,Singapore Grand Prix,FP3,OCO,31,Haas F1 Team,5.0,1.0,MEDIUM,5.0,True,,47.838,71.189,41.706,,12,,False,True,False,,,8.5,30.996296296296297,40.77901234567901,False
2025,Singapore Grand Prix,FP3,OCO,31,Haas F1 Team,6.0,2.0,MEDIUM,6.0,False,,58.576,56.633,36.057,,1,,False,True,True,,,8.5,30.996296296296297,40.77901234567901,False
2025,Singapore Grand Prix,FP3,OCO,31,Haas F1 Team,7.0,2.0,MEDIUM,7.0,False,92.802,27.557,39.022,26.223,,12,,True,False,False,,,8.5,30.996296296296297,40.77901234567901,False
2025,Singapore Grand Prix,FP3,OCO,31,Haas F1 Team,8.0,2.0,MEDIUM,8.0,False,,,,,,251,,False,True,False,,,8.5,30.996296296296297,40.77901234567901,False
2025,Singapore Grand Prix,FP3,OCO,31,Haas F1 Team,9.0,3.0,MEDIUM,9.0,False,,,42.606,28.133,,1,,False,True,True,,,8.5,30.996296296296297,40.77901234567901,False
2025,Singapore Grand Prix,FP3,OCO,31,Haas F1 Team,10.0,3.0,MEDIUM,10.0,False,92.773,27.491,39.019,26.263,,1,,True,False,True,,,8.5,30.996296296296297,40.77901234567901,False
2025,Singapore Grand Prix,FP3,OCO,31,Haas F1 Team,11.0,3.0,MEDIUM,11.0,False,,44.643,64.703,44.513,,1,,False,True,True,,,8.5,30.996296296296297,40.77901234567901,False
2025,Singapore Grand Prix,FP3,OCO,31,Haas F1 Team,12.0,4.0,MEDIUM,12.0,False,,62.529,57.727,36.899,,1,,False,True,True,,,8.5,30.996296296296297,40.77901234567901,False
2025,Singapore Grand Prix,FP3,OCO,31,Haas F1 Team,13.0,4.0,MEDIUM,13.0,False,91.95,27.331,38.754,25.865,,1,,True,False,True,,,8.5,30.996296296296297,40.77901234567901,False
2025,Singapore Grand Prix,FP3,OCO,31,Haas F1 Team,14.0,4.0,MEDIUM,14.0,False,112.437,30.942,46.489,35.006,,12,,False,True,False,,,8.5,30.996296296296297,40.77901234567901,False
2025,Singapore Grand Prix,FP3,OCO,31,Haas F1 Team,15.0,5.0,SOFT,1.0,True,,,47.039,29.886,,1,,False,True,True,,,8.5,30.996296296296297,40.77901234567901,False
2025,Singapore Grand Prix,FP3,OCO,31,Haas F1 Team,16.0,5.0,SOFT,2.0,True,90.784,27.032,38.163,25.589,,12,,True,False,False,,,8.5,30.996296296296297,40.77901234567901,False
2025,Singapore Grand Prix,FP3,OCO,31,Haas F1 Team,17.0,5.0,SOFT,3.0,True,,49.145,76.04,48.2,,1,,False,False,True,,,8.5,30.996296296296297,40.77901234567901,False
2025,Singapore Grand Prix,FP3,OCO,31,Haas F1 Team,18.0,5.0,SOFT,4.0,True,133.861,43.192,56.007,34.662,,12,,True,False,False,,,8.5,30.996296296296297,40.77901234567901,False
2025,Singapore Grand Prix,FP3,OCO,31,Haas F1 Team,19.0,5.0,SOFT,5.0,True,91.898,27.155,38.612,26.131,,1,,True,False,True,,,8.5,30.996296296296297,40.77901234567901,False
2025,Singapore Grand Prix,FP3,OCO,31,Haas F1 Team,20.0,5.0,SOFT,6.0,True,138.739,39.894,57.137,41.708,,12,,True,False,False,,,8.5,30.996296296296297,40.77901234567901,False
2025,Singapore Grand Prix,FP3,OCO,31,Haas F1 Team,21.0,5.0,SOFT,7.0,True,121.188,35.969,55.499,29.72,,12,,True,False,False,,,8.5,30.996296296296297,40.77901234567901,False
2025,Singapore Grand Prix,FP3,OCO,31,Haas F1 Team,22.0,5.0,SOFT,8.0,True,129.764,27.656,50.062,52.046,,1,,True,False,True,,,8.5,30.996296296296297,40.77901234567901,False
2025,Singapore Grand Prix,FP3,OCO,31,Haas F1 Team,23.0,5.0,SOFT,9.0,True,146.961,51.663,54.185,41.113,,1,,False,True,True,,,8.5,30.996296296296297,40.77901234567901,False
2025,Singapore Grand Prix,FP3,COL,43,Alpine,1.0,1.0,MEDIUM,1.0,True,,,52.037,29.836,,1,,False,True,True,,,8.5,30.996296296296297,40.77901234567901,False
2025,Singapore Grand Prix,FP3,COL,43,Alpine,2.0,1.0,MEDIUM,2.0,True,95.2,28.16,40.157,26.883,,1,,True,False,True,,,8.5,30.996296296296297,40.77901234567901,False
2025,Singapore Grand Prix,FP3,COL,43,Alpine,3.0,1.0,MEDIUM,3.0,True,,51.141,65.479,49.129,,1,,False,True,True,,,8.5,30.996296296296297,40.77901234567901,False
2025,Singapore Grand Prix,FP3,COL,43,Alpine,4.0,2.0,MEDIUM,4.0,False,133.084,50.058,52.772,30.254,,1,,False,True,True,,,8.5,30.996296296296297,40.77901234567901,False
2025,Singapore Grand Prix,FP3,COL,43,Alpine,5.0,2.0,MEDIUM,5.0,False,115.653,27.51,39.224,48.919,,12,,True,False,False,,,8.5,30.996296296296297,40.77901234567901,False
2025,Singapore Grand Prix,FP3,COL,43,Alpine,6.0,2.0,MEDIUM,6.0,False,98.844,29.85,40.824,28.17,,1,,True,False,True,,,8.5,30.996296296296297,40.77901234567901,False
2025,Singapore Grand Prix,FP3,COL,43,Alpine,7.0,2.0,MEDIUM,7.0,False,93.708,27.803,39.414,26.491,,1,,True,False,True,,,8.5,30.996296296296297,40.77901234567901,False
2025,Singapore Grand Prix,FP3,COL,43,Alpine,8.0,2.0,MEDIUM,8.0,False,,28.026,,,,125,,False,True,False,,,8.5,30.996296296296297,40.77901234567901,False
2025,Singapore Grand Prix,FP3,COL,43,Alpine,9.0,3.0,MEDIUM,9.0,False,,,55.82,35.112,,1,,False,True,True,,,8.5,30.996296296296297,40.77901234567901,False
2025,Singapore Grand Prix,FP3,COL,43,Alpine,10.0,3.0,MEDIUM,10.0,False,92.672,27.313,38.976,26.383,,12,,True,False,False,,,8.5,30.996296296296297,40.77901234567901,False
2025,Singapore Grand Prix,FP3,COL,43,Alpine,11.0,3.0,MEDIUM,11.0,False,,50.229,73.957,47.601,,1,,False,True,True,,,8.5,30.996296296296297,40.77901234567901,False
2025,Singapore Grand Prix,FP3,COL,43,Alpine,12.0,4.0,MEDIUM,12.0,False,147.315,56.843,58.099,32.373,,1,,False,True,True,,,8.5,30.996296296296297,40.77901234567901,False
2025,Singapore Grand Prix,FP3,COL,43,Alpine,13.0,4.0,MEDIUM,13.0,False,94.008,27.389,39.523,27.096,,1,,True,False,True,,,8.5,30.996296296296297,40.77901234567901,False
2025,Singapore Grand Prix,FP3,COL,43,Alpine,14.0,4.0,MEDIUM,14.0,False,114.919,33.413,48.278,33.228,,1,,False,True,True,,,8.5,30.996296296296297,40.77901234567901,False
2025,Singapore Grand Prix,FP3,COL,43,Alpine,15.0,5.0,SOFT,1.0,True,,,50.689,28.824,,12,,False,True,False,,,8.5,30.996296296296297,40.77901234567901,False
2025,Singapore Grand Prix,FP3,COL,43,Alpine,16.0,5.0,SOFT,2.0,True,91.047,26.948,38.199,25.9,,12,,True,False,False,,,8.5,30.996296296296297,40.77901234567901,False
2025,Singapore Grand Prix,FP3,COL,43,Alpine,17.0,5.0,SOFT,3.0,True,,51.583,71.8,48.446,,12,,False,True,False,,,8.5,30.996296296296297,40.77901234567901,False
2025,Singapore Grand Prix,FP3,COL,43,Alpine,18.0,6.0,SOFT,4.0,False,143.637,65.014,49.984,28.639,,1,,False,True,True,,,8.5,30.996296296296297,40.77901234567901,False
2025,Singapore Grand Prix,FP3,COL,43,Alpine,19.0,6.0,SOFT,5.0,False,94.503,27.021,38.371,29.111,,12,,True,False,False,,,8.5,30.996296296296297,40.77901234567901,False
2025,Singapore Grand Prix,FP3,COL,43,Alpine,20.0,6.0,SOFT,6.0,False,,61.862,80.43,35.245,,21,,False,False,False,,,8.5,30.996296296296297,40.77901234567901,False
2025,Singapore Grand Prix,FP3,COL,43,Alpine,21.0,6.0,SOFT,7.0,False,92.043,27.093,38.448,26.502,,12,,True,False,False,,,8.5,30.996296296296297,40.77901234567901,False
2025,Singapore Grand Prix,FP3,COL,43,Alpine,22.0,6.0,SOFT,8.0,False,144.826,45.926,54.922,43.978,,1,,True,False,True,,,8.5,30.996296296296297,40.77901234567901,False
2025,Singapore Grand Prix,FP3,COL,43,Alpine,23.0,6.0,SOFT,9.0,False,128.251,54.688,41.805,31.758,,1,,False,True,True,,,8.5,30.996296296296297,40.77901234567901,False
2025,Singapore Grand Prix,FP3,HAM,44,Ferrari,1.0,1.0,MEDIUM,1.0,True,,,62.965,37.206,,1,,False,True,True,,,8.5,30.996296296296297,40.77901234567901,False
2025,Singapore Grand Prix,FP3,HAM,44,Ferrari,2.0,1.0,MEDIUM,2.0,True,134.825,45.596,60.075,29.154,,1,,True,False,True,,,8.5,30.996296296296297,40.77901234567901,False
2025,Singapore Grand Prix,FP3,HAM,44,Ferrari,3.0,1.0,MEDIUM,3.0,True,92.807,27.582,38.989,26.236,,12,,True,False,False,,,8.5,30.996296296296297,40.77901234567901,False
2025,Singapore Grand Prix,FP3,HAM,44,Ferrari,4.0,1.0,MEDIUM,4.0,True,,49.566,66.106,45.777,,1,,False,False,True,,,8.5,30.996296296296297,40.77901234567901,False
2025,Singapore Grand Prix,FP3,HAM,44,Ferrari,5.0,1.0,MEDIUM,5.0,True,,,,,,125,,False,True,False,,,8.5,30.996296296296297,40.77901234567901,False
2025,Singapore Grand Prix,FP3,HAM,44,Ferrari,6.0,2.0,MEDIUM,6.0,False,,,49.912,29.58,,1,,False,True,True,,,8.5,30.996296296296297,40.77901234567901,False
2025,Singapore Grand Prix,FP3,HAM,44,Ferrari,7.0,2.0,MEDIUM,7.0,False,121.417,28.821,62.68,29.916,,12,,True,False,False,,,8.5,30.996296296296297,40.77901234567901,False
2025,Singapore Grand Prix,FP3,HAM,44,Ferrari,8.0,2.0,MEDIUM,8.0,False,91.448,27.162,38.551,25.735,,1,,True,False,True,,,8.5,30.996296296296297,40.77901234567901,False
2025,Singapore Grand Prix,FP3,HAM,44,Ferrari,9.0,2.0,MEDIUM,9.0,False,119.216,42.453,49.295,27.468,,1,,True,False,True,,,8.5,30.996296296296297,40.77901234567901,False
2025,Singapore Grand Prix,FP3,HAM,44,Ferrari,10.0,2.0,MEDIUM,10.0,False,95.553,28.521,40.045,26.987,,1,,True,False,True,,,8.5,30.996296296296297,40.77901234567901,False
2025,Singapore Grand Prix,FP3,HAM,44,Ferrari,11.0,2.0,MEDIUM,11.0,False,95.402,28.563,39.945,26.894,,1,,True,False,True,,,8.5,30.996296296296297,40.77901234567901,False
2025,Singapore Grand Prix,FP3,HAM,44,Ferrari,12.0,2.0,MEDIUM,12.0,False,94.701,28.307,39.828,26.566,,1,,True,False,True,,,8.5,30.996296296296297,40.77901234567901,False
2025,Singapore Grand Prix,FP3,HAM,44,Ferrari,13.0,2.0,MEDIUM,13.0,False,94.932,28.145,40.185,26.602,,1,,True,False,True,,,8.5,30.996296296296297,40.77901234567901,False
2025,Singapore Grand Prix,FP3,HAM,44,Ferrari,14.0,2.0,MEDIUM,14.0,False,103.922,28.648,40.557,34.717,,12,,False,True,False,,,8.5,30.996296296296297,40.77901234567901,False
2025,Singapore Grand Prix,FP3,HAM,44,Ferrari,15.0,3.0,SOFT,1.0,True,,,51.389,28.289,,1,,False,True,True,,,8.5,30.996296296296297,40.77901234567901,False
2025,Singapore Grand Prix,FP3,HAM,44,Ferrari,16.0,3.0,SOFT,2.0,True,90.559,26.824,38.051,25.684,,12,,True,False,False,,,8.5,30.996296296296297,40.77901234567901,False
2025,Singapore Grand Prix,FP3,HAM,44,Ferrari,17.0,3.0,SOFT,3.0,True,,55.763,74.647,55.346,,1,,False,True,True,,,8.5,30.996296296296297,40.77901234567901,False
2025,Singapore Grand Prix,FP3,HAM,44,Ferrari,18.0,4.0,SOFT,3.0,False,,78.576,57.389,28.349,,12,,False,True,False,,,8.5,30.996296296296297,40.77901234567901,False
2025,Singapore Grand Prix,FP3,HAM,44,Ferrari,19.0,4.0,SOFT,4.0,False,90.65,26.782,38.154,25.714,,12,,True,False,False,,,8.5,30.996296296296297,40.77901234567901,False
2025,Singapore Grand Prix,FP3,HAM,44,Ferrari,20.0,4.0,SOFT,5.0,False,137.88,44.129,52.617,41.134,,1,,False,True,True,,,8.5,30.996296296296297,40.77901234567901,False
2025,Singapore Grand Prix,FP3,HAM,44,Ferrari,21.0,5.0,SOFT,8.0,False,,82.252,61.045,34.532,,12,,False,True,False,,,8.5,30.996296296296297,40.77901234567901,False
2025,Singapore Grand Prix,FP3,HAM,44,Ferrari,22.0,5.0,SOFT,9.0,False,131.318,28.093,47.778,55.447,,1,,True,False,True,,,8.5,30.996296296296297,40.77901234567901,False
2025,Singapore Grand Prix,FP3,HAM,44,Ferrari,23.0,5.0,SOFT,10.0,False,139.385,52.127,51.155,36.103,,1,,False,True,True,,,8.5,30.996296296296297,40.77901234567901,False
2025,Singapore Grand Prix,FP3,SAI,55,Williams,1.0,1.0,SOFT,1.0,True,,,45.147,29.946,,1,,False,True,True,,,8.5,30.996296296296297,40.77901234567901,False
2025,Singapore Grand Prix,FP3,SAI,55,Williams,2.0,1.0,SOFT,2.0,True,91.96,27.313,38.62,26.027,,1,,True,False,True,,,8.5,30.996296296296297,40.77901234567901,False
2025,Singapore Grand Prix,FP3,SAI,55,Williams,3.0,1.0,SOFT,3.0,True,,64.214,66.102,39.031,,12,,False,False,False,,,8.5,30.996296296296297,40.77901234567901,False
2025,Singapore Grand Prix,FP3,SAI,55,Williams,4.0,1.0,SOFT,4.0,True,91.353,27.11,38.438,25.805,,1,,True,False,True,,,8.5,30.996296296296297,40.77901234567901,False
2025,Singapore Grand Prix,FP3,SAI,55,Williams,5.0,1.0,SOFT,5.0,True,,,,,,125,,False,True,False,,,8.5,30.996296296296297,40.77901234567901,False
2025,Singapore Grand Prix,FP3,SAI,55,Williams,6.0,2.0,SOFT,6.0,False,,,44.91,31.461,,1,,False,True,True,,,8.5,30.996296296296297,40.77901234567901,False
2025,Singapore Grand Prix,FP3,SAI,55,Williams,7.0,2.0,SOFT,7.0,False,117.947,26.948,38.256,52.743,,12,,True,False,False,,,8.5,30.996296296296297,40.77901234567901,False
2025,Singapore Grand Prix,FP3,SAI,55,Williams,8.0,2.0,SOFT,8.0,False,110.667,36.386,46.462,27.819,,1,,True,False,True,,,8.5,30.996296296296297,40.77901234567901,False
2025,Singapore Grand Prix,FP3,SAI,55,Williams,9.0,2.0,SOFT,9.0,False,94.294,28.089,39.433,26.772,,1,,True,False,True,,,8.5,30.996296296296297,40.77901234567901,False
2025,Singapore Grand Prix,FP3,SAI,55,Williams,10.0,2.0,SOFT,10.0,False,94.356,28.054,39.597,26.705,,1,,True,False,True,,,8.5,30.996296296296297,40.77901234567901,False
2025,Singapore Grand Prix,FP3,SAI,55,Williams,11.0,2.0,SOFT,11.0,False,94.284,28.151,39.536,26.597,,1,,True,False,True,,,8.5,30.996296296296297,40.77901234567901,False
2025,Singapore Grand Prix,FP3,SAI,55,Williams,12.0,2.0,SOFT,12.0,False,94.083,28.08,39.493,26.51,,1,,True,False,True,,,8.5,30.996296296296297,40.77901234567901,False
2025,Singapore Grand Prix,FP3,SAI,55,Williams,13.0,2.0,SOFT,13.0,False,94.043,28.051,39.476,26.516,,1,,True,False,True,,,8.5,30.996296296296297,40.77901234567901,False
2025,Singapore Grand Prix,FP3,SAI,55,Williams,14.0,2.0,SOFT,14.0,False,100.717,28.107,39.344,33.266,,12,,False,True,False,,,8.5,30.996296296296297,40.77901234567901,False
2025,Singapore Grand Prix,FP3,SAI,55,Williams,15.0,3.0,SOFT,15.0,False,118.282,39.373,43.301,35.608,,1,,False,True,True,,,8.5,30.996296296296297,40.77901234567901,False
2025,Singapore Grand Prix,FP3,SAI,55,Williams,16.0,4.0,SOFT,1.0,True,,,52.649,37.026,,12,,False,True,False,,,8.5,30.996296296296297,40.77901234567901,False
2025,Singapore Grand Prix,FP3,SAI,55,Williams,17.0,4.0,SOFT,2.0,True,90.392,26.983,37.957,25.452,,1,,True,False,True,,,8.5,30.996296296296297,40.77901234567901,False
2025,Singapore Grand Prix,FP3,SAI,55,Williams,18.0,4.0,SOFT,3.0,True,,42.759,62.475,45.811,,12,,False,True,False,,,8.5,30.996296296296297,40.77901234567901,False
2025,Singapore Grand Prix,FP3,SAI,55,Williams,19.0,5.0,SOFT,3.0,False,,,45.152,32.842,,12,,False,True,False,,,8.5,30.996296296296297,40.77901234567901,False
2025,Singapore Grand Prix,FP3,SAI,55,Williams,20.0,5.0,SOFT,4.0,False,90.813,26.971,38.165,25.677,,12,,True,False,False,,,8.5,30.996296296296297,40.77901234567901,False
2025,Singapore Grand Prix,FP3,SAI,55,Williams,21.0,5.0,SOFT,5.0,False,137.365,50.484,49.827,37.054,,1,,True,False,True,,,8.5,30.996296296296297,40.77901234567901,False
2025,Singapore Grand Prix,FP3,SAI,55,Williams,22.0,5.0,SOFT,6.0,False,120.699,32.892,49.896,37.911,,1,,True,False,True,,,8.5,30.996296296296297,40.77901234567901,False
2025,Singapore Grand Prix,FP3,SAI,55,Williams,23.0,5.0,SOFT,7.0,False,141.299,59.385,47.951,33.963,,12,,False,True,False,,,8.5,30.996296296296297,40.77901234567901,False
2025,Singapore Grand Prix,FP3,RUS,63,Mercedes,1.0,1.0,SOFT,1.0,True,,,,,,125,,False,True,False,,,8.5,30.996296296296297,40.77901234567901,False
2025,Singapore Grand Prix,FP3,RUS,63,Mercedes,2.0,2.0,SOFT,2.0,False,,,46.209,35.606,,1,,False,True,True,,,8.5,30.996296296296297,40.77901234567901,False
2025,Singapore Grand Prix,FP3,RUS,63,Mercedes,3.0,2.0,SOFT,3.0,False,91.707,27.044,38.792,25.871,,1,,True,False,True,,,8.5,30.996296296296297,40.77901234567901,False
2025,Singapore Grand Prix,FP3,RUS,63,Mercedes,4.0,2.0,SOFT,4.0,False,149.274,46.286,59.639,43.349,,12,,False,True,False,,,8.5,30.996296296296297,40.77901234567901,False
2025,Singapore Grand Prix,FP3,RUS,63,Mercedes,5.0,3.0,SOFT,5.0,False,145.715,58.997,56.177,30.541,,1,,False,True,True,,,8.5,30.996296296296297,40.77901234567901,False
2025,Singapore Grand Prix,FP3,RUS,63,Mercedes,6.0,3.0,SOFT,6.0,False,91.663,27.166,38.648,25.849,,1,,True,False,True,,,8.5,30.996296296296297,40.77901234567901,False
2025,Singapore Grand Prix,FP3,RUS,63,Mercedes,7.0,3.0,SOFT,7.0,False,,45.843,69.004,41.947,,1,,False,False,True,,,8.5,30.996296296296297,40.77901234567901,False
2025,Singapore Grand Prix,FP3,RUS,63,Mercedes,8.0,3.0,SOFT,8.0,False,134.908,41.455,59.583,33.87,,1,,True,False,True,,,8.5,30.996296296296297,40.77901234567901,False
2025,Singapore Grand Prix,FP3,RUS,63,Mercedes,9.0,3.0,SOFT,9.0,False,91.238,26.924,38.519,25.795,,12,,True,False,False,,,8.5,30.996296296296297,40.77901234567901,False
2025,Singapore Grand Prix,FP3,RUS,63,Mercedes,10.0,3.0,SOFT,10.0,False,112.589,33.68,44.543,34.366,,1,,False,True,True,,,8.5,30.996296296296297,40.77901234567901,False
2025,Singapore Grand Prix,FP3,RUS,63,Mercedes,11.0,4.0,SOFT,1.0,True,,,52.93,28.65,,12,,False,True,False,,,8.5,30.996296296296297,40.77901234567901,False
2025,Singapore Grand Prix,FP3,RUS,63,Mercedes,12.0,4.0,SOFT,2.0,True,90.197,26.768,37.889,25.54,,1,,True,False,True,,,8.5,30.996296296296297,40.77901234567901,False
2025,Singapore Grand Prix,FP3,RUS,63,Mercedes,13.0,4.0,SOFT,3.0,True,,49.294,69.837,48.084,,12,,False,False,False,,,8.5,30.996296296296297,40.77901234567901,False
2025,Singapore Grand Prix,FP3,RUS,63,Mercedes,14.0,4.0,SOFT,4.0,True,135.753,48.381,57.186,30.186,,1,,True,False,True,,,8.5,30.996296296296297,40.77901234567901,False
2025,Singapore Grand Prix,FP3,RUS,63,Mercedes,15.0,4.0,SOFT,5.0,True,100.596,26.842,38.675,35.079,,12,,False,True,False,,,8.5,30.996296296296297,40.77901234567901,False
2025,Singapore Grand Prix,FP3,RUS,63,Mercedes,16.0,5.0,SOFT,11.0,False,,,44.876,28.065,,12,,False,True,False,,,8.5,30.996296296296297,40.77901234567901,False
2025,Singapore Grand Prix,FP3,RUS,63,Mercedes,17.0,5.0,SOFT,12.0,False,137.995,33.326,57.248,47.421,,1,,True,False,True,,,8.5,30.996296296296297,40.77901234567901,False
2025,Singapore Grand Prix,FP3,RUS,63,Mercedes,18.0,5.0,SOFT,13.0,False,145.074,60.551,45.507,39.016,,1,,False,True,True,,,8.5,30.996296296296297,40.77901234567901,False
2025,Singapore Grand Prix,FP3,PIA,81,McLaren,1.0,1.0,MEDIUM,1.0,True,,,45.229,32.842,,1,,False,True,True,,,8.5,30.996296296296297,40.77901234567901,False
2025,Singapore Grand Prix,FP3,PIA,81,McLaren,2.0,1.0,MEDIUM,2.0,True,92.554,27.516,38.79,26.248,,1,,True,False,True,,,8.5,30.996296296296297,40.77901234567901,False
2025,Singapore Grand Prix,FP3,PIA,81,McLaren,3.0,1.0,MEDIUM,3.0,True,,48.4,75.709,48.548,,1,,False,False,True,,,8.5,30.996296296296297,40.77901234567901,False
2025,Singapore Grand Prix,FP3,PIA,81,McLaren,4.0,1.0,MEDIUM,4.0,True,112.064,27.447,38.513,46.104,,12,,False,True,False,,,8.5,30.996296296296297,40.77901234567901,False
2025,Singapore Grand Prix,FP3,PIA,81,McLaren,5.0,2.0,MEDIUM,5.0,False,,55.633,63.708,37.12,,1,,False,True,True,,,8.5,30.996296296296297,40.77901234567901,False
2025,Singapore Grand Prix,FP3,PIA,81,McLaren,6.0,2.0,MEDIUM,6.0,False,,27.233,38.258,,,125,,False,True,False,,,8.5,30.996296296296297,40.77901234567901,False
2025,Singapore Grand Prix,FP3,PIA,81,McLaren,7.0,3.0,MEDIUM,7.0,False,,,40.895,27.073,,1,,False,True,True,,,8.5,30.996296296296297,40.77901234567901,False
2025,Singapore Grand Prix,FP3,PIA,81,McLaren,8.0,3.0,MEDIUM,8.0,False,94.023,28.013,39.326,26.684,,12,,True,False,False,,,8.5,30.996296296296297,40.77901234567901,False
2025,Singapore Grand Prix,FP3,PIA,81,McLaren,9.0,3.0,MEDIUM,9.0,False,94.995,28.199,39.95,26.846,,21,,True,False,False,,,8.5,30.996296296296297,40.77901234567901,False
2025,Singapore Grand Prix,FP3,PIA,81,McLaren,10.0,3.0,MEDIUM,10.0,False,94.632,28.14,39.711,26.781,,1,,True,False,True,,,8.5,30.996296296296297,40.77901234567901,False
2025,Singapore Grand Prix,FP3,PIA,81,McLaren,11.0,3.0,MEDIUM,11.0,False,102.317,28.319,40.628,33.37,,1,,True,False,True,,,8.5,30.996296296296297,40.77901234567901,False
2025,Singapore Grand Prix,FP3,PIA,81,McLaren,12.0,3.0,MEDIUM,12.0,False,94.672,28.079,39.816,26.777,,1,,True,False,True,,,8.5,30.996296296296297,40.77901234567901,False
2025,Singapore Grand Prix,FP3,PIA,81,McLaren,13.0,3.0,MEDIUM,13.0,False,96.079,28.134,40.808,27.137,,1,,True,False,True,,,8.5,30.996296296296297,40.77901234567901,False
2025,Singapore Grand Prix,FP3,PIA,81,McLaren,14.0,3.0,MEDIUM,14.0,False,94.831,28.137,39.792,26.902,,1,,True,False,True,,,8.5,30.996296296296297,40.77901234567901,False
2025,Singapore Grand Prix,FP3,PIA,81,McLaren,15.0,3.0,MEDIUM,15.0,False,100.309,28.111,39.699,32.499,,1,,False,True,True,,,8.5,30.996296296296297,40.77901234567901,False
2025,Singapore Grand Prix,FP3,PIA,81,McLaren,16.0,4.0,MEDIUM,16.0,False,113.602,39.493,40.246,33.863,,12,,False,True,False,,,8.5,30.996296296296297,40.77901234567901,False
2025,Singapore Grand Prix,FP3,PIA,81,McLaren,17.0,5.0,SOFT,1.0,True,,,43.906,29.289,,1,,False,True,True,,,8.5,30.996296296296297,40.77901234567901,False
2025,Singapore Grand Prix,FP3,PIA,81,McLaren,18.0,5.0,SOFT,2.0,True,90.627,26.924,38.1,25.603,,12,,True,False,False,,,8.5,30.996296296296297,40.77901234567901,False
2025,Singapore Grand Prix,FP3,PIA,81,McLaren,19.0,5.0,SOFT,3.0,True,139.859,47.189,53.309,39.361,,1,,False,True,True,,,8.5,30.996296296296297,40.77901234567901,False
2025,Singapore Grand Prix,FP3,PIA,81,McLaren,20.0,6.0,SOFT,1.0,True,143.771,53.517,56.937,33.317,,12,,False,True,False,,,8.5,30.996296296296297,40.77901234567901,False
2025,Singapore Grand Prix,FP3,PIA,81,McLaren,21.0,6.0,SOFT,2.0,True,90.983,26.948,38.177,25.858,,1,,True,False,True,,,8.5,30.996296296296297,40.77901234567901,False
2025,Singapore Grand Prix,FP3,PIA,81,McLaren,22.0,6.0,SOFT,3.0,True,143.472,47.929,54.733,40.81,,12,,True,False,False,,,8.5,30.996296296296297,40.77901234567901,False
2025,Singapore Grand Prix,FP3,PIA,81,McLaren,23.0,6.0,SOFT,4.0,True,141.809,45.178,57.304,39.327,,1,,True,False,True,,,8.5,30.996296296296297,40.77901234567901,False
2025,Singapore Grand Prix,FP3,PIA,81,McLaren,24.0,6.0,SOFT,5.0,True,90.165,26.789,37.785,25.591,,12,,True,False,False,,,8.5,30.996296296296297,40.77901234567901,False
2025,Singapore Grand Prix,FP3,PIA,81,McLaren,25.0,6.0,SOFT,6.0,True,,42.959,63.906,58.535,,1,,False,False,True,,,8.5,30.996296296296297,40.77901234567901,False
2025,Singapore Grand Prix,FP3,PIA,81,McLaren,26.0,6.0,SOFT,7.0,True,149.324,63.525,50.735,35.064,,1,,False,True,True,,,8.5,30.996296296296297,40.77901234567901,False
2025,Singapore Grand Prix,FP3,BEA,87,Haas F1 Team,1.0,1.0,MEDIUM,1.0,True,,,48.061,29.675,,1,,False,True,True,,,8.5,30.996296296296297,40.77901234567901,False
2025,Singapore Grand Prix,FP3,BEA,87,Haas F1 Team,2.0,1.0,MEDIUM,2.0,True,93.986,27.978,39.501,26.507,,1,,True,False,True,,,8.5,30.996296296296297,40.77901234567901,False
2025,Singapore Grand Prix,FP3,BEA,87,Haas F1 Team,3.0,1.0,MEDIUM,3.0,True,,58.254,70.757,34.274,,1,,False,False,True,,,8.5,30.996296296296297,40.77901234567901,False
2025,Singapore Grand Prix,FP3,BEA,87,Haas F1 Team,4.0,1.0,MEDIUM,4.0,True,92.778,27.664,38.927,26.187,,1,,True,False,True,,,8.5,30.996296296296297,40.77901234567901,False
2025,Singapore Grand Prix,FP3,BEA,87,Haas F1 Team,5.0,1.0,MEDIUM,5.0,True,,57.754,70.343,45.418,,12,,False,False,False,,,8.5,30.996296296296297,40.77901234567901,False
2025,Singapore Grand Prix,FP3,BEA,87,Haas F1 Team,6.0,1.0,MEDIUM,6.0,True,142.84,46.862,59.738,36.24,,1,,True,False,True,,,8.5,30.996296296296297,40.77901234567901,False
2025,Singapore Grand Prix,FP3,BEA,87,Haas F1 Team,7.0,1.0,MEDIUM,7.0,True,91.689,27.144,38.632,25.913,,1,,True,False,True,,,8.5,30.996296296296297,40.77901234567901,False
2025,Singapore Grand Prix,FP3,BEA,87,Haas F1 Team,8.0,1.0,MEDIUM,8.0,True,,,,,,125,,False,True,False,,,8.5,30.996296296296297,40.77901234567901,False
2025,Singapore Grand Prix,FP3,BEA,87,Haas F1 Team,9.0,2.0,MEDIUM,9.0,False,,,42.808,28.323,,1,,False,True,True,,,8.5,30.996296296296297,40.77901234567901,False
2025,Singapore Grand Prix,FP3,BEA,87,Haas F1 Team,10.0,2.0,MEDIUM,10.0,False,96.394,28.628,40.446,27.32,,12,,True,False,False,,,8.5,30.996296296296297,40.77901234567901,False
2025,Singapore Grand Prix,FP3,BEA,87,Haas F1 Team,11.0,2.0,MEDIUM,11.0,False,96.158,28.632,40.425,27.101,,1,,True,False,True,,,8.5,30.996296296296297,40.77901234567901,False
2025,Singapore Grand Prix,FP3,BEA,87,Haas F1 Team,12.0,2.0,MEDIUM,12.0,False,96.225,28.697,40.488,27.04,,1,,True,False,True,,,8.5,30.996296296296297,40.77901234567901,False
2025,Singapore Grand Prix,FP3,BEA,87,Haas F1 Team,13.0,2.0,MEDIUM,13.0,False,95.663,28.49,40.243,26.93,,1,,True,False,True,,,8.5,30.996296296296297,40.77901234567901,False
2025,Singapore Grand Prix,FP3,BEA,87,Haas F1 Team,14.0,2.0,MEDIUM,14.0,False,95.704,28.465,40.251,26.988,,1,,True,False,True,,,8.5,30.996296296296297,40.77901234567901,False
2025,Singapore Grand Prix,FP3,BEA,87,Haas F1 Team,15.0,2.0,MEDIUM,15.0,False,100.653,28.182,40.119,32.352,,1,,False,True,True,,,8.5,30.996296296296297,40.77901234567901,False
2025,Singapore Grand Prix,FP3,BEA,87,Haas F1 Team,16.0,3.0,SOFT,1.0,True,,,49.057,30.401,,12,,False,True,False,,,8.5,30.996296296296297,40.77901234567901,False
2025,Singapore Grand Prix,FP3,BEA,87,Haas F1 Team,17.0,3.0,SOFT,2.0,True,90.799,26.924,38.197,25.678,,12,,True,False,False,,,8.5,30.996296296296297,40.77901234567901,False
2025,Singapore Grand Prix,FP3,BEA,87,Haas F1 Team,18.0,3.0,SOFT,3.0,True,,54.202,74.279,51.171,,1,,False,False,True,,,8.5,30.996296296296297,40.77901234567901,False
2025,Singapore Grand Prix,FP3,BEA,87,Haas F1 Team,19.0,3.0,SOFT,4.0,True,140.467,47.037,63.981,29.449,,12,,True,False,False,,,8.5,30.996296296296297,40.77901234567901,False
2025,Singapore Grand Prix,FP3,BEA,87,Haas F1 Team,20.0,3.0,SOFT,5.0,True,91.101,26.982,38.41,25.709,,1,,True,False,True,,,8.5,30.996296296296297,40.77901234567901,False
2025,Singapore Grand Prix,FP3,BEA,87,Haas F1 Team,21.0,3.0,SOFT,6.0,True,144.224,51.084,59.033,34.107,,12,,True,False,False,,,8.5,30.996296296296297,40.77901234567901,False
2025,Singapore Grand Prix,FP3,BEA,87,Haas F1 Team,22.0,3.0,SOFT,7.0,True,114.027,36.506,48.653,28.868,,12,,True,False,False,,,8.5,30.996296296296297,40.77901234567901,False
2025,Singapore Grand Prix,FP3,BEA,87,Haas F1 Team,23.0,3.0,SOFT,8.0,True,126.714,36.187,50.904,39.623,,1,,True,False,True,,,8.5,30.996296296296297,40.77901234567901,False
2025,Singapore Grand Prix,FP3,BEA,87,Haas F1 Team,24.0,3.0,SOFT,9.0,True,118.673,42.459,39.726,36.488,,1,,False,True,True,,,8.5,30.996296296296297,40.77901234567901,False
2025,Singapore Grand Prix,Q,RUS,63,Mercedes,1.0,1.0,SOFT,1.0,True,,,51.778,31.041,,1,,False,True,True,,,8.5,29.863414634146345,34.9609756097561,False
2025,Singapore Grand Prix,Q,RUS,63,Mercedes,2.0,1.0,SOFT,2.0,True,90.509,26.82,38.014,25.675,,1,,True,False,True,,,8.5,29.863414634146345,34.9609756097561,False
2025,Singapore Grand Prix,Q,RUS,63,Mercedes,3.0,1.0,SOFT,3.0,True,129.1,37.23,52.651,39.219,,1,,False,True,True,,,8.5,29.863414634146345,34.9609756097561,False
2025,Singapore Grand Prix,Q,RUS,63,Mercedes,4.0,2.0,SOFT,1.0,True,,,49.355,28.324,,1,,False,True,True,,,8.5,29.863414634146345,34.9609756097561,False
2025,Singapore Grand Prix,Q,RUS,63,Mercedes,5.0,2.0,SOFT,2.0,True,89.928,26.704,37.84,25.384,,12,,True,False,False,,,8.5,29.863414634146345,34.9609756097561,False
2025,Singapore Grand Prix,Q,RUS,63,Mercedes,6.0,2.0,SOFT,3.0,True,131.493,39.084,52.846,39.563,,21,,False,True,False,,,8.5,29.863414634146345,34.9609756097561,False
2025,Singapore Grand Prix,Q,RUS,63,Mercedes,7.0,3.0,SOFT,4.0,False,,,49.258,29.048,,21,,False,True,False,,,8.5,29.863414634146345,34.9609756097561,False
2025,Singapore Grand Prix,Q,RUS,63,Mercedes,8.0,3.0,SOFT,5.0,False,90.192,26.613,38.035,25.544,,1,,True,False,True,,,8.5,29.863414634146345,34.9609756097561,False
2025,Singapore Grand Prix,Q,RUS,63,Mercedes,9.0,3.0,SOFT,6.0,False,142.275,30.966,43.949,67.36,,1,,False,True,True,,,8.5,29.863414634146345,34.9609756097561,False
2025,Singapore Grand Prix,Q,RUS,63,Mercedes,10.0,4.0,SOFT,1.0,True,,,50.441,29.447,,1,,False,True,True,,,8.5,29.863414634146345,34.9609756097561,False
2025,Singapore Grand Prix,Q,RUS,63,Mercedes,11.0,4.0,SOFT,2.0,True,89.562,26.599,37.576,25.387,,1,,True,False,True,,,8.5,29.863414634146345,34.9609756097561,False
2025,Singapore Grand Prix,Q,RUS,63,Mercedes,12.0,4.0,SOFT,3.0,True,124.916,35.85,49.592,39.474,,1,,False,True,True,,,8.5,29.863414634146345,34.9609756097561,False
2025,Singapore Grand Prix,Q,RUS,63,Mercedes,13.0,5.0,SOFT,1.0,True,,,46.665,28.24,,12,,False,True,False,,,8.5,29.863414634146345,34.9609756097561,False
2025,Singapore Grand Prix,Q,RUS,63,Mercedes,14.0,5.0,SOFT,2.0,True,89.165,26.415,37.466,25.284,,1,,True,False,True,,,8.5,29.863414634146345,34.9609756097561,False
2025,Singapore Grand Prix,Q,RUS,63,Mercedes,15.0,5.0,SOFT,3.0,True,114.869,31.953,47.733,35.183,,1,,False,True,True,,,8.5,29.863414634146345,34.9609756097561,False
2025,Singapore Grand Prix,Q,RUS,63,Mercedes,16.0,6.0,SOFT,1.0,True,,,48.499,28.54,,1,,False,True,True,,,8.5,29.863414634146345,34.9609756097561,False
2025,Singapore Grand Prix,Q,RUS,63,Mercedes,17.0,6.0,SOFT,2.0,True,89.158,26.475,37.329,25.354,,1,,True,False,True,,,8.5,29.863414634146345,34.9609756097561,False
2025,Singapore Grand Prix,Q,RUS,63,Mercedes,18.0,6.0,SOFT,3.0,True,,35.838,50.036,,,1,,False,True,True,,,8.5,29.863414634146345,34.9609756097561,False
2025,Singapore Grand Prix,Q,VER,1,Red Bull Racing,1.0,1.0,SOFT,1.0,True,,,57.448,30.733,,12,,False,True,False,,,8.5,29.863414634146345,34.9609756097561,False
2025,Singapore Grand Prix,Q,VER,1,Red Bull Racing,2.0,1.0,SOFT,2.0,True,90.317,26.87,37.887,25.56,,1,,True,False,True,,,8.5,29.863414634146345,34.9609756097561,False
2025,Singapore Grand Prix,Q,VER,1,Red Bull Racing,3.0,1.0,SOFT,3.0,True,129.892,40.432,51.974,37.486,,1,,False,True,True,,,8.5,29.863414634146345,34.9609756097561,False
2025,Singapore Grand Prix,Q,VER,1,Red Bull Racing,4.0,2.0,SOFT,4.0,False,,,46.529,30.41,,1,,False,True,True,,,8.5,29.863414634146345,34.9609756097561,False
2025,Singapore Grand Prix,Q,VER,1,Red Bull Racing,5.0,2.0,SOFT,5.0,False,90.028,26.795,37.827,25.406,,1,,True,False,True,,,8.5,29.863414634146345,34.9609756097561,False
2025,Singapore Grand Prix,Q,VER,1,Red Bull Racing,6.0,2.0,SOFT,6.0,False,124.744,33.669,50.296,40.779,,12,,False,True,False,,,8.5,29.863414634146345,34.9609756097561,False
2025,Singapore Grand Prix,Q,VER,1,Red Bull Racing,7.0,3.0,SOFT,1.0,True,,,47.512,28.913,,21,,False,True,False,,,8.5,29.863414634146345,34.9609756097561,False
2025,Singapore Grand Prix,Q,VER,1,Red Bull Racing,8.0,3.0,SOFT,2.0,True,89.747,26.696,37.665,25.386,,1,,True,False,True,,,8.5,29.863414634146345,34.9609756097561,False
2025,Singapore Grand Prix,Q,VER,1,Red Bull Racing,9.0,3.0,SOFT,3.0,True,123.415,37.849,47.942,37.624,,1,,False,True,True,,,8.5,29.863414634146345,34.9609756097561,False
2025,Singapore Grand Prix,Q,VER,1,Red Bull Racing,10.0,4.0,SOFT,1.0,True,,,46.597,29.045,,1,,False,True,True,,,8.5,29.863414634146345,34.9609756097561,False
2025,Singapore Grand Prix,Q,VER,1,Red Bull Racing,11.0,4.0,SOFT,2.0,True,89.572,26.676,37.578,25.318,,1,,True,False,True,,,8.5,29.863414634146345,34.9609756097561,False
2025,Singapore Grand Prix,Q,VER,1,Red Bull Racing,12.0,4.0,SOFT,3.0,True,125.364,33.753,54.63,36.981,,1,,False,True,True,,,8.5,29.863414634146345,34.9609756097561,False
2025,Singapore Grand Prix,Q,VER,1,Red Bull Racing,13.0,5.0,SOFT,1.0,True,,,49.117,30.035,,12,,False,True,False,,,8.5,29.863414634146345,34.9609756097561,False
2025,Singapore Grand Prix,Q,VER,1,Red Bull Racing,14.0,5.0,SOFT,2.0,True,89.34,26.701,37.419,25.22,,1,,True,False,True,,,8.5,29.863414634146345,34.9609756097561,False
2025,Singapore Grand Prix,Q,VER,1,Red Bull Racing,15.0,5.0,SOFT,3.0,True,103.918,29.689,40.724,33.505,,1,,False,True,True,,,8.5,29.863414634146345,34.9609756097561,False
2025,Singapore Grand Prix,Q,VER,1,Red Bull Racing,16.0,6.0,SOFT,1.0,True,,,51.295,27.922,,1,,False,True,True,,,8.5,29.863414634146345,34.9609756097561,False
2025,Singapore Grand Prix,Q,VER,1,Red Bull Racing,17.0,6.0,SOFT,2.0,True,92.988,26.512,37.458,29.018,,1,,True,False,True,,,8.5,29.863414634146345,34.9609756097561,False
2025,Singapore Grand Prix,Q,VER,1,Red Bull Racing,18.0,6.0,SOFT,3.0,True,,36.747,45.359,,,1,,False,True,True,,,8.5,29.863414634146345,34.9609756097561,False
2025,Singapore Grand Prix,Q,PIA,81,McLaren,1.0,1.0,SOFT,1.0,True,,,44.666,31.54,,1,,False,True,True,,,8.5,29.863414634146345,34.9609756097561,False
2025,Singapore Grand Prix,Q,PIA,81,McLaren,2.0,1.0,SOFT,2.0,True,130.02,36.673,54.052,39.295,,12,,False,True,False,,,8.5,29.863414634146345,34.9609756097561,False
2025,Singapore Grand Prix,Q,PIA,81,McLaren,3.0,2.0,SOFT,1.0,True,,,48.782,35.98,,1,,False,True,True,,,8.5,29.863414634146345,34.9609756097561,False
2025,Singapore Grand Prix,Q,PIA,81,McLaren,4.0,2.0,SOFT,2.0,True,90.44,26.957,37.951,25.532,,1,,True,False,True,,,8.5,29.863414634146345,34.9609756097561,False
2025,Singapore Grand Prix,Q,PIA,81,McLaren,5.0,2.0,SOFT,3.0,True,128.71,39.505,49.878,39.327,,1,,True,False,True,,,8.5,29.863414634146345,34.9609756097561,False
2025,Singapore Grand Prix,Q,PIA,81,McLaren,6.0,2.0,SOFT,4.0,True,125.703,44.212,51.042,30.449,,1,,True,False,True,,,8.5,29.863414634146345,34.9609756097561,False
2025,Singapore Grand Prix,Q,PIA,81,McLaren,7.0,2.0,SOFT,5.0,True,90.313,26.711,38.165,25.437,,1,,True,False,True,,,8.5,29.863414634146345,34.9609756097561,False
2025,Singapore Grand Prix,Q,PIA,81,McLaren,8.0,2.0,SOFT,6.0,True,142.239,41.891,59.227,41.121,,12,,False,True,False,,,8.5,29.863414634146345,34.9609756097561,False
2025,Singapore Grand Prix,Q,PIA,81,McLaren,9.0,3.0,SOFT,3.0,False,,,43.294,32.425,,21,,False,True,False,,,8.5,29.863414634146345,34.9609756097561,False
2025,Singapore Grand Prix,Q,PIA,81,McLaren,10.0,3.0,SOFT,4.0,False,89.823,26.771,37.615,25.437,,1,,True,False,True,,,8.5,29.863414634146345,34.9609756097561,False
2025,Singapore Grand Prix,Q,PIA,81,McLaren,11.0,3.0,SOFT,5.0,False,,36.611,48.126,69.028,,1,,False,True,True,,,8.5,29.863414634146345,34.9609756097561,False
2025,Singapore Grand Prix,Q,PIA,81,McLaren,12.0,4.0,SOFT,1.0,True,,,44.467,36.716,,1,,False,True,True,,,8.5,29.863414634146345,34.9609756097561,False
2025,Singapore Grand Prix,Q,PIA,81,McLaren,13.0,4.0,SOFT,2.0,True,89.813,26.754,37.624,25.435,,1,,True,False,True,,,8.5,29.863414634146345,34.9609756097561,False
2025,Singapore Grand Prix,Q,PIA,81,McLaren,14.0,4.0,SOFT,3.0,True,118.994,35.037,46.594,37.363,,1,,False,True,True,,,8.5,29.863414634146345,34.9609756097561,False
2025,Singapore Grand Prix,Q,PIA,81,McLaren,15.0,5.0,SOFT,1.0,True,,,48.485,27.789,,12,,False,True,False,,,8.5,29.863414634146345,34.9609756097561,False
2025,Singapore Grand Prix,Q,PIA,81,McLaren,16.0,5.0,SOFT,2.0,True,89.524,26.556,37.609,25.359,,1,,True,False,True,,,8.5,29.863414634146345,34.9609756097561,False
2025,Singapore Grand Prix,Q,PIA,81,McLaren,17.0,5.0,SOFT,3.0,True,113.202,33.734,44.365,35.103,,1,,False,True,True,,,8.5,29.863414634146345,34.9609756097561,False
2025,Singapore Grand Prix,Q,PIA,81,McLaren,18.0,6.0,SOFT,1.0,True,,,44.053,27.992,,1,,False,True,True,,,8.5,29.863414634146345,34.9609756097561,False
2025,Singapore Grand Prix,Q,PIA,81,McLaren,19.0,6.0,SOFT,2.0,True,89.952,26.632,37.784,25.536,,1,,True,False,True,,,8.5,29.863414634146345,34.9609756097561,False
2025,Singapore Grand Prix,Q,PIA,81,McLaren,20.0,6.0,SOFT,3.0,True,,34.791,46.776,,,1,,False,True,True,,,8.5,29.863414634146345,34.9609756097561,False
2025,Singapore Grand Prix,Q,ANT,12,Mercedes,1.0,1.0,SOFT,1.0,True,,,47.784,35.13,,1,,False,True,True,,,8.5,29.863414634146345,34.9609756097561,False
2025,Singapore Grand Prix,Q,ANT,12,Mercedes,2.0,1.0,SOFT,2.0,True,,37.433,51.944,90.562,,1,,False,True,True,,,8.5,29.863414634146345,34.9609756097561,False
2025,Singapore Grand Prix,Q,ANT,12,Mercedes,3.0,2.0,SOFT,1.0,True,,,47.645,29.108,,1,,False,True,True,,,8.5,29.863414634146345,34.9609756097561,False
2025,Singapore Grand Prix,Q,ANT,12,Mercedes,4.0,2.0,SOFT,2.0,True,90.036,26.609,37.657,25.77,,1,,True,False,True,,,8.5,29.863414634146345,34.9609756097561,False
2025,Singapore Grand Prix,Q,ANT,12,Mercedes,5.0,2.0,SOFT,3.0,True,120.722,33.547,50.173,37.002,,1,,False,True,True,,,8.5,29.863414634146345,34.9609756097561,False
2025,Singapore Grand Prix,Q,ANT,12,Mercedes,6.0,3.0,SOFT,3.0,False,,,48.466,29.824,,12,,False,True,False,,,8.5,29.863414634146345,34.9609756097561,False
2025,Singapore Grand Prix,Q,ANT,12,Mercedes,7.0,3.0,SOFT,4.0,False,89.824,26.687,37.622,25.515,,1,,True,False,True,,,8.5,29.863414634146345,34.9609756097561,False
2025,Singapore Grand Prix,Q,ANT,12,Mercedes,8.0,3.0,SOFT,5.0,False,116.065,35.418,45.269,35.378,,1,,False,True,True,,,8.5,29.863414634146345,34.9609756097561,False
2025,Singapore Grand Prix,Q,ANT,12,Mercedes,9.0,4.0,SOFT,1.0,True,,,47.072,29.112,,1,,False,True,True,,,8.5,29.863414634146345,34.9609756097561,False
2025,Singapore Grand Prix,Q,ANT,12,Mercedes,10.0,4.0,SOFT,2.0,True,89.649,26.794,37.413,25.442,,1,,True,False,True,,,8.5,29.863414634146345,34.9609756097561,False
2025,Singapore Grand Prix,Q,ANT,12,Mercedes,11.0,4.0,SOFT,3.0,True,127.659,36.407,53.615,37.637,,1,,False,True,True,,,8.5,29.863414634146345,34.9609756097561,False
2025,Singapore Grand Prix,Q,ANT,12,Mercedes,12.0,5.0,SOFT,1.0,True,,,47.005,29.02,,12,,False,True,False,,,8.5,29.863414634146345,34.9609756097561,False
2025,Singapore Grand Prix,Q,ANT,12,Mercedes,13.0,5.0,SOFT,2.0,True,89.537,26.563,37.482,25.492,,1,,True,False,True,,,8.5,29.863414634146345,34.9609756097561,False
2025,Singapore Grand Prix,Q,ANT,12,Mercedes,14.0,5.0,SOFT,3.0,True,111.987,33.207,44.063,34.717,,1,,False,True,True,,,8.5,29.863414634146345,34.9609756097561,False
2025,Singapore Grand Prix,Q,ANT,12,Mercedes,15.0,6.0,SOFT,1.0,True,,,45.952,28.747,,1,,False,True,True,,,8.5,29.863414634146345,34.9609756097561,False
2025,Singapore Grand Prix,Q,ANT,12,Mercedes,16.0,6.0,SOFT,2.0,True,89.761,26.482,37.769,25.51,,1,,True,False,True,,,8.5,29.863414634146345,34.9609756097561,False
2025,Singapore Grand Prix,Q,ANT,12,Mercedes,17.0,6.0,SOFT,3.0,True,,34.559,47.527,,,1,,False,True,True,,,8.5,29.863414634146345,34.9609756097561,False
2025,Singapore Grand Prix,Q,NOR,4,McLaren,1.0,1.0,SOFT,1.0,True,,,48.917,31.341,,1,,False,True,True,,,8.5,29.863414634146345,34.9609756097561,False
2025,Singapore Grand Prix,Q,NOR,4,McLaren,2.0,1.0,SOFT,2.0,True,90.572,26.728,37.889,25.955,,12,,True,False,False,,,8.5,29.863414634146345,34.9609756097561,False
2025,Singapore Grand Prix,Q,NOR,4,McLaren,3.0,1.0,SOFT,3.0,True,124.856,35.565,49.681,39.61,,1,,False,True,True,,,8.5,29.863414634146345,34.9609756097561,False
2025,Singapore Grand Prix,Q,NOR,4,McLaren,4.0,2.0,SOFT,1.0,True,,,45.207,28.571,,1,,False,True,True,,,8.5,29.863414634146345,34.9609756097561,False
2025,Singapore Grand Prix,Q,NOR,4,McLaren,5.0,2.0,SOFT,2.0,True,89.932,26.7,37.705,25.527,,1,,True,False,True,,,8.5,29.863414634146345,34.9609756097561,False
2025,Singapore Grand Prix,Q,NOR,4,McLaren,6.0,2.0,SOFT,3.0,True,127.647,39.975,51.491,36.181,,1,,True,False,True,,,8.5,29.863414634146345,34.9609756097561,False
2025,Singapore Grand Prix,Q,NOR,4,McLaren,7.0,2.0,SOFT,4.0,True,130.204,49.255,50.236,30.713,,1,,True,False,True,,,8.5,29.863414634146345,34.9609756097561,False
2025,Singapore Grand Prix,Q,NOR,4,McLaren,8.0,2.0,SOFT,5.0,True,104.733,26.629,42.062,36.042,,12,,False,True,False,,,8.5,29.863414634146345,34.9609756097561,False
2025,Singapore Grand Prix,Q,NOR,4,McLaren,9.0,3.0,SOFT,4.0,False,,,42.714,31.885,,21,,False,True,False,,,8.5,29.863414634146345,34.9609756097561,False
2025,Singapore Grand Prix,Q,NOR,4,McLaren,10.0,3.0,SOFT,5.0,False,90.008,26.712,37.751,25.545,,1,,True,False,True,,,8.5,29.863414634146345,34.9609756097561,False
2025,Singapore Grand Prix,Q,NOR,4,McLaren,11.0,3.0,SOFT,6.0,False,120.431,34.169,47.781,38.481,,1,,False,True,True,,,8.5,29.863414634146345,34.9609756097561,False
2025,Singapore Grand Prix,Q,NOR,4,McLaren,12.0,4.0,SOFT,1.0,True,,,47.633,26.779,,1,,False,True,True,,,8.5,29.863414634146345,34.9609756097561,False
2025,Singapore Grand Prix,Q,NOR,4,McLaren,13.0,4.0,SOFT,2.0,True,89.809,26.667,37.674,25.468,,1,,True,False,True,,,8.5,29.863414634146345,34.9609756097561,False
2025,Singapore Grand Prix,Q,NOR,4,McLaren,14.0,4.0,SOFT,3.0,True,120.692,34.892,46.499,39.301,,1,,False,True,True,,,8.5,29.863414634146345,34.9609756097561,False
2025,Singapore Grand Prix,Q,NOR,4,McLaren,15.0,5.0,SOFT,1.0,True,,,42.148,37.267,,12,,False,True,False,,,8.5,29.863414634146345,34.9609756097561,False
2025,Singapore Grand Prix,Q,NOR,4,McLaren,16.0,5.0,SOFT,2.0,True,89.607,26.641,37.634,25.332,,1,,True,False,True,,,8.5,29.863414634146345,34.9609756097561,False
2025,Singapore Grand Prix,Q,NOR,4,McLaren,17.0,5.0,SOFT,3.0,True,109.896,31.349,43.982,34.565,,1,,False,True,True,,,8.5,29.863414634146345,34.9609756097561,False
2025,Singapore Grand Prix,Q,NOR,4,McLaren,18.0,6.0,SOFT,1.0,True,,,42.097,30.762,,1,,False,True,True,,,8.5,29.863414634146345,34.9609756097561,False
2025,Singapore Grand Prix,Q,NOR,4,McLaren,19.0,6.0,SOFT,2.0,True,89.586,26.645,37.451,25.49,,1,,True,False,True,,,8.5,29.863414634146345,34.9609756097561,False
2025,Singapore Grand Prix,Q,NOR,4,McLaren,20.0,6.0,SOFT,3.0,True,,33.543,48.672,,,1,,False,True,True,,,8.5,29.863414634146345,34.9609756097561,False
2025,Singapore Grand Prix,Q,HAM,44,Ferrari,1.0,1.0,SOFT,1.0,True,,,50.055,28.712,,1,,False,True,True,,,8.5,29.863414634146345,34.9609756097561,False
2025,Singapore Grand Prix,Q,HAM,44,Ferrari,2.0,1.0,SOFT,2.0,True,123.78,36.322,56.377,31.081,,12,,True,False,False,,,8.5,29.863414634146345,34.9609756097561,False
2025,Singapore Grand Prix,Q,HAM,44,Ferrari,3.0,1.0,SOFT,3.0,True,90.562,27.059,37.958,25.545,,1,,True,False,True,,,8.5,29.863414634146345,34.9609756097561,False
2025,Singapore Grand Prix,Q,HAM,44,Ferrari,4.0,1.0,SOFT,4.0,True,126.637,40.074,53.047,33.516,,1,,True,False,True,,,8.5,29.863414634146345,34.9609756097561,False
2025,Singapore Grand Prix,Q,HAM,44,Ferrari,5.0,1.0,SOFT,5.0,True,90.319,26.792,37.983,25.544,,1,,True,False,True,,,8.5,29.863414634146345,34.9609756097561,False
2025,Singapore Grand Prix,Q,HAM,44,Ferrari,6.0,1.0,SOFT,6.0,True,111.142,32.746,42.638,35.758,,1,,False,True,True,,,8.5,29.863414634146345,34.9609756097561,False
2025,Singapore Grand Prix,Q,HAM,44,Ferrari,7.0,2.0,SOFT,1.0,True,,,46.924,29.079,,1,,False,True,True,,,8.5,29.863414634146345,34.9609756097561,False
2025,Singapore Grand Prix,Q,HAM,44,Ferrari,8.0,2.0,SOFT,2.0,True,89.765,26.751,37.669,25.345,,1,,True,False,True,,,8.5,29.863414634146345,34.9609756097561,False
2025,Singapore Grand Prix,Q,HAM,44,Ferrari,9.0,2.0,SOFT,3.0,True,132.369,38.444,54.111,39.814,,12,,False,True,False,,,8.5,29.863414634146345,34.9609756097561,False
2025,Singapore Grand Prix,Q,HAM,44,Ferrari,10.0,3.0,SOFT,1.0,True,,,49.749,28.12,,21,,False,True,False,,,8.5,29.863414634146345,34.9609756097561,False
2025,Singapore Grand Prix,Q,HAM,44,Ferrari,11.0,3.0,SOFT,2.0,True,118.051,35.429,51.664,30.958,,1,,True,False,True,,,8.5,29.863414634146345,34.9609756097561,False
2025,Singapore Grand Prix,Q,HAM,44,Ferrari,12.0,3.0,SOFT,3.0,True,89.936,26.775,37.641,25.52,,1,,True,False,True,,,8.5,29.863414634146345,34.9609756097561,False
2025,Singapore Grand Prix,Q,HAM,44,Ferrari,13.0,3.0,SOFT,4.0,True,110.978,31.562,43.546,35.87,,1,,False,True,True,,,8.5,29.863414634146345,34.9609756097561,False
2025,Singapore Grand Prix,Q,HAM,44,Ferrari,14.0,4.0,SOFT,1.0,True,,,48.091,83.039,,1,,False,True,True,,,8.5,29.863414634146345,34.9609756097561,False
2025,Singapore Grand Prix,Q,HAM,44,Ferrari,15.0,5.0,SOFT,1.0,True,,,47.377,27.65,,12,,False,True,False,,,8.5,29.863414634146345,34.9609756097561,False
2025,Singapore Grand Prix,Q,HAM,44,Ferrari,16.0,5.0,SOFT,2.0,True,89.733,26.716,37.732,25.285,,1,,True,False,True,,,8.5,29.863414634146345,34.9609756097561,False
2025,Singapore Grand Prix,Q,HAM,44,Ferrari,17.0,5.0,SOFT,3.0,True,122.73,35.924,48.329,38.477,,1,,False,True,True,,,8.5,29.863414634146345,34.9609756097561,False
2025,Singapore Grand Prix,Q,HAM,44,Ferrari,18.0,6.0,SOFT,2.0,False,,,47.081,28.149,,1,,False,True,True,,,8.5,29.863414634146345,34.9609756097561,False
2025,Singapore Grand Prix,Q,HAM,44,Ferrari,19.0,6.0,SOFT,3.0,False,89.688,26.745,37.592,25.351,,1,,True,False,True,,,8.5,29.863414634146345,34.9609756097561,False
2025,Singapore Grand Prix,Q,HAM,44,Ferrari,20.0,6.0,SOFT,4.0,False,,39.262,50.041,,,1,,False,True,True,,,8.5,29.863414634146345,34.9609756097561,False
2025,Singapore Grand Prix,Q,LEC,16,Ferrari,1.0,1.0,SOFT,1.0,True,,,48.139,32.022,,1,,False,True,True,,,8.5,29.863414634146345,34.9609756097561,False
2025,Singapore Grand Prix,Q,LEC,16,Ferrari,2.0,1.0,SOFT,2.0,True,90.94,27.062,38.28,25.598,,12,,True,False,False,,,8.5,29.863414634146345,34.9609756097561,False
2025,Singapore Grand Prix,Q,LEC,16,Ferrari,3.0,1.0,SOFT,3.0,True,126.273,38.326,49.764,38.183,,1,,True,False,True,,,8.5,29.863414634146345,34.9609756097561,False
2025,Singapore Grand Prix,Q,LEC,16,Ferrari,4.0,1.0,SOFT,4.0,True,129.444,42.764,50.9,35.78,,1,,True,False,True,,,8.5,29.863414634146345,34.9609756097561,False
2025,Singapore Grand Prix,Q,LEC,16,Ferrari,5.0,1.0,SOFT,5.0,True,90.37,26.884,37.847,25.639,,1,,True,False,True,,,8.5,29.863414634146345,34.9609756097561,False
2025,Singapore Grand Prix,Q,LEC,16,Ferrari,6.0,1.0,SOFT,6.0,True,113.568,30.462,45.058,38.048,,1,,False,True,True,,,8.5,29.863414634146345,34.9609756097561,False
2025,Singapore Grand Prix,Q,LEC,16,Ferrari,7.0,2.0,SOFT,1.0,True,,,48.558,31.331,,1,,False,True,True,,,8.5,29.863414634146345,34.9609756097561,False
2025,Singapore Grand Prix,Q,LEC,16,Ferrari,8.0,2.0,SOFT,2.0,True,98.408,26.765,43.157,28.486,,12,,True,False,False,,,8.5,29.863414634146345,34.9609756097561,False
2025,Singapore Grand Prix,Q,LEC,16,Ferrari,9.0,2.0,SOFT,3.0,True,123.9,26.849,55.958,41.093,,21,,False,True,False,,,8.5,29.863414634146345,34.9609756097561,False
2025,Singapore Grand Prix,Q,LEC,16,Ferrari,10.0,3.0,SOFT,1.0,True,,,49.535,29.88,,21,,False,True,False,,,8.5,29.863414634146345,34.9609756097561,False
2025,Singapore Grand Prix,Q,LEC,16,Ferrari,11.0,3.0,SOFT,2.0,True,120.469,26.895,52.982,40.592,,1,,True,False,True,,,8.5,29.863414634146345,34.9609756097561,False
2025,Singapore Grand Prix,Q,LEC,16,Ferrari,12.0,3.0,SOFT,3.0,True,90.472,26.691,37.938,25.843,,1,,True,False,True,,,8.5,29.863414634146345,34.9609756097561,False
2025,Singapore Grand Prix,Q,LEC,16,Ferrari,13.0,3.0,SOFT,4.0,True,108.232,30.694,43.503,34.035,,1,,False,True,True,,,8.5,29.863414634146345,34.9609756097561,False
2025,Singapore Grand Prix,Q,LEC,16,Ferrari,14.0,4.0,SOFT,1.0,True,,,48.206,28.289,,1,,False,True,True,,,8.5,29.863414634146345,34.9609756097561,False
2025,Singapore Grand Prix,Q,LEC,16,Ferrari,15.0,4.0,SOFT,2.0,True,89.914,26.707,37.729,25.478,,1,,True,False,True,,,8.5,29.863414634146345,34.9609756097561,False
2025,Singapore Grand Prix,Q,LEC,16,Ferrari,16.0,4.0,SOFT,3.0,True,121.794,33.286,48.479,40.029,,1,,False,True,True,,,8.5,29.863414634146345,34.9609756097561,False
2025,Singapore Grand Prix,Q,LEC,16,Ferrari,17.0,5.0,SOFT,4.0,False,,,44.478,30.275,,12,,False,True,False,,,8.5,29.863414634146345,34.9609756097561,False
2025,Singapore Grand Prix,Q,LEC,16,Ferrari,18.0,5.0,SOFT,5.0,False,89.784,26.769,37.682,25.333,,1,,True,False,True,,,8.5,29.863414634146345,34.9609756097561,False
2025,Singapore Grand Prix,Q,LEC,16,Ferrari,19.0,5.0,SOFT,6.0,False,112.05,30.843,44.985,36.222,,1,,False,True,True,,,8.5,29.863414634146345,34.9609756097561,False
2025,Singapore Grand Prix,Q,LEC,16,Ferrari,20.0,6.0,SOFT,1.0,True,,,47.917,28.422,,1,,False,True,True,,,8.5,29.863414634146345,34.9609756097561,False
2025,Singapore Grand Prix,Q,LEC,16,Ferrari,21.0,6.0,SOFT,2.0,True,89.858,26.667,37.642,25.549,,1,,True,False,True,,,8.5,29.863414634146345,34.9609756097561,False
2025,Singapore Grand Prix,Q,LEC,16,Ferrari,22.0,6.0,SOFT,3.0,True,,36.471,50.635,,,1,,False,True,True,,,8.5,29.863414634146345,34.9609756097561,False
2025,Singapore Grand Prix,Q,HAD,6,Racing Bulls,1.0,1.0,SOFT,1.0,True,,,45.062,39.291,,1,,False,True,True,,,8.5,29.863414634146345,34.9609756097561,False
2025,Singapore Grand Prix,Q,HAD,6,Racing Bulls,2.0,1.0,SOFT,2.0,True,90.826,26.971,38.237,25.618,,12,,True,False,False,,,8.5,29.863414634146345,34.9609756097561,False
2025,Singapore Grand Prix,Q,HAD,6,Racing Bulls,3.0,1.0,SOFT,3.0,True,124.745,37.118,52.564,35.063,,1,,True,False,True,,,8.5,29.863414634146345,34.9609756097561,False
2025,Singapore Grand Prix,Q,HAD,6,Racing Bulls,4.0,1.0,SOFT,4.0,True,131.565,36.233,51.366,43.966,,1,,True,False,True,,,8.5,29.863414634146345,34.9609756097561,False
2025,Singapore Grand Prix,Q,HAD,6,Racing Bulls,5.0,1.0,SOFT,5.0,True,90.214,26.826,37.894,25.494,,1,,True,False,True,,,8.5,29.863414634146345,34.9609756097561,False
2025,Singapore Grand Prix,Q,HAD,6,Racing Bulls,6.0,1.0,SOFT,6.0,True,114.236,29.581,47.817,36.838,,1,,False,True,True,,,8.5,29.863414634146345,34.9609756097561,False
2025,Singapore Grand Prix,Q,HAD,6,Racing Bulls,7.0,2.0,SOFT,7.0,False,,,51.215,32.118,,1,,False,True,True,,,8.5,29.863414634146345,34.9609756097561,False
2025,Singapore Grand Prix,Q,HAD,6,Racing Bulls,8.0,2.0,SOFT,8.0,False,111.88,26.819,43.977,41.084,,12,,False,True,False,,,8.5,29.863414634146345,34.9609756097561,False
2025,Singapore Grand Prix,Q,HAD,6,Racing Bulls,9.0,3.0,SOFT,1.0,True,,,45.321,28.977,,21,,False,True,False,,,8.5,29.863414634146345,34.9609756097561,False
2025,Singapore Grand Prix,Q,HAD,6,Racing Bulls,10.0,3.0,SOFT,2.0,True,90.122,26.849,37.861,25.412,,1,,True,False,True,,,8.5,29.863414634146345,34.9609756097561,False
2025,Singapore Grand Prix,Q,HAD,6,Racing Bulls,11.0,3.0,SOFT,3.0,True,118.644,33.919,48.527,36.198,,1,,False,True,True,,,8.5,29.863414634146345,34.9609756097561,False
2025,Singapore Grand Prix,Q,HAD,6,Racing Bulls,12.0,4.0,SOFT,1.0,True,,,50.153,30.101,,1,,False,True,True,,,8.5,29.863414634146345,34.9609756097561,False
2025,Singapore Grand Prix,Q,HAD,6,Racing Bulls,13.0,4.0,SOFT,2.0,True,90.016,26.743,37.812,25.461,,1,,True,False,True,,,8.5,29.863414634146345,34.9609756097561,False
2025,Singapore Grand Prix,Q,HAD,6,Racing Bulls,14.0,4.0,SOFT,3.0,True,116.814,33.249,46.424,37.141,,1,,False,True,True,,,8.5,29.863414634146345,34.9609756097561,False
2025,Singapore Grand Prix,Q,HAD,6,Racing Bulls,15.0,5.0,SOFT,1.0,True,,,48.489,30.893,,12,,False,True,False,,,8.5,29.863414634146345,34.9609756097561,False
2025,Singapore Grand Prix,Q,HAD,6,Racing Bulls,16.0,5.0,SOFT,2.0,True,89.846,26.694,37.71,25.442,,1,,True,False,True,,,8.5,29.863414634146345,34.9609756097561,False
2025,Singapore Grand Prix,Q,HAD,6,Racing Bulls,17.0,5.0,SOFT,3.0,True,107.515,30.247,43.511,33.757,,1,,False,True,True,,,8.5,29.863414634146345,34.9609756097561,False
2025,Singapore Grand Prix,Q,HAD,6,Racing Bulls,18.0,6.0,SOFT,1.0,True,,,45.694,28.858,,1,,False,True,True,,,8.5,29.863414634146345,34.9609756097561,False
2025,Singapore Grand Prix,Q,HAD,6,Racing Bulls,19.0,6.0,SOFT,2.0,True,,26.61,52.746,,,1,,False,True,True,,,8.5,29.863414634146345,34.9609756097561,False
2025,Singapore Grand Prix,Q,BEA,87,Haas F1 Team,1.0,1.0,SOFT,1.0,True,,,49.619,29.274,,1,,False,True,True,,,8.5,29.863414634146345,34.9609756097561,False
2025,Singapore Grand Prix,Q,BEA,87,Haas F1 Team,2.0,1.0,SOFT,2.0,True,90.42,26.869,38.041,25.51,,1,,True,False,True,,,8.5,29.863414634146345,34.9609756097561,False
2025,Singapore Grand Prix,Q,BEA,87,Haas F1 Team,3.0,1.0,SOFT,3.0,True,126.145,34.861,51.776,39.508,,1,,False,True,True,,,8.5,29.863414634146345,34.9609756097561,False
2025,Singapore Grand Prix,Q,BEA,87,Haas F1 Team,4.0,2.0,SOFT,1.0,True,,,48.51,33.866,,1,,False,True,True,,,8.5,29.863414634146345,34.9609756097561,False
2025,Singapore Grand Prix,Q,BEA,87,Haas F1 Team,5.0,2.0,SOFT,2.0,True,124.85,26.737,55.085,43.028,,12,,False,True,False,,,8.5,29.863414634146345,34.9609756097561,False
2025,Singapore Grand Prix,Q,BEA,87,Haas F1 Team,6.0,3.0,SOFT,1.0,True,,,46.722,28.711,,21,,False,True,False,,,8.5,29.863414634146345,34.9609756097561,False
2025,Singapore Grand Prix,Q,BEA,87,Haas F1 Team,7.0,3.0,SOFT,2.0,True,90.278,26.754,38.012,25.512,,1,,True,False,True,,,8.5,29.863414634146345,34.9609756097561,False
2025,Singapore Grand Prix,Q,BEA,87,Haas F1 Team,8.0,3.0,SOFT,3.0,True,,34.544,49.297,73.247,,1,,False,True,True,,,8.5,29.863414634146345,34.9609756097561,False
2025,Singapore Grand Prix,Q,BEA,87,Haas F1 Team,9.0,4.0,SOFT,1.0,True,,,49.168,30.068,,1,,False,True,True,,,8.5,29.863414634146345,34.9609756097561,False
2025,Singapore Grand Prix,Q,BEA,87,Haas F1 Team,10.0,4.0,SOFT,2.0,True,90.076,26.764,37.97,25.342,,1,,True,False,True,,,8.5,29.863414634146345,34.9609756097561,False
2025,Singapore Grand Prix,Q,BEA,87,Haas F1 Team,11.0,4.0,SOFT,3.0,True,126.907,36.234,50.767,39.906,,1,,False,True,True,,,8.5,29.863414634146345,34.9609756097561,False
2025,Singapore Grand Prix,Q,BEA,87,Haas F1 Team,12.0,5.0,SOFT,3.0,False,,,46.215,28.881,,12,,False,True,False,,,8.5,29.863414634146345,34.9609756097561,False
2025,Singapore Grand Prix,Q,BEA,87,Haas F1 Team,13.0,5.0,SOFT,4.0,False,90.166,26.773,38.015,25.378,,1,,True,False,True,,,8.5,29.863414634146345,34.9609756097561,False
2025,Singapore Grand Prix,Q,BEA,87,Haas F1 Team,14.0,5.0,SOFT,5.0,False,113.802,30.835,48.256,34.711,,1,,False,True,True,,,8.5,29.863414634146345,34.9609756097561,False
2025,Singapore Grand Prix,Q,BEA,87,Haas F1 Team,15.0,6.0,SOFT,1.0,True,,,47.199,28.408,,1,,False,True,True,,,8.5,29.863414634146345,34.9609756097561,False
2025,Singapore Grand Prix,Q,BEA,87,Haas F1 Team,16.0,6.0,SOFT,2.0,True,89.868,26.703,37.824,25.341,,1,,True,False,True,,,8.5,29.863414634146345,34.9609756097561,False
2025,Singapore Grand Prix,Q,BEA,87,Haas F1 Team,17.0,6.0,SOFT,3.0,True,,36.265,48.076,,,1,,False,True,True,,,8.5,29.863414634146345,34.9609756097561,False
2025,Singapore Grand Prix,Q,ALO,14,Aston Martin,1.0,1.0,SOFT,1.0,True,,,45.776,30.119,,1,,False,True,True,,,8.5,29.863414634146345,34.9609756097561,False
2025,Singapore Grand Prix,Q,ALO,14,Aston Martin,2.0,1.0,SOFT,2.0,True,90.772,26.953,38.308,25.511,,1,,True,False,True,,,8.5,29.863414634146345,34.9609756097561,False
2025,Singapore Grand Prix,Q,ALO,14,Aston Martin,3.0,1.0,SOFT,3.0,True,115.143,32.883,45.847,36.413,,1,,False,True,True,,,8.5,29.863414634146345,34.9609756097561,False
2025,Singapore Grand Prix,Q,ALO,14,Aston Martin,4.0,2.0,SOFT,1.0,True,,,54.172,31.307,,1,,False,True,True,,,8.5,29.863414634146345,34.9609756097561,False
2025,Singapore Grand Prix,Q,ALO,14,Aston Martin,5.0,2.0,SOFT,2.0,True,90.745,26.774,38.247,25.724,,1,,True,False,True,,,8.5,29.863414634146345,34.9609756097561,False
2025,Singapore Grand Prix,Q,ALO,14,Aston Martin,6.0,2.0,SOFT,3.0,True,135.786,40.995,59.48,35.311,,12,,False,True,False,,,8.5,29.863414634146345,34.9609756097561,False
2025,Singapore Grand Prix,Q,ALO,14,Aston Martin,7.0,3.0,SOFT,1.0,True,,,47.854,29.667,,21,,False,True,False,,,8.5,29.863414634146345,34.9609756097561,False
2025,Singapore Grand Prix,Q,ALO,14,Aston Martin,8.0,3.0,SOFT,2.0,True,90.128,26.737,37.973,25.418,,1,,True,False,True,,,8.5,29.863414634146345,34.9609756097561,False
2025,Singapore Grand Prix,Q,ALO,14,Aston Martin,9.0,3.0,SOFT,3.0,True,,37.069,44.808,70.319,,1,,False,True,True,,,8.5,29.863414634146345,34.9609756097561,False
2025,Singapore Grand Prix,Q,ALO,14,Aston Martin,10.0,4.0,SOFT,1.0,True,,,47.066,34.004,,1,,False,True,True,,,8.5,29.863414634146345,34.9609756097561,False
2025,Singapore Grand Prix,Q,ALO,14,Aston Martin,11.0,4.0,SOFT,2.0,True,90.054,26.897,37.812,25.345,,1,,True,False,True,,,8.5,29.863414634146345,34.9609756097561,False
2025,Singapore Grand Prix,Q,ALO,14,Aston Martin,12.0,4.0,SOFT,3.0,True,124.878,36.294,48.967,39.617,,1,,False,True,True,,,8.5,29.863414634146345,34.9609756097561,False
2025,Singapore Grand Prix,Q,ALO,14,Aston Martin,13.0,5.0,SOFT,4.0,False,,,49.255,30.624,,12,,False,True,False,,,8.5,29.863414634146345,34.9609756097561,False
2025,Singapore Grand Prix,Q,ALO,14,Aston Martin,14.0,5.0,SOFT,5.0,False,90.359,26.77,38.145,25.444,,1,,True,False,True,,,8.5,29.863414634146345,34.9609756097561,False
2025,Singapore Grand Prix,Q,ALO,14,Aston Martin,15.0,5.0,SOFT,6.0,False,110.008,31.032,43.789,35.187,,1,,False,True,True,,,8.5,29.863414634146345,34.9609756097561,False
2025,Singapore Grand Prix,Q,ALO,14,Aston Martin,16.0,6.0,SOFT,1.0,True,,,45.401,29.735,,1,,False,True,True,,,8.5,29.863414634146345,34.9609756097561,False
2025,Singapore Grand Prix,Q,ALO,14,Aston Martin,17.0,6.0,SOFT,2.0,True,89.955,26.741,37.827,25.387,,1,,True,False,True,,,8.5,29.863414634146345,34.9609756097561,False
2025,Singapore Grand Prix,Q,ALO,14,Aston Martin,18.0,6.0,SOFT,3.0,True,,36.227,50.983,,,1,,False,True,True,,,8.5,29.863414634146345,34.9609756097561,False
2025,Singapore Grand Prix,Q,HUL,27,Kick Sauber,1.0,1.0,SOFT,1.0,True,,,48.912,30.62,,1,,False,True,True,,,8.5,29.863414634146345,34.9609756097561,False
2025,Singapore Grand Prix,Q,HUL,27,Kick Sauber,2.0,1.0,SOFT,2.0,True,91.689,27.23,38.654,25.805,,1,,True,False,True,,,8.5,29.863414634146345,34.9609756097561,False
2025,Singapore Grand Prix,Q,HUL,27,Kick Sauber,3.0,1.0,SOFT,3.0,True,,38.743,52.697,71.073,,12,,False,True,False,,,8.5,29.863414634146345,34.9609756097561,False
2025,Singapore Grand Prix,Q,HUL,27,Kick Sauber,4.0,2.0,SOFT,4.0,False,,80.162,59.125,42.951,,1,,False,True,True,,,8.5,29.863414634146345,34.9609756097561,False
2025,Singapore Grand Prix,Q,HUL,27,Kick Sauber,5.0,2.0,SOFT,5.0,False,91.197,26.923000000000002,38.49,25.784,,1,,True,False,True,,,8.5,29.863414634146345,34.9609756097561,False
2025,Singapore Grand Prix,Q,HUL,27,Kick Sauber,6.0,2.0,SOFT,6.0,False,106.517,29.954,42.115,34.448,,1,,False,True,True,,,8.5,29.863414634146345,34.9609756097561,False
2025,Singapore Grand Prix,Q,HUL,27,Kick Sauber,7.0,3.0,SOFT,1.0,True,,,50.285,39.392,,1,,False,True,True,,,8.5,29.863414634146345,34.9609756097561,False
2025,Singapore Grand Prix,Q,HUL,27,Kick Sauber,8.0,3.0,SOFT,2.0,True,90.715,26.916,38.227,25.572,,12,,True,False,False,,,8.5,29.863414634146345,34.9609756097561,False
2025,Singapore Grand Prix,Q,HUL,27,Kick Sauber,9.0,3.0,SOFT,3.0,True,129.497,36.503,51.73,41.264,,2,,False,True,False,,,8.5,29.863414634146345,34.9609756097561,False
2025,Singapore Grand Prix,Q,HUL,27,Kick Sauber,10.0,4.0,SOFT,1.0,True,,,45.038,34.213,,21,,False,True,False,,,8.5,29.863414634146345,34.9609756097561,False
2025,Singapore Grand Prix,Q,HUL,27,Kick Sauber,11.0,4.0,SOFT,2.0,True,90.236,26.744,37.959,25.533,,1,,True,False,True,,,8.5,29.863414634146345,34.9609756097561,False
2025,Singapore Grand Prix,Q,HUL,27,Kick Sauber,12.0,4.0,SOFT,3.0,True,124.882,34.328,50.086,40.468,,1,,False,True,True,,,8.5,29.863414634146345,34.9609756097561,False
2025,Singapore Grand Prix,Q,HUL,27,Kick Sauber,13.0,5.0,SOFT,1.0,True,,,49.653,29.463,,1,,False,True,True,,,8.5,29.863414634146345,34.9609756097561,False
2025,Singapore Grand Prix,Q,HUL,27,Kick Sauber,14.0,5.0,SOFT,2.0,True,90.141,26.721,37.864,25.556,,1,,True,False,True,,,8.5,29.863414634146345,34.9609756097561,False
2025,Singapore Grand Prix,Q,HUL,27,Kick Sauber,15.0,5.0,SOFT,3.0,True,129.893,37.206,51.318,41.369,,1,,False,True,True,,,8.5,29.863414634146345,34.9609756097561,False
2025,Singapore Grand Prix,Q,LAW,30,Racing Bulls,1.0,1.0,SOFT,1.0,True,,,47.709,29.133,,1,,False,True,True,,,8.5,29.863414634146345,34.9609756097561,False
2025,Singapore Grand Prix,Q,LAW,30,Racing Bulls,2.0,1.0,SOFT,2.0,True,91.425,27.184,38.398,25.843,,12,,True,False,False,,,8.5,29.863414634146345,34.9609756097561,False
2025,Singapore Grand Prix,Q,LAW,30,Racing Bulls,3.0,1.0,SOFT,3.0,True,137.425,30.334,43.03,64.061,,1,,False,True,True,,,8.5,29.863414634146345,34.9609756097561,False
2025,Singapore Grand Prix,Q,LAW,30,Racing Bulls,4.0,2.0,SOFT,1.0,True,,,47.925,29.297,,1,,False,True,True,,,8.5,29.863414634146345,34.9609756097561,False
2025,Singapore Grand Prix,Q,LAW,30,Racing Bulls,5.0,2.0,SOFT,2.0,True,90.681,26.904,38.108,25.669,,1,,True,False,True,,,8.5,29.863414634146345,34.9609756097561,False
2025,Singapore Grand Prix,Q,LAW,30,Racing Bulls,6.0,2.0,SOFT,3.0,True,106.947,30.625,41.884,34.438,,1,,False,True,True,,,8.5,29.863414634146345,34.9609756097561,False
2025,Singapore Grand Prix,Q,LAW,30,Racing Bulls,7.0,3.0,SOFT,1.0,True,,,44.239,28.715,,12,,False,True,False,,,8.5,29.863414634146345,34.9609756097561,False
2025,Singapore Grand Prix,Q,LAW,30,Racing Bulls,8.0,3.0,SOFT,2.0,True,128.369,36.479,51.975,39.915,,21,,False,True,False,,,8.5,29.863414634146345,34.9609756097561,False
2025,Singapore Grand Prix,Q,LAW,30,Racing Bulls,9.0,4.0,SOFT,3.0,False,,,44.844,28.245,,21,,False,True,False,,,8.5,29.863414634146345,34.9609756097561,False
2025,Singapore Grand Prix,Q,LAW,30,Racing Bulls,10.0,4.0,SOFT,4.0,False,90.32,26.864,37.903,25.553,,1,,True,False,True,,,8.5,29.863414634146345,34.9609756097561,False
2025,Singapore Grand Prix,Q,LAW,30,Racing Bulls,11.0,4.0,SOFT,5.0,False,113.434,31.138,47.295,35.001,,1,,False,True,True,,,8.5,29.863414634146345,34.9609756097561,False
2025,Singapore Grand Prix,Q,LAW,30,Racing Bulls,12.0,5.0,SOFT,1.0,True,,,45.49,31.633,,1,,False,True,True,,,8.5,29.863414634146345,34.9609756097561,False
2025,Singapore Grand Prix,Q,LAW,30,Racing Bulls,13.0,5.0,SOFT,2.0,True,90.524,26.852,38.102,25.57,,1,,True,False,True,,,8.5,29.863414634146345,34.9609756097561,False
2025,Singapore Grand Prix,Q,LAW,30,Racing Bulls,14.0,5.0,SOFT,3.0,True,125.334,33.149,50.408,41.777,,1,,False,True,True,,,8.5,29.863414634146345,34.9609756097561,False
2025,Singapore Grand Prix,Q,TSU,22,Red Bull Racing,1.0,1.0,SOFT,1.0,True,,,51.023,33.54,,12,,False,True,False,,,8.5,29.863414634146345,34.9609756097561,False
2025,Singapore Grand Prix,Q,TSU,22,Red Bull Racing,2.0,1.0,SOFT,2.0,True,91.745,27.24,38.735,25.77,,1,,True,False,True,,,8.5,29.863414634146345,34.9609756097561,False
2025,Singapore Grand Prix,Q,TSU,22,Red Bull Racing,3.0,1.0,SOFT,3.0,True,128.562,37.489,53.818,37.255,,1,,False,True,True,,,8.5,29.863414634146345,34.9609756097561,False
2025,Singapore Grand Prix,Q,TSU,22,Red Bull Racing,4.0,2.0,SOFT,1.0,True,,,47.959,29.069,,1,,False,True,True,,,8.5,29.863414634146345,34.9609756097561,False
2025,Singapore Grand Prix,Q,TSU,22,Red Bull Racing,5.0,2.0,SOFT,2.0,True,90.574,26.841,38.197,25.536,,12,,True,False,False,,,8.5,29.863414634146345,34.9609756097561,False
2025,Singapore Grand Prix,Q,TSU,22,Red Bull Racing,6.0,2.0,SOFT,3.0,True,129.635,37.932,53.352,38.351,,12,,False,True,False,,,8.5,29.863414634146345,34.9609756097561,False
2025,Singapore Grand Prix,Q,TSU,22,Red Bull Racing,7.0,3.0,SOFT,1.0,True,,,45.284,28.402,,21,,False,True,False,,,8.5,29.863414634146345,34.9609756097561,False
2025,Singapore Grand Prix,Q,TSU,22,Red Bull Racing,8.0,3.0,SOFT,2.0,True,90.353,26.95,37.935,25.468,,1,,True,False,True,,,8.5,29.863414634146345,34.9609756097561,False
2025,Singapore Grand Prix,Q,TSU,22,Red Bull Racing,9.0,3.0,SOFT,3.0,True,120.551,32.345,50.766,37.44,,1,,False,True,True,,,8.5,29.863414634146345,34.9609756097561,False
2025,Singapore Grand Prix,Q,TSU,22,Red Bull Racing,10.0,4.0,SOFT,1.0,True,,,44.489,29.93,,1,,False,True,True,,,8.5,29.863414634146345,34.9609756097561,False
2025,Singapore Grand Prix,Q,TSU,22,Red Bull Racing,11.0,4.0,SOFT,2.0,True,90.432,26.906,38.057,25.469,,1,,True,False,True,,,8.5,29.863414634146345,34.9609756097561,False
2025,Singapore Grand Prix,Q,TSU,22,Red Bull Racing,12.0,4.0,SOFT,3.0,True,122.461,33.395,46.689,42.377,,1,,False,True,True,,,8.5,29.863414634146345,34.9609756097561,False
2025,Singapore Grand Prix,Q,BOR,5,Kick Sauber,1.0,1.0,SOFT,1.0,True,,,43.514,28.699,,1,,False,True,True,,,8.5,29.863414634146345,34.9609756097561,False
2025,Singapore Grand Prix,Q,BOR,5,Kick Sauber,2.0,1.0,SOFT,2.0,True,91.048,26.989,38.292,25.767,,12,,True,False,False,,,8.5,29.863414634146345,34.9609756097561,False
2025,Singapore Grand Prix,Q,BOR,5,Kick Sauber,3.0,1.0,SOFT,3.0,True,127.312,38.591,53.348,35.373,,1,,True,False,True,,,8.5,29.863414634146345,34.9609756097561,False
2025,Singapore Grand Prix,Q,BOR,5,Kick Sauber,4.0,1.0,SOFT,4.0,True,142.675,47.231,52.944,42.5,,1,,True,False,True,,,8.5,29.863414634146345,34.9609756097561,False
2025,Singapore Grand Prix,Q,BOR,5,Kick Sauber,5.0,1.0,SOFT,5.0,True,138.625,28.645,38.811,71.169,,1,,False,True,True,,,8.5,29.863414634146345,34.9609756097561,False
2025,Singapore Grand Prix,Q,BOR,5,Kick Sauber,6.0,2.0,SOFT,1.0,True,,,45.98,37.773,,1,,False,True,True,,,8.5,29.863414634146345,34.9609756097561,False
2025,Singapore Grand Prix,Q,BOR,5,Kick Sauber,7.0,2.0,SOFT,2.0,True,90.82,26.951999999999998,38.25,25.618,,12,,True,False,False,,,8.5,29.863414634146345,34.9609756097561,False
2025,Singapore Grand Prix,Q,BOR,5,Kick Sauber,8.0,2.0,SOFT,3.0,True,135.569,40.451,53.844,41.274,,2,,False,True,False,,,8.5,29.863414634146345,34.9609756097561,False
2025,Singapore Grand Prix,Q,STR,18,Aston Martin,1.0,1.0,SOFT,1.0,True,,,50.053,30.962,,1,,False,True,True,,,8.5,29.863414634146345,34.9609756097561,False
2025,Singapore Grand Prix,Q,STR,18,Aston Martin,2.0,1.0,SOFT,2.0,True,91.512,27.398,38.415,25.699,,1,,True,False,True,,,8.5,29.863414634146345,34.9609756097561,False
2025,Singapore Grand Prix,Q,STR,18,Aston Martin,3.0,1.0,SOFT,3.0,True,133.87,40.125,54.849,38.896,,12,,True,False,False,,,8.5,29.863414634146345,34.9609756097561,False
2025,Singapore Grand Prix,Q,STR,18,Aston Martin,4.0,1.0,SOFT,4.0,True,127.622,37.753,57.298,32.571,,1,,True,False,True,,,8.5,29.863414634146345,34.9609756097561,False
2025,Singapore Grand Prix,Q,STR,18,Aston Martin,5.0,1.0,SOFT,5.0,True,91.021,27.037,38.276,25.708,,1,,True,False,True,,,8.5,29.863414634146345,34.9609756097561,False
2025,Singapore Grand Prix,Q,STR,18,Aston Martin,6.0,1.0,SOFT,6.0,True,116.968,32.818,45.661,38.489,,1,,False,True,True,,,8.5,29.863414634146345,34.9609756097561,False
2025,Singapore Grand Prix,Q,STR,18,Aston Martin,7.0,2.0,SOFT,1.0,True,,,48.89,29.341,,1,,False,True,True,,,8.5,29.863414634146345,34.9609756097561,False
2025,Singapore Grand Prix,Q,STR,18,Aston Martin,8.0,2.0,SOFT,2.0,True,90.949,26.911,38.102,25.936,,1,,True,False,True,,,8.5,29.863414634146345,34.9609756097561,False
2025,Singapore Grand Prix,Q,STR,18,Aston Martin,9.0,2.0,SOFT,3.0,True,134.026,32.34,56.871,44.815,,12,,False,True,False,,,8.5,29.863414634146345,34.9609756097561,False
2025,Singapore Grand Prix,Q,COL,43,Alpine,1.0,1.0,SOFT,1.0,True,,,48.064,28.959,,1,,False,True,True,,,8.5,29.863414634146345,34.9609756097561,False
2025,Singapore Grand Prix,Q,COL,43,Alpine,2.0,1.0,SOFT,2.0,True,92.096,27.27,38.634,26.192,,1,,True,False,True,,,8.5,29.863414634146345,34.9609756097561,False
2025,Singapore Grand Prix,Q,COL,43,Alpine,3.0,1.0,SOFT,3.0,True,123.472,41.531,45.575,36.366,,12,,False,True,False,,,8.5,29.863414634146345,34.9609756097561,False
2025,Singapore Grand Prix,Q,COL,43,Alpine,4.0,2.0,SOFT,1.0,True,132.847,55.892,48.301,28.654,,1,,False,True,True,,,8.5,29.863414634146345,34.9609756097561,False
2025,Singapore Grand Prix,Q,COL,43,Alpine,5.0,2.0,SOFT,2.0,True,91.002,26.869,38.248,25.885,,1,,True,False,True,,,8.5,29.863414634146345,34.9609756097561,False
2025,Singapore Grand Prix,Q,COL,43,Alpine,6.0,2.0,SOFT,3.0,True,122.882,39.159,48.894,34.829,,1,,False,True,True,,,8.5,29.863414634146345,34.9609756097561,False
2025,Singapore Grand Prix,Q,COL,43,Alpine,7.0,3.0,SOFT,1.0,True,,,51.25,28.815,,1,,False,True,True,,,8.5,29.863414634146345,34.9609756097561,False
2025,Singapore Grand Prix,Q,COL,43,Alpine,8.0,3.0,SOFT,2.0,True,90.982,26.776,38.309,25.897,,12,,True,False,False,,,8.5,29.863414634146345,34.9609756097561,False
2025,Singapore Grand Prix,Q,COL,43,Alpine,9.0,3.0,SOFT,3.0,True,166.368,46.563,49.737,70.068,,21,,False,True,False,,,8.5,29.863414634146345,34.9609756097561,False
2025,Singapore Grand Prix,Q,OCO,31,Haas F1 Team,1.0,1.0,SOFT,1.0,True,,,45.936,31.254,,1,,False,True,True,,,8.5,29.863414634146345,34.9609756097561,False
2025,Singapore Grand Prix,Q,OCO,31,Haas F1 Team,2.0,1.0,SOFT,2.0,True,91.247,27.156,38.352,25.739,,1,,True,False,True,,,8.5,29.863414634146345,34.9609756097561,False
2025,Singapore Grand Prix,Q,OCO,31,Haas F1 Team,3.0,1.0,SOFT,3.0,True,123.417,32.591,48.89,41.936,,1,,False,True,True,,,8.5,29.863414634146345,34.9609756097561,False
2025,Singapore Grand Prix,Q,OCO,31,Haas F1 Team,4.0,2.0,SOFT,1.0,True,,,46.385,31.496,,12,,False,True,False,,,8.5,29.863414634146345,34.9609756097561,False
2025,Singapore Grand Prix,Q,OCO,31,Haas F1 Team,5.0,2.0,SOFT,2.0,True,90.989,26.931,38.465,25.593,,21,,True,False,False,,,8.5,29.863414634146345,34.9609756097561,False
2025,Singapore Grand Prix,Q,OCO,31,Haas F1 Team,6.0,2.0,SOFT,3.0,True,127.632,35.529,50.865,41.238,,2,,False,True,False,,,8.5,29.863414634146345,34.9609756097561,False
2025,Singapore Grand Prix,Q,GAS,10,Alpine,1.0,1.0,SOFT,1.0,True,,,49.945,29.804,,1,,False,True,True,,,8.5,29.863414634146345,34.9609756097561,False
2025,Singapore Grand Prix,Q,GAS,10,Alpine,2.0,1.0,SOFT,2.0,True,97.13,27.645,39.17,30.315,,1,,True,False,True,,,8.5,29.863414634146345,34.9609756097561,False
2025,Singapore Grand Prix,Q,GAS,10,Alpine,3.0,1.0,SOFT,3.0,True,139.186,39.912,53.219,46.055,,12,,False,True,False,,,8.5,29.863414634146345,34.9609756097561,False
2025,Singapore Grand Prix,Q,GAS,10,Alpine,4.0,2.0,SOFT,1.0,True,144.99,65.243,49.806,29.941,,1,,False,True,True,,,8.5,29.863414634146345,34.9609756097561,False
2025,Singapore Grand Prix,Q,GAS,10,Alpine,5.0,2.0,SOFT,2.0,True,91.261,27.022,38.521,25.718,,1,,True,False,True,,,8.5,29.863414634146345,34.9609756097561,False
2025,Singapore Grand Prix,Q,GAS,10,Alpine,6.0,2.0,SOFT,3.0,True,117.527,32.262,47.459,37.806,,1,,False,True,True,,,8.5,29.863414634146345,34.9609756097561,False
2025,Singapore Grand Prix,Q,GAS,10,Alpine,7.0,3.0,SOFT,1.0,True,,,48.208,30.696,,1,,False,True,True,,,8.5,29.863414634146345,34.9609756097561,False
2025,Singapore Grand Prix,Q,GAS,10,Alpine,8.0,3.0,SOFT,2.0,True,,26.875,,,,12,,False,True,False,,,8.5,29.863414634146345,34.9609756097561,False
2025,Singapore Grand Prix,Q,ALB,23,Williams,1.0,1.0,SOFT,1.0,True,,,52.339,28.86,,1,,False,True,True,,,8.5,29.863414634146345,34.9609756097561,False
2025,Singapore Grand Prix,Q,ALB,23,Williams,2.0,1.0,SOFT,2.0,True,91.474,27.137,38.528,25.809,,1,,True,False,True,,,8.5,29.863414634146345,34.9609756097561,False
2025,Singapore Grand Prix,Q,ALB,23,Williams,3.0,1.0,SOFT,3.0,True,139.376,44.846,51.787,42.743,,12,,False,True,False,,,8.5,29.863414634146345,34.9609756097561,False
2025,Singapore Grand Prix,Q,ALB,23,Williams,4.0,2.0,SOFT,4.0,False,142.409,56.874,51.206,34.329,,1,,False,True,True,,,8.5,29.863414634146345,34.9609756097561,False
2025,Singapore Grand Prix,Q,ALB,23,Williams,5.0,2.0,SOFT,5.0,False,90.775,26.946,38.22,25.609,,1,,True,False,True,,,8.5,29.863414634146345,34.9609756097561,False
2025,Singapore Grand Prix,Q,ALB,23,Williams,6.0,2.0,SOFT,6.0,False,140.719,30.535,43.286,66.898,,1,,False,True,True,,,8.5,29.863414634146345,34.9609756097561,False
2025,Singapore Grand Prix,Q,ALB,23,Williams,7.0,3.0,SOFT,1.0,True,,,47.174,31.25,,12,,False,True,False,,,8.5,29.863414634146345,34.9609756097561,False
2025,Singapore Grand Prix,Q,ALB,23,Williams,8.0,3.0,SOFT,2.0,True,116.591,26.851,50.608,39.132,,21,,False,True,False,,,8.5,29.863414634146345,34.9609756097561,False
2025,Singapore Grand Prix,Q,ALB,23,Williams,9.0,4.0,SOFT,1.0,True,,,46.426,28.035,,21,,False,True,False,,,8.5,29.863414634146345,34.9609756097561,False
2025,Singapore Grand Prix,Q,ALB,23,Williams,10.0,4.0,SOFT,2.0,True,90.476,26.784,38.179,25.513,,1,,True,False,True,,,8.5,29.863414634146345,34.9609756097561,False
2025,Singapore Grand Prix,Q,ALB,23,Williams,11.0,4.0,SOFT,3.0,True,112.04,33.169,43.63,35.241,,1,,False,True,True,,,8.5,29.863414634146345,34.9609756097561,False
2025,Singapore Grand Prix,Q,ALB,23,Williams,12.0,5.0,SOFT,1.0,True,,,46.69,28.352,,1,,False,True,True,,,8.5,29.863414634146345,34.9609756097561,False
2025,Singapore Grand Prix,Q,ALB,23,Williams,13.0,5.0,SOFT,2.0,True,90.202,26.726,38.02,25.456,,1,,True,False,True,,,8.5,29.863414634146345,34.9609756097561,False
2025,Singapore Grand Prix,Q,ALB,23,Williams,14.0,5.0,SOFT,3.0,True,123.019,39.035,49.0,34.984,,1,,False,True,True,,,8.5,29.863414634146345,34.9609756097561,False
2025,Singapore Grand Prix,Q,SAI,55,Williams,1.0,1.0,SOFT,1.0,True,,,47.879,33.007,,1,,False,True,True,,,8.5,29.863414634146345,34.9609756097561,False
2025,Singapore Grand Prix,Q,SAI,55,Williams,2.0,1.0,SOFT,2.0,True,91.015,27.121,38.322,25.572,,12,,True,False,False,,,8.5,29.863414634146345,34.9609756097561,False
2025,Singapore Grand Prix,Q,SAI,55,Williams,3.0,1.0,SOFT,3.0,True,140.312,41.272,51.813,47.227,,21,,False,True,False,,,8.5,29.863414634146345,34.9609756097561,False
2025,Singapore Grand Prix,Q,SAI,55,Williams,4.0,2.0,SOFT,4.0,False,,59.963,51.196,39.725,,1,,False,True,True,,,8.5,29.863414634146345,34.9609756097561,False
2025,Singapore Grand Prix,Q,SAI,55,Williams,5.0,2.0,SOFT,5.0,False,90.64,27.013,38.132,25.495,,1,,True,False,True,,,8.5,29.863414634146345,34.9609756097561,False
2025,Singapore Grand Prix,Q,SAI,55,Williams,6.0,2.0,SOFT,6.0,False,117.092,32.712,48.807,35.573,,1,,False,True,True,,,8.5,29.863414634146345,34.9609756097561,False
2025,Singapore Grand Prix,Q,SAI,55,Williams,7.0,3.0,SOFT,1.0,True,,,41.923,31.839,,12,,False,True,False,,,8.5,29.863414634146345,34.9609756097561,False
2025,Singapore Grand Prix,Q,SAI,55,Williams,8.0,3.0,SOFT,2.0,True,125.079,34.721,49.372,40.986,,21,,False,True,False,,,8.5,29.863414634146345,34.9609756097561,False
2025,Singapore Grand Prix,Q,SAI,55,Williams,9.0,4.0,SOFT,1.0,True,,,47.384,29.109,,21,,False,True,False,,,8.5,29.863414634146345,34.9609756097561,False
2025,Singapore Grand Prix,Q,SAI,55,Williams,10.0,4.0,SOFT,2.0,True,90.235,26.813,37.945,25.477,,1,,True,False,True,,,8.5,29.863414634146345,34.9609756097561,False
2025,Singapore Grand Prix,Q,SAI,55,Williams,11.0,4.0,SOFT,3.0,True,124.781,36.75,51.482,36.549,,1,,False,True,True,,,8.5,29.863414634146345,34.9609756097561,False
2025,Singapore Grand Prix,Q,SAI,55,Williams,12.0,5.0,SOFT,1.0,True,,,47.019,29.452,,1,,False,True,True,,,8.5,29.863414634146345,34.9609756097561,False
2025,Singapore Grand Prix,Q,SAI,55,Williams,13.0,5.0,SOFT,2.0,True,90.363,26.806,37.949,25.608,,1,,True,False,True,,,8.5,29.863414634146345,34.9609756097561,False
2025,Singapore Grand Prix,Q,SAI,55,Williams,14.0,5.0,SOFT,3.0,True,164.905,37.557,49.077,78.271,,1,,False,True,True,,,8.5,29.863414634146345,34.9609756097561,False
2025,Singapore Grand Prix,R,RUS,63,Mercedes,1.0,1.0,MEDIUM,1.0,True,103.905,,42.718,29.061,1.0,1,,False,False,True,0.0,103.905,8.5,29.072049689440995,33.85217391304348,True
2025,Singapore Grand Prix,R,RUS,63,Mercedes,2.0,1.0,MEDIUM,2.0,True,99.149,29.263,41.666,28.22,1.0,1,,True,False,True,1.8,99.203,8.5,29.072049689440995,33.85217391304348,True
2025,Singapore Grand Prix,R,RUS,63,Mercedes,3.0,1.0,MEDIUM,3.0,True,98.035,28.98,41.19,27.865,1.0,1,,True,False,True,3.6,98.143,8.5,29.072049689440995,33.85217391304348,True
2025,Singapore Grand Prix,R,RUS,63,Mercedes,4.0,1.0,MEDIUM,4.0,True,97.57,28.833,41.147,27.59,1.0,1,,True,False,True,5.4,97.732,8.5,29.072049689440995,33.85217391304348,True
2025,Singapore Grand Prix,R,RUS,63,Mercedes,5.0,1.0,MEDIUM,5.0,True,97.184,28.639,40.996,27.549,1.0,1,,True,False,True,7.2,97.39999999999999,8.5,29.072049689440995,33.85217391304348,True
2025,Singapore Grand Prix,R,RUS,63,Mercedes,6.0,1.0,MEDIUM,6.0,True,96.854,28.614,40.866,27.374,1.0,1,,True,False,True,9.0,97.124,8.5,29.072049689440995,33.85217391304348,True
2025,Singapore Grand Prix,R,RUS,63,Mercedes,7.0,1.0,MEDIUM,7.0,True,96.768,28.599,40.75,27.419,1.0,12,,True,False,False,10.8,97.092,8.5,29.072049689440995,33.85217391304348,True
2025,Singapore Grand Prix,R,RUS,63,Mercedes,8.0,1.0,MEDIUM,8.0,True,96.655,28.581,40.764,27.31,1.0,1,,True,False,True,12.6,97.033,8.5,29.072049689440995,33.85217391304348,True
2025,Singapore Grand Prix,R,RUS,63,Mercedes,9.0,1.0,MEDIUM,9.0,True,96.726,28.598,40.836,27.292,1.0,1,,True,False,True,14.4,97.158,8.5,29.072049689440995,33.85217391304348,True
2025,Singapore Grand Prix,R,RUS,63,Mercedes,10.0,1.0,MEDIUM,10.0,True,96.665,28.559,40.825,27.281,1.0,1,,True,False,True,16.2,97.15100000000001,8.5,29.072049689440995,33.85217391304348,True
2025,Singapore Grand Prix,R,RUS,63,Mercedes,11.0,1.0,MEDIUM,11.0,True,96.712,28.588,40.885,27.239,1.0,1,,True,False,True,18.0,97.25200000000001,8.5,29.072049689440995,33.85217391304348,True
2025,Singapore Grand Prix,R,RUS,63,Mercedes,12.0,1.0,MEDIUM,12.0,True,96.485,28.558,40.696,27.231,1.0,1,,True,False,True,19.8,97.079,8.5,29.072049689440995,33.85217391304348,True
2025,Singapore Grand Prix,R,RUS,63,Mercedes,13.0,1.0,MEDIUM,13.0,True,96.63,28.65,40.759,27.221,1.0,1,,True,False,True,21.6,97.27799999999999,8.5,29.072049689440995,33.85217391304348,True
2025,Singapore Grand Prix,R,RUS,63,Mercedes,14.0,1.0,MEDIUM,14.0,True,96.822,28.696,40.857,27.269,1.0,1,,True,False,True,23.400000000000002,97.524,8.5,29.072049689440995,33.85217391304348,True
2025,Singapore Grand Prix,R,RUS,63,Mercedes,15.0,1.0,MEDIUM,15.0,True,97.152,28.705,41.032,27.415,1.0,1,,True,False,True,25.2,97.908,8.5,29.072049689440995,33.85217391304348,True
2025,Singapore Grand Prix,R,RUS,63,Mercedes,16.0,1.0,MEDIUM,16.0,True,96.903,28.69,40.984,27.229,1.0,1,,True,False,True,27.0,97.71300000000001,8.5,29.072049689440995,33.85217391304348,True
2025,Singapore Grand Prix,R,RUS,63,Mercedes,17.0,1.0,MEDIUM,17.0,True,96.973,28.818,40.846,27.309,1.0,1,,True,False,True,28.8,97.837,8.5,29.072049689440995,33.85217391304348,True
2025,Singapore Grand Prix,R,RUS,63,Mercedes,18.0,1.0,MEDIUM,18.0,True,97.039,28.773,41.001,27.265,1.0,1,,True,False,True,30.6,97.95700000000001,8.5,29.072049689440995,33.85217391304348,True
2025,Singapore Grand Prix,R,RUS,63,Mercedes,19.0,1.0,MEDIUM,19.0,True,96.916,28.777,40.873,27.266,1.0,1,,True,False,True,32.4,97.88799999999999,8.5,29.072049689440995,33.85217391304348,True
2025,Singapore Grand Prix,R,RUS,63,Mercedes,20.0,1.0,MEDIUM,20.0,True,97.259,28.742,41.168,27.349,1.0,1,,True,False,True,34.2,98.285,8.5,29.072049689440995,33.85217391304348,True
2025,Singapore Grand Prix,R,RUS,63,Mercedes,21.0,1.0,MEDIUM,21.0,True,97.109,28.851,40.95,27.308,1.0,1,,True,False,True,36.0,98.189,8.5,29.072049689440995,33.85217391304348,True
2025,Singapore Grand Prix,R,RUS,63,Mercedes,22.0,1.0,MEDIUM,22.0,True,97.226,28.814,41.135,27.277,1.0,1,,True,False,True,37.800000000000004,98.36,8.5,29.072049689440995,33.85217391304348,True
2025,Singapore Grand Prix,R,RUS,63,Mercedes,23.0,1.0,MEDIUM,23.0,True,97.158,28.703,41.074,27.381,1.0,1,,True,False,True,39.6,98.346,8.5,29.072049689440995,33.85217391304348,True
2025,Singapore Grand Prix,R,RUS,63,Mercedes,24.0,1.0,MEDIUM,24.0,True,97.199,28.71,41.188,27.301,1.0,1,,True,False,True,41.4,98.441,8.5,29.072049689440995,33.85217391304348,True
2025,Singapore Grand Prix,R,RUS,63,Mercedes,25.0,1.0,MEDIUM,25.0,True,103.178,28.747,41.237,33.194,1.0,1,,False,True,True,43.2,104.474,8.5,29.072049689440995,33.85217391304348,True
2025,Singapore Grand Prix,R,RUS,63,Mercedes,26.0,2.0,HARD,1.0,True,113.098,45.791,40.34,26.967,3.0,1,,False,True,True,45.0,114.448,8.5,29.072049689440995,33.85217391304348,True
2025,Singapore Grand Prix,R,RUS,63,Mercedes,27.0,2.0,HARD,2.0,True,95.676,28.439,40.312,26.925,2.0,1,,True,False,True,46.800000000000004,97.08,8.5,29.072049689440995,33.85217391304348,True
2025,Singapore Grand Prix,R,RUS,63,Mercedes,28.0,2.0,HARD,3.0,True,95.843,28.4,40.457,26.986,1.0,1,,True,False,True,48.6,97.301,8.5,29.072049689440995,33.85217391304348,True
2025,Singapore Grand Prix,R,RUS,63,Mercedes,29.0,2.0,HARD,4.0,True,95.795,28.411,40.34,27.044,1.0,1,,True,False,True,50.4,97.307,8.5,29.072049689440995,33.85217391304348,True
2025,Singapore Grand Prix,R,RUS,63,Mercedes,30.0,2.0,HARD,5.0,True,96.027,28.421,40.576,27.03,1.0,1,,True,False,True,52.2,97.593,8.5,29.072049689440995,33.85217391304348,True
2025,Singapore Grand Prix,R,RUS,63,Mercedes,31.0,2.0,HARD,6.0,True,95.912,28.441,40.474,26.997,1.0,1,,True,False,True,54.0,97.53200000000001,8.5,29.072049689440995,33.85217391304348,True
2025,Singapore Grand Prix,R,RUS,63,Mercedes,32.0,2.0,HARD,7.0,True,95.836,28.461,40.415,26.96,1.0,1,,True,False,True,55.800000000000004,97.51,8.5,29.072049689440995,33.85217391304348,True
2025,Singapore Grand Prix,R,RUS,63,Mercedes,33.0,2.0,HARD,8.0,True,96.123,28.502,40.556,27.065,1.0,1,,True,False,True,57.6,97.851,8.5,29.072049689440995,33.85217391304348,True
2025,Singapore Grand Prix,R,RUS,63,Mercedes,34.0,2.0,HARD,9.0,True,95.904,28.509,40.415,26.98,1.0,1,,True,False,True,59.4,97.68599999999999,8.5,29.072049689440995,33.85217391304348,True
2025,Singapore Grand Prix,R,RUS,63,Mercedes,35.0,2.0,HARD,10.0,True,95.879,28.411,40.471,26.997,1.0,1,,True,False,True,61.2,97.715,8.5,29.072049689440995,33.85217391304348,True
2025,Singapore Grand Prix,R,RUS,63,Mercedes,36.0,2.0,HARD,11.0,True,95.91,28.433,40.47,27.007,1.0,1,,True,False,True,63.0,97.8,8.5,29.072049689440995,33.85217391304348,True
2025,Singapore Grand Prix,R,RUS,63,Mercedes,37.0,2.0,HARD,12.0,True,96.119,28.493,40.661,26.965,1.0,1,,True,False,True,64.8,98.063,8.5,29.072049689440995,33.85217391304348,True
2025,Singapore Grand Prix,R,RUS,63,Mercedes,38.0,2.0,HARD,13.0,True,96.189,28.462,40.715,27.012,1.0,1,,True,False,True,66.60000000000001,98.187,8.5,29.072049689440995,33.85217391304348,True
2025,Singapore Grand Prix,R,RUS,63,Mercedes,39.0,2.0,HARD,14.0,True,96.248,28.453,40.708,27.087,1.0,1,,True,False,True,68.4,98.30000000000001,8.5,29.072049689440995,33.85217391304348,True
2025,Singapore Grand Prix,R,RUS,63,Mercedes,40.0,2.0,HARD,15.0,True,96.357,28.521,40.744,27.092,1.0,1,,True,False,True,70.2,98.463,8.5,29.072049689440995,33.85217391304348,True
2025,Singapore Grand Prix,R,RUS,63,Mercedes,41.0,2.0,HARD,16.0,True,96.128,28.47,40.689,26.969,1.0,1,,True,False,True,72.0,98.288,8.5,29.072049689440995,33.85217391304348,True
2025,Singapore Grand Prix,R,RUS,63,Mercedes,42.0,2.0,HARD,17.0,True,97.0,28.553,41.299,27.148,1.0,1,,True,False,True,73.8,99.214,8.5,29.072049689440995,33.85217391304348,True
2025,Singapore Grand Prix,R,RUS,63,Mercedes,43.0,2.0,HARD,18.0,True,97.065,28.59,41.08,27.395,1.0,1,,True,False,True,75.60000000000001,99.333,8.5,29.072049689440995,33.85217391304348,True
2025,Singapore Grand Prix,R,RUS,63,Mercedes,44.0,2.0,HARD,19.0,True,97.89,28.735,41.507,27.648,1.0,1,,True,False,True,77.4,100.212,8.5,29.072049689440995,33.85217391304348,True
2025,Singapore Grand Prix,R,RUS,63,Mercedes,45.0,2.0,HARD,20.0,True,97.401,28.624,41.589,27.188,1.0,12,,True,False,False,79.2,99.777,8.5,29.072049689440995,33.85217391304348,True
2025,Singapore Grand Prix,R,RUS,63,Mercedes,46.0,2.0,HARD,21.0,True,97.026,28.617,41.353,27.056,1.0,1,,True,False,True,81.0,99.45599999999999,8.5,29.072049689440995,33.85217391304348,True
2025,Singapore Grand Prix,R,RUS,63,Mercedes,47.0,2.0,HARD,22.0,True,96.761,28.601,41.012,27.148,1.0,1,,True,False,True,82.8,99.24499999999999,8.5,29.072049689440995,33.85217391304348,True
2025,Singapore Grand Prix,R,RUS,63,Mercedes,48.0,2.0,HARD,23.0,True,96.183,28.519,40.635,27.029,1.0,1,,True,False,True,84.60000000000001,98.721,8.5,29.072049689440995,33.85217391304348,True
2025,Singapore Grand Prix,R,RUS,63,Mercedes,49.0,2.0,HARD,24.0,True,96.077,28.493,40.656,26.928,1.0,1,,True,False,True,86.4,98.669,8.5,29.072049689440995,33.85217391304348,True
2025,Singapore Grand Prix,R,RUS,63,Mercedes,50.0,2.0,HARD,25.0,True,96.223,28.464,40.649,27.11,1.0,1,,True,False,True,88.2,98.869,8.5,29.072049689440995,33.85217391304348,True
2025,Singapore Grand Prix,R,RUS,63,Mercedes,51.0,2.0,HARD,26.0,True,97.317,28.559,41.158,27.6,1.0,1,,True,False,True,90.0,100.017,8.5,29.072049689440995,33.85217391304348,True
2025,Singapore Grand Prix,R,RUS,63,Mercedes,52.0,2.0,HARD,27.0,True,97.388,28.764,41.595,27.029,1.0,1,,True,False,True,91.8,100.14200000000001,8.5,29.072049689440995,33.85217391304348,True
2025,Singapore Grand Prix,R,RUS,63,Mercedes,53.0,2.0,HARD,28.0,True,96.261,28.516,40.779,26.966,1.0,1,,True,False,True,93.60000000000001,99.069,8.5,29.072049689440995,33.85217391304348,True
2025,Singapore Grand Prix,R,RUS,63,Mercedes,54.0,2.0,HARD,29.0,True,96.254,28.469,40.806,26.979,1.0,1,,True,False,True,95.4,99.116,8.5,29.072049689440995,33.85217391304348,True
2025,Singapore Grand Prix,R,RUS,63,Mercedes,55.0,2.0,HARD,30.0,True,96.153,28.398,40.824,26.931,1.0,1,,True,False,True,97.2,99.069,8.5,29.072049689440995,33.85217391304348,True
2025,Singapore Grand Prix,R,RUS,63,Mercedes,56.0,2.0,HARD,31.0,True,96.333,28.509,40.845,26.979,1.0,1,,True,False,True,99.0,99.303,8.5,29.072049689440995,33.85217391304348,True
2025,Singapore Grand Prix,R,RUS,63,Mercedes,57.0,2.0,HARD,32.0,True,96.133,28.46,40.823,26.85,1.0,1,,True,False,True,100.8,99.157,8.5,29.072049689440995,33.85217391304348,True
2025,Singapore Grand Prix,R,RUS,63,Mercedes,58.0,2.0,HARD,33.0,True,96.088,28.436,40.711,26.941,1.0,1,,True,False,True,102.60000000000001,99.166,8.5,29.072049689440995,33.85217391304348,True
2025,Singapore Grand Prix,R,RUS,63,Mercedes,59.0,2.0,HARD,34.0,True,96.405,28.511,40.903,26.991,1.0,1,,True,False,True,104.4,99.537,8.5,29.072049689440995,33.85217391304348,True
2025,Singapore Grand Prix,R,RUS,63,Mercedes,60.0,2.0,HARD,35.0,True,96.381,28.536,40.846,26.999,1.0,1,,True,False,True,106.2,99.56700000000001,8.5,29.072049689440995,33.85217391304348,True
2025,Singapore Grand Prix,R,RUS,63,Mercedes,61.0,2.0,HARD,36.0,True,96.257,28.465,40.817,26.975,1.0,1,,True,False,True,108.0,99.497,8.5,29.072049689440995,33.85217391304348,True
2025,Singapore Grand Prix,R,RUS,63,Mercedes,62.0,2.0,HARD,37.0,True,96.455,28.421,40.964,27.07,1.0,1,,True,False,True,109.8,99.749,8.5,29.072049689440995,33.85217391304348,True
2025,Singapore Grand Prix,R,VER,1,Red Bull Racing,1.0,1.0,SOFT,4.0,False,104.887,,43.146,28.617,2.0,1,,False,False,True,0.0,104.887,8.5,29.072049689440995,33.85217391304348,True
2025,Singapore Grand Prix,R,VER,1,Red Bull Racing,2.0,1.0,SOFT,5.0,False,99.698,29.393,42.236,28.069,2.0,1,,True,False,True,1.8,99.752,8.5,29.072049689440995,33.85217391304348,True
2025,Singapore Grand Prix,R,VER,1,Red Bull Racing,3.0,1.0,SOFT,6.0,False,98.481,29.058,41.689,27.734,2.0,1,,True,False,True,3.6,98.589,8.5,29.072049689440995,33.85217391304348,True
2025,Singapore Grand Prix,R,VER,1,Red Bull Racing,4.0,1.0,SOFT,7.0,False,98.077,28.95,41.465,27.662,2.0,1,,True,False,True,5.4,98.239,8.5,29.072049689440995,33.85217391304348,True
2025,Singapore Grand Prix,R,VER,1,Red Bull Racing,5.0,1.0,SOFT,8.0,False,97.504,28.808,41.16,27.536,2.0,1,,True,False,True,7.2,97.72,8.5,29.072049689440995,33.85217391304348,True
2025,Singapore Grand Prix,R,VER,1,Red Bull Racing,6.0,1.0,SOFT,9.0,False,97.326,28.832,41.096,27.398,2.0,1,,True,False,True,9.0,97.59599999999999,8.5,29.072049689440995,33.85217391304348,True
2025,Singapore Grand Prix,R,VER,1,Red Bull Racing,7.0,1.0,SOFT,10.0,False,97.149,28.813,41.016,27.32,2.0,12,,True,False,False,10.8,97.473,8.5,29.072049689440995,33.85217391304348,True
2025,Singapore Grand Prix,R,VER,1,Red Bull Racing,8.0,1.0,SOFT,11.0,False,97.136,28.775,41.065,27.296,2.0,1,,True,False,True,12.6,97.514,8.5,29.072049689440995,33.85217391304348,True
2025,Singapore Grand Prix,R,VER,1,Red Bull Racing,9.0,1.0,SOFT,12.0,False,97.165,28.797,41.139,27.229,2.0,1,,True,False,True,14.4,97.59700000000001,8.5,29.072049689440995,33.85217391304348,True
2025,Singapore Grand Prix,R,VER,1,Red Bull Racing,10.0,1.0,SOFT,13.0,False,97.239,28.773,41.171,27.295,2.0,1,,True,False,True,16.2,97.72500000000001,8.5,29.072049689440995,33.85217391304348,True
2025,Singapore Grand Prix,R,VER,1,Red Bull Racing,11.0,1.0,SOFT,14.0,False,97.223,28.844,41.163,27.216,2.0,1,,True,False,True,18.0,97.763,8.5,29.072049689440995,33.85217391304348,True
2025,Singapore Grand Prix,R,VER,1,Red Bull Racing,12.0,1.0,SOFT,15.0,False,97.187,28.799,41.099,27.289,2.0,1,,True,False,True,19.8,97.78099999999999,8.5,29.072049689440995,33.85217391304348,True
2025,Singapore Grand Prix,R,VER,1,Red Bull Racing,13.0,1.0,SOFT,16.0,False,97.332,28.839,41.213,27.28,2.0,1,,True,False,True,21.6,97.97999999999999,8.5,29.072049689440995,33.85217391304348,True
2025,Singapore Grand Prix,R,VER,1,Red Bull Racing,14.0,1.0,SOFT,17.0,False,97.472,28.899,41.28,27.293,2.0,1,,True,False,True,23.400000000000002,98.17399999999999,8.5,29.072049689440995,33.85217391304348,True
2025,Singapore Grand Prix,R,VER,1,Red Bull Racing,15.0,1.0,SOFT,18.0,False,97.292,28.859,41.163,27.27,2.0,1,,True,False,True,25.2,98.048,8.5,29.072049689440995,33.85217391304348,True
2025,Singapore Grand Prix,R,VER,1,Red Bull Racing,16.0,1.0,SOFT,19.0,False,97.318,28.851,41.136,27.331,2.0,1,,True,False,True,27.0,98.128,8.5,29.072049689440995,33.85217391304348,True
2025,Singapore Grand Prix,R,VER,1,Red Bull Racing,17.0,1.0,SOFT,20.0,False,97.231,28.806,41.157,27.268,2.0,1,,True,False,True,28.8,98.095,8.5,29.072049689440995,33.85217391304348,True
2025,Singapore Grand Prix,R,VER,1,Red Bull Racing,18.0,1.0,SOFT,21.0,False,97.449,28.853,41.261,27.335,2.0,1,,True,False,True,30.6,98.367,8.5,29.072049689440995,33.85217391304348,True
2025,Singapore Grand Prix,R,VER,1,Red Bull Racing,19.0,1.0,SOFT,22.0,False,103.287,28.933,41.202,33.152,4.0,1,,False,True,True,32.4,104.259,8.5,29.072049689440995,33.85217391304348,True
2025,Singapore Grand Prix,R,VER,1,Red Bull Racing,20.0,2.0,HARD,1.0,True,113.036,45.627,40.421,26.988,7.0,1,,False,True,True,34.2,114.062,8.5,29.072049689440995,33.85217391304348,True
2025,Singapore Grand Prix,R,VER,1,Red Bull Racing,21.0,2.0,HARD,2.0,True,96.786,28.69,40.587,27.509,7.0,1,,True,False,True,36.0,97.866,8.5,29.072049689440995,33.85217391304348,True
2025,Singapore Grand Prix,R,VER,1,Red Bull Racing,22.0,2.0,HARD,3.0,True,96.33,28.621,40.528,27.181,6.0,1,,True,False,True,37.800000000000004,97.464,8.5,29.072049689440995,33.85217391304348,True
2025,Singapore Grand Prix,R,VER,1,Red Bull Racing,23.0,2.0,HARD,4.0,True,96.084,28.536,40.447,27.101,6.0,1,,True,False,True,39.6,97.272,8.5,29.072049689440995,33.85217391304348,True
2025,Singapore Grand Prix,R,VER,1,Red Bull Racing,24.0,2.0,HARD,5.0,True,96.359,28.526,40.648,27.185,5.0,1,,True,False,True,41.4,97.601,8.5,29.072049689440995,33.85217391304348,True
2025,Singapore Grand Prix,R,VER,1,Red Bull Racing,25.0,2.0,HARD,6.0,True,95.87,28.477,40.38,27.013,4.0,1,,True,False,True,43.2,97.16600000000001,8.5,29.072049689440995,33.85217391304348,True
2025,Singapore Grand Prix,R,VER,1,Red Bull Racing,26.0,2.0,HARD,7.0,True,95.938,28.452,40.503,26.983,4.0,1,,True,False,True,45.0,97.288,8.5,29.072049689440995,33.85217391304348,True
2025,Singapore Grand Prix,R,VER,1,Red Bull Racing,27.0,2.0,HARD,8.0,True,96.002,28.52,40.552,26.93,3.0,1,,True,False,True,46.800000000000004,97.40599999999999,8.5,29.072049689440995,33.85217391304348,True
2025,Singapore Grand Prix,R,VER,1,Red Bull Racing,28.0,2.0,HARD,9.0,True,95.732,28.484,40.416,26.832,2.0,1,,True,False,True,48.6,97.19,8.5,29.072049689440995,33.85217391304348,True
2025,Singapore Grand Prix,R,VER,1,Red Bull Racing,29.0,2.0,HARD,10.0,True,96.15,28.617,40.57,26.963,2.0,1,,True,False,True,50.4,97.662,8.5,29.072049689440995,33.85217391304348,True
2025,Singapore Grand Prix,R,VER,1,Red Bull Racing,30.0,2.0,HARD,11.0,True,95.649,28.447,40.294,26.908,2.0,1,,True,False,True,52.2,97.215,8.5,29.072049689440995,33.85217391304348,True
2025,Singapore Grand Prix,R,VER,1,Red Bull Racing,31.0,2.0,HARD,12.0,True,95.751,28.523,40.296,26.932,2.0,1,,True,False,True,54.0,97.37100000000001,8.5,29.072049689440995,33.85217391304348,True
2025,Singapore Grand Prix,R,VER,1,Red Bull Racing,32.0,2.0,HARD,13.0,True,95.684,28.442,40.374,26.868,2.0,1,,True,False,True,55.800000000000004,97.358,8.5,29.072049689440995,33.85217391304348,True
2025,Singapore Grand Prix,R,VER,1,Red Bull Racing,33.0,2.0,HARD,14.0,True,95.676,28.418,40.333,26.925,2.0,1,,True,False,True,57.6,97.404,8.5,29.072049689440995,33.85217391304348,True
2025,Singapore Grand Prix,R,VER,1,Red Bull Racing,34.0,2.0,HARD,15.0,True,95.815,28.505,40.425,26.885,2.0,1,,True,False,True,59.4,97.597,8.5,29.072049689440995,33.85217391304348,True
2025,Singapore Grand Prix,R,VER,1,Red Bull Racing,35.0,2.0,HARD,16.0,True,95.898,28.445,40.474,26.979,2.0,1,,True,False,True,61.2,97.734,8.5,29.072049689440995,33.85217391304348,True
2025,Singapore Grand Prix,R,VER,1,Red Bull Racing,36.0,2.0,HARD,17.0,True,97.774,28.551,40.404,28.819,2.0,1,,True,False,True,63.0,99.664,8.5,29.072049689440995,33.85217391304348,True
2025,Singapore Grand Prix,R,VER,1,Red Bull Racing,37.0,2.0,HARD,18.0,True,96.42,28.736,40.711,26.973,2.0,1,,True,False,True,64.8,98.364,8.5,29.072049689440995,33.85217391304348,True
2025,Singapore Grand Prix,R,VER,1,Red Bull Racing,38.0,2.0,HARD,19.0,True,96.064,28.55,40.613,26.901,2.0,1,,True,False,True,66.60000000000001,98.062,8.5,29.072049689440995,33.85217391304348,True
2025,Singapore Grand Prix,R,VER,1,Red Bull Racing,39.0,2.0,HARD,20.0,True,96.298,28.562,40.684,27.052,2.0,1,,True,False,True,68.4,98.35000000000001,8.5,29.072049689440995,33.85217391304348,True
2025,Singapore Grand Prix,R,VER,1,Red Bull Racing,40.0,2.0,HARD,21.0,True,96.13,28.513,40.57,27.047,2.0,1,,True,False,True,70.2,98.23599999999999,8.5,29.072049689440995,33.85217391304348,True
2025,Singapore Grand Prix,R,VER,1,Red Bull Racing,41.0,2.0,HARD,22.0,True,96.263,28.543,40.655,27.065,2.0,1,,True,False,True,72.0,98.423,8.5,29.072049689440995,33.85217391304348,True
2025,Singapore Grand Prix,R,VER,1,Red Bull Racing,42.0,2.0,HARD,23.0,True,96.448,28.538,40.728,27.182,2.0,1,,True,False,True,73.8,98.66199999999999,8.5,29.072049689440995,33.85217391304348,True
2025,Singapore Grand Prix,R,VER,1,Red Bull Racing,43.0,2.0,HARD,24.0,True,97.09,28.539,41.213,27.338,2.0,1,,True,False,True,75.60000000000001,99.358,8.5,29.072049689440995,33.85217391304348,True
2025,Singapore Grand Prix,R,VER,1,Red Bull Racing,44.0,2.0,HARD,25.0,True,96.872,28.655,41.014,27.203,2.0,1,,True,False,True,77.4,99.194,8.5,29.072049689440995,33.85217391304348,True
2025,Singapore Grand Prix,R,VER,1,Red Bull Racing,45.0,2.0,HARD,26.0,True,97.805,28.655,41.525,27.625,2.0,12,,True,False,False,79.2,100.18100000000001,8.5,29.072049689440995,33.85217391304348,True
2025,Singapore Grand Prix,R,VER,1,Red Bull Racing,46.0,2.0,HARD,27.0,True,97.54,28.726,41.427,27.387,2.0,1,,True,False,True,81.0,99.97,8.5,29.072049689440995,33.85217391304348,True
2025,Singapore Grand Prix,R,VER,1,Red Bull Racing,47.0,2.0,HARD,28.0,True,97.51,28.853,41.234,27.423,2.0,1,,True,False,True,82.8,99.994,8.5,29.072049689440995,33.85217391304348,True
2025,Singapore Grand Prix,R,VER,1,Red Bull Racing,48.0,2.0,HARD,29.0,True,97.119,28.758,41.326,27.035,2.0,1,,True,False,True,84.60000000000001,99.657,8.5,29.072049689440995,33.85217391304348,True
2025,Singapore Grand Prix,R,VER,1,Red Bull Racing,49.0,2.0,HARD,30.0,True,96.211,28.455,40.784,26.972,2.0,1,,True,False,True,86.4,98.803,8.5,29.072049689440995,33.85217391304348,True
2025,Singapore Grand Prix,R,VER,1,Red Bull Racing,50.0,2.0,HARD,31.0,True,96.08,28.501,40.613,26.966,2.0,1,,True,False,True,88.2,98.726,8.5,29.072049689440995,33.85217391304348,True
2025,Singapore Grand Prix,R,VER,1,Red Bull Racing,51.0,2.0,HARD,32.0,True,96.257,28.492,40.682,27.083,2.0,1,,True,False,True,90.0,98.95700000000001,8.5,29.072049689440995,33.85217391304348,True
2025,Singapore Grand Prix,R,VER,1,Red Bull Racing,52.0,2.0,HARD,33.0,True,96.687,28.666,40.923,27.098,2.0,1,,True,False,True,91.8,99.441,8.5,29.072049689440995,33.85217391304348,True
2025,Singapore Grand Prix,R,VER,1,Red Bull Racing,53.0,2.0,HARD,34.0,True,97.611,28.716,41.804,27.091,2.0,1,,True,False,True,93.60000000000001,100.41900000000001,8.5,29.072049689440995,33.85217391304348,True
2025,Singapore Grand Prix,R,VER,1,Red Bull Racing,54.0,2.0,HARD,35.0,True,96.581,28.638,40.937,27.006,2.0,1,,True,False,True,95.4,99.443,8.5,29.072049689440995,33.85217391304348,True
2025,Singapore Grand Prix,R,VER,1,Red Bull Racing,55.0,2.0,HARD,36.0,True,96.326,28.56,40.783,26.983,2.0,1,,True,False,True,97.2,99.24199999999999,8.5,29.072049689440995,33.85217391304348,True
2025,Singapore Grand Prix,R,VER,1,Red Bull Racing,56.0,2.0,HARD,37.0,True,96.666,28.65,40.986,27.03,2.0,1,,True,False,True,99.0,99.636,8.5,29.072049689440995,33.85217391304348,True
2025,Singapore Grand Prix,R,VER,1,Red Bull Racing,57.0,2.0,HARD,38.0,True,96.142,28.489,40.683,26.97,2.0,1,,True,False,True,100.8,99.166,8.5,29.072049689440995,33.85217391304348,True
2025,Singapore Grand Prix,R,VER,1,Red Bull Racing,58.0,2.0,HARD,39.0,True,95.982,28.497,40.54,26.945,2.0,1,,True,False,True,102.60000000000001,99.06,8.5,29.072049689440995,33.85217391304348,True
2025,Singapore Grand Prix,R,VER,1,Red Bull Racing,59.0,2.0,HARD,40.0,True,95.999,28.439,40.622,26.938,2.0,1,,True,False,True,104.4,99.131,8.5,29.072049689440995,33.85217391304348,True
2025,Singapore Grand Prix,R,VER,1,Red Bull Racing,60.0,2.0,HARD,41.0,True,96.194,28.591,40.647,26.956,2.0,1,,True,False,True,106.2,99.38,8.5,29.072049689440995,33.85217391304348,True
2025,Singapore Grand Prix,R,VER,1,Red Bull Racing,61.0,2.0,HARD,42.0,True,96.036,28.495,40.608,26.933,2.0,1,,True,False,True,108.0,99.276,8.5,29.072049689440995,33.85217391304348,True
2025,Singapore Grand Prix,R,VER,1,Red Bull Racing,62.0,2.0,HARD,43.0,True,96.479,28.586,40.751,27.142,2.0,1,,True,False,True,109.8,99.773,8.5,29.072049689440995,33.85217391304348,True
2025,Singapore Grand Prix,R,NOR,4,McLaren,1.0,1.0,MEDIUM,1.0,True,105.566,,43.375,28.66,3.0,1,,False,False,True,0.0,105.566,8.5,29.072049689440995,33.85217391304348,True
2025,Singapore Grand Prix,R,NOR,4,McLaren,2.0,1.0,MEDIUM,2.0,True,99.639,29.34,42.138,28.161,3.0,1,,True,False,True,1.8,99.693,8.5,29.072049689440995,33.85217391304348,True
2025,Singapore Grand Prix,R,NOR,4,McLaren,3.0,1.0,MEDIUM,3.0,True,98.753,29.037,41.741,27.975,3.0,1,,True,False,True,3.6,98.861,8.5,29.072049689440995,33.85217391304348,True
2025,Singapore Grand Prix,R,NOR,4,McLaren,4.0,1.0,MEDIUM,4.0,True,98.211,28.941,41.45,27.82,3.0,1,,True,False,True,5.4,98.373,8.5,29.072049689440995,33.85217391304348,True
2025,Singapore Grand Prix,R,NOR,4,McLaren,5.0,1.0,MEDIUM,5.0,True,98.066,29.072,41.312,27.682,3.0,1,,True,False,True,7.2,98.282,8.5,29.072049689440995,33.85217391304348,True
2025,Singapore Grand Prix,R,NOR,4,McLaren,6.0,1.0,MEDIUM,6.0,True,97.597,28.964,41.026,27.607,3.0,1,,True,False,True,9.0,97.86699999999999,8.5,29.072049689440995,33.85217391304348,True
2025,Singapore Grand Prix,R,NOR,4,McLaren,7.0,1.0,MEDIUM,7.0,True,97.199,28.819,40.93,27.45,3.0,12,,True,False,False,10.8,97.523,8.5,29.072049689440995,33.85217391304348,True
2025,Singapore Grand Prix,R,NOR,4,McLaren,8.0,1.0,MEDIUM,8.0,True,97.032,28.757,40.802,27.473,3.0,1,,True,False,True,12.6,97.41,8.5,29.072049689440995,33.85217391304348,True
2025,Singapore Grand Prix,R,NOR,4,McLaren,9.0,1.0,MEDIUM,9.0,True,97.125,28.811,40.814,27.5,3.0,1,,True,False,True,14.4,97.557,8.5,29.072049689440995,33.85217391304348,True
2025,Singapore Grand Prix,R,NOR,4,McLaren,10.0,1.0,MEDIUM,10.0,True,97.259,28.839,40.803,27.617,3.0,1,,True,False,True,16.2,97.745,8.5,29.072049689440995,33.85217391304348,True
2025,Singapore Grand Prix,R,NOR,4,McLaren,11.0,1.0,MEDIUM,11.0,True,97.13,28.866,40.889,27.375,3.0,1,,True,False,True,18.0,97.67,8.5,29.072049689440995,33.85217391304348,True
2025,Singapore Grand Prix,R,NOR,4,McLaren,12.0,1.0,MEDIUM,12.0,True,97.157,28.926,40.924,27.307,3.0,1,,True,False,True,19.8,97.75099999999999,8.5,29.072049689440995,33.85217391304348,True
2025,Singapore Grand Prix,R,NOR,4,McLaren,13.0,1.0,MEDIUM,13.0,True,97.04,28.826,40.913,27.301,3.0,1,,True,False,True,21.6,97.688,8.5,29.072049689440995,33.85217391304348,True
2025,Singapore Grand Prix,R,NOR,4,McLaren,14.0,1.0,MEDIUM,14.0,True,97.333,28.884,41.151,27.298,3.0,1,,True,False,True,23.400000000000002,98.035,8.5,29.072049689440995,33.85217391304348,True
2025,Singapore Grand Prix,R,NOR,4,McLaren,15.0,1.0,MEDIUM,15.0,True,97.198,28.865,41.047,27.286,3.0,1,,True,False,True,25.2,97.954,8.5,29.072049689440995,33.85217391304348,True
2025,Singapore Grand Prix,R,NOR,4,McLaren,16.0,1.0,MEDIUM,16.0,True,97.329,28.883,41.177,27.269,3.0,1,,True,False,True,27.0,98.139,8.5,29.072049689440995,33.85217391304348,True
2025,Singapore Grand Prix,R,NOR,4,McLaren,17.0,1.0,MEDIUM,17.0,True,97.177,28.973,40.949,27.255,3.0,1,,True,False,True,28.8,98.04100000000001,8.5,29.072049689440995,33.85217391304348,True
2025,Singapore Grand Prix,R,NOR,4,McLaren,18.0,1.0,MEDIUM,18.0,True,97.444,28.96,41.1,27.384,3.0,1,,True,False,True,30.6,98.36200000000001,8.5,29.072049689440995,33.85217391304348,True
2025,Singapore Grand Prix,R,NOR,4,McLaren,19.0,1.0,MEDIUM,19.0,True,97.559,28.992,41.154,27.413,2.0,1,,True,False,True,32.4,98.53099999999999,8.5,29.072049689440995,33.85217391304348,True
2025,Singapore Grand Prix,R,NOR,4,McLaren,20.0,1.0,MEDIUM,20.0,True,97.016,28.764,41.018,27.234,2.0,1,,True,False,True,34.2,98.042,8.5,29.072049689440995,33.85217391304348,True
2025,Singapore Grand Prix,R,NOR,4,McLaren,21.0,1.0,MEDIUM,21.0,True,96.638,28.789,40.767,27.082,2.0,1,,True,False,True,36.0,97.718,8.5,29.072049689440995,33.85217391304348,True
2025,Singapore Grand Prix,R,NOR,4,McLaren,22.0,1.0,MEDIUM,22.0,True,96.688,28.811,40.847,27.03,2.0,1,,True,False,True,37.800000000000004,97.822,8.5,29.072049689440995,33.85217391304348,True
2025,Singapore Grand Prix,R,NOR,4,McLaren,23.0,1.0,MEDIUM,23.0,True,96.81,28.731,40.966,27.113,2.0,1,,True,False,True,39.6,97.998,8.5,29.072049689440995,33.85217391304348,True
2025,Singapore Grand Prix,R,NOR,4,McLaren,24.0,1.0,MEDIUM,24.0,True,96.959,28.829,40.953,27.177,2.0,1,,True,False,True,41.4,98.20100000000001,8.5,29.072049689440995,33.85217391304348,True
2025,Singapore Grand Prix,R,NOR,4,McLaren,25.0,1.0,MEDIUM,25.0,True,97.153,28.853,40.958,27.342,2.0,1,,True,False,True,43.2,98.44900000000001,8.5,29.072049689440995,33.85217391304348,True
2025,Singapore Grand Prix,R,NOR,4,McLaren,26.0,1.0,MEDIUM,26.0,True,102.705,28.768,40.955,32.982,2.0,1,,False,True,True,45.0,104.05499999999999,8.5,29.072049689440995,33.85217391304348,True
2025,Singapore Grand Prix,R,NOR,4,McLaren,27.0,2.0,HARD,1.0,True,111.946,44.64,40.277,27.029,4.0,1,,False,True,True,46.800000000000004,113.35,8.5,29.072049689440995,33.85217391304348,True
2025,Singapore Grand Prix,R,NOR,4,McLaren,28.0,2.0,HARD,2.0,True,95.623,28.469,40.198,26.956,3.0,1,,True,False,True,48.6,97.081,8.5,29.072049689440995,33.85217391304348,True
2025,Singapore Grand Prix,R,NOR,4,McLaren,29.0,2.0,HARD,3.0,True,95.697,28.462,40.318,26.917,3.0,1,,True,False,True,50.4,97.209,8.5,29.072049689440995,33.85217391304348,True
2025,Singapore Grand Prix,R,NOR,4,McLaren,30.0,2.0,HARD,4.0,True,95.765,28.525,40.299,26.941,3.0,1,,True,False,True,52.2,97.331,8.5,29.072049689440995,33.85217391304348,True
2025,Singapore Grand Prix,R,NOR,4,McLaren,31.0,2.0,HARD,5.0,True,95.721,28.535,40.317,26.869,3.0,1,,True,False,True,54.0,97.34100000000001,8.5,29.072049689440995,33.85217391304348,True
2025,Singapore Grand Prix,R,NOR,4,McLaren,32.0,2.0,HARD,6.0,True,95.636,28.407,40.33,26.899,3.0,1,,True,False,True,55.800000000000004,97.31,8.5,29.072049689440995,33.85217391304348,True
2025,Singapore Grand Prix,R,NOR,4,McLaren,33.0,2.0,HARD,7.0,True,95.709,28.451,40.299,26.959,3.0,1,,True,False,True,57.6,97.437,8.5,29.072049689440995,33.85217391304348,True
2025,Singapore Grand Prix,R,NOR,4,McLaren,34.0,2.0,HARD,8.0,True,95.847,28.454,40.303,27.09,3.0,1,,True,False,True,59.4,97.62899999999999,8.5,29.072049689440995,33.85217391304348,True
2025,Singapore Grand Prix,R,NOR,4,McLaren,35.0,2.0,HARD,9.0,True,95.987,28.44,40.5,27.047,3.0,1,,True,False,True,61.2,97.823,8.5,29.072049689440995,33.85217391304348,True
2025,Singapore Grand Prix,R,NOR,4,McLaren,36.0,2.0,HARD,10.0,True,95.555,28.369,40.211,26.975,3.0,1,,True,False,True,63.0,97.44500000000001,8.5,29.072049689440995,33.85217391304348,True
2025,Singapore Grand Prix,R,NOR,4,McLaren,37.0,2.0,HARD,11.0,True,95.996,28.472,40.505,27.019,3.0,1,,True,False,True,64.8,97.94,8.5,29.072049689440995,33.85217391304348,True
2025,Singapore Grand Prix,R,NOR,4,McLaren,38.0,2.0,HARD,12.0,True,96.0,28.497,40.443,27.06,3.0,1,,True,False,True,66.60000000000001,97.998,8.5,29.072049689440995,33.85217391304348,True
2025,Singapore Grand Prix,R,NOR,4,McLaren,39.0,2.0,HARD,13.0,True,95.926,28.449,40.552,26.925,3.0,1,,True,False,True,68.4,97.97800000000001,8.5,29.072049689440995,33.85217391304348,True
2025,Singapore Grand Prix,R,NOR,4,McLaren,40.0,2.0,HARD,14.0,True,96.261,28.5,40.597,27.164,3.0,1,,True,False,True,70.2,98.36699999999999,8.5,29.072049689440995,33.85217391304348,True
2025,Singapore Grand Prix,R,NOR,4,McLaren,41.0,2.0,HARD,15.0,True,97.06,28.611,40.577,27.872,3.0,1,,True,False,True,72.0,99.22,8.5,29.072049689440995,33.85217391304348,True
2025,Singapore Grand Prix,R,NOR,4,McLaren,42.0,2.0,HARD,16.0,True,96.631,28.74,40.803,27.088,3.0,1,,True,False,True,73.8,98.845,8.5,29.072049689440995,33.85217391304348,True
2025,Singapore Grand Prix,R,NOR,4,McLaren,43.0,2.0,HARD,17.0,True,96.633,28.463,40.906,27.264,3.0,1,,True,False,True,75.60000000000001,98.901,8.5,29.072049689440995,33.85217391304348,True
2025,Singapore Grand Prix,R,NOR,4,McLaren,44.0,2.0,HARD,18.0,True,96.381,28.545,40.712,27.124,3.0,1,,True,False,True,77.4,98.703,8.5,29.072049689440995,33.85217391304348,True
2025,Singapore Grand Prix,R,NOR,4,McLaren,45.0,2.0,HARD,19.0,True,97.45,28.543,41.342,27.565,3.0,12,,True,False,False,79.2,99.82600000000001,8.5,29.072049689440995,33.85217391304348,True
2025,Singapore Grand Prix,R,NOR,4,McLaren,46.0,2.0,HARD,20.0,True,97.012,28.58,40.948,27.484,3.0,1,,True,False,True,81.0,99.44200000000001,8.5,29.072049689440995,33.85217391304348,True
2025,Singapore Grand Prix,R,NOR,4,McLaren,47.0,2.0,HARD,21.0,True,97.318,28.408,41.441,27.469,3.0,1,,True,False,True,82.8,99.80199999999999,8.5,29.072049689440995,33.85217391304348,True
2025,Singapore Grand Prix,R,NOR,4,McLaren,48.0,2.0,HARD,22.0,True,97.376,28.726,41.288,27.362,3.0,1,,True,False,True,84.60000000000001,99.914,8.5,29.072049689440995,33.85217391304348,True
2025,Singapore Grand Prix,R,NOR,4,McLaren,49.0,2.0,HARD,23.0,True,96.25,28.596,40.803,26.851,3.0,1,,True,False,True,86.4,98.842,8.5,29.072049689440995,33.85217391304348,True
2025,Singapore Grand Prix,R,NOR,4,McLaren,50.0,2.0,HARD,24.0,True,95.958,28.226,40.807,26.925,3.0,1,,True,False,True,88.2,98.604,8.5,29.072049689440995,33.85217391304348,True
2025,Singapore Grand Prix,R,NOR,4,McLaren,51.0,2.0,HARD,25.0,True,96.275,28.294,40.807,27.174,3.0,1,,True,False,True,90.0,98.97500000000001,8.5,29.072049689440995,33.85217391304348,True
2025,Singapore Grand Prix,R,NOR,4,McLaren,52.0,2.0,HARD,26.0,True,96.69,28.466,41.079,27.145,3.0,1,,True,False,True,91.8,99.444,8.5,29.072049689440995,33.85217391304348,True
2025,Singapore Grand Prix,R,NOR,4,McLaren,53.0,2.0,HARD,27.0,True,97.814,28.229,42.161,27.424,3.0,1,,True,False,True,93.60000000000001,100.622,8.5,29.072049689440995,33.85217391304348,True
2025,Singapore Grand Prix,R,NOR,4,McLaren,54.0,2.0,HARD,28.0,True,96.67,28.424,41.126,27.12,3.0,1,,True,False,True,95.4,99.532,8.5,29.072049689440995,33.85217391304348,True
2025,Singapore Grand Prix,R,NOR,4,McLaren,55.0,2.0,HARD,29.0,True,96.39,28.502,40.884,27.004,3.0,1,,True,False,True,97.2,99.306,8.5,29.072049689440995,33.85217391304348,True
2025,Singapore Grand Prix,R,NOR,4,McLaren,56.0,2.0,HARD,30.0,True,96.324,28.551,40.825,26.948,3.0,1,,True,False,True,99.0,99.294,8.5,29.072049689440995,33.85217391304348,True
2025,Singapore Grand Prix,R,NOR,4,McLaren,57.0,2.0,HARD,31.0,True,96.115,28.264,40.986,26.865,3.0,1,,True,False,True,100.8,99.139,8.5,29.072049689440995,33.85217391304348,True
2025,Singapore Grand Prix,R,NOR,4,McLaren,58.0,2.0,HARD,32.0,True,96.211,28.208,40.926,27.077,3.0,1,,True,False,True,102.60000000000001,99.289,8.5,29.072049689440995,33.85217391304348,True
2025,Singapore Grand Prix,R,NOR,4,McLaren,59.0,2.0,HARD,33.0,True,95.819,28.3,40.74,26.779,3.0,1,,True,False,True,104.4,98.95100000000001,8.5,29.072049689440995,33.85217391304348,True
2025,Singapore Grand Prix,R,NOR,4,McLaren,60.0,2.0,HARD,34.0,True,96.232,28.248,41.128,26.856,3.0,1,,True,False,True,106.2,99.418,8.5,29.072049689440995,33.85217391304348,True
2025,Singapore Grand Prix,R,NOR,4,McLaren,61.0,2.0,HARD,35.0,True,96.122,28.223,40.832,27.067,3.0,1,,True,False,True,108.0,99.362,8.5,29.072049689440995,33.85217391304348,True
2025,Singapore Grand Prix,R,NOR,4,McLaren,62.0,2.0,HARD,36.0,True,96.25,28.277,40.889,27.084,3.0,1,,True,False,True,109.8,99.544,8.5,29.072049689440995,33.85217391304348,True
2025,Singapore Grand Prix,R,PIA,81,McLaren,1.0,1.0,MEDIUM,1.0,True,106.982,,43.67,29.418,4.0,1,,False,False,True,0.0,106.982,8.5,29.072049689440995,33.85217391304348,True
2025,Singapore Grand Prix,R,PIA,81,McLaren,2.0,1.0,MEDIUM,2.0,True,100.284,29.521,42.257,28.506,4.0,1,,True,False,True,1.8,100.33800000000001,8.5,29.072049689440995,33.85217391304348,True
2025,Singapore Grand Prix,R,PIA,81,McLaren,3.0,1.0,MEDIUM,3.0,True,98.968,29.364,41.562,28.042,4.0,1,,True,False,True,3.6,99.07600000000001,8.5,29.072049689440995,33.85217391304348,True
2025,Singapore Grand Prix,R,PIA,81,McLaren,4.0,1.0,MEDIUM,4.0,True,98.418,29.095,41.345,27.978,4.0,1,,True,False,True,5.4,98.58000000000001,8.5,29.072049689440995,33.85217391304348,True
2025,Singapore Grand Prix,R,PIA,81,McLaren,5.0,1.0,MEDIUM,5.0,True,97.949,29.066,40.951,27.932,4.0,1,,True,False,True,7.2,98.16499999999999,8.5,29.072049689440995,33.85217391304348,True
2025,Singapore Grand Prix,R,PIA,81,McLaren,6.0,1.0,MEDIUM,6.0,True,97.924,29.271,40.976,27.677,4.0,1,,True,False,True,9.0,98.194,8.5,29.072049689440995,33.85217391304348,True
2025,Singapore Grand Prix,R,PIA,81,McLaren,7.0,1.0,MEDIUM,7.0,True,97.249,29.019,40.734,27.496,4.0,12,,True,False,False,10.8,97.573,8.5,29.072049689440995,33.85217391304348,True
2025,Singapore Grand Prix,R,PIA,81,McLaren,8.0,1.0,MEDIUM,8.0,True,97.212,28.858,40.913,27.441,4.0,1,,True,False,True,12.6,97.59,8.5,29.072049689440995,33.85217391304348,True
2025,Singapore Grand Prix,R,PIA,81,McLaren,9.0,1.0,MEDIUM,9.0,True,97.212,28.796,40.823,27.593,4.0,1,,True,False,True,14.4,97.644,8.5,29.072049689440995,33.85217391304348,True
2025,Singapore Grand Prix,R,PIA,81,McLaren,10.0,1.0,MEDIUM,10.0,True,97.736,29.035,41.216,27.485,4.0,1,,True,False,True,16.2,98.22200000000001,8.5,29.072049689440995,33.85217391304348,True
2025,Singapore Grand Prix,R,PIA,81,McLaren,11.0,1.0,MEDIUM,11.0,True,97.428,28.941,40.959,27.528,4.0,1,,True,False,True,18.0,97.968,8.5,29.072049689440995,33.85217391304348,True
2025,Singapore Grand Prix,R,PIA,81,McLaren,12.0,1.0,MEDIUM,12.0,True,97.685,29.002,41.062,27.621,4.0,1,,True,False,True,19.8,98.279,8.5,29.072049689440995,33.85217391304348,True
2025,Singapore Grand Prix,R,PIA,81,McLaren,13.0,1.0,MEDIUM,13.0,True,97.334,28.918,40.942,27.474,4.0,1,,True,False,True,21.6,97.982,8.5,29.072049689440995,33.85217391304348,True
2025,Singapore Grand Prix,R,PIA,81,McLaren,14.0,1.0,MEDIUM,14.0,True,97.478,28.964,41.026,27.488,4.0,1,,True,False,True,23.400000000000002,98.17999999999999,8.5,29.072049689440995,33.85217391304348,True
2025,Singapore Grand Prix,R,PIA,81,McLaren,15.0,1.0,MEDIUM,15.0,True,97.412,28.844,41.023,27.545,4.0,1,,True,False,True,25.2,98.168,8.5,29.072049689440995,33.85217391304348,True
2025,Singapore Grand Prix,R,PIA,81,McLaren,16.0,1.0,MEDIUM,16.0,True,97.347,28.868,41.138,27.341,4.0,1,,True,False,True,27.0,98.157,8.5,29.072049689440995,33.85217391304348,True
2025,Singapore Grand Prix,R,PIA,81,McLaren,17.0,1.0,MEDIUM,17.0,True,97.388,28.907,41.116,27.365,4.0,1,,True,False,True,28.8,98.25200000000001,8.5,29.072049689440995,33.85217391304348,True
2025,Singapore Grand Prix,R,PIA,81,McLaren,18.0,1.0,MEDIUM,18.0,True,96.923,28.774,40.885,27.264,4.0,1,,True,False,True,30.6,97.84100000000001,8.5,29.072049689440995,33.85217391304348,True
2025,Singapore Grand Prix,R,PIA,81,McLaren,19.0,1.0,MEDIUM,19.0,True,97.117,28.712,41.123,27.282,3.0,1,,True,False,True,32.4,98.089,8.5,29.072049689440995,33.85217391304348,True
2025,Singapore Grand Prix,R,PIA,81,McLaren,20.0,1.0,MEDIUM,20.0,True,96.992,28.886,40.797,27.309,3.0,1,,True,False,True,34.2,98.018,8.5,29.072049689440995,33.85217391304348,True
2025,Singapore Grand Prix,R,PIA,81,McLaren,21.0,1.0,MEDIUM,21.0,True,96.796,28.817,40.788,27.191,3.0,1,,True,False,True,36.0,97.876,8.5,29.072049689440995,33.85217391304348,True
2025,Singapore Grand Prix,R,PIA,81,McLaren,22.0,1.0,MEDIUM,22.0,True,96.609,28.656,40.84,27.113,3.0,1,,True,False,True,37.800000000000004,97.743,8.5,29.072049689440995,33.85217391304348,True
2025,Singapore Grand Prix,R,PIA,81,McLaren,23.0,1.0,MEDIUM,23.0,True,96.846,28.736,40.804,27.306,3.0,1,,True,False,True,39.6,98.034,8.5,29.072049689440995,33.85217391304348,True
2025,Singapore Grand Prix,R,PIA,81,McLaren,24.0,1.0,MEDIUM,24.0,True,97.546,28.771,41.528,27.247,3.0,1,,True,False,True,41.4,98.78800000000001,8.5,29.072049689440995,33.85217391304348,True
2025,Singapore Grand Prix,R,PIA,81,McLaren,25.0,1.0,MEDIUM,25.0,True,96.701,28.669,40.803,27.229,3.0,1,,True,False,True,43.2,97.997,8.5,29.072049689440995,33.85217391304348,True
2025,Singapore Grand Prix,R,PIA,81,McLaren,26.0,1.0,MEDIUM,26.0,True,96.84,28.761,40.904,27.175,1.0,1,,True,False,True,45.0,98.19,8.5,29.072049689440995,33.85217391304348,True
2025,Singapore Grand Prix,R,PIA,81,McLaren,27.0,1.0,MEDIUM,27.0,True,102.83,28.735,40.964,33.131,1.0,1,,False,True,True,46.800000000000004,104.234,8.5,29.072049689440995,33.85217391304348,True
2025,Singapore Grand Prix,R,PIA,81,McLaren,28.0,2.0,HARD,1.0,True,116.043,48.263,40.573,27.207,4.0,1,,False,True,True,48.6,117.501,8.5,29.072049689440995,33.85217391304348,True
2025,Singapore Grand Prix,R,PIA,81,McLaren,29.0,2.0,HARD,2.0,True,95.649,28.422,40.103,27.124,4.0,1,,True,False,True,50.4,97.161,8.5,29.072049689440995,33.85217391304348,True
2025,Singapore Grand Prix,R,PIA,81,McLaren,30.0,2.0,HARD,3.0,True,95.535,28.438,40.211,26.886,4.0,1,,True,False,True,52.2,97.101,8.5,29.072049689440995,33.85217391304348,True
2025,Singapore Grand Prix,R,PIA,81,McLaren,31.0,2.0,HARD,4.0,True,95.408,28.45,40.107,26.851,4.0,1,,True,False,True,54.0,97.028,8.5,29.072049689440995,33.85217391304348,True
2025,Singapore Grand Prix,R,PIA,81,McLaren,32.0,2.0,HARD,5.0,True,95.565,28.382,40.18,27.003,4.0,1,,True,False,True,55.800000000000004,97.239,8.5,29.072049689440995,33.85217391304348,True
2025,Singapore Grand Prix,R,PIA,81,McLaren,33.0,2.0,HARD,6.0,True,95.668,28.483,40.242,26.943,4.0,1,,True,False,True,57.6,97.396,8.5,29.072049689440995,33.85217391304348,True
2025,Singapore Grand Prix,R,PIA,81,McLaren,34.0,2.0,HARD,7.0,True,95.737,28.528,40.197,27.012,4.0,1,,True,False,True,59.4,97.51899999999999,8.5,29.072049689440995,33.85217391304348,True
2025,Singapore Grand Prix,R,PIA,81,McLaren,35.0,2.0,HARD,8.0,True,95.92,28.444,40.454,27.022,4.0,1,,True,False,True,61.2,97.756,8.5,29.072049689440995,33.85217391304348,True
2025,Singapore Grand Prix,R,PIA,81,McLaren,36.0,2.0,HARD,9.0,True,95.449,28.343,40.275,26.831,4.0,1,,True,False,True,63.0,97.339,8.5,29.072049689440995,33.85217391304348,True
2025,Singapore Grand Prix,R,PIA,81,McLaren,37.0,2.0,HARD,10.0,True,95.66,28.431,40.315,26.914,4.0,1,,True,False,True,64.8,97.604,8.5,29.072049689440995,33.85217391304348,True
2025,Singapore Grand Prix,R,PIA,81,McLaren,38.0,2.0,HARD,11.0,True,95.585,28.4,40.393,26.792,4.0,1,,True,False,True,66.60000000000001,97.583,8.5,29.072049689440995,33.85217391304348,True
2025,Singapore Grand Prix,R,PIA,81,McLaren,39.0,2.0,HARD,12.0,True,95.688,28.419,40.387,26.882,4.0,1,,True,False,True,68.4,97.74000000000001,8.5,29.072049689440995,33.85217391304348,True
2025,Singapore Grand Prix,R,PIA,81,McLaren,40.0,2.0,HARD,13.0,True,96.172,28.459,40.742,26.971,4.0,1,,True,False,True,70.2,98.27799999999999,8.5,29.072049689440995,33.85217391304348,True
2025,Singapore Grand Prix,R,PIA,81,McLaren,41.0,2.0,HARD,14.0,True,95.744,28.457,40.375,26.912,4.0,1,,True,False,True,72.0,97.904,8.5,29.072049689440995,33.85217391304348,True
2025,Singapore Grand Prix,R,PIA,81,McLaren,42.0,2.0,HARD,15.0,True,95.93,28.459,40.528,26.943,4.0,1,,True,False,True,73.8,98.144,8.5,29.072049689440995,33.85217391304348,True
2025,Singapore Grand Prix,R,PIA,81,McLaren,43.0,2.0,HARD,16.0,True,96.449,28.479,40.847,27.123,4.0,1,,True,False,True,75.60000000000001,98.717,8.5,29.072049689440995,33.85217391304348,True
2025,Singapore Grand Prix,R,PIA,81,McLaren,44.0,2.0,HARD,17.0,True,96.738,28.548000000000002,41.217,26.973,4.0,1,,True,False,True,77.4,99.06,8.5,29.072049689440995,33.85217391304348,True
2025,Singapore Grand Prix,R,PIA,81,McLaren,45.0,2.0,HARD,18.0,True,97.103,28.542,41.498,27.063,4.0,12,,True,False,False,79.2,99.479,8.5,29.072049689440995,33.85217391304348,True
2025,Singapore Grand Prix,R,PIA,81,McLaren,46.0,2.0,HARD,19.0,True,95.98,28.43,40.539,27.011,4.0,1,,True,False,True,81.0,98.41,8.5,29.072049689440995,33.85217391304348,True
2025,Singapore Grand Prix,R,PIA,81,McLaren,47.0,2.0,HARD,20.0,True,96.413,28.399,40.732,27.282,4.0,1,,True,False,True,82.8,98.89699999999999,8.5,29.072049689440995,33.85217391304348,True
2025,Singapore Grand Prix,R,PIA,81,McLaren,48.0,2.0,HARD,21.0,True,97.661,28.869,41.404,27.388,4.0,1,,True,False,True,84.60000000000001,100.199,8.5,29.072049689440995,33.85217391304348,True
2025,Singapore Grand Prix,R,PIA,81,McLaren,49.0,2.0,HARD,22.0,True,97.286,28.555,41.454,27.277,4.0,1,,True,False,True,86.4,99.878,8.5,29.072049689440995,33.85217391304348,True
2025,Singapore Grand Prix,R,PIA,81,McLaren,50.0,2.0,HARD,23.0,True,97.368,28.55,41.584,27.234,4.0,1,,True,False,True,88.2,100.014,8.5,29.072049689440995,33.85217391304348,True
2025,Singapore Grand Prix,R,PIA,81,McLaren,51.0,2.0,HARD,24.0,True,96.174,28.655,40.536,26.983,4.0,1,,True,False,True,90.0,98.87400000000001,8.5,29.072049689440995,33.85217391304348,True
2025,Singapore Grand Prix,R,PIA,81,McLaren,52.0,2.0,HARD,25.0,True,95.882,28.396,40.492,26.994,4.0,1,,True,False,True,91.8,98.63600000000001,8.5,29.072049689440995,33.85217391304348,True
2025,Singapore Grand Prix,R,PIA,81,McLaren,53.0,2.0,HARD,26.0,True,95.556,28.366,40.49,26.7,4.0,1,,True,False,True,93.60000000000001,98.364,8.5,29.072049689440995,33.85217391304348,True
2025,Singapore Grand Prix,R,PIA,81,McLaren,54.0,2.0,HARD,27.0,True,96.978,28.503,40.919,27.556,4.0,1,,True,False,True,95.4,99.83999999999999,8.5,29.072049689440995,33.85217391304348,True
2025,Singapore Grand Prix,R,PIA,81,McLaren,55.0,2.0,HARD,28.0,True,95.881,28.424,40.618,26.839,4.0,1,,True,False,True,97.2,98.797,8.5,29.072049689440995,33.85217391304348,True
2025,Singapore Grand Prix,R,PIA,81,McLaren,56.0,2.0,HARD,29.0,True,96.078,28.543,40.728,26.807,4.0,1,,True,False,True,99.0,99.048,8.5,29.072049689440995,33.85217391304348,True
2025,Singapore Grand Prix,R,PIA,81,McLaren,57.0,2.0,HARD,30.0,True,96.4,28.631,40.934,26.835,4.0,1,,True,False,True,100.8,99.424,8.5,29.072049689440995,33.85217391304348,True
2025,Singapore Grand Prix,R,PIA,81,McLaren,58.0,2.0,HARD,31.0,True,95.867,28.323,40.546,26.998,4.0,1,,True,False,True,102.60000000000001,98.94500000000001,8.5,29.072049689440995,33.85217391304348,True
2025,Singapore Grand Prix,R,PIA,81,McLaren,59.0,2.0,HARD,32.0,True,95.606,28.42,40.549,26.637,4.0,1,,True,False,True,104.4,98.738,8.5,29.072049689440995,33.85217391304348,True
2025,Singapore Grand Prix,R,PIA,81,McLaren,60.0,2.0,HARD,33.0,True,95.858,28.375,40.579,26.904,4.0,1,,True,False,True,106.2,99.04400000000001,8.5,29.072049689440995,33.85217391304348,True
2025,Singapore Grand Prix,R,PIA,81,McLaren,61.0,2.0,HARD,34.0,True,95.89,28.295,40.616,26.979,4.0,1,,True,False,True,108.0,99.13,8.5,29.072049689440995,33.85217391304348,True
2025,Singapore Grand Prix,R,PIA,81,McLaren,62.0,2.0,HARD,35.0,True,96.386,28.567,40.816,27.003,4.0,1,,True,False,True,109.8,99.67999999999999,8.5,29.072049689440995,33.85217391304348,True
2025,Singapore Grand Prix,R,ANT,12,Mercedes,1.0,1.0,MEDIUM,1.0,True,107.862,,44.263,28.907,6.0,1,,False,False,True,0.0,107.862,8.5,29.072049689440995,33.85217391304348,True
2025,Singapore Grand Prix,R,ANT,12,Mercedes,2.0,1.0,MEDIUM,2.0,True,101.392,29.972,42.978,28.442,6.0,1,,True,False,True,1.8,101.446,8.5,29.072049689440995,33.85217391304348,True
2025,Singapore Grand Prix,R,ANT,12,Mercedes,3.0,1.0,MEDIUM,3.0,True,99.261,29.107,42.265,27.889,6.0,1,,True,False,True,3.6,99.369,8.5,29.072049689440995,33.85217391304348,True
2025,Singapore Grand Prix,R,ANT,12,Mercedes,4.0,1.0,MEDIUM,4.0,True,98.206,28.86,41.659,27.687,6.0,1,,True,False,True,5.4,98.36800000000001,8.5,29.072049689440995,33.85217391304348,True
2025,Singapore Grand Prix,R,ANT,12,Mercedes,5.0,1.0,MEDIUM,5.0,True,98.044,28.85,41.486,27.708,6.0,1,,True,False,True,7.2,98.25999999999999,8.5,29.072049689440995,33.85217391304348,True
2025,Singapore Grand Prix,R,ANT,12,Mercedes,6.0,1.0,MEDIUM,6.0,True,97.733,28.674,41.47,27.589,6.0,1,,True,False,True,9.0,98.003,8.5,29.072049689440995,33.85217391304348,True
2025,Singapore Grand Prix,R,ANT,12,Mercedes,7.0,1.0,MEDIUM,7.0,True,97.906,28.746,41.61,27.55,6.0,12,,True,False,False,10.8,98.23,8.5,29.072049689440995,33.85217391304348,True
2025,Singapore Grand Prix,R,ANT,12,Mercedes,8.0,1.0,MEDIUM,8.0,True,97.588,28.586,41.43,27.572,6.0,1,,True,False,True,12.6,97.966,8.5,29.072049689440995,33.85217391304348,True
2025,Singapore Grand Prix,R,ANT,12,Mercedes,9.0,1.0,MEDIUM,9.0,True,97.736,28.617,41.401,27.718,6.0,1,,True,False,True,14.4,98.168,8.5,29.072049689440995,33.85217391304348,True
2025,Singapore Grand Prix,R,ANT,12,Mercedes,10.0,1.0,MEDIUM,10.0,True,97.905,28.935,41.294,27.676,6.0,1,,True,False,True,16.2,98.391,8.5,29.072049689440995,33.85217391304348,True
2025,Singapore Grand Prix,R,ANT,12,Mercedes,11.0,1.0,MEDIUM,11.0,True,97.615,28.785,41.345,27.485,6.0,1,,True,False,True,18.0,98.155,8.5,29.072049689440995,33.85217391304348,True
2025,Singapore Grand Prix,R,ANT,12,Mercedes,12.0,1.0,MEDIUM,12.0,True,97.615,28.873,41.246,27.496,6.0,1,,True,False,True,19.8,98.20899999999999,8.5,29.072049689440995,33.85217391304348,True
2025,Singapore Grand Prix,R,ANT,12,Mercedes,13.0,1.0,MEDIUM,13.0,True,97.621,28.748,41.28,27.593,6.0,1,,True,False,True,21.6,98.26899999999999,8.5,29.072049689440995,33.85217391304348,True
2025,Singapore Grand Prix,R,ANT,12,Mercedes,14.0,1.0,MEDIUM,14.0,True,97.711,28.9,41.284,27.527,6.0,1,,True,False,True,23.400000000000002,98.413,8.5,29.072049689440995,33.85217391304348,True
2025,Singapore Grand Prix,R,ANT,12,Mercedes,15.0,1.0,MEDIUM,15.0,True,97.851,28.859,41.342,27.65,6.0,1,,True,False,True,25.2,98.607,8.5,29.072049689440995,33.85217391304348,True
2025,Singapore Grand Prix,R,ANT,12,Mercedes,16.0,1.0,MEDIUM,16.0,True,97.705,29.0,41.159,27.546,6.0,1,,True,False,True,27.0,98.515,8.5,29.072049689440995,33.85217391304348,True
2025,Singapore Grand Prix,R,ANT,12,Mercedes,17.0,1.0,MEDIUM,17.0,True,97.529,28.846,41.149,27.534,6.0,1,,True,False,True,28.8,98.393,8.5,29.072049689440995,33.85217391304348,True
2025,Singapore Grand Prix,R,ANT,12,Mercedes,18.0,1.0,MEDIUM,18.0,True,97.73,28.905,41.293,27.532,6.0,1,,True,False,True,30.6,98.64800000000001,8.5,29.072049689440995,33.85217391304348,True
2025,Singapore Grand Prix,R,ANT,12,Mercedes,19.0,1.0,MEDIUM,19.0,True,97.704,28.984,41.236,27.484,6.0,1,,True,False,True,32.4,98.67599999999999,8.5,29.072049689440995,33.85217391304348,True
2025,Singapore Grand Prix,R,ANT,12,Mercedes,20.0,1.0,MEDIUM,20.0,True,97.744,28.799,41.371,27.574,5.0,1,,True,False,True,34.2,98.77,8.5,29.072049689440995,33.85217391304348,True
2025,Singapore Grand Prix,R,ANT,12,Mercedes,21.0,1.0,MEDIUM,21.0,True,97.466,28.834,41.243,27.389,4.0,1,,True,False,True,36.0,98.54599999999999,8.5,29.072049689440995,33.85217391304348,True
2025,Singapore Grand Prix,R,ANT,12,Mercedes,22.0,1.0,MEDIUM,22.0,True,96.842,28.638,40.928,27.276,4.0,1,,True,False,True,37.800000000000004,97.976,8.5,29.072049689440995,33.85217391304348,True
2025,Singapore Grand Prix,R,ANT,12,Mercedes,23.0,1.0,MEDIUM,23.0,True,97.176,28.693,41.139,27.344,4.0,1,,True,False,True,39.6,98.364,8.5,29.072049689440995,33.85217391304348,True
2025,Singapore Grand Prix,R,ANT,12,Mercedes,24.0,1.0,MEDIUM,24.0,True,96.971,28.728,40.97,27.273,4.0,1,,True,False,True,41.4,98.21300000000001,8.5,29.072049689440995,33.85217391304348,True
2025,Singapore Grand Prix,R,ANT,12,Mercedes,25.0,1.0,MEDIUM,25.0,True,102.347,28.581,40.964,32.802,5.0,1,,False,True,True,43.2,103.643,8.5,29.072049689440995,33.85217391304348,True
2025,Singapore Grand Prix,R,ANT,12,Mercedes,26.0,2.0,HARD,1.0,True,114.51,46.451,40.857,27.202,7.0,1,,False,True,True,45.0,115.86,8.5,29.072049689440995,33.85217391304348,True
2025,Singapore Grand Prix,R,ANT,12,Mercedes,27.0,2.0,HARD,2.0,True,95.303,28.154,40.09,27.059,6.0,1,,True,False,True,46.800000000000004,96.707,8.5,29.072049689440995,33.85217391304348,True
2025,Singapore Grand Prix,R,ANT,12,Mercedes,28.0,2.0,HARD,3.0,True,96.339,28.472,40.523,27.344,6.0,1,,True,False,True,48.6,97.797,8.5,29.072049689440995,33.85217391304348,True
2025,Singapore Grand Prix,R,ANT,12,Mercedes,29.0,2.0,HARD,4.0,True,96.676,28.374,40.879,27.423,6.0,1,,True,False,True,50.4,98.188,8.5,29.072049689440995,33.85217391304348,True
2025,Singapore Grand Prix,R,ANT,12,Mercedes,30.0,2.0,HARD,5.0,True,96.351,28.379,40.88,27.092,6.0,1,,True,False,True,52.2,97.917,8.5,29.072049689440995,33.85217391304348,True
2025,Singapore Grand Prix,R,ANT,12,Mercedes,31.0,2.0,HARD,6.0,True,96.808,28.318,40.908,27.582,6.0,1,,True,False,True,54.0,98.42800000000001,8.5,29.072049689440995,33.85217391304348,True
2025,Singapore Grand Prix,R,ANT,12,Mercedes,32.0,2.0,HARD,7.0,True,97.339,29.087,40.934,27.318,6.0,1,,True,False,True,55.800000000000004,99.013,8.5,29.072049689440995,33.85217391304348,True
2025,Singapore Grand Prix,R,ANT,12,Mercedes,33.0,2.0,HARD,8.0,True,96.324,28.47,40.534,27.32,6.0,1,,True,False,True,57.6,98.05199999999999,8.5,29.072049689440995,33.85217391304348,True
2025,Singapore Grand Prix,R,ANT,12,Mercedes,34.0,2.0,HARD,9.0,True,96.64,28.652,40.717,27.271,6.0,1,,True,False,True,59.4,98.422,8.5,29.072049689440995,33.85217391304348,True
2025,Singapore Grand Prix,R,ANT,12,Mercedes,35.0,2.0,HARD,10.0,True,95.984,28.442,40.534,27.008,6.0,1,,True,False,True,61.2,97.82,8.5,29.072049689440995,33.85217391304348,True
2025,Singapore Grand Prix,R,ANT,12,Mercedes,36.0,2.0,HARD,11.0,True,96.426,28.457,40.771,27.198,6.0,1,,True,False,True,63.0,98.316,8.5,29.072049689440995,33.85217391304348,True
2025,Singapore Grand Prix,R,ANT,12,Mercedes,37.0,2.0,HARD,12.0,True,96.431,28.514,40.625,27.292,6.0,1,,True,False,True,64.8,98.375,8.5,29.072049689440995,33.85217391304348,True
2025,Singapore Grand Prix,R,ANT,12,Mercedes,38.0,2.0,HARD,13.0,True,96.73,28.593,40.822,27.315,6.0,1,,True,False,True,66.60000000000001,98.72800000000001,8.5,29.072049689440995,33.85217391304348,True
2025,Singapore Grand Prix,R,ANT,12,Mercedes,39.0,2.0,HARD,14.0,True,96.49,28.529,40.802,27.159,6.0,1,,True,False,True,68.4,98.542,8.5,29.072049689440995,33.85217391304348,True
2025,Singapore Grand Prix,R,ANT,12,Mercedes,40.0,2.0,HARD,15.0,True,96.189,28.479,40.538,27.172,6.0,1,,True,False,True,70.2,98.29499999999999,8.5,29.072049689440995,33.85217391304348,True
2025,Singapore Grand Prix,R,ANT,12,Mercedes,41.0,2.0,HARD,16.0,True,95.997,28.383,40.596,27.018,6.0,1,,True,False,True,72.0,98.157,8.5,29.072049689440995,33.85217391304348,True
2025,Singapore Grand Prix,R,ANT,12,Mercedes,42.0,2.0,HARD,17.0,True,96.022,28.342,40.589,27.091,6.0,1,,True,False,True,73.8,98.236,8.5,29.072049689440995,33.85217391304348,True
2025,Singapore Grand Prix,R,ANT,12,Mercedes,43.0,2.0,HARD,18.0,True,96.406,28.502,40.74,27.164,6.0,1,,True,False,True,75.60000000000001,98.674,8.5,29.072049689440995,33.85217391304348,True
2025,Singapore Grand Prix,R,ANT,12,Mercedes,44.0,2.0,HARD,19.0,True,96.331,28.385,40.806,27.14,6.0,1,,True,False,True,77.4,98.653,8.5,29.072049689440995,33.85217391304348,True
2025,Singapore Grand Prix,R,ANT,12,Mercedes,45.0,2.0,HARD,20.0,True,96.586,28.578,40.897,27.111,6.0,12,,True,False,False,79.2,98.962,8.5,29.072049689440995,33.85217391304348,True
2025,Singapore Grand Prix,R,ANT,12,Mercedes,46.0,2.0,HARD,21.0,True,96.744,28.439,41.157,27.148,6.0,1,,True,False,True,81.0,99.174,8.5,29.072049689440995,33.85217391304348,True
2025,Singapore Grand Prix,R,ANT,12,Mercedes,47.0,2.0,HARD,22.0,True,96.486,28.33,40.907,27.249,6.0,1,,True,False,True,82.8,98.97,8.5,29.072049689440995,33.85217391304348,True
2025,Singapore Grand Prix,R,ANT,12,Mercedes,48.0,2.0,HARD,23.0,True,96.136,28.375,40.714,27.047,6.0,1,,True,False,True,84.60000000000001,98.67399999999999,8.5,29.072049689440995,33.85217391304348,True
2025,Singapore Grand Prix,R,ANT,12,Mercedes,49.0,2.0,HARD,24.0,True,97.413,29.152,41.188,27.073,6.0,1,,True,False,True,86.4,100.005,8.5,29.072049689440995,33.85217391304348,True
2025,Singapore Grand Prix,R,ANT,12,Mercedes,50.0,2.0,HARD,25.0,True,96.287,28.407,40.747,27.133,6.0,1,,True,False,True,88.2,98.933,8.5,29.072049689440995,33.85217391304348,True
2025,Singapore Grand Prix,R,ANT,12,Mercedes,51.0,2.0,HARD,26.0,True,97.036,28.463,41.257,27.316,6.0,1,,True,False,True,90.0,99.736,8.5,29.072049689440995,33.85217391304348,True
2025,Singapore Grand Prix,R,ANT,12,Mercedes,52.0,2.0,HARD,27.0,True,97.788,28.83,41.173,27.785,6.0,1,,True,False,True,91.8,100.542,8.5,29.072049689440995,33.85217391304348,True
2025,Singapore Grand Prix,R,ANT,12,Mercedes,53.0,2.0,HARD,28.0,True,97.875,28.598,41.468,27.809,5.0,1,,True,False,True,93.60000000000001,100.683,8.5,29.072049689440995,33.85217391304348,True
2025,Singapore Grand Prix,R,ANT,12,Mercedes,54.0,2.0,HARD,29.0,True,96.969,28.643,40.984,27.342,5.0,1,,True,False,True,95.4,99.83099999999999,8.5,29.072049689440995,33.85217391304348,True
2025,Singapore Grand Prix,R,ANT,12,Mercedes,55.0,2.0,HARD,30.0,True,96.558,28.557,40.821,27.18,5.0,1,,True,False,True,97.2,99.474,8.5,29.072049689440995,33.85217391304348,True
2025,Singapore Grand Prix,R,ANT,12,Mercedes,56.0,2.0,HARD,31.0,True,96.629,28.464,41.09,27.075,5.0,1,,True,False,True,99.0,99.599,8.5,29.072049689440995,33.85217391304348,True
2025,Singapore Grand Prix,R,ANT,12,Mercedes,57.0,2.0,HARD,32.0,True,96.303,28.538,40.858,26.907,5.0,1,,True,False,True,100.8,99.327,8.5,29.072049689440995,33.85217391304348,True
2025,Singapore Grand Prix,R,ANT,12,Mercedes,58.0,2.0,HARD,33.0,True,96.307,28.361,40.72,27.226,5.0,1,,True,False,True,102.60000000000001,99.385,8.5,29.072049689440995,33.85217391304348,True
2025,Singapore Grand Prix,R,ANT,12,Mercedes,59.0,2.0,HARD,34.0,True,97.901,28.707,41.919,27.275,5.0,1,,True,False,True,104.4,101.033,8.5,29.072049689440995,33.85217391304348,True
2025,Singapore Grand Prix,R,ANT,12,Mercedes,60.0,2.0,HARD,35.0,True,96.757,28.607,40.991,27.159,5.0,1,,True,False,True,106.2,99.94300000000001,8.5,29.072049689440995,33.85217391304348,True
2025,Singapore Grand Prix,R,ANT,12,Mercedes,61.0,2.0,HARD,36.0,True,96.394,28.415,40.898,27.081,5.0,1,,True,False,True,108.0,99.634,8.5,29.072049689440995,33.85217391304348,True
2025,Singapore Grand Prix,R,ANT,12,Mercedes,62.0,2.0,HARD,37.0,True,99.323,29.031,41.988,28.304,5.0,1,,True,False,True,109.8,102.61699999999999,8.5,29.072049689440995,33.85217391304348,True
2025,Singapore Grand Prix,R,LEC,16,Ferrari,1.0,1.0,MEDIUM,1.0,True,107.564,,44.347,29.204,5.0,1,,False,False,True,0.0,107.564,8.5,29.072049689440995,33.85217391304348,True
2025,Singapore Grand Prix,R,LEC,16,Ferrari,2.0,1.0,MEDIUM,2.0,True,101.077,29.62,43.084,28.373,5.0,1,,True,False,True,1.8,101.131,8.5,29.072049689440995,33.85217391304348,True
2025,Singapore Grand Prix,R,LEC,16,Ferrari,3.0,1.0,MEDIUM,3.0,True,99.042,29.059,42.016,27.967,5.0,1,,True,False,True,3.6,99.15,8.5,29.072049689440995,33.85217391304348,True
2025,Singapore Grand Prix,R,LEC,16,Ferrari,4.0,1.0,MEDIUM,4.0,True,98.265,28.948,41.518,27.799,5.0,1,,True,False,True,5.4,98.427,8.5,29.072049689440995,33.85217391304348,True
2025,Singapore Grand Prix,R,LEC,16,Ferrari,5.0,1.0,MEDIUM,5.0,True,98.061,28.915,41.427,27.719,5.0,1,,True,False,True,7.2,98.277,8.5,29.072049689440995,33.85217391304348,True
2025,Singapore Grand Prix,R,LEC,16,Ferrari,6.0,1.0,MEDIUM,6.0,True,97.827,28.878,41.251,27.698,5.0,1,,True,False,True,9.0,98.097,8.5,29.072049689440995,33.85217391304348,True
2025,Singapore Grand Prix,R,LEC,16,Ferrari,7.0,1.0,MEDIUM,7.0,True,97.846,28.817,41.417,27.612,5.0,12,,True,False,False,10.8,98.17,8.5,29.072049689440995,33.85217391304348,True
2025,Singapore Grand Prix,R,LEC,16,Ferrari,8.0,1.0,MEDIUM,8.0,True,97.422,28.769,41.167,27.486,5.0,1,,True,False,True,12.6,97.8,8.5,29.072049689440995,33.85217391304348,True
2025,Singapore Grand Prix,R,LEC,16,Ferrari,9.0,1.0,MEDIUM,9.0,True,97.184,28.686,40.972,27.526,5.0,1,,True,False,True,14.4,97.616,8.5,29.072049689440995,33.85217391304348,True
2025,Singapore Grand Prix,R,LEC,16,Ferrari,10.0,1.0,MEDIUM,10.0,True,97.73,28.876,41.292,27.562,5.0,1,,True,False,True,16.2,98.21600000000001,8.5,29.072049689440995,33.85217391304348,True
2025,Singapore Grand Prix,R,LEC,16,Ferrari,11.0,1.0,MEDIUM,11.0,True,97.871,28.984,41.314,27.573,5.0,1,,True,False,True,18.0,98.411,8.5,29.072049689440995,33.85217391304348,True
2025,Singapore Grand Prix,R,LEC,16,Ferrari,12.0,1.0,MEDIUM,12.0,True,97.618,28.848,41.276,27.494,5.0,1,,True,False,True,19.8,98.21199999999999,8.5,29.072049689440995,33.85217391304348,True
2025,Singapore Grand Prix,R,LEC,16,Ferrari,13.0,1.0,MEDIUM,13.0,True,97.431,28.718,41.2,27.513,5.0,1,,True,False,True,21.6,98.079,8.5,29.072049689440995,33.85217391304348,True
2025,Singapore Grand Prix,R,LEC,16,Ferrari,14.0,1.0,MEDIUM,14.0,True,97.493,28.805,41.201,27.487,5.0,1,,True,False,True,23.400000000000002,98.195,8.5,29.072049689440995,33.85217391304348,True
2025,Singapore Grand Prix,R,LEC,16,Ferrari,15.0,1.0,MEDIUM,15.0,True,97.648,28.919,41.205,27.524,5.0,1,,True,False,True,25.2,98.404,8.5,29.072049689440995,33.85217391304348,True
2025,Singapore Grand Prix,R,LEC,16,Ferrari,16.0,1.0,MEDIUM,16.0,True,97.525,28.919,41.118,27.488,5.0,1,,True,False,True,27.0,98.33500000000001,8.5,29.072049689440995,33.85217391304348,True
2025,Singapore Grand Prix,R,LEC,16,Ferrari,17.0,1.0,MEDIUM,17.0,True,97.995,28.999,41.329,27.667,5.0,1,,True,False,True,28.8,98.85900000000001,8.5,29.072049689440995,33.85217391304348,True
2025,Singapore Grand Prix,R,LEC,16,Ferrari,18.0,1.0,MEDIUM,18.0,True,98.131,28.873,41.645,27.613,5.0,1,,True,False,True,30.6,99.049,8.5,29.072049689440995,33.85217391304348,True
2025,Singapore Grand Prix,R,LEC,16,Ferrari,19.0,1.0,MEDIUM,19.0,True,97.836,29.0,41.267,27.569,5.0,1,,True,False,True,32.4,98.80799999999999,8.5,29.072049689440995,33.85217391304348,True
2025,Singapore Grand Prix,R,LEC,16,Ferrari,20.0,1.0,MEDIUM,20.0,True,97.334,28.794,41.096,27.444,4.0,1,,True,False,True,34.2,98.36,8.5,29.072049689440995,33.85217391304348,True
2025,Singapore Grand Prix,R,LEC,16,Ferrari,21.0,1.0,MEDIUM,21.0,True,103.372,28.846,41.183,33.343,6.0,1,,False,True,True,36.0,104.452,8.5,29.072049689440995,33.85217391304348,True
2025,Singapore Grand Prix,R,LEC,16,Ferrari,22.0,2.0,HARD,1.0,True,114.189,45.619,41.214,27.356,9.0,1,,False,True,True,37.800000000000004,115.323,8.5,29.072049689440995,33.85217391304348,True
2025,Singapore Grand Prix,R,LEC,16,Ferrari,23.0,2.0,HARD,2.0,True,96.378,28.542,40.615,27.221,8.0,1,,True,False,True,39.6,97.566,8.5,29.072049689440995,33.85217391304348,True
2025,Singapore Grand Prix,R,LEC,16,Ferrari,24.0,2.0,HARD,3.0,True,96.407,28.617,40.55,27.24,8.0,1,,True,False,True,41.4,97.649,8.5,29.072049689440995,33.85217391304348,True
2025,Singapore Grand Prix,R,LEC,16,Ferrari,25.0,2.0,HARD,4.0,True,96.296,28.532,40.523,27.241,7.0,1,,True,False,True,43.2,97.59200000000001,8.5,29.072049689440995,33.85217391304348,True
2025,Singapore Grand Prix,R,LEC,16,Ferrari,26.0,2.0,HARD,5.0,True,96.569,28.616,40.666,27.287,6.0,1,,True,False,True,45.0,97.919,8.5,29.072049689440995,33.85217391304348,True
2025,Singapore Grand Prix,R,LEC,16,Ferrari,27.0,2.0,HARD,6.0,True,97.733,28.728,41.169,27.836,5.0,1,,True,False,True,46.800000000000004,99.137,8.5,29.072049689440995,33.85217391304348,True
2025,Singapore Grand Prix,R,LEC,16,Ferrari,28.0,2.0,HARD,7.0,True,96.814,28.533,40.852,27.429,5.0,1,,True,False,True,48.6,98.27199999999999,8.5,29.072049689440995,33.85217391304348,True
2025,Singapore Grand Prix,R,LEC,16,Ferrari,29.0,2.0,HARD,8.0,True,96.702,28.698,40.674,27.33,5.0,1,,True,False,True,50.4,98.214,8.5,29.072049689440995,33.85217391304348,True
2025,Singapore Grand Prix,R,LEC,16,Ferrari,30.0,2.0,HARD,9.0,True,96.401,28.53,40.741,27.13,5.0,1,,True,False,True,52.2,97.967,8.5,29.072049689440995,33.85217391304348,True
2025,Singapore Grand Prix,R,LEC,16,Ferrari,31.0,2.0,HARD,10.0,True,96.518,28.654,40.574,27.29,5.0,1,,True,False,True,54.0,98.138,8.5,29.072049689440995,33.85217391304348,True
2025,Singapore Grand Prix,R,LEC,16,Ferrari,32.0,2.0,HARD,11.0,True,96.539,28.594,40.722,27.223,5.0,1,,True,False,True,55.800000000000004,98.21300000000001,8.5,29.072049689440995,33.85217391304348,True
2025,Singapore Grand Prix,R,LEC,16,Ferrari,33.0,2.0,HARD,12.0,True,96.481,28.535,40.587,27.359,5.0,1,,True,False,True,57.6,98.20899999999999,8.5,29.072049689440995,33.85217391304348,True
2025,Singapore Grand Prix,R,LEC,16,Ferrari,34.0,2.0,HARD,13.0,True,96.286,28.569,40.58,27.137,5.0,1,,True,False,True,59.4,98.068,8.5,29.072049689440995,33.85217391304348,True
2025,Singapore Grand Prix,R,LEC,16,Ferrari,35.0,2.0,HARD,14.0,True,96.508,28.522,40.667,27.319,5.0,1,,True,False,True,61.2,98.344,8.5,29.072049689440995,33.85217391304348,True
2025,Singapore Grand Prix,R,LEC,16,Ferrari,36.0,2.0,HARD,15.0,True,96.576,28.616,40.736,27.224,5.0,1,,True,False,True,63.0,98.466,8.5,29.072049689440995,33.85217391304348,True
2025,Singapore Grand Prix,R,LEC,16,Ferrari,37.0,2.0,HARD,16.0,True,96.168,28.434,40.48,27.254,5.0,1,,True,False,True,64.8,98.11200000000001,8.5,29.072049689440995,33.85217391304348,True
2025,Singapore Grand Prix,R,LEC,16,Ferrari,38.0,2.0,HARD,17.0,True,96.721,28.627,40.772,27.322,5.0,1,,True,False,True,66.60000000000001,98.71900000000001,8.5,29.072049689440995,33.85217391304348,True
2025,Singapore Grand Prix,R,LEC,16,Ferrari,39.0,2.0,HARD,18.0,True,96.314,28.568,40.574,27.172,5.0,1,,True,False,True,68.4,98.366,8.5,29.072049689440995,33.85217391304348,True
2025,Singapore Grand Prix,R,LEC,16,Ferrari,40.0,2.0,HARD,19.0,True,96.307,28.555,40.544,27.208,5.0,1,,True,False,True,70.2,98.413,8.5,29.072049689440995,33.85217391304348,True
2025,Singapore Grand Prix,R,LEC,16,Ferrari,41.0,2.0,HARD,20.0,True,95.983,28.395,40.535,27.053,5.0,1,,True,False,True,72.0,98.143,8.5,29.072049689440995,33.85217391304348,True
2025,Singapore Grand Prix,R,LEC,16,Ferrari,42.0,2.0,HARD,21.0,True,96.288,28.46,40.68,27.148,5.0,1,,True,False,True,73.8,98.502,8.5,29.072049689440995,33.85217391304348,True
2025,Singapore Grand Prix,R,LEC,16,Ferrari,43.0,2.0,HARD,22.0,True,96.397,28.514,40.803,27.08,5.0,1,,True,False,True,75.60000000000001,98.665,8.5,29.072049689440995,33.85217391304348,True
2025,Singapore Grand Prix,R,LEC,16,Ferrari,44.0,2.0,HARD,23.0,True,96.256,28.478,40.682,27.096,5.0,1,,True,False,True,77.4,98.578,8.5,29.072049689440995,33.85217391304348,True
2025,Singapore Grand Prix,R,LEC,16,Ferrari,45.0,2.0,HARD,24.0,True,96.589,28.522,40.992,27.075,5.0,12,,True,False,False,79.2,98.965,8.5,29.072049689440995,33.85217391304348,True
2025,Singapore Grand Prix,R,LEC,16,Ferrari,46.0,2.0,HARD,25.0,True,96.038,28.473,40.588,26.977,5.0,1,,True,False,True,81.0,98.46799999999999,8.5,29.072049689440995,33.85217391304348,True
2025,Singapore Grand Prix,R,LEC,16,Ferrari,47.0,2.0,HARD,26.0,True,96.596,28.565,40.887,27.144,5.0,1,,True,False,True,82.8,99.08,8.5,29.072049689440995,33.85217391304348,True
2025,Singapore Grand Prix,R,LEC,16,Ferrari,48.0,2.0,HARD,27.0,True,96.547,28.53,40.916,27.101,5.0,1,,True,False,True,84.60000000000001,99.085,8.5,29.072049689440995,33.85217391304348,True
2025,Singapore Grand Prix,R,LEC,16,Ferrari,49.0,2.0,HARD,28.0,True,97.043,28.802,40.994,27.247,5.0,1,,True,False,True,86.4,99.635,8.5,29.072049689440995,33.85217391304348,True
2025,Singapore Grand Prix,R,LEC,16,Ferrari,50.0,2.0,HARD,29.0,True,96.809,28.627,41.021,27.161,5.0,1,,True,False,True,88.2,99.455,8.5,29.072049689440995,33.85217391304348,True
2025,Singapore Grand Prix,R,LEC,16,Ferrari,51.0,2.0,HARD,30.0,True,97.1,28.589,40.982,27.529,5.0,1,,True,False,True,90.0,99.8,8.5,29.072049689440995,33.85217391304348,True
2025,Singapore Grand Prix,R,LEC,16,Ferrari,52.0,2.0,HARD,31.0,True,98.277,29.044,41.549,27.684,5.0,1,,True,False,True,91.8,101.031,8.5,29.072049689440995,33.85217391304348,True
2025,Singapore Grand Prix,R,LEC,16,Ferrari,53.0,2.0,HARD,32.0,True,99.212,28.877,41.583,28.752,6.0,1,,True,False,True,93.60000000000001,102.02000000000001,8.5,29.072049689440995,33.85217391304348,True
2025,Singapore Grand Prix,R,LEC,16,Ferrari,54.0,2.0,HARD,33.0,True,97.887,28.797,41.682,27.408,6.0,1,,True,False,True,95.4,100.749,8.5,29.072049689440995,33.85217391304348,True
2025,Singapore Grand Prix,R,LEC,16,Ferrari,55.0,2.0,HARD,34.0,True,97.698,28.763,41.567,27.368,6.0,1,,True,False,True,97.2,100.61399999999999,8.5,29.072049689440995,33.85217391304348,True
2025,Singapore Grand Prix,R,LEC,16,Ferrari,56.0,2.0,HARD,35.0,True,98.842,29.679,41.859,27.304,7.0,1,,True,False,True,99.0,101.812,8.5,29.072049689440995,33.85217391304348,True
2025,Singapore Grand Prix,R,LEC,16,Ferrari,57.0,2.0,HARD,36.0,True,97.659,28.795,41.45,27.414,7.0,1,,True,False,True,100.8,100.683,8.5,29.072049689440995,33.85217391304348,True
2025,Singapore Grand Prix,R,LEC,16,Ferrari,58.0,2.0,HARD,37.0,True,97.04,28.586,41.096,27.358,7.0,1,,True,False,True,102.60000000000001,100.11800000000001,8.5,29.072049689440995,33.85217391304348,True
2025,Singapore Grand Prix,R,LEC,16,Ferrari,59.0,2.0,HARD,38.0,True,97.404,28.719,41.26,27.425,7.0,1,,True,False,True,104.4,100.536,8.5,29.072049689440995,33.85217391304348,True
2025,Singapore Grand Prix,R,LEC,16,Ferrari,60.0,2.0,HARD,39.0,True,97.628,28.878,41.313,27.437,7.0,1,,True,False,True,106.2,100.814,8.5,29.072049689440995,33.85217391304348,True
2025,Singapore Grand Prix,R,LEC,16,Ferrari,61.0,2.0,HARD,40.0,True,101.327,30.565,42.619,28.143,6.0,1,,True,False,True,108.0,104.567,8.5,29.072049689440995,33.85217391304348,True
2025,Singapore Grand Prix,R,LEC,16,Ferrari,62.0,2.0,HARD,41.0,True,99.564,29.085,42.107,28.372,6.0,1,,True,False,True,109.8,102.85799999999999,8.5,29.072049689440995,33.85217391304348,True
2025,Singapore Grand Prix,R,ALO,14,Aston Martin,1.0,1.0,SOFT,4.0,False,110.169,,46.102,29.043,9.0,1,,False,False,True,0.0,110.169,8.5,29.072049689440995,33.85217391304348,True
2025,Singapore Grand Prix,R,ALO,14,Aston Martin,2.0,1.0,SOFT,5.0,False,101.359,29.696,43.355,28.308,9.0,1,,True,False,True,1.8,101.413,8.5,29.072049689440995,33.85217391304348,True
2025,Singapore Grand Prix,R,ALO,14,Aston Martin,3.0,1.0,SOFT,6.0,False,98.983,28.909,42.18,27.894,8.0,1,,True,False,True,3.6,99.09100000000001,8.5,29.072049689440995,33.85217391304348,True
2025,Singapore Grand Prix,R,ALO,14,Aston Martin,4.0,1.0,SOFT,7.0,False,99.281,29.197,42.109,27.975,8.0,1,,True,False,True,5.4,99.44300000000001,8.5,29.072049689440995,33.85217391304348,True
2025,Singapore Grand Prix,R,ALO,14,Aston Martin,5.0,1.0,SOFT,8.0,False,98.617,29.077,41.71,27.83,8.0,1,,True,False,True,7.2,98.833,8.5,29.072049689440995,33.85217391304348,True
2025,Singapore Grand Prix,R,ALO,14,Aston Martin,6.0,1.0,SOFT,9.0,False,98.403,29.059,41.648,27.696,8.0,1,,True,False,True,9.0,98.673,8.5,29.072049689440995,33.85217391304348,True
2025,Singapore Grand Prix,R,ALO,14,Aston Martin,7.0,1.0,SOFT,10.0,False,98.371,29.064,41.628,27.679,8.0,12,,True,False,False,10.8,98.695,8.5,29.072049689440995,33.85217391304348,True
2025,Singapore Grand Prix,R,ALO,14,Aston Martin,8.0,1.0,SOFT,11.0,False,98.523,29.045,41.802,27.676,8.0,1,,True,False,True,12.6,98.901,8.5,29.072049689440995,33.85217391304348,True
2025,Singapore Grand Prix,R,ALO,14,Aston Martin,9.0,1.0,SOFT,12.0,False,98.36,29.038,41.675,27.647,8.0,1,,True,False,True,14.4,98.792,8.5,29.072049689440995,33.85217391304348,True
2025,Singapore Grand Prix,R,ALO,14,Aston Martin,10.0,1.0,SOFT,13.0,False,98.275,29.031,41.672,27.572,8.0,1,,True,False,True,16.2,98.76100000000001,8.5,29.072049689440995,33.85217391304348,True
2025,Singapore Grand Prix,R,ALO,14,Aston Martin,11.0,1.0,SOFT,14.0,False,98.325,29.098,41.644,27.583,8.0,1,,True,False,True,18.0,98.86500000000001,8.5,29.072049689440995,33.85217391304348,True
2025,Singapore Grand Prix,R,ALO,14,Aston Martin,12.0,1.0,SOFT,15.0,False,98.42,29.128,41.684,27.608,8.0,1,,True,False,True,19.8,99.014,8.5,29.072049689440995,33.85217391304348,True
2025,Singapore Grand Prix,R,ALO,14,Aston Martin,13.0,1.0,SOFT,16.0,False,98.431,29.101,41.724,27.606,8.0,1,,True,False,True,21.6,99.079,8.5,29.072049689440995,33.85217391304348,True
2025,Singapore Grand Prix,R,ALO,14,Aston Martin,14.0,1.0,SOFT,17.0,False,97.773,29.053,41.41,27.31,8.0,1,,True,False,True,23.400000000000002,98.475,8.5,29.072049689440995,33.85217391304348,True
2025,Singapore Grand Prix,R,ALO,14,Aston Martin,15.0,1.0,SOFT,18.0,False,97.898,29.018,41.556,27.324,8.0,1,,True,False,True,25.2,98.654,8.5,29.072049689440995,33.85217391304348,True
2025,Singapore Grand Prix,R,ALO,14,Aston Martin,16.0,1.0,SOFT,19.0,False,98.166,29.004,41.703,27.459,8.0,1,,True,False,True,27.0,98.976,8.5,29.072049689440995,33.85217391304348,True
2025,Singapore Grand Prix,R,ALO,14,Aston Martin,17.0,1.0,SOFT,20.0,False,98.082,29.13,41.512,27.44,8.0,1,,True,False,True,28.8,98.946,8.5,29.072049689440995,33.85217391304348,True
2025,Singapore Grand Prix,R,ALO,14,Aston Martin,18.0,1.0,SOFT,21.0,False,98.153,29.102,41.633,27.418,8.0,1,,True,False,True,30.6,99.07100000000001,8.5,29.072049689440995,33.85217391304348,True
2025,Singapore Grand Prix,R,ALO,14,Aston Martin,19.0,1.0,SOFT,22.0,False,97.839,29.037,41.48,27.322,8.0,1,,True,False,True,32.4,98.81099999999999,8.5,29.072049689440995,33.85217391304348,True
2025,Singapore Grand Prix,R,ALO,14,Aston Martin,20.0,1.0,SOFT,23.0,False,98.584,29.251,41.925,27.408,8.0,1,,True,False,True,34.2,99.61,8.5,29.072049689440995,33.85217391304348,True
2025,Singapore Grand Prix,R,ALO,14,Aston Martin,21.0,1.0,SOFT,24.0,False,97.727,29.05,41.447,27.23,8.0,1,,True,False,True,36.0,98.807,8.5,29.072049689440995,33.85217391304348,True
2025,Singapore Grand Prix,R,ALO,14,Aston Martin,22.0,1.0,SOFT,25.0,False,97.829,29.002,41.429,27.398,7.0,1,,True,False,True,37.800000000000004,98.963,8.5,29.072049689440995,33.85217391304348,True
2025,Singapore Grand Prix,R,ALO,14,Aston Martin,23.0,1.0,SOFT,26.0,False,98.147,29.002,41.678,27.467,7.0,1,,True,False,True,39.6,99.33500000000001,8.5,29.072049689440995,33.85217391304348,True
2025,Singapore Grand Prix,R,ALO,14,Aston Martin,24.0,1.0,SOFT,27.0,False,97.965,29.055,41.585,27.325,7.0,1,,True,False,True,41.4,99.20700000000001,8.5,29.072049689440995,33.85217391304348,True
2025,Singapore Grand Prix,R,ALO,14,Aston Martin,25.0,1.0,SOFT,28.0,False,98.231,29.023,41.724,27.484,6.0,1,,True,False,True,43.2,99.527,8.5,29.072049689440995,33.85217391304348,True
2025,Singapore Grand Prix,R,ALO,14,Aston Martin,26.0,1.0,SOFT,29.0,False,98.487,29.17,41.929,27.388,5.0,1,,True,False,True,45.0,99.83699999999999,8.5,29.072049689440995,33.85217391304348,True
2025,Singapore Grand Prix,R,ALO,14,Aston Martin,27.0,1.0,SOFT,30.0,False,105.503,29.155,42.004,34.344,7.0,1,,False,True,True,46.800000000000004,106.907,8.5,29.072049689440995,33.85217391304348,True
2025,Singapore Grand Prix,R,ALO,14,Aston Martin,28.0,2.0,MEDIUM,2.0,False,122.356,52.827,41.908,27.621,15.0,1,,False,True,True,48.6,123.814,8.5,29.072049689440995,33.85217391304348,True
2025,Singapore Grand Prix,R,ALO,14,Aston Martin,29.0,2.0,MEDIUM,3.0,False,98.233,29.011,41.746,27.476,15.0,1,,True,False,True,50.4,99.745,8.5,29.072049689440995,33.85217391304348,True
2025,Singapore Grand Prix,R,ALO,14,Aston Martin,30.0,2.0,MEDIUM,4.0,False,98.209,29.034,41.643,27.532,15.0,1,,True,False,True,52.2,99.775,8.5,29.072049689440995,33.85217391304348,True
2025,Singapore Grand Prix,R,ALO,14,Aston Martin,31.0,2.0,MEDIUM,5.0,False,97.474,28.955,41.3,27.219,14.0,1,,True,False,True,54.0,99.09400000000001,8.5,29.072049689440995,33.85217391304348,True
2025,Singapore Grand Prix,R,ALO,14,Aston Martin,32.0,2.0,MEDIUM,6.0,False,97.376,28.849,41.288,27.239,14.0,1,,True,False,True,55.800000000000004,99.05000000000001,8.5,29.072049689440995,33.85217391304348,True
2025,Singapore Grand Prix,R,ALO,14,Aston Martin,33.0,2.0,MEDIUM,7.0,False,97.571,28.9,41.409,27.262,14.0,1,,True,False,True,57.6,99.29899999999999,8.5,29.072049689440995,33.85217391304348,True
2025,Singapore Grand Prix,R,ALO,14,Aston Martin,34.0,2.0,MEDIUM,8.0,False,97.35,28.842,41.243,27.265,14.0,1,,True,False,True,59.4,99.13199999999999,8.5,29.072049689440995,33.85217391304348,True
2025,Singapore Grand Prix,R,ALO,14,Aston Martin,35.0,2.0,MEDIUM,9.0,False,97.378,28.763,41.263,27.352,14.0,1,,True,False,True,61.2,99.214,8.5,29.072049689440995,33.85217391304348,True
2025,Singapore Grand Prix,R,ALO,14,Aston Martin,36.0,2.0,MEDIUM,10.0,False,101.384,28.602,43.324,29.458,14.0,1,,True,False,True,63.0,103.274,8.5,29.072049689440995,33.85217391304348,True
2025,Singapore Grand Prix,R,ALO,14,Aston Martin,37.0,2.0,MEDIUM,11.0,False,98.878,29.76,41.711,27.407,13.0,1,,True,False,True,64.8,100.822,8.5,29.072049689440995,33.85217391304348,True
2025,Singapore Grand Prix,R,ALO,14,Aston Martin,38.0,2.0,MEDIUM,12.0,False,97.838,28.994,41.468,27.376,12.0,1,,True,False,True,66.60000000000001,99.836,8.5,29.072049689440995,33.85217391304348,True
2025,Singapore Grand Prix,R,ALO,14,Aston Martin,39.0,2.0,MEDIUM,13.0,False,97.758,28.914,41.617,27.227,12.0,1,,True,False,True,68.4,99.81,8.5,29.072049689440995,33.85217391304348,True
2025,Singapore Grand Prix,R,ALO,14,Aston Martin,40.0,2.0,MEDIUM,14.0,False,97.62,28.998,41.41,27.212,12.0,1,,True,False,True,70.2,99.726,8.5,29.072049689440995,33.85217391304348,True
2025,Singapore Grand Prix,R,ALO,14,Aston Martin,41.0,2.0,MEDIUM,15.0,False,97.416,28.823,41.175,27.418,12.0,1,,True,False,True,72.0,99.576,8.5,29.072049689440995,33.85217391304348,True
2025,Singapore Grand Prix,R,ALO,14,Aston Martin,42.0,2.0,MEDIUM,16.0,False,98.034,28.674,42.088,27.272,11.0,1,,True,False,True,73.8,100.248,8.5,29.072049689440995,33.85217391304348,True
2025,Singapore Grand Prix,R,ALO,14,Aston Martin,43.0,2.0,MEDIUM,17.0,False,96.801,28.755,40.951,27.095,11.0,1,,True,False,True,75.60000000000001,99.069,8.5,29.072049689440995,33.85217391304348,True
2025,Singapore Grand Prix,R,ALO,14,Aston Martin,44.0,2.0,MEDIUM,18.0,False,97.665,28.869,41.412,27.384,11.0,12,,True,False,False,77.4,99.98700000000001,8.5,29.072049689440995,33.85217391304348,True
2025,Singapore Grand Prix,R,ALO,14,Aston Martin,45.0,2.0,MEDIUM,19.0,False,98.277,28.507,42.616,27.154,10.0,1,,True,False,True,79.2,100.653,8.5,29.072049689440995,33.85217391304348,True
2025,Singapore Grand Prix,R,ALO,14,Aston Martin,46.0,2.0,MEDIUM,20.0,False,97.55,28.887,41.321,27.342,10.0,1,,True,False,True,81.0,99.97999999999999,8.5,29.072049689440995,33.85217391304348,True
2025,Singapore Grand Prix,R,ALO,14,Aston Martin,47.0,2.0,MEDIUM,21.0,False,98.748,28.951,42.006,27.791,8.0,1,,True,False,True,82.8,101.232,8.5,29.072049689440995,33.85217391304348,True
2025,Singapore Grand Prix,R,ALO,14,Aston Martin,48.0,2.0,MEDIUM,22.0,False,97.488,29.132,41.271,27.085,8.0,1,,True,False,True,84.60000000000001,100.026,8.5,29.072049689440995,33.85217391304348,True
2025,Singapore Grand Prix,R,ALO,14,Aston Martin,49.0,2.0,MEDIUM,23.0,False,96.628,28.77,40.929,26.929,8.0,1,,True,False,True,86.4,99.22,8.5,29.072049689440995,33.85217391304348,True
2025,Singapore Grand Prix,R,ALO,14,Aston Martin,50.0,2.0,MEDIUM,24.0,False,95.962,28.52,40.649,26.793,8.0,1,,True,False,True,88.2,98.608,8.5,29.072049689440995,33.85217391304348,True
2025,Singapore Grand Prix,R,ALO,14,Aston Martin,51.0,2.0,MEDIUM,25.0,False,96.056,28.608,40.644,26.804,8.0,1,,True,False,True,90.0,98.756,8.5,29.072049689440995,33.85217391304348,True
2025,Singapore Grand Prix,R,ALO,14,Aston Martin,52.0,2.0,MEDIUM,26.0,False,95.862,28.534,40.604,26.724,8.0,1,,True,False,True,91.8,98.616,8.5,29.072049689440995,33.85217391304348,True
2025,Singapore Grand Prix,R,ALO,14,Aston Martin,53.0,2.0,MEDIUM,27.0,False,96.014,28.493,40.685,26.836,8.0,1,,True,False,True,93.60000000000001,98.822,8.5,29.072049689440995,33.85217391304348,True
2025,Singapore Grand Prix,R,ALO,14,Aston Martin,54.0,2.0,MEDIUM,28.0,False,96.036,28.557,40.572,26.907,8.0,1,,True,False,True,95.4,98.898,8.5,29.072049689440995,33.85217391304348,True
2025,Singapore Grand Prix,R,ALO,14,Aston Martin,55.0,2.0,MEDIUM,29.0,False,96.768,28.703,40.983,27.082,8.0,1,,True,False,True,97.2,99.684,8.5,29.072049689440995,33.85217391304348,True
2025,Singapore Grand Prix,R,ALO,14,Aston Martin,56.0,2.0,MEDIUM,30.0,False,96.153,28.733,40.629,26.791,8.0,1,,True,False,True,99.0,99.123,8.5,29.072049689440995,33.85217391304348,True
2025,Singapore Grand Prix,R,ALO,14,Aston Martin,57.0,2.0,MEDIUM,31.0,False,95.92,28.518,40.62,26.782,8.0,1,,True,False,True,100.8,98.944,8.5,29.072049689440995,33.85217391304348,True
2025,Singapore Grand Prix,R,ALO,14,Aston Martin,58.0,2.0,MEDIUM,32.0,False,95.942,28.359,40.667,26.916,8.0,1,,True,False,True,102.60000000000001,99.02,8.5,29.072049689440995,33.85217391304348,True
2025,Singapore Grand Prix,R,ALO,14,Aston Martin,59.0,2.0,MEDIUM,33.0,False,96.004,28.563,40.704,26.737,8.0,1,,True,False,True,104.4,99.13600000000001,8.5,29.072049689440995,33.85217391304348,True
2025,Singapore Grand Prix,R,ALO,14,Aston Martin,60.0,2.0,MEDIUM,34.0,False,95.943,28.473,40.655,26.815,8.0,1,,True,False,True,106.2,99.12899999999999,8.5,29.072049689440995,33.85217391304348,True
2025,Singapore Grand Prix,R,ALO,14,Aston Martin,61.0,2.0,MEDIUM,35.0,False,96.23,28.707,40.791,26.732,8.0,1,,True,False,True,108.0,99.47,8.5,29.072049689440995,33.85217391304348,True
2025,Singapore Grand Prix,R,ALO,14,Aston Martin,62.0,2.0,MEDIUM,36.0,False,96.211,28.4,40.75,27.061,8.0,1,,True,False,True,109.8,99.505,8.5,29.072049689440995,33.85217391304348,True
2025,Singapore Grand Prix,R,HAM,44,Ferrari,1.0,1.0,MEDIUM,1.0,True,108.603,,44.82,28.864,7.0,1,,False,False,True,0.0,108.603,8.5,29.072049689440995,33.85217391304348,True
2025,Singapore Grand Prix,R,HAM,44,Ferrari,2.0,1.0,MEDIUM,2.0,True,101.35,29.805,43.304,28.241,7.0,1,,True,False,True,1.8,101.404,8.5,29.072049689440995,33.85217391304348,True
2025,Singapore Grand Prix,R,HAM,44,Ferrari,3.0,1.0,MEDIUM,3.0,True,99.319,29.278,42.303,27.738,7.0,1,,True,False,True,3.6,99.427,8.5,29.072049689440995,33.85217391304348,True
2025,Singapore Grand Prix,R,HAM,44,Ferrari,4.0,1.0,MEDIUM,4.0,True,98.69,28.949,41.952,27.789,7.0,1,,True,False,True,5.4,98.852,8.5,29.072049689440995,33.85217391304348,True
2025,Singapore Grand Prix,R,HAM,44,Ferrari,5.0,1.0,MEDIUM,5.0,True,97.785,28.962,41.26,27.563,7.0,1,,True,False,True,7.2,98.00099999999999,8.5,29.072049689440995,33.85217391304348,True
2025,Singapore Grand Prix,R,HAM,44,Ferrari,6.0,1.0,MEDIUM,6.0,True,97.836,29.01,41.331,27.495,7.0,1,,True,False,True,9.0,98.106,8.5,29.072049689440995,33.85217391304348,True
2025,Singapore Grand Prix,R,HAM,44,Ferrari,7.0,1.0,MEDIUM,7.0,True,97.757,28.801,41.256,27.7,7.0,12,,True,False,False,10.8,98.081,8.5,29.072049689440995,33.85217391304348,True
2025,Singapore Grand Prix,R,HAM,44,Ferrari,8.0,1.0,MEDIUM,8.0,True,97.899,28.997,41.307,27.595,7.0,1,,True,False,True,12.6,98.277,8.5,29.072049689440995,33.85217391304348,True
2025,Singapore Grand Prix,R,HAM,44,Ferrari,9.0,1.0,MEDIUM,9.0,True,97.796,28.996,41.269,27.531,7.0,1,,True,False,True,14.4,98.22800000000001,8.5,29.072049689440995,33.85217391304348,True
2025,Singapore Grand Prix,R,HAM,44,Ferrari,10.0,1.0,MEDIUM,10.0,True,97.743,28.969,41.311,27.463,7.0,1,,True,False,True,16.2,98.229,8.5,29.072049689440995,33.85217391304348,True
2025,Singapore Grand Prix,R,HAM,44,Ferrari,11.0,1.0,MEDIUM,11.0,True,97.461,28.918,41.169,27.374,7.0,1,,True,False,True,18.0,98.001,8.5,29.072049689440995,33.85217391304348,True
2025,Singapore Grand Prix,R,HAM,44,Ferrari,12.0,1.0,MEDIUM,12.0,True,97.309,28.619,41.221,27.469,7.0,1,,True,False,True,19.8,97.90299999999999,8.5,29.072049689440995,33.85217391304348,True
2025,Singapore Grand Prix,R,HAM,44,Ferrari,13.0,1.0,MEDIUM,13.0,True,98.348,29.011,41.747,27.59,7.0,1,,True,False,True,21.6,98.996,8.5,29.072049689440995,33.85217391304348,True
2025,Singapore Grand Prix,R,HAM,44,Ferrari,14.0,1.0,MEDIUM,14.0,True,97.649,28.943,41.266,27.44,7.0,1,,True,False,True,23.400000000000002,98.351,8.5,29.072049689440995,33.85217391304348,True
2025,Singapore Grand Prix,R,HAM,44,Ferrari,15.0,1.0,MEDIUM,15.0,True,97.813,28.923000000000002,41.419,27.471,7.0,1,,True,False,True,25.2,98.569,8.5,29.072049689440995,33.85217391304348,True
2025,Singapore Grand Prix,R,HAM,44,Ferrari,16.0,1.0,MEDIUM,16.0,True,98.041,29.061,41.478,27.502,7.0,1,,True,False,True,27.0,98.851,8.5,29.072049689440995,33.85217391304348,True
2025,Singapore Grand Prix,R,HAM,44,Ferrari,17.0,1.0,MEDIUM,17.0,True,97.497,28.937,41.149,27.411,7.0,1,,True,False,True,28.8,98.361,8.5,29.072049689440995,33.85217391304348,True
2025,Singapore Grand Prix,R,HAM,44,Ferrari,18.0,1.0,MEDIUM,18.0,True,97.671,28.92,41.371,27.38,7.0,1,,True,False,True,30.6,98.58900000000001,8.5,29.072049689440995,33.85217391304348,True
2025,Singapore Grand Prix,R,HAM,44,Ferrari,19.0,1.0,MEDIUM,19.0,True,97.595,28.903,41.224,27.468,7.0,1,,True,False,True,32.4,98.567,8.5,29.072049689440995,33.85217391304348,True
2025,Singapore Grand Prix,R,HAM,44,Ferrari,20.0,1.0,MEDIUM,20.0,True,97.771,29.046,41.25,27.475,6.0,1,,True,False,True,34.2,98.797,8.5,29.072049689440995,33.85217391304348,True
2025,Singapore Grand Prix,R,HAM,44,Ferrari,21.0,1.0,MEDIUM,21.0,True,98.039,29.002,41.498,27.539,5.0,1,,True,False,True,36.0,99.119,8.5,29.072049689440995,33.85217391304348,True
2025,Singapore Grand Prix,R,HAM,44,Ferrari,22.0,1.0,MEDIUM,22.0,True,98.26,28.987,41.656,27.617,5.0,1,,True,False,True,37.800000000000004,99.394,8.5,29.072049689440995,33.85217391304348,True
2025,Singapore Grand Prix,R,HAM,44,Ferrari,23.0,1.0,MEDIUM,23.0,True,97.884,28.992,41.42,27.472,5.0,1,,True,False,True,39.6,99.072,8.5,29.072049689440995,33.85217391304348,True
2025,Singapore Grand Prix,R,HAM,44,Ferrari,24.0,1.0,MEDIUM,24.0,True,103.559,28.935,41.46,33.164,6.0,1,,False,True,True,41.4,104.801,8.5,29.072049689440995,33.85217391304348,True
2025,Singapore Grand Prix,R,HAM,44,Ferrari,25.0,2.0,HARD,1.0,True,114.658,46.473,40.943,27.242,8.0,1,,False,True,True,43.2,115.95400000000001,8.5,29.072049689440995,33.85217391304348,True
2025,Singapore Grand Prix,R,HAM,44,Ferrari,26.0,2.0,HARD,2.0,True,96.807,28.668,40.875,27.264,8.0,1,,True,False,True,45.0,98.157,8.5,29.072049689440995,33.85217391304348,True
2025,Singapore Grand Prix,R,HAM,44,Ferrari,27.0,2.0,HARD,3.0,True,96.46,28.791,40.584,27.085,8.0,1,,True,False,True,46.800000000000004,97.86399999999999,8.5,29.072049689440995,33.85217391304348,True
2025,Singapore Grand Prix,R,HAM,44,Ferrari,28.0,2.0,HARD,4.0,True,96.132,28.601,40.565,26.966,7.0,1,,True,False,True,48.6,97.59,8.5,29.072049689440995,33.85217391304348,True
2025,Singapore Grand Prix,R,HAM,44,Ferrari,29.0,2.0,HARD,5.0,True,96.133,28.636,40.452,27.045,7.0,1,,True,False,True,50.4,97.645,8.5,29.072049689440995,33.85217391304348,True
2025,Singapore Grand Prix,R,HAM,44,Ferrari,30.0,2.0,HARD,6.0,True,96.211,28.627,40.585,26.999,7.0,1,,True,False,True,52.2,97.777,8.5,29.072049689440995,33.85217391304348,True
2025,Singapore Grand Prix,R,HAM,44,Ferrari,31.0,2.0,HARD,7.0,True,96.248,28.596,40.627,27.025,7.0,1,,True,False,True,54.0,97.86800000000001,8.5,29.072049689440995,33.85217391304348,True
2025,Singapore Grand Prix,R,HAM,44,Ferrari,32.0,2.0,HARD,8.0,True,96.049,28.546,40.428,27.075,7.0,1,,True,False,True,55.800000000000004,97.72300000000001,8.5,29.072049689440995,33.85217391304348,True
2025,Singapore Grand Prix,R,HAM,44,Ferrari,33.0,2.0,HARD,9.0,True,96.367,28.622,40.726,27.019,7.0,1,,True,False,True,57.6,98.095,8.5,29.072049689440995,33.85217391304348,True
2025,Singapore Grand Prix,R,HAM,44,Ferrari,34.0,2.0,HARD,10.0,True,96.149,28.446,40.733,26.97,7.0,1,,True,False,True,59.4,97.931,8.5,29.072049689440995,33.85217391304348,True
2025,Singapore Grand Prix,R,HAM,44,Ferrari,35.0,2.0,HARD,11.0,True,96.159,28.466,40.676,27.017,7.0,1,,True,False,True,61.2,97.995,8.5,29.072049689440995,33.85217391304348,True
2025,Singapore Grand Prix,R,HAM,44,Ferrari,36.0,2.0,HARD,12.0,True,96.086,28.569,40.532,26.985,7.0,1,,True,False,True,63.0,97.976,8.5,29.072049689440995,33.85217391304348,True
2025,Singapore Grand Prix,R,HAM,44,Ferrari,37.0,2.0,HARD,13.0,True,96.448,28.703,40.714,27.031,7.0,1,,True,False,True,64.8,98.392,8.5,29.072049689440995,33.85217391304348,True
2025,Singapore Grand Prix,R,HAM,44,Ferrari,38.0,2.0,HARD,14.0,True,96.382,28.554,40.649,27.179,7.0,1,,True,False,True,66.60000000000001,98.38000000000001,8.5,29.072049689440995,33.85217391304348,True
2025,Singapore Grand Prix,R,HAM,44,Ferrari,39.0,2.0,HARD,15.0,True,96.463,28.769,40.713,26.981,7.0,1,,True,False,True,68.4,98.515,8.5,29.072049689440995,33.85217391304348,True
2025,Singapore Grand Prix,R,HAM,44,Ferrari,40.0,2.0,HARD,16.0,True,96.429,28.659,40.705,27.065,7.0,1,,True,False,True,70.2,98.535,8.5,29.072049689440995,33.85217391304348,True
2025,Singapore Grand Prix,R,HAM,44,Ferrari,41.0,2.0,HARD,17.0,True,96.07,28.542,40.555,26.973,7.0,1,,True,False,True,72.0,98.22999999999999,8.5,29.072049689440995,33.85217391304348,True
2025,Singapore Grand Prix,R,HAM,44,Ferrari,42.0,2.0,HARD,18.0,True,96.268,28.472,40.689,27.107,7.0,1,,True,False,True,73.8,98.482,8.5,29.072049689440995,33.85217391304348,True
2025,Singapore Grand Prix,R,HAM,44,Ferrari,43.0,2.0,HARD,19.0,True,96.01,28.532,40.617,26.861,7.0,1,,True,False,True,75.60000000000001,98.278,8.5,29.072049689440995,33.85217391304348,True
2025,Singapore Grand Prix,R,HAM,44,Ferrari,44.0,2.0,HARD,20.0,True,95.887,28.578,40.531,26.778,7.0,1,,True,False,True,77.4,98.209,8.5,29.072049689440995,33.85217391304348,True
2025,Singapore Grand Prix,R,HAM,44,Ferrari,45.0,2.0,HARD,21.0,True,95.924,28.46,40.572,26.892,7.0,12,,True,False,False,79.2,98.30000000000001,8.5,29.072049689440995,33.85217391304348,True
2025,Singapore Grand Prix,R,HAM,44,Ferrari,46.0,2.0,HARD,22.0,True,101.821,28.59,40.643,32.588,7.0,1,,False,True,True,81.0,104.251,8.5,29.072049689440995,33.85217391304348,True
2025,Singapore Grand Prix,R,HAM,44,Ferrari,47.0,3.0,SOFT,4.0,False,110.503,44.667,39.476,26.36,7.0,1,,False,True,True,82.8,112.987,8.5,29.072049689440995,33.85217391304348,True
2025,Singapore Grand Prix,R,HAM,44,Ferrari,48.0,3.0,SOFT,5.0,False,93.808,27.993,39.392,26.423,7.0,1,,True,False,True,84.60000000000001,96.346,8.5,29.072049689440995,33.85217391304348,True
2025,Singapore Grand Prix,R,HAM,44,Ferrari,49.0,3.0,SOFT,6.0,False,94.312,28.155,39.671,26.486,7.0,1,,True,False,True,86.4,96.904,8.5,29.072049689440995,33.85217391304348,True
2025,Singapore Grand Prix,R,HAM,44,Ferrari,50.0,3.0,SOFT,7.0,False,94.361,28.202,39.713,26.446,7.0,1,,True,False,True,88.2,97.007,8.5,29.072049689440995,33.85217391304348,True
2025,Singapore Grand Prix,R,HAM,44,Ferrari,51.0,3.0,SOFT,8.0,False,94.659,28.219,39.831,26.609,7.0,1,,True,False,True,90.0,97.35900000000001,8.5,29.072049689440995,33.85217391304348,True
2025,Singapore Grand Prix,R,HAM,44,Ferrari,52.0,3.0,SOFT,9.0,False,94.805,28.125,39.882,26.798000000000002,7.0,1,,True,False,True,91.8,97.55900000000001,8.5,29.072049689440995,33.85217391304348,True
2025,Singapore Grand Prix,R,HAM,44,Ferrari,53.0,3.0,SOFT,10.0,False,95.319,28.406,40.284,26.629,7.0,1,,True,False,True,93.60000000000001,98.12700000000001,8.5,29.072049689440995,33.85217391304348,True
2025,Singapore Grand Prix,R,HAM,44,Ferrari,54.0,3.0,SOFT,11.0,False,94.887,28.275,40.012,26.6,7.0,1,,True,False,True,95.4,97.749,8.5,29.072049689440995,33.85217391304348,True
2025,Singapore Grand Prix,R,HAM,44,Ferrari,55.0,3.0,SOFT,12.0,False,96.06,28.394,40.849,26.817,7.0,1,,True,False,True,97.2,98.976,8.5,29.072049689440995,33.85217391304348,True
2025,Singapore Grand Prix,R,HAM,44,Ferrari,56.0,3.0,SOFT,13.0,False,96.194,28.142,40.985,27.067,6.0,1,,True,False,True,99.0,99.164,8.5,29.072049689440995,33.85217391304348,True
2025,Singapore Grand Prix,R,HAM,44,Ferrari,57.0,3.0,SOFT,14.0,False,95.241,28.303,40.263,26.675,6.0,1,,True,False,True,100.8,98.265,8.5,29.072049689440995,33.85217391304348,True
2025,Singapore Grand Prix,R,HAM,44,Ferrari,58.0,3.0,SOFT,15.0,False,95.619,28.276,40.52,26.823,6.0,1,,True,False,True,102.60000000000001,98.697,8.5,29.072049689440995,33.85217391304348,True
2025,Singapore Grand Prix,R,HAM,44,Ferrari,59.0,3.0,SOFT,16.0,False,99.167,28.415,41.697,29.055,6.0,1,,True,False,True,104.4,102.299,8.5,29.072049689440995,33.85217391304348,True
2025,Singapore Grand Prix,R,HAM,44,Ferrari,60.0,3.0,SOFT,17.0,False,100.466,29.443,41.377,29.646,6.0,1,,True,False,True,106.2,103.65199999999999,8.5,29.072049689440995,33.85217391304348,True
2025,Singapore Grand Prix,R,HAM,44,Ferrari,61.0,3.0,SOFT,18.0,False,128.668,37.558,55.907,35.203,7.0,1,,True,False,True,108.0,131.90800000000002,8.5,29.072049689440995,33.85217391304348,True
2025,Singapore Grand Prix,R,HAM,44,Ferrari,62.0,3.0,SOFT,19.0,False,107.713,33.209,45.885,28.619,7.0,1,,True,False,True,109.8,111.00699999999999,8.5,29.072049689440995,33.85217391304348,True
2025,Singapore Grand Prix,R,BEA,87,Haas F1 Team,1.0,1.0,MEDIUM,1.0,True,110.644,,45.718,28.956,10.0,1,,False,False,True,0.0,110.644,8.5,29.072049689440995,33.85217391304348,True
2025,Singapore Grand Prix,R,BEA,87,Haas F1 Team,2.0,1.0,MEDIUM,2.0,True,101.501,29.816,43.416,28.269,10.0,1,,True,False,True,1.8,101.555,8.5,29.072049689440995,33.85217391304348,True
2025,Singapore Grand Prix,R,BEA,87,Haas F1 Team,3.0,1.0,MEDIUM,3.0,True,100.033,29.04,42.587,28.406,10.0,1,,True,False,True,3.6,100.141,8.5,29.072049689440995,33.85217391304348,True
2025,Singapore Grand Prix,R,BEA,87,Haas F1 Team,4.0,1.0,MEDIUM,4.0,True,98.962,29.0,42.266,27.696,10.0,1,,True,False,True,5.4,99.12400000000001,8.5,29.072049689440995,33.85217391304348,True
2025,Singapore Grand Prix,R,BEA,87,Haas F1 Team,5.0,1.0,MEDIUM,5.0,True,98.673,28.991,41.995,27.687,10.0,1,,True,False,True,7.2,98.889,8.5,29.072049689440995,33.85217391304348,True
2025,Singapore Grand Prix,R,BEA,87,Haas F1 Team,6.0,1.0,MEDIUM,6.0,True,98.596,28.912,41.971,27.713,10.0,1,,True,False,True,9.0,98.866,8.5,29.072049689440995,33.85217391304348,True
2025,Singapore Grand Prix,R,BEA,87,Haas F1 Team,7.0,1.0,MEDIUM,7.0,True,99.02,29.039,41.775,28.206,10.0,12,,True,False,False,10.8,99.344,8.5,29.072049689440995,33.85217391304348,True
2025,Singapore Grand Prix,R,BEA,87,Haas F1 Team,8.0,1.0,MEDIUM,8.0,True,98.477,29.136,41.633,27.708,10.0,1,,True,False,True,12.6,98.855,8.5,29.072049689440995,33.85217391304348,True
2025,Singapore Grand Prix,R,BEA,87,Haas F1 Team,9.0,1.0,MEDIUM,9.0,True,98.668,29.124,41.812,27.732,10.0,1,,True,False,True,14.4,99.10000000000001,8.5,29.072049689440995,33.85217391304348,True
2025,Singapore Grand Prix,R,BEA,87,Haas F1 Team,10.0,1.0,MEDIUM,10.0,True,98.23,29.047,41.649,27.534,10.0,1,,True,False,True,16.2,98.71600000000001,8.5,29.072049689440995,33.85217391304348,True
2025,Singapore Grand Prix,R,BEA,87,Haas F1 Team,11.0,1.0,MEDIUM,11.0,True,98.494,29.209,41.662,27.623,10.0,1,,True,False,True,18.0,99.034,8.5,29.072049689440995,33.85217391304348,True
2025,Singapore Grand Prix,R,BEA,87,Haas F1 Team,12.0,1.0,MEDIUM,12.0,True,98.182,29.139,41.577,27.466,10.0,1,,True,False,True,19.8,98.776,8.5,29.072049689440995,33.85217391304348,True
2025,Singapore Grand Prix,R,BEA,87,Haas F1 Team,13.0,1.0,MEDIUM,13.0,True,98.419,29.129,41.721,27.569,10.0,1,,True,False,True,21.6,99.067,8.5,29.072049689440995,33.85217391304348,True
2025,Singapore Grand Prix,R,BEA,87,Haas F1 Team,14.0,1.0,MEDIUM,14.0,True,98.526,29.154,41.594,27.778,10.0,1,,True,False,True,23.400000000000002,99.228,8.5,29.072049689440995,33.85217391304348,True
2025,Singapore Grand Prix,R,BEA,87,Haas F1 Team,15.0,1.0,MEDIUM,15.0,True,98.947,29.406,41.927,27.614,10.0,1,,True,False,True,25.2,99.703,8.5,29.072049689440995,33.85217391304348,True
2025,Singapore Grand Prix,R,BEA,87,Haas F1 Team,16.0,1.0,MEDIUM,16.0,True,98.536,29.266,41.664,27.606,10.0,1,,True,False,True,27.0,99.346,8.5,29.072049689440995,33.85217391304348,True
2025,Singapore Grand Prix,R,BEA,87,Haas F1 Team,17.0,1.0,MEDIUM,17.0,True,98.336,29.17,41.676,27.49,10.0,1,,True,False,True,28.8,99.2,8.5,29.072049689440995,33.85217391304348,True
2025,Singapore Grand Prix,R,BEA,87,Haas F1 Team,18.0,1.0,MEDIUM,18.0,True,98.404,29.209,41.641,27.554,10.0,1,,True,False,True,30.6,99.322,8.5,29.072049689440995,33.85217391304348,True
2025,Singapore Grand Prix,R,BEA,87,Haas F1 Team,19.0,1.0,MEDIUM,19.0,True,98.509,29.099,41.739,27.671,10.0,1,,True,False,True,32.4,99.481,8.5,29.072049689440995,33.85217391304348,True
2025,Singapore Grand Prix,R,BEA,87,Haas F1 Team,20.0,1.0,MEDIUM,20.0,True,99.08,29.209,41.976,27.895,9.0,1,,True,False,True,34.2,100.106,8.5,29.072049689440995,33.85217391304348,True
2025,Singapore Grand Prix,R,BEA,87,Haas F1 Team,21.0,1.0,MEDIUM,21.0,True,97.986,29.078,41.389,27.519,9.0,1,,True,False,True,36.0,99.066,8.5,29.072049689440995,33.85217391304348,True
2025,Singapore Grand Prix,R,BEA,87,Haas F1 Team,22.0,1.0,MEDIUM,22.0,True,97.586,28.91,41.306,27.37,8.0,1,,True,False,True,37.800000000000004,98.72,8.5,29.072049689440995,33.85217391304348,True
2025,Singapore Grand Prix,R,BEA,87,Haas F1 Team,23.0,1.0,MEDIUM,23.0,True,103.418,28.877,41.407,33.134,10.0,1,,False,True,True,39.6,104.60600000000001,8.5,29.072049689440995,33.85217391304348,True
2025,Singapore Grand Prix,R,BEA,87,Haas F1 Team,24.0,2.0,HARD,1.0,True,114.076,45.703,41.027,27.346,15.0,1,,False,True,True,41.4,115.318,8.5,29.072049689440995,33.85217391304348,True
2025,Singapore Grand Prix,R,BEA,87,Haas F1 Team,25.0,2.0,HARD,2.0,True,96.992,28.682,40.967,27.343,15.0,1,,True,False,True,43.2,98.28800000000001,8.5,29.072049689440995,33.85217391304348,True
2025,Singapore Grand Prix,R,BEA,87,Haas F1 Team,26.0,2.0,HARD,3.0,True,97.917,28.638,41.314,27.965,13.0,1,,True,False,True,45.0,99.267,8.5,29.072049689440995,33.85217391304348,True
2025,Singapore Grand Prix,R,BEA,87,Haas F1 Team,27.0,2.0,HARD,4.0,True,96.718,28.807,40.835,27.076,13.0,1,,True,False,True,46.800000000000004,98.122,8.5,29.072049689440995,33.85217391304348,True
2025,Singapore Grand Prix,R,BEA,87,Haas F1 Team,28.0,2.0,HARD,5.0,True,96.658,28.597,40.823,27.238,12.0,1,,True,False,True,48.6,98.116,8.5,29.072049689440995,33.85217391304348,True
2025,Singapore Grand Prix,R,BEA,87,Haas F1 Team,29.0,2.0,HARD,6.0,True,97.005,28.704,41.034,27.267,12.0,1,,True,False,True,50.4,98.517,8.5,29.072049689440995,33.85217391304348,True
2025,Singapore Grand Prix,R,BEA,87,Haas F1 Team,30.0,2.0,HARD,7.0,True,97.573,28.822,41.317,27.434,11.0,1,,True,False,True,52.2,99.139,8.5,29.072049689440995,33.85217391304348,True
2025,Singapore Grand Prix,R,BEA,87,Haas F1 Team,31.0,2.0,HARD,8.0,True,97.288,28.678,41.195,27.415,11.0,1,,True,False,True,54.0,98.908,8.5,29.072049689440995,33.85217391304348,True
2025,Singapore Grand Prix,R,BEA,87,Haas F1 Team,32.0,2.0,HARD,9.0,True,98.179,28.715,41.774,27.69,11.0,1,,True,False,True,55.800000000000004,99.85300000000001,8.5,29.072049689440995,33.85217391304348,True
2025,Singapore Grand Prix,R,BEA,87,Haas F1 Team,33.0,2.0,HARD,10.0,True,99.142,29.091,42.256,27.795,11.0,1,,True,False,True,57.6,100.86999999999999,8.5,29.072049689440995,33.85217391304348,True
2025,Singapore Grand Prix,R,BEA,87,Haas F1 Team,34.0,2.0,HARD,11.0,True,99.259,29.161,42.233,27.865,11.0,1,,True,False,True,59.4,101.041,8.5,29.072049689440995,33.85217391304348,True
2025,Singapore Grand Prix,R,BEA,87,Haas F1 Team,35.0,2.0,HARD,12.0,True,99.178,28.986,42.564,27.628,11.0,1,,True,False,True,61.2,101.014,8.5,29.072049689440995,33.85217391304348,True
2025,Singapore Grand Prix,R,BEA,87,Haas F1 Team,36.0,2.0,HARD,13.0,True,98.766,29.03,42.068,27.668,11.0,1,,True,False,True,63.0,100.656,8.5,29.072049689440995,33.85217391304348,True
2025,Singapore Grand Prix,R,BEA,87,Haas F1 Team,37.0,2.0,HARD,14.0,True,99.542,28.936,42.543,28.063,11.0,1,,True,False,True,64.8,101.486,8.5,29.072049689440995,33.85217391304348,True
2025,Singapore Grand Prix,R,BEA,87,Haas F1 Team,38.0,2.0,HARD,15.0,True,99.763,29.157,42.601,28.005,10.0,1,,True,False,True,66.60000000000001,101.76100000000001,8.5,29.072049689440995,33.85217391304348,True
2025,Singapore Grand Prix,R,BEA,87,Haas F1 Team,39.0,2.0,HARD,16.0,True,97.85,28.625,41.719,27.506,10.0,1,,True,False,True,68.4,99.902,8.5,29.072049689440995,33.85217391304348,True
2025,Singapore Grand Prix,R,BEA,87,Haas F1 Team,40.0,2.0,HARD,17.0,True,97.879,28.669,41.604,27.606,10.0,1,,True,False,True,70.2,99.985,8.5,29.072049689440995,33.85217391304348,True
2025,Singapore Grand Prix,R,BEA,87,Haas F1 Team,41.0,2.0,HARD,18.0,True,97.893,28.766,41.633,27.494,10.0,1,,True,False,True,72.0,100.053,8.5,29.072049689440995,33.85217391304348,True
2025,Singapore Grand Prix,R,BEA,87,Haas F1 Team,42.0,2.0,HARD,19.0,True,97.927,28.758,41.743,27.426,10.0,1,,True,False,True,73.8,100.141,8.5,29.072049689440995,33.85217391304348,True
2025,Singapore Grand Prix,R,BEA,87,Haas F1 Team,43.0,2.0,HARD,20.0,True,98.28,28.821,41.851,27.608,10.0,1,,True,False,True,75.60000000000001,100.548,8.5,29.072049689440995,33.85217391304348,True
2025,Singapore Grand Prix,R,BEA,87,Haas F1 Team,44.0,2.0,HARD,21.0,True,99.621,29.86,42.26,27.501,10.0,12,,True,False,False,77.4,101.943,8.5,29.072049689440995,33.85217391304348,True
2025,Singapore Grand Prix,R,BEA,87,Haas F1 Team,45.0,2.0,HARD,22.0,True,100.55,28.911,44.1,27.539,11.0,1,,True,False,True,79.2,102.926,8.5,29.072049689440995,33.85217391304348,True
2025,Singapore Grand Prix,R,BEA,87,Haas F1 Team,46.0,2.0,HARD,23.0,True,97.848,28.97,41.331,27.547,11.0,1,,True,False,True,81.0,100.27799999999999,8.5,29.072049689440995,33.85217391304348,True
2025,Singapore Grand Prix,R,BEA,87,Haas F1 Team,47.0,2.0,HARD,24.0,True,98.859,28.926,42.006,27.927,11.0,1,,True,False,True,82.8,101.34299999999999,8.5,29.072049689440995,33.85217391304348,True
2025,Singapore Grand Prix,R,BEA,87,Haas F1 Team,48.0,2.0,HARD,25.0,True,100.519,29.133,43.496,27.89,10.0,1,,True,False,True,84.60000000000001,103.057,8.5,29.072049689440995,33.85217391304348,True
2025,Singapore Grand Prix,R,BEA,87,Haas F1 Team,49.0,2.0,HARD,26.0,True,98.599,28.856,42.113,27.63,10.0,1,,True,False,True,86.4,101.191,8.5,29.072049689440995,33.85217391304348,True
2025,Singapore Grand Prix,R,BEA,87,Haas F1 Team,50.0,2.0,HARD,27.0,True,98.436,28.811,41.966,27.659,9.0,1,,True,False,True,88.2,101.08200000000001,8.5,29.072049689440995,33.85217391304348,True
2025,Singapore Grand Prix,R,BEA,87,Haas F1 Team,51.0,2.0,HARD,28.0,True,96.229,28.39,40.77,27.069,9.0,1,,True,False,True,90.0,98.929,8.5,29.072049689440995,33.85217391304348,True
2025,Singapore Grand Prix,R,BEA,87,Haas F1 Team,52.0,2.0,HARD,29.0,True,96.449,28.601,40.729,27.119,9.0,1,,True,False,True,91.8,99.203,8.5,29.072049689440995,33.85217391304348,True
2025,Singapore Grand Prix,R,BEA,87,Haas F1 Team,53.0,2.0,HARD,30.0,True,96.697,28.623,40.898,27.176,9.0,1,,True,False,True,93.60000000000001,99.50500000000001,8.5,29.072049689440995,33.85217391304348,True
2025,Singapore Grand Prix,R,BEA,87,Haas F1 Team,54.0,2.0,HARD,31.0,True,96.277,28.478,40.768,27.031,9.0,1,,True,False,True,95.4,99.139,8.5,29.072049689440995,33.85217391304348,True
2025,Singapore Grand Prix,R,BEA,87,Haas F1 Team,55.0,2.0,HARD,32.0,True,96.215,28.598,40.592,27.025,9.0,1,,True,False,True,97.2,99.131,8.5,29.072049689440995,33.85217391304348,True
2025,Singapore Grand Prix,R,BEA,87,Haas F1 Team,56.0,2.0,HARD,33.0,True,96.201,28.559,40.743,26.899,9.0,1,,True,False,True,99.0,99.17099999999999,8.5,29.072049689440995,33.85217391304348,True
2025,Singapore Grand Prix,R,BEA,87,Haas F1 Team,57.0,2.0,HARD,34.0,True,96.262,28.501,40.714,27.047,9.0,1,,True,False,True,100.8,99.286,8.5,29.072049689440995,33.85217391304348,True
2025,Singapore Grand Prix,R,BEA,87,Haas F1 Team,58.0,2.0,HARD,35.0,True,96.597,28.56,40.893,27.144,9.0,1,,True,False,True,102.60000000000001,99.675,8.5,29.072049689440995,33.85217391304348,True
2025,Singapore Grand Prix,R,BEA,87,Haas F1 Team,59.0,2.0,HARD,36.0,True,96.228,28.578,40.727,26.923000000000002,9.0,1,,True,False,True,104.4,99.36,8.5,29.072049689440995,33.85217391304348,True
2025,Singapore Grand Prix,R,BEA,87,Haas F1 Team,60.0,2.0,HARD,37.0,True,96.436,28.446,40.885,27.105,9.0,1,,True,False,True,106.2,99.62200000000001,8.5,29.072049689440995,33.85217391304348,True
2025,Singapore Grand Prix,R,BEA,87,Haas F1 Team,61.0,2.0,HARD,38.0,True,96.531,28.53,41.048,26.953,9.0,1,,True,False,True,108.0,99.771,8.5,29.072049689440995,33.85217391304348,True
2025,Singapore Grand Prix,R,BEA,87,Haas F1 Team,62.0,2.0,HARD,39.0,True,96.228,28.538,40.65,27.04,9.0,1,,True,False,True,109.8,99.52199999999999,8.5,29.072049689440995,33.85217391304348,True
2025,Singapore Grand Prix,R,SAI,55,Williams,1.0,1.0,MEDIUM,1.0,True,116.072,,48.436,29.803,18.0,1,,False,False,True,0.0,116.072,8.5,29.072049689440995,33.85217391304348,True
2025,Singapore Grand Prix,R,SAI,55,Williams,2.0,1.0,MEDIUM,2.0,True,102.183,29.988,43.581,28.614,18.0,1,,True,False,True,1.8,102.23700000000001,8.5,29.072049689440995,33.85217391304348,True
2025,Singapore Grand Prix,R,SAI,55,Williams,3.0,1.0,MEDIUM,3.0,True,99.996,29.047,42.619,28.33,18.0,1,,True,False,True,3.6,100.104,8.5,29.072049689440995,33.85217391304348,True
2025,Singapore Grand Prix,R,SAI,55,Williams,4.0,1.0,MEDIUM,4.0,True,99.625,29.214,42.348,28.063,18.0,1,,True,False,True,5.4,99.787,8.5,29.072049689440995,33.85217391304348,True
2025,Singapore Grand Prix,R,SAI,55,Williams,5.0,1.0,MEDIUM,5.0,True,99.431,29.092,42.381,27.958,18.0,1,,True,False,True,7.2,99.64699999999999,8.5,29.072049689440995,33.85217391304348,True
2025,Singapore Grand Prix,R,SAI,55,Williams,6.0,1.0,MEDIUM,6.0,True,100.0,29.222,42.526,28.252,18.0,1,,True,False,True,9.0,100.27,8.5,29.072049689440995,33.85217391304348,True
2025,Singapore Grand Prix,R,SAI,55,Williams,7.0,1.0,MEDIUM,7.0,True,99.3,29.221,42.054,28.025,18.0,12,,True,False,False,10.8,99.624,8.5,29.072049689440995,33.85217391304348,True
2025,Singapore Grand Prix,R,SAI,55,Williams,8.0,1.0,MEDIUM,8.0,True,99.297,29.215,42.05,28.032,18.0,1,,True,False,True,12.6,99.675,8.5,29.072049689440995,33.85217391304348,True
2025,Singapore Grand Prix,R,SAI,55,Williams,9.0,1.0,MEDIUM,9.0,True,98.858,29.111,41.938,27.809,18.0,1,,True,False,True,14.4,99.29,8.5,29.072049689440995,33.85217391304348,True
2025,Singapore Grand Prix,R,SAI,55,Williams,10.0,1.0,MEDIUM,10.0,True,98.88,29.1,41.968,27.812,18.0,1,,True,False,True,16.2,99.366,8.5,29.072049689440995,33.85217391304348,True
2025,Singapore Grand Prix,R,SAI,55,Williams,11.0,1.0,MEDIUM,11.0,True,99.052,29.257,41.867,27.928,18.0,1,,True,False,True,18.0,99.59200000000001,8.5,29.072049689440995,33.85217391304348,True
2025,Singapore Grand Prix,R,SAI,55,Williams,12.0,1.0,MEDIUM,12.0,True,99.116,29.262,41.94,27.914,18.0,1,,True,False,True,19.8,99.71,8.5,29.072049689440995,33.85217391304348,True
2025,Singapore Grand Prix,R,SAI,55,Williams,13.0,1.0,MEDIUM,13.0,True,99.055,29.249,41.824,27.982,16.0,1,,True,False,True,21.6,99.703,8.5,29.072049689440995,33.85217391304348,True
2025,Singapore Grand Prix,R,SAI,55,Williams,14.0,1.0,MEDIUM,14.0,True,98.224,29.058,41.374,27.792,16.0,1,,True,False,True,23.400000000000002,98.926,8.5,29.072049689440995,33.85217391304348,True
2025,Singapore Grand Prix,R,SAI,55,Williams,15.0,1.0,MEDIUM,15.0,True,97.962,29.05,41.352,27.56,15.0,1,,True,False,True,25.2,98.718,8.5,29.072049689440995,33.85217391304348,True
2025,Singapore Grand Prix,R,SAI,55,Williams,16.0,1.0,MEDIUM,16.0,True,98.609,29.058,41.689,27.862,15.0,1,,True,False,True,27.0,99.419,8.5,29.072049689440995,33.85217391304348,True
2025,Singapore Grand Prix,R,SAI,55,Williams,17.0,1.0,MEDIUM,17.0,True,98.607,29.192,41.589,27.826,15.0,1,,True,False,True,28.8,99.471,8.5,29.072049689440995,33.85217391304348,True
2025,Singapore Grand Prix,R,SAI,55,Williams,18.0,1.0,MEDIUM,18.0,True,98.331,29.14,41.58,27.611,15.0,1,,True,False,True,30.6,99.24900000000001,8.5,29.072049689440995,33.85217391304348,True
2025,Singapore Grand Prix,R,SAI,55,Williams,19.0,1.0,MEDIUM,19.0,True,98.65,29.225,41.678,27.747,15.0,1,,True,False,True,32.4,99.622,8.5,29.072049689440995,33.85217391304348,True
2025,Singapore Grand Prix,R,SAI,55,Williams,20.0,1.0,MEDIUM,20.0,True,98.309,29.092,41.582,27.635,15.0,1,,True,False,True,34.2,99.335,8.5,29.072049689440995,33.85217391304348,True
2025,Singapore Grand Prix,R,SAI,55,Williams,21.0,1.0,MEDIUM,21.0,True,98.23,29.01,41.556,27.664,14.0,1,,True,False,True,36.0,99.31,8.5,29.072049689440995,33.85217391304348,True
2025,Singapore Grand Prix,R,SAI,55,Williams,22.0,1.0,MEDIUM,22.0,True,98.599,29.284,41.683,27.632,14.0,1,,True,False,True,37.800000000000004,99.733,8.5,29.072049689440995,33.85217391304348,True
2025,Singapore Grand Prix,R,SAI,55,Williams,23.0,1.0,MEDIUM,23.0,True,98.439,29.077,41.705,27.657,14.0,1,,True,False,True,39.6,99.627,8.5,29.072049689440995,33.85217391304348,True
2025,Singapore Grand Prix,R,SAI,55,Williams,24.0,1.0,MEDIUM,24.0,True,98.347,29.022,41.573,27.752,13.0,1,,True,False,True,41.4,99.589,8.5,29.072049689440995,33.85217391304348,True
2025,Singapore Grand Prix,R,SAI,55,Williams,25.0,1.0,MEDIUM,25.0,True,98.052,28.967,41.572,27.513,13.0,1,,True,False,True,43.2,99.34800000000001,8.5,29.072049689440995,33.85217391304348,True
2025,Singapore Grand Prix,R,SAI,55,Williams,26.0,1.0,MEDIUM,26.0,True,98.401,29.083,41.737,27.581,12.0,1,,True,False,True,45.0,99.75099999999999,8.5,29.072049689440995,33.85217391304348,True
2025,Singapore Grand Prix,R,SAI,55,Williams,27.0,1.0,MEDIUM,27.0,True,98.303,29.076,41.654,27.573,12.0,1,,True,False,True,46.800000000000004,99.707,8.5,29.072049689440995,33.85217391304348,True
2025,Singapore Grand Prix,R,SAI,55,Williams,28.0,1.0,MEDIUM,28.0,True,98.477,29.055,41.804,27.618,11.0,1,,True,False,True,48.6,99.935,8.5,29.072049689440995,33.85217391304348,True
2025,Singapore Grand Prix,R,SAI,55,Williams,29.0,1.0,MEDIUM,29.0,True,98.359,28.754,41.997,27.608,11.0,1,,True,False,True,50.4,99.871,8.5,29.072049689440995,33.85217391304348,True
2025,Singapore Grand Prix,R,SAI,55,Williams,30.0,1.0,MEDIUM,30.0,True,98.229,28.917,41.824,27.488,10.0,1,,True,False,True,52.2,99.795,8.5,29.072049689440995,33.85217391304348,True
2025,Singapore Grand Prix,R,SAI,55,Williams,31.0,1.0,MEDIUM,31.0,True,97.797,28.858,41.427,27.512,10.0,1,,True,False,True,54.0,99.417,8.5,29.072049689440995,33.85217391304348,True
2025,Singapore Grand Prix,R,SAI,55,Williams,32.0,1.0,MEDIUM,32.0,True,98.329,28.961,41.724,27.644,10.0,1,,True,False,True,55.800000000000004,100.003,8.5,29.072049689440995,33.85217391304348,True
2025,Singapore Grand Prix,R,SAI,55,Williams,33.0,1.0,MEDIUM,33.0,True,99.058,28.988,42.433,27.637,10.0,1,,True,False,True,57.6,100.786,8.5,29.072049689440995,33.85217391304348,True
2025,Singapore Grand Prix,R,SAI,55,Williams,34.0,1.0,MEDIUM,34.0,True,99.058,28.985,42.189,27.884,10.0,1,,True,False,True,59.4,100.84,8.5,29.072049689440995,33.85217391304348,True
2025,Singapore Grand Prix,R,SAI,55,Williams,35.0,1.0,MEDIUM,35.0,True,99.474,29.357,42.387,27.73,10.0,1,,True,False,True,61.2,101.31,8.5,29.072049689440995,33.85217391304348,True
2025,Singapore Grand Prix,R,SAI,55,Williams,36.0,1.0,MEDIUM,36.0,True,98.69,28.903,42.013,27.774,10.0,1,,True,False,True,63.0,100.58,8.5,29.072049689440995,33.85217391304348,True
2025,Singapore Grand Prix,R,SAI,55,Williams,37.0,1.0,MEDIUM,37.0,True,99.7,28.91,42.465,28.325,10.0,1,,True,False,True,64.8,101.644,8.5,29.072049689440995,33.85217391304348,True
2025,Singapore Grand Prix,R,SAI,55,Williams,38.0,1.0,MEDIUM,38.0,True,99.483,29.044,42.526,27.913,9.0,1,,True,False,True,66.60000000000001,101.48100000000001,8.5,29.072049689440995,33.85217391304348,True
2025,Singapore Grand Prix,R,SAI,55,Williams,39.0,1.0,MEDIUM,39.0,True,97.806,28.898,41.533,27.375,9.0,1,,True,False,True,68.4,99.858,8.5,29.072049689440995,33.85217391304348,True
2025,Singapore Grand Prix,R,SAI,55,Williams,40.0,1.0,MEDIUM,40.0,True,97.94,29.051,41.463,27.426,9.0,1,,True,False,True,70.2,100.04599999999999,8.5,29.072049689440995,33.85217391304348,True
2025,Singapore Grand Prix,R,SAI,55,Williams,41.0,1.0,MEDIUM,41.0,True,97.884,28.928,41.537,27.419,9.0,1,,True,False,True,72.0,100.044,8.5,29.072049689440995,33.85217391304348,True
2025,Singapore Grand Prix,R,SAI,55,Williams,42.0,1.0,MEDIUM,42.0,True,97.97,29.032,41.572,27.366,9.0,1,,True,False,True,73.8,100.184,8.5,29.072049689440995,33.85217391304348,True
2025,Singapore Grand Prix,R,SAI,55,Williams,43.0,1.0,MEDIUM,43.0,True,98.539,28.992,41.771,27.776,9.0,1,,True,False,True,75.60000000000001,100.807,8.5,29.072049689440995,33.85217391304348,True
2025,Singapore Grand Prix,R,SAI,55,Williams,44.0,1.0,MEDIUM,44.0,True,98.459,29.322,41.738,27.399,9.0,12,,True,False,False,77.4,100.781,8.5,29.072049689440995,33.85217391304348,True
2025,Singapore Grand Prix,R,SAI,55,Williams,45.0,1.0,MEDIUM,45.0,True,98.438,29.068,41.776,27.594,9.0,1,,True,False,True,79.2,100.81400000000001,8.5,29.072049689440995,33.85217391304348,True
2025,Singapore Grand Prix,R,SAI,55,Williams,46.0,1.0,MEDIUM,46.0,True,99.139,29.431,42.04,27.668,9.0,1,,True,False,True,81.0,101.56899999999999,8.5,29.072049689440995,33.85217391304348,True
2025,Singapore Grand Prix,R,SAI,55,Williams,47.0,1.0,MEDIUM,47.0,True,100.721,29.261,43.476,27.984,10.0,1,,True,False,True,82.8,103.205,8.5,29.072049689440995,33.85217391304348,True
2025,Singapore Grand Prix,R,SAI,55,Williams,48.0,1.0,MEDIUM,48.0,True,100.539,29.254,43.421,27.864,9.0,1,,True,False,True,84.60000000000001,103.077,8.5,29.072049689440995,33.85217391304348,True
2025,Singapore Grand Prix,R,SAI,55,Williams,49.0,1.0,MEDIUM,49.0,True,98.501,29.005,41.962,27.534,9.0,1,,True,False,True,86.4,101.093,8.5,29.072049689440995,33.85217391304348,True
2025,Singapore Grand Prix,R,SAI,55,Williams,50.0,1.0,MEDIUM,50.0,True,103.958,29.09,41.936,32.932,12.0,1,,False,True,True,88.2,106.604,8.5,29.072049689440995,33.85217391304348,True
2025,Singapore Grand Prix,R,SAI,55,Williams,51.0,2.0,SOFT,1.0,True,113.298,45.151,40.846,27.301,14.0,1,,False,True,True,90.0,115.998,8.5,29.072049689440995,33.85217391304348,True
2025,Singapore Grand Prix,R,SAI,55,Williams,52.0,2.0,SOFT,2.0,True,96.172,28.263,40.779,27.13,13.0,1,,True,False,True,91.8,98.926,8.5,29.072049689440995,33.85217391304348,True
2025,Singapore Grand Prix,R,SAI,55,Williams,53.0,2.0,SOFT,3.0,True,95.688,28.076,40.876,26.736,12.0,1,,True,False,True,93.60000000000001,98.49600000000001,8.5,29.072049689440995,33.85217391304348,True
2025,Singapore Grand Prix,R,SAI,55,Williams,54.0,2.0,SOFT,4.0,True,95.072,28.197,40.095,26.78,12.0,1,,True,False,True,95.4,97.934,8.5,29.072049689440995,33.85217391304348,True
2025,Singapore Grand Prix,R,SAI,55,Williams,55.0,2.0,SOFT,5.0,True,95.207,28.204,40.31,26.693,12.0,1,,True,False,True,97.2,98.12299999999999,8.5,29.072049689440995,33.85217391304348,True
2025,Singapore Grand Prix,R,SAI,55,Williams,56.0,2.0,SOFT,6.0,True,95.375,28.262,40.315,26.798000000000002,12.0,1,,True,False,True,99.0,98.345,8.5,29.072049689440995,33.85217391304348,True
2025,Singapore Grand Prix,R,SAI,55,Williams,57.0,2.0,SOFT,7.0,True,96.081,28.267,41.159,26.655,11.0,1,,True,False,True,100.8,99.105,8.5,29.072049689440995,33.85217391304348,True
2025,Singapore Grand Prix,R,SAI,55,Williams,58.0,2.0,SOFT,8.0,True,95.735,28.326,40.362,27.047,11.0,1,,True,False,True,102.60000000000001,98.813,8.5,29.072049689440995,33.85217391304348,True
2025,Singapore Grand Prix,R,SAI,55,Williams,59.0,2.0,SOFT,9.0,True,95.728,28.583,40.326,26.819,10.0,1,,True,False,True,104.4,98.86,8.5,29.072049689440995,33.85217391304348,True
2025,Singapore Grand Prix,R,SAI,55,Williams,60.0,2.0,SOFT,10.0,True,95.326,28.408,40.173,26.745,10.0,1,,True,False,True,106.2,98.512,8.5,29.072049689440995,33.85217391304348,True
2025,Singapore Grand Prix,R,SAI,55,Williams,61.0,2.0,SOFT,11.0,True,94.963,28.302,40.073,26.588,10.0,1,,True,False,True,108.0,98.20299999999999,8.5,29.072049689440995,33.85217391304348,True
2025,Singapore Grand Prix,R,HAD,6,Racing Bulls,1.0,1.0,SOFT,3.0,False,109.417,,45.319,28.722,8.0,1,,False,False,True,0.0,109.417,8.5,29.072049689440995,33.85217391304348,True
2025,Singapore Grand Prix,R,HAD,6,Racing Bulls,2.0,1.0,SOFT,4.0,False,101.529,29.668,43.707,28.154,8.0,1,,True,False,True,1.8,101.583,8.5,29.072049689440995,33.85217391304348,True
2025,Singapore Grand Prix,R,HAD,6,Racing Bulls,3.0,1.0,SOFT,5.0,False,100.257,29.029,42.868,28.36,9.0,1,,True,False,True,3.6,100.36500000000001,8.5,29.072049689440995,33.85217391304348,True
2025,Singapore Grand Prix,R,HAD,6,Racing Bulls,4.0,1.0,SOFT,6.0,False,99.326,29.051,42.388,27.887,9.0,1,,True,False,True,5.4,99.488,8.5,29.072049689440995,33.85217391304348,True
2025,Singapore Grand Prix,R,HAD,6,Racing Bulls,5.0,1.0,SOFT,7.0,False,98.739,28.904,41.897,27.938,9.0,1,,True,False,True,7.2,98.955,8.5,29.072049689440995,33.85217391304348,True
2025,Singapore Grand Prix,R,HAD,6,Racing Bulls,6.0,1.0,SOFT,8.0,False,98.554,28.811,42.015,27.728,9.0,1,,True,False,True,9.0,98.824,8.5,29.072049689440995,33.85217391304348,True
2025,Singapore Grand Prix,R,HAD,6,Racing Bulls,7.0,1.0,SOFT,9.0,False,98.093,28.687,41.679,27.727,9.0,12,,True,False,False,10.8,98.417,8.5,29.072049689440995,33.85217391304348,True
2025,Singapore Grand Prix,R,HAD,6,Racing Bulls,8.0,1.0,SOFT,10.0,False,98.577,28.83,41.954,27.793,9.0,1,,True,False,True,12.6,98.955,8.5,29.072049689440995,33.85217391304348,True
2025,Singapore Grand Prix,R,HAD,6,Racing Bulls,9.0,1.0,SOFT,11.0,False,98.465,28.878,41.787,27.8,9.0,1,,True,False,True,14.4,98.897,8.5,29.072049689440995,33.85217391304348,True
2025,Singapore Grand Prix,R,HAD,6,Racing Bulls,10.0,1.0,SOFT,12.0,False,98.28,28.83,41.657,27.793,9.0,1,,True,False,True,16.2,98.766,8.5,29.072049689440995,33.85217391304348,True
2025,Singapore Grand Prix,R,HAD,6,Racing Bulls,11.0,1.0,SOFT,13.0,False,98.427,28.867,41.845,27.715,9.0,1,,True,False,True,18.0,98.96700000000001,8.5,29.072049689440995,33.85217391304348,True
2025,Singapore Grand Prix,R,HAD,6,Racing Bulls,12.0,1.0,SOFT,14.0,False,98.335,28.861,41.696,27.778,9.0,1,,True,False,True,19.8,98.92899999999999,8.5,29.072049689440995,33.85217391304348,True
2025,Singapore Grand Prix,R,HAD,6,Racing Bulls,13.0,1.0,SOFT,15.0,False,98.379,29.037,41.624,27.718,9.0,1,,True,False,True,21.6,99.027,8.5,29.072049689440995,33.85217391304348,True
2025,Singapore Grand Prix,R,HAD,6,Racing Bulls,14.0,1.0,SOFT,16.0,False,98.489,28.955,41.753,27.781,9.0,1,,True,False,True,23.400000000000002,99.191,8.5,29.072049689440995,33.85217391304348,True
2025,Singapore Grand Prix,R,HAD,6,Racing Bulls,15.0,1.0,SOFT,17.0,False,98.588,29.175,41.639,27.774,9.0,1,,True,False,True,25.2,99.344,8.5,29.072049689440995,33.85217391304348,True
2025,Singapore Grand Prix,R,HAD,6,Racing Bulls,16.0,1.0,SOFT,18.0,False,98.526,29.136,41.691,27.699,9.0,1,,True,False,True,27.0,99.336,8.5,29.072049689440995,33.85217391304348,True
2025,Singapore Grand Prix,R,HAD,6,Racing Bulls,17.0,1.0,SOFT,19.0,False,98.518,29.281,41.625,27.612,9.0,1,,True,False,True,28.8,99.382,8.5,29.072049689440995,33.85217391304348,True
2025,Singapore Grand Prix,R,HAD,6,Racing Bulls,18.0,1.0,SOFT,20.0,False,98.569,29.234,41.547,27.788,9.0,1,,True,False,True,30.6,99.48700000000001,8.5,29.072049689440995,33.85217391304348,True
2025,Singapore Grand Prix,R,HAD,6,Racing Bulls,19.0,1.0,SOFT,21.0,False,98.914,29.195,41.909,27.81,9.0,1,,True,False,True,32.4,99.886,8.5,29.072049689440995,33.85217391304348,True
2025,Singapore Grand Prix,R,HAD,6,Racing Bulls,20.0,1.0,SOFT,22.0,False,104.812,29.431,41.794,33.587,11.0,1,,False,True,True,34.2,105.838,8.5,29.072049689440995,33.85217391304348,True
2025,Singapore Grand Prix,R,HAD,6,Racing Bulls,21.0,2.0,HARD,1.0,True,116.026,46.217,42.025,27.784,17.0,1,,False,True,True,36.0,117.106,8.5,29.072049689440995,33.85217391304348,True
2025,Singapore Grand Prix,R,HAD,6,Racing Bulls,22.0,2.0,HARD,2.0,True,98.403,29.068,41.476,27.859,17.0,1,,True,False,True,37.800000000000004,99.537,8.5,29.072049689440995,33.85217391304348,True
2025,Singapore Grand Prix,R,HAD,6,Racing Bulls,23.0,2.0,HARD,3.0,True,97.753,29.074,41.136,27.543,17.0,1,,True,False,True,39.6,98.941,8.5,29.072049689440995,33.85217391304348,True
2025,Singapore Grand Prix,R,HAD,6,Racing Bulls,24.0,2.0,HARD,4.0,True,98.352,28.994,41.64,27.718,16.0,1,,True,False,True,41.4,99.59400000000001,8.5,29.072049689440995,33.85217391304348,True
2025,Singapore Grand Prix,R,HAD,6,Racing Bulls,25.0,2.0,HARD,5.0,True,97.915,29.133,41.305,27.477,16.0,1,,True,False,True,43.2,99.21100000000001,8.5,29.072049689440995,33.85217391304348,True
2025,Singapore Grand Prix,R,HAD,6,Racing Bulls,26.0,2.0,HARD,6.0,True,98.372,29.155,41.384,27.833,15.0,1,,True,False,True,45.0,99.722,8.5,29.072049689440995,33.85217391304348,True
2025,Singapore Grand Prix,R,HAD,6,Racing Bulls,27.0,2.0,HARD,7.0,True,97.978,29.183,41.214,27.581,15.0,1,,True,False,True,46.800000000000004,99.38199999999999,8.5,29.072049689440995,33.85217391304348,True
2025,Singapore Grand Prix,R,HAD,6,Racing Bulls,28.0,2.0,HARD,8.0,True,98.366,29.474,41.343,27.549,14.0,1,,True,False,True,48.6,99.824,8.5,29.072049689440995,33.85217391304348,True
2025,Singapore Grand Prix,R,HAD,6,Racing Bulls,29.0,2.0,HARD,9.0,True,98.085,29.17,41.274,27.641,14.0,1,,True,False,True,50.4,99.597,8.5,29.072049689440995,33.85217391304348,True
2025,Singapore Grand Prix,R,HAD,6,Racing Bulls,30.0,2.0,HARD,10.0,True,98.055,29.145,41.281,27.629,14.0,1,,True,False,True,52.2,99.62100000000001,8.5,29.072049689440995,33.85217391304348,True
2025,Singapore Grand Prix,R,HAD,6,Racing Bulls,31.0,2.0,HARD,11.0,True,97.736,29.082,41.053,27.601,13.0,1,,True,False,True,54.0,99.35600000000001,8.5,29.072049689440995,33.85217391304348,True
2025,Singapore Grand Prix,R,HAD,6,Racing Bulls,32.0,2.0,HARD,12.0,True,97.842,29.034,41.212,27.596,13.0,1,,True,False,True,55.800000000000004,99.516,8.5,29.072049689440995,33.85217391304348,True
2025,Singapore Grand Prix,R,HAD,6,Racing Bulls,33.0,2.0,HARD,13.0,True,97.777,29.126,41.115,27.536,13.0,1,,True,False,True,57.6,99.505,8.5,29.072049689440995,33.85217391304348,True
2025,Singapore Grand Prix,R,HAD,6,Racing Bulls,34.0,2.0,HARD,14.0,True,97.86,29.079,41.18,27.601,13.0,1,,True,False,True,59.4,99.642,8.5,29.072049689440995,33.85217391304348,True
2025,Singapore Grand Prix,R,HAD,6,Racing Bulls,35.0,2.0,HARD,15.0,True,97.927,29.078,41.241,27.608,13.0,1,,True,False,True,61.2,99.763,8.5,29.072049689440995,33.85217391304348,True
2025,Singapore Grand Prix,R,HAD,6,Racing Bulls,36.0,2.0,HARD,16.0,True,101.606,29.116,43.447,29.043,13.0,1,,True,False,True,63.0,103.496,8.5,29.072049689440995,33.85217391304348,True
2025,Singapore Grand Prix,R,HAD,6,Racing Bulls,37.0,2.0,HARD,17.0,True,101.044,30.63,42.518,27.896,14.0,1,,True,False,True,64.8,102.988,8.5,29.072049689440995,33.85217391304348,True
2025,Singapore Grand Prix,R,HAD,6,Racing Bulls,38.0,2.0,HARD,18.0,True,98.662,29.389,41.531,27.742,14.0,1,,True,False,True,66.60000000000001,100.66000000000001,8.5,29.072049689440995,33.85217391304348,True
2025,Singapore Grand Prix,R,HAD,6,Racing Bulls,39.0,2.0,HARD,19.0,True,98.013,29.152,41.244,27.617,13.0,1,,True,False,True,68.4,100.06500000000001,8.5,29.072049689440995,33.85217391304348,True
2025,Singapore Grand Prix,R,HAD,6,Racing Bulls,40.0,2.0,HARD,20.0,True,97.77,29.107,41.22,27.443,13.0,1,,True,False,True,70.2,99.87599999999999,8.5,29.072049689440995,33.85217391304348,True
2025,Singapore Grand Prix,R,HAD,6,Racing Bulls,41.0,2.0,HARD,21.0,True,97.614,29.03,41.158,27.426,13.0,1,,True,False,True,72.0,99.774,8.5,29.072049689440995,33.85217391304348,True
2025,Singapore Grand Prix,R,HAD,6,Racing Bulls,42.0,2.0,HARD,22.0,True,99.032,29.044,41.65,28.338,12.0,1,,True,False,True,73.8,101.246,8.5,29.072049689440995,33.85217391304348,True
2025,Singapore Grand Prix,R,HAD,6,Racing Bulls,43.0,2.0,HARD,23.0,True,97.651,28.988,41.188,27.475,12.0,1,,True,False,True,75.60000000000001,99.919,8.5,29.072049689440995,33.85217391304348,True
2025,Singapore Grand Prix,R,HAD,6,Racing Bulls,44.0,2.0,HARD,24.0,True,97.74,29.095,41.157,27.488,12.0,12,,True,False,False,77.4,100.062,8.5,29.072049689440995,33.85217391304348,True
2025,Singapore Grand Prix,R,HAD,6,Racing Bulls,45.0,2.0,HARD,25.0,True,97.813,29.155,41.196,27.462,12.0,1,,True,False,True,79.2,100.18900000000001,8.5,29.072049689440995,33.85217391304348,True
2025,Singapore Grand Prix,R,HAD,6,Racing Bulls,46.0,2.0,HARD,26.0,True,97.742,29.154,41.191,27.397,12.0,1,,True,False,True,81.0,100.172,8.5,29.072049689440995,33.85217391304348,True
2025,Singapore Grand Prix,R,HAD,6,Racing Bulls,47.0,2.0,HARD,27.0,True,97.757,29.079,41.176,27.502,12.0,1,,True,False,True,82.8,100.241,8.5,29.072049689440995,33.85217391304348,True
2025,Singapore Grand Prix,R,HAD,6,Racing Bulls,48.0,2.0,HARD,28.0,True,99.629,29.164,42.486,27.979,11.0,1,,True,False,True,84.60000000000001,102.167,8.5,29.072049689440995,33.85217391304348,True
2025,Singapore Grand Prix,R,HAD,6,Racing Bulls,49.0,2.0,HARD,29.0,True,98.688,29.121,41.982,27.585,11.0,1,,True,False,True,86.4,101.28,8.5,29.072049689440995,33.85217391304348,True
2025,Singapore Grand Prix,R,HAD,6,Racing Bulls,50.0,2.0,HARD,30.0,True,98.784,28.869,42.068,27.847,10.0,1,,True,False,True,88.2,101.43,8.5,29.072049689440995,33.85217391304348,True
2025,Singapore Grand Prix,R,HAD,6,Racing Bulls,51.0,2.0,HARD,31.0,True,100.282,29.532,43.327,27.423,10.0,1,,True,False,True,90.0,102.982,8.5,29.072049689440995,33.85217391304348,True
2025,Singapore Grand Prix,R,HAD,6,Racing Bulls,52.0,2.0,HARD,32.0,True,97.541,29.071,41.03,27.44,10.0,1,,True,False,True,91.8,100.295,8.5,29.072049689440995,33.85217391304348,True
2025,Singapore Grand Prix,R,HAD,6,Racing Bulls,53.0,2.0,HARD,33.0,True,97.184,28.933,40.949,27.302,10.0,1,,True,False,True,93.60000000000001,99.992,8.5,29.072049689440995,33.85217391304348,True
2025,Singapore Grand Prix,R,HAD,6,Racing Bulls,54.0,2.0,HARD,34.0,True,96.938,28.84,40.793,27.305,10.0,1,,True,False,True,95.4,99.8,8.5,29.072049689440995,33.85217391304348,True
2025,Singapore Grand Prix,R,HAD,6,Racing Bulls,55.0,2.0,HARD,35.0,True,100.4,28.935,42.836,28.629,10.0,1,,True,False,True,97.2,103.316,8.5,29.072049689440995,33.85217391304348,True
2025,Singapore Grand Prix,R,HAD,6,Racing Bulls,56.0,2.0,HARD,36.0,True,99.199,29.001,42.919,27.279,10.0,1,,True,False,True,99.0,102.169,8.5,29.072049689440995,33.85217391304348,True
2025,Singapore Grand Prix,R,HAD,6,Racing Bulls,57.0,2.0,HARD,37.0,True,97.093,28.921,40.959,27.213,10.0,1,,True,False,True,100.8,100.117,8.5,29.072049689440995,33.85217391304348,True
2025,Singapore Grand Prix,R,HAD,6,Racing Bulls,58.0,2.0,HARD,38.0,True,97.068,28.828,40.886,27.354,10.0,1,,True,False,True,102.60000000000001,100.146,8.5,29.072049689440995,33.85217391304348,True
2025,Singapore Grand Prix,R,HAD,6,Racing Bulls,59.0,2.0,HARD,39.0,True,98.564,29.822,41.428,27.314,11.0,1,,True,False,True,104.4,101.696,8.5,29.072049689440995,33.85217391304348,True
2025,Singapore Grand Prix,R,HAD,6,Racing Bulls,60.0,2.0,HARD,40.0,True,96.985,28.857,40.917,27.211,11.0,1,,True,False,True,106.2,100.17099999999999,8.5,29.072049689440995,33.85217391304348,True
2025,Singapore Grand Prix,R,HAD,6,Racing Bulls,61.0,2.0,HARD,41.0,True,97.662,29.312,41.059,27.291,11.0,1,,True,False,True,108.0,100.902,8.5,29.072049689440995,33.85217391304348,True
2025,Singapore Grand Prix,R,TSU,22,Red Bull Racing,1.0,1.0,SOFT,1.0,True,115.167,,48.381,29.828,16.0,1,,False,False,True,0.0,115.167,8.5,29.072049689440995,33.85217391304348,True
2025,Singapore Grand Prix,R,TSU,22,Red Bull Racing,2.0,1.0,SOFT,2.0,True,102.21,29.96,43.861,28.389,17.0,1,,True,False,True,1.8,102.264,8.5,29.072049689440995,33.85217391304348,True
2025,Singapore Grand Prix,R,TSU,22,Red Bull Racing,3.0,1.0,SOFT,3.0,True,100.188,29.094,42.694,28.4,17.0,1,,True,False,True,3.6,100.296,8.5,29.072049689440995,33.85217391304348,True
2025,Singapore Grand Prix,R,TSU,22,Red Bull Racing,4.0,1.0,SOFT,4.0,True,99.595,29.199,42.396,28.0,17.0,1,,True,False,True,5.4,99.757,8.5,29.072049689440995,33.85217391304348,True
2025,Singapore Grand Prix,R,TSU,22,Red Bull Racing,5.0,1.0,SOFT,5.0,True,99.162,29.024,42.383,27.755,17.0,1,,True,False,True,7.2,99.378,8.5,29.072049689440995,33.85217391304348,True
2025,Singapore Grand Prix,R,TSU,22,Red Bull Racing,6.0,1.0,SOFT,6.0,True,99.293,28.998,42.393,27.902,17.0,1,,True,False,True,9.0,99.563,8.5,29.072049689440995,33.85217391304348,True
2025,Singapore Grand Prix,R,TSU,22,Red Bull Racing,7.0,1.0,SOFT,7.0,True,99.199,29.03,42.306,27.863,17.0,12,,True,False,False,10.8,99.523,8.5,29.072049689440995,33.85217391304348,True
2025,Singapore Grand Prix,R,TSU,22,Red Bull Racing,8.0,1.0,SOFT,8.0,True,98.957,28.94,42.129,27.888,17.0,1,,True,False,True,12.6,99.335,8.5,29.072049689440995,33.85217391304348,True
2025,Singapore Grand Prix,R,TSU,22,Red Bull Racing,9.0,1.0,SOFT,9.0,True,98.981,28.941,42.224,27.816,17.0,1,,True,False,True,14.4,99.413,8.5,29.072049689440995,33.85217391304348,True
2025,Singapore Grand Prix,R,TSU,22,Red Bull Racing,10.0,1.0,SOFT,10.0,True,99.149,29.019,42.212,27.918,17.0,1,,True,False,True,16.2,99.635,8.5,29.072049689440995,33.85217391304348,True
2025,Singapore Grand Prix,R,TSU,22,Red Bull Racing,11.0,1.0,SOFT,11.0,True,99.007,29.058,42.221,27.728,17.0,1,,True,False,True,18.0,99.54700000000001,8.5,29.072049689440995,33.85217391304348,True
2025,Singapore Grand Prix,R,TSU,22,Red Bull Racing,12.0,1.0,SOFT,12.0,True,98.949,28.947,42.171,27.831,17.0,1,,True,False,True,19.8,99.54299999999999,8.5,29.072049689440995,33.85217391304348,True
2025,Singapore Grand Prix,R,TSU,22,Red Bull Racing,13.0,1.0,SOFT,13.0,True,105.142,29.16,42.106,33.876,20.0,1,,False,True,True,21.6,105.78999999999999,8.5,29.072049689440995,33.85217391304348,True
2025,Singapore Grand Prix,R,TSU,22,Red Bull Racing,14.0,2.0,HARD,1.0,True,116.995,47.589,41.819,27.587,19.0,1,,False,True,True,23.400000000000002,117.697,8.5,29.072049689440995,33.85217391304348,True
2025,Singapore Grand Prix,R,TSU,22,Red Bull Racing,15.0,2.0,HARD,2.0,True,97.038,28.997,40.787,27.254,19.0,1,,True,False,True,25.2,97.794,8.5,29.072049689440995,33.85217391304348,True
2025,Singapore Grand Prix,R,TSU,22,Red Bull Racing,16.0,2.0,HARD,3.0,True,96.934,28.717,40.825,27.392,19.0,1,,True,False,True,27.0,97.744,8.5,29.072049689440995,33.85217391304348,True
2025,Singapore Grand Prix,R,TSU,22,Red Bull Racing,17.0,2.0,HARD,4.0,True,97.076,28.9,40.84,27.336,19.0,1,,True,False,True,28.8,97.94,8.5,29.072049689440995,33.85217391304348,True
2025,Singapore Grand Prix,R,TSU,22,Red Bull Racing,18.0,2.0,HARD,5.0,True,96.998,28.796,40.927,27.275,19.0,1,,True,False,True,30.6,97.91600000000001,8.5,29.072049689440995,33.85217391304348,True
2025,Singapore Grand Prix,R,TSU,22,Red Bull Racing,19.0,2.0,HARD,6.0,True,97.067,28.826999999999998,40.822,27.418,19.0,1,,True,False,True,32.4,98.03899999999999,8.5,29.072049689440995,33.85217391304348,True
2025,Singapore Grand Prix,R,TSU,22,Red Bull Racing,20.0,2.0,HARD,7.0,True,97.172,28.856,40.965,27.351,19.0,1,,True,False,True,34.2,98.198,8.5,29.072049689440995,33.85217391304348,True
2025,Singapore Grand Prix,R,TSU,22,Red Bull Racing,21.0,2.0,HARD,8.0,True,97.846,28.903,41.403,27.54,19.0,1,,True,False,True,36.0,98.926,8.5,29.072049689440995,33.85217391304348,True
2025,Singapore Grand Prix,R,TSU,22,Red Bull Racing,22.0,2.0,HARD,9.0,True,97.953,29.066,41.417,27.47,19.0,1,,True,False,True,37.800000000000004,99.087,8.5,29.072049689440995,33.85217391304348,True
2025,Singapore Grand Prix,R,TSU,22,Red Bull Racing,23.0,2.0,HARD,10.0,True,98.116,29.018,41.495,27.603,19.0,1,,True,False,True,39.6,99.304,8.5,29.072049689440995,33.85217391304348,True
2025,Singapore Grand Prix,R,TSU,22,Red Bull Racing,24.0,2.0,HARD,11.0,True,98.139,28.957,41.625,27.557,19.0,1,,True,False,True,41.4,99.381,8.5,29.072049689440995,33.85217391304348,True
2025,Singapore Grand Prix,R,TSU,22,Red Bull Racing,25.0,2.0,HARD,12.0,True,98.289,29.008,41.65,27.631,18.0,1,,True,False,True,43.2,99.58500000000001,8.5,29.072049689440995,33.85217391304348,True
2025,Singapore Grand Prix,R,TSU,22,Red Bull Racing,26.0,2.0,HARD,13.0,True,98.434,29.101,41.608,27.725,17.0,1,,True,False,True,45.0,99.78399999999999,8.5,29.072049689440995,33.85217391304348,True
2025,Singapore Grand Prix,R,TSU,22,Red Bull Racing,27.0,2.0,HARD,14.0,True,98.049,29.038,41.529,27.482,17.0,1,,True,False,True,46.800000000000004,99.453,8.5,29.072049689440995,33.85217391304348,True
2025,Singapore Grand Prix,R,TSU,22,Red Bull Racing,28.0,2.0,HARD,15.0,True,98.758,29.028,42.002,27.728,17.0,1,,True,False,True,48.6,100.216,8.5,29.072049689440995,33.85217391304348,True
2025,Singapore Grand Prix,R,TSU,22,Red Bull Racing,29.0,2.0,HARD,16.0,True,98.536,28.899,41.923,27.714,17.0,1,,True,False,True,50.4,100.048,8.5,29.072049689440995,33.85217391304348,True
2025,Singapore Grand Prix,R,TSU,22,Red Bull Racing,30.0,2.0,HARD,17.0,True,98.8,28.867,42.016,27.917,17.0,1,,True,False,True,52.2,100.366,8.5,29.072049689440995,33.85217391304348,True
2025,Singapore Grand Prix,R,TSU,22,Red Bull Racing,31.0,2.0,HARD,18.0,True,98.416,29.174,41.712,27.53,16.0,1,,True,False,True,54.0,100.036,8.5,29.072049689440995,33.85217391304348,True
2025,Singapore Grand Prix,R,TSU,22,Red Bull Racing,32.0,2.0,HARD,19.0,True,98.365,28.715,41.847,27.803,16.0,1,,True,False,True,55.800000000000004,100.039,8.5,29.072049689440995,33.85217391304348,True
2025,Singapore Grand Prix,R,TSU,22,Red Bull Racing,33.0,2.0,HARD,20.0,True,98.496,28.766,42.151,27.579,16.0,1,,True,False,True,57.6,100.22399999999999,8.5,29.072049689440995,33.85217391304348,True
2025,Singapore Grand Prix,R,TSU,22,Red Bull Racing,34.0,2.0,HARD,21.0,True,98.056,28.611,41.794,27.651,16.0,1,,True,False,True,59.4,99.838,8.5,29.072049689440995,33.85217391304348,True
2025,Singapore Grand Prix,R,TSU,22,Red Bull Racing,35.0,2.0,HARD,22.0,True,98.205,28.76,41.764,27.681,16.0,1,,True,False,True,61.2,100.041,8.5,29.072049689440995,33.85217391304348,True
2025,Singapore Grand Prix,R,TSU,22,Red Bull Racing,36.0,2.0,HARD,23.0,True,98.281,28.94,41.637,27.704,16.0,1,,True,False,True,63.0,100.171,8.5,29.072049689440995,33.85217391304348,True
2025,Singapore Grand Prix,R,TSU,22,Red Bull Racing,37.0,2.0,HARD,24.0,True,99.216,29.29,42.038,27.888,16.0,1,,True,False,True,64.8,101.16,8.5,29.072049689440995,33.85217391304348,True
2025,Singapore Grand Prix,R,TSU,22,Red Bull Racing,38.0,2.0,HARD,25.0,True,98.757,28.841,42.338,27.578,16.0,1,,True,False,True,66.60000000000001,100.75500000000001,8.5,29.072049689440995,33.85217391304348,True
2025,Singapore Grand Prix,R,TSU,22,Red Bull Racing,39.0,2.0,HARD,26.0,True,98.422,28.813,41.925,27.684,15.0,1,,True,False,True,68.4,100.474,8.5,29.072049689440995,33.85217391304348,True
2025,Singapore Grand Prix,R,TSU,22,Red Bull Racing,40.0,2.0,HARD,27.0,True,98.02,28.8,41.738,27.482,15.0,1,,True,False,True,70.2,100.12599999999999,8.5,29.072049689440995,33.85217391304348,True
2025,Singapore Grand Prix,R,TSU,22,Red Bull Racing,41.0,2.0,HARD,28.0,True,100.021,28.74,42.807,28.474,15.0,1,,True,False,True,72.0,102.181,8.5,29.072049689440995,33.85217391304348,True
2025,Singapore Grand Prix,R,TSU,22,Red Bull Racing,42.0,2.0,HARD,29.0,True,99.256,28.964,42.734,27.558,14.0,1,,True,False,True,73.8,101.47,8.5,29.072049689440995,33.85217391304348,True
2025,Singapore Grand Prix,R,TSU,22,Red Bull Racing,43.0,2.0,HARD,30.0,True,97.501,28.872,41.221,27.408,13.0,1,,True,False,True,75.60000000000001,99.769,8.5,29.072049689440995,33.85217391304348,True
2025,Singapore Grand Prix,R,TSU,22,Red Bull Racing,44.0,2.0,HARD,31.0,True,97.085,28.763,41.134,27.188,13.0,12,,True,False,False,77.4,99.407,8.5,29.072049689440995,33.85217391304348,True
2025,Singapore Grand Prix,R,TSU,22,Red Bull Racing,45.0,2.0,HARD,32.0,True,96.831,28.74,40.977,27.114,13.0,1,,True,False,True,79.2,99.20700000000001,8.5,29.072049689440995,33.85217391304348,True
2025,Singapore Grand Prix,R,TSU,22,Red Bull Racing,46.0,2.0,HARD,33.0,True,97.204,28.723,41.235,27.246,13.0,1,,True,False,True,81.0,99.63399999999999,8.5,29.072049689440995,33.85217391304348,True
2025,Singapore Grand Prix,R,TSU,22,Red Bull Racing,47.0,2.0,HARD,34.0,True,97.187,28.743,41.206,27.238,13.0,1,,True,False,True,82.8,99.67099999999999,8.5,29.072049689440995,33.85217391304348,True
2025,Singapore Grand Prix,R,TSU,22,Red Bull Racing,48.0,2.0,HARD,35.0,True,98.112,28.959,41.571,27.582,12.0,1,,True,False,True,84.60000000000001,100.64999999999999,8.5,29.072049689440995,33.85217391304348,True
2025,Singapore Grand Prix,R,TSU,22,Red Bull Racing,49.0,2.0,HARD,36.0,True,98.353,28.961,41.904,27.488,12.0,1,,True,False,True,86.4,100.945,8.5,29.072049689440995,33.85217391304348,True
2025,Singapore Grand Prix,R,TSU,22,Red Bull Racing,50.0,2.0,HARD,37.0,True,100.09,28.792,41.905,29.393,11.0,1,,True,False,True,88.2,102.736,8.5,29.072049689440995,33.85217391304348,True
2025,Singapore Grand Prix,R,TSU,22,Red Bull Racing,51.0,2.0,HARD,38.0,True,98.679,28.771,42.362,27.546,11.0,1,,True,False,True,90.0,101.379,8.5,29.072049689440995,33.85217391304348,True
2025,Singapore Grand Prix,R,TSU,22,Red Bull Racing,52.0,2.0,HARD,39.0,True,101.585,28.819,41.915,30.851,11.0,1,,True,False,True,91.8,104.339,8.5,29.072049689440995,33.85217391304348,True
2025,Singapore Grand Prix,R,TSU,22,Red Bull Racing,53.0,2.0,HARD,40.0,True,99.992,28.965,41.566,29.461,11.0,1,,True,False,True,93.60000000000001,102.80000000000001,8.5,29.072049689440995,33.85217391304348,True
2025,Singapore Grand Prix,R,TSU,22,Red Bull Racing,54.0,2.0,HARD,41.0,True,97.47,28.884,41.341,27.245,11.0,1,,True,False,True,95.4,100.332,8.5,29.072049689440995,33.85217391304348,True
2025,Singapore Grand Prix,R,TSU,22,Red Bull Racing,55.0,2.0,HARD,42.0,True,97.002,28.725,41.115,27.162,11.0,1,,True,False,True,97.2,99.91799999999999,8.5,29.072049689440995,33.85217391304348,True
2025,Singapore Grand Prix,R,TSU,22,Red Bull Racing,56.0,2.0,HARD,43.0,True,96.852,28.69,41.103,27.059,11.0,1,,True,False,True,99.0,99.822,8.5,29.072049689440995,33.85217391304348,True
2025,Singapore Grand Prix,R,TSU,22,Red Bull Racing,57.0,2.0,HARD,44.0,True,99.01,28.671,43.053,27.286,12.0,1,,True,False,True,100.8,102.034,8.5,29.072049689440995,33.85217391304348,True
2025,Singapore Grand Prix,R,TSU,22,Red Bull Racing,58.0,2.0,HARD,45.0,True,96.952,28.731,41.013,27.208,12.0,1,,True,False,True,102.60000000000001,100.03,8.5,29.072049689440995,33.85217391304348,True
2025,Singapore Grand Prix,R,TSU,22,Red Bull Racing,59.0,2.0,HARD,46.0,True,96.934,28.761,41.114,27.059,12.0,1,,True,False,True,104.4,100.066,8.5,29.072049689440995,33.85217391304348,True
2025,Singapore Grand Prix,R,TSU,22,Red Bull Racing,60.0,2.0,HARD,47.0,True,96.844,28.701,41.071,27.072,12.0,1,,True,False,True,106.2,100.03,8.5,29.072049689440995,33.85217391304348,True
2025,Singapore Grand Prix,R,TSU,22,Red Bull Racing,61.0,2.0,HARD,48.0,True,97.243,28.803,41.217,27.223,12.0,1,,True,False,True,108.0,100.48299999999999,8.5,29.072049689440995,33.85217391304348,True
2025,Singapore Grand Prix,R,STR,18,Aston Martin,1.0,1.0,SOFT,1.0,True,113.822,,47.622,29.178,14.0,1,,False,False,True,0.0,113.822,8.5,29.072049689440995,33.85217391304348,True
2025,Singapore Grand Prix,R,STR,18,Aston Martin,2.0,1.0,SOFT,2.0,True,101.142,29.392,43.208,28.542,14.0,1,,True,False,True,1.8,101.196,8.5,29.072049689440995,33.85217391304348,True
2025,Singapore Grand Prix,R,STR,18,Aston Martin,3.0,1.0,SOFT,3.0,True,99.963,29.153,42.573,28.237,14.0,1,,True,False,True,3.6,100.071,8.5,29.072049689440995,33.85217391304348,True
2025,Singapore Grand Prix,R,STR,18,Aston Martin,4.0,1.0,SOFT,4.0,True,99.589,28.989,42.508,28.092,14.0,1,,True,False,True,5.4,99.751,8.5,29.072049689440995,33.85217391304348,True
2025,Singapore Grand Prix,R,STR,18,Aston Martin,5.0,1.0,SOFT,5.0,True,99.24,29.007,42.29,27.943,14.0,1,,True,False,True,7.2,99.45599999999999,8.5,29.072049689440995,33.85217391304348,True
2025,Singapore Grand Prix,R,STR,18,Aston Martin,6.0,1.0,SOFT,6.0,True,99.132,29.075,42.012,28.045,14.0,1,,True,False,True,9.0,99.402,8.5,29.072049689440995,33.85217391304348,True
2025,Singapore Grand Prix,R,STR,18,Aston Martin,7.0,1.0,SOFT,7.0,True,98.951,29.038,41.999,27.914,14.0,12,,True,False,False,10.8,99.27499999999999,8.5,29.072049689440995,33.85217391304348,True
2025,Singapore Grand Prix,R,STR,18,Aston Martin,8.0,1.0,SOFT,8.0,True,98.67,29.233,41.667,27.77,14.0,1,,True,False,True,12.6,99.048,8.5,29.072049689440995,33.85217391304348,True
2025,Singapore Grand Prix,R,STR,18,Aston Martin,9.0,1.0,SOFT,9.0,True,98.79,29.195,41.722,27.873,14.0,1,,True,False,True,14.4,99.22200000000001,8.5,29.072049689440995,33.85217391304348,True
2025,Singapore Grand Prix,R,STR,18,Aston Martin,10.0,1.0,SOFT,10.0,True,98.81,29.277,41.678,27.855,14.0,1,,True,False,True,16.2,99.296,8.5,29.072049689440995,33.85217391304348,True
2025,Singapore Grand Prix,R,STR,18,Aston Martin,11.0,1.0,SOFT,11.0,True,98.647,29.197,41.814,27.636,14.0,1,,True,False,True,18.0,99.18700000000001,8.5,29.072049689440995,33.85217391304348,True
2025,Singapore Grand Prix,R,STR,18,Aston Martin,12.0,1.0,SOFT,12.0,True,99.065,29.267,41.927,27.871,14.0,1,,True,False,True,19.8,99.65899999999999,8.5,29.072049689440995,33.85217391304348,True
2025,Singapore Grand Prix,R,STR,18,Aston Martin,13.0,1.0,SOFT,13.0,True,98.954,29.333,41.869,27.752,14.0,1,,True,False,True,21.6,99.60199999999999,8.5,29.072049689440995,33.85217391304348,True
2025,Singapore Grand Prix,R,STR,18,Aston Martin,14.0,1.0,SOFT,14.0,True,98.977,29.335,41.879,27.763,13.0,1,,True,False,True,23.400000000000002,99.679,8.5,29.072049689440995,33.85217391304348,True
2025,Singapore Grand Prix,R,STR,18,Aston Martin,15.0,1.0,SOFT,15.0,True,98.242,29.133,41.532,27.576999999999998,13.0,1,,True,False,True,25.2,98.998,8.5,29.072049689440995,33.85217391304348,True
2025,Singapore Grand Prix,R,STR,18,Aston Martin,16.0,1.0,SOFT,16.0,True,99.034,29.352,41.952,27.73,13.0,1,,True,False,True,27.0,99.84400000000001,8.5,29.072049689440995,33.85217391304348,True
2025,Singapore Grand Prix,R,STR,18,Aston Martin,17.0,1.0,SOFT,17.0,True,98.675,29.3,41.751,27.624,13.0,1,,True,False,True,28.8,99.539,8.5,29.072049689440995,33.85217391304348,True
2025,Singapore Grand Prix,R,STR,18,Aston Martin,18.0,1.0,SOFT,18.0,True,98.589,29.295,41.724,27.57,13.0,1,,True,False,True,30.6,99.507,8.5,29.072049689440995,33.85217391304348,True
2025,Singapore Grand Prix,R,STR,18,Aston Martin,19.0,1.0,SOFT,19.0,True,98.608,29.294,41.66,27.654,13.0,1,,True,False,True,32.4,99.58,8.5,29.072049689440995,33.85217391304348,True
2025,Singapore Grand Prix,R,STR,18,Aston Martin,20.0,1.0,SOFT,20.0,True,98.292,29.22,41.515,27.557,13.0,1,,True,False,True,34.2,99.318,8.5,29.072049689440995,33.85217391304348,True
2025,Singapore Grand Prix,R,STR,18,Aston Martin,21.0,1.0,SOFT,21.0,True,98.477,29.269,41.644,27.564,12.0,1,,True,False,True,36.0,99.557,8.5,29.072049689440995,33.85217391304348,True
2025,Singapore Grand Prix,R,STR,18,Aston Martin,22.0,1.0,SOFT,22.0,True,98.499,29.19,41.78,27.529,12.0,1,,True,False,True,37.800000000000004,99.633,8.5,29.072049689440995,33.85217391304348,True
2025,Singapore Grand Prix,R,STR,18,Aston Martin,23.0,1.0,SOFT,23.0,True,98.526,29.142,41.78,27.604,12.0,1,,True,False,True,39.6,99.714,8.5,29.072049689440995,33.85217391304348,True
2025,Singapore Grand Prix,R,STR,18,Aston Martin,24.0,1.0,SOFT,24.0,True,98.498,29.213,41.739,27.546,11.0,1,,True,False,True,41.4,99.74000000000001,8.5,29.072049689440995,33.85217391304348,True
2025,Singapore Grand Prix,R,STR,18,Aston Martin,25.0,1.0,SOFT,25.0,True,98.808,29.215,42.037,27.556,10.0,1,,True,False,True,43.2,100.10400000000001,8.5,29.072049689440995,33.85217391304348,True
2025,Singapore Grand Prix,R,STR,18,Aston Martin,26.0,1.0,SOFT,26.0,True,98.605,29.215,41.848,27.542,10.0,1,,True,False,True,45.0,99.955,8.5,29.072049689440995,33.85217391304348,True
2025,Singapore Grand Prix,R,STR,18,Aston Martin,27.0,1.0,SOFT,27.0,True,98.79,29.2,41.991,27.599,10.0,1,,True,False,True,46.800000000000004,100.194,8.5,29.072049689440995,33.85217391304348,True
2025,Singapore Grand Prix,R,STR,18,Aston Martin,28.0,1.0,SOFT,28.0,True,98.31,29.101,41.81,27.399,9.0,1,,True,False,True,48.6,99.768,8.5,29.072049689440995,33.85217391304348,True
2025,Singapore Grand Prix,R,STR,18,Aston Martin,29.0,1.0,SOFT,29.0,True,98.407,29.199,41.707,27.501,9.0,1,,True,False,True,50.4,99.919,8.5,29.072049689440995,33.85217391304348,True
2025,Singapore Grand Prix,R,STR,18,Aston Martin,30.0,1.0,SOFT,30.0,True,98.683,29.291,41.863,27.529,9.0,1,,True,False,True,52.2,100.24900000000001,8.5,29.072049689440995,33.85217391304348,True
2025,Singapore Grand Prix,R,STR,18,Aston Martin,31.0,1.0,SOFT,31.0,True,98.645,29.247,41.851,27.547,9.0,1,,True,False,True,54.0,100.265,8.5,29.072049689440995,33.85217391304348,True
2025,Singapore Grand Prix,R,STR,18,Aston Martin,32.0,1.0,SOFT,32.0,True,99.025,29.18,41.85,27.995,9.0,1,,True,False,True,55.800000000000004,100.69900000000001,8.5,29.072049689440995,33.85217391304348,True
2025,Singapore Grand Prix,R,STR,18,Aston Martin,33.0,1.0,SOFT,33.0,True,98.878,29.21,42.07,27.598,9.0,1,,True,False,True,57.6,100.606,8.5,29.072049689440995,33.85217391304348,True
2025,Singapore Grand Prix,R,STR,18,Aston Martin,34.0,1.0,SOFT,34.0,True,99.264,29.257,42.204,27.803,9.0,1,,True,False,True,59.4,101.04599999999999,8.5,29.072049689440995,33.85217391304348,True
2025,Singapore Grand Prix,R,STR,18,Aston Martin,35.0,1.0,SOFT,35.0,True,99.085,29.382,42.07,27.633,9.0,1,,True,False,True,61.2,100.92099999999999,8.5,29.072049689440995,33.85217391304348,True
2025,Singapore Grand Prix,R,STR,18,Aston Martin,36.0,1.0,SOFT,36.0,True,99.048,29.304,42.04,27.704,9.0,1,,True,False,True,63.0,100.938,8.5,29.072049689440995,33.85217391304348,True
2025,Singapore Grand Prix,R,STR,18,Aston Martin,37.0,1.0,SOFT,37.0,True,99.727,29.3,42.511,27.916,9.0,1,,True,False,True,64.8,101.671,8.5,29.072049689440995,33.85217391304348,True
2025,Singapore Grand Prix,R,STR,18,Aston Martin,38.0,1.0,SOFT,38.0,True,105.618,29.312,42.537,33.769,13.0,1,,False,True,True,66.60000000000001,107.616,8.5,29.072049689440995,33.85217391304348,True
2025,Singapore Grand Prix,R,STR,18,Aston Martin,39.0,2.0,MEDIUM,2.0,False,114.524,46.033,41.194,27.297,20.0,1,,False,True,True,68.4,116.57600000000001,8.5,29.072049689440995,33.85217391304348,True
2025,Singapore Grand Prix,R,STR,18,Aston Martin,40.0,2.0,MEDIUM,3.0,False,97.21,28.782,41.093,27.335,20.0,1,,True,False,True,70.2,99.31599999999999,8.5,29.072049689440995,33.85217391304348,True
2025,Singapore Grand Prix,R,STR,18,Aston Martin,41.0,2.0,MEDIUM,4.0,False,99.689,30.098,42.297,27.294,20.0,1,,True,False,True,72.0,101.84899999999999,8.5,29.072049689440995,33.85217391304348,True
2025,Singapore Grand Prix,R,STR,18,Aston Martin,42.0,2.0,MEDIUM,5.0,False,97.792,28.928,41.432,27.432,20.0,1,,True,False,True,73.8,100.006,8.5,29.072049689440995,33.85217391304348,True
2025,Singapore Grand Prix,R,STR,18,Aston Martin,43.0,2.0,MEDIUM,6.0,False,97.57,28.819,41.334,27.417,19.0,1,,True,False,True,75.60000000000001,99.838,8.5,29.072049689440995,33.85217391304348,True
2025,Singapore Grand Prix,R,STR,18,Aston Martin,44.0,2.0,MEDIUM,7.0,False,101.327,28.41,41.953,30.964,18.0,12,,True,False,False,77.4,103.649,8.5,29.072049689440995,33.85217391304348,True
2025,Singapore Grand Prix,R,STR,18,Aston Martin,45.0,2.0,MEDIUM,8.0,False,97.661,28.682,41.697,27.282,18.0,1,,True,False,True,79.2,100.037,8.5,29.072049689440995,33.85217391304348,True
2025,Singapore Grand Prix,R,STR,18,Aston Martin,46.0,2.0,MEDIUM,9.0,False,98.761,28.85,41.503,28.408,18.0,1,,True,False,True,81.0,101.191,8.5,29.072049689440995,33.85217391304348,True
2025,Singapore Grand Prix,R,STR,18,Aston Martin,47.0,2.0,MEDIUM,10.0,False,100.366,28.72,41.486,30.16,19.0,1,,True,False,True,82.8,102.85,8.5,29.072049689440995,33.85217391304348,True
2025,Singapore Grand Prix,R,STR,18,Aston Martin,48.0,2.0,MEDIUM,11.0,False,98.112,29.318,41.343,27.451,18.0,1,,True,False,True,84.60000000000001,100.64999999999999,8.5,29.072049689440995,33.85217391304348,True
2025,Singapore Grand Prix,R,STR,18,Aston Martin,49.0,2.0,MEDIUM,12.0,False,97.239,28.601,41.108,27.53,17.0,1,,True,False,True,86.4,99.831,8.5,29.072049689440995,33.85217391304348,True
2025,Singapore Grand Prix,R,STR,18,Aston Martin,50.0,2.0,MEDIUM,13.0,False,100.093,28.812,42.203,29.078,15.0,1,,True,False,True,88.2,102.739,8.5,29.072049689440995,33.85217391304348,True
2025,Singapore Grand Prix,R,STR,18,Aston Martin,51.0,2.0,MEDIUM,14.0,False,98.283,28.919,40.945,28.419,15.0,1,,True,False,True,90.0,100.983,8.5,29.072049689440995,33.85217391304348,True
2025,Singapore Grand Prix,R,STR,18,Aston Martin,52.0,2.0,MEDIUM,15.0,False,97.392,28.704,41.153,27.535,15.0,1,,True,False,True,91.8,100.146,8.5,29.072049689440995,33.85217391304348,True
2025,Singapore Grand Prix,R,STR,18,Aston Martin,53.0,2.0,MEDIUM,16.0,False,97.307,28.538,41.518,27.251,14.0,1,,True,False,True,93.60000000000001,100.11500000000001,8.5,29.072049689440995,33.85217391304348,True
2025,Singapore Grand Prix,R,STR,18,Aston Martin,54.0,2.0,MEDIUM,17.0,False,97.123,28.746,40.967,27.41,14.0,1,,True,False,True,95.4,99.985,8.5,29.072049689440995,33.85217391304348,True
2025,Singapore Grand Prix,R,STR,18,Aston Martin,55.0,2.0,MEDIUM,18.0,False,97.937,28.579,42.343,27.015,14.0,1,,True,False,True,97.2,100.853,8.5,29.072049689440995,33.85217391304348,True
2025,Singapore Grand Prix,R,STR,18,Aston Martin,56.0,2.0,MEDIUM,19.0,False,96.867,28.711,41.002,27.154,14.0,1,,True,False,True,99.0,99.837,8.5,29.072049689440995,33.85217391304348,True
2025,Singapore Grand Prix,R,STR,18,Aston Martin,57.0,2.0,MEDIUM,20.0,False,97.291,28.341,41.31,27.64,13.0,1,,True,False,True,100.8,100.315,8.5,29.072049689440995,33.85217391304348,True
2025,Singapore Grand Prix,R,STR,18,Aston Martin,58.0,2.0,MEDIUM,21.0,False,96.324,28.712,40.661,26.951,13.0,1,,True,False,True,102.60000000000001,99.402,8.5,29.072049689440995,33.85217391304348,True
2025,Singapore Grand Prix,R,STR,18,Aston Martin,59.0,2.0,MEDIUM,22.0,False,96.053,28.542,40.476,27.035,13.0,1,,True,False,True,104.4,99.185,8.5,29.072049689440995,33.85217391304348,True
2025,Singapore Grand Prix,R,STR,18,Aston Martin,60.0,2.0,MEDIUM,23.0,False,95.851,28.481,40.443,26.927,13.0,1,,True,False,True,106.2,99.037,8.5,29.072049689440995,33.85217391304348,True
2025,Singapore Grand Prix,R,STR,18,Aston Martin,61.0,2.0,MEDIUM,24.0,False,96.0,28.424,40.553,27.023,13.0,1,,True,False,True,108.0,99.24,8.5,29.072049689440995,33.85217391304348,True
2025,Singapore Grand Prix,R,ALB,23,Williams,1.0,1.0,MEDIUM,1.0,True,116.76,,47.458,29.737,20.0,1,,False,True,True,0.0,116.76,8.5,29.072049689440995,33.85217391304348,True
2025,Singapore Grand Prix,R,ALB,23,Williams,2.0,1.0,MEDIUM,2.0,True,102.374,30.026,43.752,28.596,20.0,1,,True,False,True,1.8,102.428,8.5,29.072049689440995,33.85217391304348,True
2025,Singapore Grand Prix,R,ALB,23,Williams,3.0,1.0,MEDIUM,3.0,True,100.171,29.272,42.583,28.316,20.0,1,,True,False,True,3.6,100.27900000000001,8.5,29.072049689440995,33.85217391304348,True
2025,Singapore Grand Prix,R,ALB,23,Williams,4.0,1.0,MEDIUM,4.0,True,100.091,29.541,42.369,28.181,20.0,1,,True,False,True,5.4,100.253,8.5,29.072049689440995,33.85217391304348,True
2025,Singapore Grand Prix,R,ALB,23,Williams,5.0,1.0,MEDIUM,5.0,True,99.142,29.157,41.977,28.008,20.0,1,,True,False,True,7.2,99.35799999999999,8.5,29.072049689440995,33.85217391304348,True
2025,Singapore Grand Prix,R,ALB,23,Williams,6.0,1.0,MEDIUM,6.0,True,100.67,29.265,42.985,28.42,20.0,1,,True,False,True,9.0,100.94,8.5,29.072049689440995,33.85217391304348,True
2025,Singapore Grand Prix,R,ALB,23,Williams,7.0,1.0,MEDIUM,7.0,True,99.483,29.525,42.037,27.921,20.0,12,,True,False,False,10.8,99.807,8.5,29.072049689440995,33.85217391304348,True
2025,Singapore Grand Prix,R,ALB,23,Williams,8.0,1.0,MEDIUM,8.0,True,99.48,29.272,42.138,28.07,20.0,1,,True,False,True,12.6,99.858,8.5,29.072049689440995,33.85217391304348,True
2025,Singapore Grand Prix,R,ALB,23,Williams,9.0,1.0,MEDIUM,9.0,True,99.185,29.277,41.999,27.909,20.0,1,,True,False,True,14.4,99.617,8.5,29.072049689440995,33.85217391304348,True
2025,Singapore Grand Prix,R,ALB,23,Williams,10.0,1.0,MEDIUM,10.0,True,98.941,29.192,41.869,27.88,20.0,1,,True,False,True,16.2,99.427,8.5,29.072049689440995,33.85217391304348,True
2025,Singapore Grand Prix,R,ALB,23,Williams,11.0,1.0,MEDIUM,11.0,True,98.758,29.038,41.816,27.904,20.0,1,,True,False,True,18.0,99.298,8.5,29.072049689440995,33.85217391304348,True
2025,Singapore Grand Prix,R,ALB,23,Williams,12.0,1.0,MEDIUM,12.0,True,99.603,29.17,42.093,28.34,20.0,1,,True,False,True,19.8,100.19699999999999,8.5,29.072049689440995,33.85217391304348,True
2025,Singapore Grand Prix,R,ALB,23,Williams,13.0,1.0,MEDIUM,13.0,True,100.215,29.519,42.677,28.019,19.0,1,,True,False,True,21.6,100.863,8.5,29.072049689440995,33.85217391304348,True
2025,Singapore Grand Prix,R,ALB,23,Williams,14.0,1.0,MEDIUM,14.0,True,98.819,29.211,41.956,27.652,18.0,1,,True,False,True,23.400000000000002,99.521,8.5,29.072049689440995,33.85217391304348,True
2025,Singapore Grand Prix,R,ALB,23,Williams,15.0,1.0,MEDIUM,15.0,True,99.028,29.176,41.925,27.927,17.0,1,,True,False,True,25.2,99.784,8.5,29.072049689440995,33.85217391304348,True
2025,Singapore Grand Prix,R,ALB,23,Williams,16.0,1.0,MEDIUM,16.0,True,98.507,29.135,41.668,27.704,17.0,1,,True,False,True,27.0,99.31700000000001,8.5,29.072049689440995,33.85217391304348,True
2025,Singapore Grand Prix,R,ALB,23,Williams,17.0,1.0,MEDIUM,17.0,True,98.427,29.142,41.662,27.623,17.0,1,,True,False,True,28.8,99.29100000000001,8.5,29.072049689440995,33.85217391304348,True
2025,Singapore Grand Prix,R,ALB,23,Williams,18.0,1.0,MEDIUM,18.0,True,98.647,29.183,41.719,27.745,17.0,1,,True,False,True,30.6,99.56500000000001,8.5,29.072049689440995,33.85217391304348,True
2025,Singapore Grand Prix,R,ALB,23,Williams,19.0,1.0,MEDIUM,19.0,True,98.389,29.18,41.568,27.641,17.0,1,,True,False,True,32.4,99.36099999999999,8.5,29.072049689440995,33.85217391304348,True
2025,Singapore Grand Prix,R,ALB,23,Williams,20.0,1.0,MEDIUM,20.0,True,98.469,29.17,41.596,27.703,17.0,1,,True,False,True,34.2,99.49499999999999,8.5,29.072049689440995,33.85217391304348,True
2025,Singapore Grand Prix,R,ALB,23,Williams,21.0,1.0,MEDIUM,21.0,True,98.668,28.822,41.944,27.902,16.0,1,,True,False,True,36.0,99.748,8.5,29.072049689440995,33.85217391304348,True
2025,Singapore Grand Prix,R,ALB,23,Williams,22.0,1.0,MEDIUM,22.0,True,98.446,28.874,41.935,27.637,16.0,1,,True,False,True,37.800000000000004,99.58,8.5,29.072049689440995,33.85217391304348,True
2025,Singapore Grand Prix,R,ALB,23,Williams,23.0,1.0,MEDIUM,23.0,True,98.445,28.951,41.933,27.561,16.0,1,,True,False,True,39.6,99.633,8.5,29.072049689440995,33.85217391304348,True
2025,Singapore Grand Prix,R,ALB,23,Williams,24.0,1.0,MEDIUM,24.0,True,98.64,28.819,42.125,27.696,14.0,1,,True,False,True,41.4,99.882,8.5,29.072049689440995,33.85217391304348,True
2025,Singapore Grand Prix,R,ALB,23,Williams,25.0,1.0,MEDIUM,25.0,True,97.975,28.938,41.509,27.528,14.0,1,,True,False,True,43.2,99.271,8.5,29.072049689440995,33.85217391304348,True
2025,Singapore Grand Prix,R,ALB,23,Williams,26.0,1.0,MEDIUM,26.0,True,99.363,29.026,41.445,28.892,14.0,1,,True,False,True,45.0,100.713,8.5,29.072049689440995,33.85217391304348,True
2025,Singapore Grand Prix,R,ALB,23,Williams,27.0,1.0,MEDIUM,27.0,True,98.21,29.083,41.668,27.459,14.0,1,,True,False,True,46.800000000000004,99.61399999999999,8.5,29.072049689440995,33.85217391304348,True
2025,Singapore Grand Prix,R,ALB,23,Williams,28.0,1.0,MEDIUM,28.0,True,97.694,28.918,41.418,27.358,13.0,1,,True,False,True,48.6,99.152,8.5,29.072049689440995,33.85217391304348,True
2025,Singapore Grand Prix,R,ALB,23,Williams,29.0,1.0,MEDIUM,29.0,True,97.84,28.935,41.534,27.371,13.0,1,,True,False,True,50.4,99.352,8.5,29.072049689440995,33.85217391304348,True
2025,Singapore Grand Prix,R,ALB,23,Williams,30.0,1.0,MEDIUM,30.0,True,97.733,28.889,41.344,27.5,13.0,1,,True,False,True,52.2,99.299,8.5,29.072049689440995,33.85217391304348,True
2025,Singapore Grand Prix,R,ALB,23,Williams,31.0,1.0,MEDIUM,31.0,True,97.831,28.878,41.536,27.417,12.0,1,,True,False,True,54.0,99.45100000000001,8.5,29.072049689440995,33.85217391304348,True
2025,Singapore Grand Prix,R,ALB,23,Williams,32.0,1.0,MEDIUM,32.0,True,98.089,28.886,41.575,27.628,12.0,1,,True,False,True,55.800000000000004,99.763,8.5,29.072049689440995,33.85217391304348,True
2025,Singapore Grand Prix,R,ALB,23,Williams,33.0,1.0,MEDIUM,33.0,True,98.36,28.999,41.756,27.605,12.0,1,,True,False,True,57.6,100.088,8.5,29.072049689440995,33.85217391304348,True
2025,Singapore Grand Prix,R,ALB,23,Williams,34.0,1.0,MEDIUM,34.0,True,98.286,28.957,41.714,27.615,12.0,1,,True,False,True,59.4,100.068,8.5,29.072049689440995,33.85217391304348,True
2025,Singapore Grand Prix,R,ALB,23,Williams,35.0,1.0,MEDIUM,35.0,True,98.601,28.974,41.913,27.714,12.0,1,,True,False,True,61.2,100.437,8.5,29.072049689440995,33.85217391304348,True
2025,Singapore Grand Prix,R,ALB,23,Williams,36.0,1.0,MEDIUM,36.0,True,98.579,29.045,41.946,27.588,12.0,1,,True,False,True,63.0,100.469,8.5,29.072049689440995,33.85217391304348,True
2025,Singapore Grand Prix,R,ALB,23,Williams,37.0,1.0,MEDIUM,37.0,True,98.951,29.122,42.022,27.807,12.0,1,,True,False,True,64.8,100.895,8.5,29.072049689440995,33.85217391304348,True
2025,Singapore Grand Prix,R,ALB,23,Williams,38.0,1.0,MEDIUM,38.0,True,99.303,29.35,42.195,27.758,11.0,1,,True,False,True,66.60000000000001,101.301,8.5,29.072049689440995,33.85217391304348,True
2025,Singapore Grand Prix,R,ALB,23,Williams,39.0,1.0,MEDIUM,39.0,True,98.886,29.038,42.233,27.615,11.0,1,,True,False,True,68.4,100.938,8.5,29.072049689440995,33.85217391304348,True
2025,Singapore Grand Prix,R,ALB,23,Williams,40.0,1.0,MEDIUM,40.0,True,98.624,29.161,42.004,27.459,11.0,1,,True,False,True,70.2,100.72999999999999,8.5,29.072049689440995,33.85217391304348,True
2025,Singapore Grand Prix,R,ALB,23,Williams,41.0,1.0,MEDIUM,41.0,True,98.657,29.054,41.857,27.746,11.0,1,,True,False,True,72.0,100.817,8.5,29.072049689440995,33.85217391304348,True
2025,Singapore Grand Prix,R,ALB,23,Williams,42.0,1.0,MEDIUM,42.0,True,108.02,29.061,44.963,33.996,13.0,1,,False,True,True,73.8,110.234,8.5,29.072049689440995,33.85217391304348,True
2025,Singapore Grand Prix,R,ALB,23,Williams,43.0,2.0,SOFT,1.0,True,116.997,47.001,42.64,27.356,20.0,1,,False,True,True,75.60000000000001,119.265,8.5,29.072049689440995,33.85217391304348,True
2025,Singapore Grand Prix,R,ALB,23,Williams,44.0,2.0,SOFT,2.0,True,96.556,28.499,41.036,27.021,19.0,12,,True,False,False,77.4,98.878,8.5,29.072049689440995,33.85217391304348,True
2025,Singapore Grand Prix,R,ALB,23,Williams,45.0,2.0,SOFT,3.0,True,95.961,28.21,40.742,27.009,19.0,1,,True,False,True,79.2,98.337,8.5,29.072049689440995,33.85217391304348,True
2025,Singapore Grand Prix,R,ALB,23,Williams,46.0,2.0,SOFT,4.0,True,96.606,28.125,41.333,27.148,19.0,1,,True,False,True,81.0,99.036,8.5,29.072049689440995,33.85217391304348,True
2025,Singapore Grand Prix,R,ALB,23,Williams,47.0,2.0,SOFT,5.0,True,98.313,28.334,41.514,28.465,18.0,1,,True,False,True,82.8,100.797,8.5,29.072049689440995,33.85217391304348,True
2025,Singapore Grand Prix,R,ALB,23,Williams,48.0,2.0,SOFT,6.0,True,99.502,30.143,41.994,27.365,19.0,1,,True,False,True,84.60000000000001,102.03999999999999,8.5,29.072049689440995,33.85217391304348,True
2025,Singapore Grand Prix,R,ALB,23,Williams,49.0,2.0,SOFT,7.0,True,98.154,28.636,41.86,27.658,18.0,1,,True,False,True,86.4,100.746,8.5,29.072049689440995,33.85217391304348,True
2025,Singapore Grand Prix,R,ALB,23,Williams,50.0,2.0,SOFT,8.0,True,100.751,28.726,42.786,29.239,18.0,1,,True,False,True,88.2,103.397,8.5,29.072049689440995,33.85217391304348,True
2025,Singapore Grand Prix,R,ALB,23,Williams,51.0,2.0,SOFT,9.0,True,98.346,29.129,41.772,27.445,17.0,1,,True,False,True,90.0,101.046,8.5,29.072049689440995,33.85217391304348,True
2025,Singapore Grand Prix,R,ALB,23,Williams,52.0,2.0,SOFT,10.0,True,96.648,28.436,41.166,27.046,16.0,1,,True,False,True,91.8,99.402,8.5,29.072049689440995,33.85217391304348,True
2025,Singapore Grand Prix,R,ALB,23,Williams,53.0,2.0,SOFT,11.0,True,95.882,28.401,40.513,26.968,15.0,1,,True,False,True,93.60000000000001,98.69000000000001,8.5,29.072049689440995,33.85217391304348,True
2025,Singapore Grand Prix,R,ALB,23,Williams,54.0,2.0,SOFT,12.0,True,96.848,28.383,41.226,27.239,15.0,1,,True,False,True,95.4,99.71,8.5,29.072049689440995,33.85217391304348,True
2025,Singapore Grand Prix,R,ALB,23,Williams,55.0,2.0,SOFT,13.0,True,98.183,28.36,42.622,27.201,15.0,1,,True,False,True,97.2,101.099,8.5,29.072049689440995,33.85217391304348,True
2025,Singapore Grand Prix,R,ALB,23,Williams,56.0,2.0,SOFT,14.0,True,96.706,28.381,41.219,27.106,15.0,1,,True,False,True,99.0,99.676,8.5,29.072049689440995,33.85217391304348,True
2025,Singapore Grand Prix,R,ALB,23,Williams,57.0,2.0,SOFT,15.0,True,97.719,28.362,41.447,27.91,15.0,1,,True,False,True,100.8,100.743,8.5,29.072049689440995,33.85217391304348,True
2025,Singapore Grand Prix,R,ALB,23,Williams,58.0,2.0,SOFT,16.0,True,96.822,28.741,41.105,26.976,14.0,1,,True,False,True,102.60000000000001,99.9,8.5,29.072049689440995,33.85217391304348,True
2025,Singapore Grand Prix,R,ALB,23,Williams,59.0,2.0,SOFT,17.0,True,95.792,28.478,40.473,26.841,14.0,1,,True,False,True,104.4,98.924,8.5,29.072049689440995,33.85217391304348,True
2025,Singapore Grand Prix,R,ALB,23,Williams,60.0,2.0,SOFT,18.0,True,95.648,28.334,40.528,26.786,14.0,1,,True,False,True,106.2,98.834,8.5,29.072049689440995,33.85217391304348,True
2025,Singapore Grand Prix,R,ALB,23,Williams,61.0,2.0,SOFT,19.0,True,95.893,28.099,40.632,27.162,14.0,1,,True,False,True,108.0,99.133,8.5,29.072049689440995,33.85217391304348,True
2025,Singapore Grand Prix,R,LAW,30,Racing Bulls,1.0,1.0,MEDIUM,1.0,True,111.941,,46.282,29.165,12.0,1,,False,False,True,0.0,111.941,8.5,29.072049689440995,33.85217391304348,True
2025,Singapore Grand Prix,R,LAW,30,Racing Bulls,2.0,1.0,MEDIUM,2.0,True,101.671,29.86,43.218,28.593,12.0,1,,True,False,True,1.8,101.72500000000001,8.5,29.072049689440995,33.85217391304348,True
2025,Singapore Grand Prix,R,LAW,30,Racing Bulls,3.0,1.0,MEDIUM,3.0,True,99.832,29.144,42.427,28.261,12.0,1,,True,False,True,3.6,99.94,8.5,29.072049689440995,33.85217391304348,True
2025,Singapore Grand Prix,R,LAW,30,Racing Bulls,4.0,1.0,MEDIUM,4.0,True,99.536,29.108,42.411,28.017,12.0,1,,True,False,True,5.4,99.69800000000001,8.5,29.072049689440995,33.85217391304348,True
2025,Singapore Grand Prix,R,LAW,30,Racing Bulls,5.0,1.0,MEDIUM,5.0,True,98.772,28.899,41.979,27.894,12.0,1,,True,False,True,7.2,98.988,8.5,29.072049689440995,33.85217391304348,True
2025,Singapore Grand Prix,R,LAW,30,Racing Bulls,6.0,1.0,MEDIUM,6.0,True,98.838,28.982,41.984,27.872,12.0,1,,True,False,True,9.0,99.10799999999999,8.5,29.072049689440995,33.85217391304348,True
2025,Singapore Grand Prix,R,LAW,30,Racing Bulls,7.0,1.0,MEDIUM,7.0,True,98.827,29.27,41.725,27.832,12.0,12,,True,False,False,10.8,99.151,8.5,29.072049689440995,33.85217391304348,True
2025,Singapore Grand Prix,R,LAW,30,Racing Bulls,8.0,1.0,MEDIUM,8.0,True,98.966,28.946,42.052,27.968,12.0,1,,True,False,True,12.6,99.344,8.5,29.072049689440995,33.85217391304348,True
2025,Singapore Grand Prix,R,LAW,30,Racing Bulls,9.0,1.0,MEDIUM,9.0,True,98.559,28.938,41.709,27.912,12.0,1,,True,False,True,14.4,98.991,8.5,29.072049689440995,33.85217391304348,True
2025,Singapore Grand Prix,R,LAW,30,Racing Bulls,10.0,1.0,MEDIUM,10.0,True,98.379,28.838,41.717,27.824,12.0,1,,True,False,True,16.2,98.86500000000001,8.5,29.072049689440995,33.85217391304348,True
2025,Singapore Grand Prix,R,LAW,30,Racing Bulls,11.0,1.0,MEDIUM,11.0,True,98.614,28.896,41.8,27.918,12.0,1,,True,False,True,18.0,99.15400000000001,8.5,29.072049689440995,33.85217391304348,True
2025,Singapore Grand Prix,R,LAW,30,Racing Bulls,12.0,1.0,MEDIUM,12.0,True,99.222,29.198,42.001,28.023,12.0,1,,True,False,True,19.8,99.81599999999999,8.5,29.072049689440995,33.85217391304348,True
2025,Singapore Grand Prix,R,LAW,30,Racing Bulls,13.0,1.0,MEDIUM,13.0,True,98.886,29.209,41.754,27.923000000000002,12.0,1,,True,False,True,21.6,99.53399999999999,8.5,29.072049689440995,33.85217391304348,True
2025,Singapore Grand Prix,R,LAW,30,Racing Bulls,14.0,1.0,MEDIUM,14.0,True,98.787,29.279,41.567,27.941,12.0,1,,True,False,True,23.400000000000002,99.489,8.5,29.072049689440995,33.85217391304348,True
2025,Singapore Grand Prix,R,LAW,30,Racing Bulls,15.0,1.0,MEDIUM,15.0,True,99.272,29.31,41.834,28.128,12.0,1,,True,False,True,25.2,100.028,8.5,29.072049689440995,33.85217391304348,True
2025,Singapore Grand Prix,R,LAW,30,Racing Bulls,16.0,1.0,MEDIUM,16.0,True,98.943,29.2,41.8,27.943,12.0,1,,True,False,True,27.0,99.753,8.5,29.072049689440995,33.85217391304348,True
2025,Singapore Grand Prix,R,LAW,30,Racing Bulls,17.0,1.0,MEDIUM,17.0,True,98.696,29.23,41.598,27.868,12.0,1,,True,False,True,28.8,99.56,8.5,29.072049689440995,33.85217391304348,True
2025,Singapore Grand Prix,R,LAW,30,Racing Bulls,18.0,1.0,MEDIUM,18.0,True,98.548,29.138,41.715,27.695,12.0,1,,True,False,True,30.6,99.46600000000001,8.5,29.072049689440995,33.85217391304348,True
2025,Singapore Grand Prix,R,LAW,30,Racing Bulls,19.0,1.0,MEDIUM,19.0,True,98.38,29.156,41.511,27.713,12.0,1,,True,False,True,32.4,99.35199999999999,8.5,29.072049689440995,33.85217391304348,True
2025,Singapore Grand Prix,R,LAW,30,Racing Bulls,20.0,1.0,MEDIUM,20.0,True,98.5,29.126,41.527,27.847,12.0,1,,True,False,True,34.2,99.526,8.5,29.072049689440995,33.85217391304348,True
2025,Singapore Grand Prix,R,LAW,30,Racing Bulls,21.0,1.0,MEDIUM,21.0,True,98.554,29.119,41.662,27.773,11.0,1,,True,False,True,36.0,99.634,8.5,29.072049689440995,33.85217391304348,True
2025,Singapore Grand Prix,R,LAW,30,Racing Bulls,22.0,1.0,MEDIUM,22.0,True,98.842,29.244,41.719,27.879,11.0,1,,True,False,True,37.800000000000004,99.976,8.5,29.072049689440995,33.85217391304348,True
2025,Singapore Grand Prix,R,LAW,30,Racing Bulls,23.0,1.0,MEDIUM,23.0,True,98.724,29.09,41.814,27.82,11.0,1,,True,False,True,39.6,99.912,8.5,29.072049689440995,33.85217391304348,True
2025,Singapore Grand Prix,R,LAW,30,Racing Bulls,24.0,1.0,MEDIUM,24.0,True,98.386,29.026,41.551,27.809,10.0,1,,True,False,True,41.4,99.628,8.5,29.072049689440995,33.85217391304348,True
2025,Singapore Grand Prix,R,LAW,30,Racing Bulls,25.0,1.0,MEDIUM,25.0,True,99.052,29.213,42.118,27.721,9.0,1,,True,False,True,43.2,100.34800000000001,8.5,29.072049689440995,33.85217391304348,True
2025,Singapore Grand Prix,R,LAW,30,Racing Bulls,26.0,1.0,MEDIUM,26.0,True,98.362,29.076,41.561,27.725,9.0,1,,True,False,True,45.0,99.71199999999999,8.5,29.072049689440995,33.85217391304348,True
2025,Singapore Grand Prix,R,LAW,30,Racing Bulls,27.0,1.0,MEDIUM,27.0,True,98.546,29.101,41.636,27.809,9.0,1,,True,False,True,46.800000000000004,99.95,8.5,29.072049689440995,33.85217391304348,True
2025,Singapore Grand Prix,R,LAW,30,Racing Bulls,28.0,1.0,MEDIUM,28.0,True,98.103,29.04,41.475,27.588,8.0,1,,True,False,True,48.6,99.56099999999999,8.5,29.072049689440995,33.85217391304348,True
2025,Singapore Grand Prix,R,LAW,30,Racing Bulls,29.0,1.0,MEDIUM,29.0,True,98.48,29.085,41.552,27.843,8.0,1,,True,False,True,50.4,99.992,8.5,29.072049689440995,33.85217391304348,True
2025,Singapore Grand Prix,R,LAW,30,Racing Bulls,30.0,1.0,MEDIUM,30.0,True,98.341,29.071,41.567,27.703,8.0,1,,True,False,True,52.2,99.907,8.5,29.072049689440995,33.85217391304348,True
2025,Singapore Grand Prix,R,LAW,30,Racing Bulls,31.0,1.0,MEDIUM,31.0,True,98.312,29.048,41.568,27.696,8.0,1,,True,False,True,54.0,99.932,8.5,29.072049689440995,33.85217391304348,True
2025,Singapore Grand Prix,R,LAW,30,Racing Bulls,32.0,1.0,MEDIUM,32.0,True,98.337,29.024,41.603,27.71,8.0,1,,True,False,True,55.800000000000004,100.01100000000001,8.5,29.072049689440995,33.85217391304348,True
2025,Singapore Grand Prix,R,LAW,30,Racing Bulls,33.0,1.0,MEDIUM,33.0,True,98.26,29.08,41.511,27.669,8.0,1,,True,False,True,57.6,99.988,8.5,29.072049689440995,33.85217391304348,True
2025,Singapore Grand Prix,R,LAW,30,Racing Bulls,34.0,1.0,MEDIUM,34.0,True,98.362,29.062,41.575,27.725,8.0,1,,True,False,True,59.4,100.14399999999999,8.5,29.072049689440995,33.85217391304348,True
2025,Singapore Grand Prix,R,LAW,30,Racing Bulls,35.0,1.0,MEDIUM,35.0,True,98.486,29.096,41.699,27.691,8.0,1,,True,False,True,61.2,100.322,8.5,29.072049689440995,33.85217391304348,True
2025,Singapore Grand Prix,R,LAW,30,Racing Bulls,36.0,1.0,MEDIUM,36.0,True,98.678,29.132,41.893,27.653,8.0,1,,True,False,True,63.0,100.568,8.5,29.072049689440995,33.85217391304348,True
2025,Singapore Grand Prix,R,LAW,30,Racing Bulls,37.0,1.0,MEDIUM,37.0,True,98.795,29.252,41.835,27.708,8.0,1,,True,False,True,64.8,100.739,8.5,29.072049689440995,33.85217391304348,True
2025,Singapore Grand Prix,R,LAW,30,Racing Bulls,38.0,1.0,MEDIUM,38.0,True,99.014,29.157,42.041,27.816,8.0,1,,True,False,True,66.60000000000001,101.012,8.5,29.072049689440995,33.85217391304348,True
2025,Singapore Grand Prix,R,LAW,30,Racing Bulls,39.0,1.0,MEDIUM,39.0,True,98.83,29.194,41.787,27.849,8.0,1,,True,False,True,68.4,100.882,8.5,29.072049689440995,33.85217391304348,True
2025,Singapore Grand Prix,R,LAW,30,Racing Bulls,40.0,1.0,MEDIUM,40.0,True,99.313,29.263,42.075,27.975,8.0,1,,True,False,True,70.2,101.419,8.5,29.072049689440995,33.85217391304348,True
2025,Singapore Grand Prix,R,LAW,30,Racing Bulls,41.0,1.0,MEDIUM,41.0,True,99.005,29.123,41.983,27.899,8.0,1,,True,False,True,72.0,101.16499999999999,8.5,29.072049689440995,33.85217391304348,True
2025,Singapore Grand Prix,R,LAW,30,Racing Bulls,42.0,1.0,MEDIUM,42.0,True,98.818,29.223,41.773,27.822,8.0,1,,True,False,True,73.8,101.032,8.5,29.072049689440995,33.85217391304348,True
2025,Singapore Grand Prix,R,LAW,30,Racing Bulls,43.0,1.0,MEDIUM,43.0,True,99.18,29.28,42.075,27.825,8.0,1,,True,False,True,75.60000000000001,101.44800000000001,8.5,29.072049689440995,33.85217391304348,True
2025,Singapore Grand Prix,R,LAW,30,Racing Bulls,44.0,1.0,MEDIUM,44.0,True,99.498,29.36,42.133,28.005,8.0,12,,True,False,False,77.4,101.82000000000001,8.5,29.072049689440995,33.85217391304348,True
2025,Singapore Grand Prix,R,LAW,30,Racing Bulls,45.0,1.0,MEDIUM,45.0,True,99.003,29.275,42.062,27.666,8.0,1,,True,False,True,79.2,101.379,8.5,29.072049689440995,33.85217391304348,True
2025,Singapore Grand Prix,R,LAW,30,Racing Bulls,46.0,1.0,MEDIUM,46.0,True,99.352,29.284,42.291,27.777,8.0,1,,True,False,True,81.0,101.78200000000001,8.5,29.072049689440995,33.85217391304348,True
2025,Singapore Grand Prix,R,LAW,30,Racing Bulls,47.0,1.0,MEDIUM,47.0,True,100.79,29.244,42.55,28.996,9.0,1,,True,False,True,82.8,103.274,8.5,29.072049689440995,33.85217391304348,True
2025,Singapore Grand Prix,R,LAW,30,Racing Bulls,48.0,1.0,MEDIUM,48.0,True,106.869,29.646,43.072,34.151,13.0,1,,False,True,True,84.60000000000001,109.407,8.5,29.072049689440995,33.85217391304348,True
2025,Singapore Grand Prix,R,LAW,30,Racing Bulls,49.0,2.0,SOFT,1.0,True,115.656,46.781,41.345,27.53,19.0,1,,False,True,True,86.4,118.248,8.5,29.072049689440995,33.85217391304348,True
2025,Singapore Grand Prix,R,LAW,30,Racing Bulls,50.0,2.0,SOFT,2.0,True,101.289,28.415,42.995,29.879,19.0,1,,True,False,True,88.2,103.935,8.5,29.072049689440995,33.85217391304348,True
2025,Singapore Grand Prix,R,LAW,30,Racing Bulls,51.0,2.0,SOFT,3.0,True,98.14,29.226,41.166,27.748,18.0,1,,True,False,True,90.0,100.84,8.5,29.072049689440995,33.85217391304348,True
2025,Singapore Grand Prix,R,LAW,30,Racing Bulls,52.0,2.0,SOFT,4.0,True,97.829,28.823,41.376,27.63,17.0,1,,True,False,True,91.8,100.583,8.5,29.072049689440995,33.85217391304348,True
2025,Singapore Grand Prix,R,LAW,30,Racing Bulls,53.0,2.0,SOFT,5.0,True,95.96,28.534,40.368,27.058,17.0,1,,True,False,True,93.60000000000001,98.768,8.5,29.072049689440995,33.85217391304348,True
2025,Singapore Grand Prix,R,LAW,30,Racing Bulls,54.0,2.0,SOFT,6.0,True,97.325,28.375,41.701,27.249,16.0,1,,True,False,True,95.4,100.187,8.5,29.072049689440995,33.85217391304348,True
2025,Singapore Grand Prix,R,LAW,30,Racing Bulls,55.0,2.0,SOFT,7.0,True,96.199,28.467,40.59,27.142,16.0,1,,True,False,True,97.2,99.115,8.5,29.072049689440995,33.85217391304348,True
2025,Singapore Grand Prix,R,LAW,30,Racing Bulls,56.0,2.0,SOFT,8.0,True,96.874,28.464,41.25,27.16,16.0,1,,True,False,True,99.0,99.844,8.5,29.072049689440995,33.85217391304348,True
2025,Singapore Grand Prix,R,LAW,30,Racing Bulls,57.0,2.0,SOFT,9.0,True,97.322,28.344,41.336,27.642,16.0,1,,True,False,True,100.8,100.346,8.5,29.072049689440995,33.85217391304348,True
2025,Singapore Grand Prix,R,LAW,30,Racing Bulls,58.0,2.0,SOFT,10.0,True,97.891,28.892,41.896,27.103,15.0,1,,True,False,True,102.60000000000001,100.96900000000001,8.5,29.072049689440995,33.85217391304348,True
2025,Singapore Grand Prix,R,LAW,30,Racing Bulls,59.0,2.0,SOFT,11.0,True,96.065,28.486,40.439,27.14,15.0,1,,True,False,True,104.4,99.197,8.5,29.072049689440995,33.85217391304348,True
2025,Singapore Grand Prix,R,LAW,30,Racing Bulls,60.0,2.0,SOFT,12.0,True,95.86,28.408,40.484,26.968,15.0,1,,True,False,True,106.2,99.04599999999999,8.5,29.072049689440995,33.85217391304348,True
2025,Singapore Grand Prix,R,LAW,30,Racing Bulls,61.0,2.0,SOFT,13.0,True,95.641,28.208,40.587,26.846,15.0,1,,True,False,True,108.0,98.881,8.5,29.072049689440995,33.85217391304348,True
2025,Singapore Grand Prix,R,COL,43,Alpine,1.0,1.0,SOFT,1.0,True,112.427,,46.412,29.19,13.0,1,,False,False,True,0.0,112.427,8.5,29.072049689440995,33.85217391304348,True
2025,Singapore Grand Prix,R,COL,43,Alpine,2.0,1.0,SOFT,2.0,True,101.923,29.949,43.412,28.562,13.0,1,,True,False,True,1.8,101.977,8.5,29.072049689440995,33.85217391304348,True
2025,Singapore Grand Prix,R,COL,43,Alpine,3.0,1.0,SOFT,3.0,True,99.789,29.051,42.656,28.082,13.0,1,,True,False,True,3.6,99.897,8.5,29.072049689440995,33.85217391304348,True
2025,Singapore Grand Prix,R,COL,43,Alpine,4.0,1.0,SOFT,4.0,True,99.604,29.062,42.508,28.034,13.0,1,,True,False,True,5.4,99.766,8.5,29.072049689440995,33.85217391304348,True
2025,Singapore Grand Prix,R,COL,43,Alpine,5.0,1.0,SOFT,5.0,True,98.907,28.938,42.088,27.881,13.0,1,,True,False,True,7.2,99.12299999999999,8.5,29.072049689440995,33.85217391304348,True
2025,Singapore Grand Prix,R,COL,43,Alpine,6.0,1.0,SOFT,6.0,True,99.039,28.921,42.246,27.872,13.0,1,,True,False,True,9.0,99.309,8.5,29.072049689440995,33.85217391304348,True
2025,Singapore Grand Prix,R,COL,43,Alpine,7.0,1.0,SOFT,7.0,True,98.844,28.89,42.309,27.645,13.0,12,,True,False,False,10.8,99.16799999999999,8.5,29.072049689440995,33.85217391304348,True
2025,Singapore Grand Prix,R,COL,43,Alpine,8.0,1.0,SOFT,8.0,True,98.72,28.998,41.911,27.811,13.0,1,,True,False,True,12.6,99.098,8.5,29.072049689440995,33.85217391304348,True
2025,Singapore Grand Prix,R,COL,43,Alpine,9.0,1.0,SOFT,9.0,True,98.76,29.033,41.985,27.742,13.0,1,,True,False,True,14.4,99.19200000000001,8.5,29.072049689440995,33.85217391304348,True
2025,Singapore Grand Prix,R,COL,43,Alpine,10.0,1.0,SOFT,10.0,True,98.649,29.059,41.781,27.809,13.0,1,,True,False,True,16.2,99.135,8.5,29.072049689440995,33.85217391304348,True
2025,Singapore Grand Prix,R,COL,43,Alpine,11.0,1.0,SOFT,11.0,True,98.67,29.054,41.801,27.815,13.0,1,,True,False,True,18.0,99.21000000000001,8.5,29.072049689440995,33.85217391304348,True
2025,Singapore Grand Prix,R,COL,43,Alpine,12.0,1.0,SOFT,12.0,True,98.988,29.164,42.004,27.82,13.0,1,,True,False,True,19.8,99.582,8.5,29.072049689440995,33.85217391304348,True
2025,Singapore Grand Prix,R,COL,43,Alpine,13.0,1.0,SOFT,13.0,True,98.869,29.234,41.903,27.732,13.0,1,,True,False,True,21.6,99.517,8.5,29.072049689440995,33.85217391304348,True
2025,Singapore Grand Prix,R,COL,43,Alpine,14.0,1.0,SOFT,14.0,True,104.453,29.3,42.054,33.099,15.0,1,,False,True,True,23.400000000000002,105.155,8.5,29.072049689440995,33.85217391304348,True
2025,Singapore Grand Prix,R,COL,43,Alpine,15.0,2.0,MEDIUM,1.0,True,114.316,46.404,40.813,27.099,18.0,1,,False,True,True,25.2,115.072,8.5,29.072049689440995,33.85217391304348,True
2025,Singapore Grand Prix,R,COL,43,Alpine,16.0,2.0,MEDIUM,2.0,True,97.557,28.782,41.214,27.561,18.0,1,,True,False,True,27.0,98.367,8.5,29.072049689440995,33.85217391304348,True
2025,Singapore Grand Prix,R,COL,43,Alpine,17.0,2.0,MEDIUM,3.0,True,97.182,28.679,41.128,27.375,18.0,1,,True,False,True,28.8,98.046,8.5,29.072049689440995,33.85217391304348,True
2025,Singapore Grand Prix,R,COL,43,Alpine,18.0,2.0,MEDIUM,4.0,True,97.646,28.874,41.264,27.508,18.0,1,,True,False,True,30.6,98.56400000000001,8.5,29.072049689440995,33.85217391304348,True
2025,Singapore Grand Prix,R,COL,43,Alpine,19.0,2.0,MEDIUM,5.0,True,97.816,28.903,41.234,27.679,18.0,1,,True,False,True,32.4,98.788,8.5,29.072049689440995,33.85217391304348,True
2025,Singapore Grand Prix,R,COL,43,Alpine,20.0,2.0,MEDIUM,6.0,True,97.364,28.766,41.315,27.283,18.0,1,,True,False,True,34.2,98.39,8.5,29.072049689440995,33.85217391304348,True
2025,Singapore Grand Prix,R,COL,43,Alpine,21.0,2.0,MEDIUM,7.0,True,100.941,29.615,43.543,27.783,18.0,1,,True,False,True,36.0,102.021,8.5,29.072049689440995,33.85217391304348,True
2025,Singapore Grand Prix,R,COL,43,Alpine,22.0,2.0,MEDIUM,8.0,True,98.645,29.128,41.8,27.717,18.0,1,,True,False,True,37.800000000000004,99.779,8.5,29.072049689440995,33.85217391304348,True
2025,Singapore Grand Prix,R,COL,43,Alpine,23.0,2.0,MEDIUM,9.0,True,97.924,28.916,41.56,27.448,18.0,1,,True,False,True,39.6,99.11200000000001,8.5,29.072049689440995,33.85217391304348,True
2025,Singapore Grand Prix,R,COL,43,Alpine,24.0,2.0,MEDIUM,10.0,True,97.939,28.883,41.566,27.49,18.0,1,,True,False,True,41.4,99.181,8.5,29.072049689440995,33.85217391304348,True
2025,Singapore Grand Prix,R,COL,43,Alpine,25.0,2.0,MEDIUM,11.0,True,98.213,28.951999999999998,41.824,27.437,17.0,1,,True,False,True,43.2,99.509,8.5,29.072049689440995,33.85217391304348,True
2025,Singapore Grand Prix,R,COL,43,Alpine,26.0,2.0,MEDIUM,12.0,True,98.418,29.087,41.725,27.606,16.0,1,,True,False,True,45.0,99.768,8.5,29.072049689440995,33.85217391304348,True
2025,Singapore Grand Prix,R,COL,43,Alpine,27.0,2.0,MEDIUM,13.0,True,98.338,29.036,41.707,27.595,16.0,1,,True,False,True,46.800000000000004,99.74199999999999,8.5,29.072049689440995,33.85217391304348,True
2025,Singapore Grand Prix,R,COL,43,Alpine,28.0,2.0,MEDIUM,14.0,True,99.169,29.174,42.346,27.649,16.0,1,,True,False,True,48.6,100.627,8.5,29.072049689440995,33.85217391304348,True
2025,Singapore Grand Prix,R,COL,43,Alpine,29.0,2.0,MEDIUM,15.0,True,98.514,28.798000000000002,42.047,27.669,16.0,1,,True,False,True,50.4,100.026,8.5,29.072049689440995,33.85217391304348,True
2025,Singapore Grand Prix,R,COL,43,Alpine,30.0,2.0,MEDIUM,16.0,True,98.572,29.068,41.974,27.53,16.0,1,,True,False,True,52.2,100.138,8.5,29.072049689440995,33.85217391304348,True
2025,Singapore Grand Prix,R,COL,43,Alpine,31.0,2.0,MEDIUM,17.0,True,98.428,28.977,41.695,27.756,15.0,1,,True,False,True,54.0,100.048,8.5,29.072049689440995,33.85217391304348,True
2025,Singapore Grand Prix,R,COL,43,Alpine,32.0,2.0,MEDIUM,18.0,True,98.617,28.935,41.864,27.818,15.0,1,,True,False,True,55.800000000000004,100.29100000000001,8.5,29.072049689440995,33.85217391304348,True
2025,Singapore Grand Prix,R,COL,43,Alpine,33.0,2.0,MEDIUM,19.0,True,98.204,29.0,41.626,27.578,15.0,1,,True,False,True,57.6,99.93199999999999,8.5,29.072049689440995,33.85217391304348,True
2025,Singapore Grand Prix,R,COL,43,Alpine,34.0,2.0,MEDIUM,20.0,True,98.272,28.933,41.902,27.437,15.0,1,,True,False,True,59.4,100.054,8.5,29.072049689440995,33.85217391304348,True
2025,Singapore Grand Prix,R,COL,43,Alpine,35.0,2.0,MEDIUM,21.0,True,97.703,28.783,41.537,27.383,15.0,1,,True,False,True,61.2,99.539,8.5,29.072049689440995,33.85217391304348,True
2025,Singapore Grand Prix,R,COL,43,Alpine,36.0,2.0,MEDIUM,22.0,True,98.313,28.852,41.595,27.866,15.0,1,,True,False,True,63.0,100.203,8.5,29.072049689440995,33.85217391304348,True
2025,Singapore Grand Prix,R,COL,43,Alpine,37.0,2.0,MEDIUM,23.0,True,99.485,29.271,42.429,27.785,15.0,1,,True,False,True,64.8,101.429,8.5,29.072049689440995,33.85217391304348,True
2025,Singapore Grand Prix,R,COL,43,Alpine,38.0,2.0,MEDIUM,24.0,True,98.899,29.192,42.123,27.584,15.0,1,,True,False,True,66.60000000000001,100.897,8.5,29.072049689440995,33.85217391304348,True
2025,Singapore Grand Prix,R,COL,43,Alpine,39.0,2.0,MEDIUM,25.0,True,98.524,28.998,42.004,27.522,14.0,1,,True,False,True,68.4,100.57600000000001,8.5,29.072049689440995,33.85217391304348,True
2025,Singapore Grand Prix,R,COL,43,Alpine,40.0,2.0,MEDIUM,26.0,True,98.069,28.815,41.782,27.472,14.0,1,,True,False,True,70.2,100.175,8.5,29.072049689440995,33.85217391304348,True
2025,Singapore Grand Prix,R,COL,43,Alpine,41.0,2.0,MEDIUM,27.0,True,100.27,28.865,42.866,28.539,14.0,1,,True,False,True,72.0,102.42999999999999,8.5,29.072049689440995,33.85217391304348,True
2025,Singapore Grand Prix,R,COL,43,Alpine,42.0,2.0,MEDIUM,28.0,True,101.546,29.348,44.377,27.821,15.0,1,,True,False,True,73.8,103.76,8.5,29.072049689440995,33.85217391304348,True
2025,Singapore Grand Prix,R,COL,43,Alpine,43.0,2.0,MEDIUM,29.0,True,98.505,28.895,41.954,27.656,14.0,1,,True,False,True,75.60000000000001,100.773,8.5,29.072049689440995,33.85217391304348,True
2025,Singapore Grand Prix,R,COL,43,Alpine,44.0,2.0,MEDIUM,30.0,True,98.957,28.693,42.375,27.889,14.0,12,,True,False,False,77.4,101.279,8.5,29.072049689440995,33.85217391304348,True
2025,Singapore Grand Prix,R,COL,43,Alpine,45.0,2.0,MEDIUM,31.0,True,98.142,28.972,41.69,27.48,14.0,1,,True,False,True,79.2,100.518,8.5,29.072049689440995,33.85217391304348,True
2025,Singapore Grand Prix,R,COL,43,Alpine,46.0,2.0,MEDIUM,32.0,True,100.817,30.366,42.687,27.764,14.0,1,,True,False,True,81.0,103.24699999999999,8.5,29.072049689440995,33.85217391304348,True
2025,Singapore Grand Prix,R,COL,43,Alpine,47.0,2.0,MEDIUM,33.0,True,98.596,28.992,41.94,27.664,14.0,1,,True,False,True,82.8,101.08,8.5,29.072049689440995,33.85217391304348,True
2025,Singapore Grand Prix,R,COL,43,Alpine,48.0,2.0,MEDIUM,34.0,True,101.028,30.676,42.72,27.632,14.0,1,,True,False,True,84.60000000000001,103.566,8.5,29.072049689440995,33.85217391304348,True
2025,Singapore Grand Prix,R,COL,43,Alpine,49.0,2.0,MEDIUM,35.0,True,98.679,29.039,41.686,27.954,13.0,1,,True,False,True,86.4,101.271,8.5,29.072049689440995,33.85217391304348,True
2025,Singapore Grand Prix,R,COL,43,Alpine,50.0,2.0,MEDIUM,36.0,True,99.523,29.685,42.277,27.561,13.0,1,,True,False,True,88.2,102.169,8.5,29.072049689440995,33.85217391304348,True
2025,Singapore Grand Prix,R,COL,43,Alpine,51.0,2.0,MEDIUM,37.0,True,97.834,28.801,41.375,27.658,12.0,1,,True,False,True,90.0,100.534,8.5,29.072049689440995,33.85217391304348,True
2025,Singapore Grand Prix,R,COL,43,Alpine,52.0,2.0,MEDIUM,38.0,True,98.053,29.017,41.755,27.281,12.0,1,,True,False,True,91.8,100.807,8.5,29.072049689440995,33.85217391304348,True
2025,Singapore Grand Prix,R,COL,43,Alpine,53.0,2.0,MEDIUM,39.0,True,98.354,28.643,41.744,27.967,13.0,1,,True,False,True,93.60000000000001,101.162,8.5,29.072049689440995,33.85217391304348,True
2025,Singapore Grand Prix,R,COL,43,Alpine,54.0,2.0,MEDIUM,40.0,True,97.935,28.874,41.772,27.289,13.0,1,,True,False,True,95.4,100.797,8.5,29.072049689440995,33.85217391304348,True
2025,Singapore Grand Prix,R,COL,43,Alpine,55.0,2.0,MEDIUM,41.0,True,98.084,28.819,41.84,27.425,13.0,1,,True,False,True,97.2,101.0,8.5,29.072049689440995,33.85217391304348,True
2025,Singapore Grand Prix,R,COL,43,Alpine,56.0,2.0,MEDIUM,42.0,True,97.433,28.726,41.449,27.258,13.0,1,,True,False,True,99.0,100.403,8.5,29.072049689440995,33.85217391304348,True
2025,Singapore Grand Prix,R,COL,43,Alpine,57.0,2.0,MEDIUM,43.0,True,98.731,28.645,41.665,28.421,14.0,1,,True,False,True,100.8,101.755,8.5,29.072049689440995,33.85217391304348,True
2025,Singapore Grand Prix,R,COL,43,Alpine,58.0,2.0,MEDIUM,44.0,True,103.401,28.88,46.638,27.883,16.0,1,,True,False,True,102.60000000000001,106.479,8.5,29.072049689440995,33.85217391304348,True
2025,Singapore Grand Prix,R,COL,43,Alpine,59.0,2.0,MEDIUM,45.0,True,99.656,29.36,42.342,27.954,16.0,1,,True,False,True,104.4,102.78800000000001,8.5,29.072049689440995,33.85217391304348,True
2025,Singapore Grand Prix,R,COL,43,Alpine,60.0,2.0,MEDIUM,46.0,True,100.213,30.295,42.171,27.747,16.0,1,,True,False,True,106.2,103.399,8.5,29.072049689440995,33.85217391304348,True
2025,Singapore Grand Prix,R,COL,43,Alpine,61.0,2.0,MEDIUM,47.0,True,98.79,29.15,42.04,27.6,16.0,1,,True,False,True,108.0,102.03,8.5,29.072049689440995,33.85217391304348,True
2025,Singapore Grand Prix,R,BOR,5,Kick Sauber,1.0,1.0,MEDIUM,1.0,True,114.057,,47.978,28.993,15.0,1,,False,False,True,0.0,114.057,8.5,29.072049689440995,33.85217391304348,True
2025,Singapore Grand Prix,R,BOR,5,Kick Sauber,2.0,1.0,MEDIUM,2.0,True,101.226,29.586,43.195,28.445,15.0,1,,True,False,True,1.8,101.28,8.5,29.072049689440995,33.85217391304348,True
2025,Singapore Grand Prix,R,BOR,5,Kick Sauber,3.0,1.0,MEDIUM,3.0,True,100.081,29.368,42.679,28.034,15.0,1,,True,False,True,3.6,100.18900000000001,8.5,29.072049689440995,33.85217391304348,True
2025,Singapore Grand Prix,R,BOR,5,Kick Sauber,4.0,1.0,MEDIUM,4.0,True,99.677,29.275,42.467,27.935,15.0,1,,True,False,True,5.4,99.83900000000001,8.5,29.072049689440995,33.85217391304348,True
2025,Singapore Grand Prix,R,BOR,5,Kick Sauber,5.0,1.0,MEDIUM,5.0,True,99.452,29.368,42.219,27.865,15.0,1,,True,False,True,7.2,99.66799999999999,8.5,29.072049689440995,33.85217391304348,True
2025,Singapore Grand Prix,R,BOR,5,Kick Sauber,6.0,1.0,MEDIUM,6.0,True,99.657,29.457,42.273,27.927,15.0,1,,True,False,True,9.0,99.92699999999999,8.5,29.072049689440995,33.85217391304348,True
2025,Singapore Grand Prix,R,BOR,5,Kick Sauber,7.0,1.0,MEDIUM,7.0,True,99.072,29.364,41.847,27.861,15.0,12,,True,False,False,10.8,99.396,8.5,29.072049689440995,33.85217391304348,True
2025,Singapore Grand Prix,R,BOR,5,Kick Sauber,8.0,1.0,MEDIUM,8.0,True,98.776,29.291,41.72,27.765,15.0,1,,True,False,True,12.6,99.154,8.5,29.072049689440995,33.85217391304348,True
2025,Singapore Grand Prix,R,BOR,5,Kick Sauber,9.0,1.0,MEDIUM,9.0,True,99.153,29.286,41.963,27.904,15.0,1,,True,False,True,14.4,99.58500000000001,8.5,29.072049689440995,33.85217391304348,True
2025,Singapore Grand Prix,R,BOR,5,Kick Sauber,10.0,1.0,MEDIUM,10.0,True,98.835,29.252,41.773,27.81,15.0,1,,True,False,True,16.2,99.321,8.5,29.072049689440995,33.85217391304348,True
2025,Singapore Grand Prix,R,BOR,5,Kick Sauber,11.0,1.0,MEDIUM,11.0,True,98.816,29.345,41.664,27.807,15.0,1,,True,False,True,18.0,99.35600000000001,8.5,29.072049689440995,33.85217391304348,True
2025,Singapore Grand Prix,R,BOR,5,Kick Sauber,12.0,1.0,MEDIUM,12.0,True,98.922,29.249,41.861,27.812,15.0,1,,True,False,True,19.8,99.51599999999999,8.5,29.072049689440995,33.85217391304348,True
2025,Singapore Grand Prix,R,BOR,5,Kick Sauber,13.0,1.0,MEDIUM,13.0,True,104.393,29.221,41.813,33.359,17.0,1,,False,True,True,21.6,105.041,8.5,29.072049689440995,33.85217391304348,True
2025,Singapore Grand Prix,R,BOR,5,Kick Sauber,14.0,2.0,HARD,1.0,True,123.963,55.248,41.214,27.501,20.0,1,,False,True,True,23.400000000000002,124.66499999999999,8.5,29.072049689440995,33.85217391304348,True
2025,Singapore Grand Prix,R,BOR,5,Kick Sauber,15.0,2.0,HARD,2.0,True,97.152,28.929,40.948,27.275,20.0,1,,True,False,True,25.2,97.908,8.5,29.072049689440995,33.85217391304348,True
2025,Singapore Grand Prix,R,BOR,5,Kick Sauber,16.0,2.0,HARD,3.0,True,97.126,28.714,40.958,27.454,20.0,1,,True,False,True,27.0,97.936,8.5,29.072049689440995,33.85217391304348,True
2025,Singapore Grand Prix,R,BOR,5,Kick Sauber,17.0,2.0,HARD,4.0,True,97.34,28.868,41.048,27.424,20.0,1,,True,False,True,28.8,98.20400000000001,8.5,29.072049689440995,33.85217391304348,True
2025,Singapore Grand Prix,R,BOR,5,Kick Sauber,18.0,2.0,HARD,5.0,True,97.377,28.861,41.22,27.296,20.0,1,,True,False,True,30.6,98.295,8.5,29.072049689440995,33.85217391304348,True
2025,Singapore Grand Prix,R,BOR,5,Kick Sauber,19.0,2.0,HARD,6.0,True,97.288,28.898,41.066,27.324,20.0,1,,True,False,True,32.4,98.25999999999999,8.5,29.072049689440995,33.85217391304348,True
2025,Singapore Grand Prix,R,BOR,5,Kick Sauber,20.0,2.0,HARD,7.0,True,97.191,28.807,41.02,27.364,20.0,1,,True,False,True,34.2,98.217,8.5,29.072049689440995,33.85217391304348,True
2025,Singapore Grand Prix,R,BOR,5,Kick Sauber,21.0,2.0,HARD,8.0,True,97.237,28.914,40.978,27.345,20.0,1,,True,False,True,36.0,98.317,8.5,29.072049689440995,33.85217391304348,True
2025,Singapore Grand Prix,R,BOR,5,Kick Sauber,22.0,2.0,HARD,9.0,True,97.531,28.806,41.272,27.453,20.0,1,,True,False,True,37.800000000000004,98.665,8.5,29.072049689440995,33.85217391304348,True
2025,Singapore Grand Prix,R,BOR,5,Kick Sauber,23.0,2.0,HARD,10.0,True,97.622,28.83,41.385,27.407,20.0,1,,True,False,True,39.6,98.81,8.5,29.072049689440995,33.85217391304348,True
2025,Singapore Grand Prix,R,BOR,5,Kick Sauber,24.0,2.0,HARD,11.0,True,97.646,28.782,41.287,27.576999999999998,20.0,1,,True,False,True,41.4,98.888,8.5,29.072049689440995,33.85217391304348,True
2025,Singapore Grand Prix,R,BOR,5,Kick Sauber,25.0,2.0,HARD,12.0,True,97.815,28.83,41.607,27.378,19.0,1,,True,False,True,43.2,99.111,8.5,29.072049689440995,33.85217391304348,True
2025,Singapore Grand Prix,R,BOR,5,Kick Sauber,26.0,2.0,HARD,13.0,True,98.328,28.999,41.749,27.58,19.0,1,,True,False,True,45.0,99.678,8.5,29.072049689440995,33.85217391304348,True
2025,Singapore Grand Prix,R,BOR,5,Kick Sauber,27.0,2.0,HARD,14.0,True,98.171,29.055,41.431,27.685,19.0,1,,True,False,True,46.800000000000004,99.575,8.5,29.072049689440995,33.85217391304348,True
2025,Singapore Grand Prix,R,BOR,5,Kick Sauber,28.0,2.0,HARD,15.0,True,98.596,28.965,42.041,27.59,19.0,1,,True,False,True,48.6,100.054,8.5,29.072049689440995,33.85217391304348,True
2025,Singapore Grand Prix,R,BOR,5,Kick Sauber,29.0,2.0,HARD,16.0,True,98.638,29.336,41.718,27.584,19.0,1,,True,False,True,50.4,100.15,8.5,29.072049689440995,33.85217391304348,True
2025,Singapore Grand Prix,R,BOR,5,Kick Sauber,30.0,2.0,HARD,17.0,True,98.529,29.025,41.909,27.595,19.0,1,,True,False,True,52.2,100.095,8.5,29.072049689440995,33.85217391304348,True
2025,Singapore Grand Prix,R,BOR,5,Kick Sauber,31.0,2.0,HARD,18.0,True,98.324,29.102,41.772,27.45,18.0,1,,True,False,True,54.0,99.944,8.5,29.072049689440995,33.85217391304348,True
2025,Singapore Grand Prix,R,BOR,5,Kick Sauber,32.0,2.0,HARD,19.0,True,98.218,28.882,41.739,27.597,18.0,1,,True,False,True,55.800000000000004,99.89200000000001,8.5,29.072049689440995,33.85217391304348,True
2025,Singapore Grand Prix,R,BOR,5,Kick Sauber,33.0,2.0,HARD,20.0,True,98.513,29.111,41.768,27.634,18.0,1,,True,False,True,57.6,100.241,8.5,29.072049689440995,33.85217391304348,True
2025,Singapore Grand Prix,R,BOR,5,Kick Sauber,34.0,2.0,HARD,21.0,True,98.124,28.87,41.647,27.607,18.0,1,,True,False,True,59.4,99.90599999999999,8.5,29.072049689440995,33.85217391304348,True
2025,Singapore Grand Prix,R,BOR,5,Kick Sauber,35.0,2.0,HARD,22.0,True,98.841,29.14,42.141,27.56,18.0,1,,True,False,True,61.2,100.67699999999999,8.5,29.072049689440995,33.85217391304348,True
2025,Singapore Grand Prix,R,BOR,5,Kick Sauber,36.0,2.0,HARD,23.0,True,98.581,29.067,41.908,27.606,18.0,1,,True,False,True,63.0,100.471,8.5,29.072049689440995,33.85217391304348,True
2025,Singapore Grand Prix,R,BOR,5,Kick Sauber,37.0,2.0,HARD,24.0,True,98.427,28.957,41.89,27.58,18.0,1,,True,False,True,64.8,100.37100000000001,8.5,29.072049689440995,33.85217391304348,True
2025,Singapore Grand Prix,R,BOR,5,Kick Sauber,38.0,2.0,HARD,25.0,True,98.612,28.994,42.038,27.58,18.0,1,,True,False,True,66.60000000000001,100.61,8.5,29.072049689440995,33.85217391304348,True
2025,Singapore Grand Prix,R,BOR,5,Kick Sauber,39.0,2.0,HARD,26.0,True,98.432,28.927,41.848,27.657,17.0,1,,True,False,True,68.4,100.48400000000001,8.5,29.072049689440995,33.85217391304348,True
2025,Singapore Grand Prix,R,BOR,5,Kick Sauber,40.0,2.0,HARD,27.0,True,98.004,28.893,41.75,27.361,17.0,1,,True,False,True,70.2,100.11,8.5,29.072049689440995,33.85217391304348,True
2025,Singapore Grand Prix,R,BOR,5,Kick Sauber,41.0,2.0,HARD,28.0,True,98.849,28.896,42.272,27.681,17.0,1,,True,False,True,72.0,101.009,8.5,29.072049689440995,33.85217391304348,True
2025,Singapore Grand Prix,R,BOR,5,Kick Sauber,42.0,2.0,HARD,29.0,True,101.827,29.164,44.765,27.898,17.0,1,,True,False,True,73.8,104.041,8.5,29.072049689440995,33.85217391304348,True
2025,Singapore Grand Prix,R,BOR,5,Kick Sauber,43.0,2.0,HARD,30.0,True,98.793,29.084,41.931,27.778,16.0,1,,True,False,True,75.60000000000001,101.061,8.5,29.072049689440995,33.85217391304348,True
2025,Singapore Grand Prix,R,BOR,5,Kick Sauber,44.0,2.0,HARD,31.0,True,98.449,28.858,41.892,27.699,15.0,12,,True,False,False,77.4,100.771,8.5,29.072049689440995,33.85217391304348,True
2025,Singapore Grand Prix,R,BOR,5,Kick Sauber,45.0,2.0,HARD,32.0,True,99.682,29.033,43.25,27.399,15.0,1,,True,False,True,79.2,102.058,8.5,29.072049689440995,33.85217391304348,True
2025,Singapore Grand Prix,R,BOR,5,Kick Sauber,46.0,2.0,HARD,33.0,True,98.65,28.789,42.086,27.775,15.0,1,,True,False,True,81.0,101.08000000000001,8.5,29.072049689440995,33.85217391304348,True
2025,Singapore Grand Prix,R,BOR,5,Kick Sauber,47.0,2.0,HARD,34.0,True,100.22,28.678,43.313,28.229,15.0,1,,True,False,True,82.8,102.704,8.5,29.072049689440995,33.85217391304348,True
2025,Singapore Grand Prix,R,BOR,5,Kick Sauber,48.0,2.0,HARD,35.0,True,99.047,28.918,42.498,27.631,15.0,1,,True,False,True,84.60000000000001,101.585,8.5,29.072049689440995,33.85217391304348,True
2025,Singapore Grand Prix,R,BOR,5,Kick Sauber,49.0,2.0,HARD,36.0,True,99.69,28.801,42.904,27.985,14.0,1,,True,False,True,86.4,102.282,8.5,29.072049689440995,33.85217391304348,True
2025,Singapore Grand Prix,R,BOR,5,Kick Sauber,50.0,2.0,HARD,37.0,True,98.946,28.573,42.651,27.722,14.0,1,,True,False,True,88.2,101.592,8.5,29.072049689440995,33.85217391304348,True
2025,Singapore Grand Prix,R,BOR,5,Kick Sauber,51.0,2.0,HARD,38.0,True,98.211,28.991,41.736,27.484,13.0,1,,True,False,True,90.0,100.911,8.5,29.072049689440995,33.85217391304348,True
2025,Singapore Grand Prix,R,BOR,5,Kick Sauber,52.0,2.0,HARD,39.0,True,98.99,28.88,41.844,28.266,14.0,1,,True,False,True,91.8,101.744,8.5,29.072049689440995,33.85217391304348,True
2025,Singapore Grand Prix,R,BOR,5,Kick Sauber,53.0,2.0,HARD,40.0,True,100.052,29.006,41.902,29.144,16.0,1,,True,False,True,93.60000000000001,102.86000000000001,8.5,29.072049689440995,33.85217391304348,True
2025,Singapore Grand Prix,R,BOR,5,Kick Sauber,54.0,2.0,HARD,41.0,True,99.959,29.115,42.126,28.718,17.0,1,,True,False,True,95.4,102.821,8.5,29.072049689440995,33.85217391304348,True
2025,Singapore Grand Prix,R,BOR,5,Kick Sauber,55.0,2.0,HARD,42.0,True,101.702,29.786,43.049,28.867,17.0,1,,True,False,True,97.2,104.618,8.5,29.072049689440995,33.85217391304348,True
2025,Singapore Grand Prix,R,BOR,5,Kick Sauber,56.0,2.0,HARD,43.0,True,100.096,29.953,42.54,27.603,17.0,1,,True,False,True,99.0,103.066,8.5,29.072049689440995,33.85217391304348,True
2025,Singapore Grand Prix,R,BOR,5,Kick Sauber,57.0,2.0,HARD,44.0,True,98.065,28.859,41.668,27.538,17.0,1,,True,False,True,100.8,101.089,8.5,29.072049689440995,33.85217391304348,True
2025,Singapore Grand Prix,R,BOR,5,Kick Sauber,58.0,2.0,HARD,45.0,True,97.901,28.983,41.441,27.477,17.0,1,,True,False,True,102.60000000000001,100.979,8.5,29.072049689440995,33.85217391304348,True
2025,Singapore Grand Prix,R,BOR,5,Kick Sauber,59.0,2.0,HARD,46.0,True,98.112,28.969,41.771,27.372,17.0,1,,True,False,True,104.4,101.244,8.5,29.072049689440995,33.85217391304348,True
2025,Singapore Grand Prix,R,BOR,5,Kick Sauber,60.0,2.0,HARD,47.0,True,99.189,29.288,42.381,27.52,17.0,1,,True,False,True,106.2,102.375,8.5,29.072049689440995,33.85217391304348,True
2025,Singapore Grand Prix,R,BOR,5,Kick Sauber,61.0,2.0,HARD,48.0,True,98.947,28.972,42.205,27.77,17.0,1,,True,False,True,108.0,102.187,8.5,29.072049689440995,33.85217391304348,True
2025,Singapore Grand Prix,R,OCO,31,Haas F1 Team,1.0,1.0,MEDIUM,1.0,True,115.463,,48.335,29.653,17.0,1,,False,False,True,0.0,115.463,8.5,29.072049689440995,33.85217391304348,True
2025,Singapore Grand Prix,R,OCO,31,Haas F1 Team,2.0,1.0,MEDIUM,2.0,True,101.132,29.762,43.109,28.261,16.0,1,,True,False,True,1.8,101.186,8.5,29.072049689440995,33.85217391304348,True
2025,Singapore Grand Prix,R,OCO,31,Haas F1 Team,3.0,1.0,MEDIUM,3.0,True,100.342,29.593,42.74,28.009,16.0,1,,True,False,True,3.6,100.45,8.5,29.072049689440995,33.85217391304348,True
2025,Singapore Grand Prix,R,OCO,31,Haas F1 Team,4.0,1.0,MEDIUM,4.0,True,99.425,29.318,42.109,27.998,16.0,1,,True,False,True,5.4,99.587,8.5,29.072049689440995,33.85217391304348,True
2025,Singapore Grand Prix,R,OCO,31,Haas F1 Team,5.0,1.0,MEDIUM,5.0,True,99.209,29.247,42.196,27.766,16.0,1,,True,False,True,7.2,99.425,8.5,29.072049689440995,33.85217391304348,True
2025,Singapore Grand Prix,R,OCO,31,Haas F1 Team,6.0,1.0,MEDIUM,6.0,True,99.324,29.008,42.354,27.962,16.0,1,,True,False,True,9.0,99.594,8.5,29.072049689440995,33.85217391304348,True
2025,Singapore Grand Prix,R,OCO,31,Haas F1 Team,7.0,1.0,MEDIUM,7.0,True,99.153,28.962,42.248,27.943,16.0,12,,True,False,False,10.8,99.477,8.5,29.072049689440995,33.85217391304348,True
2025,Singapore Grand Prix,R,OCO,31,Haas F1 Team,8.0,1.0,MEDIUM,8.0,True,98.887,29.16,41.967,27.76,16.0,1,,True,False,True,12.6,99.265,8.5,29.072049689440995,33.85217391304348,True
2025,Singapore Grand Prix,R,OCO,31,Haas F1 Team,9.0,1.0,MEDIUM,9.0,True,99.115,29.119,42.165,27.831,16.0,1,,True,False,True,14.4,99.547,8.5,29.072049689440995,33.85217391304348,True
2025,Singapore Grand Prix,R,OCO,31,Haas F1 Team,10.0,1.0,MEDIUM,10.0,True,99.079,28.933,42.262,27.884,16.0,1,,True,False,True,16.2,99.565,8.5,29.072049689440995,33.85217391304348,True
2025,Singapore Grand Prix,R,OCO,31,Haas F1 Team,11.0,1.0,MEDIUM,11.0,True,98.945,29.21,42.004,27.731,16.0,1,,True,False,True,18.0,99.485,8.5,29.072049689440995,33.85217391304348,True
2025,Singapore Grand Prix,R,OCO,31,Haas F1 Team,12.0,1.0,MEDIUM,12.0,True,98.889,29.209,41.903,27.777,16.0,1,,True,False,True,19.8,99.48299999999999,8.5,29.072049689440995,33.85217391304348,True
2025,Singapore Grand Prix,R,OCO,31,Haas F1 Team,13.0,1.0,MEDIUM,13.0,True,98.772,29.184,41.794,27.794,15.0,1,,True,False,True,21.6,99.42,8.5,29.072049689440995,33.85217391304348,True
2025,Singapore Grand Prix,R,OCO,31,Haas F1 Team,14.0,1.0,MEDIUM,14.0,True,98.885,29.18,41.858,27.847,14.0,1,,True,False,True,23.400000000000002,99.587,8.5,29.072049689440995,33.85217391304348,True
2025,Singapore Grand Prix,R,OCO,31,Haas F1 Team,15.0,1.0,MEDIUM,15.0,True,98.332,29.159,41.552,27.621,14.0,1,,True,False,True,25.2,99.088,8.5,29.072049689440995,33.85217391304348,True
2025,Singapore Grand Prix,R,OCO,31,Haas F1 Team,16.0,1.0,MEDIUM,16.0,True,98.699,29.189,41.79,27.72,14.0,1,,True,False,True,27.0,99.509,8.5,29.072049689440995,33.85217391304348,True
2025,Singapore Grand Prix,R,OCO,31,Haas F1 Team,17.0,1.0,MEDIUM,17.0,True,98.425,29.109,41.572,27.744,14.0,1,,True,False,True,28.8,99.289,8.5,29.072049689440995,33.85217391304348,True
2025,Singapore Grand Prix,R,OCO,31,Haas F1 Team,18.0,1.0,MEDIUM,18.0,True,98.484,29.078,41.612,27.794,14.0,1,,True,False,True,30.6,99.402,8.5,29.072049689440995,33.85217391304348,True
2025,Singapore Grand Prix,R,OCO,31,Haas F1 Team,19.0,1.0,MEDIUM,19.0,True,98.363,29.229,41.515,27.619,14.0,1,,True,False,True,32.4,99.335,8.5,29.072049689440995,33.85217391304348,True
2025,Singapore Grand Prix,R,OCO,31,Haas F1 Team,20.0,1.0,MEDIUM,20.0,True,98.274,29.068,41.617,27.589,14.0,1,,True,False,True,34.2,99.3,8.5,29.072049689440995,33.85217391304348,True
2025,Singapore Grand Prix,R,OCO,31,Haas F1 Team,21.0,1.0,MEDIUM,21.0,True,98.511,29.11,41.756,27.645,13.0,1,,True,False,True,36.0,99.591,8.5,29.072049689440995,33.85217391304348,True
2025,Singapore Grand Prix,R,OCO,31,Haas F1 Team,22.0,1.0,MEDIUM,22.0,True,98.526,29.04,41.79,27.696,13.0,1,,True,False,True,37.800000000000004,99.66,8.5,29.072049689440995,33.85217391304348,True
2025,Singapore Grand Prix,R,OCO,31,Haas F1 Team,23.0,1.0,MEDIUM,23.0,True,98.493,29.122,41.777,27.594,13.0,1,,True,False,True,39.6,99.681,8.5,29.072049689440995,33.85217391304348,True
2025,Singapore Grand Prix,R,OCO,31,Haas F1 Team,24.0,1.0,MEDIUM,24.0,True,98.344,29.011,41.87,27.463,12.0,1,,True,False,True,41.4,99.586,8.5,29.072049689440995,33.85217391304348,True
2025,Singapore Grand Prix,R,OCO,31,Haas F1 Team,25.0,1.0,MEDIUM,25.0,True,98.512,28.966,41.962,27.584,12.0,1,,True,False,True,43.2,99.808,8.5,29.072049689440995,33.85217391304348,True
2025,Singapore Grand Prix,R,OCO,31,Haas F1 Team,26.0,1.0,MEDIUM,26.0,True,98.632,29.115,41.896,27.621,11.0,1,,True,False,True,45.0,99.982,8.5,29.072049689440995,33.85217391304348,True
2025,Singapore Grand Prix,R,OCO,31,Haas F1 Team,27.0,1.0,MEDIUM,27.0,True,98.565,29.121,41.883,27.561,11.0,1,,True,False,True,46.800000000000004,99.969,8.5,29.072049689440995,33.85217391304348,True
2025,Singapore Grand Prix,R,OCO,31,Haas F1 Team,28.0,1.0,MEDIUM,28.0,True,98.579,29.214,41.786,27.579,10.0,1,,True,False,True,48.6,100.03699999999999,8.5,29.072049689440995,33.85217391304348,True
2025,Singapore Grand Prix,R,OCO,31,Haas F1 Team,29.0,1.0,MEDIUM,29.0,True,98.448,29.067,41.879,27.502,10.0,1,,True,False,True,50.4,99.96,8.5,29.072049689440995,33.85217391304348,True
2025,Singapore Grand Prix,R,OCO,31,Haas F1 Team,30.0,1.0,MEDIUM,30.0,True,104.299,29.087,41.857,33.355,12.0,1,,False,True,True,52.2,105.86500000000001,8.5,29.072049689440995,33.85217391304348,True
2025,Singapore Grand Prix,R,OCO,31,Haas F1 Team,31.0,2.0,HARD,1.0,True,115.197,47.072,40.786,27.339,20.0,1,,False,True,True,54.0,116.81700000000001,8.5,29.072049689440995,33.85217391304348,True
2025,Singapore Grand Prix,R,OCO,31,Haas F1 Team,32.0,2.0,HARD,2.0,True,96.646,28.594,40.654,27.398,20.0,1,,True,False,True,55.800000000000004,98.32000000000001,8.5,29.072049689440995,33.85217391304348,True
2025,Singapore Grand Prix,R,OCO,31,Haas F1 Team,33.0,2.0,HARD,3.0,True,97.017,28.743,40.944,27.33,20.0,1,,True,False,True,57.6,98.74499999999999,8.5,29.072049689440995,33.85217391304348,True
2025,Singapore Grand Prix,R,OCO,31,Haas F1 Team,34.0,2.0,HARD,4.0,True,97.416,28.51,41.394,27.512,20.0,1,,True,False,True,59.4,99.198,8.5,29.072049689440995,33.85217391304348,True
2025,Singapore Grand Prix,R,OCO,31,Haas F1 Team,35.0,2.0,HARD,5.0,True,98.609,28.611,41.913,28.085,20.0,1,,True,False,True,61.2,100.445,8.5,29.072049689440995,33.85217391304348,True
2025,Singapore Grand Prix,R,OCO,31,Haas F1 Team,36.0,2.0,HARD,6.0,True,98.472,28.71,42.147,27.615,20.0,1,,True,False,True,63.0,100.362,8.5,29.072049689440995,33.85217391304348,True
2025,Singapore Grand Prix,R,OCO,31,Haas F1 Team,37.0,2.0,HARD,7.0,True,98.617,28.818,41.988,27.811,20.0,1,,True,False,True,64.8,100.561,8.5,29.072049689440995,33.85217391304348,True
2025,Singapore Grand Prix,R,OCO,31,Haas F1 Team,38.0,2.0,HARD,8.0,True,98.53,28.784,42.163,27.583,20.0,1,,True,False,True,66.60000000000001,100.528,8.5,29.072049689440995,33.85217391304348,True
2025,Singapore Grand Prix,R,OCO,31,Haas F1 Team,39.0,2.0,HARD,9.0,True,98.148,28.551,41.983,27.614,19.0,1,,True,False,True,68.4,100.2,8.5,29.072049689440995,33.85217391304348,True
2025,Singapore Grand Prix,R,OCO,31,Haas F1 Team,40.0,2.0,HARD,10.0,True,98.437,28.813,42.023,27.601,19.0,1,,True,False,True,70.2,100.54299999999999,8.5,29.072049689440995,33.85217391304348,True
2025,Singapore Grand Prix,R,OCO,31,Haas F1 Team,41.0,2.0,HARD,11.0,True,98.411,28.601,42.009,27.801,19.0,1,,True,False,True,72.0,100.571,8.5,29.072049689440995,33.85217391304348,True
2025,Singapore Grand Prix,R,OCO,31,Haas F1 Team,42.0,2.0,HARD,12.0,True,101.821,28.999,44.585,28.237,19.0,1,,True,False,True,73.8,104.035,8.5,29.072049689440995,33.85217391304348,True
2025,Singapore Grand Prix,R,OCO,31,Haas F1 Team,43.0,2.0,HARD,13.0,True,100.519,29.028,42.827,28.664,18.0,1,,True,False,True,75.60000000000001,102.787,8.5,29.072049689440995,33.85217391304348,True
2025,Singapore Grand Prix,R,OCO,31,Haas F1 Team,44.0,2.0,HARD,14.0,True,97.957,28.535,41.82,27.602,17.0,12,,True,False,False,77.4,100.279,8.5,29.072049689440995,33.85217391304348,True
2025,Singapore Grand Prix,R,OCO,31,Haas F1 Team,45.0,2.0,HARD,15.0,True,98.767,28.672,42.383,27.712,17.0,1,,True,False,True,79.2,101.143,8.5,29.072049689440995,33.85217391304348,True
2025,Singapore Grand Prix,R,OCO,31,Haas F1 Team,46.0,2.0,HARD,16.0,True,101.375,30.381,42.627,28.367,17.0,1,,True,False,True,81.0,103.805,8.5,29.072049689440995,33.85217391304348,True
2025,Singapore Grand Prix,R,OCO,31,Haas F1 Team,47.0,2.0,HARD,17.0,True,97.55,28.771,41.268,27.511,17.0,1,,True,False,True,82.8,100.03399999999999,8.5,29.072049689440995,33.85217391304348,True
2025,Singapore Grand Prix,R,OCO,31,Haas F1 Team,48.0,2.0,HARD,18.0,True,99.787,28.643,43.393,27.751,17.0,1,,True,False,True,84.60000000000001,102.325,8.5,29.072049689440995,33.85217391304348,True
2025,Singapore Grand Prix,R,OCO,31,Haas F1 Team,49.0,2.0,HARD,19.0,True,98.536,28.593,42.143,27.8,16.0,1,,True,False,True,86.4,101.128,8.5,29.072049689440995,33.85217391304348,True
2025,Singapore Grand Prix,R,OCO,31,Haas F1 Team,50.0,2.0,HARD,20.0,True,100.651,28.671,42.441,29.539,16.0,1,,True,False,True,88.2,103.297,8.5,29.072049689440995,33.85217391304348,True
2025,Singapore Grand Prix,R,OCO,31,Haas F1 Team,51.0,2.0,HARD,21.0,True,100.34,30.279,42.272,27.789,16.0,1,,True,False,True,90.0,103.04,8.5,29.072049689440995,33.85217391304348,True
2025,Singapore Grand Prix,R,OCO,31,Haas F1 Team,52.0,2.0,HARD,22.0,True,100.037,28.94,42.669,28.428,18.0,1,,True,False,True,91.8,102.79100000000001,8.5,29.072049689440995,33.85217391304348,True
2025,Singapore Grand Prix,R,OCO,31,Haas F1 Team,53.0,2.0,HARD,23.0,True,97.643,28.696,41.4,27.547,18.0,1,,True,False,True,93.60000000000001,100.45100000000001,8.5,29.072049689440995,33.85217391304348,True
2025,Singapore Grand Prix,R,OCO,31,Haas F1 Team,54.0,2.0,HARD,24.0,True,102.034,30.078,44.456,27.5,18.0,1,,True,False,True,95.4,104.896,8.5,29.072049689440995,33.85217391304348,True
2025,Singapore Grand Prix,R,OCO,31,Haas F1 Team,55.0,2.0,HARD,25.0,True,97.873,28.655,41.84,27.378,18.0,1,,True,False,True,97.2,100.789,8.5,29.072049689440995,33.85217391304348,True
2025,Singapore Grand Prix,R,OCO,31,Haas F1 Team,56.0,2.0,HARD,26.0,True,98.859,28.574,42.527,27.758,18.0,1,,True,False,True,99.0,101.829,8.5,29.072049689440995,33.85217391304348,True
2025,Singapore Grand Prix,R,OCO,31,Haas F1 Team,57.0,2.0,HARD,27.0,True,98.062,28.664,41.782,27.616,18.0,1,,True,False,True,100.8,101.086,8.5,29.072049689440995,33.85217391304348,True
2025,Singapore Grand Prix,R,OCO,31,Haas F1 Team,58.0,2.0,HARD,28.0,True,97.972,28.793,41.723,27.456,18.0,1,,True,False,True,102.60000000000001,101.05,8.5,29.072049689440995,33.85217391304348,True
2025,Singapore Grand Prix,R,OCO,31,Haas F1 Team,59.0,2.0,HARD,29.0,True,98.154,28.715,41.91,27.529,18.0,1,,True,False,True,104.4,101.286,8.5,29.072049689440995,33.85217391304348,True
2025,Singapore Grand Prix,R,OCO,31,Haas F1 Team,60.0,2.0,HARD,30.0,True,99.143,28.914,42.578,27.651,18.0,1,,True,False,True,106.2,102.32900000000001,8.5,29.072049689440995,33.85217391304348,True
2025,Singapore Grand Prix,R,OCO,31,Haas F1 Team,61.0,2.0,HARD,31.0,True,98.814,28.704,42.377,27.733,18.0,1,,True,False,True,108.0,102.05399999999999,8.5,29.072049689440995,33.85217391304348,True
2025,Singapore Grand Prix,R,GAS,10,Alpine,1.0,1.0,MEDIUM,1.0,True,116.341,,47.764,29.755,19.0,1,,False,True,True,0.0,116.341,8.5,29.072049689440995,33.85217391304348,True
2025,Singapore Grand Prix,R,GAS,10,Alpine,2.0,1.0,MEDIUM,2.0,True,102.454,30.174,43.722,28.558,19.0,1,,True,False,True,1.8,102.508,8.5,29.072049689440995,33.85217391304348,True
2025,Singapore Grand Prix,R,GAS,10,Alpine,3.0,1.0,MEDIUM,3.0,True,100.018,29.313,42.601,28.104,19.0,1,,True,False,True,3.6,100.126,8.5,29.072049689440995,33.85217391304348,True
2025,Singapore Grand Prix,R,GAS,10,Alpine,4.0,1.0,MEDIUM,4.0,True,99.753,29.391,42.357,28.005,19.0,1,,True,False,True,5.4,99.915,8.5,29.072049689440995,33.85217391304348,True
2025,Singapore Grand Prix,R,GAS,10,Alpine,5.0,1.0,MEDIUM,5.0,True,99.548,29.206,42.336,28.006,19.0,1,,True,False,True,7.2,99.764,8.5,29.072049689440995,33.85217391304348,True
2025,Singapore Grand Prix,R,GAS,10,Alpine,6.0,1.0,MEDIUM,6.0,True,99.87,29.058,42.545,28.267,19.0,1,,True,False,True,9.0,100.14,8.5,29.072049689440995,33.85217391304348,True
2025,Singapore Grand Prix,R,GAS,10,Alpine,7.0,1.0,MEDIUM,7.0,True,99.25,29.064,42.128,28.058,19.0,12,,True,False,False,10.8,99.574,8.5,29.072049689440995,33.85217391304348,True
2025,Singapore Grand Prix,R,GAS,10,Alpine,8.0,1.0,MEDIUM,8.0,True,99.485,29.13,42.366,27.989,19.0,1,,True,False,True,12.6,99.863,8.5,29.072049689440995,33.85217391304348,True
2025,Singapore Grand Prix,R,GAS,10,Alpine,9.0,1.0,MEDIUM,9.0,True,99.255,29.009,42.271,27.975,19.0,1,,True,False,True,14.4,99.687,8.5,29.072049689440995,33.85217391304348,True
2025,Singapore Grand Prix,R,GAS,10,Alpine,10.0,1.0,MEDIUM,10.0,True,99.733,29.259,42.543,27.931,19.0,1,,True,False,True,16.2,100.21900000000001,8.5,29.072049689440995,33.85217391304348,True
2025,Singapore Grand Prix,R,GAS,10,Alpine,11.0,1.0,MEDIUM,11.0,True,98.727,29.078,41.882,27.767,19.0,1,,True,False,True,18.0,99.26700000000001,8.5,29.072049689440995,33.85217391304348,True
2025,Singapore Grand Prix,R,GAS,10,Alpine,12.0,1.0,MEDIUM,12.0,True,98.848,29.324,41.859,27.665,19.0,1,,True,False,True,19.8,99.442,8.5,29.072049689440995,33.85217391304348,True
2025,Singapore Grand Prix,R,GAS,10,Alpine,13.0,1.0,MEDIUM,13.0,True,99.338,29.47,42.056,27.812,18.0,1,,True,False,True,21.6,99.98599999999999,8.5,29.072049689440995,33.85217391304348,True
2025,Singapore Grand Prix,R,GAS,10,Alpine,14.0,1.0,MEDIUM,14.0,True,99.017,29.395,41.862,27.76,17.0,1,,True,False,True,23.400000000000002,99.719,8.5,29.072049689440995,33.85217391304348,True
2025,Singapore Grand Prix,R,GAS,10,Alpine,15.0,1.0,MEDIUM,15.0,True,98.846,29.364,41.98,27.502,16.0,1,,True,False,True,25.2,99.602,8.5,29.072049689440995,33.85217391304348,True
2025,Singapore Grand Prix,R,GAS,10,Alpine,16.0,1.0,MEDIUM,16.0,True,98.713,29.194,41.743,27.776,16.0,1,,True,False,True,27.0,99.523,8.5,29.072049689440995,33.85217391304348,True
2025,Singapore Grand Prix,R,GAS,10,Alpine,17.0,1.0,MEDIUM,17.0,True,98.907,29.242,41.966,27.699,16.0,1,,True,False,True,28.8,99.771,8.5,29.072049689440995,33.85217391304348,True
2025,Singapore Grand Prix,R,GAS,10,Alpine,18.0,1.0,MEDIUM,18.0,True,98.552,29.161,41.739,27.652,16.0,1,,True,False,True,30.6,99.47000000000001,8.5,29.072049689440995,33.85217391304348,True
2025,Singapore Grand Prix,R,GAS,10,Alpine,19.0,1.0,MEDIUM,19.0,True,98.623,29.228,41.864,27.531,16.0,1,,True,False,True,32.4,99.595,8.5,29.072049689440995,33.85217391304348,True
2025,Singapore Grand Prix,R,GAS,10,Alpine,20.0,1.0,MEDIUM,20.0,True,98.894,29.115,42.161,27.618,16.0,1,,True,False,True,34.2,99.92,8.5,29.072049689440995,33.85217391304348,True
2025,Singapore Grand Prix,R,GAS,10,Alpine,21.0,1.0,MEDIUM,21.0,True,98.826,29.231,41.933,27.662,15.0,1,,True,False,True,36.0,99.90599999999999,8.5,29.072049689440995,33.85217391304348,True
2025,Singapore Grand Prix,R,GAS,10,Alpine,22.0,1.0,MEDIUM,22.0,True,98.586,29.154,41.882,27.55,15.0,1,,True,False,True,37.800000000000004,99.72,8.5,29.072049689440995,33.85217391304348,True
2025,Singapore Grand Prix,R,GAS,10,Alpine,23.0,1.0,MEDIUM,23.0,True,98.472,29.069,41.887,27.516,15.0,1,,True,False,True,39.6,99.66,8.5,29.072049689440995,33.85217391304348,True
2025,Singapore Grand Prix,R,GAS,10,Alpine,24.0,1.0,MEDIUM,24.0,True,104.096,29.114,41.977,33.005,17.0,1,,False,True,True,41.4,105.33800000000001,8.5,29.072049689440995,33.85217391304348,True
2025,Singapore Grand Prix,R,GAS,10,Alpine,25.0,2.0,HARD,1.0,True,115.177,47.236,40.733,27.208,20.0,1,,False,True,True,43.2,116.47300000000001,8.5,29.072049689440995,33.85217391304348,True
2025,Singapore Grand Prix,R,GAS,10,Alpine,26.0,2.0,HARD,2.0,True,96.211,28.673000000000002,40.571,26.967,20.0,1,,True,False,True,45.0,97.56099999999999,8.5,29.072049689440995,33.85217391304348,True
2025,Singapore Grand Prix,R,GAS,10,Alpine,27.0,2.0,HARD,3.0,True,96.918,28.768,40.923,27.227,20.0,1,,True,False,True,46.800000000000004,98.322,8.5,29.072049689440995,33.85217391304348,True
2025,Singapore Grand Prix,R,GAS,10,Alpine,28.0,2.0,HARD,4.0,True,96.878,28.715,40.916,27.247,20.0,1,,True,False,True,48.6,98.336,8.5,29.072049689440995,33.85217391304348,True
2025,Singapore Grand Prix,R,GAS,10,Alpine,29.0,2.0,HARD,5.0,True,97.158,28.888,41.13,27.14,20.0,1,,True,False,True,50.4,98.67,8.5,29.072049689440995,33.85217391304348,True
2025,Singapore Grand Prix,R,GAS,10,Alpine,30.0,2.0,HARD,6.0,True,96.992,28.699,41.015,27.278,20.0,1,,True,False,True,52.2,98.558,8.5,29.072049689440995,33.85217391304348,True
2025,Singapore Grand Prix,R,GAS,10,Alpine,31.0,2.0,HARD,7.0,True,97.391,28.887,41.082,27.422,19.0,1,,True,False,True,54.0,99.01100000000001,8.5,29.072049689440995,33.85217391304348,True
2025,Singapore Grand Prix,R,GAS,10,Alpine,32.0,2.0,HARD,8.0,True,97.318,28.785,41.072,27.461,19.0,1,,True,False,True,55.800000000000004,98.992,8.5,29.072049689440995,33.85217391304348,True
2025,Singapore Grand Prix,R,GAS,10,Alpine,33.0,2.0,HARD,9.0,True,97.821,28.893,41.369,27.559,19.0,1,,True,False,True,57.6,99.54899999999999,8.5,29.072049689440995,33.85217391304348,True
2025,Singapore Grand Prix,R,GAS,10,Alpine,34.0,2.0,HARD,10.0,True,97.813,28.847,41.55,27.416,19.0,1,,True,False,True,59.4,99.595,8.5,29.072049689440995,33.85217391304348,True
2025,Singapore Grand Prix,R,GAS,10,Alpine,35.0,2.0,HARD,11.0,True,98.854,28.646,42.07,28.138,19.0,1,,True,False,True,61.2,100.69,8.5,29.072049689440995,33.85217391304348,True
2025,Singapore Grand Prix,R,GAS,10,Alpine,36.0,2.0,HARD,12.0,True,98.263,28.708,41.905,27.65,19.0,1,,True,False,True,63.0,100.153,8.5,29.072049689440995,33.85217391304348,True
2025,Singapore Grand Prix,R,GAS,10,Alpine,37.0,2.0,HARD,13.0,True,98.521,28.748,42.178,27.595,19.0,1,,True,False,True,64.8,100.465,8.5,29.072049689440995,33.85217391304348,True
2025,Singapore Grand Prix,R,GAS,10,Alpine,38.0,2.0,HARD,14.0,True,98.586,28.89,42.078,27.618,19.0,1,,True,False,True,66.60000000000001,100.584,8.5,29.072049689440995,33.85217391304348,True
2025,Singapore Grand Prix,R,GAS,10,Alpine,39.0,2.0,HARD,15.0,True,98.372,28.753,41.825,27.794,18.0,1,,True,False,True,68.4,100.424,8.5,29.072049689440995,33.85217391304348,True
2025,Singapore Grand Prix,R,GAS,10,Alpine,40.0,2.0,HARD,16.0,True,98.305,28.771,42.001,27.533,18.0,1,,True,False,True,70.2,100.411,8.5,29.072049689440995,33.85217391304348,True
2025,Singapore Grand Prix,R,GAS,10,Alpine,41.0,2.0,HARD,17.0,True,98.39,28.6,42.11,27.68,18.0,1,,True,False,True,72.0,100.55,8.5,29.072049689440995,33.85217391304348,True
2025,Singapore Grand Prix,R,GAS,10,Alpine,42.0,2.0,HARD,18.0,True,101.921,29.126,44.529,28.266,18.0,1,,True,False,True,73.8,104.135,8.5,29.072049689440995,33.85217391304348,True
2025,Singapore Grand Prix,R,GAS,10,Alpine,43.0,2.0,HARD,19.0,True,98.72,28.934,42.134,27.652,17.0,1,,True,False,True,75.60000000000001,100.988,8.5,29.072049689440995,33.85217391304348,True
2025,Singapore Grand Prix,R,GAS,10,Alpine,44.0,2.0,HARD,20.0,True,99.673,28.867,43.119,27.687,16.0,12,,True,False,False,77.4,101.995,8.5,29.072049689440995,33.85217391304348,True
2025,Singapore Grand Prix,R,GAS,10,Alpine,45.0,2.0,HARD,21.0,True,98.66,28.642,42.444,27.574,16.0,1,,True,False,True,79.2,101.036,8.5,29.072049689440995,33.85217391304348,True
2025,Singapore Grand Prix,R,GAS,10,Alpine,46.0,2.0,HARD,22.0,True,98.536,28.655,42.112,27.769,16.0,1,,True,False,True,81.0,100.96600000000001,8.5,29.072049689440995,33.85217391304348,True
2025,Singapore Grand Prix,R,GAS,10,Alpine,47.0,2.0,HARD,23.0,True,100.314,30.576,42.085,27.653,16.0,1,,True,False,True,82.8,102.79799999999999,8.5,29.072049689440995,33.85217391304348,True
2025,Singapore Grand Prix,R,GAS,10,Alpine,48.0,2.0,HARD,24.0,True,98.951,28.659,42.654,27.638,16.0,1,,True,False,True,84.60000000000001,101.48899999999999,8.5,29.072049689440995,33.85217391304348,True
2025,Singapore Grand Prix,R,GAS,10,Alpine,49.0,2.0,HARD,25.0,True,99.614,29.571,42.225,27.818,15.0,1,,True,False,True,86.4,102.206,8.5,29.072049689440995,33.85217391304348,True
2025,Singapore Grand Prix,R,GAS,10,Alpine,50.0,2.0,HARD,26.0,True,101.305,28.689,42.467,30.149,17.0,1,,True,False,True,88.2,103.95100000000001,8.5,29.072049689440995,33.85217391304348,True
2025,Singapore Grand Prix,R,GAS,10,Alpine,51.0,2.0,HARD,27.0,True,107.482,30.518,42.68,34.284,19.0,1,,False,True,True,90.0,110.182,8.5,29.072049689440995,33.85217391304348,True
2025,Singapore Grand Prix,R,GAS,10,Alpine,52.0,3.0,SOFT,1.0,True,113.049,46.491,39.834,26.724,20.0,1,,False,True,True,91.8,115.80300000000001,8.5,29.072049689440995,33.85217391304348,True
2025,Singapore Grand Prix,R,GAS,10,Alpine,53.0,3.0,SOFT,2.0,True,94.573,28.112,39.847,26.614,20.0,1,,True,False,True,93.60000000000001,97.381,8.5,29.072049689440995,33.85217391304348,True
2025,Singapore Grand Prix,R,GAS,10,Alpine,54.0,3.0,SOFT,3.0,True,94.648,28.267,39.838,26.543,20.0,1,,True,False,True,95.4,97.50999999999999,8.5,29.072049689440995,33.85217391304348,True
2025,Singapore Grand Prix,R,GAS,10,Alpine,55.0,3.0,SOFT,4.0,True,95.313,28.227,40.15,26.936,20.0,1,,True,False,True,97.2,98.229,8.5,29.072049689440995,33.85217391304348,True
2025,Singapore Grand Prix,R,GAS,10,Alpine,56.0,3.0,SOFT,5.0,True,95.016,28.15,40.222,26.644,20.0,1,,True,False,True,99.0,97.986,8.5,29.072049689440995,33.85217391304348,True
2025,Singapore Grand Prix,R,GAS,10,Alpine,57.0,3.0,SOFT,6.0,True,95.905,28.31,40.792,26.803,20.0,1,,True,False,True,100.8,98.929,8.5,29.072049689440995,33.85217391304348,True
2025,Singapore Grand Prix,R,GAS,10,Alpine,58.0,3.0,SOFT,7.0,True,97.47,28.535,41.56,27.375,20.0,1,,True,False,True,102.60000000000001,100.548,8.5,29.072049689440995,33.85217391304348,True
2025,Singapore Grand Prix,R,GAS,10,Alpine,59.0,3.0,SOFT,8.0,True,98.099,28.953,41.767,27.379,20.0,1,,True,False,True,104.4,101.23100000000001,8.5,29.072049689440995,33.85217391304348,True
2025,Singapore Grand Prix,R,GAS,10,Alpine,60.0,3.0,SOFT,9.0,True,99.313,28.939,42.735,27.639,20.0,1,,True,False,True,106.2,102.499,8.5,29.072049689440995,33.85217391304348,True
2025,Singapore Grand Prix,R,GAS,10,Alpine,61.0,3.0,SOFT,10.0,True,98.146,28.709,41.988,27.449,19.0,1,,True,False,True,108.0,101.386,8.5,29.072049689440995,33.85217391304348,True
2025,Singapore Grand Prix,R,HUL,27,Kick Sauber,1.0,1.0,MEDIUM,1.0,True,111.473,,45.928,29.347,11.0,1,,False,False,True,0.0,111.473,8.5,29.072049689440995,33.85217391304348,True
2025,Singapore Grand Prix,R,HUL,27,Kick Sauber,2.0,1.0,MEDIUM,2.0,True,101.36,29.849,43.081,28.43,11.0,1,,True,False,True,1.8,101.414,8.5,29.072049689440995,33.85217391304348,True
2025,Singapore Grand Prix,R,HUL,27,Kick Sauber,3.0,1.0,MEDIUM,3.0,True,99.741,29.253,42.32,28.168,11.0,1,,True,False,True,3.6,99.849,8.5,29.072049689440995,33.85217391304348,True
2025,Singapore Grand Prix,R,HUL,27,Kick Sauber,4.0,1.0,MEDIUM,4.0,True,99.542,29.392,42.268,27.882,11.0,1,,True,False,True,5.4,99.70400000000001,8.5,29.072049689440995,33.85217391304348,True
2025,Singapore Grand Prix,R,HUL,27,Kick Sauber,5.0,1.0,MEDIUM,5.0,True,98.855,29.044,42.043,27.768,11.0,1,,True,False,True,7.2,99.071,8.5,29.072049689440995,33.85217391304348,True
2025,Singapore Grand Prix,R,HUL,27,Kick Sauber,6.0,1.0,MEDIUM,6.0,True,99.136,29.124,41.764,28.248,11.0,1,,True,False,True,9.0,99.40599999999999,8.5,29.072049689440995,33.85217391304348,True
2025,Singapore Grand Prix,R,HUL,27,Kick Sauber,7.0,1.0,MEDIUM,7.0,True,98.437,29.062,41.371,28.004,11.0,12,,True,False,False,10.8,98.761,8.5,29.072049689440995,33.85217391304348,True
2025,Singapore Grand Prix,R,HUL,27,Kick Sauber,8.0,1.0,MEDIUM,8.0,True,99.127,29.259,41.975,27.893,11.0,1,,True,False,True,12.6,99.505,8.5,29.072049689440995,33.85217391304348,True
2025,Singapore Grand Prix,R,HUL,27,Kick Sauber,9.0,1.0,MEDIUM,9.0,True,98.354,28.922,41.643,27.789,11.0,1,,True,False,True,14.4,98.786,8.5,29.072049689440995,33.85217391304348,True
2025,Singapore Grand Prix,R,HUL,27,Kick Sauber,10.0,1.0,MEDIUM,10.0,True,98.304,29.04,41.619,27.645,11.0,1,,True,False,True,16.2,98.79,8.5,29.072049689440995,33.85217391304348,True
2025,Singapore Grand Prix,R,HUL,27,Kick Sauber,11.0,1.0,MEDIUM,11.0,True,98.24,29.055,41.59,27.595,11.0,1,,True,False,True,18.0,98.78,8.5,29.072049689440995,33.85217391304348,True
2025,Singapore Grand Prix,R,HUL,27,Kick Sauber,12.0,1.0,MEDIUM,12.0,True,98.408,29.122,41.648,27.638,11.0,1,,True,False,True,19.8,99.002,8.5,29.072049689440995,33.85217391304348,True
2025,Singapore Grand Prix,R,HUL,27,Kick Sauber,13.0,1.0,MEDIUM,13.0,True,98.453,29.147,41.704,27.602,11.0,1,,True,False,True,21.6,99.101,8.5,29.072049689440995,33.85217391304348,True
2025,Singapore Grand Prix,R,HUL,27,Kick Sauber,14.0,1.0,MEDIUM,14.0,True,98.774,29.305,41.699,27.77,11.0,1,,True,False,True,23.400000000000002,99.476,8.5,29.072049689440995,33.85217391304348,True
2025,Singapore Grand Prix,R,HUL,27,Kick Sauber,15.0,1.0,MEDIUM,15.0,True,98.634,29.329,41.698,27.607,11.0,1,,True,False,True,25.2,99.39,8.5,29.072049689440995,33.85217391304348,True
2025,Singapore Grand Prix,R,HUL,27,Kick Sauber,16.0,1.0,MEDIUM,16.0,True,98.641,29.324,41.764,27.553,11.0,1,,True,False,True,27.0,99.45100000000001,8.5,29.072049689440995,33.85217391304348,True
2025,Singapore Grand Prix,R,HUL,27,Kick Sauber,17.0,1.0,MEDIUM,17.0,True,99.106,29.246,41.65,28.21,11.0,1,,True,False,True,28.8,99.97,8.5,29.072049689440995,33.85217391304348,True
2025,Singapore Grand Prix,R,HUL,27,Kick Sauber,18.0,1.0,MEDIUM,18.0,True,98.407,29.177,41.549,27.681,11.0,1,,True,False,True,30.6,99.325,8.5,29.072049689440995,33.85217391304348,True
2025,Singapore Grand Prix,R,HUL,27,Kick Sauber,19.0,1.0,MEDIUM,19.0,True,98.655,29.103,41.832,27.72,11.0,1,,True,False,True,32.4,99.627,8.5,29.072049689440995,33.85217391304348,True
2025,Singapore Grand Prix,R,HUL,27,Kick Sauber,20.0,1.0,MEDIUM,20.0,True,98.598,29.071,41.746,27.781,10.0,1,,True,False,True,34.2,99.624,8.5,29.072049689440995,33.85217391304348,True
2025,Singapore Grand Prix,R,HUL,27,Kick Sauber,21.0,1.0,MEDIUM,21.0,True,98.214,29.159,41.409,27.646,10.0,1,,True,False,True,36.0,99.294,8.5,29.072049689440995,33.85217391304348,True
2025,Singapore Grand Prix,R,HUL,27,Kick Sauber,22.0,1.0,MEDIUM,22.0,True,100.183,29.251,43.181,27.751,10.0,1,,True,False,True,37.800000000000004,101.31700000000001,8.5,29.072049689440995,33.85217391304348,True
2025,Singapore Grand Prix,R,HUL,27,Kick Sauber,23.0,1.0,MEDIUM,23.0,True,98.42,29.133,41.676,27.611,9.0,1,,True,False,True,39.6,99.608,8.5,29.072049689440995,33.85217391304348,True
2025,Singapore Grand Prix,R,HUL,27,Kick Sauber,24.0,1.0,MEDIUM,24.0,True,97.935,28.982,41.534,27.419,9.0,1,,True,False,True,41.4,99.177,8.5,29.072049689440995,33.85217391304348,True
2025,Singapore Grand Prix,R,HUL,27,Kick Sauber,25.0,1.0,MEDIUM,25.0,True,103.809,28.896,41.49,33.423,11.0,1,,False,True,True,43.2,105.105,8.5,29.072049689440995,33.85217391304348,True
2025,Singapore Grand Prix,R,HUL,27,Kick Sauber,26.0,2.0,HARD,1.0,True,114.972,46.034,41.432,27.506,18.0,1,,False,True,True,45.0,116.32199999999999,8.5,29.072049689440995,33.85217391304348,True
2025,Singapore Grand Prix,R,HUL,27,Kick Sauber,27.0,2.0,HARD,2.0,True,97.859,28.569,41.644,27.646,18.0,1,,True,False,True,46.800000000000004,99.26299999999999,8.5,29.072049689440995,33.85217391304348,True
2025,Singapore Grand Prix,R,HUL,27,Kick Sauber,28.0,2.0,HARD,3.0,True,99.489,28.804,42.369,28.316,18.0,1,,True,False,True,48.6,100.947,8.5,29.072049689440995,33.85217391304348,True
2025,Singapore Grand Prix,R,HUL,27,Kick Sauber,29.0,2.0,HARD,4.0,True,98.522,28.898,41.827,27.797,18.0,1,,True,False,True,50.4,100.034,8.5,29.072049689440995,33.85217391304348,True
2025,Singapore Grand Prix,R,HUL,27,Kick Sauber,30.0,2.0,HARD,5.0,True,98.855,29.027,42.02,27.808,18.0,1,,True,False,True,52.2,100.421,8.5,29.072049689440995,33.85217391304348,True
2025,Singapore Grand Prix,R,HUL,27,Kick Sauber,31.0,2.0,HARD,6.0,True,98.065,28.949,41.518,27.598,17.0,1,,True,False,True,54.0,99.685,8.5,29.072049689440995,33.85217391304348,True
2025,Singapore Grand Prix,R,HUL,27,Kick Sauber,32.0,2.0,HARD,7.0,True,98.287,28.809,41.799,27.679,17.0,1,,True,False,True,55.800000000000004,99.96100000000001,8.5,29.072049689440995,33.85217391304348,True
2025,Singapore Grand Prix,R,HUL,27,Kick Sauber,33.0,2.0,HARD,8.0,True,98.049,28.761,41.845,27.443,17.0,1,,True,False,True,57.6,99.777,8.5,29.072049689440995,33.85217391304348,True
2025,Singapore Grand Prix,R,HUL,27,Kick Sauber,34.0,2.0,HARD,9.0,True,98.771,28.741,42.193,27.837,17.0,1,,True,False,True,59.4,100.553,8.5,29.072049689440995,33.85217391304348,True
2025,Singapore Grand Prix,R,HUL,27,Kick Sauber,35.0,2.0,HARD,10.0,True,98.737,29.169,41.925,27.643,17.0,1,,True,False,True,61.2,100.573,8.5,29.072049689440995,33.85217391304348,True
2025,Singapore Grand Prix,R,HUL,27,Kick Sauber,36.0,2.0,HARD,11.0,True,98.023,28.817,41.588,27.618,17.0,1,,True,False,True,63.0,99.913,8.5,29.072049689440995,33.85217391304348,True
2025,Singapore Grand Prix,R,HUL,27,Kick Sauber,37.0,2.0,HARD,12.0,True,98.811,29.275,41.827,27.709,17.0,1,,True,False,True,64.8,100.75500000000001,8.5,29.072049689440995,33.85217391304348,True
2025,Singapore Grand Prix,R,HUL,27,Kick Sauber,38.0,2.0,HARD,13.0,True,98.401,28.922,42.101,27.378,17.0,1,,True,False,True,66.60000000000001,100.399,8.5,29.072049689440995,33.85217391304348,True
2025,Singapore Grand Prix,R,HUL,27,Kick Sauber,39.0,2.0,HARD,14.0,True,98.53,28.873,42.134,27.523,16.0,1,,True,False,True,68.4,100.58200000000001,8.5,29.072049689440995,33.85217391304348,True
2025,Singapore Grand Prix,R,HUL,27,Kick Sauber,40.0,2.0,HARD,15.0,True,98.19,29.036,41.551,27.603,16.0,1,,True,False,True,70.2,100.29599999999999,8.5,29.072049689440995,33.85217391304348,True
2025,Singapore Grand Prix,R,HUL,27,Kick Sauber,41.0,2.0,HARD,16.0,True,99.375,28.693,42.527,28.155,16.0,1,,True,False,True,72.0,101.535,8.5,29.072049689440995,33.85217391304348,True
2025,Singapore Grand Prix,R,HUL,27,Kick Sauber,42.0,2.0,HARD,17.0,True,101.286,29.254,44.201,27.831,16.0,1,,True,False,True,73.8,103.5,8.5,29.072049689440995,33.85217391304348,True
2025,Singapore Grand Prix,R,HUL,27,Kick Sauber,43.0,2.0,HARD,18.0,True,98.404,28.76,42.077,27.567,15.0,1,,True,False,True,75.60000000000001,100.672,8.5,29.072049689440995,33.85217391304348,True
2025,Singapore Grand Prix,R,HUL,27,Kick Sauber,44.0,2.0,HARD,19.0,True,122.923,28.699,58.921,35.303,20.0,12,,False,True,False,77.4,125.245,8.5,29.072049689440995,33.85217391304348,True
2025,Singapore Grand Prix,R,HUL,27,Kick Sauber,45.0,3.0,SOFT,1.0,True,121.491,53.791,40.683,27.017,20.0,1,,False,True,True,79.2,123.867,8.5,29.072049689440995,33.85217391304348,True
2025,Singapore Grand Prix,R,HUL,27,Kick Sauber,46.0,3.0,SOFT,2.0,True,98.192,29.495,41.939,26.758,20.0,1,,True,False,True,81.0,100.62199999999999,8.5,29.072049689440995,33.85217391304348,True
2025,Singapore Grand Prix,R,HUL,27,Kick Sauber,47.0,3.0,SOFT,3.0,True,95.404,28.35,40.359,26.695,20.0,1,,True,False,True,82.8,97.88799999999999,8.5,29.072049689440995,33.85217391304348,True
2025,Singapore Grand Prix,R,HUL,27,Kick Sauber,48.0,3.0,SOFT,4.0,True,95.544,28.447,40.34,26.757,20.0,1,,True,False,True,84.60000000000001,98.082,8.5,29.072049689440995,33.85217391304348,True
2025,Singapore Grand Prix,R,HUL,27,Kick Sauber,49.0,3.0,SOFT,5.0,True,95.53,28.348,40.321,26.861,20.0,1,,True,False,True,86.4,98.122,8.5,29.072049689440995,33.85217391304348,True
2025,Singapore Grand Prix,R,HUL,27,Kick Sauber,50.0,3.0,SOFT,6.0,True,95.536,28.399,40.35,26.787,20.0,1,,True,False,True,88.2,98.182,8.5,29.072049689440995,33.85217391304348,True
2025,Singapore Grand Prix,R,HUL,27,Kick Sauber,51.0,3.0,SOFT,7.0,True,95.575,28.399,40.363,26.813,20.0,1,,True,False,True,90.0,98.275,8.5,29.072049689440995,33.85217391304348,True
2025,Singapore Grand Prix,R,HUL,27,Kick Sauber,52.0,3.0,SOFT,8.0,True,95.521,28.387,40.266,26.868,19.0,1,,True,False,True,91.8,98.275,8.5,29.072049689440995,33.85217391304348,True
2025,Singapore Grand Prix,R,HUL,27,Kick Sauber,53.0,3.0,SOFT,9.0,True,95.457,28.39,40.227,26.84,19.0,1,,True,False,True,93.60000000000001,98.265,8.5,29.072049689440995,33.85217391304348,True
2025,Singapore Grand Prix,R,HUL,27,Kick Sauber,54.0,3.0,SOFT,10.0,True,95.505,28.401,40.273,26.831,19.0,1,,True,False,True,95.4,98.36699999999999,8.5,29.072049689440995,33.85217391304348,True
2025,Singapore Grand Prix,R,HUL,27,Kick Sauber,55.0,3.0,SOFT,11.0,True,95.461,28.353,40.393,26.715,19.0,1,,True,False,True,97.2,98.377,8.5,29.072049689440995,33.85217391304348,True
2025,Singapore Grand Prix,R,HUL,27,Kick Sauber,56.0,3.0,SOFT,12.0,True,95.727,28.327,40.564,26.836,19.0,1,,True,False,True,99.0,98.697,8.5,29.072049689440995,33.85217391304348,True
2025,Singapore Grand Prix,R,HUL,27,Kick Sauber,57.0,3.0,SOFT,13.0,True,96.544,28.414,40.993,27.137,19.0,1,,True,False,True,100.8,99.568,8.5,29.072049689440995,33.85217391304348,True
2025,Singapore Grand Prix,R,HUL,27,Kick Sauber,58.0,3.0,SOFT,14.0,True,98.014,28.735,41.815,27.464,19.0,1,,True,False,True,102.60000000000001,101.092,8.5,29.072049689440995,33.85217391304348,True
2025,Singapore Grand Prix,R,HUL,27,Kick Sauber,59.0,3.0,SOFT,15.0,True,98.177,28.846,41.807,27.524,19.0,1,,True,False,True,104.4,101.30900000000001,8.5,29.072049689440995,33.85217391304348,True
2025,Singapore Grand Prix,R,HUL,27,Kick Sauber,60.0,3.0,SOFT,16.0,True,99.179,28.789,42.833,27.557,19.0,1,,True,False,True,106.2,102.36500000000001,8.5,29.072049689440995,33.85217391304348,True
2025,Singapore Grand Prix,R,HUL,27,Kick Sauber,61.0,3.0,SOFT,17.0,True,100.195,28.48,43.567,28.148,20.0,1,,True,False,True,108.0,103.43499999999999,8.5,29.072049689440995,33.85217391304348,True
