year,event,session,driver,driver_number,team,lap_number,stint,compound,tyre_life,fresh_tyre,lap_time_s,sector1_s,sector2_s,sector3_s,position,track_status,deleted,is_accurate,is_pit_lap,is_green,fuel_kg_burned,lap_time_fuel_corr_s,assumed_harvest_mj,air_temp_c,track_temp_c,rainfall,sess_FP1,sess_FP2,sess_FP3,sess_Q,sess_R,y_fuel_s,a_y_pred,residual_s
2026,Silverstone,FP1,NOR,1,McLaren,1.0,1.0,HARD,1.0,True,,,42.035,38.547,,1,,False,True,True,,,8.5,22.023809523809526,40.70119047619047,False,0.0,0.0,0.0,0.0,0.0,,92.27598817187717,
2026,Silverstone,FP1,NOR,1,McLaren,2.0,1.0,HARD,2.0,True,93.212,29.313,37.423,26.476,,1,,True,False,True,,,8.5,22.023809523809526,40.70119047619047,False,0.0,0.0,0.0,0.0,0.0,93.212,92.27598817187717,0.9360118281228296
2026,Silverstone,FP1,NOR,1,McLaren,3.0,1.0,HARD,3.0,True,,44.708,64.497,40.942,,1,,False,False,True,,,8.5,22.023809523809526,40.70119047619047,False,0.0,0.0,0.0,0.0,0.0,,92.27598817187717,
2026,Silverstone,FP1,NOR,1,McLaren,4.0,1.0,HARD,4.0,True,106.833,31.841,43.196,31.796,,1,,True,False,True,,,8.5,22.023809523809526,40.70119047619047,False,0.0,0.0,0.0,0.0,0.0,106.833,92.27598817187717,14.557011828122825
2026,Silverstone,FP1,NOR,1,McLaren,5.0,1.0,HARD,5.0,True,92.179,29.139,37.392,25.648,,1,,True,False,True,,,8.5,22.023809523809526,40.70119047619047,False,0.0,0.0,0.0,0.0,0.0,92.179,92.27598817187717,-0.09698817187717168
2026,Silverstone,FP1,NOR,1,McLaren,6.0,1.0,HARD,6.0,True,132.965,41.963,56.229,34.773,,1,,True,False,True,,,8.5,22.023809523809526,40.70119047619047,False,0.0,0.0,0.0,0.0,0.0,132.965,92.27598817187717,40.68901182812283
2026,Silverstone,FP1,NOR,1,McLaren,7.0,1.0,HARD,7.0,True,91.595,28.898,37.099,25.598,,1,,True,False,True,,,8.5,22.023809523809526,40.70119047619047,False,0.0,0.0,0.0,0.0,0.0,91.595,92.27598817187717,-0.6809881718771749
2026,Silverstone,FP1,NOR,1,McLaren,8.0,1.0,HARD,8.0,True,125.918,38.404,53.15,34.364,,1,,True,False,True,,,8.5,22.023809523809526,40.70119047619047,False,0.0,0.0,0.0,0.0,0.0,125.918,92.27598817187717,33.64201182812283
2026,Silverstone,FP1,NOR,1,McLaren,9.0,1.0,HARD,9.0,True,93.026,28.801,37.318,26.907,,1,,False,True,True,,,8.5,22.023809523809526,40.70119047619047,False,0.0,0.0,0.0,0.0,0.0,93.026,92.27598817187717,0.7500118281228225
2026,Silverstone,FP1,NOR,1,McLaren,10.0,2.0,HARD,10.0,False,,,42.544,31.235,,1,,False,True,True,,,8.5,22.023809523809526,40.70119047619047,False,0.0,0.0,0.0,0.0,0.0,,92.27598817187717,
2026,Silverstone,FP1,NOR,1,McLaren,11.0,2.0,HARD,11.0,False,91.575,28.886,36.989,25.7,,1,,True,False,True,,,8.5,22.023809523809526,40.70119047619047,False,0.0,0.0,0.0,0.0,0.0,91.575,92.27598817187717,-0.7009881718771709
2026,Silverstone,FP1,NOR,1,McLaren,12.0,2.0,HARD,12.0,False,102.087,33.728,42.001,26.358,,1,,True,False,True,,,8.5,22.023809523809526,40.70119047619047,False,0.0,0.0,0.0,0.0,0.0,102.087,92.27598817187717,9.81101182812283
2026,Silverstone,FP1,NOR,1,McLaren,13.0,2.0,HARD,13.0,False,94.02,29.684,37.637,26.699,,1,,True,False,True,,,8.5,22.023809523809526,40.70119047619047,False,0.0,0.0,0.0,0.0,0.0,94.02,92.27598817187717,1.7440118281228223
2026,Silverstone,FP1,NOR,1,McLaren,14.0,2.0,HARD,14.0,False,92.289,29.051,37.433,25.805,,1,,True,False,True,,,8.5,22.023809523809526,40.70119047619047,False,0.0,0.0,0.0,0.0,0.0,92.289,92.27598817187717,0.013011828122827751
2026,Silverstone,FP1,NOR,1,McLaren,15.0,2.0,HARD,15.0,False,94.517,29.614,38.993,25.91,,12,,True,False,False,,,8.5,22.023809523809526,40.70119047619047,False,0.0,0.0,0.0,0.0,0.0,94.517,92.27598817187717,2.241011828122822
2026,Silverstone,FP1,NOR,1,McLaren,16.0,2.0,HARD,16.0,False,93.92,29.632,37.981,26.307,,1,,True,False,True,,,8.5,22.023809523809526,40.70119047619047,False,0.0,0.0,0.0,0.0,0.0,93.92,92.27598817187717,1.644011828122828
2026,Silverstone,FP1,NOR,1,McLaren,17.0,2.0,HARD,17.0,False,94.028,30.247,37.947,25.834,,1,,True,False,True,,,8.5,22.023809523809526,40.70119047619047,False,0.0,0.0,0.0,0.0,0.0,94.028,92.27598817187717,1.752011828122832
2026,Silverstone,FP1,NOR,1,McLaren,18.0,2.0,HARD,18.0,False,93.069,29.616,37.714,25.739,,1,,False,True,True,,,8.5,22.023809523809526,40.70119047619047,False,0.0,0.0,0.0,0.0,0.0,93.069,92.27598817187717,0.7930118281228289
2026,Silverstone,FP1,NOR,1,McLaren,19.0,3.0,SOFT,1.0,True,,,41.731,27.665,,1,,False,True,True,,,8.5,22.023809523809526,40.70119047619047,False,0.0,0.0,0.0,0.0,0.0,,92.7090512699069,
2026,Silverstone,FP1,NOR,1,McLaren,20.0,3.0,SOFT,2.0,True,90.288,28.508,36.41,25.37,,1,,True,False,True,,,8.5,22.023809523809526,40.70119047619047,False,0.0,0.0,0.0,0.0,0.0,90.288,92.7090512699069,-2.421051269906897
2026,Silverstone,FP1,NOR,1,McLaren,21.0,3.0,SOFT,3.0,True,136.339,41.631,60.169,34.539,,1,,False,True,True,,,8.5,22.023809523809526,40.70119047619047,False,0.0,0.0,0.0,0.0,0.0,136.339,92.7090512699069,43.629948730093105
2026,Silverstone,FP1,NOR,1,McLaren,22.0,4.0,SOFT,4.0,False,142.737,65.749,48.22,28.768,,1,,False,True,True,,,8.5,22.023809523809526,40.70119047619047,False,0.0,0.0,0.0,0.0,0.0,142.737,92.7090512699069,50.0279487300931
2026,Silverstone,FP1,NOR,1,McLaren,23.0,4.0,SOFT,5.0,False,90.676,28.635,36.483,25.558,,1,,True,False,True,,,8.5,22.023809523809526,40.70119047619047,False,0.0,0.0,0.0,0.0,0.0,90.676,92.7090512699069,-2.033051269906892
2026,Silverstone,FP1,NOR,1,McLaren,24.0,4.0,SOFT,6.0,False,123.585,41.116,49.246,33.223,,1,,True,False,True,,,8.5,22.023809523809526,40.70119047619047,False,0.0,0.0,0.0,0.0,0.0,123.585,92.7090512699069,30.8759487300931
2026,Silverstone,FP1,NOR,1,McLaren,25.0,4.0,SOFT,7.0,False,125.534,37.931,46.601,41.002,,1,,True,False,True,,,8.5,22.023809523809526,40.70119047619047,False,0.0,0.0,0.0,0.0,0.0,125.534,92.7090512699069,32.82494873009311
2026,Silverstone,FP1,NOR,1,McLaren,26.0,4.0,SOFT,8.0,False,,73.267,43.945,38.897,,1,,False,False,True,,,8.5,22.023809523809526,40.70119047619047,False,0.0,0.0,0.0,0.0,0.0,,92.7090512699069,
2026,Silverstone,FP1,NOR,1,McLaren,27.0,4.0,SOFT,9.0,False,125.887,59.883,37.664,28.34,,1,,False,True,True,,,8.5,22.023809523809526,40.70119047619047,False,0.0,0.0,0.0,0.0,0.0,125.887,92.7090512699069,33.17794873009311
2026,Silverstone,FP1,VER,3,Red Bull Racing,1.0,1.0,HARD,1.0,True,,,44.64,38.005,,1,,False,True,True,,,8.5,22.023809523809526,40.70119047619047,False,0.0,0.0,0.0,0.0,0.0,,92.27598817187717,
2026,Silverstone,FP1,VER,3,Red Bull Racing,2.0,1.0,HARD,2.0,True,92.653,29.301,37.645,25.707,,1,,True,False,True,,,8.5,22.023809523809526,40.70119047619047,False,0.0,0.0,0.0,0.0,0.0,92.653,92.27598817187717,0.37701182812283207
2026,Silverstone,FP1,VER,3,Red Bull Racing,3.0,1.0,HARD,3.0,True,145.112,47.98,55.759,41.373,,1,,True,False,True,,,8.5,22.023809523809526,40.70119047619047,False,0.0,0.0,0.0,0.0,0.0,145.112,92.27598817187717,52.83601182812282
2026,Silverstone,FP1,VER,3,Red Bull Racing,4.0,1.0,HARD,4.0,True,91.277,28.789,37.017,25.471,,1,,True,False,True,,,8.5,22.023809523809526,40.70119047619047,False,0.0,0.0,0.0,0.0,0.0,91.277,92.27598817187717,-0.9989881718771727
2026,Silverstone,FP1,VER,3,Red Bull Racing,5.0,1.0,HARD,5.0,True,,52.115,61.943,41.829,,1,,False,False,True,,,8.5,22.023809523809526,40.70119047619047,False,0.0,0.0,0.0,0.0,0.0,,92.27598817187717,
2026,Silverstone,FP1,VER,3,Red Bull Racing,6.0,1.0,HARD,6.0,True,116.106,30.198,46.679,39.229,,1,,True,False,True,,,8.5,22.023809523809526,40.70119047619047,False,0.0,0.0,0.0,0.0,0.0,116.106,92.27598817187717,23.83001182812282
2026,Silverstone,FP1,VER,3,Red Bull Racing,7.0,1.0,HARD,7.0,True,92.646,28.951999999999998,37.113,26.581,,1,,True,False,True,,,8.5,22.023809523809526,40.70119047619047,False,0.0,0.0,0.0,0.0,0.0,92.646,92.27598817187717,0.37001182812282707
2026,Silverstone,FP1,VER,3,Red Bull Racing,8.0,1.0,HARD,8.0,True,99.867,31.751,41.769,26.347,,1,,False,True,True,,,8.5,22.023809523809526,40.70119047619047,False,0.0,0.0,0.0,0.0,0.0,99.867,92.27598817187717,7.591011828122831
2026,Silverstone,FP1,VER,3,Red Bull Racing,9.0,2.0,HARD,9.0,False,,,38.335,26.666,,1,,False,True,True,,,8.5,22.023809523809526,40.70119047619047,False,0.0,0.0,0.0,0.0,0.0,,92.27598817187717,
2026,Silverstone,FP1,VER,3,Red Bull Racing,10.0,2.0,HARD,10.0,False,93.039,29.762,37.812,25.465,,1,,True,False,True,,,8.5,22.023809523809526,40.70119047619047,False,0.0,0.0,0.0,0.0,0.0,93.039,92.27598817187717,0.7630118281228278
2026,Silverstone,FP1,VER,3,Red Bull Racing,11.0,2.0,HARD,11.0,False,94.128,30.043,38.252,25.833,,1,,True,False,True,,,8.5,22.023809523809526,40.70119047619047,False,0.0,0.0,0.0,0.0,0.0,94.128,92.27598817187717,1.8520118281228264
2026,Silverstone,FP1,VER,3,Red Bull Racing,12.0,2.0,HARD,12.0,False,93.633,29.581,38.27,25.782,,1,,True,False,True,,,8.5,22.023809523809526,40.70119047619047,False,0.0,0.0,0.0,0.0,0.0,93.633,92.27598817187717,1.3570118281228218
2026,Silverstone,FP1,VER,3,Red Bull Racing,13.0,2.0,HARD,13.0,False,94.132,30.012,37.925,26.195,,1,,True,False,True,,,8.5,22.023809523809526,40.70119047619047,False,0.0,0.0,0.0,0.0,0.0,94.132,92.27598817187717,1.8560118281228313
2026,Silverstone,FP1,VER,3,Red Bull Racing,14.0,2.0,HARD,14.0,False,94.429,30.175,38.517,25.737,,12,,True,False,False,,,8.5,22.023809523809526,40.70119047619047,False,0.0,0.0,0.0,0.0,0.0,94.429,92.27598817187717,2.1530118281228283
2026,Silverstone,FP1,VER,3,Red Bull Racing,15.0,2.0,HARD,15.0,False,94.852,30.3,38.159,26.393,,1,,True,False,True,,,8.5,22.023809523809526,40.70119047619047,False,0.0,0.0,0.0,0.0,0.0,94.852,92.27598817187717,2.57601182812283
2026,Silverstone,FP1,VER,3,Red Bull Racing,16.0,2.0,HARD,16.0,False,95.093,30.529,38.617,25.947,,1,,True,False,True,,,8.5,22.023809523809526,40.70119047619047,False,0.0,0.0,0.0,0.0,0.0,95.093,92.27598817187717,2.81701182812283
2026,Silverstone,FP1,VER,3,Red Bull Racing,17.0,2.0,HARD,17.0,False,94.35,30.341,38.228,25.781,,1,,True,False,True,,,8.5,22.023809523809526,40.70119047619047,False,0.0,0.0,0.0,0.0,0.0,94.35,92.27598817187717,2.0740118281228206
2026,Silverstone,FP1,VER,3,Red Bull Racing,18.0,2.0,HARD,18.0,False,94.876,30.295,38.349,26.232,,1,,True,False,True,,,8.5,22.023809523809526,40.70119047619047,False,0.0,0.0,0.0,0.0,0.0,94.876,92.27598817187717,2.600011828122831
2026,Silverstone,FP1,VER,3,Red Bull Racing,19.0,2.0,HARD,19.0,False,101.985,31.13,40.386,30.469,,1,,False,True,True,,,8.5,22.023809523809526,40.70119047619047,False,0.0,0.0,0.0,0.0,0.0,101.985,92.27598817187717,9.709011828122826
2026,Silverstone,FP1,VER,3,Red Bull Racing,20.0,3.0,SOFT,1.0,True,,,44.797,32.869,,1,,False,True,True,,,8.5,22.023809523809526,40.70119047619047,False,0.0,0.0,0.0,0.0,0.0,,92.7090512699069,
2026,Silverstone,FP1,VER,3,Red Bull Racing,21.0,3.0,SOFT,2.0,True,90.24,28.692,36.628,24.92,,1,,True,False,True,,,8.5,22.023809523809526,40.70119047619047,False,0.0,0.0,0.0,0.0,0.0,90.24,92.7090512699069,-2.469051269906899
2026,Silverstone,FP1,VER,3,Red Bull Racing,22.0,3.0,SOFT,3.0,True,,52.275,61.809,38.351,,1,,False,False,True,,,8.5,22.023809523809526,40.70119047619047,False,0.0,0.0,0.0,0.0,0.0,,92.7090512699069,
2026,Silverstone,FP1,VER,3,Red Bull Racing,23.0,3.0,SOFT,4.0,True,115.529,39.12,46.272,30.137,,1,,True,False,True,,,8.5,22.023809523809526,40.70119047619047,False,0.0,0.0,0.0,0.0,0.0,115.529,92.7090512699069,22.819948730093103
2026,Silverstone,FP1,VER,3,Red Bull Racing,24.0,3.0,SOFT,5.0,True,90.268,28.671,36.462,25.135,,1,,True,False,True,,,8.5,22.023809523809526,40.70119047619047,False,0.0,0.0,0.0,0.0,0.0,90.268,92.7090512699069,-2.441051269906893
2026,Silverstone,FP1,VER,3,Red Bull Racing,25.0,3.0,SOFT,6.0,True,143.733,46.709,53.943,43.081,,1,,True,False,True,,,8.5,22.023809523809526,40.70119047619047,False,0.0,0.0,0.0,0.0,0.0,143.733,92.7090512699069,51.02394873009311
2026,Silverstone,FP1,VER,3,Red Bull Racing,26.0,3.0,SOFT,7.0,True,,75.017,43.668,38.463,,1,,False,False,True,,,8.5,22.023809523809526,40.70119047619047,False,0.0,0.0,0.0,0.0,0.0,,92.7090512699069,
2026,Silverstone,FP1,VER,3,Red Bull Racing,27.0,3.0,SOFT,8.0,True,137.879,71.108,39.901,26.87,,1,,False,True,True,,,8.5,22.023809523809526,40.70119047619047,False,0.0,0.0,0.0,0.0,0.0,137.879,92.7090512699069,45.1699487300931
2026,Silverstone,FP1,BOR,5,Audi,1.0,1.0,HARD,1.0,True,,,46.006,33.388,,1,,False,True,True,,,8.5,22.023809523809526,40.70119047619047,False,0.0,0.0,0.0,0.0,0.0,,92.27598817187717,
2026,Silverstone,FP1,BOR,5,Audi,2.0,1.0,HARD,2.0,True,94.93,30.373,38.411,26.146,,1,,True,False,True,,,8.5,22.023809523809526,40.70119047619047,False,0.0,0.0,0.0,0.0,0.0,94.93,92.27598817187717,2.654011828122833
2026,Silverstone,FP1,BOR,5,Audi,3.0,1.0,HARD,3.0,True,143.114,44.837,52.693,45.584,,1,,True,False,True,,,8.5,22.023809523809526,40.70119047619047,False,0.0,0.0,0.0,0.0,0.0,143.114,92.27598817187717,50.83801182812283
2026,Silverstone,FP1,BOR,5,Audi,4.0,1.0,HARD,4.0,True,93.545,30.315,37.541,25.689,,1,,True,False,True,,,8.5,22.023809523809526,40.70119047619047,False,0.0,0.0,0.0,0.0,0.0,93.545,92.27598817187717,1.269011828122828
2026,Silverstone,FP1,BOR,5,Audi,5.0,1.0,HARD,5.0,True,144.275,46.774,54.495,43.006,,1,,True,False,True,,,8.5,22.023809523809526,40.70119047619047,False,0.0,0.0,0.0,0.0,0.0,144.275,92.27598817187717,51.99901182812283
2026,Silverstone,FP1,BOR,5,Audi,6.0,1.0,HARD,6.0,True,92.355,29.651,37.252,25.452,,1,,True,False,True,,,8.5,22.023809523809526,40.70119047619047,False,0.0,0.0,0.0,0.0,0.0,92.355,92.27598817187717,0.07901182812283025
2026,Silverstone,FP1,BOR,5,Audi,7.0,1.0,HARD,7.0,True,,48.172,62.731,50.336,,1,,False,False,True,,,8.5,22.023809523809526,40.70119047619047,False,0.0,0.0,0.0,0.0,0.0,,92.27598817187717,
2026,Silverstone,FP1,BOR,5,Audi,8.0,1.0,HARD,8.0,True,92.016,29.352,37.198,25.466,,1,,True,False,True,,,8.5,22.023809523809526,40.70119047619047,False,0.0,0.0,0.0,0.0,0.0,92.016,92.27598817187717,-0.2599881718771684
2026,Silverstone,FP1,BOR,5,Audi,9.0,1.0,HARD,9.0,True,139.252,41.372,62.187,35.693,,1,,True,False,True,,,8.5,22.023809523809526,40.70119047619047,False,0.0,0.0,0.0,0.0,0.0,139.252,92.27598817187717,46.976011828122836
2026,Silverstone,FP1,BOR,5,Audi,10.0,1.0,HARD,10.0,True,91.813,29.324,37.026,25.463,,1,,True,False,True,,,8.5,22.023809523809526,40.70119047619047,False,0.0,0.0,0.0,0.0,0.0,91.813,92.27598817187717,-0.46298817187717134
2026,Silverstone,FP1,BOR,5,Audi,11.0,1.0,HARD,11.0,True,105.523,38.774,40.47,26.279,,1,,False,True,True,,,8.5,22.023809523809526,40.70119047619047,False,0.0,0.0,0.0,0.0,0.0,105.523,92.27598817187717,13.247011828122822
2026,Silverstone,FP1,BOR,5,Audi,12.0,2.0,HARD,12.0,False,,,49.207,28.223,,1,,False,True,True,,,8.5,22.023809523809526,40.70119047619047,False,0.0,0.0,0.0,0.0,0.0,,92.27598817187717,
2026,Silverstone,FP1,BOR,5,Audi,13.0,2.0,HARD,13.0,False,93.607,29.274,37.355,26.978,,1,,False,True,True,,,8.5,22.023809523809526,40.70119047619047,False,0.0,0.0,0.0,0.0,0.0,93.607,92.27598817187717,1.3310118281228256
2026,Silverstone,FP1,BOR,5,Audi,14.0,3.0,HARD,14.0,False,141.355,65.936,45.625,29.794,,1,,False,True,True,,,8.5,22.023809523809526,40.70119047619047,False,0.0,0.0,0.0,0.0,0.0,141.355,92.27598817187717,49.079011828122816
2026,Silverstone,FP1,BOR,5,Audi,15.0,3.0,HARD,15.0,False,92.621,29.465,37.359,25.797,,12,,True,False,False,,,8.5,22.023809523809526,40.70119047619047,False,0.0,0.0,0.0,0.0,0.0,92.621,92.27598817187717,0.3450118281228214
2026,Silverstone,FP1,BOR,5,Audi,16.0,3.0,HARD,16.0,False,100.678,36.237,38.492,25.949,,1,,True,False,True,,,8.5,22.023809523809526,40.70119047619047,False,0.0,0.0,0.0,0.0,0.0,100.678,92.27598817187717,8.402011828122824
2026,Silverstone,FP1,BOR,5,Audi,17.0,3.0,HARD,17.0,False,94.509,29.971,38.615,25.923000000000002,,1,,True,False,True,,,8.5,22.023809523809526,40.70119047619047,False,0.0,0.0,0.0,0.0,0.0,94.509,92.27598817187717,2.2330118281228266
2026,Silverstone,FP1,BOR,5,Audi,18.0,3.0,HARD,18.0,False,94.4,29.796,38.31,26.294,,1,,True,False,True,,,8.5,22.023809523809526,40.70119047619047,False,0.0,0.0,0.0,0.0,0.0,94.4,92.27598817187717,2.124011828122832
2026,Silverstone,FP1,BOR,5,Audi,19.0,3.0,HARD,19.0,False,94.441,29.708,38.607,26.126,,1,,True,False,True,,,8.5,22.023809523809526,40.70119047619047,False,0.0,0.0,0.0,0.0,0.0,94.441,92.27598817187717,2.1650118281228288
2026,Silverstone,FP1,BOR,5,Audi,20.0,3.0,HARD,20.0,False,93.988,29.951999999999998,38.775,25.261,,1,,False,True,True,,,8.5,22.023809523809526,40.70119047619047,False,0.0,0.0,0.0,0.0,0.0,93.988,92.27598817187717,1.7120118281228258
2026,Silverstone,FP1,BOR,5,Audi,21.0,4.0,MEDIUM,1.0,True,,,43.931,32.632,,1,,False,True,True,,,8.5,22.023809523809526,40.70119047619047,False,0.0,0.0,0.0,0.0,0.0,,91.86066941236243,
2026,Silverstone,FP1,BOR,5,Audi,22.0,4.0,MEDIUM,2.0,True,91.035,29.018,36.864,25.153,,1,,True,False,True,,,8.5,22.023809523809526,40.70119047619047,False,0.0,0.0,0.0,0.0,0.0,91.035,91.86066941236243,-0.82566941236243
2026,Silverstone,FP1,BOR,5,Audi,23.0,4.0,MEDIUM,3.0,True,118.775,40.315,47.943,30.517,,1,,False,True,True,,,8.5,22.023809523809526,40.70119047619047,False,0.0,0.0,0.0,0.0,0.0,118.775,91.86066941236243,26.91433058763758
2026,Silverstone,FP1,BOR,5,Audi,24.0,5.0,MEDIUM,4.0,False,135.959,56.161,48.758,31.04,,1,,False,True,True,,,8.5,22.023809523809526,40.70119047619047,False,0.0,0.0,0.0,0.0,0.0,135.959,91.86066941236243,44.09833058763758
2026,Silverstone,FP1,BOR,5,Audi,25.0,5.0,MEDIUM,5.0,False,92.267,29.154,37.45,25.663,,1,,True,False,True,,,8.5,22.023809523809526,40.70119047619047,False,0.0,0.0,0.0,0.0,0.0,92.267,91.86066941236243,0.40633058763756935
2026,Silverstone,FP1,BOR,5,Audi,26.0,5.0,MEDIUM,6.0,False,136.104,43.357,52.027,40.72,,1,,True,False,True,,,8.5,22.023809523809526,40.70119047619047,False,0.0,0.0,0.0,0.0,0.0,136.104,91.86066941236243,44.24333058763759
2026,Silverstone,FP1,BOR,5,Audi,27.0,5.0,MEDIUM,7.0,False,,65.899,46.735,41.927,,1,,False,False,True,,,8.5,22.023809523809526,40.70119047619047,False,0.0,0.0,0.0,0.0,0.0,,91.86066941236243,
2026,Silverstone,FP1,BOR,5,Audi,28.0,5.0,MEDIUM,8.0,False,136.679,63.153,42.125,31.401,,1,,False,True,True,,,8.5,22.023809523809526,40.70119047619047,False,0.0,0.0,0.0,0.0,0.0,136.679,91.86066941236243,44.818330587637575
2026,Silverstone,FP1,HAD,6,Red Bull Racing,1.0,1.0,HARD,1.0,True,,,44.225,37.003,,1,,False,True,True,,,8.5,22.023809523809526,40.70119047619047,False,0.0,0.0,0.0,0.0,0.0,,92.27598817187717,
2026,Silverstone,FP1,HAD,6,Red Bull Racing,2.0,1.0,HARD,2.0,True,93.177,29.716,37.74,25.721,,1,,True,False,True,,,8.5,22.023809523809526,40.70119047619047,False,0.0,0.0,0.0,0.0,0.0,93.177,92.27598817187717,0.901011828122833
2026,Silverstone,FP1,HAD,6,Red Bull Racing,3.0,1.0,HARD,3.0,True,,52.93,58.373,41.75,,1,,False,False,True,,,8.5,22.023809523809526,40.70119047619047,False,0.0,0.0,0.0,0.0,0.0,,92.27598817187717,
2026,Silverstone,FP1,HAD,6,Red Bull Racing,4.0,1.0,HARD,4.0,True,91.697,29.009,37.093,25.595,,1,,True,False,True,,,8.5,22.023809523809526,40.70119047619047,False,0.0,0.0,0.0,0.0,0.0,91.697,92.27598817187717,-0.578988171877171
2026,Silverstone,FP1,HAD,6,Red Bull Racing,5.0,1.0,HARD,5.0,True,,57.235,62.269,34.36,,1,,False,False,True,,,8.5,22.023809523809526,40.70119047619047,False,0.0,0.0,0.0,0.0,0.0,,92.27598817187717,
2026,Silverstone,FP1,HAD,6,Red Bull Racing,6.0,1.0,HARD,6.0,True,90.969,28.809,36.816,25.344,,1,,True,False,True,,,8.5,22.023809523809526,40.70119047619047,False,0.0,0.0,0.0,0.0,0.0,90.969,92.27598817187717,-1.3069881718771796
2026,Silverstone,FP1,HAD,6,Red Bull Racing,7.0,1.0,HARD,7.0,True,121.266,37.689,53.462,30.115,,1,,False,True,True,,,8.5,22.023809523809526,40.70119047619047,False,0.0,0.0,0.0,0.0,0.0,121.266,92.27598817187717,28.99001182812283
2026,Silverstone,FP1,HAD,6,Red Bull Racing,8.0,2.0,HARD,8.0,False,,,39.341,25.95,,1,,False,True,True,,,8.5,22.023809523809526,40.70119047619047,False,0.0,0.0,0.0,0.0,0.0,,92.27598817187717,
2026,Silverstone,FP1,HAD,6,Red Bull Racing,9.0,2.0,HARD,9.0,False,94.234,29.98,38.362,25.892,,1,,True,False,True,,,8.5,22.023809523809526,40.70119047619047,False,0.0,0.0,0.0,0.0,0.0,94.234,92.27598817187717,1.958011828122821
2026,Silverstone,FP1,HAD,6,Red Bull Racing,10.0,2.0,HARD,10.0,False,93.708,29.874,38.102,25.732,,1,,True,False,True,,,8.5,22.023809523809526,40.70119047619047,False,0.0,0.0,0.0,0.0,0.0,93.708,92.27598817187717,1.4320118281228247
2026,Silverstone,FP1,HAD,6,Red Bull Racing,11.0,2.0,HARD,11.0,False,94.165,30.025,38.282,25.858,,1,,True,False,True,,,8.5,22.023809523809526,40.70119047619047,False,0.0,0.0,0.0,0.0,0.0,94.165,92.27598817187717,1.8890118281228325
2026,Silverstone,FP1,HAD,6,Red Bull Racing,12.0,2.0,HARD,12.0,False,102.116,30.03,43.171,28.915,,1,,True,False,True,,,8.5,22.023809523809526,40.70119047619047,False,0.0,0.0,0.0,0.0,0.0,102.116,92.27598817187717,9.840011828122826
2026,Silverstone,FP1,HAD,6,Red Bull Racing,13.0,2.0,HARD,13.0,False,93.492,29.818,38.068,25.606,,1,,True,False,True,,,8.5,22.023809523809526,40.70119047619047,False,0.0,0.0,0.0,0.0,0.0,93.492,92.27598817187717,1.2160118281228307
2026,Silverstone,FP1,HAD,6,Red Bull Racing,14.0,2.0,HARD,14.0,False,94.144,29.981,38.239,25.924,,12,,True,False,False,,,8.5,22.023809523809526,40.70119047619047,False,0.0,0.0,0.0,0.0,0.0,94.144,92.27598817187717,1.8680118281228317
2026,Silverstone,FP1,HAD,6,Red Bull Racing,15.0,2.0,HARD,15.0,False,93.936,29.964,38.212,25.76,,1,,True,False,True,,,8.5,22.023809523809526,40.70119047619047,False,0.0,0.0,0.0,0.0,0.0,93.936,92.27598817187717,1.6600118281228333
2026,Silverstone,FP1,HAD,6,Red Bull Racing,16.0,2.0,HARD,16.0,False,94.36,30.198,38.326,25.836,,1,,True,False,True,,,8.5,22.023809523809526,40.70119047619047,False,0.0,0.0,0.0,0.0,0.0,94.36,92.27598817187717,2.0840118281228257
2026,Silverstone,FP1,HAD,6,Red Bull Racing,17.0,2.0,HARD,17.0,False,94.423,30.012,38.565,25.846,,1,,True,False,True,,,8.5,22.023809523809526,40.70119047619047,False,0.0,0.0,0.0,0.0,0.0,94.423,92.27598817187717,2.147011828122828
2026,Silverstone,FP1,HAD,6,Red Bull Racing,18.0,2.0,HARD,18.0,False,94.169,30.023,38.471,25.675,,1,,False,True,True,,,8.5,22.023809523809526,40.70119047619047,False,0.0,0.0,0.0,0.0,0.0,94.169,92.27598817187717,1.8930118281228232
2026,Silverstone,FP1,HAD,6,Red Bull Racing,19.0,3.0,SOFT,1.0,True,,,42.803,31.69,,1,,False,True,True,,,8.5,22.023809523809526,40.70119047619047,False,0.0,0.0,0.0,0.0,0.0,,92.7090512699069,
2026,Silverstone,FP1,HAD,6,Red Bull Racing,20.0,3.0,SOFT,2.0,True,90.338,28.665,36.652,25.021,,1,,True,False,True,,,8.5,22.023809523809526,40.70119047619047,False,0.0,0.0,0.0,0.0,0.0,90.338,92.7090512699069,-2.3710512699069
2026,Silverstone,FP1,HAD,6,Red Bull Racing,21.0,3.0,SOFT,3.0,True,144.481,49.083,59.759,35.639,,1,,True,False,True,,,8.5,22.023809523809526,40.70119047619047,False,0.0,0.0,0.0,0.0,0.0,144.481,92.7090512699069,51.7719487300931
2026,Silverstone,FP1,HAD,6,Red Bull Racing,22.0,3.0,SOFT,4.0,True,115.479,36.525,47.598,31.356,,1,,True,False,True,,,8.5,22.023809523809526,40.70119047619047,False,0.0,0.0,0.0,0.0,0.0,115.479,92.7090512699069,22.769948730093105
2026,Silverstone,FP1,HAD,6,Red Bull Racing,23.0,3.0,SOFT,5.0,True,112.345,36.244,45.73,30.371,,1,,True,False,True,,,8.5,22.023809523809526,40.70119047619047,False,0.0,0.0,0.0,0.0,0.0,112.345,92.7090512699069,19.635948730093105
2026,Silverstone,FP1,HAD,6,Red Bull Racing,24.0,3.0,SOFT,6.0,True,90.414,28.673000000000002,36.558,25.183,,1,,True,False,True,,,8.5,22.023809523809526,40.70119047619047,False,0.0,0.0,0.0,0.0,0.0,90.414,92.7090512699069,-2.2950512699068923
2026,Silverstone,FP1,HAD,6,Red Bull Racing,25.0,3.0,SOFT,7.0,True,131.384,41.965,51.402,38.017,,1,,True,False,True,,,8.5,22.023809523809526,40.70119047619047,False,0.0,0.0,0.0,0.0,0.0,131.384,92.7090512699069,38.67494873009309
2026,Silverstone,FP1,HAD,6,Red Bull Racing,26.0,3.0,SOFT,8.0,True,136.421,40.703,51.532,44.186,,1,,True,False,True,,,8.5,22.023809523809526,40.70119047619047,False,0.0,0.0,0.0,0.0,0.0,136.421,92.7090512699069,43.7119487300931
2026,Silverstone,FP1,HAD,6,Red Bull Racing,27.0,3.0,SOFT,9.0,True,,79.15,42.085,75.915,,1,,False,False,True,,,8.5,22.023809523809526,40.70119047619047,False,0.0,0.0,0.0,0.0,0.0,,92.7090512699069,
2026,Silverstone,FP1,HAD,6,Red Bull Racing,28.0,3.0,SOFT,10.0,True,108.373,32.662,49.346,26.365,,1,,False,True,True,,,8.5,22.023809523809526,40.70119047619047,False,0.0,0.0,0.0,0.0,0.0,108.373,92.7090512699069,15.66394873009311
2026,Silverstone,FP1,GAS,10,Alpine,1.0,1.0,HARD,1.0,True,,,52.548,30.97,,1,,False,True,True,,,8.5,22.023809523809526,40.70119047619047,False,0.0,0.0,0.0,0.0,0.0,,92.27598817187717,
2026,Silverstone,FP1,GAS,10,Alpine,2.0,2.0,HARD,2.0,False,139.526,57.896,46.514,35.116,,1,,False,True,True,,,8.5,22.023809523809526,40.70119047619047,False,0.0,0.0,0.0,0.0,0.0,139.526,92.27598817187717,47.25001182812284
2026,Silverstone,FP1,GAS,10,Alpine,3.0,2.0,HARD,3.0,False,95.045,30.13,38.609,26.306,,1,,True,False,True,,,8.5,22.023809523809526,40.70119047619047,False,0.0,0.0,0.0,0.0,0.0,95.045,92.27598817187717,2.769011828122828
2026,Silverstone,FP1,GAS,10,Alpine,4.0,2.0,HARD,4.0,False,142.152,44.198,59.778,38.176,,1,,True,False,True,,,8.5,22.023809523809526,40.70119047619047,False,0.0,0.0,0.0,0.0,0.0,142.152,92.27598817187717,49.87601182812281
2026,Silverstone,FP1,GAS,10,Alpine,5.0,2.0,HARD,5.0,False,93.398,29.671,37.999,25.728,,1,,True,False,True,,,8.5,22.023809523809526,40.70119047619047,False,0.0,0.0,0.0,0.0,0.0,93.398,92.27598817187717,1.1220118281228224
2026,Silverstone,FP1,GAS,10,Alpine,6.0,2.0,HARD,6.0,False,141.361,49.223,61.626,30.512,,1,,True,False,True,,,8.5,22.023809523809526,40.70119047619047,False,0.0,0.0,0.0,0.0,0.0,141.361,92.27598817187717,49.085011828122816
2026,Silverstone,FP1,GAS,10,Alpine,7.0,2.0,HARD,7.0,False,107.647,29.335,46.233,32.079,,1,,True,False,True,,,8.5,22.023809523809526,40.70119047619047,False,0.0,0.0,0.0,0.0,0.0,107.647,92.27598817187717,15.371011828122832
2026,Silverstone,FP1,GAS,10,Alpine,8.0,2.0,HARD,8.0,False,93.512,29.634,38.089,25.789,,1,,True,False,True,,,8.5,22.023809523809526,40.70119047619047,False,0.0,0.0,0.0,0.0,0.0,93.512,92.27598817187717,1.2360118281228267
2026,Silverstone,FP1,GAS,10,Alpine,9.0,2.0,HARD,9.0,False,133.915,44.715,57.864,31.336,,1,,True,False,True,,,8.5,22.023809523809526,40.70119047619047,False,0.0,0.0,0.0,0.0,0.0,133.915,92.27598817187717,41.63901182812282
2026,Silverstone,FP1,GAS,10,Alpine,10.0,2.0,HARD,10.0,False,93.019,29.379,37.803,25.837,,1,,True,False,True,,,8.5,22.023809523809526,40.70119047619047,False,0.0,0.0,0.0,0.0,0.0,93.019,92.27598817187717,0.7430118281228317
2026,Silverstone,FP1,GAS,10,Alpine,11.0,2.0,HARD,11.0,False,116.393,34.097,50.239,32.057,,1,,False,True,True,,,8.5,22.023809523809526,40.70119047619047,False,0.0,0.0,0.0,0.0,0.0,116.393,92.27598817187717,24.117011828122827
2026,Silverstone,FP1,GAS,10,Alpine,12.0,3.0,HARD,12.0,False,,,42.758,32.598,,1,,False,True,True,,,8.5,22.023809523809526,40.70119047619047,False,0.0,0.0,0.0,0.0,0.0,,92.27598817187717,
2026,Silverstone,FP1,GAS,10,Alpine,13.0,3.0,HARD,13.0,False,98.015,29.556,38.157,30.302,,12,,False,True,False,,,8.5,22.023809523809526,40.70119047619047,False,0.0,0.0,0.0,0.0,0.0,98.015,92.27598817187717,5.739011828122827
2026,Silverstone,FP1,GAS,10,Alpine,14.0,4.0,HARD,14.0,False,144.662,63.229,47.854,33.579,,1,,False,True,True,,,8.5,22.023809523809526,40.70119047619047,False,0.0,0.0,0.0,0.0,0.0,144.662,92.27598817187717,52.38601182812283
2026,Silverstone,FP1,GAS,10,Alpine,15.0,4.0,HARD,15.0,False,93.803,29.567,38.24,25.996,,1,,True,False,True,,,8.5,22.023809523809526,40.70119047619047,False,0.0,0.0,0.0,0.0,0.0,93.803,92.27598817187717,1.5270118281228235
2026,Silverstone,FP1,GAS,10,Alpine,16.0,4.0,HARD,16.0,False,101.628,32.577,42.31,26.741,,1,,True,False,True,,,8.5,22.023809523809526,40.70119047619047,False,0.0,0.0,0.0,0.0,0.0,101.628,92.27598817187717,9.352011828122826
2026,Silverstone,FP1,GAS,10,Alpine,17.0,4.0,HARD,17.0,False,96.739,30.208,39.385,27.146,,1,,False,True,True,,,8.5,22.023809523809526,40.70119047619047,False,0.0,0.0,0.0,0.0,0.0,96.739,92.27598817187717,4.463011828122831
2026,Silverstone,FP1,GAS,10,Alpine,18.0,5.0,MEDIUM,1.0,True,,,46.331,31.703,,1,,False,True,True,,,8.5,22.023809523809526,40.70119047619047,False,0.0,0.0,0.0,0.0,0.0,,91.86066941236243,
2026,Silverstone,FP1,GAS,10,Alpine,19.0,5.0,MEDIUM,2.0,True,123.885,38.093,52.812,32.98,,1,,True,False,True,,,8.5,22.023809523809526,40.70119047619047,False,0.0,0.0,0.0,0.0,0.0,123.885,91.86066941236243,32.02433058763758
2026,Silverstone,FP1,GAS,10,Alpine,20.0,5.0,MEDIUM,3.0,True,92.195,29.311,37.29,25.594,,1,,True,False,True,,,8.5,22.023809523809526,40.70119047619047,False,0.0,0.0,0.0,0.0,0.0,92.195,91.86066941236243,0.3343305876375666
2026,Silverstone,FP1,GAS,10,Alpine,21.0,5.0,MEDIUM,4.0,True,103.193,32.889,42.776,27.528,,1,,False,True,True,,,8.5,22.023809523809526,40.70119047619047,False,0.0,0.0,0.0,0.0,0.0,103.193,91.86066941236243,11.332330587637571
2026,Silverstone,FP1,GAS,10,Alpine,22.0,6.0,HARD,18.0,False,137.277,59.737,44.668,32.872,,1,,False,True,True,,,8.5,22.023809523809526,40.70119047619047,False,0.0,0.0,0.0,0.0,0.0,137.277,92.27598817187717,45.00101182812281
2026,Silverstone,FP1,GAS,10,Alpine,23.0,6.0,HARD,19.0,False,122.996,35.515,46.874,40.607,,1,,True,False,True,,,8.5,22.023809523809526,40.70119047619047,False,0.0,0.0,0.0,0.0,0.0,122.996,92.27598817187717,30.72001182812282
2026,Silverstone,FP1,GAS,10,Alpine,24.0,6.0,HARD,20.0,False,,72.468,49.857,34.342,,1,,False,False,True,,,8.5,22.023809523809526,40.70119047619047,False,0.0,0.0,0.0,0.0,0.0,,92.27598817187717,
2026,Silverstone,FP1,GAS,10,Alpine,25.0,6.0,HARD,21.0,False,134.356,61.16,45.921,27.275,,1,,False,True,True,,,8.5,22.023809523809526,40.70119047619047,False,0.0,0.0,0.0,0.0,0.0,134.356,92.27598817187717,42.08001182812282
2026,Silverstone,FP1,PER,11,Cadillac,1.0,1.0,HARD,1.0,True,,,47.271,37.66,,1,,False,True,True,,,8.5,22.023809523809526,40.70119047619047,False,0.0,0.0,0.0,0.0,0.0,,92.27598817187717,
2026,Silverstone,FP1,PER,11,Cadillac,2.0,1.0,HARD,2.0,True,97.536,31.185,39.187,27.164,,1,,True,False,True,,,8.5,22.023809523809526,40.70119047619047,False,0.0,0.0,0.0,0.0,0.0,97.536,92.27598817187717,5.260011828122828
2026,Silverstone,FP1,PER,11,Cadillac,3.0,1.0,HARD,3.0,True,144.575,46.355,54.371,43.849,,1,,True,False,True,,,8.5,22.023809523809526,40.70119047619047,False,0.0,0.0,0.0,0.0,0.0,144.575,92.27598817187717,52.299011828122815
2026,Silverstone,FP1,PER,11,Cadillac,4.0,1.0,HARD,4.0,True,95.382,30.508,38.56,26.314,,1,,True,False,True,,,8.5,22.023809523809526,40.70119047619047,False,0.0,0.0,0.0,0.0,0.0,95.382,92.27598817187717,3.1060118281228313
2026,Silverstone,FP1,PER,11,Cadillac,5.0,1.0,HARD,5.0,True,,55.447,58.914,36.306,,1,,False,False,True,,,8.5,22.023809523809526,40.70119047619047,False,0.0,0.0,0.0,0.0,0.0,,92.27598817187717,
2026,Silverstone,FP1,PER,11,Cadillac,6.0,1.0,HARD,6.0,True,93.969,29.794,37.982,26.193,,1,,True,False,True,,,8.5,22.023809523809526,40.70119047619047,False,0.0,0.0,0.0,0.0,0.0,93.969,92.27598817187717,1.6930118281228204
2026,Silverstone,FP1,PER,11,Cadillac,7.0,1.0,HARD,7.0,True,,50.289,63.909,36.988,,1,,False,False,True,,,8.5,22.023809523809526,40.70119047619047,False,0.0,0.0,0.0,0.0,0.0,,92.27598817187717,
2026,Silverstone,FP1,PER,11,Cadillac,8.0,1.0,HARD,8.0,True,95.907,30.712,38.935,26.26,,1,,True,False,True,,,8.5,22.023809523809526,40.70119047619047,False,0.0,0.0,0.0,0.0,0.0,95.907,92.27598817187717,3.6310118281228227
2026,Silverstone,FP1,PER,11,Cadillac,9.0,1.0,HARD,9.0,True,95.541,30.062,38.996,26.483,,1,,True,False,True,,,8.5,22.023809523809526,40.70119047619047,False,0.0,0.0,0.0,0.0,0.0,95.541,92.27598817187717,3.265011828122823
2026,Silverstone,FP1,PER,11,Cadillac,10.0,1.0,HARD,10.0,True,97.04,31.451,39.117,26.472,,1,,True,False,True,,,8.5,22.023809523809526,40.70119047619047,False,0.0,0.0,0.0,0.0,0.0,97.04,92.27598817187717,4.7640118281228325
2026,Silverstone,FP1,PER,11,Cadillac,11.0,1.0,HARD,11.0,True,95.262,30.282,38.619,26.361,,1,,True,False,True,,,8.5,22.023809523809526,40.70119047619047,False,0.0,0.0,0.0,0.0,0.0,95.262,92.27598817187717,2.9860118281228267
2026,Silverstone,FP1,PER,11,Cadillac,12.0,1.0,HARD,12.0,True,95.223,30.387,38.748,26.088,,1,,True,False,True,,,8.5,22.023809523809526,40.70119047619047,False,0.0,0.0,0.0,0.0,0.0,95.223,92.27598817187717,2.9470118281228252
2026,Silverstone,FP1,PER,11,Cadillac,13.0,1.0,HARD,13.0,True,95.482,30.319,38.822,26.341,,1,,True,False,True,,,8.5,22.023809523809526,40.70119047619047,False,0.0,0.0,0.0,0.0,0.0,95.482,92.27598817187717,3.2060118281228256
2026,Silverstone,FP1,PER,11,Cadillac,14.0,1.0,HARD,14.0,True,95.225,30.211,38.648,26.366,,1,,True,False,True,,,8.5,22.023809523809526,40.70119047619047,False,0.0,0.0,0.0,0.0,0.0,95.225,92.27598817187717,2.9490118281228206
2026,Silverstone,FP1,PER,11,Cadillac,15.0,1.0,HARD,15.0,True,105.657,30.811,43.196,31.65,,1,,False,True,True,,,8.5,22.023809523809526,40.70119047619047,False,0.0,0.0,0.0,0.0,0.0,105.657,92.27598817187717,13.381011828122823
2026,Silverstone,FP1,PER,11,Cadillac,16.0,2.0,SOFT,1.0,True,,,44.346,29.967,,12,,False,True,False,,,8.5,22.023809523809526,40.70119047619047,False,0.0,0.0,0.0,0.0,0.0,,92.7090512699069,
2026,Silverstone,FP1,PER,11,Cadillac,17.0,2.0,SOFT,2.0,True,92.951,29.474,37.731,25.746,,1,,True,False,True,,,8.5,22.023809523809526,40.70119047619047,False,0.0,0.0,0.0,0.0,0.0,92.951,92.7090512699069,0.24194873009309958
2026,Silverstone,FP1,PER,11,Cadillac,18.0,2.0,SOFT,3.0,True,142.322,47.96,63.171,31.191,,1,,False,True,True,,,8.5,22.023809523809526,40.70119047619047,False,0.0,0.0,0.0,0.0,0.0,142.322,92.7090512699069,49.61294873009311
2026,Silverstone,FP1,PER,11,Cadillac,19.0,3.0,MEDIUM,1.0,True,,,41.19,34.023,,1,,False,True,True,,,8.5,22.023809523809526,40.70119047619047,False,0.0,0.0,0.0,0.0,0.0,,91.86066941236243,
2026,Silverstone,FP1,PER,11,Cadillac,20.0,3.0,MEDIUM,2.0,True,92.241,29.318,37.2,25.723,,1,,True,False,True,,,8.5,22.023809523809526,40.70119047619047,False,0.0,0.0,0.0,0.0,0.0,92.241,91.86066941236243,0.3803305876375731
2026,Silverstone,FP1,PER,11,Cadillac,21.0,3.0,MEDIUM,3.0,True,127.096,44.611,52.015,30.47,,1,,True,False,True,,,8.5,22.023809523809526,40.70119047619047,False,0.0,0.0,0.0,0.0,0.0,127.096,91.86066941236243,35.23533058763758
2026,Silverstone,FP1,PER,11,Cadillac,22.0,3.0,MEDIUM,4.0,True,125.368,29.704,53.303,42.361,,1,,True,False,True,,,8.5,22.023809523809526,40.70119047619047,False,0.0,0.0,0.0,0.0,0.0,125.368,91.86066941236243,33.50733058763757
2026,Silverstone,FP1,PER,11,Cadillac,23.0,3.0,MEDIUM,5.0,True,143.081,75.296,40.372,27.413,,1,,False,True,True,,,8.5,22.023809523809526,40.70119047619047,False,0.0,0.0,0.0,0.0,0.0,143.081,91.86066941236243,51.22033058763756
2026,Silverstone,FP1,ANT,12,Mercedes,1.0,1.0,HARD,1.0,True,,,43.29,34.132,,1,,False,True,True,,,8.5,22.023809523809526,40.70119047619047,False,0.0,0.0,0.0,0.0,0.0,,92.27598817187717,
2026,Silverstone,FP1,ANT,12,Mercedes,2.0,1.0,HARD,2.0,True,92.579,29.083,37.308,26.188,,1,,True,False,True,,,8.5,22.023809523809526,40.70119047619047,False,0.0,0.0,0.0,0.0,0.0,92.579,92.27598817187717,0.3030118281228198
2026,Silverstone,FP1,ANT,12,Mercedes,3.0,1.0,HARD,3.0,True,,42.477,64.271,43.255,,1,,False,False,True,,,8.5,22.023809523809526,40.70119047619047,False,0.0,0.0,0.0,0.0,0.0,,92.27598817187717,
2026,Silverstone,FP1,ANT,12,Mercedes,4.0,1.0,HARD,4.0,True,111.169,32.855,50.104,28.21,,1,,True,False,True,,,8.5,22.023809523809526,40.70119047619047,False,0.0,0.0,0.0,0.0,0.0,111.169,92.27598817187717,18.893011828122823
2026,Silverstone,FP1,ANT,12,Mercedes,5.0,1.0,HARD,5.0,True,91.806,28.877,36.948,25.981,,1,,True,False,True,,,8.5,22.023809523809526,40.70119047619047,False,0.0,0.0,0.0,0.0,0.0,91.806,92.27598817187717,-0.46998817187717634
2026,Silverstone,FP1,ANT,12,Mercedes,6.0,1.0,HARD,6.0,True,130.019,44.954,52.486,32.579,,1,,True,False,True,,,8.5,22.023809523809526,40.70119047619047,False,0.0,0.0,0.0,0.0,0.0,130.019,92.27598817187717,37.74301182812283
2026,Silverstone,FP1,ANT,12,Mercedes,7.0,1.0,HARD,7.0,True,90.976,28.87,36.643,25.463,,1,,True,False,True,,,8.5,22.023809523809526,40.70119047619047,False,0.0,0.0,0.0,0.0,0.0,90.976,92.27598817187717,-1.2999881718771746
2026,Silverstone,FP1,ANT,12,Mercedes,8.0,1.0,HARD,8.0,True,143.349,48.637,54.268,40.444,,1,,True,False,True,,,8.5,22.023809523809526,40.70119047619047,False,0.0,0.0,0.0,0.0,0.0,143.349,92.27598817187717,51.073011828122816
2026,Silverstone,FP1,ANT,12,Mercedes,9.0,1.0,HARD,9.0,True,111.026,34.345,45.072,31.609,,1,,True,False,True,,,8.5,22.023809523809526,40.70119047619047,False,0.0,0.0,0.0,0.0,0.0,111.026,92.27598817187717,18.750011828122823
2026,Silverstone,FP1,ANT,12,Mercedes,10.0,1.0,HARD,10.0,True,106.922,33.393,44.286,29.243,,1,,True,False,True,,,8.5,22.023809523809526,40.70119047619047,False,0.0,0.0,0.0,0.0,0.0,106.922,92.27598817187717,14.646011828122823
2026,Silverstone,FP1,ANT,12,Mercedes,11.0,1.0,HARD,11.0,True,90.777,28.826,36.766,25.185,,1,,True,False,True,,,8.5,22.023809523809526,40.70119047619047,False,0.0,0.0,0.0,0.0,0.0,90.777,92.27598817187717,-1.4989881718771727
2026,Silverstone,FP1,ANT,12,Mercedes,12.0,1.0,HARD,12.0,True,117.855,35.442,47.057,35.356,,1,,False,True,True,,,8.5,22.023809523809526,40.70119047619047,False,0.0,0.0,0.0,0.0,0.0,117.855,92.27598817187717,25.57901182812283
2026,Silverstone,FP1,ANT,12,Mercedes,13.0,2.0,HARD,13.0,False,,,43.166,26.043,,1,,False,True,True,,,8.5,22.023809523809526,40.70119047619047,False,0.0,0.0,0.0,0.0,0.0,,92.27598817187717,
2026,Silverstone,FP1,ANT,12,Mercedes,14.0,2.0,HARD,14.0,False,93.253,29.63,37.992,25.631,,1,,True,False,True,,,8.5,22.023809523809526,40.70119047619047,False,0.0,0.0,0.0,0.0,0.0,93.253,92.27598817187717,0.9770118281228264
2026,Silverstone,FP1,ANT,12,Mercedes,15.0,2.0,HARD,15.0,False,96.162,29.377,37.924,28.861,,1,,True,False,True,,,8.5,22.023809523809526,40.70119047619047,False,0.0,0.0,0.0,0.0,0.0,96.162,92.27598817187717,3.8860118281228324
2026,Silverstone,FP1,ANT,12,Mercedes,16.0,2.0,HARD,16.0,False,92.668,29.553,37.475,25.64,,1,,True,False,True,,,8.5,22.023809523809526,40.70119047619047,False,0.0,0.0,0.0,0.0,0.0,92.668,92.27598817187717,0.39201182812283264
2026,Silverstone,FP1,ANT,12,Mercedes,17.0,2.0,HARD,17.0,False,93.253,29.483,38.012,25.758,,12,,True,False,False,,,8.5,22.023809523809526,40.70119047619047,False,0.0,0.0,0.0,0.0,0.0,93.253,92.27598817187717,0.9770118281228264
2026,Silverstone,FP1,ANT,12,Mercedes,18.0,2.0,HARD,18.0,False,92.618,29.596,37.294,25.728,,1,,True,False,True,,,8.5,22.023809523809526,40.70119047619047,False,0.0,0.0,0.0,0.0,0.0,92.618,92.27598817187717,0.34201182812282127
2026,Silverstone,FP1,ANT,12,Mercedes,19.0,2.0,HARD,19.0,False,98.082,29.501,38.574,30.007,,1,,True,False,True,,,8.5,22.023809523809526,40.70119047619047,False,0.0,0.0,0.0,0.0,0.0,98.082,92.27598817187717,5.80601182812282
2026,Silverstone,FP1,ANT,12,Mercedes,20.0,2.0,HARD,20.0,False,93.297,29.868,37.518,25.911,,1,,True,False,True,,,8.5,22.023809523809526,40.70119047619047,False,0.0,0.0,0.0,0.0,0.0,93.297,92.27598817187717,1.0210118281228233
2026,Silverstone,FP1,ANT,12,Mercedes,21.0,2.0,HARD,21.0,False,92.584,29.426,37.486,25.672,,1,,True,False,True,,,8.5,22.023809523809526,40.70119047619047,False,0.0,0.0,0.0,0.0,0.0,92.584,92.27598817187717,0.30801182812282946
2026,Silverstone,FP1,ANT,12,Mercedes,22.0,2.0,HARD,22.0,False,92.874,29.303,37.341,26.23,,1,,False,True,True,,,8.5,22.023809523809526,40.70119047619047,False,0.0,0.0,0.0,0.0,0.0,92.874,92.27598817187717,0.5980118281228215
2026,Silverstone,FP1,ANT,12,Mercedes,23.0,3.0,SOFT,1.0,True,,,41.538,27.665,,1,,False,True,True,,,8.5,22.023809523809526,40.70119047619047,False,0.0,0.0,0.0,0.0,0.0,,92.7090512699069,
2026,Silverstone,FP1,ANT,12,Mercedes,24.0,3.0,SOFT,2.0,True,89.473,28.369,36.209,24.895,,1,,True,False,True,,,8.5,22.023809523809526,40.70119047619047,False,0.0,0.0,0.0,0.0,0.0,89.473,92.7090512699069,-3.236051269906895
2026,Silverstone,FP1,ANT,12,Mercedes,25.0,3.0,SOFT,3.0,True,127.389,38.035,59.521,29.833,,1,,False,True,True,,,8.5,22.023809523809526,40.70119047619047,False,0.0,0.0,0.0,0.0,0.0,127.389,92.7090512699069,34.6799487300931
2026,Silverstone,FP1,ANT,12,Mercedes,26.0,4.0,SOFT,4.0,False,,,43.886,27.64,,1,,False,True,True,,,8.5,22.023809523809526,40.70119047619047,False,0.0,0.0,0.0,0.0,0.0,,92.7090512699069,
2026,Silverstone,FP1,ANT,12,Mercedes,27.0,4.0,SOFT,5.0,False,107.693,31.206,38.177,38.31,,1,,True,False,True,,,8.5,22.023809523809526,40.70119047619047,False,0.0,0.0,0.0,0.0,0.0,107.693,92.7090512699069,14.983948730093104
2026,Silverstone,FP1,ANT,12,Mercedes,28.0,4.0,SOFT,6.0,False,,64.119,54.966,49.739,,1,,False,False,True,,,8.5,22.023809523809526,40.70119047619047,False,0.0,0.0,0.0,0.0,0.0,,92.7090512699069,
2026,Silverstone,FP1,ANT,12,Mercedes,29.0,4.0,SOFT,7.0,False,144.097,70.246,43.906,29.945,,1,,False,True,True,,,8.5,22.023809523809526,40.70119047619047,False,0.0,0.0,0.0,0.0,0.0,144.097,92.7090512699069,51.387948730093115
2026,Silverstone,FP1,ALO,14,Aston Martin,1.0,1.0,HARD,1.0,True,,,43.241,37.691,,1,,False,True,True,,,8.5,22.023809523809526,40.70119047619047,False,0.0,0.0,0.0,0.0,0.0,,92.27598817187717,
2026,Silverstone,FP1,ALO,14,Aston Martin,2.0,1.0,HARD,2.0,True,96.571,30.83,39.35,26.391,,1,,True,False,True,,,8.5,22.023809523809526,40.70119047619047,False,0.0,0.0,0.0,0.0,0.0,96.571,92.27598817187717,4.295011828122824
2026,Silverstone,FP1,ALO,14,Aston Martin,3.0,1.0,HARD,3.0,True,95.939,30.784,38.98,26.175,,1,,True,False,True,,,8.5,22.023809523809526,40.70119047619047,False,0.0,0.0,0.0,0.0,0.0,95.939,92.27598817187717,3.6630118281228192
2026,Silverstone,FP1,ALO,14,Aston Martin,4.0,1.0,HARD,4.0,True,137.44,40.097,53.751,43.592,,1,,True,False,True,,,8.5,22.023809523809526,40.70119047619047,False,0.0,0.0,0.0,0.0,0.0,137.44,92.27598817187717,45.164011828122824
2026,Silverstone,FP1,ALO,14,Aston Martin,5.0,1.0,HARD,5.0,True,95.35,30.04,38.816,26.494,,1,,True,False,True,,,8.5,22.023809523809526,40.70119047619047,False,0.0,0.0,0.0,0.0,0.0,95.35,92.27598817187717,3.0740118281228206
2026,Silverstone,FP1,ALO,14,Aston Martin,6.0,1.0,HARD,6.0,True,131.948,47.553,51.053,33.342,,1,,True,False,True,,,8.5,22.023809523809526,40.70119047619047,False,0.0,0.0,0.0,0.0,0.0,131.948,92.27598817187717,39.672011828122834
2026,Silverstone,FP1,ALO,14,Aston Martin,7.0,1.0,HARD,7.0,True,94.771,29.829,38.46,26.482,,1,,True,False,True,,,8.5,22.023809523809526,40.70119047619047,False,0.0,0.0,0.0,0.0,0.0,94.771,92.27598817187717,2.495011828122827
2026,Silverstone,FP1,ALO,14,Aston Martin,8.0,1.0,HARD,8.0,True,133.653,42.254,56.031,35.368,,1,,True,False,True,,,8.5,22.023809523809526,40.70119047619047,False,0.0,0.0,0.0,0.0,0.0,133.653,92.27598817187717,41.37701182812282
2026,Silverstone,FP1,ALO,14,Aston Martin,9.0,1.0,HARD,9.0,True,94.88,29.816,38.513,26.551,,1,,True,False,True,,,8.5,22.023809523809526,40.70119047619047,False,0.0,0.0,0.0,0.0,0.0,94.88,92.27598817187717,2.6040118281228217
2026,Silverstone,FP1,ALO,14,Aston Martin,10.0,1.0,HARD,10.0,True,109.179,34.354,43.194,31.631,,1,,False,True,True,,,8.5,22.023809523809526,40.70119047619047,False,0.0,0.0,0.0,0.0,0.0,109.179,92.27598817187717,16.90301182812283
2026,Silverstone,FP1,ALO,14,Aston Martin,11.0,2.0,SOFT,1.0,True,,,46.796,35.702,,1,,False,True,True,,,8.5,22.023809523809526,40.70119047619047,False,0.0,0.0,0.0,0.0,0.0,,92.7090512699069,
2026,Silverstone,FP1,ALO,14,Aston Martin,12.0,2.0,SOFT,2.0,True,93.204,29.399,37.916,25.889,,1,,True,False,True,,,8.5,22.023809523809526,40.70119047619047,False,0.0,0.0,0.0,0.0,0.0,93.204,92.7090512699069,0.4949487300930997
2026,Silverstone,FP1,ALO,14,Aston Martin,13.0,2.0,SOFT,3.0,True,122.552,42.741,48.765,31.046,,12,,False,True,False,,,8.5,22.023809523809526,40.70119047619047,False,0.0,0.0,0.0,0.0,0.0,122.552,92.7090512699069,29.842948730093113
2026,Silverstone,FP1,ALO,14,Aston Martin,14.0,3.0,SOFT,4.0,False,,88.163,51.774,33.202,,21,,False,True,False,,,8.5,22.023809523809526,40.70119047619047,False,0.0,0.0,0.0,0.0,0.0,,92.7090512699069,
2026,Silverstone,FP1,ALO,14,Aston Martin,15.0,3.0,SOFT,5.0,False,94.178,29.767,38.057,26.354,,1,,True,False,True,,,8.5,22.023809523809526,40.70119047619047,False,0.0,0.0,0.0,0.0,0.0,94.178,92.7090512699069,1.4689487300931034
2026,Silverstone,FP1,ALO,14,Aston Martin,16.0,3.0,SOFT,6.0,False,107.363,34.481,44.786,28.096,,1,,False,True,True,,,8.5,22.023809523809526,40.70119047619047,False,0.0,0.0,0.0,0.0,0.0,107.363,92.7090512699069,14.653948730093106
2026,Silverstone,FP1,ALO,14,Aston Martin,17.0,4.0,MEDIUM,1.0,True,,,42.072,33.191,,1,,False,True,True,,,8.5,22.023809523809526,40.70119047619047,False,0.0,0.0,0.0,0.0,0.0,,91.86066941236243,
2026,Silverstone,FP1,ALO,14,Aston Martin,18.0,4.0,MEDIUM,2.0,True,117.368,34.714,51.343,31.311,,1,,True,False,True,,,8.5,22.023809523809526,40.70119047619047,False,0.0,0.0,0.0,0.0,0.0,117.368,91.86066941236243,25.50733058763757
2026,Silverstone,FP1,ALO,14,Aston Martin,19.0,4.0,MEDIUM,3.0,True,92.957,29.475,37.713,25.769,,1,,True,False,True,,,8.5,22.023809523809526,40.70119047619047,False,0.0,0.0,0.0,0.0,0.0,92.957,91.86066941236243,1.096330587637567
2026,Silverstone,FP1,ALO,14,Aston Martin,20.0,4.0,MEDIUM,4.0,True,147.467,49.324,65.992,32.151,,1,,True,False,True,,,8.5,22.023809523809526,40.70119047619047,False,0.0,0.0,0.0,0.0,0.0,147.467,91.86066941236243,55.606330587637586
2026,Silverstone,FP1,ALO,14,Aston Martin,21.0,4.0,MEDIUM,5.0,True,121.839,31.088,53.579,37.172,,1,,True,False,True,,,8.5,22.023809523809526,40.70119047619047,False,0.0,0.0,0.0,0.0,0.0,121.839,91.86066941236243,29.978330587637572
2026,Silverstone,FP1,ALO,14,Aston Martin,22.0,4.0,MEDIUM,6.0,True,94.584,29.61,37.847,27.127,,1,,True,False,True,,,8.5,22.023809523809526,40.70119047619047,False,0.0,0.0,0.0,0.0,0.0,94.584,91.86066941236243,2.7233305876375766
2026,Silverstone,FP1,ALO,14,Aston Martin,23.0,4.0,MEDIUM,7.0,True,113.496,33.909,42.126,37.461,,1,,True,False,True,,,8.5,22.023809523809526,40.70119047619047,False,0.0,0.0,0.0,0.0,0.0,113.496,91.86066941236243,21.63533058763757
2026,Silverstone,FP1,ALO,14,Aston Martin,24.0,4.0,MEDIUM,8.0,True,,70.438,46.83,37.421,,1,,False,False,True,,,8.5,22.023809523809526,40.70119047619047,False,0.0,0.0,0.0,0.0,0.0,,91.86066941236243,
2026,Silverstone,FP1,ALO,14,Aston Martin,25.0,4.0,MEDIUM,9.0,True,138.852,68.331,42.346,28.175,,1,,False,True,True,,,8.5,22.023809523809526,40.70119047619047,False,0.0,0.0,0.0,0.0,0.0,138.852,91.86066941236243,46.99133058763758
2026,Silverstone,FP1,LEC,16,Ferrari,1.0,1.0,HARD,1.0,True,,,42.239,38.683,,1,,False,True,True,,,8.5,22.023809523809526,40.70119047619047,False,0.0,0.0,0.0,0.0,0.0,,92.27598817187717,
2026,Silverstone,FP1,LEC,16,Ferrari,2.0,1.0,HARD,2.0,True,93.8,30.34,37.803,25.657,,1,,True,False,True,,,8.5,22.023809523809526,40.70119047619047,False,0.0,0.0,0.0,0.0,0.0,93.8,92.27598817187717,1.5240118281228234
2026,Silverstone,FP1,LEC,16,Ferrari,3.0,1.0,HARD,3.0,True,143.269,40.236,55.822,47.211,,1,,True,False,True,,,8.5,22.023809523809526,40.70119047619047,False,0.0,0.0,0.0,0.0,0.0,143.269,92.27598817187717,50.99301182812283
2026,Silverstone,FP1,LEC,16,Ferrari,4.0,1.0,HARD,4.0,True,92.6,29.735,37.372,25.493,,1,,True,False,True,,,8.5,22.023809523809526,40.70119047619047,False,0.0,0.0,0.0,0.0,0.0,92.6,92.27598817187717,0.3240118281228206
2026,Silverstone,FP1,LEC,16,Ferrari,5.0,1.0,HARD,5.0,True,145.255,47.301,57.016,40.938,,1,,True,False,True,,,8.5,22.023809523809526,40.70119047619047,False,0.0,0.0,0.0,0.0,0.0,145.255,92.27598817187717,52.97901182812282
2026,Silverstone,FP1,LEC,16,Ferrari,6.0,1.0,HARD,6.0,True,91.548,29.289,36.942,25.317,,1,,True,False,True,,,8.5,22.023809523809526,40.70119047619047,False,0.0,0.0,0.0,0.0,0.0,91.548,92.27598817187717,-0.7279881718771719
2026,Silverstone,FP1,LEC,16,Ferrari,7.0,1.0,HARD,7.0,True,142.075,42.579,53.394,46.102,,1,,True,False,True,,,8.5,22.023809523809526,40.70119047619047,False,0.0,0.0,0.0,0.0,0.0,142.075,92.27598817187717,49.799011828122815
2026,Silverstone,FP1,LEC,16,Ferrari,8.0,1.0,HARD,8.0,True,91.327,29.155,36.784,25.388,,1,,True,False,True,,,8.5,22.023809523809526,40.70119047619047,False,0.0,0.0,0.0,0.0,0.0,91.327,92.27598817187717,-0.9489881718771755
2026,Silverstone,FP1,LEC,16,Ferrari,9.0,1.0,HARD,9.0,True,133.347,41.177,59.356,32.814,,1,,True,False,True,,,8.5,22.023809523809526,40.70119047619047,False,0.0,0.0,0.0,0.0,0.0,133.347,92.27598817187717,41.071011828122835
2026,Silverstone,FP1,LEC,16,Ferrari,10.0,1.0,HARD,10.0,True,102.285,30.64,43.006,28.639,,1,,True,False,True,,,8.5,22.023809523809526,40.70119047619047,False,0.0,0.0,0.0,0.0,0.0,102.285,92.27598817187717,10.009011828122823
2026,Silverstone,FP1,LEC,16,Ferrari,11.0,1.0,HARD,11.0,True,91.351,29.378,36.899,25.074,,1,,True,False,True,,,8.5,22.023809523809526,40.70119047619047,False,0.0,0.0,0.0,0.0,0.0,91.351,92.27598817187717,-0.9249881718771746
2026,Silverstone,FP1,LEC,16,Ferrari,12.0,1.0,HARD,12.0,True,116.733,39.495,48.283,28.955,,1,,False,True,True,,,8.5,22.023809523809526,40.70119047619047,False,0.0,0.0,0.0,0.0,0.0,116.733,92.27598817187717,24.45701182812283
2026,Silverstone,FP1,LEC,16,Ferrari,13.0,2.0,HARD,13.0,False,,,41.576,28.355,,1,,False,True,True,,,8.5,22.023809523809526,40.70119047619047,False,0.0,0.0,0.0,0.0,0.0,,92.27598817187717,
2026,Silverstone,FP1,LEC,16,Ferrari,14.0,2.0,HARD,14.0,False,91.001,29.059,36.845,25.097,,1,,True,False,True,,,8.5,22.023809523809526,40.70119047619047,False,0.0,0.0,0.0,0.0,0.0,91.001,92.27598817187717,-1.274988171877169
2026,Silverstone,FP1,LEC,16,Ferrari,15.0,2.0,HARD,15.0,False,100.589,31.74,40.86,27.989,,1,,False,True,True,,,8.5,22.023809523809526,40.70119047619047,False,0.0,0.0,0.0,0.0,0.0,100.589,92.27598817187717,8.313011828122825
2026,Silverstone,FP1,LEC,16,Ferrari,16.0,3.0,HARD,16.0,False,145.848,80.95,38.145,26.753,,12,,False,True,False,,,8.5,22.023809523809526,40.70119047619047,False,0.0,0.0,0.0,0.0,0.0,145.848,92.27598817187717,53.57201182812284
2026,Silverstone,FP1,LEC,16,Ferrari,17.0,3.0,HARD,17.0,False,92.333,29.425,37.259,25.649,,1,,True,False,True,,,8.5,22.023809523809526,40.70119047619047,False,0.0,0.0,0.0,0.0,0.0,92.333,92.27598817187717,0.05701182812282468
2026,Silverstone,FP1,LEC,16,Ferrari,18.0,3.0,HARD,18.0,False,92.288,29.722,36.954,25.612,,1,,True,False,True,,,8.5,22.023809523809526,40.70119047619047,False,0.0,0.0,0.0,0.0,0.0,92.288,92.27598817187717,0.012011828122822976
2026,Silverstone,FP1,LEC,16,Ferrari,19.0,3.0,HARD,19.0,False,92.965,29.892,37.301,25.772,,1,,True,False,True,,,8.5,22.023809523809526,40.70119047619047,False,0.0,0.0,0.0,0.0,0.0,92.965,92.27598817187717,0.6890118281228297
2026,Silverstone,FP1,LEC,16,Ferrari,20.0,3.0,HARD,20.0,False,92.445,29.627,37.236,25.582,,1,,True,False,True,,,8.5,22.023809523809526,40.70119047619047,False,0.0,0.0,0.0,0.0,0.0,92.445,92.27598817187717,0.16901182812281945
2026,Silverstone,FP1,LEC,16,Ferrari,21.0,3.0,HARD,21.0,False,92.134,29.366,37.26,25.508,,1,,False,True,True,,,8.5,22.023809523809526,40.70119047619047,False,0.0,0.0,0.0,0.0,0.0,92.134,92.27598817187717,-0.14198817187717339
2026,Silverstone,FP1,LEC,16,Ferrari,22.0,4.0,SOFT,1.0,True,,,44.539,28.432,,1,,False,True,True,,,8.5,22.023809523809526,40.70119047619047,False,0.0,0.0,0.0,0.0,0.0,,92.7090512699069,
2026,Silverstone,FP1,LEC,16,Ferrari,23.0,4.0,SOFT,2.0,True,90.039,28.747,36.471,24.821,,1,,True,False,True,,,8.5,22.023809523809526,40.70119047619047,False,0.0,0.0,0.0,0.0,0.0,90.039,92.7090512699069,-2.6700512699068923
2026,Silverstone,FP1,LEC,16,Ferrari,24.0,4.0,SOFT,3.0,True,134.076,46.105,59.169,28.802,,1,,True,False,True,,,8.5,22.023809523809526,40.70119047619047,False,0.0,0.0,0.0,0.0,0.0,134.076,92.7090512699069,41.3669487300931
2026,Silverstone,FP1,LEC,16,Ferrari,25.0,4.0,SOFT,4.0,True,89.859,28.743,36.405,24.711,,1,,True,False,True,,,8.5,22.023809523809526,40.70119047619047,False,0.0,0.0,0.0,0.0,0.0,89.859,92.7090512699069,-2.850051269906899
2026,Silverstone,FP1,LEC,16,Ferrari,26.0,4.0,SOFT,5.0,True,123.91,38.608,50.717,34.585,,1,,True,False,True,,,8.5,22.023809523809526,40.70119047619047,False,0.0,0.0,0.0,0.0,0.0,123.91,92.7090512699069,31.200948730093103
2026,Silverstone,FP1,LEC,16,Ferrari,27.0,4.0,SOFT,6.0,True,107.404,34.57,44.234,28.6,,1,,True,False,True,,,8.5,22.023809523809526,40.70119047619047,False,0.0,0.0,0.0,0.0,0.0,107.404,92.7090512699069,14.694948730093103
2026,Silverstone,FP1,LEC,16,Ferrari,28.0,4.0,SOFT,7.0,True,90.287,28.918,36.233,25.136,,1,,True,False,True,,,8.5,22.023809523809526,40.70119047619047,False,0.0,0.0,0.0,0.0,0.0,90.287,92.7090512699069,-2.4220512699068877
2026,Silverstone,FP1,LEC,16,Ferrari,29.0,4.0,SOFT,8.0,True,133.295,41.411,52.469,39.415,,1,,True,False,True,,,8.5,22.023809523809526,40.70119047619047,False,0.0,0.0,0.0,0.0,0.0,133.295,92.7090512699069,40.585948730093094
2026,Silverstone,FP1,LEC,16,Ferrari,30.0,4.0,SOFT,9.0,True,,65.918,45.953,41.87,,1,,False,False,True,,,8.5,22.023809523809526,40.70119047619047,False,0.0,0.0,0.0,0.0,0.0,,92.7090512699069,
2026,Silverstone,FP1,LEC,16,Ferrari,31.0,4.0,SOFT,10.0,True,135.712,67.407,39.927,28.378,,1,,False,True,True,,,8.5,22.023809523809526,40.70119047619047,False,0.0,0.0,0.0,0.0,0.0,135.712,92.7090512699069,43.002948730093095
2026,Silverstone,FP1,STR,18,Aston Martin,1.0,1.0,HARD,1.0,True,,,44.512,38.498,,1,,False,True,True,,,8.5,22.023809523809526,40.70119047619047,False,0.0,0.0,0.0,0.0,0.0,,92.27598817187717,
2026,Silverstone,FP1,STR,18,Aston Martin,2.0,1.0,HARD,2.0,True,98.716,31.651,40.373,26.692,,1,,True,False,True,,,8.5,22.023809523809526,40.70119047619047,False,0.0,0.0,0.0,0.0,0.0,98.716,92.27598817187717,6.44001182812282
2026,Silverstone,FP1,STR,18,Aston Martin,3.0,1.0,HARD,3.0,True,96.367,30.643,39.546,26.178,,1,,True,False,True,,,8.5,22.023809523809526,40.70119047619047,False,0.0,0.0,0.0,0.0,0.0,96.367,92.27598817187717,4.091011828122831
2026,Silverstone,FP1,STR,18,Aston Martin,4.0,1.0,HARD,4.0,True,139.59,43.409,54.099,42.082,,1,,True,False,True,,,8.5,22.023809523809526,40.70119047619047,False,0.0,0.0,0.0,0.0,0.0,139.59,92.27598817187717,47.31401182812283
2026,Silverstone,FP1,STR,18,Aston Martin,5.0,1.0,HARD,5.0,True,95.271,29.988,38.8,26.483,,1,,True,False,True,,,8.5,22.023809523809526,40.70119047619047,False,0.0,0.0,0.0,0.0,0.0,95.271,92.27598817187717,2.995011828122827
2026,Silverstone,FP1,STR,18,Aston Martin,6.0,1.0,HARD,6.0,True,148.857,49.667,64.511,34.679,,1,,False,True,True,,,8.5,22.023809523809526,40.70119047619047,False,0.0,0.0,0.0,0.0,0.0,148.857,92.27598817187717,56.581011828122826
2026,Silverstone,FP1,STR,18,Aston Martin,7.0,2.0,HARD,7.0,False,,,42.548,29.525,,1,,False,True,True,,,8.5,22.023809523809526,40.70119047619047,False,0.0,0.0,0.0,0.0,0.0,,92.27598817187717,
2026,Silverstone,FP1,STR,18,Aston Martin,8.0,2.0,HARD,8.0,False,95.058,29.944,38.93,26.184,,1,,True,False,True,,,8.5,22.023809523809526,40.70119047619047,False,0.0,0.0,0.0,0.0,0.0,95.058,92.27598817187717,2.782011828122833
2026,Silverstone,FP1,STR,18,Aston Martin,9.0,2.0,HARD,9.0,False,123.508,42.015,48.861,32.632,,1,,True,False,True,,,8.5,22.023809523809526,40.70119047619047,False,0.0,0.0,0.0,0.0,0.0,123.508,92.27598817187717,31.232011828122822
2026,Silverstone,FP1,STR,18,Aston Martin,10.0,2.0,HARD,10.0,False,94.789,29.841,38.723,26.225,,1,,True,False,True,,,8.5,22.023809523809526,40.70119047619047,False,0.0,0.0,0.0,0.0,0.0,94.789,92.27598817187717,2.5130118281228278
2026,Silverstone,FP1,STR,18,Aston Martin,11.0,2.0,HARD,11.0,False,128.841,42.726,56.474,29.641,,1,,False,True,True,,,8.5,22.023809523809526,40.70119047619047,False,0.0,0.0,0.0,0.0,0.0,128.841,92.27598817187717,36.565011828122834
2026,Silverstone,FP1,STR,18,Aston Martin,12.0,3.0,SOFT,1.0,True,,,45.649,39.797,,12,,False,True,False,,,8.5,22.023809523809526,40.70119047619047,False,0.0,0.0,0.0,0.0,0.0,,92.7090512699069,
2026,Silverstone,FP1,STR,18,Aston Martin,13.0,3.0,SOFT,2.0,True,93.389,29.432,37.994,25.963,,21,,True,False,False,,,8.5,22.023809523809526,40.70119047619047,False,0.0,0.0,0.0,0.0,0.0,93.389,92.7090512699069,0.679948730093102
2026,Silverstone,FP1,STR,18,Aston Martin,14.0,3.0,SOFT,3.0,True,,42.169,64.424,43.76,,1,,False,False,True,,,8.5,22.023809523809526,40.70119047619047,False,0.0,0.0,0.0,0.0,0.0,,92.7090512699069,
2026,Silverstone,FP1,STR,18,Aston Martin,15.0,3.0,SOFT,4.0,True,136.441,47.863,57.735,30.843,,1,,True,False,True,,,8.5,22.023809523809526,40.70119047619047,False,0.0,0.0,0.0,0.0,0.0,136.441,92.7090512699069,43.73194873009311
2026,Silverstone,FP1,STR,18,Aston Martin,16.0,3.0,SOFT,5.0,True,93.842,29.593,38.316,25.933,,1,,True,False,True,,,8.5,22.023809523809526,40.70119047619047,False,0.0,0.0,0.0,0.0,0.0,93.842,92.7090512699069,1.132948730093105
2026,Silverstone,FP1,STR,18,Aston Martin,17.0,3.0,SOFT,6.0,True,113.856,34.548,48.494,30.814,,1,,False,True,True,,,8.5,22.023809523809526,40.70119047619047,False,0.0,0.0,0.0,0.0,0.0,113.856,92.7090512699069,21.1469487300931
2026,Silverstone,FP1,STR,18,Aston Martin,18.0,4.0,MEDIUM,1.0,True,,,42.056,28.911,,1,,False,True,True,,,8.5,22.023809523809526,40.70119047619047,False,0.0,0.0,0.0,0.0,0.0,,91.86066941236243,
2026,Silverstone,FP1,STR,18,Aston Martin,19.0,4.0,MEDIUM,2.0,True,93.13,29.377,38.048,25.705,,1,,True,False,True,,,8.5,22.023809523809526,40.70119047619047,False,0.0,0.0,0.0,0.0,0.0,93.13,91.86066941236243,1.269330587637569
2026,Silverstone,FP1,STR,18,Aston Martin,20.0,4.0,MEDIUM,3.0,True,147.819,45.644,59.655,42.52,,1,,True,False,True,,,8.5,22.023809523809526,40.70119047619047,False,0.0,0.0,0.0,0.0,0.0,147.819,91.86066941236243,55.95833058763756
2026,Silverstone,FP1,STR,18,Aston Martin,21.0,4.0,MEDIUM,4.0,True,93.225,29.341,37.844,26.04,,1,,True,False,True,,,8.5,22.023809523809526,40.70119047619047,False,0.0,0.0,0.0,0.0,0.0,93.225,91.86066941236243,1.3643305876375678
2026,Silverstone,FP1,STR,18,Aston Martin,22.0,4.0,MEDIUM,5.0,True,143.037,52.734,58.865,31.438,,1,,True,False,True,,,8.5,22.023809523809526,40.70119047619047,False,0.0,0.0,0.0,0.0,0.0,143.037,91.86066941236243,51.17633058763758
2026,Silverstone,FP1,STR,18,Aston Martin,23.0,4.0,MEDIUM,6.0,True,119.523,37.655,48.045,33.823,,1,,True,False,True,,,8.5,22.023809523809526,40.70119047619047,False,0.0,0.0,0.0,0.0,0.0,119.523,91.86066941236243,27.66233058763757
2026,Silverstone,FP1,STR,18,Aston Martin,24.0,4.0,MEDIUM,7.0,True,,41.965,62.133,74.543,,1,,False,False,True,,,8.5,22.023809523809526,40.70119047619047,False,0.0,0.0,0.0,0.0,0.0,,91.86066941236243,
2026,Silverstone,FP1,STR,18,Aston Martin,25.0,4.0,MEDIUM,8.0,True,123.432,36.4,44.867,42.165,,1,,True,False,True,,,8.5,22.023809523809526,40.70119047619047,False,0.0,0.0,0.0,0.0,0.0,123.432,91.86066941236243,31.571330587637576
2026,Silverstone,FP1,STR,18,Aston Martin,26.0,4.0,MEDIUM,9.0,True,133.323,53.714,49.188,30.421,,1,,False,True,True,,,8.5,22.023809523809526,40.70119047619047,False,0.0,0.0,0.0,0.0,0.0,133.323,91.86066941236243,41.46233058763758
2026,Silverstone,FP1,ALB,23,Williams,1.0,1.0,HARD,1.0,True,,,41.898,39.739,,1,,False,True,True,,,8.5,22.023809523809526,40.70119047619047,False,0.0,0.0,0.0,0.0,0.0,,92.27598817187717,
2026,Silverstone,FP1,ALB,23,Williams,2.0,1.0,HARD,2.0,True,95.37,30.429,38.464,26.477,,1,,True,False,True,,,8.5,22.023809523809526,40.70119047619047,False,0.0,0.0,0.0,0.0,0.0,95.37,92.27598817187717,3.094011828122831
2026,Silverstone,FP1,ALB,23,Williams,3.0,1.0,HARD,3.0,True,132.231,44.648,48.972,38.611,,1,,True,False,True,,,8.5,22.023809523809526,40.70119047619047,False,0.0,0.0,0.0,0.0,0.0,132.231,92.27598817187717,39.95501182812282
2026,Silverstone,FP1,ALB,23,Williams,4.0,1.0,HARD,4.0,True,94.545,30.076,38.18,26.289,,1,,True,False,True,,,8.5,22.023809523809526,40.70119047619047,False,0.0,0.0,0.0,0.0,0.0,94.545,92.27598817187717,2.269011828122828
2026,Silverstone,FP1,ALB,23,Williams,5.0,1.0,HARD,5.0,True,120.751,37.858,49.637,33.256,,1,,False,True,True,,,8.5,22.023809523809526,40.70119047619047,False,0.0,0.0,0.0,0.0,0.0,120.751,92.27598817187717,28.47501182812283
2026,Silverstone,FP1,ALB,23,Williams,6.0,2.0,HARD,6.0,False,,80.287,44.848,30.486,,1,,False,True,True,,,8.5,22.023809523809526,40.70119047619047,False,0.0,0.0,0.0,0.0,0.0,,92.27598817187717,
2026,Silverstone,FP1,ALB,23,Williams,7.0,2.0,HARD,7.0,False,120.404,41.214,49.169,30.021,,1,,True,False,True,,,8.5,22.023809523809526,40.70119047619047,False,0.0,0.0,0.0,0.0,0.0,120.404,92.27598817187717,28.128011828122823
2026,Silverstone,FP1,ALB,23,Williams,8.0,2.0,HARD,8.0,False,93.729,29.477,38.145,26.107,,1,,True,False,True,,,8.5,22.023809523809526,40.70119047619047,False,0.0,0.0,0.0,0.0,0.0,93.729,92.27598817187717,1.4530118281228255
2026,Silverstone,FP1,ALB,23,Williams,9.0,2.0,HARD,9.0,False,122.764,43.854,50.109,28.801,,1,,True,False,True,,,8.5,22.023809523809526,40.70119047619047,False,0.0,0.0,0.0,0.0,0.0,122.764,92.27598817187717,30.488011828122822
2026,Silverstone,FP1,ALB,23,Williams,10.0,2.0,HARD,10.0,False,93.627,29.56,37.809,26.258,,1,,True,False,True,,,8.5,22.023809523809526,40.70119047619047,False,0.0,0.0,0.0,0.0,0.0,93.627,92.27598817187717,1.3510118281228216
2026,Silverstone,FP1,ALB,23,Williams,11.0,2.0,HARD,11.0,False,119.359,39.541,49.266,30.552,,1,,False,True,True,,,8.5,22.023809523809526,40.70119047619047,False,0.0,0.0,0.0,0.0,0.0,119.359,92.27598817187717,27.08301182812282
2026,Silverstone,FP1,ALB,23,Williams,12.0,3.0,HARD,12.0,False,142.674,63.335,48.096,31.243,,1,,False,True,True,,,8.5,22.023809523809526,40.70119047619047,False,0.0,0.0,0.0,0.0,0.0,142.674,92.27598817187717,50.39801182812283
2026,Silverstone,FP1,ALB,23,Williams,13.0,3.0,HARD,13.0,False,93.163,29.269,37.875,26.019,,1,,True,False,True,,,8.5,22.023809523809526,40.70119047619047,False,0.0,0.0,0.0,0.0,0.0,93.163,92.27598817187717,0.887011828122823
2026,Silverstone,FP1,ALB,23,Williams,14.0,3.0,HARD,14.0,False,127.476,43.516,55.037,28.923000000000002,,1,,True,False,True,,,8.5,22.023809523809526,40.70119047619047,False,0.0,0.0,0.0,0.0,0.0,127.476,92.27598817187717,35.200011828122825
2026,Silverstone,FP1,ALB,23,Williams,15.0,3.0,HARD,15.0,False,93.07,29.317,37.703,26.05,,1,,True,False,True,,,8.5,22.023809523809526,40.70119047619047,False,0.0,0.0,0.0,0.0,0.0,93.07,92.27598817187717,0.7940118281228195
2026,Silverstone,FP1,ALB,23,Williams,16.0,3.0,HARD,16.0,False,,42.38,68.952,39.644,,1,,False,False,True,,,8.5,22.023809523809526,40.70119047619047,False,0.0,0.0,0.0,0.0,0.0,,92.27598817187717,
2026,Silverstone,FP1,ALB,23,Williams,17.0,3.0,HARD,17.0,False,94.166,29.735,38.147,26.284,,1,,True,False,True,,,8.5,22.023809523809526,40.70119047619047,False,0.0,0.0,0.0,0.0,0.0,94.166,92.27598817187717,1.890011828122823
2026,Silverstone,FP1,ALB,23,Williams,18.0,3.0,HARD,18.0,False,94.797,30.1,38.302,26.395,,12,,True,False,False,,,8.5,22.023809523809526,40.70119047619047,False,0.0,0.0,0.0,0.0,0.0,94.797,92.27598817187717,2.5210118281228233
2026,Silverstone,FP1,ALB,23,Williams,19.0,3.0,HARD,19.0,False,95.089,29.885,38.386,26.818,,1,,True,False,True,,,8.5,22.023809523809526,40.70119047619047,False,0.0,0.0,0.0,0.0,0.0,95.089,92.27598817187717,2.813011828122825
2026,Silverstone,FP1,ALB,23,Williams,20.0,3.0,HARD,20.0,False,94.932,30.084,38.488,26.36,,1,,True,False,True,,,8.5,22.023809523809526,40.70119047619047,False,0.0,0.0,0.0,0.0,0.0,94.932,92.27598817187717,2.6560118281228284
2026,Silverstone,FP1,ALB,23,Williams,21.0,3.0,HARD,21.0,False,99.841,32.98,40.139,26.722,,1,,False,True,True,,,8.5,22.023809523809526,40.70119047619047,False,0.0,0.0,0.0,0.0,0.0,99.841,92.27598817187717,7.56501182812282
2026,Silverstone,FP1,ALB,23,Williams,22.0,4.0,SOFT,1.0,True,,,45.445,30.491,,1,,False,True,True,,,8.5,22.023809523809526,40.70119047619047,False,0.0,0.0,0.0,0.0,0.0,,92.7090512699069,
2026,Silverstone,FP1,ALB,23,Williams,23.0,4.0,SOFT,2.0,True,91.697,28.887,37.073,25.737,,1,,True,False,True,,,8.5,22.023809523809526,40.70119047619047,False,0.0,0.0,0.0,0.0,0.0,91.697,92.7090512699069,-1.012051269906891
2026,Silverstone,FP1,ALB,23,Williams,24.0,4.0,SOFT,3.0,True,,52.194,63.517,35.168,,1,,False,True,True,,,8.5,22.023809523809526,40.70119047619047,False,0.0,0.0,0.0,0.0,0.0,,92.7090512699069,
2026,Silverstone,FP1,ALB,23,Williams,25.0,5.0,SOFT,4.0,False,137.159,64.778,44.629,27.752,,1,,False,True,True,,,8.5,22.023809523809526,40.70119047619047,False,0.0,0.0,0.0,0.0,0.0,137.159,92.7090512699069,44.4499487300931
2026,Silverstone,FP1,ALB,23,Williams,26.0,5.0,SOFT,5.0,False,92.013,29.035,37.256,25.722,,1,,True,False,True,,,8.5,22.023809523809526,40.70119047619047,False,0.0,0.0,0.0,0.0,0.0,92.013,92.7090512699069,-0.6960512699068886
2026,Silverstone,FP1,ALB,23,Williams,27.0,5.0,SOFT,6.0,False,131.928,43.139,53.797,34.992,,1,,True,False,True,,,8.5,22.023809523809526,40.70119047619047,False,0.0,0.0,0.0,0.0,0.0,131.928,92.7090512699069,39.2189487300931
2026,Silverstone,FP1,ALB,23,Williams,28.0,5.0,SOFT,7.0,False,113.723,31.951,44.401,37.371,,1,,True,False,True,,,8.5,22.023809523809526,40.70119047619047,False,0.0,0.0,0.0,0.0,0.0,113.723,92.7090512699069,21.013948730093105
2026,Silverstone,FP1,ALB,23,Williams,29.0,5.0,SOFT,8.0,False,142.493,56.216,48.666,37.611,,1,,True,False,True,,,8.5,22.023809523809526,40.70119047619047,False,0.0,0.0,0.0,0.0,0.0,142.493,92.7090512699069,49.7839487300931
2026,Silverstone,FP1,ALB,23,Williams,30.0,5.0,SOFT,9.0,False,124.756,55.566,37.856,31.334,,1,,False,True,True,,,8.5,22.023809523809526,40.70119047619047,False,0.0,0.0,0.0,0.0,0.0,124.756,92.7090512699069,32.046948730093106
2026,Silverstone,FP1,HUL,27,Audi,1.0,1.0,HARD,1.0,True,,,42.951,32.027,,1,,False,True,True,,,8.5,22.023809523809526,40.70119047619047,False,0.0,0.0,0.0,0.0,0.0,,92.27598817187717,
2026,Silverstone,FP1,HUL,27,Audi,2.0,1.0,HARD,2.0,True,94.395,30.166,37.955,26.274,,1,,True,False,True,,,8.5,22.023809523809526,40.70119047619047,False,0.0,0.0,0.0,0.0,0.0,94.395,92.27598817187717,2.1190118281228223
2026,Silverstone,FP1,HUL,27,Audi,3.0,1.0,HARD,3.0,True,144.381,48.458,57.462,38.461,,1,,True,False,True,,,8.5,22.023809523809526,40.70119047619047,False,0.0,0.0,0.0,0.0,0.0,144.381,92.27598817187717,52.10501182812283
2026,Silverstone,FP1,HUL,27,Audi,4.0,1.0,HARD,4.0,True,93.354,29.695,38.005,25.654,,1,,True,False,True,,,8.5,22.023809523809526,40.70119047619047,False,0.0,0.0,0.0,0.0,0.0,93.354,92.27598817187717,1.0780118281228255
2026,Silverstone,FP1,HUL,27,Audi,5.0,1.0,HARD,5.0,True,144.559,45.327,59.378,39.854,,1,,True,False,True,,,8.5,22.023809523809526,40.70119047619047,False,0.0,0.0,0.0,0.0,0.0,144.559,92.27598817187717,52.283011828122824
2026,Silverstone,FP1,HUL,27,Audi,6.0,1.0,HARD,6.0,True,92.126,29.298,37.411,25.417,,1,,True,False,True,,,8.5,22.023809523809526,40.70119047619047,False,0.0,0.0,0.0,0.0,0.0,92.126,92.27598817187717,-0.14998817187716895
2026,Silverstone,FP1,HUL,27,Audi,7.0,1.0,HARD,7.0,True,,46.176,64.949,43.355,,1,,False,False,True,,,8.5,22.023809523809526,40.70119047619047,False,0.0,0.0,0.0,0.0,0.0,,92.27598817187717,
2026,Silverstone,FP1,HUL,27,Audi,8.0,1.0,HARD,8.0,True,107.871,34.828,44.511,28.532,,1,,True,False,True,,,8.5,22.023809523809526,40.70119047619047,False,0.0,0.0,0.0,0.0,0.0,107.871,92.27598817187717,15.595011828122821
2026,Silverstone,FP1,HUL,27,Audi,9.0,1.0,HARD,9.0,True,91.907,29.173,37.345,25.389,,1,,True,False,True,,,8.5,22.023809523809526,40.70119047619047,False,0.0,0.0,0.0,0.0,0.0,91.907,92.27598817187717,-0.36898817187717725
2026,Silverstone,FP1,HUL,27,Audi,10.0,1.0,HARD,10.0,True,113.704,36.3,47.703,29.701,,1,,False,True,True,,,8.5,22.023809523809526,40.70119047619047,False,0.0,0.0,0.0,0.0,0.0,113.704,92.27598817187717,21.42801182812282
2026,Silverstone,FP1,HUL,27,Audi,11.0,2.0,HARD,11.0,False,,,47.835,35.815,,1,,False,True,True,,,8.5,22.023809523809526,40.70119047619047,False,0.0,0.0,0.0,0.0,0.0,,92.27598817187717,
2026,Silverstone,FP1,HUL,27,Audi,12.0,2.0,HARD,12.0,False,92.414,29.303,37.58,25.531,,1,,True,False,True,,,8.5,22.023809523809526,40.70119047619047,False,0.0,0.0,0.0,0.0,0.0,92.414,92.27598817187717,0.13801182812282775
2026,Silverstone,FP1,HUL,27,Audi,13.0,2.0,HARD,13.0,False,134.996,40.981,59.978,34.037,,1,,True,False,True,,,8.5,22.023809523809526,40.70119047619047,False,0.0,0.0,0.0,0.0,0.0,134.996,92.27598817187717,42.720011828122836
2026,Silverstone,FP1,HUL,27,Audi,14.0,2.0,HARD,14.0,False,91.943,29.163,37.417,25.363,,1,,True,False,True,,,8.5,22.023809523809526,40.70119047619047,False,0.0,0.0,0.0,0.0,0.0,91.943,92.27598817187717,-0.3329881718771759
2026,Silverstone,FP1,HUL,27,Audi,15.0,2.0,HARD,15.0,False,101.44,35.161,40.251,26.028,,12,,True,False,False,,,8.5,22.023809523809526,40.70119047619047,False,0.0,0.0,0.0,0.0,0.0,101.44,92.27598817187717,9.164011828122824
2026,Silverstone,FP1,HUL,27,Audi,16.0,2.0,HARD,16.0,False,94.558,30.026,38.619,25.913,,1,,True,False,True,,,8.5,22.023809523809526,40.70119047619047,False,0.0,0.0,0.0,0.0,0.0,94.558,92.27598817187717,2.282011828122833
2026,Silverstone,FP1,HUL,27,Audi,17.0,2.0,HARD,17.0,False,94.044,29.844,38.396,25.804,,1,,True,False,True,,,8.5,22.023809523809526,40.70119047619047,False,0.0,0.0,0.0,0.0,0.0,94.044,92.27598817187717,1.7680118281228232
2026,Silverstone,FP1,HUL,27,Audi,18.0,2.0,HARD,18.0,False,94.045,29.9,38.314,25.831,,1,,True,False,True,,,8.5,22.023809523809526,40.70119047619047,False,0.0,0.0,0.0,0.0,0.0,94.045,92.27598817187717,1.769011828122828
2026,Silverstone,FP1,HUL,27,Audi,19.0,2.0,HARD,19.0,False,93.348,29.817,38.194,25.337,,1,,False,True,True,,,8.5,22.023809523809526,40.70119047619047,False,0.0,0.0,0.0,0.0,0.0,93.348,92.27598817187717,1.0720118281228252
2026,Silverstone,FP1,HUL,27,Audi,20.0,3.0,HARD,20.0,False,115.726,50.699,39.013,26.014,,1,,False,True,True,,,8.5,22.023809523809526,40.70119047619047,False,0.0,0.0,0.0,0.0,0.0,115.726,92.27598817187717,23.450011828122825
2026,Silverstone,FP1,HUL,27,Audi,21.0,4.0,MEDIUM,1.0,True,,,43.326,28.867,,1,,False,True,True,,,8.5,22.023809523809526,40.70119047619047,False,0.0,0.0,0.0,0.0,0.0,,91.86066941236243,
2026,Silverstone,FP1,HUL,27,Audi,22.0,4.0,MEDIUM,2.0,True,90.763,28.732,36.867,25.164,,1,,True,False,True,,,8.5,22.023809523809526,40.70119047619047,False,0.0,0.0,0.0,0.0,0.0,90.763,91.86066941236243,-1.0976694123624213
2026,Silverstone,FP1,HUL,27,Audi,23.0,4.0,MEDIUM,3.0,True,119.473,40.192,48.309,30.972,,1,,True,False,True,,,8.5,22.023809523809526,40.70119047619047,False,0.0,0.0,0.0,0.0,0.0,119.473,91.86066941236243,27.612330587637572
2026,Silverstone,FP1,HUL,27,Audi,24.0,4.0,MEDIUM,4.0,True,120.361,39.257,49.265,31.839,,1,,True,False,True,,,8.5,22.023809523809526,40.70119047619047,False,0.0,0.0,0.0,0.0,0.0,120.361,91.86066941236243,28.500330587637578
2026,Silverstone,FP1,HUL,27,Audi,25.0,4.0,MEDIUM,5.0,True,90.743,28.947,36.619,25.177,,1,,True,False,True,,,8.5,22.023809523809526,40.70119047619047,False,0.0,0.0,0.0,0.0,0.0,90.743,91.86066941236243,-1.1176694123624316
2026,Silverstone,FP1,HUL,27,Audi,26.0,4.0,MEDIUM,6.0,True,118.636,40.888,48.795,28.953,,1,,True,False,True,,,8.5,22.023809523809526,40.70119047619047,False,0.0,0.0,0.0,0.0,0.0,118.636,91.86066941236243,26.77533058763757
2026,Silverstone,FP1,HUL,27,Audi,27.0,4.0,MEDIUM,7.0,True,137.339,39.547,50.544,47.248,,1,,True,False,True,,,8.5,22.023809523809526,40.70119047619047,False,0.0,0.0,0.0,0.0,0.0,137.339,91.86066941236243,45.47833058763757
2026,Silverstone,FP1,HUL,27,Audi,28.0,4.0,MEDIUM,8.0,True,,88.824,40.058,38.011,,1,,False,False,True,,,8.5,22.023809523809526,40.70119047619047,False,0.0,0.0,0.0,0.0,0.0,,91.86066941236243,
2026,Silverstone,FP1,HUL,27,Audi,29.0,4.0,MEDIUM,9.0,True,128.128,59.557,41.557,27.014,,1,,False,True,True,,,8.5,22.023809523809526,40.70119047619047,False,0.0,0.0,0.0,0.0,0.0,128.128,91.86066941236243,36.26733058763756
2026,Silverstone,FP1,LAW,30,Racing Bulls,1.0,1.0,HARD,1.0,True,,,43.507,35.363,,1,,False,True,True,,,8.5,22.023809523809526,40.70119047619047,False,0.0,0.0,0.0,0.0,0.0,,92.27598817187717,
2026,Silverstone,FP1,LAW,30,Racing Bulls,2.0,1.0,HARD,2.0,True,93.785,29.699,38.104,25.982,,1,,True,False,True,,,8.5,22.023809523809526,40.70119047619047,False,0.0,0.0,0.0,0.0,0.0,93.785,92.27598817187717,1.5090118281228229
2026,Silverstone,FP1,LAW,30,Racing Bulls,3.0,1.0,HARD,3.0,True,,46.121,63.469,48.72,,1,,False,False,True,,,8.5,22.023809523809526,40.70119047619047,False,0.0,0.0,0.0,0.0,0.0,,92.27598817187717,
2026,Silverstone,FP1,LAW,30,Racing Bulls,4.0,1.0,HARD,4.0,True,93.009,29.641,37.589,25.779,,1,,True,False,True,,,8.5,22.023809523809526,40.70119047619047,False,0.0,0.0,0.0,0.0,0.0,93.009,92.27598817187717,0.7330118281228266
2026,Silverstone,FP1,LAW,30,Racing Bulls,5.0,1.0,HARD,5.0,True,149.036,45.477,62.883,40.676,,1,,True,False,True,,,8.5,22.023809523809526,40.70119047619047,False,0.0,0.0,0.0,0.0,0.0,149.036,92.27598817187717,56.76001182812283
2026,Silverstone,FP1,LAW,30,Racing Bulls,6.0,1.0,HARD,6.0,True,91.814,28.996,37.231,25.587,,1,,True,False,True,,,8.5,22.023809523809526,40.70119047619047,False,0.0,0.0,0.0,0.0,0.0,91.814,92.27598817187717,-0.4619881718771808
2026,Silverstone,FP1,LAW,30,Racing Bulls,7.0,1.0,HARD,7.0,True,143.538,43.994,58.906,40.638,,1,,True,False,True,,,8.5,22.023809523809526,40.70119047619047,False,0.0,0.0,0.0,0.0,0.0,143.538,92.27598817187717,51.26201182812284
2026,Silverstone,FP1,LAW,30,Racing Bulls,8.0,1.0,HARD,8.0,True,95.04,29.044,37.5,28.496,,1,,False,True,True,,,8.5,22.023809523809526,40.70119047619047,False,0.0,0.0,0.0,0.0,0.0,95.04,92.27598817187717,2.7640118281228325
2026,Silverstone,FP1,LAW,30,Racing Bulls,9.0,2.0,HARD,9.0,False,,,39.828,25.624,,1,,False,True,True,,,8.5,22.023809523809526,40.70119047619047,False,0.0,0.0,0.0,0.0,0.0,,92.27598817187717,
2026,Silverstone,FP1,LAW,30,Racing Bulls,10.0,2.0,HARD,10.0,False,94.947,30.243,38.772,25.932,,1,,True,False,True,,,8.5,22.023809523809526,40.70119047619047,False,0.0,0.0,0.0,0.0,0.0,94.947,92.27598817187717,2.671011828122829
2026,Silverstone,FP1,LAW,30,Racing Bulls,11.0,2.0,HARD,11.0,False,94.149,29.746,38.531,25.872,,1,,True,False,True,,,8.5,22.023809523809526,40.70119047619047,False,0.0,0.0,0.0,0.0,0.0,94.149,92.27598817187717,1.8730118281228272
2026,Silverstone,FP1,LAW,30,Racing Bulls,12.0,2.0,HARD,12.0,False,94.205,29.899,38.407,25.899,,1,,True,False,True,,,8.5,22.023809523809526,40.70119047619047,False,0.0,0.0,0.0,0.0,0.0,94.205,92.27598817187717,1.9290118281228246
2026,Silverstone,FP1,LAW,30,Racing Bulls,13.0,2.0,HARD,13.0,False,94.132,29.811,38.504,25.817,,1,,True,False,True,,,8.5,22.023809523809526,40.70119047619047,False,0.0,0.0,0.0,0.0,0.0,94.132,92.27598817187717,1.8560118281228313
2026,Silverstone,FP1,LAW,30,Racing Bulls,14.0,2.0,HARD,14.0,False,94.843,30.111,38.801,25.931,,1,,True,False,True,,,8.5,22.023809523809526,40.70119047619047,False,0.0,0.0,0.0,0.0,0.0,94.843,92.27598817187717,2.56701182812283
2026,Silverstone,FP1,LAW,30,Racing Bulls,15.0,2.0,HARD,15.0,False,94.771,29.931,38.734,26.106,,1,,True,False,True,,,8.5,22.023809523809526,40.70119047619047,False,0.0,0.0,0.0,0.0,0.0,94.771,92.27598817187717,2.495011828122827
2026,Silverstone,FP1,LAW,30,Racing Bulls,16.0,2.0,HARD,16.0,False,94.829,29.857,38.491,26.481,,1,,False,True,True,,,8.5,22.023809523809526,40.70119047619047,False,0.0,0.0,0.0,0.0,0.0,94.829,92.27598817187717,2.55301182812282
2026,Silverstone,FP1,LAW,30,Racing Bulls,17.0,3.0,MEDIUM,1.0,True,,,42.767,27.764,,12,,False,True,False,,,8.5,22.023809523809526,40.70119047619047,False,0.0,0.0,0.0,0.0,0.0,,91.86066941236243,
2026,Silverstone,FP1,LAW,30,Racing Bulls,18.0,3.0,MEDIUM,2.0,True,121.671,36.486,57.64,27.545,,1,,True,False,True,,,8.5,22.023809523809526,40.70119047619047,False,0.0,0.0,0.0,0.0,0.0,121.671,91.86066941236243,29.81033058763758
2026,Silverstone,FP1,LAW,30,Racing Bulls,19.0,3.0,MEDIUM,3.0,True,90.85,28.863,36.793,25.194,,1,,True,False,True,,,8.5,22.023809523809526,40.70119047619047,False,0.0,0.0,0.0,0.0,0.0,90.85,91.86066941236243,-1.0106694123624322
2026,Silverstone,FP1,LAW,30,Racing Bulls,20.0,3.0,MEDIUM,4.0,True,140.366,41.327,69.409,29.63,,1,,True,False,True,,,8.5,22.023809523809526,40.70119047619047,False,0.0,0.0,0.0,0.0,0.0,140.366,91.86066941236243,48.50533058763759
2026,Silverstone,FP1,LAW,30,Racing Bulls,21.0,3.0,MEDIUM,5.0,True,90.973,28.642,37.05,25.281,,1,,True,False,True,,,8.5,22.023809523809526,40.70119047619047,False,0.0,0.0,0.0,0.0,0.0,90.973,91.86066941236243,-0.8876694123624276
2026,Silverstone,FP1,LAW,30,Racing Bulls,22.0,3.0,MEDIUM,6.0,True,110.421,33.759,43.905,32.757,,1,,False,True,True,,,8.5,22.023809523809526,40.70119047619047,False,0.0,0.0,0.0,0.0,0.0,110.421,91.86066941236243,18.56033058763758
2026,Silverstone,FP1,LAW,30,Racing Bulls,23.0,4.0,MEDIUM,7.0,False,,,47.084,31.468,,1,,False,True,True,,,8.5,22.023809523809526,40.70119047619047,False,0.0,0.0,0.0,0.0,0.0,,91.86066941236243,
2026,Silverstone,FP1,LAW,30,Racing Bulls,24.0,4.0,MEDIUM,8.0,False,91.221,28.884,37.005,25.332,,1,,True,False,True,,,8.5,22.023809523809526,40.70119047619047,False,0.0,0.0,0.0,0.0,0.0,91.221,91.86066941236243,-0.6396694123624229
2026,Silverstone,FP1,LAW,30,Racing Bulls,25.0,4.0,MEDIUM,9.0,False,119.989,37.954,48.744,33.291,,1,,True,False,True,,,8.5,22.023809523809526,40.70119047619047,False,0.0,0.0,0.0,0.0,0.0,119.989,91.86066941236243,28.128330587637578
2026,Silverstone,FP1,LAW,30,Racing Bulls,26.0,4.0,MEDIUM,10.0,False,121.163,35.639,45.636,39.888,,1,,True,False,True,,,8.5,22.023809523809526,40.70119047619047,False,0.0,0.0,0.0,0.0,0.0,121.163,91.86066941236243,29.30233058763757
2026,Silverstone,FP1,LAW,30,Racing Bulls,27.0,4.0,MEDIUM,11.0,False,,63.355,42.499,44.624,,1,,False,False,True,,,8.5,22.023809523809526,40.70119047619047,False,0.0,0.0,0.0,0.0,0.0,,91.86066941236243,
2026,Silverstone,FP1,LAW,30,Racing Bulls,28.0,4.0,MEDIUM,12.0,False,146.077,70.783,45.482,29.812,,1,,False,True,True,,,8.5,22.023809523809526,40.70119047619047,False,0.0,0.0,0.0,0.0,0.0,146.077,91.86066941236243,54.21633058763757
2026,Silverstone,FP1,OCO,31,Haas F1 Team,1.0,1.0,HARD,1.0,True,,,46.224,33.346,,1,,False,True,True,,,8.5,22.023809523809526,40.70119047619047,False,0.0,0.0,0.0,0.0,0.0,,92.27598817187717,
2026,Silverstone,FP1,OCO,31,Haas F1 Team,2.0,1.0,HARD,2.0,True,95.872,30.634,38.893,26.345,,1,,True,False,True,,,8.5,22.023809523809526,40.70119047619047,False,0.0,0.0,0.0,0.0,0.0,95.872,92.27598817187717,3.596011828122826
2026,Silverstone,FP1,OCO,31,Haas F1 Team,3.0,1.0,HARD,3.0,True,146.618,45.329,59.994,41.295,,1,,True,False,True,,,8.5,22.023809523809526,40.70119047619047,False,0.0,0.0,0.0,0.0,0.0,146.618,92.27598817187717,54.34201182812282
2026,Silverstone,FP1,OCO,31,Haas F1 Team,4.0,1.0,HARD,4.0,True,94.572,30.181,38.312,26.079,,1,,True,False,True,,,8.5,22.023809523809526,40.70119047619047,False,0.0,0.0,0.0,0.0,0.0,94.572,92.27598817187717,2.296011828122829
2026,Silverstone,FP1,OCO,31,Haas F1 Team,5.0,1.0,HARD,5.0,True,,48.554,63.035,39.116,,1,,False,False,True,,,8.5,22.023809523809526,40.70119047619047,False,0.0,0.0,0.0,0.0,0.0,,92.27598817187717,
2026,Silverstone,FP1,OCO,31,Haas F1 Team,6.0,1.0,HARD,6.0,True,93.03,29.441,37.611,25.978,,1,,True,False,True,,,8.5,22.023809523809526,40.70119047619047,False,0.0,0.0,0.0,0.0,0.0,93.03,92.27598817187717,0.7540118281228274
2026,Silverstone,FP1,OCO,31,Haas F1 Team,7.0,1.0,HARD,7.0,True,124.087,39.329,52.703,32.055,,1,,False,True,True,,,8.5,22.023809523809526,40.70119047619047,False,0.0,0.0,0.0,0.0,0.0,124.087,92.27598817187717,31.81101182812283
2026,Silverstone,FP1,OCO,31,Haas F1 Team,8.0,2.0,HARD,8.0,False,,80.309,50.211,32.772,,1,,False,True,True,,,8.5,22.023809523809526,40.70119047619047,False,0.0,0.0,0.0,0.0,0.0,,92.27598817187717,
2026,Silverstone,FP1,OCO,31,Haas F1 Team,9.0,2.0,HARD,9.0,False,93.206,29.591,37.764,25.851,,1,,True,False,True,,,8.5,22.023809523809526,40.70119047619047,False,0.0,0.0,0.0,0.0,0.0,93.206,92.27598817187717,0.9300118281228293
2026,Silverstone,FP1,OCO,31,Haas F1 Team,10.0,2.0,HARD,10.0,False,114.903,39.676,48.157,27.07,,1,,False,True,True,,,8.5,22.023809523809526,40.70119047619047,False,0.0,0.0,0.0,0.0,0.0,114.903,92.27598817187717,22.627011828122832
2026,Silverstone,FP1,OCO,31,Haas F1 Team,11.0,3.0,HARD,11.0,False,,,39.123,27.248,,1,,False,True,True,,,8.5,22.023809523809526,40.70119047619047,False,0.0,0.0,0.0,0.0,0.0,,92.27598817187717,
2026,Silverstone,FP1,OCO,31,Haas F1 Team,12.0,3.0,HARD,12.0,False,94.812,30.279,38.297,26.236,,1,,True,False,True,,,8.5,22.023809523809526,40.70119047619047,False,0.0,0.0,0.0,0.0,0.0,94.812,92.27598817187717,2.536011828122824
2026,Silverstone,FP1,OCO,31,Haas F1 Team,13.0,3.0,HARD,13.0,False,94.426,30.05,38.162,26.214,,1,,True,False,True,,,8.5,22.023809523809526,40.70119047619047,False,0.0,0.0,0.0,0.0,0.0,94.426,92.27598817187717,2.150011828122828
2026,Silverstone,FP1,OCO,31,Haas F1 Team,14.0,3.0,HARD,14.0,False,97.609,30.287,40.068,27.254,,12,,True,False,False,,,8.5,22.023809523809526,40.70119047619047,False,0.0,0.0,0.0,0.0,0.0,97.609,92.27598817187717,5.333011828122821
2026,Silverstone,FP1,OCO,31,Haas F1 Team,15.0,3.0,HARD,15.0,False,94.4,30.037,38.229,26.134,,1,,True,False,True,,,8.5,22.023809523809526,40.70119047619047,False,0.0,0.0,0.0,0.0,0.0,94.4,92.27598817187717,2.124011828122832
2026,Silverstone,FP1,OCO,31,Haas F1 Team,16.0,3.0,HARD,16.0,False,94.396,29.939,38.29,26.167,,1,,True,False,True,,,8.5,22.023809523809526,40.70119047619047,False,0.0,0.0,0.0,0.0,0.0,94.396,92.27598817187717,2.120011828122827
2026,Silverstone,FP1,OCO,31,Haas F1 Team,17.0,3.0,HARD,17.0,False,94.691,29.754,38.47,26.467,,1,,True,False,True,,,8.5,22.023809523809526,40.70119047619047,False,0.0,0.0,0.0,0.0,0.0,94.691,92.27598817187717,2.4150118281228288
2026,Silverstone,FP1,OCO,31,Haas F1 Team,18.0,3.0,HARD,18.0,False,94.801,29.828,38.65,26.323,,1,,False,True,True,,,8.5,22.023809523809526,40.70119047619047,False,0.0,0.0,0.0,0.0,0.0,94.801,92.27598817187717,2.525011828122828
2026,Silverstone,FP1,OCO,31,Haas F1 Team,19.0,4.0,SOFT,1.0,True,,,45.902,32.881,,1,,False,True,True,,,8.5,22.023809523809526,40.70119047619047,False,0.0,0.0,0.0,0.0,0.0,,92.7090512699069,
2026,Silverstone,FP1,OCO,31,Haas F1 Team,20.0,4.0,SOFT,2.0,True,91.821,29.053,37.332,25.436,,1,,True,False,True,,,8.5,22.023809523809526,40.70119047619047,False,0.0,0.0,0.0,0.0,0.0,91.821,92.7090512699069,-0.8880512699068959
2026,Silverstone,FP1,OCO,31,Haas F1 Team,21.0,4.0,SOFT,3.0,True,148.479,45.873,62.668,39.938,,1,,True,False,True,,,8.5,22.023809523809526,40.70119047619047,False,0.0,0.0,0.0,0.0,0.0,148.479,92.7090512699069,55.76994873009312
2026,Silverstone,FP1,OCO,31,Haas F1 Team,22.0,4.0,SOFT,4.0,True,123.699,46.325,48.252,29.122,,1,,True,False,True,,,8.5,22.023809523809526,40.70119047619047,False,0.0,0.0,0.0,0.0,0.0,123.699,92.7090512699069,30.989948730093104
2026,Silverstone,FP1,OCO,31,Haas F1 Team,23.0,4.0,SOFT,5.0,True,91.684,29.173,37.058,25.453,,1,,True,False,True,,,8.5,22.023809523809526,40.70119047619047,False,0.0,0.0,0.0,0.0,0.0,91.684,92.7090512699069,-1.0250512699068963
2026,Silverstone,FP1,OCO,31,Haas F1 Team,24.0,4.0,SOFT,6.0,True,,37.997,54.215,57.961,,1,,False,False,True,,,8.5,22.023809523809526,40.70119047619047,False,0.0,0.0,0.0,0.0,0.0,,92.7090512699069,
2026,Silverstone,FP1,OCO,31,Haas F1 Team,25.0,4.0,SOFT,7.0,True,126.366,42.449,47.293,36.624,,1,,True,False,True,,,8.5,22.023809523809526,40.70119047619047,False,0.0,0.0,0.0,0.0,0.0,126.366,92.7090512699069,33.656948730093106
2026,Silverstone,FP1,OCO,31,Haas F1 Team,26.0,4.0,SOFT,8.0,True,,62.254,49.695,39.283,,1,,False,False,True,,,8.5,22.023809523809526,40.70119047619047,False,0.0,0.0,0.0,0.0,0.0,,92.7090512699069,
2026,Silverstone,FP1,OCO,31,Haas F1 Team,27.0,4.0,SOFT,9.0,True,133.557,57.28,45.686,30.591,,1,,False,True,True,,,8.5,22.023809523809526,40.70119047619047,False,0.0,0.0,0.0,0.0,0.0,133.557,92.7090512699069,40.847948730093094
2026,Silverstone,FP1,LIN,41,Racing Bulls,1.0,1.0,HARD,1.0,True,,,43.859,31.154,,1,,False,True,True,,,8.5,22.023809523809526,40.70119047619047,False,0.0,0.0,0.0,0.0,0.0,,92.27598817187717,
2026,Silverstone,FP1,LIN,41,Racing Bulls,2.0,1.0,HARD,2.0,True,94.712,29.775,38.69,26.247,,1,,True,False,True,,,8.5,22.023809523809526,40.70119047619047,False,0.0,0.0,0.0,0.0,0.0,94.712,92.27598817187717,2.4360118281228296
2026,Silverstone,FP1,LIN,41,Racing Bulls,3.0,1.0,HARD,3.0,True,128.938,42.868,52.653,33.417,,1,,True,False,True,,,8.5,22.023809523809526,40.70119047619047,False,0.0,0.0,0.0,0.0,0.0,128.938,92.27598817187717,36.662011828122814
2026,Silverstone,FP1,LIN,41,Racing Bulls,4.0,1.0,HARD,4.0,True,93.075,29.419,37.732,25.924,,1,,True,False,True,,,8.5,22.023809523809526,40.70119047619047,False,0.0,0.0,0.0,0.0,0.0,93.075,92.27598817187717,0.7990118281228291
2026,Silverstone,FP1,LIN,41,Racing Bulls,5.0,1.0,HARD,5.0,True,145.877,43.49,64.115,38.272,,1,,True,False,True,,,8.5,22.023809523809526,40.70119047619047,False,0.0,0.0,0.0,0.0,0.0,145.877,92.27598817187717,53.601011828122836
2026,Silverstone,FP1,LIN,41,Racing Bulls,6.0,1.0,HARD,6.0,True,92.373,29.136,37.394,25.843,,1,,True,False,True,,,8.5,22.023809523809526,40.70119047619047,False,0.0,0.0,0.0,0.0,0.0,92.373,92.27598817187717,0.09701182812283093
2026,Silverstone,FP1,LIN,41,Racing Bulls,7.0,1.0,HARD,7.0,True,142.883,45.174,66.034,31.675,,1,,True,False,True,,,8.5,22.023809523809526,40.70119047619047,False,0.0,0.0,0.0,0.0,0.0,142.883,92.27598817187717,50.607011828122836
2026,Silverstone,FP1,LIN,41,Racing Bulls,8.0,1.0,HARD,8.0,True,92.506,29.236,37.43,25.84,,1,,True,False,True,,,8.5,22.023809523809526,40.70119047619047,False,0.0,0.0,0.0,0.0,0.0,92.506,92.27598817187717,0.2300118281228265
2026,Silverstone,FP1,LIN,41,Racing Bulls,9.0,1.0,HARD,9.0,True,,47.656,79.446,31.477,,1,,False,False,True,,,8.5,22.023809523809526,40.70119047619047,False,0.0,0.0,0.0,0.0,0.0,,92.27598817187717,
2026,Silverstone,FP1,LIN,41,Racing Bulls,10.0,1.0,HARD,10.0,True,92.163,29.029,37.372,25.762,,1,,True,False,True,,,8.5,22.023809523809526,40.70119047619047,False,0.0,0.0,0.0,0.0,0.0,92.163,92.27598817187717,-0.11298817187717702
2026,Silverstone,FP1,LIN,41,Racing Bulls,11.0,1.0,HARD,11.0,True,99.795,35.371,39.109,25.315,,1,,False,True,True,,,8.5,22.023809523809526,40.70119047619047,False,0.0,0.0,0.0,0.0,0.0,99.795,92.27598817187717,7.519011828122828
2026,Silverstone,FP1,LIN,41,Racing Bulls,12.0,2.0,HARD,12.0,False,,,39.395,26.006,,1,,False,True,True,,,8.5,22.023809523809526,40.70119047619047,False,0.0,0.0,0.0,0.0,0.0,,92.27598817187717,
2026,Silverstone,FP1,LIN,41,Racing Bulls,13.0,2.0,HARD,13.0,False,95.163,30.115,38.833,26.215,,1,,True,False,True,,,8.5,22.023809523809526,40.70119047619047,False,0.0,0.0,0.0,0.0,0.0,95.163,92.27598817187717,2.887011828122823
2026,Silverstone,FP1,LIN,41,Racing Bulls,14.0,2.0,HARD,14.0,False,94.749,30.06,38.618,26.071,,1,,True,False,True,,,8.5,22.023809523809526,40.70119047619047,False,0.0,0.0,0.0,0.0,0.0,94.749,92.27598817187717,2.4730118281228215
2026,Silverstone,FP1,LIN,41,Racing Bulls,15.0,2.0,HARD,15.0,False,95.043,30.172,38.736,26.135,,1,,True,False,True,,,8.5,22.023809523809526,40.70119047619047,False,0.0,0.0,0.0,0.0,0.0,95.043,92.27598817187717,2.7670118281228326
2026,Silverstone,FP1,LIN,41,Racing Bulls,16.0,2.0,HARD,16.0,False,94.463,29.88,38.588,25.995,,1,,True,False,True,,,8.5,22.023809523809526,40.70119047619047,False,0.0,0.0,0.0,0.0,0.0,94.463,92.27598817187717,2.18701182812282
2026,Silverstone,FP1,LIN,41,Racing Bulls,17.0,2.0,HARD,17.0,False,94.647,29.982,38.565,26.1,,1,,True,False,True,,,8.5,22.023809523809526,40.70119047619047,False,0.0,0.0,0.0,0.0,0.0,94.647,92.27598817187717,2.371011828122832
2026,Silverstone,FP1,LIN,41,Racing Bulls,18.0,2.0,HARD,18.0,False,95.038,30.183,38.701,26.154,,12,,True,False,False,,,8.5,22.023809523809526,40.70119047619047,False,0.0,0.0,0.0,0.0,0.0,95.038,92.27598817187717,2.762011828122823
2026,Silverstone,FP1,LIN,41,Racing Bulls,19.0,2.0,HARD,19.0,False,105.517,30.669,43.247,31.601,,21,,False,True,False,,,8.5,22.023809523809526,40.70119047619047,False,0.0,0.0,0.0,0.0,0.0,105.517,92.27598817187717,13.241011828122822
2026,Silverstone,FP1,LIN,41,Racing Bulls,20.0,3.0,MEDIUM,1.0,True,,,41.557,29.517,,1,,False,True,True,,,8.5,22.023809523809526,40.70119047619047,False,0.0,0.0,0.0,0.0,0.0,,91.86066941236243,
2026,Silverstone,FP1,LIN,41,Racing Bulls,21.0,3.0,MEDIUM,2.0,True,91.877,28.987,37.203,25.687,,1,,True,False,True,,,8.5,22.023809523809526,40.70119047619047,False,0.0,0.0,0.0,0.0,0.0,91.877,91.86066941236243,0.016330587637568783
2026,Silverstone,FP1,LIN,41,Racing Bulls,22.0,3.0,MEDIUM,3.0,True,142.942,43.911,60.859,38.172,,1,,True,False,True,,,8.5,22.023809523809526,40.70119047619047,False,0.0,0.0,0.0,0.0,0.0,142.942,91.86066941236243,51.08133058763758
2026,Silverstone,FP1,LIN,41,Racing Bulls,23.0,3.0,MEDIUM,4.0,True,120.748,40.635,50.411,29.701999999999998,,1,,True,False,True,,,8.5,22.023809523809526,40.70119047619047,False,0.0,0.0,0.0,0.0,0.0,120.748,91.86066941236243,28.887330587637578
2026,Silverstone,FP1,LIN,41,Racing Bulls,24.0,3.0,MEDIUM,5.0,True,91.339,28.766,37.05,25.523,,1,,True,False,True,,,8.5,22.023809523809526,40.70119047619047,False,0.0,0.0,0.0,0.0,0.0,91.339,91.86066941236243,-0.5216694123624279
2026,Silverstone,FP1,LIN,41,Racing Bulls,25.0,3.0,MEDIUM,6.0,True,97.484,31.307,39.977,26.2,,1,,False,True,True,,,8.5,22.023809523809526,40.70119047619047,False,0.0,0.0,0.0,0.0,0.0,97.484,91.86066941236243,5.623330587637568
2026,Silverstone,FP1,LIN,41,Racing Bulls,26.0,4.0,MEDIUM,7.0,False,,,44.242,28.898,,1,,False,True,True,,,8.5,22.023809523809526,40.70119047619047,False,0.0,0.0,0.0,0.0,0.0,,91.86066941236243,
2026,Silverstone,FP1,LIN,41,Racing Bulls,27.0,4.0,MEDIUM,8.0,False,110.042,29.502,51.354,29.186,,1,,True,False,True,,,8.5,22.023809523809526,40.70119047619047,False,0.0,0.0,0.0,0.0,0.0,110.042,91.86066941236243,18.181330587637575
2026,Silverstone,FP1,LIN,41,Racing Bulls,28.0,4.0,MEDIUM,9.0,False,92.104,29.202,37.335,25.567,,1,,True,False,True,,,8.5,22.023809523809526,40.70119047619047,False,0.0,0.0,0.0,0.0,0.0,92.104,91.86066941236243,0.24333058763757265
2026,Silverstone,FP1,LIN,41,Racing Bulls,29.0,4.0,MEDIUM,10.0,False,125.105,36.64,53.066,35.399,,1,,True,False,True,,,8.5,22.023809523809526,40.70119047619047,False,0.0,0.0,0.0,0.0,0.0,125.105,91.86066941236243,33.24433058763758
2026,Silverstone,FP1,LIN,41,Racing Bulls,30.0,4.0,MEDIUM,11.0,False,,40.599,51.586,71.304,,1,,False,False,True,,,8.5,22.023809523809526,40.70119047619047,False,0.0,0.0,0.0,0.0,0.0,,91.86066941236243,
2026,Silverstone,FP1,LIN,41,Racing Bulls,31.0,4.0,MEDIUM,12.0,False,,32.316,53.151,74.076,,1,,False,False,True,,,8.5,22.023809523809526,40.70119047619047,False,0.0,0.0,0.0,0.0,0.0,,91.86066941236243,
2026,Silverstone,FP1,LIN,41,Racing Bulls,32.0,4.0,MEDIUM,13.0,False,103.345,32.244,41.398,29.703,,1,,False,True,True,,,8.5,22.023809523809526,40.70119047619047,False,0.0,0.0,0.0,0.0,0.0,103.345,91.86066941236243,11.484330587637572
2026,Silverstone,FP1,COL,43,Alpine,1.0,1.0,HARD,1.0,True,,,44.329,30.24,,1,,False,True,True,,,8.5,22.023809523809526,40.70119047619047,False,0.0,0.0,0.0,0.0,0.0,,92.27598817187717,
2026,Silverstone,FP1,COL,43,Alpine,2.0,1.0,HARD,2.0,True,95.306,30.076,38.659,26.571,,1,,True,False,True,,,8.5,22.023809523809526,40.70119047619047,False,0.0,0.0,0.0,0.0,0.0,95.306,92.27598817187717,3.0300118281228237
2026,Silverstone,FP1,COL,43,Alpine,3.0,1.0,HARD,3.0,True,,46.89,60.924,47.626,,1,,False,False,True,,,8.5,22.023809523809526,40.70119047619047,False,0.0,0.0,0.0,0.0,0.0,,92.27598817187717,
2026,Silverstone,FP1,COL,43,Alpine,4.0,1.0,HARD,4.0,True,95.634,30.096,38.609,26.929,,1,,True,False,True,,,8.5,22.023809523809526,40.70119047619047,False,0.0,0.0,0.0,0.0,0.0,95.634,92.27598817187717,3.3580118281228266
2026,Silverstone,FP1,COL,43,Alpine,5.0,1.0,HARD,5.0,True,140.932,46.1,58.956,35.876,,1,,True,False,True,,,8.5,22.023809523809526,40.70119047619047,False,0.0,0.0,0.0,0.0,0.0,140.932,92.27598817187717,48.656011828122814
2026,Silverstone,FP1,COL,43,Alpine,6.0,1.0,HARD,6.0,True,113.907,32.766,48.884,32.257,,1,,True,False,True,,,8.5,22.023809523809526,40.70119047619047,False,0.0,0.0,0.0,0.0,0.0,113.907,92.27598817187717,21.631011828122823
2026,Silverstone,FP1,COL,43,Alpine,7.0,1.0,HARD,7.0,True,93.612,29.514,37.828,26.27,,1,,True,False,True,,,8.5,22.023809523809526,40.70119047619047,False,0.0,0.0,0.0,0.0,0.0,93.612,92.27598817187717,1.336011828122821
2026,Silverstone,FP1,COL,43,Alpine,8.0,1.0,HARD,8.0,True,126.169,45.707,47.536,32.926,,1,,False,True,True,,,8.5,22.023809523809526,40.70119047619047,False,0.0,0.0,0.0,0.0,0.0,126.169,92.27598817187717,33.89301182812282
2026,Silverstone,FP1,COL,43,Alpine,9.0,2.0,HARD,9.0,False,,71.254,48.505,32.434,,1,,False,True,True,,,8.5,22.023809523809526,40.70119047619047,False,0.0,0.0,0.0,0.0,0.0,,92.27598817187717,
2026,Silverstone,FP1,COL,43,Alpine,10.0,3.0,HARD,10.0,False,,,40.293,27.247,,1,,False,True,True,,,8.5,22.023809523809526,40.70119047619047,False,0.0,0.0,0.0,0.0,0.0,,92.27598817187717,
2026,Silverstone,FP1,COL,43,Alpine,11.0,3.0,HARD,11.0,False,97.336,29.672,40.711,26.953,,1,,True,False,True,,,8.5,22.023809523809526,40.70119047619047,False,0.0,0.0,0.0,0.0,0.0,97.336,92.27598817187717,5.060011828122825
2026,Silverstone,FP1,COL,43,Alpine,12.0,3.0,HARD,12.0,False,93.774,29.872,38.111,25.791,,1,,True,False,True,,,8.5,22.023809523809526,40.70119047619047,False,0.0,0.0,0.0,0.0,0.0,93.774,92.27598817187717,1.4980118281228272
2026,Silverstone,FP1,COL,43,Alpine,13.0,3.0,HARD,13.0,False,93.928,29.791,37.949,26.188,,12,,True,False,False,,,8.5,22.023809523809526,40.70119047619047,False,0.0,0.0,0.0,0.0,0.0,93.928,92.27598817187717,1.6520118281228235
2026,Silverstone,FP1,COL,43,Alpine,14.0,3.0,HARD,14.0,False,93.408,29.66,37.812,25.936,,1,,True,False,True,,,8.5,22.023809523809526,40.70119047619047,False,0.0,0.0,0.0,0.0,0.0,93.408,92.27598817187717,1.1320118281228275
2026,Silverstone,FP1,COL,43,Alpine,15.0,3.0,HARD,15.0,False,93.72,29.858,37.9,25.962,,1,,True,False,True,,,8.5,22.023809523809526,40.70119047619047,False,0.0,0.0,0.0,0.0,0.0,93.72,92.27598817187717,1.4440118281228251
2026,Silverstone,FP1,COL,43,Alpine,16.0,3.0,HARD,16.0,False,93.997,29.709,38.237,26.051,,1,,True,False,True,,,8.5,22.023809523809526,40.70119047619047,False,0.0,0.0,0.0,0.0,0.0,93.997,92.27598817187717,1.7210118281228262
2026,Silverstone,FP1,COL,43,Alpine,17.0,3.0,HARD,17.0,False,93.655,29.69,38.047,25.918,,1,,True,False,True,,,8.5,22.023809523809526,40.70119047619047,False,0.0,0.0,0.0,0.0,0.0,93.655,92.27598817187717,1.3790118281228274
2026,Silverstone,FP1,COL,43,Alpine,18.0,3.0,HARD,18.0,False,94.265,29.666,38.607,25.992,,1,,False,True,True,,,8.5,22.023809523809526,40.70119047619047,False,0.0,0.0,0.0,0.0,0.0,94.265,92.27598817187717,1.9890118281228268
2026,Silverstone,FP1,COL,43,Alpine,19.0,4.0,MEDIUM,1.0,True,,,43.552,28.954,,1,,False,True,True,,,8.5,22.023809523809526,40.70119047619047,False,0.0,0.0,0.0,0.0,0.0,,91.86066941236243,
2026,Silverstone,FP1,COL,43,Alpine,20.0,4.0,MEDIUM,2.0,True,91.076,28.792,36.959,25.325,,1,,True,False,True,,,8.5,22.023809523809526,40.70119047619047,False,0.0,0.0,0.0,0.0,0.0,91.076,91.86066941236243,-0.7846694123624331
2026,Silverstone,FP1,COL,43,Alpine,21.0,4.0,MEDIUM,3.0,True,127.421,42.791,50.596,34.034,,1,,True,False,True,,,8.5,22.023809523809526,40.70119047619047,False,0.0,0.0,0.0,0.0,0.0,127.421,91.86066941236243,35.56033058763758
2026,Silverstone,FP1,COL,43,Alpine,22.0,4.0,MEDIUM,4.0,True,128.638,50.675,48.594,29.369,,1,,True,False,True,,,8.5,22.023809523809526,40.70119047619047,False,0.0,0.0,0.0,0.0,0.0,128.638,91.86066941236243,36.77733058763758
2026,Silverstone,FP1,COL,43,Alpine,23.0,4.0,MEDIUM,5.0,True,90.966,28.726,36.964,25.276,,1,,True,False,True,,,8.5,22.023809523809526,40.70119047619047,False,0.0,0.0,0.0,0.0,0.0,90.966,91.86066941236243,-0.8946694123624326
2026,Silverstone,FP1,COL,43,Alpine,24.0,4.0,MEDIUM,6.0,True,109.824,38.655,44.282,26.887,,1,,False,True,True,,,8.5,22.023809523809526,40.70119047619047,False,0.0,0.0,0.0,0.0,0.0,109.824,91.86066941236243,17.96333058763757
2026,Silverstone,FP1,COL,43,Alpine,25.0,5.0,HARD,19.0,False,135.562,61.529,44.04,29.993,,1,,False,True,True,,,8.5,22.023809523809526,40.70119047619047,False,0.0,0.0,0.0,0.0,0.0,135.562,92.27598817187717,43.28601182812284
2026,Silverstone,FP1,COL,43,Alpine,26.0,5.0,HARD,20.0,False,114.523,33.094,41.305,40.124,,1,,True,False,True,,,8.5,22.023809523809526,40.70119047619047,False,0.0,0.0,0.0,0.0,0.0,114.523,92.27598817187717,22.247011828122822
2026,Silverstone,FP1,COL,43,Alpine,27.0,5.0,HARD,21.0,False,145.207,57.191,42.296,45.72,,1,,True,False,True,,,8.5,22.023809523809526,40.70119047619047,False,0.0,0.0,0.0,0.0,0.0,145.207,92.27598817187717,52.93101182812282
2026,Silverstone,FP1,COL,43,Alpine,28.0,5.0,HARD,22.0,False,125.254,57.489,41.218,26.547,,1,,False,True,True,,,8.5,22.023809523809526,40.70119047619047,False,0.0,0.0,0.0,0.0,0.0,125.254,92.27598817187717,32.97801182812283
2026,Silverstone,FP1,HAM,44,Ferrari,1.0,1.0,HARD,1.0,True,,,44.507,29.632,,1,,False,True,True,,,8.5,22.023809523809526,40.70119047619047,False,0.0,0.0,0.0,0.0,0.0,,92.27598817187717,
2026,Silverstone,FP1,HAM,44,Ferrari,2.0,1.0,HARD,2.0,True,94.696,30.386,38.14,26.17,,1,,True,False,True,,,8.5,22.023809523809526,40.70119047619047,False,0.0,0.0,0.0,0.0,0.0,94.696,92.27598817187717,2.4200118281228242
2026,Silverstone,FP1,HAM,44,Ferrari,3.0,1.0,HARD,3.0,True,136.201,40.703,58.878,36.62,,1,,True,False,True,,,8.5,22.023809523809526,40.70119047619047,False,0.0,0.0,0.0,0.0,0.0,136.201,92.27598817187717,43.92501182812282
2026,Silverstone,FP1,HAM,44,Ferrari,4.0,1.0,HARD,4.0,True,91.877,29.515,37.183,25.179,,1,,True,False,True,,,8.5,22.023809523809526,40.70119047619047,False,0.0,0.0,0.0,0.0,0.0,91.877,92.27598817187717,-0.3989881718771784
2026,Silverstone,FP1,HAM,44,Ferrari,5.0,1.0,HARD,5.0,True,147.522,48.348,65.188,33.986,,1,,True,False,True,,,8.5,22.023809523809526,40.70119047619047,False,0.0,0.0,0.0,0.0,0.0,147.522,92.27598817187717,55.24601182812282
2026,Silverstone,FP1,HAM,44,Ferrari,6.0,1.0,HARD,6.0,True,91.434,29.275,37.093,25.066,,1,,True,False,True,,,8.5,22.023809523809526,40.70119047619047,False,0.0,0.0,0.0,0.0,0.0,91.434,92.27598817187717,-0.8419881718771762
2026,Silverstone,FP1,HAM,44,Ferrari,7.0,1.0,HARD,7.0,True,,58.802,79.384,36.75,,1,,False,False,True,,,8.5,22.023809523809526,40.70119047619047,False,0.0,0.0,0.0,0.0,0.0,,92.27598817187717,
2026,Silverstone,FP1,HAM,44,Ferrari,8.0,1.0,HARD,8.0,True,116.889,32.858,50.693,33.338,,1,,True,False,True,,,8.5,22.023809523809526,40.70119047619047,False,0.0,0.0,0.0,0.0,0.0,116.889,92.27598817187717,24.613011828122822
2026,Silverstone,FP1,HAM,44,Ferrari,9.0,1.0,HARD,9.0,True,115.042,29.244,41.709,44.089,,1,,True,False,True,,,8.5,22.023809523809526,40.70119047619047,False,0.0,0.0,0.0,0.0,0.0,115.042,92.27598817187717,22.766011828122828
2026,Silverstone,FP1,HAM,44,Ferrari,10.0,1.0,HARD,10.0,True,101.963,29.238,37.076,35.649,,1,,True,False,True,,,8.5,22.023809523809526,40.70119047619047,False,0.0,0.0,0.0,0.0,0.0,101.963,92.27598817187717,9.68701182812282
2026,Silverstone,FP1,HAM,44,Ferrari,11.0,1.0,HARD,11.0,True,,48.137,69.701,33.857,,1,,False,False,True,,,8.5,22.023809523809526,40.70119047619047,False,0.0,0.0,0.0,0.0,0.0,,92.27598817187717,
2026,Silverstone,FP1,HAM,44,Ferrari,12.0,1.0,HARD,12.0,True,91.201,29.153,36.981,25.067,,1,,True,False,True,,,8.5,22.023809523809526,40.70119047619047,False,0.0,0.0,0.0,0.0,0.0,91.201,92.27598817187717,-1.0749881718771803
2026,Silverstone,FP1,HAM,44,Ferrari,13.0,1.0,HARD,13.0,True,117.982,33.596,55.223,29.163,,1,,False,True,True,,,8.5,22.023809523809526,40.70119047619047,False,0.0,0.0,0.0,0.0,0.0,117.982,92.27598817187717,25.706011828122826
2026,Silverstone,FP1,HAM,44,Ferrari,14.0,2.0,HARD,14.0,False,,,46.081,28.39,,1,,False,True,True,,,8.5,22.023809523809526,40.70119047619047,False,0.0,0.0,0.0,0.0,0.0,,92.27598817187717,
2026,Silverstone,FP1,HAM,44,Ferrari,15.0,2.0,HARD,15.0,False,90.521,28.99,36.666,24.865,,1,,True,False,True,,,8.5,22.023809523809526,40.70119047619047,False,0.0,0.0,0.0,0.0,0.0,90.521,92.27598817187717,-1.754988171877173
2026,Silverstone,FP1,HAM,44,Ferrari,16.0,2.0,HARD,16.0,False,112.116,37.844,47.132,27.14,,12,,False,True,False,,,8.5,22.023809523809526,40.70119047619047,False,0.0,0.0,0.0,0.0,0.0,112.116,92.27598817187717,19.840011828122826
2026,Silverstone,FP1,HAM,44,Ferrari,17.0,3.0,HARD,17.0,False,123.81,59.042,38.423,26.345,,1,,False,True,True,,,8.5,22.023809523809526,40.70119047619047,False,0.0,0.0,0.0,0.0,0.0,123.81,92.27598817187717,31.53401182812283
2026,Silverstone,FP1,HAM,44,Ferrari,18.0,3.0,HARD,18.0,False,92.507,29.707,37.481,25.319,,1,,True,False,True,,,8.5,22.023809523809526,40.70119047619047,False,0.0,0.0,0.0,0.0,0.0,92.507,92.27598817187717,0.23101182812283128
2026,Silverstone,FP1,HAM,44,Ferrari,19.0,3.0,HARD,19.0,False,92.412,29.697,37.301,25.414,,1,,True,False,True,,,8.5,22.023809523809526,40.70119047619047,False,0.0,0.0,0.0,0.0,0.0,92.412,92.27598817187717,0.1360118281228324
2026,Silverstone,FP1,HAM,44,Ferrari,20.0,3.0,HARD,20.0,False,92.358,29.697,37.256,25.405,,1,,True,False,True,,,8.5,22.023809523809526,40.70119047619047,False,0.0,0.0,0.0,0.0,0.0,92.358,92.27598817187717,0.08201182812283037
2026,Silverstone,FP1,HAM,44,Ferrari,21.0,3.0,HARD,21.0,False,91.869,29.716,36.943,25.21,,1,,True,False,True,,,8.5,22.023809523809526,40.70119047619047,False,0.0,0.0,0.0,0.0,0.0,91.869,92.27598817187717,-0.40698817187717395
2026,Silverstone,FP1,HAM,44,Ferrari,22.0,3.0,HARD,22.0,False,92.16,29.743,37.135,25.282,,1,,True,False,True,,,8.5,22.023809523809526,40.70119047619047,False,0.0,0.0,0.0,0.0,0.0,92.16,92.27598817187717,-0.11598817187717714
2026,Silverstone,FP1,HAM,44,Ferrari,23.0,3.0,HARD,23.0,False,106.778,33.349,44.353,29.076,,1,,False,True,True,,,8.5,22.023809523809526,40.70119047619047,False,0.0,0.0,0.0,0.0,0.0,106.778,92.27598817187717,14.502011828122832
2026,Silverstone,FP1,HAM,44,Ferrari,24.0,4.0,SOFT,1.0,True,,,47.725,29.146,,1,,False,True,True,,,8.5,22.023809523809526,40.70119047619047,False,0.0,0.0,0.0,0.0,0.0,,92.7090512699069,
2026,Silverstone,FP1,HAM,44,Ferrari,25.0,4.0,SOFT,2.0,True,89.26,28.403,36.226,24.631,,1,,True,False,True,,,8.5,22.023809523809526,40.70119047619047,False,0.0,0.0,0.0,0.0,0.0,89.26,92.7090512699069,-3.4490512699068887
2026,Silverstone,FP1,HAM,44,Ferrari,26.0,4.0,SOFT,3.0,True,,48.868,75.112,35.794,,1,,False,False,True,,,8.5,22.023809523809526,40.70119047619047,False,0.0,0.0,0.0,0.0,0.0,,92.7090512699069,
2026,Silverstone,FP1,HAM,44,Ferrari,27.0,4.0,SOFT,4.0,True,120.248,39.268,46.642,34.338,,1,,True,False,True,,,8.5,22.023809523809526,40.70119047619047,False,0.0,0.0,0.0,0.0,0.0,120.248,92.7090512699069,27.53894873009311
2026,Silverstone,FP1,HAM,44,Ferrari,28.0,4.0,SOFT,5.0,True,89.761,28.747,36.177,24.837,,1,,True,False,True,,,8.5,22.023809523809526,40.70119047619047,False,0.0,0.0,0.0,0.0,0.0,89.761,92.7090512699069,-2.948051269906898
2026,Silverstone,FP1,HAM,44,Ferrari,29.0,4.0,SOFT,6.0,True,104.998,41.657,37.694,25.647,,1,,True,False,True,,,8.5,22.023809523809526,40.70119047619047,False,0.0,0.0,0.0,0.0,0.0,104.998,92.7090512699069,12.28894873009311
2026,Silverstone,FP1,HAM,44,Ferrari,30.0,4.0,SOFT,7.0,True,136.634,36.324,52.351,47.959,,1,,True,False,True,,,8.5,22.023809523809526,40.70119047619047,False,0.0,0.0,0.0,0.0,0.0,136.634,92.7090512699069,43.92494873009309
2026,Silverstone,FP1,HAM,44,Ferrari,31.0,4.0,SOFT,8.0,True,,73.488,52.488,43.328,,1,,False,False,True,,,8.5,22.023809523809526,40.70119047619047,False,0.0,0.0,0.0,0.0,0.0,,92.7090512699069,
2026,Silverstone,FP1,HAM,44,Ferrari,32.0,4.0,SOFT,9.0,True,122.63,58.913,38.28,25.437,,1,,False,True,True,,,8.5,22.023809523809526,40.70119047619047,False,0.0,0.0,0.0,0.0,0.0,122.63,92.7090512699069,29.9209487300931
2026,Silverstone,FP1,SAI,55,Williams,1.0,1.0,HARD,1.0,True,,,44.396,41.417,,1,,False,True,True,,,8.5,22.023809523809526,40.70119047619047,False,0.0,0.0,0.0,0.0,0.0,,92.27598817187717,
2026,Silverstone,FP1,SAI,55,Williams,2.0,1.0,HARD,2.0,True,96.998,31.722,38.868,26.408,,1,,True,False,True,,,8.5,22.023809523809526,40.70119047619047,False,0.0,0.0,0.0,0.0,0.0,96.998,92.27598817187717,4.722011828122831
2026,Silverstone,FP1,SAI,55,Williams,3.0,1.0,HARD,3.0,True,129.795,39.978,50.517,39.3,,1,,True,False,True,,,8.5,22.023809523809526,40.70119047619047,False,0.0,0.0,0.0,0.0,0.0,129.795,92.27598817187717,37.519011828122814
2026,Silverstone,FP1,SAI,55,Williams,4.0,1.0,HARD,4.0,True,95.003,30.337,38.324,26.342,,1,,True,False,True,,,8.5,22.023809523809526,40.70119047619047,False,0.0,0.0,0.0,0.0,0.0,95.003,92.27598817187717,2.7270118281228264
2026,Silverstone,FP1,SAI,55,Williams,5.0,1.0,HARD,5.0,True,126.657,40.239,49.752,36.666,,1,,False,True,True,,,8.5,22.023809523809526,40.70119047619047,False,0.0,0.0,0.0,0.0,0.0,126.657,92.27598817187717,34.38101182812282
2026,Silverstone,FP1,SAI,55,Williams,6.0,2.0,HARD,6.0,False,,85.959,41.616,30.795,,1,,False,True,True,,,8.5,22.023809523809526,40.70119047619047,False,0.0,0.0,0.0,0.0,0.0,,92.27598817187717,
2026,Silverstone,FP1,SAI,55,Williams,7.0,2.0,HARD,7.0,False,93.72,29.708,37.988,26.024,,1,,True,False,True,,,8.5,22.023809523809526,40.70119047619047,False,0.0,0.0,0.0,0.0,0.0,93.72,92.27598817187717,1.4440118281228251
2026,Silverstone,FP1,SAI,55,Williams,8.0,2.0,HARD,8.0,False,123.341,39.926,50.079,33.336,,1,,True,False,True,,,8.5,22.023809523809526,40.70119047619047,False,0.0,0.0,0.0,0.0,0.0,123.341,92.27598817187717,31.06501182812282
2026,Silverstone,FP1,SAI,55,Williams,9.0,2.0,HARD,9.0,False,93.202,29.484,37.792,25.926,,1,,True,False,True,,,8.5,22.023809523809526,40.70119047619047,False,0.0,0.0,0.0,0.0,0.0,93.202,92.27598817187717,0.9260118281228245
2026,Silverstone,FP1,SAI,55,Williams,10.0,2.0,HARD,10.0,False,117.007,40.499,48.544,27.964,,1,,True,False,True,,,8.5,22.023809523809526,40.70119047619047,False,0.0,0.0,0.0,0.0,0.0,117.007,92.27598817187717,24.73101182812283
2026,Silverstone,FP1,SAI,55,Williams,11.0,2.0,HARD,11.0,False,107.098,30.29,48.336,28.472,,1,,True,False,True,,,8.5,22.023809523809526,40.70119047619047,False,0.0,0.0,0.0,0.0,0.0,107.098,92.27598817187717,14.822011828122825
2026,Silverstone,FP1,SAI,55,Williams,12.0,2.0,HARD,12.0,False,92.977,29.272,37.903,25.802,,1,,True,False,True,,,8.5,22.023809523809526,40.70119047619047,False,0.0,0.0,0.0,0.0,0.0,92.977,92.27598817187717,0.7010118281228301
2026,Silverstone,FP1,SAI,55,Williams,13.0,2.0,HARD,13.0,False,106.993,36.241,43.929,26.823,,1,,False,True,True,,,8.5,22.023809523809526,40.70119047619047,False,0.0,0.0,0.0,0.0,0.0,106.993,92.27598817187717,14.717011828122821
2026,Silverstone,FP1,SAI,55,Williams,14.0,3.0,HARD,14.0,False,129.01,59.18,41.477,28.353,,1,,False,True,True,,,8.5,22.023809523809526,40.70119047619047,False,0.0,0.0,0.0,0.0,0.0,129.01,92.27598817187717,36.73401182812282
2026,Silverstone,FP1,SAI,55,Williams,15.0,3.0,HARD,15.0,False,93.133,29.371,37.772,25.99,,1,,True,False,True,,,8.5,22.023809523809526,40.70119047619047,False,0.0,0.0,0.0,0.0,0.0,93.133,92.27598817187717,0.8570118281228218
2026,Silverstone,FP1,SAI,55,Williams,16.0,3.0,HARD,16.0,False,115.66,40.179,47.735,27.746,,1,,True,False,True,,,8.5,22.023809523809526,40.70119047619047,False,0.0,0.0,0.0,0.0,0.0,115.66,92.27598817187717,23.384011828122823
2026,Silverstone,FP1,SAI,55,Williams,17.0,3.0,HARD,17.0,False,93.101,29.498,37.842,25.761,,1,,True,False,True,,,8.5,22.023809523809526,40.70119047619047,False,0.0,0.0,0.0,0.0,0.0,93.101,92.27598817187717,0.8250118281228254
2026,Silverstone,FP1,SAI,55,Williams,18.0,3.0,HARD,18.0,False,119.473,44.15,47.034,28.289,,12,,True,False,False,,,8.5,22.023809523809526,40.70119047619047,False,0.0,0.0,0.0,0.0,0.0,119.473,92.27598817187717,27.197011828122825
2026,Silverstone,FP1,SAI,55,Williams,19.0,3.0,HARD,19.0,False,94.363,29.757,38.387,26.219,,1,,True,False,True,,,8.5,22.023809523809526,40.70119047619047,False,0.0,0.0,0.0,0.0,0.0,94.363,92.27598817187717,2.087011828122826
2026,Silverstone,FP1,SAI,55,Williams,20.0,3.0,HARD,20.0,False,94.31,29.935,38.159,26.216,,1,,True,False,True,,,8.5,22.023809523809526,40.70119047619047,False,0.0,0.0,0.0,0.0,0.0,94.31,92.27598817187717,2.0340118281228285
2026,Silverstone,FP1,SAI,55,Williams,21.0,3.0,HARD,21.0,False,94.353,29.905,38.258,26.19,,1,,True,False,True,,,8.5,22.023809523809526,40.70119047619047,False,0.0,0.0,0.0,0.0,0.0,94.353,92.27598817187717,2.0770118281228207
2026,Silverstone,FP1,SAI,55,Williams,22.0,3.0,HARD,22.0,False,94.056,29.767,38.224,26.065,,1,,True,False,True,,,8.5,22.023809523809526,40.70119047619047,False,0.0,0.0,0.0,0.0,0.0,94.056,92.27598817187717,1.7800118281228237
2026,Silverstone,FP1,SAI,55,Williams,23.0,3.0,HARD,23.0,False,98.243,29.856,41.713,26.674,,1,,False,True,True,,,8.5,22.023809523809526,40.70119047619047,False,0.0,0.0,0.0,0.0,0.0,98.243,92.27598817187717,5.967011828122821
2026,Silverstone,FP1,SAI,55,Williams,24.0,4.0,SOFT,1.0,True,,,42.314,28.768,,1,,False,True,True,,,8.5,22.023809523809526,40.70119047619047,False,0.0,0.0,0.0,0.0,0.0,,92.7090512699069,
2026,Silverstone,FP1,SAI,55,Williams,25.0,4.0,SOFT,2.0,True,91.684,28.961,37.285,25.438,,1,,True,False,True,,,8.5,22.023809523809526,40.70119047619047,False,0.0,0.0,0.0,0.0,0.0,91.684,92.7090512699069,-1.0250512699068963
2026,Silverstone,FP1,SAI,55,Williams,26.0,4.0,SOFT,3.0,True,120.233,40.684,50.796,28.753,,1,,False,True,True,,,8.5,22.023809523809526,40.70119047619047,False,0.0,0.0,0.0,0.0,0.0,120.233,92.7090512699069,27.52394873009311
2026,Silverstone,FP1,SAI,55,Williams,27.0,5.0,SOFT,4.0,False,133.72,60.656,44.704,28.36,,1,,False,True,True,,,8.5,22.023809523809526,40.70119047619047,False,0.0,0.0,0.0,0.0,0.0,133.72,92.7090512699069,41.010948730093105
2026,Silverstone,FP1,SAI,55,Williams,28.0,5.0,SOFT,5.0,False,91.945,29.146,37.189,25.61,,1,,True,False,True,,,8.5,22.023809523809526,40.70119047619047,False,0.0,0.0,0.0,0.0,0.0,91.945,92.7090512699069,-0.7640512699069006
2026,Silverstone,FP1,SAI,55,Williams,29.0,5.0,SOFT,6.0,False,117.203,39.918,47.509,29.776,,1,,False,True,True,,,8.5,22.023809523809526,40.70119047619047,False,0.0,0.0,0.0,0.0,0.0,117.203,92.7090512699069,24.49394873009311
2026,Silverstone,FP1,SAI,55,Williams,30.0,6.0,HARD,24.0,False,,84.264,41.109,27.026,,1,,False,True,True,,,8.5,22.023809523809526,40.70119047619047,False,0.0,0.0,0.0,0.0,0.0,,92.27598817187717,
2026,Silverstone,FP1,SAI,55,Williams,31.0,6.0,HARD,25.0,False,111.034,31.072,40.999,38.963,,1,,True,False,True,,,8.5,22.023809523809526,40.70119047619047,False,0.0,0.0,0.0,0.0,0.0,111.034,92.27598817187717,18.758011828122832
2026,Silverstone,FP1,SAI,55,Williams,32.0,6.0,HARD,26.0,False,147.363,64.878,41.808,40.677,,1,,True,False,True,,,8.5,22.023809523809526,40.70119047619047,False,0.0,0.0,0.0,0.0,0.0,147.363,92.27598817187717,55.087011828122826
2026,Silverstone,FP1,SAI,55,Williams,33.0,6.0,HARD,27.0,False,131.891,63.598,39.807,28.486,,1,,False,True,True,,,8.5,22.023809523809526,40.70119047619047,False,0.0,0.0,0.0,0.0,0.0,131.891,92.27598817187717,39.61501182812282
2026,Silverstone,FP1,RUS,63,Mercedes,1.0,1.0,HARD,1.0,True,,,42.647,32.774,,1,,False,True,True,,,8.5,22.023809523809526,40.70119047619047,False,0.0,0.0,0.0,0.0,0.0,,92.27598817187717,
2026,Silverstone,FP1,RUS,63,Mercedes,2.0,1.0,HARD,2.0,True,106.188,30.09,46.273,29.825,,1,,True,False,True,,,8.5,22.023809523809526,40.70119047619047,False,0.0,0.0,0.0,0.0,0.0,106.188,92.27598817187717,13.912011828122829
2026,Silverstone,FP1,RUS,63,Mercedes,3.0,1.0,HARD,3.0,True,92.539,29.371,37.238,25.93,,1,,True,False,True,,,8.5,22.023809523809526,40.70119047619047,False,0.0,0.0,0.0,0.0,0.0,92.539,92.27598817187717,0.26301182812282775
2026,Silverstone,FP1,RUS,63,Mercedes,4.0,1.0,HARD,4.0,True,142.354,48.938,64.577,28.839,,1,,True,False,True,,,8.5,22.023809523809526,40.70119047619047,False,0.0,0.0,0.0,0.0,0.0,142.354,92.27598817187717,50.07801182812284
2026,Silverstone,FP1,RUS,63,Mercedes,5.0,1.0,HARD,5.0,True,91.822,29.131,36.906,25.785,,1,,True,False,True,,,8.5,22.023809523809526,40.70119047619047,False,0.0,0.0,0.0,0.0,0.0,91.822,92.27598817187717,-0.453988171877171
2026,Silverstone,FP1,RUS,63,Mercedes,6.0,1.0,HARD,6.0,True,145.629,50.97,66.047,28.612,,1,,True,False,True,,,8.5,22.023809523809526,40.70119047619047,False,0.0,0.0,0.0,0.0,0.0,145.629,92.27598817187717,53.35301182812282
2026,Silverstone,FP1,RUS,63,Mercedes,7.0,1.0,HARD,7.0,True,100.52,29.139,42.644,28.737,,1,,False,True,True,,,8.5,22.023809523809526,40.70119047619047,False,0.0,0.0,0.0,0.0,0.0,100.52,92.27598817187717,8.244011828122822
2026,Silverstone,FP1,RUS,63,Mercedes,8.0,2.0,HARD,8.0,False,130.043,59.552,43.256,27.235,,1,,False,True,True,,,8.5,22.023809523809526,40.70119047619047,False,0.0,0.0,0.0,0.0,0.0,130.043,92.27598817187717,37.76701182812283
2026,Silverstone,FP1,RUS,63,Mercedes,9.0,2.0,HARD,9.0,False,90.986,28.834,36.748,25.404,,1,,True,False,True,,,8.5,22.023809523809526,40.70119047619047,False,0.0,0.0,0.0,0.0,0.0,90.986,92.27598817187717,-1.2899881718771695
2026,Silverstone,FP1,RUS,63,Mercedes,10.0,2.0,HARD,10.0,False,112.232,34.023,45.318,32.891,,1,,False,True,True,,,8.5,22.023809523809526,40.70119047619047,False,0.0,0.0,0.0,0.0,0.0,112.232,92.27598817187717,19.956011828122826
2026,Silverstone,FP1,RUS,63,Mercedes,11.0,3.0,HARD,11.0,False,,,38.996,26.028,,1,,False,True,True,,,8.5,22.023809523809526,40.70119047619047,False,0.0,0.0,0.0,0.0,0.0,,92.27598817187717,
2026,Silverstone,FP1,RUS,63,Mercedes,12.0,3.0,HARD,12.0,False,93.264,29.582,37.77,25.912,,1,,True,False,True,,,8.5,22.023809523809526,40.70119047619047,False,0.0,0.0,0.0,0.0,0.0,93.264,92.27598817187717,0.9880118281228221
2026,Silverstone,FP1,RUS,63,Mercedes,13.0,3.0,HARD,13.0,False,93.084,29.682,37.612,25.79,,1,,True,False,True,,,8.5,22.023809523809526,40.70119047619047,False,0.0,0.0,0.0,0.0,0.0,93.084,92.27598817187717,0.8080118281228295
2026,Silverstone,FP1,RUS,63,Mercedes,14.0,3.0,HARD,14.0,False,93.236,29.724,37.797,25.715,,1,,True,False,True,,,8.5,22.023809523809526,40.70119047619047,False,0.0,0.0,0.0,0.0,0.0,93.236,92.27598817187717,0.9600118281228305
2026,Silverstone,FP1,RUS,63,Mercedes,15.0,3.0,HARD,15.0,False,92.799,29.575,37.593,25.631,,1,,True,False,True,,,8.5,22.023809523809526,40.70119047619047,False,0.0,0.0,0.0,0.0,0.0,92.799,92.27598817187717,0.5230118281228329
2026,Silverstone,FP1,RUS,63,Mercedes,16.0,3.0,HARD,16.0,False,92.597,29.433,37.397,25.767,,1,,True,False,True,,,8.5,22.023809523809526,40.70119047619047,False,0.0,0.0,0.0,0.0,0.0,92.597,92.27598817187717,0.3210118281228205
2026,Silverstone,FP1,RUS,63,Mercedes,17.0,3.0,HARD,17.0,False,93.134,29.721,37.385,26.028,,12,,True,False,False,,,8.5,22.023809523809526,40.70119047619047,False,0.0,0.0,0.0,0.0,0.0,93.134,92.27598817187717,0.8580118281228266
2026,Silverstone,FP1,RUS,63,Mercedes,18.0,3.0,HARD,18.0,False,93.454,29.844,38.056,25.554,,1,,True,False,True,,,8.5,22.023809523809526,40.70119047619047,False,0.0,0.0,0.0,0.0,0.0,93.454,92.27598817187717,1.1780118281228198
2026,Silverstone,FP1,RUS,63,Mercedes,19.0,3.0,HARD,19.0,False,94.217,30.322,38.017,25.878,,1,,True,False,True,,,8.5,22.023809523809526,40.70119047619047,False,0.0,0.0,0.0,0.0,0.0,94.217,92.27598817187717,1.941011828122825
2026,Silverstone,FP1,RUS,63,Mercedes,20.0,3.0,HARD,20.0,False,92.991,29.813,37.49,25.688,,1,,True,False,True,,,8.5,22.023809523809526,40.70119047619047,False,0.0,0.0,0.0,0.0,0.0,92.991,92.27598817187717,0.7150118281228259
2026,Silverstone,FP1,RUS,63,Mercedes,21.0,3.0,HARD,21.0,False,94.489,29.561,37.57,27.358,,1,,False,True,True,,,8.5,22.023809523809526,40.70119047619047,False,0.0,0.0,0.0,0.0,0.0,94.489,92.27598817187717,2.2130118281228306
2026,Silverstone,FP1,RUS,63,Mercedes,22.0,4.0,SOFT,1.0,True,,,40.988,30.755,,1,,False,True,True,,,8.5,22.023809523809526,40.70119047619047,False,0.0,0.0,0.0,0.0,0.0,,92.7090512699069,
2026,Silverstone,FP1,RUS,63,Mercedes,23.0,4.0,SOFT,2.0,True,89.938,28.447,36.413,25.078,,1,,True,False,True,,,8.5,22.023809523809526,40.70119047619047,False,0.0,0.0,0.0,0.0,0.0,89.938,92.7090512699069,-2.7710512699068914
2026,Silverstone,FP1,RUS,63,Mercedes,24.0,4.0,SOFT,3.0,True,,51.145,71.074,40.594,,1,,False,False,True,,,8.5,22.023809523809526,40.70119047619047,False,0.0,0.0,0.0,0.0,0.0,,92.7090512699069,
2026,Silverstone,FP1,RUS,63,Mercedes,25.0,4.0,SOFT,4.0,True,120.202,41.81,50.736,27.656,,1,,True,False,True,,,8.5,22.023809523809526,40.70119047619047,False,0.0,0.0,0.0,0.0,0.0,120.202,92.7090512699069,27.492948730093104
2026,Silverstone,FP1,RUS,63,Mercedes,26.0,4.0,SOFT,5.0,True,90.239,28.615,36.443,25.181,,1,,True,False,True,,,8.5,22.023809523809526,40.70119047619047,False,0.0,0.0,0.0,0.0,0.0,90.239,92.7090512699069,-2.4700512699068895
2026,Silverstone,FP1,RUS,63,Mercedes,27.0,4.0,SOFT,6.0,True,107.304,34.74,45.001,27.563,,1,,False,True,True,,,8.5,22.023809523809526,40.70119047619047,False,0.0,0.0,0.0,0.0,0.0,107.304,92.7090512699069,14.594948730093108
2026,Silverstone,FP1,RUS,63,Mercedes,28.0,5.0,HARD,22.0,False,,98.542,41.559,28.856,,1,,False,True,True,,,8.5,22.023809523809526,40.70119047619047,False,0.0,0.0,0.0,0.0,0.0,,92.27598817187717,
2026,Silverstone,FP1,RUS,63,Mercedes,29.0,5.0,HARD,23.0,False,113.484,32.341,42.851,38.292,,1,,True,False,True,,,8.5,22.023809523809526,40.70119047619047,False,0.0,0.0,0.0,0.0,0.0,113.484,92.27598817187717,21.20801182812282
2026,Silverstone,FP1,RUS,63,Mercedes,30.0,5.0,HARD,24.0,False,145.241,61.703,44.375,39.163,,1,,True,False,True,,,8.5,22.023809523809526,40.70119047619047,False,0.0,0.0,0.0,0.0,0.0,145.241,92.27598817187717,52.96501182812284
2026,Silverstone,FP1,RUS,63,Mercedes,31.0,5.0,HARD,25.0,False,,72.218,48.818,32.063,,1,,False,True,True,,,8.5,22.023809523809526,40.70119047619047,False,0.0,0.0,0.0,0.0,0.0,,92.27598817187717,
2026,Silverstone,FP1,BOT,77,Cadillac,1.0,1.0,HARD,1.0,True,,,44.916,37.877,,1,,False,True,True,,,8.5,22.023809523809526,40.70119047619047,False,0.0,0.0,0.0,0.0,0.0,,92.27598817187717,
2026,Silverstone,FP1,BOT,77,Cadillac,2.0,1.0,HARD,2.0,True,97.573,31.009,39.599,26.965,,1,,True,False,True,,,8.5,22.023809523809526,40.70119047619047,False,0.0,0.0,0.0,0.0,0.0,97.573,92.27598817187717,5.29701182812282
2026,Silverstone,FP1,BOT,77,Cadillac,3.0,1.0,HARD,3.0,True,144.615,47.296,56.541,40.778,,1,,True,False,True,,,8.5,22.023809523809526,40.70119047619047,False,0.0,0.0,0.0,0.0,0.0,144.615,92.27598817187717,52.339011828122835
2026,Silverstone,FP1,BOT,77,Cadillac,4.0,1.0,HARD,4.0,True,95.605,30.206,38.906,26.493,,1,,True,False,True,,,8.5,22.023809523809526,40.70119047619047,False,0.0,0.0,0.0,0.0,0.0,95.605,92.27598817187717,3.3290118281228303
2026,Silverstone,FP1,BOT,77,Cadillac,5.0,1.0,HARD,5.0,True,149.677,53.947,59.986,35.744,,1,,True,False,True,,,8.5,22.023809523809526,40.70119047619047,False,0.0,0.0,0.0,0.0,0.0,149.677,92.27598817187717,57.40101182812282
2026,Silverstone,FP1,BOT,77,Cadillac,6.0,1.0,HARD,6.0,True,94.714,29.936,38.629,26.149,,1,,True,False,True,,,8.5,22.023809523809526,40.70119047619047,False,0.0,0.0,0.0,0.0,0.0,94.714,92.27598817187717,2.438011828122825
2026,Silverstone,FP1,BOT,77,Cadillac,7.0,1.0,HARD,7.0,True,109.436,36.992,45.343,27.101,,1,,True,False,True,,,8.5,22.023809523809526,40.70119047619047,False,0.0,0.0,0.0,0.0,0.0,109.436,92.27598817187717,17.160011828122833
2026,Silverstone,FP1,BOT,77,Cadillac,8.0,1.0,HARD,8.0,True,97.03,30.557,39.634,26.839,,1,,True,False,True,,,8.5,22.023809523809526,40.70119047619047,False,0.0,0.0,0.0,0.0,0.0,97.03,92.27598817187717,4.754011828122827
2026,Silverstone,FP1,BOT,77,Cadillac,9.0,1.0,HARD,9.0,True,96.804,30.288,39.597,26.919,,1,,True,False,True,,,8.5,22.023809523809526,40.70119047619047,False,0.0,0.0,0.0,0.0,0.0,96.804,92.27598817187717,4.528011828122828
2026,Silverstone,FP1,BOT,77,Cadillac,10.0,1.0,HARD,10.0,True,96.19,30.288,39.255,26.647,,1,,True,False,True,,,8.5,22.023809523809526,40.70119047619047,False,0.0,0.0,0.0,0.0,0.0,96.19,92.27598817187717,3.914011828122824
2026,Silverstone,FP1,BOT,77,Cadillac,11.0,1.0,HARD,11.0,True,95.969,30.169,39.111,26.689,,1,,True,False,True,,,8.5,22.023809523809526,40.70119047619047,False,0.0,0.0,0.0,0.0,0.0,95.969,92.27598817187717,3.6930118281228204
2026,Silverstone,FP1,BOT,77,Cadillac,12.0,1.0,HARD,12.0,True,95.737,30.06,39.283,26.394,,1,,True,False,True,,,8.5,22.023809523809526,40.70119047619047,False,0.0,0.0,0.0,0.0,0.0,95.737,92.27598817187717,3.461011828122821
2026,Silverstone,FP1,BOT,77,Cadillac,13.0,1.0,HARD,13.0,True,95.466,30.077,38.942,26.447,,1,,True,False,True,,,8.5,22.023809523809526,40.70119047619047,False,0.0,0.0,0.0,0.0,0.0,95.466,92.27598817187717,3.1900118281228202
2026,Silverstone,FP1,BOT,77,Cadillac,14.0,1.0,HARD,14.0,True,112.038,33.741,46.527,31.77,,1,,False,True,True,,,8.5,22.023809523809526,40.70119047619047,False,0.0,0.0,0.0,0.0,0.0,112.038,92.27598817187717,19.762011828122823
2026,Silverstone,FP1,BOT,77,Cadillac,15.0,2.0,SOFT,1.0,True,,,44.083,29.454,,12,,False,True,False,,,8.5,22.023809523809526,40.70119047619047,False,0.0,0.0,0.0,0.0,0.0,,92.7090512699069,
2026,Silverstone,FP1,BOT,77,Cadillac,16.0,2.0,SOFT,2.0,True,92.236,29.334,37.537,25.365,,1,,True,False,True,,,8.5,22.023809523809526,40.70119047619047,False,0.0,0.0,0.0,0.0,0.0,92.236,92.7090512699069,-0.4730512699068896
2026,Silverstone,FP1,BOT,77,Cadillac,17.0,2.0,SOFT,3.0,True,110.511,34.634,43.912,31.965,,1,,False,True,True,,,8.5,22.023809523809526,40.70119047619047,False,0.0,0.0,0.0,0.0,0.0,110.511,92.7090512699069,17.801948730093102
2026,Silverstone,FP1,BOT,77,Cadillac,18.0,3.0,MEDIUM,1.0,True,,,44.648,29.746,,1,,False,True,True,,,8.5,22.023809523809526,40.70119047619047,False,0.0,0.0,0.0,0.0,0.0,,91.86066941236243,
2026,Silverstone,FP1,BOT,77,Cadillac,19.0,3.0,MEDIUM,2.0,True,92.15,29.192,37.452,25.506,,1,,True,False,True,,,8.5,22.023809523809526,40.70119047619047,False,0.0,0.0,0.0,0.0,0.0,92.15,91.86066941236243,0.28933058763757913
2026,Silverstone,FP1,BOT,77,Cadillac,20.0,3.0,MEDIUM,3.0,True,134.331,44.491,48.898,40.942,,1,,True,False,True,,,8.5,22.023809523809526,40.70119047619047,False,0.0,0.0,0.0,0.0,0.0,134.331,91.86066941236243,42.47033058763756
2026,Silverstone,FP1,BOT,77,Cadillac,21.0,3.0,MEDIUM,4.0,True,,66.913,48.19,40.036,,1,,False,False,True,,,8.5,22.023809523809526,40.70119047619047,False,0.0,0.0,0.0,0.0,0.0,,91.86066941236243,
2026,Silverstone,FP1,BOT,77,Cadillac,22.0,3.0,MEDIUM,5.0,True,,55.624,59.761,39.248,,1,,False,True,True,,,8.5,22.023809523809526,40.70119047619047,False,0.0,0.0,0.0,0.0,0.0,,91.86066941236243,
2026,Silverstone,FP1,PIA,81,McLaren,1.0,1.0,HARD,1.0,True,,,43.474,36.408,,1,,False,True,True,,,8.5,22.023809523809526,40.70119047619047,False,0.0,0.0,0.0,0.0,0.0,,92.27598817187717,
2026,Silverstone,FP1,PIA,81,McLaren,2.0,1.0,HARD,2.0,True,92.873,29.376,37.604,25.893,,1,,True,False,True,,,8.5,22.023809523809526,40.70119047619047,False,0.0,0.0,0.0,0.0,0.0,92.873,92.27598817187717,0.5970118281228309
2026,Silverstone,FP1,PIA,81,McLaren,3.0,1.0,HARD,3.0,True,147.158,43.693,55.486,47.979,,1,,True,False,True,,,8.5,22.023809523809526,40.70119047619047,False,0.0,0.0,0.0,0.0,0.0,147.158,92.27598817187717,54.88201182812281
2026,Silverstone,FP1,PIA,81,McLaren,4.0,1.0,HARD,4.0,True,91.819,29.164,37.197,25.458,,1,,True,False,True,,,8.5,22.023809523809526,40.70119047619047,False,0.0,0.0,0.0,0.0,0.0,91.819,92.27598817187717,-0.4569881718771711
2026,Silverstone,FP1,PIA,81,McLaren,5.0,1.0,HARD,5.0,True,137.535,44.358,58.438,34.739,,1,,True,False,True,,,8.5,22.023809523809526,40.70119047619047,False,0.0,0.0,0.0,0.0,0.0,137.535,92.27598817187717,45.25901182812282
2026,Silverstone,FP1,PIA,81,McLaren,6.0,1.0,HARD,6.0,True,91.314,28.909,36.913,25.492,,1,,True,False,True,,,8.5,22.023809523809526,40.70119047619047,False,0.0,0.0,0.0,0.0,0.0,91.314,92.27598817187717,-0.9619881718771808
2026,Silverstone,FP1,PIA,81,McLaren,7.0,1.0,HARD,7.0,True,143.399,41.982,54.144,47.273,,1,,True,False,True,,,8.5,22.023809523809526,40.70119047619047,False,0.0,0.0,0.0,0.0,0.0,143.399,92.27598817187717,51.12301182812283
2026,Silverstone,FP1,PIA,81,McLaren,8.0,1.0,HARD,8.0,True,98.947,29.106,39.785,30.056,,1,,False,True,True,,,8.5,22.023809523809526,40.70119047619047,False,0.0,0.0,0.0,0.0,0.0,98.947,92.27598817187717,6.671011828122829
2026,Silverstone,FP1,PIA,81,McLaren,9.0,2.0,HARD,9.0,False,,,45.854,28.669,,1,,False,True,True,,,8.5,22.023809523809526,40.70119047619047,False,0.0,0.0,0.0,0.0,0.0,,92.27598817187717,
2026,Silverstone,FP1,PIA,81,McLaren,10.0,2.0,HARD,10.0,False,91.436,29.092,36.917,25.427,,1,,True,False,True,,,8.5,22.023809523809526,40.70119047619047,False,0.0,0.0,0.0,0.0,0.0,91.436,92.27598817187717,-0.8399881718771667
2026,Silverstone,FP1,PIA,81,McLaren,11.0,2.0,HARD,11.0,False,100.976,33.781,41.451,25.744,,1,,True,False,True,,,8.5,22.023809523809526,40.70119047619047,False,0.0,0.0,0.0,0.0,0.0,100.976,92.27598817187717,8.700011828122825
2026,Silverstone,FP1,PIA,81,McLaren,12.0,2.0,HARD,12.0,False,92.654,29.198,37.625,25.831,,1,,True,False,True,,,8.5,22.023809523809526,40.70119047619047,False,0.0,0.0,0.0,0.0,0.0,92.654,92.27598817187717,0.37801182812282264
2026,Silverstone,FP1,PIA,81,McLaren,13.0,2.0,HARD,13.0,False,92.878,29.524,37.481,25.873,,1,,True,False,True,,,8.5,22.023809523809526,40.70119047619047,False,0.0,0.0,0.0,0.0,0.0,92.878,92.27598817187717,0.6020118281228264
2026,Silverstone,FP1,PIA,81,McLaren,14.0,2.0,HARD,14.0,False,115.665,29.563,49.47,36.632,,12,,False,True,False,,,8.5,22.023809523809526,40.70119047619047,False,0.0,0.0,0.0,0.0,0.0,115.665,92.27598817187717,23.389011828122833
2026,Silverstone,FP1,PIA,81,McLaren,15.0,3.0,SOFT,1.0,True,,,43.655,28.433,,1,,False,True,True,,,8.5,22.023809523809526,40.70119047619047,False,0.0,0.0,0.0,0.0,0.0,,92.7090512699069,
2026,Silverstone,FP1,PIA,81,McLaren,16.0,3.0,SOFT,2.0,True,90.147,28.512,36.531,25.104,,1,,True,False,True,,,8.5,22.023809523809526,40.70119047619047,False,0.0,0.0,0.0,0.0,0.0,90.147,92.7090512699069,-2.5620512699068883
2026,Silverstone,FP1,PIA,81,McLaren,17.0,3.0,SOFT,3.0,True,135.362,41.603,56.0,37.759,,1,,True,False,True,,,8.5,22.023809523809526,40.70119047619047,False,0.0,0.0,0.0,0.0,0.0,135.362,92.7090512699069,42.6529487300931
2026,Silverstone,FP1,PIA,81,McLaren,18.0,3.0,SOFT,4.0,True,110.77,36.627,45.175,28.968,,1,,True,False,True,,,8.5,22.023809523809526,40.70119047619047,False,0.0,0.0,0.0,0.0,0.0,110.77,92.7090512699069,18.060948730093102
2026,Silverstone,FP1,PIA,81,McLaren,19.0,3.0,SOFT,5.0,True,90.457,28.655,36.628,25.174,,1,,True,False,True,,,8.5,22.023809523809526,40.70119047619047,False,0.0,0.0,0.0,0.0,0.0,90.457,92.7090512699069,-2.2520512699069
2026,Silverstone,FP1,PIA,81,McLaren,20.0,3.0,SOFT,6.0,True,125.674,36.416,56.24,33.018,,1,,False,True,True,,,8.5,22.023809523809526,40.70119047619047,False,0.0,0.0,0.0,0.0,0.0,125.674,92.7090512699069,32.96494873009311
2026,Silverstone,FP1,PIA,81,McLaren,21.0,4.0,SOFT,7.0,False,140.107,61.839,46.44,31.828,,1,,False,True,True,,,8.5,22.023809523809526,40.70119047619047,False,0.0,0.0,0.0,0.0,0.0,140.107,92.7090512699069,47.397948730093105
2026,Silverstone,FP1,PIA,81,McLaren,22.0,4.0,SOFT,8.0,False,90.329,28.762,36.448,25.119,,1,,True,False,True,,,8.5,22.023809523809526,40.70119047619047,False,0.0,0.0,0.0,0.0,0.0,90.329,92.7090512699069,-2.3800512699069003
2026,Silverstone,FP1,PIA,81,McLaren,23.0,4.0,SOFT,9.0,False,141.859,38.851,55.926,47.082,,1,,True,False,True,,,8.5,22.023809523809526,40.70119047619047,False,0.0,0.0,0.0,0.0,0.0,141.859,92.7090512699069,49.149948730093115
2026,Silverstone,FP1,PIA,81,McLaren,24.0,4.0,SOFT,10.0,False,,61.115,47.437,43.619,,1,,False,False,True,,,8.5,22.023809523809526,40.70119047619047,False,0.0,0.0,0.0,0.0,0.0,,92.7090512699069,
2026,Silverstone,FP1,PIA,81,McLaren,25.0,4.0,SOFT,11.0,False,130.229,63.0,39.164,28.065,,1,,False,True,True,,,8.5,22.023809523809526,40.70119047619047,False,0.0,0.0,0.0,0.0,0.0,130.229,92.7090512699069,37.51994873009312
2026,Silverstone,FP1,BEA,87,Haas F1 Team,1.0,1.0,HARD,1.0,True,,,44.411,37.576,,1,,False,True,True,,,8.5,22.023809523809526,40.70119047619047,False,0.0,0.0,0.0,0.0,0.0,,92.27598817187717,
2026,Silverstone,FP1,BEA,87,Haas F1 Team,2.0,1.0,HARD,2.0,True,95.523,30.863,38.575,26.085,,1,,True,False,True,,,8.5,22.023809523809526,40.70119047619047,False,0.0,0.0,0.0,0.0,0.0,95.523,92.27598817187717,3.2470118281228224
2026,Silverstone,FP1,BEA,87,Haas F1 Team,3.0,1.0,HARD,3.0,True,147.026,50.717,53.634,42.675,,1,,True,False,True,,,8.5,22.023809523809526,40.70119047619047,False,0.0,0.0,0.0,0.0,0.0,147.026,92.27598817187717,54.75001182812284
2026,Silverstone,FP1,BEA,87,Haas F1 Team,4.0,1.0,HARD,4.0,True,93.723,29.982,37.919,25.822,,1,,True,False,True,,,8.5,22.023809523809526,40.70119047619047,False,0.0,0.0,0.0,0.0,0.0,93.723,92.27598817187717,1.4470118281228252
2026,Silverstone,FP1,BEA,87,Haas F1 Team,5.0,1.0,HARD,5.0,True,,57.408,58.699,35.929,,1,,False,False,True,,,8.5,22.023809523809526,40.70119047619047,False,0.0,0.0,0.0,0.0,0.0,,92.27598817187717,
2026,Silverstone,FP1,BEA,87,Haas F1 Team,6.0,1.0,HARD,6.0,True,92.793,29.395,37.416,25.982,,1,,True,False,True,,,8.5,22.023809523809526,40.70119047619047,False,0.0,0.0,0.0,0.0,0.0,92.793,92.27598817187717,0.5170118281228326
2026,Silverstone,FP1,BEA,87,Haas F1 Team,7.0,1.0,HARD,7.0,True,,52.745,63.068,34.661,,1,,False,False,True,,,8.5,22.023809523809526,40.70119047619047,False,0.0,0.0,0.0,0.0,0.0,,92.27598817187717,
2026,Silverstone,FP1,BEA,87,Haas F1 Team,8.0,1.0,HARD,8.0,True,92.709,29.626,37.628,25.455,,1,,True,False,True,,,8.5,22.023809523809526,40.70119047619047,False,0.0,0.0,0.0,0.0,0.0,92.709,92.27598817187717,0.43301182812282946
2026,Silverstone,FP1,BEA,87,Haas F1 Team,9.0,1.0,HARD,9.0,True,105.684,36.337,41.484,27.863,,1,,False,True,True,,,8.5,22.023809523809526,40.70119047619047,False,0.0,0.0,0.0,0.0,0.0,105.684,92.27598817187717,13.408011828122824
2026,Silverstone,FP1,BEA,87,Haas F1 Team,10.0,2.0,HARD,10.0,False,,,39.466,26.629,,1,,False,True,True,,,8.5,22.023809523809526,40.70119047619047,False,0.0,0.0,0.0,0.0,0.0,,92.27598817187717,
2026,Silverstone,FP1,BEA,87,Haas F1 Team,11.0,2.0,HARD,11.0,False,94.833,30.244,38.318,26.271,,1,,True,False,True,,,8.5,22.023809523809526,40.70119047619047,False,0.0,0.0,0.0,0.0,0.0,94.833,92.27598817187717,2.5570118281228247
2026,Silverstone,FP1,BEA,87,Haas F1 Team,12.0,2.0,HARD,12.0,False,94.716,30.06,38.344,26.312,,1,,True,False,True,,,8.5,22.023809523809526,40.70119047619047,False,0.0,0.0,0.0,0.0,0.0,94.716,92.27598817187717,2.4400118281228202
2026,Silverstone,FP1,BEA,87,Haas F1 Team,13.0,2.0,HARD,13.0,False,94.314,30.02,38.09,26.204,,1,,True,False,True,,,8.5,22.023809523809526,40.70119047619047,False,0.0,0.0,0.0,0.0,0.0,94.314,92.27598817187717,2.0380118281228192
2026,Silverstone,FP1,BEA,87,Haas F1 Team,14.0,2.0,HARD,14.0,False,94.497,29.929,38.212,26.356,,1,,True,False,True,,,8.5,22.023809523809526,40.70119047619047,False,0.0,0.0,0.0,0.0,0.0,94.497,92.27598817187717,2.221011828122826
2026,Silverstone,FP1,BEA,87,Haas F1 Team,15.0,2.0,HARD,15.0,False,94.198,29.825,38.226,26.147,,1,,True,False,True,,,8.5,22.023809523809526,40.70119047619047,False,0.0,0.0,0.0,0.0,0.0,94.198,92.27598817187717,1.9220118281228196
2026,Silverstone,FP1,BEA,87,Haas F1 Team,16.0,2.0,HARD,16.0,False,95.375,30.75,38.387,26.238,,1,,True,False,True,,,8.5,22.023809523809526,40.70119047619047,False,0.0,0.0,0.0,0.0,0.0,95.375,92.27598817187717,3.0990118281228263
2026,Silverstone,FP1,BEA,87,Haas F1 Team,17.0,2.0,HARD,17.0,False,94.288,30.078,38.088,26.122,,12,,True,False,False,,,8.5,22.023809523809526,40.70119047619047,False,0.0,0.0,0.0,0.0,0.0,94.288,92.27598817187717,2.012011828122823
2026,Silverstone,FP1,BEA,87,Haas F1 Team,18.0,2.0,HARD,18.0,False,95.307,30.694,38.52,26.093,,1,,False,True,True,,,8.5,22.023809523809526,40.70119047619047,False,0.0,0.0,0.0,0.0,0.0,95.307,92.27598817187717,3.0310118281228284
2026,Silverstone,FP1,BEA,87,Haas F1 Team,19.0,3.0,SOFT,1.0,True,,,46.278,28.469,,1,,False,True,True,,,8.5,22.023809523809526,40.70119047619047,False,0.0,0.0,0.0,0.0,0.0,,92.7090512699069,
2026,Silverstone,FP1,BEA,87,Haas F1 Team,20.0,3.0,SOFT,2.0,True,91.709,29.13,37.234,25.345,,1,,True,False,True,,,8.5,22.023809523809526,40.70119047619047,False,0.0,0.0,0.0,0.0,0.0,91.709,92.7090512699069,-1.0000512699068906
2026,Silverstone,FP1,BEA,87,Haas F1 Team,21.0,3.0,SOFT,3.0,True,,59.65,66.044,38.76,,1,,False,True,True,,,8.5,22.023809523809526,40.70119047619047,False,0.0,0.0,0.0,0.0,0.0,,92.7090512699069,
2026,Silverstone,FP1,BEA,87,Haas F1 Team,22.0,4.0,SOFT,4.0,False,,,45.235,32.98,,1,,False,True,True,,,8.5,22.023809523809526,40.70119047619047,False,0.0,0.0,0.0,0.0,0.0,,92.7090512699069,
2026,Silverstone,FP1,BEA,87,Haas F1 Team,23.0,4.0,SOFT,5.0,False,91.373,29.179,36.822,25.372,,1,,True,False,True,,,8.5,22.023809523809526,40.70119047619047,False,0.0,0.0,0.0,0.0,0.0,91.373,92.7090512699069,-1.3360512699068892
2026,Silverstone,FP1,BEA,87,Haas F1 Team,24.0,4.0,SOFT,6.0,False,122.218,46.734,46.37,29.114,,1,,True,False,True,,,8.5,22.023809523809526,40.70119047619047,False,0.0,0.0,0.0,0.0,0.0,122.218,92.7090512699069,29.50894873009311
2026,Silverstone,FP1,BEA,87,Haas F1 Team,25.0,4.0,SOFT,7.0,False,123.025,38.725,43.185,41.115,,1,,True,False,True,,,8.5,22.023809523809526,40.70119047619047,False,0.0,0.0,0.0,0.0,0.0,123.025,92.7090512699069,30.315948730093112
2026,Silverstone,FP1,BEA,87,Haas F1 Team,26.0,4.0,SOFT,8.0,False,145.204,59.745,41.595,43.864,,1,,True,False,True,,,8.5,22.023809523809526,40.70119047619047,False,0.0,0.0,0.0,0.0,0.0,145.204,92.7090512699069,52.494948730093114
2026,Silverstone,FP1,BEA,87,Haas F1 Team,27.0,4.0,SOFT,9.0,False,130.662,57.2,38.269,35.193,,1,,False,True,True,,,8.5,22.023809523809526,40.70119047619047,False,0.0,0.0,0.0,0.0,0.0,130.662,92.7090512699069,37.95294873009311
2026,Monza,FP1,NOR,1,McLaren,1.0,1.0,MEDIUM,1.0,True,,,33.952,37.795,,1,,False,True,True,,,5.0,31.01875,51.34125,False,0.0,0.0,0.0,0.0,0.0,,86.9762749621723,
2026,Monza,FP1,NOR,1,McLaren,2.0,1.0,MEDIUM,2.0,True,87.76,27.926,30.546,29.288,,1,,True,False,True,,,5.0,31.01875,51.34125,False,0.0,0.0,0.0,0.0,0.0,87.76,86.9762749621723,0.7837250378277076
2026,Monza,FP1,NOR,1,McLaren,3.0,1.0,MEDIUM,3.0,True,126.524,37.564,50.339,38.621,,1,,True,False,True,,,5.0,31.01875,51.34125,False,0.0,0.0,0.0,0.0,0.0,126.524,86.9762749621723,39.5477250378277
2026,Monza,FP1,NOR,1,McLaren,4.0,1.0,MEDIUM,4.0,True,84.526,27.601,28.723,28.202,,1,,True,False,True,,,5.0,31.01875,51.34125,False,0.0,0.0,0.0,0.0,0.0,84.526,86.9762749621723,-2.4502749621723012
2026,Monza,FP1,NOR,1,McLaren,5.0,1.0,MEDIUM,5.0,True,,50.901,61.442,45.006,,1,,False,False,True,,,5.0,31.01875,51.34125,False,0.0,0.0,0.0,0.0,0.0,,86.9762749621723,
2026,Monza,FP1,NOR,1,McLaren,6.0,1.0,MEDIUM,6.0,True,84.194,27.529,28.527,28.138,,1,,True,False,True,,,5.0,31.01875,51.34125,False,0.0,0.0,0.0,0.0,0.0,84.194,86.9762749621723,-2.782274962172295
2026,Monza,FP1,NOR,1,McLaren,7.0,1.0,MEDIUM,7.0,True,144.42,48.253,55.013,41.154,,1,,True,False,True,,,5.0,31.01875,51.34125,False,0.0,0.0,0.0,0.0,0.0,144.42,86.9762749621723,57.44372503782769
2026,Monza,FP1,NOR,1,McLaren,8.0,1.0,MEDIUM,8.0,True,83.719,27.434,28.37,27.915,,1,,True,False,True,,,5.0,31.01875,51.34125,False,0.0,0.0,0.0,0.0,0.0,83.719,86.9762749621723,-3.2572749621723034
2026,Monza,FP1,NOR,1,McLaren,9.0,1.0,MEDIUM,9.0,True,127.715,29.355,44.984,53.376,,126,,False,True,False,,,5.0,31.01875,51.34125,False,0.0,0.0,0.0,0.0,0.0,127.715,86.9762749621723,40.738725037827706
2026,Monza,FP1,NOR,1,McLaren,10.0,2.0,SOFT,1.0,True,,,31.692,34.241,,1,,False,True,True,,,5.0,31.01875,51.34125,False,0.0,0.0,0.0,0.0,0.0,,87.82465681971678,
2026,Monza,FP1,NOR,1,McLaren,11.0,2.0,SOFT,2.0,True,84.621,27.441,28.283,28.897,,1,,True,False,True,,,5.0,31.01875,51.34125,False,0.0,0.0,0.0,0.0,0.0,84.621,87.82465681971678,-3.203656819716784
2026,Monza,FP1,NOR,1,McLaren,12.0,2.0,SOFT,3.0,True,134.91,44.419,54.417,36.074,,1,,True,False,True,,,5.0,31.01875,51.34125,False,0.0,0.0,0.0,0.0,0.0,134.91,87.82465681971678,47.08534318028322
2026,Monza,FP1,NOR,1,McLaren,13.0,2.0,SOFT,4.0,True,84.024,27.501,28.383,28.14,,1,,True,False,True,,,5.0,31.01875,51.34125,False,0.0,0.0,0.0,0.0,0.0,84.024,87.82465681971678,-3.800656819716778
2026,Monza,FP1,NOR,1,McLaren,14.0,2.0,SOFT,5.0,True,112.64,39.765,37.117,35.758,,1,,False,True,True,,,5.0,31.01875,51.34125,False,0.0,0.0,0.0,0.0,0.0,112.64,87.82465681971678,24.81534318028322
2026,Monza,FP1,NOR,1,McLaren,15.0,3.0,MEDIUM,10.0,False,,,29.984,28.233,,1,,False,True,True,,,5.0,31.01875,51.34125,False,0.0,0.0,0.0,0.0,0.0,,86.9762749621723,
2026,Monza,FP1,NOR,1,McLaren,16.0,3.0,MEDIUM,11.0,False,86.744,28.625,29.315,28.804,,1,,True,False,True,,,5.0,31.01875,51.34125,False,0.0,0.0,0.0,0.0,0.0,86.744,86.9762749621723,-0.2322749621722977
2026,Monza,FP1,NOR,1,McLaren,17.0,3.0,MEDIUM,12.0,False,86.305,28.446,29.263,28.596,,1,,True,False,True,,,5.0,31.01875,51.34125,False,0.0,0.0,0.0,0.0,0.0,86.305,86.9762749621723,-0.6712749621722907
2026,Monza,FP1,NOR,1,McLaren,18.0,3.0,MEDIUM,13.0,False,86.517,28.456,29.445,28.616,,1,,True,False,True,,,5.0,31.01875,51.34125,False,0.0,0.0,0.0,0.0,0.0,86.517,86.9762749621723,-0.45927496217230157
2026,Monza,FP1,NOR,1,McLaren,19.0,3.0,MEDIUM,14.0,False,87.06,29.005,29.642,28.413,,1,,True,False,True,,,5.0,31.01875,51.34125,False,0.0,0.0,0.0,0.0,0.0,87.06,86.9762749621723,0.0837250378277048
2026,Monza,FP1,NOR,1,McLaren,20.0,3.0,MEDIUM,15.0,False,86.21,28.203,29.476,28.531,,1,,True,False,True,,,5.0,31.01875,51.34125,False,0.0,0.0,0.0,0.0,0.0,86.21,86.9762749621723,-0.7662749621723037
2026,Monza,FP1,NOR,1,McLaren,21.0,3.0,MEDIUM,16.0,False,86.248,28.02,29.601,28.627,,1,,True,False,True,,,5.0,31.01875,51.34125,False,0.0,0.0,0.0,0.0,0.0,86.248,86.9762749621723,-0.7282749621722928
2026,Monza,FP1,NOR,1,McLaren,22.0,3.0,MEDIUM,17.0,False,86.954,28.552,29.574,28.828,,1,,True,False,True,,,5.0,31.01875,51.34125,False,0.0,0.0,0.0,0.0,0.0,86.954,86.9762749621723,-0.022274962172303958
2026,Monza,FP1,NOR,1,McLaren,23.0,3.0,MEDIUM,18.0,False,93.33,28.585,29.569,35.176,,1,,False,True,True,,,5.0,31.01875,51.34125,False,0.0,0.0,0.0,0.0,0.0,93.33,86.9762749621723,6.353725037827701
2026,Monza,FP1,NOR,1,McLaren,24.0,4.0,SOFT,6.0,False,110.952,52.042,30.071,28.839,,1,,False,True,True,,,5.0,31.01875,51.34125,False,0.0,0.0,0.0,0.0,0.0,110.952,87.82465681971678,23.12734318028322
2026,Monza,FP1,NOR,1,McLaren,25.0,4.0,SOFT,7.0,False,114.774,33.198,37.384,44.192,,1,,True,False,True,,,5.0,31.01875,51.34125,False,0.0,0.0,0.0,0.0,0.0,114.774,87.82465681971678,26.949343180283222
2026,Monza,FP1,NOR,1,McLaren,26.0,4.0,SOFT,8.0,False,147.321,68.283,34.607,44.431,,1,,False,True,True,,,5.0,31.01875,51.34125,False,0.0,0.0,0.0,0.0,0.0,147.321,87.82465681971678,59.49634318028322
2026,Monza,FP1,BOR,5,Audi,1.0,1.0,MEDIUM,1.0,True,,,34.292,33.493,,1,,False,True,True,,,5.0,31.01875,51.34125,False,0.0,0.0,0.0,0.0,0.0,,86.9762749621723,
2026,Monza,FP1,BOR,5,Audi,2.0,1.0,MEDIUM,2.0,True,104.858,31.776,33.89,39.192,,1,,False,True,True,,,5.0,31.01875,51.34125,False,0.0,0.0,0.0,0.0,0.0,104.858,86.9762749621723,17.881725037827707
2026,Monza,FP1,BOR,5,Audi,3.0,2.0,MEDIUM,3.0,False,,,33.027,32.619,,1,,False,True,True,,,5.0,31.01875,51.34125,False,0.0,0.0,0.0,0.0,0.0,,86.9762749621723,
2026,Monza,FP1,BOR,5,Audi,4.0,2.0,MEDIUM,4.0,False,86.307,28.107,29.182,29.018,,1,,True,False,True,,,5.0,31.01875,51.34125,False,0.0,0.0,0.0,0.0,0.0,86.307,86.9762749621723,-0.6692749621722953
2026,Monza,FP1,BOR,5,Audi,5.0,2.0,MEDIUM,5.0,False,132.267,42.507,48.476,41.284,,12,,True,False,False,,,5.0,31.01875,51.34125,False,0.0,0.0,0.0,0.0,0.0,132.267,86.9762749621723,45.2907250378277
2026,Monza,FP1,BOR,5,Audi,6.0,2.0,MEDIUM,6.0,False,,28.358,76.813,,,2651,,False,True,False,,,5.0,31.01875,51.34125,False,0.0,0.0,0.0,0.0,0.0,,86.9762749621723,
2026,Monza,FP1,BOR,5,Audi,7.0,3.0,MEDIUM,7.0,False,,,33.127,36.59,,1,,False,True,True,,,5.0,31.01875,51.34125,False,0.0,0.0,0.0,0.0,0.0,,86.9762749621723,
2026,Monza,FP1,BOR,5,Audi,8.0,3.0,MEDIUM,8.0,False,84.599,27.795,28.648,28.156,,1,,True,False,True,,,5.0,31.01875,51.34125,False,0.0,0.0,0.0,0.0,0.0,84.599,86.9762749621723,-2.3772749621722937
2026,Monza,FP1,BOR,5,Audi,9.0,3.0,MEDIUM,9.0,False,141.124,43.695,59.299,38.13,,1,,True,False,True,,,5.0,31.01875,51.34125,False,0.0,0.0,0.0,0.0,0.0,141.124,86.9762749621723,54.1477250378277
2026,Monza,FP1,BOR,5,Audi,10.0,3.0,MEDIUM,10.0,False,85.296,27.982,28.743,28.571,,1,,True,False,True,,,5.0,31.01875,51.34125,False,0.0,0.0,0.0,0.0,0.0,85.296,86.9762749621723,-1.680274962172291
2026,Monza,FP1,BOR,5,Audi,11.0,3.0,MEDIUM,11.0,False,93.018,29.347,29.313,34.358,,1,,False,True,True,,,5.0,31.01875,51.34125,False,0.0,0.0,0.0,0.0,0.0,93.018,86.9762749621723,6.041725037827703
2026,Monza,FP1,BOR,5,Audi,12.0,4.0,SOFT,1.0,True,,,35.104,33.992,,1,,False,True,True,,,5.0,31.01875,51.34125,False,0.0,0.0,0.0,0.0,0.0,,87.82465681971678,
2026,Monza,FP1,BOR,5,Audi,13.0,4.0,SOFT,2.0,True,84.006,27.854,28.219,27.933,,1,,True,False,True,,,5.0,31.01875,51.34125,False,0.0,0.0,0.0,0.0,0.0,84.006,87.82465681971678,-3.8186568197167787
2026,Monza,FP1,BOR,5,Audi,14.0,4.0,SOFT,3.0,True,92.309,32.674,31.04,28.595,,1,,True,False,True,,,5.0,31.01875,51.34125,False,0.0,0.0,0.0,0.0,0.0,92.309,87.82465681971678,4.4843431802832185
2026,Monza,FP1,BOR,5,Audi,15.0,4.0,SOFT,4.0,True,86.497,28.591,29.211,28.695,,1,,True,False,True,,,5.0,31.01875,51.34125,False,0.0,0.0,0.0,0.0,0.0,86.497,87.82465681971678,-1.327656819716779
2026,Monza,FP1,BOR,5,Audi,16.0,4.0,SOFT,5.0,True,85.963,28.689,29.052,28.222,,1,,True,False,True,,,5.0,31.01875,51.34125,False,0.0,0.0,0.0,0.0,0.0,85.963,87.82465681971678,-1.861656819716785
2026,Monza,FP1,BOR,5,Audi,17.0,4.0,SOFT,6.0,True,86.392,28.471,29.373,28.548000000000002,,1,,True,False,True,,,5.0,31.01875,51.34125,False,0.0,0.0,0.0,0.0,0.0,86.392,87.82465681971678,-1.432656819716783
2026,Monza,FP1,BOR,5,Audi,18.0,4.0,SOFT,7.0,True,85.27,28.065,29.034,28.171,,1,,True,False,True,,,5.0,31.01875,51.34125,False,0.0,0.0,0.0,0.0,0.0,85.27,87.82465681971678,-2.554656819716783
2026,Monza,FP1,BOR,5,Audi,19.0,4.0,SOFT,8.0,True,85.38,27.937,29.049,28.394,,1,,True,False,True,,,5.0,31.01875,51.34125,False,0.0,0.0,0.0,0.0,0.0,85.38,87.82465681971678,-2.4446568197167835
2026,Monza,FP1,BOR,5,Audi,20.0,4.0,SOFT,9.0,True,134.829,36.968,43.721,54.14,,1,,True,False,True,,,5.0,31.01875,51.34125,False,0.0,0.0,0.0,0.0,0.0,134.829,87.82465681971678,47.00434318028323
2026,Monza,FP1,BOR,5,Audi,21.0,4.0,SOFT,10.0,True,131.354,63.344,29.393,38.617,,1,,False,True,True,,,5.0,31.01875,51.34125,False,0.0,0.0,0.0,0.0,0.0,131.354,87.82465681971678,43.529343180283234
2026,Monza,FP1,ANT,12,Mercedes,1.0,1.0,MEDIUM,1.0,True,,,37.905,34.163,,1,,False,True,True,,,5.0,31.01875,51.34125,False,0.0,0.0,0.0,0.0,0.0,,86.9762749621723,
2026,Monza,FP1,ANT,12,Mercedes,2.0,1.0,MEDIUM,2.0,True,110.23,31.728,43.798,34.704,,1,,True,False,True,,,5.0,31.01875,51.34125,False,0.0,0.0,0.0,0.0,0.0,110.23,86.9762749621723,23.253725037827707
2026,Monza,FP1,ANT,12,Mercedes,3.0,1.0,MEDIUM,3.0,True,85.637,27.811,28.943,28.883,,1,,True,False,True,,,5.0,31.01875,51.34125,False,0.0,0.0,0.0,0.0,0.0,85.637,86.9762749621723,-1.339274962172297
2026,Monza,FP1,ANT,12,Mercedes,4.0,1.0,MEDIUM,4.0,True,131.473,49.004,48.56,33.909,,1,,True,False,True,,,5.0,31.01875,51.34125,False,0.0,0.0,0.0,0.0,0.0,131.473,86.9762749621723,44.496725037827716
2026,Monza,FP1,ANT,12,Mercedes,5.0,1.0,MEDIUM,5.0,True,84.515,27.348,28.604,28.563,,1,,True,False,True,,,5.0,31.01875,51.34125,False,0.0,0.0,0.0,0.0,0.0,84.515,86.9762749621723,-2.461274962172297
2026,Monza,FP1,ANT,12,Mercedes,6.0,1.0,MEDIUM,6.0,True,116.994,38.655,40.094,38.245,,1,,False,True,True,,,5.0,31.01875,51.34125,False,0.0,0.0,0.0,0.0,0.0,116.994,86.9762749621723,30.017725037827702
2026,Monza,FP1,ANT,12,Mercedes,7.0,2.0,SOFT,1.0,True,,,73.35,,,1265,,False,True,False,,,5.0,31.01875,51.34125,False,0.0,0.0,0.0,0.0,0.0,,87.82465681971678,
2026,Monza,FP1,ANT,12,Mercedes,8.0,3.0,SOFT,2.0,False,,,32.947,31.696,,1,,False,True,True,,,5.0,31.01875,51.34125,False,0.0,0.0,0.0,0.0,0.0,,87.82465681971678,
2026,Monza,FP1,ANT,12,Mercedes,9.0,3.0,SOFT,3.0,False,83.644,27.277,28.205,28.162,,1,,True,False,True,,,5.0,31.01875,51.34125,False,0.0,0.0,0.0,0.0,0.0,83.644,87.82465681971678,-4.1806568197167735
2026,Monza,FP1,ANT,12,Mercedes,10.0,3.0,SOFT,4.0,False,106.735,36.111,34.721,35.903,,1,,False,True,True,,,5.0,31.01875,51.34125,False,0.0,0.0,0.0,0.0,0.0,106.735,87.82465681971678,18.91034318028322
2026,Monza,FP1,ANT,12,Mercedes,11.0,4.0,MEDIUM,7.0,False,,,30.282,28.782,,1,,False,True,True,,,5.0,31.01875,51.34125,False,0.0,0.0,0.0,0.0,0.0,,86.9762749621723,
2026,Monza,FP1,ANT,12,Mercedes,12.0,4.0,MEDIUM,8.0,False,87.372,28.524,29.839,29.009,,1,,True,False,True,,,5.0,31.01875,51.34125,False,0.0,0.0,0.0,0.0,0.0,87.372,86.9762749621723,0.3957250378277024
2026,Monza,FP1,ANT,12,Mercedes,13.0,4.0,MEDIUM,9.0,False,87.201,28.785,29.641,28.775,,1,,True,False,True,,,5.0,31.01875,51.34125,False,0.0,0.0,0.0,0.0,0.0,87.201,86.9762749621723,0.22472503782769593
2026,Monza,FP1,ANT,12,Mercedes,14.0,4.0,MEDIUM,10.0,False,86.973,28.775,29.526,28.672,,1,,True,False,True,,,5.0,31.01875,51.34125,False,0.0,0.0,0.0,0.0,0.0,86.973,86.9762749621723,-0.003274962172298501
2026,Monza,FP1,ANT,12,Mercedes,15.0,4.0,MEDIUM,11.0,False,86.541,28.646,29.423,28.472,,1,,True,False,True,,,5.0,31.01875,51.34125,False,0.0,0.0,0.0,0.0,0.0,86.541,86.9762749621723,-0.43527496217230066
2026,Monza,FP1,ANT,12,Mercedes,16.0,4.0,MEDIUM,12.0,False,86.639,28.631,29.437,28.571,,1,,True,False,True,,,5.0,31.01875,51.34125,False,0.0,0.0,0.0,0.0,0.0,86.639,86.9762749621723,-0.3372749621723017
2026,Monza,FP1,ANT,12,Mercedes,17.0,4.0,MEDIUM,13.0,False,86.303,28.56,29.35,28.393,,1,,True,False,True,,,5.0,31.01875,51.34125,False,0.0,0.0,0.0,0.0,0.0,86.303,86.9762749621723,-0.6732749621723002
2026,Monza,FP1,ANT,12,Mercedes,18.0,4.0,MEDIUM,14.0,False,86.292,28.398,29.47,28.424,,1,,True,False,True,,,5.0,31.01875,51.34125,False,0.0,0.0,0.0,0.0,0.0,86.292,86.9762749621723,-0.6842749621722959
2026,Monza,FP1,ANT,12,Mercedes,19.0,4.0,MEDIUM,15.0,False,85.972,28.286,29.327,28.359,,1,,True,False,True,,,5.0,31.01875,51.34125,False,0.0,0.0,0.0,0.0,0.0,85.972,86.9762749621723,-1.0042749621723033
2026,Monza,FP1,ANT,12,Mercedes,20.0,4.0,MEDIUM,16.0,False,86.21,28.377,29.506,28.327,,1,,True,False,True,,,5.0,31.01875,51.34125,False,0.0,0.0,0.0,0.0,0.0,86.21,86.9762749621723,-0.7662749621723037
2026,Monza,FP1,ANT,12,Mercedes,21.0,4.0,MEDIUM,17.0,False,86.202,28.228,29.498,28.476,,1,,True,False,True,,,5.0,31.01875,51.34125,False,0.0,0.0,0.0,0.0,0.0,86.202,86.9762749621723,-0.7742749621722993
2026,Monza,FP1,ANT,12,Mercedes,22.0,4.0,MEDIUM,18.0,False,85.821,28.277,29.297,28.247,,1,,True,False,True,,,5.0,31.01875,51.34125,False,0.0,0.0,0.0,0.0,0.0,85.821,86.9762749621723,-1.1552749621722995
2026,Monza,FP1,ANT,12,Mercedes,23.0,4.0,MEDIUM,19.0,False,86.298,28.307,29.619,28.372,,1,,True,False,True,,,5.0,31.01875,51.34125,False,0.0,0.0,0.0,0.0,0.0,86.298,86.9762749621723,-0.6782749621722957
2026,Monza,FP1,ANT,12,Mercedes,24.0,4.0,MEDIUM,20.0,False,96.23,28.297,30.169,37.764,,1,,False,True,True,,,5.0,31.01875,51.34125,False,0.0,0.0,0.0,0.0,0.0,96.23,86.9762749621723,9.253725037827707
2026,Monza,FP1,ANT,12,Mercedes,25.0,5.0,SOFT,5.0,False,,,38.432,35.34,,1,,False,True,True,,,5.0,31.01875,51.34125,False,0.0,0.0,0.0,0.0,0.0,,87.82465681971678,
2026,Monza,FP1,ANT,12,Mercedes,26.0,5.0,SOFT,6.0,False,111.408,33.718,33.217,44.473,,1,,True,False,True,,,5.0,31.01875,51.34125,False,0.0,0.0,0.0,0.0,0.0,111.408,87.82465681971678,23.583343180283222
2026,Monza,FP1,ANT,12,Mercedes,27.0,5.0,SOFT,7.0,False,149.29,79.112,30.494,39.684,,1,,False,True,True,,,5.0,31.01875,51.34125,False,0.0,0.0,0.0,0.0,0.0,149.29,87.82465681971678,61.46534318028321
2026,Monza,FP1,ALO,14,Aston Martin,1.0,1.0,HARD,1.0,True,,,34.61,32.987,,1,,False,True,True,,,5.0,31.01875,51.34125,False,0.0,0.0,0.0,0.0,0.0,,87.39159372168704,
2026,Monza,FP1,ALO,14,Aston Martin,2.0,1.0,HARD,2.0,True,100.083,31.898,36.568,31.617,,1,,True,False,True,,,5.0,31.01875,51.34125,False,0.0,0.0,0.0,0.0,0.0,100.083,87.39159372168704,12.691406278312954
2026,Monza,FP1,ALO,14,Aston Martin,3.0,1.0,HARD,3.0,True,111.875,31.873,38.65,41.352,,1,,False,True,True,,,5.0,31.01875,51.34125,False,0.0,0.0,0.0,0.0,0.0,111.875,87.39159372168704,24.483406278312955
2026,Monza,FP1,ALO,14,Aston Martin,4.0,2.0,HARD,4.0,False,,,37.922,39.292,,126,,False,True,False,,,5.0,31.01875,51.34125,False,0.0,0.0,0.0,0.0,0.0,,87.39159372168704,
2026,Monza,FP1,ALO,14,Aston Martin,5.0,2.0,HARD,5.0,False,,40.918,,,,6512,,False,True,False,,,5.0,31.01875,51.34125,False,0.0,0.0,0.0,0.0,0.0,,87.39159372168704,
2026,Monza,FP1,ALO,14,Aston Martin,6.0,3.0,HARD,6.0,False,,,32.717,31.314,,1,,False,True,True,,,5.0,31.01875,51.34125,False,0.0,0.0,0.0,0.0,0.0,,87.39159372168704,
2026,Monza,FP1,ALO,14,Aston Martin,7.0,3.0,HARD,7.0,False,88.728,29.004,30.355,29.369,,1,,True,False,True,,,5.0,31.01875,51.34125,False,0.0,0.0,0.0,0.0,0.0,88.728,87.39159372168704,1.3364062783129498
2026,Monza,FP1,ALO,14,Aston Martin,8.0,3.0,HARD,8.0,False,110.09,36.728,40.399,32.963,,1,,True,False,True,,,5.0,31.01875,51.34125,False,0.0,0.0,0.0,0.0,0.0,110.09,87.39159372168704,22.69840627831296
2026,Monza,FP1,ALO,14,Aston Martin,9.0,3.0,HARD,9.0,False,87.393,28.683,29.674,29.036,,1,,True,False,True,,,5.0,31.01875,51.34125,False,0.0,0.0,0.0,0.0,0.0,87.393,87.39159372168704,0.001406278312956033
2026,Monza,FP1,ALO,14,Aston Martin,10.0,3.0,HARD,10.0,False,115.464,38.869,39.894,36.701,,1,,True,False,True,,,5.0,31.01875,51.34125,False,0.0,0.0,0.0,0.0,0.0,115.464,87.39159372168704,28.072406278312954
2026,Monza,FP1,ALO,14,Aston Martin,11.0,3.0,HARD,11.0,False,86.143,28.275,29.177,28.691,,1,,True,False,True,,,5.0,31.01875,51.34125,False,0.0,0.0,0.0,0.0,0.0,86.143,87.39159372168704,-1.248593721687044
2026,Monza,FP1,ALO,14,Aston Martin,12.0,3.0,HARD,12.0,False,110.778,35.635,36.262,38.881,,1,,False,True,True,,,5.0,31.01875,51.34125,False,0.0,0.0,0.0,0.0,0.0,110.778,87.39159372168704,23.38640627831296
2026,Monza,FP1,ALO,14,Aston Martin,13.0,4.0,MEDIUM,1.0,True,,,34.193,31.772,,1,,False,True,True,,,5.0,31.01875,51.34125,False,0.0,0.0,0.0,0.0,0.0,,86.9762749621723,
2026,Monza,FP1,ALO,14,Aston Martin,14.0,4.0,MEDIUM,2.0,True,85.78,28.088,29.162,28.53,,1,,True,False,True,,,5.0,31.01875,51.34125,False,0.0,0.0,0.0,0.0,0.0,85.78,86.9762749621723,-1.1962749621722963
2026,Monza,FP1,ALO,14,Aston Martin,15.0,4.0,MEDIUM,3.0,True,143.96,50.438,47.725,45.797,,1,,False,True,True,,,5.0,31.01875,51.34125,False,0.0,0.0,0.0,0.0,0.0,143.96,86.9762749621723,56.98372503782771
2026,Monza,FP1,ALO,14,Aston Martin,16.0,5.0,MEDIUM,4.0,False,121.02,49.553,34.659,36.808,,1,,False,True,True,,,5.0,31.01875,51.34125,False,0.0,0.0,0.0,0.0,0.0,121.02,86.9762749621723,34.0437250378277
2026,Monza,FP1,ALO,14,Aston Martin,17.0,5.0,MEDIUM,5.0,False,86.254,28.266,29.217,28.771,,1,,True,False,True,,,5.0,31.01875,51.34125,False,0.0,0.0,0.0,0.0,0.0,86.254,86.9762749621723,-0.7222749621722926
2026,Monza,FP1,ALO,14,Aston Martin,18.0,5.0,MEDIUM,6.0,False,113.369,34.936,38.99,39.443,,1,,True,False,True,,,5.0,31.01875,51.34125,False,0.0,0.0,0.0,0.0,0.0,113.369,86.9762749621723,26.392725037827702
2026,Monza,FP1,ALO,14,Aston Martin,19.0,5.0,MEDIUM,7.0,False,86.072,28.122,29.13,28.82,,1,,True,False,True,,,5.0,31.01875,51.34125,False,0.0,0.0,0.0,0.0,0.0,86.072,86.9762749621723,-0.9042749621722947
2026,Monza,FP1,ALO,14,Aston Martin,20.0,5.0,MEDIUM,8.0,False,123.868,38.976,34.872,50.02,,1,,True,False,True,,,5.0,31.01875,51.34125,False,0.0,0.0,0.0,0.0,0.0,123.868,86.9762749621723,36.8917250378277
2026,Monza,FP1,ALO,14,Aston Martin,21.0,5.0,MEDIUM,9.0,False,,80.244,32.661,45.669,,1,,False,True,True,,,5.0,31.01875,51.34125,False,0.0,0.0,0.0,0.0,0.0,,86.9762749621723,
2026,Monza,FP1,LEC,16,Ferrari,1.0,1.0,HARD,1.0,True,,,35.728,38.77,,1,,False,True,True,,,5.0,31.01875,51.34125,False,0.0,0.0,0.0,0.0,0.0,,87.39159372168704,
2026,Monza,FP1,LEC,16,Ferrari,2.0,1.0,HARD,2.0,True,86.873,28.391,29.504,28.978,,1,,True,False,True,,,5.0,31.01875,51.34125,False,0.0,0.0,0.0,0.0,0.0,86.873,87.39159372168704,-0.51859372168704
2026,Monza,FP1,LEC,16,Ferrari,3.0,1.0,HARD,3.0,True,124.855,41.577,48.567,34.711,,1,,True,False,True,,,5.0,31.01875,51.34125,False,0.0,0.0,0.0,0.0,0.0,124.855,87.39159372168704,37.46340627831296
2026,Monza,FP1,LEC,16,Ferrari,4.0,1.0,HARD,4.0,True,84.482,27.76,28.541,28.181,,1,,True,False,True,,,5.0,31.01875,51.34125,False,0.0,0.0,0.0,0.0,0.0,84.482,87.39159372168704,-2.9095937216870453
2026,Monza,FP1,LEC,16,Ferrari,5.0,1.0,HARD,5.0,True,131.801,42.126,50.304,39.371,,1,,True,False,True,,,5.0,31.01875,51.34125,False,0.0,0.0,0.0,0.0,0.0,131.801,87.39159372168704,44.40940627831294
2026,Monza,FP1,LEC,16,Ferrari,6.0,1.0,HARD,6.0,True,93.906,27.831,31.041,35.034,,1,,True,False,True,,,5.0,31.01875,51.34125,False,0.0,0.0,0.0,0.0,0.0,93.906,87.39159372168704,6.514406278312961
2026,Monza,FP1,LEC,16,Ferrari,7.0,1.0,HARD,7.0,True,104.142,27.504,36.333,40.305,,1,,True,False,True,,,5.0,31.01875,51.34125,False,0.0,0.0,0.0,0.0,0.0,104.142,87.39159372168704,16.75040627831295
2026,Monza,FP1,LEC,16,Ferrari,8.0,1.0,HARD,8.0,True,110.407,27.456,39.62,43.331,,1,,True,False,True,,,5.0,31.01875,51.34125,False,0.0,0.0,0.0,0.0,0.0,110.407,87.39159372168704,23.015406278312952
2026,Monza,FP1,LEC,16,Ferrari,9.0,1.0,HARD,9.0,True,84.023,27.525,28.414,28.084,,1,,True,False,True,,,5.0,31.01875,51.34125,False,0.0,0.0,0.0,0.0,0.0,84.023,87.39159372168704,-3.3685937216870485
2026,Monza,FP1,LEC,16,Ferrari,10.0,1.0,HARD,10.0,True,137.575,36.193,42.565,58.817,,126,,False,True,False,,,5.0,31.01875,51.34125,False,0.0,0.0,0.0,0.0,0.0,137.575,87.39159372168704,50.183406278312944
2026,Monza,FP1,LEC,16,Ferrari,11.0,2.0,MEDIUM,1.0,True,,,33.935,32.562,,1,,False,True,True,,,5.0,31.01875,51.34125,False,0.0,0.0,0.0,0.0,0.0,,86.9762749621723,
2026,Monza,FP1,LEC,16,Ferrari,12.0,2.0,MEDIUM,2.0,True,83.008,27.224,28.105,27.679,,1,,True,False,True,,,5.0,31.01875,51.34125,False,0.0,0.0,0.0,0.0,0.0,83.008,86.9762749621723,-3.968274962172302
2026,Monza,FP1,LEC,16,Ferrari,13.0,2.0,MEDIUM,3.0,True,136.759,43.298,53.665,39.796,,1,,True,False,True,,,5.0,31.01875,51.34125,False,0.0,0.0,0.0,0.0,0.0,136.759,86.9762749621723,49.78272503782769
2026,Monza,FP1,LEC,16,Ferrari,14.0,2.0,MEDIUM,4.0,True,107.753,27.396,42.802,37.555,,1,,True,False,True,,,5.0,31.01875,51.34125,False,0.0,0.0,0.0,0.0,0.0,107.753,86.9762749621723,20.776725037827703
2026,Monza,FP1,LEC,16,Ferrari,15.0,2.0,MEDIUM,5.0,True,97.697,27.394,28.733,41.57,,1,,False,True,True,,,5.0,31.01875,51.34125,False,0.0,0.0,0.0,0.0,0.0,97.697,86.9762749621723,10.720725037827705
2026,Monza,FP1,LEC,16,Ferrari,16.0,3.0,MEDIUM,6.0,False,145.45,73.997,33.412,38.041,,1,,False,True,True,,,5.0,31.01875,51.34125,False,0.0,0.0,0.0,0.0,0.0,145.45,86.9762749621723,58.47372503782769
2026,Monza,FP1,LEC,16,Ferrari,17.0,4.0,MEDIUM,7.0,False,,,30.735,28.792,,1,,False,True,True,,,5.0,31.01875,51.34125,False,0.0,0.0,0.0,0.0,0.0,,86.9762749621723,
2026,Monza,FP1,LEC,16,Ferrari,18.0,4.0,MEDIUM,8.0,False,86.923,28.273,29.877,28.773,,1,,True,False,True,,,5.0,31.01875,51.34125,False,0.0,0.0,0.0,0.0,0.0,86.923,86.9762749621723,-0.05327496217229566
2026,Monza,FP1,LEC,16,Ferrari,19.0,4.0,MEDIUM,9.0,False,86.429,28.58,29.335,28.514,,1,,True,False,True,,,5.0,31.01875,51.34125,False,0.0,0.0,0.0,0.0,0.0,86.429,86.9762749621723,-0.5472749621722954
2026,Monza,FP1,LEC,16,Ferrari,20.0,4.0,MEDIUM,10.0,False,86.705,28.803,29.379,28.523,,1,,True,False,True,,,5.0,31.01875,51.34125,False,0.0,0.0,0.0,0.0,0.0,86.705,86.9762749621723,-0.2712749621722992
2026,Monza,FP1,LEC,16,Ferrari,21.0,4.0,MEDIUM,11.0,False,86.962,28.657,29.735,28.57,,1,,True,False,True,,,5.0,31.01875,51.34125,False,0.0,0.0,0.0,0.0,0.0,86.962,86.9762749621723,-0.014274962172294181
2026,Monza,FP1,LEC,16,Ferrari,22.0,4.0,MEDIUM,12.0,False,86.425,28.609,29.381,28.435,,1,,True,False,True,,,5.0,31.01875,51.34125,False,0.0,0.0,0.0,0.0,0.0,86.425,86.9762749621723,-0.5512749621723003
2026,Monza,FP1,LEC,16,Ferrari,23.0,4.0,MEDIUM,13.0,False,86.636,28.408,29.998,28.23,,1,,True,False,True,,,5.0,31.01875,51.34125,False,0.0,0.0,0.0,0.0,0.0,86.636,86.9762749621723,-0.3402749621723018
2026,Monza,FP1,LEC,16,Ferrari,24.0,4.0,MEDIUM,14.0,False,86.405,27.667,29.947,28.791,,1,,True,False,True,,,5.0,31.01875,51.34125,False,0.0,0.0,0.0,0.0,0.0,86.405,86.9762749621723,-0.5712749621722963
2026,Monza,FP1,LEC,16,Ferrari,25.0,4.0,MEDIUM,15.0,False,86.282,28.463,29.365,28.454,,1,,True,False,True,,,5.0,31.01875,51.34125,False,0.0,0.0,0.0,0.0,0.0,86.282,86.9762749621723,-0.694274962172301
2026,Monza,FP1,LEC,16,Ferrari,26.0,4.0,MEDIUM,16.0,False,85.936,27.939,29.432,28.565,,1,,True,False,True,,,5.0,31.01875,51.34125,False,0.0,0.0,0.0,0.0,0.0,85.936,86.9762749621723,-1.0402749621722904
2026,Monza,FP1,LEC,16,Ferrari,27.0,4.0,MEDIUM,17.0,False,86.153,28.372,29.434,28.347,,1,,True,False,True,,,5.0,31.01875,51.34125,False,0.0,0.0,0.0,0.0,0.0,86.153,86.9762749621723,-0.8232749621722917
2026,Monza,FP1,LEC,16,Ferrari,28.0,4.0,MEDIUM,18.0,False,142.734,41.95,46.947,53.837,,1,,True,False,True,,,5.0,31.01875,51.34125,False,0.0,0.0,0.0,0.0,0.0,142.734,86.9762749621723,55.75772503782771
2026,Monza,FP1,LEC,16,Ferrari,29.0,4.0,MEDIUM,19.0,False,,74.612,37.476,38.6,,1,,False,True,True,,,5.0,31.01875,51.34125,False,0.0,0.0,0.0,0.0,0.0,,86.9762749621723,
2026,Monza,FP1,STR,18,Aston Martin,1.0,1.0,HARD,1.0,True,,,34.018,33.329,,1,,False,True,True,,,5.0,31.01875,51.34125,False,0.0,0.0,0.0,0.0,0.0,,87.39159372168704,
2026,Monza,FP1,STR,18,Aston Martin,2.0,1.0,HARD,2.0,True,89.365,29.191,30.513,29.661,,1,,True,False,True,,,5.0,31.01875,51.34125,False,0.0,0.0,0.0,0.0,0.0,89.365,87.39159372168704,1.9734062783129502
2026,Monza,FP1,STR,18,Aston Martin,3.0,1.0,HARD,3.0,True,111.061,33.839,41.533,35.689,,1,,True,False,True,,,5.0,31.01875,51.34125,False,0.0,0.0,0.0,0.0,0.0,111.061,87.39159372168704,23.669406278312962
2026,Monza,FP1,STR,18,Aston Martin,4.0,1.0,HARD,4.0,True,87.309,28.661,29.725,28.923000000000002,,1,,True,False,True,,,5.0,31.01875,51.34125,False,0.0,0.0,0.0,0.0,0.0,87.309,87.39159372168704,-0.08259372168704715
2026,Monza,FP1,STR,18,Aston Martin,5.0,1.0,HARD,5.0,True,114.29,34.854,41.081,38.355,,1,,True,False,True,,,5.0,31.01875,51.34125,False,0.0,0.0,0.0,0.0,0.0,114.29,87.39159372168704,26.89840627831296
2026,Monza,FP1,STR,18,Aston Martin,6.0,1.0,HARD,6.0,True,87.329,28.677,29.533,29.119,,1,,True,False,True,,,5.0,31.01875,51.34125,False,0.0,0.0,0.0,0.0,0.0,87.329,87.39159372168704,-0.06259372168705113
2026,Monza,FP1,STR,18,Aston Martin,7.0,1.0,HARD,7.0,True,119.508,35.582,39.565,44.361,,1,,True,False,True,,,5.0,31.01875,51.34125,False,0.0,0.0,0.0,0.0,0.0,119.508,87.39159372168704,32.11640627831295
2026,Monza,FP1,STR,18,Aston Martin,8.0,1.0,HARD,8.0,True,86.812,28.576,29.324,28.912,,1,,True,False,True,,,5.0,31.01875,51.34125,False,0.0,0.0,0.0,0.0,0.0,86.812,87.39159372168704,-0.579593721687047
2026,Monza,FP1,STR,18,Aston Martin,9.0,1.0,HARD,9.0,True,142.925,39.087,56.371,47.467,,126,,False,True,False,,,5.0,31.01875,51.34125,False,0.0,0.0,0.0,0.0,0.0,142.925,87.39159372168704,55.53340627831297
2026,Monza,FP1,STR,18,Aston Martin,10.0,2.0,MEDIUM,1.0,True,,,33.434,31.918,,1,,False,True,True,,,5.0,31.01875,51.34125,False,0.0,0.0,0.0,0.0,0.0,,86.9762749621723,
2026,Monza,FP1,STR,18,Aston Martin,11.0,2.0,MEDIUM,2.0,True,86.91,28.443,29.395,29.072,,1,,True,False,True,,,5.0,31.01875,51.34125,False,0.0,0.0,0.0,0.0,0.0,86.91,86.9762749621723,-0.06627496217230089
2026,Monza,FP1,STR,18,Aston Martin,12.0,2.0,MEDIUM,3.0,True,127.159,42.553,45.7,38.906,,1,,True,False,True,,,5.0,31.01875,51.34125,False,0.0,0.0,0.0,0.0,0.0,127.159,86.9762749621723,40.18272503782771
2026,Monza,FP1,STR,18,Aston Martin,13.0,2.0,MEDIUM,4.0,True,86.197,28.402,29.109,28.686,,1,,True,False,True,,,5.0,31.01875,51.34125,False,0.0,0.0,0.0,0.0,0.0,86.197,86.9762749621723,-0.7792749621722947
2026,Monza,FP1,STR,18,Aston Martin,14.0,2.0,MEDIUM,5.0,True,132.604,37.748,52.766,42.09,,1,,True,False,True,,,5.0,31.01875,51.34125,False,0.0,0.0,0.0,0.0,0.0,132.604,86.9762749621723,45.627725037827716
2026,Monza,FP1,STR,18,Aston Martin,15.0,2.0,MEDIUM,6.0,True,86.066,28.479,28.924,28.663,,1,,True,False,True,,,5.0,31.01875,51.34125,False,0.0,0.0,0.0,0.0,0.0,86.066,86.9762749621723,-0.910274962172295
2026,Monza,FP1,STR,18,Aston Martin,16.0,2.0,MEDIUM,7.0,True,127.082,35.774,42.868,48.44,,1,,False,True,True,,,5.0,31.01875,51.34125,False,0.0,0.0,0.0,0.0,0.0,127.082,86.9762749621723,40.105725037827696
2026,Monza,FP1,STR,18,Aston Martin,17.0,3.0,MEDIUM,8.0,False,,,47.548,39.049,,1,,False,True,True,,,5.0,31.01875,51.34125,False,0.0,0.0,0.0,0.0,0.0,,86.9762749621723,
2026,Monza,FP1,STR,18,Aston Martin,18.0,3.0,MEDIUM,9.0,False,86.117,28.375,29.131,28.611,,1,,True,False,True,,,5.0,31.01875,51.34125,False,0.0,0.0,0.0,0.0,0.0,86.117,86.9762749621723,-0.859274962172293
2026,Monza,FP1,STR,18,Aston Martin,19.0,3.0,MEDIUM,10.0,False,121.124,35.125,43.734,42.265,,1,,True,False,True,,,5.0,31.01875,51.34125,False,0.0,0.0,0.0,0.0,0.0,121.124,86.9762749621723,34.1477250378277
2026,Monza,FP1,STR,18,Aston Martin,20.0,3.0,MEDIUM,11.0,False,86.762,28.979,29.251,28.532,,1,,True,False,True,,,5.0,31.01875,51.34125,False,0.0,0.0,0.0,0.0,0.0,86.762,86.9762749621723,-0.21427496217229702
2026,Monza,FP1,STR,18,Aston Martin,21.0,3.0,MEDIUM,12.0,False,114.053,36.512,41.94,35.601,,1,,True,False,True,,,5.0,31.01875,51.34125,False,0.0,0.0,0.0,0.0,0.0,114.053,86.9762749621723,27.0767250378277
2026,Monza,FP1,STR,18,Aston Martin,22.0,3.0,MEDIUM,13.0,False,113.036,28.533,30.862,53.641,,1,,True,False,True,,,5.0,31.01875,51.34125,False,0.0,0.0,0.0,0.0,0.0,113.036,86.9762749621723,26.059725037827704
2026,Monza,FP1,STR,18,Aston Martin,23.0,3.0,MEDIUM,14.0,False,,80.66,36.517,39.974,,1,,False,True,True,,,5.0,31.01875,51.34125,False,0.0,0.0,0.0,0.0,0.0,,86.9762749621723,
2026,Monza,FP1,TSU,22,Racing Bulls,1.0,1.0,HARD,1.0,True,,,34.719,33.372,,1,,False,True,True,,,5.0,31.01875,51.34125,False,0.0,0.0,0.0,0.0,0.0,,87.39159372168704,
2026,Monza,FP1,TSU,22,Racing Bulls,2.0,1.0,HARD,2.0,True,86.518,28.181,29.569,28.768,,1,,True,False,True,,,5.0,31.01875,51.34125,False,0.0,0.0,0.0,0.0,0.0,86.518,87.39159372168704,-0.873593721687044
2026,Monza,FP1,TSU,22,Racing Bulls,3.0,1.0,HARD,3.0,True,145.28,53.543,53.182,38.555,,1,,True,False,True,,,5.0,31.01875,51.34125,False,0.0,0.0,0.0,0.0,0.0,145.28,87.39159372168704,57.88840627831296
2026,Monza,FP1,TSU,22,Racing Bulls,4.0,1.0,HARD,4.0,True,85.142,27.909,29.001,28.232,,1,,True,False,True,,,5.0,31.01875,51.34125,False,0.0,0.0,0.0,0.0,0.0,85.142,87.39159372168704,-2.2495937216870487
2026,Monza,FP1,TSU,22,Racing Bulls,5.0,1.0,HARD,5.0,True,134.807,47.382,49.575,37.85,,1,,True,False,True,,,5.0,31.01875,51.34125,False,0.0,0.0,0.0,0.0,0.0,134.807,87.39159372168704,47.41540627831294
2026,Monza,FP1,TSU,22,Racing Bulls,6.0,1.0,HARD,6.0,True,85.399,27.783,28.767,28.849,,1,,True,False,True,,,5.0,31.01875,51.34125,False,0.0,0.0,0.0,0.0,0.0,85.399,87.39159372168704,-1.9925937216870437
2026,Monza,FP1,TSU,22,Racing Bulls,7.0,1.0,HARD,7.0,True,143.889,44.455,52.485,46.949,,1,,True,False,True,,,5.0,31.01875,51.34125,False,0.0,0.0,0.0,0.0,0.0,143.889,87.39159372168704,56.497406278312965
2026,Monza,FP1,TSU,22,Racing Bulls,8.0,1.0,HARD,8.0,True,84.739,27.79,28.758,28.191,,1,,True,False,True,,,5.0,31.01875,51.34125,False,0.0,0.0,0.0,0.0,0.0,84.739,87.39159372168704,-2.6525937216870403
2026,Monza,FP1,TSU,22,Racing Bulls,9.0,1.0,HARD,9.0,True,,48.014,54.316,56.654,,126,,False,True,False,,,5.0,31.01875,51.34125,False,0.0,0.0,0.0,0.0,0.0,,87.39159372168704,
2026,Monza,FP1,TSU,22,Racing Bulls,10.0,2.0,MEDIUM,1.0,True,,,33.852,31.2,,1,,False,True,True,,,5.0,31.01875,51.34125,False,0.0,0.0,0.0,0.0,0.0,,86.9762749621723,
2026,Monza,FP1,TSU,22,Racing Bulls,11.0,2.0,MEDIUM,2.0,True,84.571,27.685,28.629,28.257,,1,,True,False,True,,,5.0,31.01875,51.34125,False,0.0,0.0,0.0,0.0,0.0,84.571,86.9762749621723,-2.4052749621722995
2026,Monza,FP1,TSU,22,Racing Bulls,12.0,2.0,MEDIUM,3.0,True,136.841,39.263,58.417,39.161,,1,,True,False,True,,,5.0,31.01875,51.34125,False,0.0,0.0,0.0,0.0,0.0,136.841,86.9762749621723,49.86472503782771
2026,Monza,FP1,TSU,22,Racing Bulls,13.0,2.0,MEDIUM,4.0,True,117.015,28.03,50.953,38.032,,1,,True,False,True,,,5.0,31.01875,51.34125,False,0.0,0.0,0.0,0.0,0.0,117.015,86.9762749621723,30.038725037827703
2026,Monza,FP1,TSU,22,Racing Bulls,14.0,2.0,MEDIUM,5.0,True,91.633,27.759,28.724,35.15,,1,,True,False,True,,,5.0,31.01875,51.34125,False,0.0,0.0,0.0,0.0,0.0,91.633,86.9762749621723,4.656725037827698
2026,Monza,FP1,TSU,22,Racing Bulls,15.0,2.0,MEDIUM,6.0,True,143.931,50.329,48.053,45.549,,1,,True,False,True,,,5.0,31.01875,51.34125,False,0.0,0.0,0.0,0.0,0.0,143.931,86.9762749621723,56.954725037827714
2026,Monza,FP1,TSU,22,Racing Bulls,16.0,2.0,MEDIUM,7.0,True,118.84,37.755,41.327,39.758,,1,,True,False,True,,,5.0,31.01875,51.34125,False,0.0,0.0,0.0,0.0,0.0,118.84,86.9762749621723,31.863725037827706
2026,Monza,FP1,TSU,22,Racing Bulls,17.0,2.0,MEDIUM,8.0,True,84.636,27.983,28.666,27.987,,1,,True,False,True,,,5.0,31.01875,51.34125,False,0.0,0.0,0.0,0.0,0.0,84.636,86.9762749621723,-2.340274962172302
2026,Monza,FP1,TSU,22,Racing Bulls,18.0,2.0,MEDIUM,9.0,True,125.527,43.0,38.101,44.426,,1,,False,True,True,,,5.0,31.01875,51.34125,False,0.0,0.0,0.0,0.0,0.0,125.527,86.9762749621723,38.5507250378277
2026,Monza,FP1,TSU,22,Racing Bulls,19.0,3.0,HARD,10.0,False,,,30.6,29.353,,1,,False,True,True,,,5.0,31.01875,51.34125,False,0.0,0.0,0.0,0.0,0.0,,87.39159372168704,
2026,Monza,FP1,TSU,22,Racing Bulls,20.0,3.0,HARD,11.0,False,92.473,30.709,30.695,31.069,,1,,True,False,True,,,5.0,31.01875,51.34125,False,0.0,0.0,0.0,0.0,0.0,92.473,87.39159372168704,5.081406278312954
2026,Monza,FP1,TSU,22,Racing Bulls,21.0,3.0,HARD,12.0,False,87.729,29.071,29.859,28.799,,1,,True,False,True,,,5.0,31.01875,51.34125,False,0.0,0.0,0.0,0.0,0.0,87.729,87.39159372168704,0.33740627831295456
2026,Monza,FP1,TSU,22,Racing Bulls,22.0,3.0,HARD,13.0,False,87.878,28.747,30.089,29.042,,1,,True,False,True,,,5.0,31.01875,51.34125,False,0.0,0.0,0.0,0.0,0.0,87.878,87.39159372168704,0.48640627831295546
2026,Monza,FP1,TSU,22,Racing Bulls,23.0,3.0,HARD,14.0,False,99.18,29.121,30.234,39.825,,1,,False,True,True,,,5.0,31.01875,51.34125,False,0.0,0.0,0.0,0.0,0.0,99.18,87.39159372168704,11.788406278312962
2026,Monza,FP1,TSU,22,Racing Bulls,24.0,4.0,MEDIUM,10.0,False,110.895,51.575,30.335,28.985,,1,,False,True,True,,,5.0,31.01875,51.34125,False,0.0,0.0,0.0,0.0,0.0,110.895,86.9762749621723,23.9187250378277
2026,Monza,FP1,TSU,22,Racing Bulls,25.0,4.0,MEDIUM,11.0,False,87.157,28.598,29.979,28.58,,1,,True,False,True,,,5.0,31.01875,51.34125,False,0.0,0.0,0.0,0.0,0.0,87.157,86.9762749621723,0.180725037827699
2026,Monza,FP1,TSU,22,Racing Bulls,26.0,4.0,MEDIUM,12.0,False,133.62,37.76,37.949,57.911,,1,,True,False,True,,,5.0,31.01875,51.34125,False,0.0,0.0,0.0,0.0,0.0,133.62,86.9762749621723,46.64372503782771
2026,Monza,FP1,TSU,22,Racing Bulls,27.0,4.0,MEDIUM,13.0,False,149.934,78.257,31.26,40.417,,1,,False,True,True,,,5.0,31.01875,51.34125,False,0.0,0.0,0.0,0.0,0.0,149.934,86.9762749621723,62.9577250378277
2026,Monza,FP1,HER,25,Cadillac,1.0,1.0,HARD,1.0,True,,,42.449,41.358,,1,,False,True,True,,,5.0,31.01875,51.34125,False,0.0,0.0,0.0,0.0,0.0,,87.39159372168704,
2026,Monza,FP1,HER,25,Cadillac,2.0,1.0,HARD,2.0,True,128.792,41.991,39.356,47.445,,1,,False,True,True,,,5.0,31.01875,51.34125,False,0.0,0.0,0.0,0.0,0.0,128.792,87.39159372168704,41.40040627831296
2026,Monza,FP1,HER,25,Cadillac,3.0,2.0,HARD,3.0,False,,,39.688,40.863,,1,,False,True,True,,,5.0,31.01875,51.34125,False,0.0,0.0,0.0,0.0,0.0,,87.39159372168704,
2026,Monza,FP1,HER,25,Cadillac,4.0,2.0,HARD,4.0,False,89.922,28.655,30.791,30.476,,1,,True,False,True,,,5.0,31.01875,51.34125,False,0.0,0.0,0.0,0.0,0.0,89.922,87.39159372168704,2.5304062783129524
2026,Monza,FP1,HER,25,Cadillac,5.0,2.0,HARD,5.0,False,,43.464,,,,1265,,False,True,False,,,5.0,31.01875,51.34125,False,0.0,0.0,0.0,0.0,0.0,,87.39159372168704,
2026,Monza,FP1,HUL,27,Audi,1.0,1.0,HARD,1.0,True,,,39.029,40.627,,1,,False,True,True,,,5.0,31.01875,51.34125,False,0.0,0.0,0.0,0.0,0.0,,87.39159372168704,
2026,Monza,FP1,HUL,27,Audi,2.0,2.0,HARD,2.0,False,,,33.078,32.031,,1,,False,True,True,,,5.0,31.01875,51.34125,False,0.0,0.0,0.0,0.0,0.0,,87.39159372168704,
2026,Monza,FP1,HUL,27,Audi,3.0,2.0,HARD,3.0,False,86.337,28.45,29.068,28.819,,1,,True,False,True,,,5.0,31.01875,51.34125,False,0.0,0.0,0.0,0.0,0.0,86.337,87.39159372168704,-1.0545937216870414
2026,Monza,FP1,HUL,27,Audi,4.0,2.0,HARD,4.0,False,123.713,44.873,42.324,36.516,,1,,True,False,True,,,5.0,31.01875,51.34125,False,0.0,0.0,0.0,0.0,0.0,123.713,87.39159372168704,36.32140627831295
2026,Monza,FP1,HUL,27,Audi,5.0,2.0,HARD,5.0,False,85.926,28.191,28.93,28.805,,1,,True,False,True,,,5.0,31.01875,51.34125,False,0.0,0.0,0.0,0.0,0.0,85.926,87.39159372168704,-1.4655937216870427
2026,Monza,FP1,HUL,27,Audi,6.0,2.0,HARD,6.0,False,127.747,43.548,44.722,39.477,,12,,True,False,False,,,5.0,31.01875,51.34125,False,0.0,0.0,0.0,0.0,0.0,127.747,87.39159372168704,40.355406278312955
2026,Monza,FP1,HUL,27,Audi,7.0,2.0,HARD,7.0,False,,37.919,61.143,,,2651,,False,True,False,,,5.0,31.01875,51.34125,False,0.0,0.0,0.0,0.0,0.0,,87.39159372168704,
2026,Monza,FP1,HUL,27,Audi,8.0,3.0,HARD,8.0,False,,,32.191,33.13,,1,,False,True,True,,,5.0,31.01875,51.34125,False,0.0,0.0,0.0,0.0,0.0,,87.39159372168704,
2026,Monza,FP1,HUL,27,Audi,9.0,3.0,HARD,9.0,False,84.924,27.742,28.868,28.314,,1,,True,False,True,,,5.0,31.01875,51.34125,False,0.0,0.0,0.0,0.0,0.0,84.924,87.39159372168704,-2.467593721687038
2026,Monza,FP1,HUL,27,Audi,10.0,3.0,HARD,10.0,False,99.293,31.088,31.943,36.262,,1,,False,True,True,,,5.0,31.01875,51.34125,False,0.0,0.0,0.0,0.0,0.0,99.293,87.39159372168704,11.901406278312962
2026,Monza,FP1,HUL,27,Audi,11.0,4.0,SOFT,1.0,True,121.32,52.535,34.926,33.859,,1,,False,True,True,,,5.0,31.01875,51.34125,False,0.0,0.0,0.0,0.0,0.0,121.32,87.82465681971678,33.495343180283214
2026,Monza,FP1,HUL,27,Audi,12.0,4.0,SOFT,2.0,True,84.854,27.938,28.64,28.276,,1,,True,False,True,,,5.0,31.01875,51.34125,False,0.0,0.0,0.0,0.0,0.0,84.854,87.82465681971678,-2.9706568197167798
2026,Monza,FP1,HUL,27,Audi,13.0,4.0,SOFT,3.0,True,121.374,40.007,38.95,42.417,,1,,False,True,True,,,5.0,31.01875,51.34125,False,0.0,0.0,0.0,0.0,0.0,121.374,87.82465681971678,33.549343180283216
2026,Monza,FP1,HUL,27,Audi,14.0,5.0,SOFT,4.0,False,,75.145,39.56,49.615,,1,,False,True,True,,,5.0,31.01875,51.34125,False,0.0,0.0,0.0,0.0,0.0,,87.82465681971678,
2026,Monza,FP1,HUL,27,Audi,15.0,5.0,SOFT,5.0,False,100.43,31.607,34.902,33.921,,1,,True,False,True,,,5.0,31.01875,51.34125,False,0.0,0.0,0.0,0.0,0.0,100.43,87.82465681971678,12.605343180283228
2026,Monza,FP1,HUL,27,Audi,16.0,5.0,SOFT,6.0,False,84.626,28.079,28.373,28.174,,1,,True,False,True,,,5.0,31.01875,51.34125,False,0.0,0.0,0.0,0.0,0.0,84.626,87.82465681971678,-3.198656819716774
2026,Monza,FP1,HUL,27,Audi,17.0,5.0,SOFT,7.0,False,98.814,30.78,32.287,35.747,,1,,False,True,True,,,5.0,31.01875,51.34125,False,0.0,0.0,0.0,0.0,0.0,98.814,87.82465681971678,10.989343180283214
2026,Monza,FP1,HUL,27,Audi,18.0,6.0,HARD,11.0,False,,,29.738,28.814,,1,,False,True,True,,,5.0,31.01875,51.34125,False,0.0,0.0,0.0,0.0,0.0,,87.39159372168704,
2026,Monza,FP1,HUL,27,Audi,19.0,6.0,HARD,12.0,False,87.11,28.778,29.502,28.83,,1,,True,False,True,,,5.0,31.01875,51.34125,False,0.0,0.0,0.0,0.0,0.0,87.11,87.39159372168704,-0.2815937216870452
2026,Monza,FP1,HUL,27,Audi,20.0,6.0,HARD,13.0,False,87.755,28.871,29.829,29.055,,1,,True,False,True,,,5.0,31.01875,51.34125,False,0.0,0.0,0.0,0.0,0.0,87.755,87.39159372168704,0.3634062783129508
2026,Monza,FP1,HUL,27,Audi,21.0,6.0,HARD,14.0,False,87.18,28.54,29.765,28.875,,1,,True,False,True,,,5.0,31.01875,51.34125,False,0.0,0.0,0.0,0.0,0.0,87.18,87.39159372168704,-0.21159372168703783
2026,Monza,FP1,HUL,27,Audi,22.0,6.0,HARD,15.0,False,87.698,28.778,29.88,29.04,,1,,True,False,True,,,5.0,31.01875,51.34125,False,0.0,0.0,0.0,0.0,0.0,87.698,87.39159372168704,0.30640627831294864
2026,Monza,FP1,HUL,27,Audi,23.0,6.0,HARD,16.0,False,87.837,28.887,30.128,28.822,,1,,True,False,True,,,5.0,31.01875,51.34125,False,0.0,0.0,0.0,0.0,0.0,87.837,87.39159372168704,0.44540627831295865
2026,Monza,FP1,HUL,27,Audi,24.0,6.0,HARD,17.0,False,87.089,28.341,29.806,28.942,,1,,True,False,True,,,5.0,31.01875,51.34125,False,0.0,0.0,0.0,0.0,0.0,87.089,87.39159372168704,-0.302593721687046
2026,Monza,FP1,HUL,27,Audi,25.0,6.0,HARD,18.0,False,87.423,28.871,29.601,28.951,,1,,True,False,True,,,5.0,31.01875,51.34125,False,0.0,0.0,0.0,0.0,0.0,87.423,87.39159372168704,0.03140627831295717
2026,Monza,FP1,HUL,27,Audi,26.0,6.0,HARD,19.0,False,124.458,32.075,38.67,53.713,,1,,True,False,True,,,5.0,31.01875,51.34125,False,0.0,0.0,0.0,0.0,0.0,124.458,87.39159372168704,37.066406278312954
2026,Monza,FP1,HUL,27,Audi,27.0,6.0,HARD,20.0,False,141.896,75.575,30.224,36.097,,1,,False,True,True,,,5.0,31.01875,51.34125,False,0.0,0.0,0.0,0.0,0.0,141.896,87.39159372168704,54.50440627831294
2026,Monza,FP1,LAW,30,Red Bull Racing,1.0,1.0,SOFT,1.0,True,,,35.014,34.777,,1,,False,True,True,,,5.0,31.01875,51.34125,False,0.0,0.0,0.0,0.0,0.0,,87.82465681971678,
2026,Monza,FP1,LAW,30,Red Bull Racing,2.0,1.0,SOFT,2.0,True,85.785,28.206,29.183,28.396,,1,,True,False,True,,,5.0,31.01875,51.34125,False,0.0,0.0,0.0,0.0,0.0,85.785,87.82465681971678,-2.0396568197167824
2026,Monza,FP1,LAW,30,Red Bull Racing,3.0,1.0,SOFT,3.0,True,136.21,47.591,49.805,38.814,,1,,True,False,True,,,5.0,31.01875,51.34125,False,0.0,0.0,0.0,0.0,0.0,136.21,87.82465681971678,48.38534318028323
2026,Monza,FP1,LAW,30,Red Bull Racing,4.0,1.0,SOFT,4.0,True,84.383,27.842,28.7,27.841,,1,,True,False,True,,,5.0,31.01875,51.34125,False,0.0,0.0,0.0,0.0,0.0,84.383,87.82465681971678,-3.4416568197167834
2026,Monza,FP1,LAW,30,Red Bull Racing,5.0,1.0,SOFT,5.0,True,128.533,45.002,42.28,41.251,,1,,False,True,True,,,5.0,31.01875,51.34125,False,0.0,0.0,0.0,0.0,0.0,128.533,87.82465681971678,40.70834318028321
2026,Monza,FP1,LAW,30,Red Bull Racing,6.0,2.0,SOFT,6.0,False,145.761,67.377,41.112,37.272,,1,,False,True,True,,,5.0,31.01875,51.34125,False,0.0,0.0,0.0,0.0,0.0,145.761,87.82465681971678,57.93634318028322
2026,Monza,FP1,LAW,30,Red Bull Racing,7.0,2.0,SOFT,7.0,False,84.196,27.743,28.615,27.838,,1,,True,False,True,,,5.0,31.01875,51.34125,False,0.0,0.0,0.0,0.0,0.0,84.196,87.82465681971678,-3.628656819716781
2026,Monza,FP1,LAW,30,Red Bull Racing,8.0,2.0,SOFT,8.0,False,107.436,34.824,35.037,37.575,,1,,False,True,True,,,5.0,31.01875,51.34125,False,0.0,0.0,0.0,0.0,0.0,107.436,87.82465681971678,19.611343180283228
2026,Monza,FP1,LAW,30,Red Bull Racing,9.0,3.0,SOFT,1.0,True,,,32.927,32.633,,1,,False,True,True,,,5.0,31.01875,51.34125,False,0.0,0.0,0.0,0.0,0.0,,87.82465681971678,
2026,Monza,FP1,LAW,30,Red Bull Racing,10.0,3.0,SOFT,2.0,True,83.712,27.635,28.289,27.788,,1,,True,False,True,,,5.0,31.01875,51.34125,False,0.0,0.0,0.0,0.0,0.0,83.712,87.82465681971678,-4.112656819716776
2026,Monza,FP1,LAW,30,Red Bull Racing,11.0,3.0,SOFT,3.0,True,113.65,39.425,38.135,36.09,,1,,True,False,True,,,5.0,31.01875,51.34125,False,0.0,0.0,0.0,0.0,0.0,113.65,87.82465681971678,25.825343180283227
2026,Monza,FP1,LAW,30,Red Bull Racing,12.0,3.0,SOFT,4.0,True,127.441,42.182,47.982,37.277,,1,,True,False,True,,,5.0,31.01875,51.34125,False,0.0,0.0,0.0,0.0,0.0,127.441,87.82465681971678,39.61634318028322
2026,Monza,FP1,LAW,30,Red Bull Racing,13.0,3.0,SOFT,5.0,True,84.105,27.8,28.456,27.849,,1,,True,False,True,,,5.0,31.01875,51.34125,False,0.0,0.0,0.0,0.0,0.0,84.105,87.82465681971678,-3.719656819716775
2026,Monza,FP1,LAW,30,Red Bull Racing,14.0,3.0,SOFT,6.0,True,108.682,32.817,37.401,38.464,,1,,False,True,True,,,5.0,31.01875,51.34125,False,0.0,0.0,0.0,0.0,0.0,108.682,87.82465681971678,20.857343180283223
2026,Monza,FP1,LAW,30,Red Bull Racing,15.0,4.0,SOFT,7.0,False,,83.056,36.74,32.197,,1,,False,True,True,,,5.0,31.01875,51.34125,False,0.0,0.0,0.0,0.0,0.0,,87.82465681971678,
2026,Monza,FP1,LAW,30,Red Bull Racing,16.0,4.0,SOFT,8.0,False,83.796,27.591,28.396,27.809,,1,,True,False,True,,,5.0,31.01875,51.34125,False,0.0,0.0,0.0,0.0,0.0,83.796,87.82465681971678,-4.0286568197167725
2026,Monza,FP1,LAW,30,Red Bull Racing,17.0,4.0,SOFT,9.0,False,134.173,41.921,48.359,43.893,,1,,True,False,True,,,5.0,31.01875,51.34125,False,0.0,0.0,0.0,0.0,0.0,134.173,87.82465681971678,46.34834318028322
2026,Monza,FP1,LAW,30,Red Bull Racing,18.0,4.0,SOFT,10.0,False,106.478,37.117,36.906,32.455,,1,,True,False,True,,,5.0,31.01875,51.34125,False,0.0,0.0,0.0,0.0,0.0,106.478,87.82465681971678,18.653343180283215
2026,Monza,FP1,LAW,30,Red Bull Racing,19.0,4.0,SOFT,11.0,False,83.433,27.543,28.222,27.668,,1,,True,False,True,,,5.0,31.01875,51.34125,False,0.0,0.0,0.0,0.0,0.0,83.433,87.82465681971678,-4.391656819716772
2026,Monza,FP1,LAW,30,Red Bull Racing,20.0,4.0,SOFT,12.0,False,102.661,31.511,32.017,39.133,,1,,False,True,True,,,5.0,31.01875,51.34125,False,0.0,0.0,0.0,0.0,0.0,102.661,87.82465681971678,14.836343180283222
2026,Monza,FP1,LAW,30,Red Bull Racing,21.0,5.0,SOFT,9.0,False,,,31.162,29.423,,1,,False,True,True,,,5.0,31.01875,51.34125,False,0.0,0.0,0.0,0.0,0.0,,87.82465681971678,
2026,Monza,FP1,LAW,30,Red Bull Racing,22.0,5.0,SOFT,10.0,False,87.922,28.719,29.969,29.234,,1,,True,False,True,,,5.0,31.01875,51.34125,False,0.0,0.0,0.0,0.0,0.0,87.922,87.82465681971678,0.09734318028321809
2026,Monza,FP1,LAW,30,Red Bull Racing,23.0,5.0,SOFT,11.0,False,86.681,28.141,29.871,28.669,,1,,True,False,True,,,5.0,31.01875,51.34125,False,0.0,0.0,0.0,0.0,0.0,86.681,87.82465681971678,-1.1436568197167816
2026,Monza,FP1,LAW,30,Red Bull Racing,24.0,5.0,SOFT,12.0,False,87.069,28.455,29.93,28.684,,1,,True,False,True,,,5.0,31.01875,51.34125,False,0.0,0.0,0.0,0.0,0.0,87.069,87.82465681971678,-0.7556568197167763
2026,Monza,FP1,LAW,30,Red Bull Racing,25.0,5.0,SOFT,13.0,False,142.251,37.92,47.093,57.238,,1,,True,False,True,,,5.0,31.01875,51.34125,False,0.0,0.0,0.0,0.0,0.0,142.251,87.82465681971678,54.426343180283226
2026,Monza,FP1,LAW,30,Red Bull Racing,26.0,5.0,SOFT,14.0,False,145.788,78.346,30.102,37.34,,1,,False,True,True,,,5.0,31.01875,51.34125,False,0.0,0.0,0.0,0.0,0.0,145.788,87.82465681971678,57.96334318028323
2026,Monza,FP1,OCO,31,Haas F1 Team,1.0,1.0,HARD,1.0,True,,,34.679,37.397,,1,,False,True,True,,,5.0,31.01875,51.34125,False,0.0,0.0,0.0,0.0,0.0,,87.39159372168704,
2026,Monza,FP1,OCO,31,Haas F1 Team,2.0,1.0,HARD,2.0,True,90.541,29.203,30.963,30.375,,1,,True,False,True,,,5.0,31.01875,51.34125,False,0.0,0.0,0.0,0.0,0.0,90.541,87.39159372168704,3.149406278312952
2026,Monza,FP1,OCO,31,Haas F1 Team,3.0,1.0,HARD,3.0,True,145.651,50.233,46.497,48.921,,1,,False,True,True,,,5.0,31.01875,51.34125,False,0.0,0.0,0.0,0.0,0.0,145.651,87.39159372168704,58.259406278312966
2026,Monza,FP1,OCO,31,Haas F1 Team,4.0,2.0,HARD,4.0,False,,,36.791,32.427,,1,,False,True,True,,,5.0,31.01875,51.34125,False,0.0,0.0,0.0,0.0,0.0,,87.39159372168704,
2026,Monza,FP1,OCO,31,Haas F1 Team,5.0,2.0,HARD,5.0,False,87.026,28.259,29.546,29.221,,1,,True,False,True,,,5.0,31.01875,51.34125,False,0.0,0.0,0.0,0.0,0.0,87.026,87.39159372168704,-0.3655937216870484
2026,Monza,FP1,OCO,31,Haas F1 Team,6.0,2.0,HARD,6.0,False,,47.681,50.945,54.079,,126,,False,False,False,,,5.0,31.01875,51.34125,False,0.0,0.0,0.0,0.0,0.0,,87.39159372168704,
2026,Monza,FP1,OCO,31,Haas F1 Team,7.0,2.0,HARD,7.0,False,,40.391,,,,6512,,False,True,False,,,5.0,31.01875,51.34125,False,0.0,0.0,0.0,0.0,0.0,,87.39159372168704,
2026,Monza,FP1,OCO,31,Haas F1 Team,8.0,3.0,HARD,8.0,False,,,31.425,33.437,,1,,False,True,True,,,5.0,31.01875,51.34125,False,0.0,0.0,0.0,0.0,0.0,,87.39159372168704,
2026,Monza,FP1,OCO,31,Haas F1 Team,9.0,3.0,HARD,9.0,False,86.096,28.092,29.234,28.77,,1,,True,False,True,,,5.0,31.01875,51.34125,False,0.0,0.0,0.0,0.0,0.0,86.096,87.39159372168704,-1.295593721687041
2026,Monza,FP1,OCO,31,Haas F1 Team,10.0,3.0,HARD,10.0,False,117.884,43.943,41.54,32.401,,1,,True,False,True,,,5.0,31.01875,51.34125,False,0.0,0.0,0.0,0.0,0.0,117.884,87.39159372168704,30.492406278312956
2026,Monza,FP1,OCO,31,Haas F1 Team,11.0,3.0,HARD,11.0,False,85.852,28.04,29.051,28.761,,1,,True,False,True,,,5.0,31.01875,51.34125,False,0.0,0.0,0.0,0.0,0.0,85.852,87.39159372168704,-1.5395937216870408
2026,Monza,FP1,OCO,31,Haas F1 Team,12.0,3.0,HARD,12.0,False,125.961,35.923,40.095,49.943,,1,,False,True,True,,,5.0,31.01875,51.34125,False,0.0,0.0,0.0,0.0,0.0,125.961,87.39159372168704,38.569406278312954
2026,Monza,FP1,OCO,31,Haas F1 Team,13.0,4.0,SOFT,1.0,True,,,32.295,43.888,,1,,False,True,True,,,5.0,31.01875,51.34125,False,0.0,0.0,0.0,0.0,0.0,,87.82465681971678,
2026,Monza,FP1,OCO,31,Haas F1 Team,14.0,4.0,SOFT,2.0,True,102.292,31.747,35.662,34.883,,1,,True,False,True,,,5.0,31.01875,51.34125,False,0.0,0.0,0.0,0.0,0.0,102.292,87.82465681971678,14.467343180283223
2026,Monza,FP1,OCO,31,Haas F1 Team,15.0,4.0,SOFT,3.0,True,86.857,28.944,29.421,28.492,,1,,True,False,True,,,5.0,31.01875,51.34125,False,0.0,0.0,0.0,0.0,0.0,86.857,87.82465681971678,-0.9676568197167796
2026,Monza,FP1,OCO,31,Haas F1 Team,16.0,4.0,SOFT,4.0,True,121.014,40.032,38.31,42.672,,1,,False,True,True,,,5.0,31.01875,51.34125,False,0.0,0.0,0.0,0.0,0.0,121.014,87.82465681971678,33.18934318028322
2026,Monza,FP1,OCO,31,Haas F1 Team,17.0,5.0,SOFT,5.0,False,146.197,69.97,37.051,39.176,,1,,False,True,True,,,5.0,31.01875,51.34125,False,0.0,0.0,0.0,0.0,0.0,146.197,87.82465681971678,58.372343180283224
2026,Monza,FP1,OCO,31,Haas F1 Team,18.0,5.0,SOFT,6.0,False,86.039,28.377,28.901,28.761,,1,,True,False,True,,,5.0,31.01875,51.34125,False,0.0,0.0,0.0,0.0,0.0,86.039,87.82465681971678,-1.7856568197167775
2026,Monza,FP1,OCO,31,Haas F1 Team,19.0,5.0,SOFT,7.0,False,99.509,32.536,31.502,35.471,,1,,False,True,True,,,5.0,31.01875,51.34125,False,0.0,0.0,0.0,0.0,0.0,99.509,87.82465681971678,11.684343180283221
2026,Monza,FP1,OCO,31,Haas F1 Team,20.0,6.0,HARD,13.0,False,,,30.645,29.268,,1,,False,True,True,,,5.0,31.01875,51.34125,False,0.0,0.0,0.0,0.0,0.0,,87.39159372168704,
2026,Monza,FP1,OCO,31,Haas F1 Team,21.0,6.0,HARD,14.0,False,87.553,28.486,30.07,28.997,,1,,True,False,True,,,5.0,31.01875,51.34125,False,0.0,0.0,0.0,0.0,0.0,87.553,87.39159372168704,0.16140627831295262
2026,Monza,FP1,OCO,31,Haas F1 Team,22.0,6.0,HARD,15.0,False,87.636,28.837,29.99,28.809,,1,,True,False,True,,,5.0,31.01875,51.34125,False,0.0,0.0,0.0,0.0,0.0,87.636,87.39159372168704,0.24440627831295103
2026,Monza,FP1,OCO,31,Haas F1 Team,23.0,6.0,HARD,16.0,False,87.506,28.876,29.864,28.766,,1,,True,False,True,,,5.0,31.01875,51.34125,False,0.0,0.0,0.0,0.0,0.0,87.506,87.39159372168704,0.11440627831295558
2026,Monza,FP1,OCO,31,Haas F1 Team,24.0,6.0,HARD,17.0,False,87.147,28.56,29.834,28.753,,1,,True,False,True,,,5.0,31.01875,51.34125,False,0.0,0.0,0.0,0.0,0.0,87.147,87.39159372168704,-0.24459372168703908
2026,Monza,FP1,OCO,31,Haas F1 Team,25.0,6.0,HARD,18.0,False,129.528,35.573,44.889,49.066,,1,,True,False,True,,,5.0,31.01875,51.34125,False,0.0,0.0,0.0,0.0,0.0,129.528,87.39159372168704,42.13640627831295
2026,Monza,FP1,OCO,31,Haas F1 Team,26.0,6.0,HARD,19.0,False,141.336,74.094,31.35,35.892,,1,,False,True,True,,,5.0,31.01875,51.34125,False,0.0,0.0,0.0,0.0,0.0,141.336,87.39159372168704,53.94440627831297
2026,Monza,FP1,IWA,36,Red Bull Racing,1.0,1.0,HARD,1.0,True,,,35.509,35.825,,1,,False,True,True,,,5.0,31.01875,51.34125,False,0.0,0.0,0.0,0.0,0.0,,87.39159372168704,
2026,Monza,FP1,IWA,36,Red Bull Racing,2.0,1.0,HARD,2.0,True,94.202,29.686,32.648,31.868,,1,,True,False,True,,,5.0,31.01875,51.34125,False,0.0,0.0,0.0,0.0,0.0,94.202,87.39159372168704,6.8104062783129535
2026,Monza,FP1,IWA,36,Red Bull Racing,3.0,1.0,HARD,3.0,True,97.393,29.494,35.437,32.462,,1,,True,False,True,,,5.0,31.01875,51.34125,False,0.0,0.0,0.0,0.0,0.0,97.393,87.39159372168704,10.001406278312956
2026,Monza,FP1,IWA,36,Red Bull Racing,4.0,1.0,HARD,4.0,True,98.84,29.669,31.648,37.523,,1,,False,True,True,,,5.0,31.01875,51.34125,False,0.0,0.0,0.0,0.0,0.0,98.84,87.39159372168704,11.448406278312959
2026,Monza,FP1,IWA,36,Red Bull Racing,5.0,2.0,HARD,5.0,False,,,34.935,37.518,,1,,False,True,True,,,5.0,31.01875,51.34125,False,0.0,0.0,0.0,0.0,0.0,,87.39159372168704,
2026,Monza,FP1,IWA,36,Red Bull Racing,6.0,2.0,HARD,6.0,False,98.109,30.393,36.917,30.799,,1,,True,False,True,,,5.0,31.01875,51.34125,False,0.0,0.0,0.0,0.0,0.0,98.109,87.39159372168704,10.71740627831295
2026,Monza,FP1,IWA,36,Red Bull Racing,7.0,2.0,HARD,7.0,False,90.69,29.257,31.2,30.233,,1,,True,False,True,,,5.0,31.01875,51.34125,False,0.0,0.0,0.0,0.0,0.0,90.69,87.39159372168704,3.298406278312953
2026,Monza,FP1,IWA,36,Red Bull Racing,8.0,2.0,HARD,8.0,False,107.375,29.36,32.254,45.761,,126,,False,True,False,,,5.0,31.01875,51.34125,False,0.0,0.0,0.0,0.0,0.0,107.375,87.39159372168704,19.983406278312955
2026,Monza,FP1,IWA,36,Red Bull Racing,9.0,3.0,HARD,9.0,False,,,33.667,32.624,,1,,False,True,True,,,5.0,31.01875,51.34125,False,0.0,0.0,0.0,0.0,0.0,,87.39159372168704,
2026,Monza,FP1,IWA,36,Red Bull Racing,10.0,3.0,HARD,10.0,False,88.433,28.037,30.513,29.883,,1,,True,False,True,,,5.0,31.01875,51.34125,False,0.0,0.0,0.0,0.0,0.0,88.433,87.39159372168704,1.0414062783129623
2026,Monza,FP1,IWA,36,Red Bull Racing,11.0,3.0,HARD,11.0,False,121.848,39.947,45.86,36.041,,1,,True,False,True,,,5.0,31.01875,51.34125,False,0.0,0.0,0.0,0.0,0.0,121.848,87.39159372168704,34.456406278312954
2026,Monza,FP1,IWA,36,Red Bull Racing,12.0,3.0,HARD,12.0,False,86.813,28.326,29.275,29.212,,1,,True,False,True,,,5.0,31.01875,51.34125,False,0.0,0.0,0.0,0.0,0.0,86.813,87.39159372168704,-0.5785937216870423
2026,Monza,FP1,IWA,36,Red Bull Racing,13.0,3.0,HARD,13.0,False,135.518,38.157,56.189,41.172,,1,,True,False,True,,,5.0,31.01875,51.34125,False,0.0,0.0,0.0,0.0,0.0,135.518,87.39159372168704,48.126406278312956
2026,Monza,FP1,IWA,36,Red Bull Racing,14.0,3.0,HARD,14.0,False,85.248,27.844,28.853,28.551,,1,,True,False,True,,,5.0,31.01875,51.34125,False,0.0,0.0,0.0,0.0,0.0,85.248,87.39159372168704,-2.14359372168704
2026,Monza,FP1,IWA,36,Red Bull Racing,15.0,3.0,HARD,15.0,False,109.272,32.106,36.508,40.658,,1,,False,True,True,,,5.0,31.01875,51.34125,False,0.0,0.0,0.0,0.0,0.0,109.272,87.39159372168704,21.88040627831296
2026,Monza,FP1,IWA,36,Red Bull Racing,16.0,4.0,SOFT,1.0,True,,,33.18,31.465,,1,,False,True,True,,,5.0,31.01875,51.34125,False,0.0,0.0,0.0,0.0,0.0,,87.82465681971678,
2026,Monza,FP1,IWA,36,Red Bull Racing,17.0,4.0,SOFT,2.0,True,84.873,27.768,28.786,28.319,,1,,True,False,True,,,5.0,31.01875,51.34125,False,0.0,0.0,0.0,0.0,0.0,84.873,87.82465681971678,-2.9516568197167743
2026,Monza,FP1,IWA,36,Red Bull Racing,18.0,4.0,SOFT,3.0,True,139.693,42.643,48.762,48.288,,1,,True,False,True,,,5.0,31.01875,51.34125,False,0.0,0.0,0.0,0.0,0.0,139.693,87.82465681971678,51.86834318028323
2026,Monza,FP1,IWA,36,Red Bull Racing,19.0,4.0,SOFT,4.0,True,121.464,48.635,38.414,34.415,,1,,True,False,True,,,5.0,31.01875,51.34125,False,0.0,0.0,0.0,0.0,0.0,121.464,87.82465681971678,33.63934318028322
2026,Monza,FP1,IWA,36,Red Bull Racing,20.0,4.0,SOFT,5.0,True,112.649,27.649,46.778,38.222,,1,,True,False,True,,,5.0,31.01875,51.34125,False,0.0,0.0,0.0,0.0,0.0,112.649,87.82465681971678,24.824343180283222
2026,Monza,FP1,IWA,36,Red Bull Racing,21.0,4.0,SOFT,6.0,True,84.875,27.868,28.798000000000002,28.209,,1,,True,False,True,,,5.0,31.01875,51.34125,False,0.0,0.0,0.0,0.0,0.0,84.875,87.82465681971678,-2.949656819716779
2026,Monza,FP1,IWA,36,Red Bull Racing,22.0,4.0,SOFT,7.0,True,88.809,28.925,30.086,29.798000000000002,,1,,True,False,True,,,5.0,31.01875,51.34125,False,0.0,0.0,0.0,0.0,0.0,88.809,87.82465681971678,0.9843431802832185
2026,Monza,FP1,IWA,36,Red Bull Racing,23.0,4.0,SOFT,8.0,True,86.941,28.246,29.845,28.85,,1,,True,False,True,,,5.0,31.01875,51.34125,False,0.0,0.0,0.0,0.0,0.0,86.941,87.82465681971678,-0.8836568197167765
2026,Monza,FP1,IWA,36,Red Bull Racing,24.0,4.0,SOFT,9.0,True,104.249,28.247,29.628,46.374,,1,,False,True,True,,,5.0,31.01875,51.34125,False,0.0,0.0,0.0,0.0,0.0,104.249,87.82465681971678,16.424343180283216
2026,Monza,FP1,LIN,41,Racing Bulls,1.0,1.0,HARD,1.0,True,,,34.726,34.809,,1,,False,True,True,,,5.0,31.01875,51.34125,False,0.0,0.0,0.0,0.0,0.0,,87.39159372168704,
2026,Monza,FP1,LIN,41,Racing Bulls,2.0,1.0,HARD,2.0,True,103.345,34.314,36.205,32.826,,1,,True,False,True,,,5.0,31.01875,51.34125,False,0.0,0.0,0.0,0.0,0.0,103.345,87.39159372168704,15.953406278312954
2026,Monza,FP1,LIN,41,Racing Bulls,3.0,1.0,HARD,3.0,True,86.083,28.184,29.359,28.54,,1,,True,False,True,,,5.0,31.01875,51.34125,False,0.0,0.0,0.0,0.0,0.0,86.083,87.39159372168704,-1.3085937216870462
2026,Monza,FP1,LIN,41,Racing Bulls,4.0,1.0,HARD,4.0,True,125.082,39.065,48.088,37.929,,1,,True,False,True,,,5.0,31.01875,51.34125,False,0.0,0.0,0.0,0.0,0.0,125.082,87.39159372168704,37.69040627831295
2026,Monza,FP1,LIN,41,Racing Bulls,5.0,1.0,HARD,5.0,True,84.746,27.81,28.82,28.116,,1,,True,False,True,,,5.0,31.01875,51.34125,False,0.0,0.0,0.0,0.0,0.0,84.746,87.39159372168704,-2.6455937216870495
2026,Monza,FP1,LIN,41,Racing Bulls,6.0,1.0,HARD,6.0,True,134.644,40.906,56.151,37.587,,1,,True,False,True,,,5.0,31.01875,51.34125,False,0.0,0.0,0.0,0.0,0.0,134.644,87.39159372168704,47.25240627831296
2026,Monza,FP1,LIN,41,Racing Bulls,7.0,1.0,HARD,7.0,True,85.477,27.763,29.008,28.706,,1,,True,False,True,,,5.0,31.01875,51.34125,False,0.0,0.0,0.0,0.0,0.0,85.477,87.39159372168704,-1.9145937216870408
2026,Monza,FP1,LIN,41,Racing Bulls,8.0,1.0,HARD,8.0,True,,50.461,63.115,41.063,,1,,False,False,True,,,5.0,31.01875,51.34125,False,0.0,0.0,0.0,0.0,0.0,,87.39159372168704,
2026,Monza,FP1,LIN,41,Racing Bulls,9.0,1.0,HARD,9.0,True,84.399,27.842,28.726,27.831,,1,,True,False,True,,,5.0,31.01875,51.34125,False,0.0,0.0,0.0,0.0,0.0,84.399,87.39159372168704,-2.9925937216870437
2026,Monza,FP1,LIN,41,Racing Bulls,10.0,1.0,HARD,10.0,True,,46.311,60.113,44.751,,126,,False,True,False,,,5.0,31.01875,51.34125,False,0.0,0.0,0.0,0.0,0.0,,87.39159372168704,
2026,Monza,FP1,LIN,41,Racing Bulls,11.0,2.0,MEDIUM,1.0,True,,,33.302,31.758,,1,,False,True,True,,,5.0,31.01875,51.34125,False,0.0,0.0,0.0,0.0,0.0,,86.9762749621723,
2026,Monza,FP1,LIN,41,Racing Bulls,12.0,2.0,MEDIUM,2.0,True,83.802,27.558,28.344,27.9,,1,,True,False,True,,,5.0,31.01875,51.34125,False,0.0,0.0,0.0,0.0,0.0,83.802,86.9762749621723,-3.1742749621722908
2026,Monza,FP1,LIN,41,Racing Bulls,13.0,2.0,MEDIUM,3.0,True,133.73,46.401,50.749,36.58,,1,,True,False,True,,,5.0,31.01875,51.34125,False,0.0,0.0,0.0,0.0,0.0,133.73,86.9762749621723,46.75372503782769
2026,Monza,FP1,LIN,41,Racing Bulls,14.0,2.0,MEDIUM,4.0,True,132.515,44.302,49.001,39.212,,1,,True,False,True,,,5.0,31.01875,51.34125,False,0.0,0.0,0.0,0.0,0.0,132.515,86.9762749621723,45.53872503782769
2026,Monza,FP1,LIN,41,Racing Bulls,15.0,2.0,MEDIUM,5.0,True,84.299,27.6,28.671,28.028,,1,,True,False,True,,,5.0,31.01875,51.34125,False,0.0,0.0,0.0,0.0,0.0,84.299,86.9762749621723,-2.677274962172291
2026,Monza,FP1,LIN,41,Racing Bulls,16.0,2.0,MEDIUM,6.0,True,120.882,39.946,42.779,38.157,,1,,True,False,True,,,5.0,31.01875,51.34125,False,0.0,0.0,0.0,0.0,0.0,120.882,86.9762749621723,33.90572503782771
2026,Monza,FP1,LIN,41,Racing Bulls,17.0,2.0,MEDIUM,7.0,True,90.371,27.937,28.775,33.659,,1,,False,True,True,,,5.0,31.01875,51.34125,False,0.0,0.0,0.0,0.0,0.0,90.371,86.9762749621723,3.3947250378276976
2026,Monza,FP1,LIN,41,Racing Bulls,18.0,3.0,HARD,11.0,False,,,31.096,29.487,,1,,False,True,True,,,5.0,31.01875,51.34125,False,0.0,0.0,0.0,0.0,0.0,,87.39159372168704,
2026,Monza,FP1,LIN,41,Racing Bulls,19.0,3.0,HARD,12.0,False,88.435,29.441,30.114,28.88,,1,,True,False,True,,,5.0,31.01875,51.34125,False,0.0,0.0,0.0,0.0,0.0,88.435,87.39159372168704,1.0434062783129576
2026,Monza,FP1,LIN,41,Racing Bulls,20.0,3.0,HARD,13.0,False,87.61,28.859,29.911,28.84,,1,,True,False,True,,,5.0,31.01875,51.34125,False,0.0,0.0,0.0,0.0,0.0,87.61,87.39159372168704,0.21840627831295478
2026,Monza,FP1,LIN,41,Racing Bulls,21.0,3.0,HARD,14.0,False,87.203,28.677,29.835,28.691,,1,,True,False,True,,,5.0,31.01875,51.34125,False,0.0,0.0,0.0,0.0,0.0,87.203,87.39159372168704,-0.1885937216870417
2026,Monza,FP1,LIN,41,Racing Bulls,22.0,3.0,HARD,15.0,False,87.518,28.932,29.987,28.599,,1,,True,False,True,,,5.0,31.01875,51.34125,False,0.0,0.0,0.0,0.0,0.0,87.518,87.39159372168704,0.12640627831295603
2026,Monza,FP1,LIN,41,Racing Bulls,23.0,3.0,HARD,16.0,False,87.489,28.766,30.055,28.668,,1,,True,False,True,,,5.0,31.01875,51.34125,False,0.0,0.0,0.0,0.0,0.0,87.489,87.39159372168704,0.09740627831295967
2026,Monza,FP1,LIN,41,Racing Bulls,24.0,3.0,HARD,17.0,False,92.236,28.451,30.841,32.944,,1,,False,True,True,,,5.0,31.01875,51.34125,False,0.0,0.0,0.0,0.0,0.0,92.236,87.39159372168704,4.84440627831296
2026,Monza,FP1,LIN,41,Racing Bulls,25.0,4.0,MEDIUM,8.0,False,108.939,49.895,30.197,28.847,,1,,False,True,True,,,5.0,31.01875,51.34125,False,0.0,0.0,0.0,0.0,0.0,108.939,86.9762749621723,21.962725037827695
2026,Monza,FP1,LIN,41,Racing Bulls,26.0,4.0,MEDIUM,9.0,False,88.232,29.165,30.335,28.732,,1,,True,False,True,,,5.0,31.01875,51.34125,False,0.0,0.0,0.0,0.0,0.0,88.232,86.9762749621723,1.2557250378277018
2026,Monza,FP1,LIN,41,Racing Bulls,27.0,4.0,MEDIUM,10.0,False,87.289,28.659,30.246,28.384,,1,,True,False,True,,,5.0,31.01875,51.34125,False,0.0,0.0,0.0,0.0,0.0,87.289,86.9762749621723,0.312725037827704
2026,Monza,FP1,LIN,41,Racing Bulls,28.0,4.0,MEDIUM,11.0,False,119.545,34.325,35.599,49.621,,1,,True,False,True,,,5.0,31.01875,51.34125,False,0.0,0.0,0.0,0.0,0.0,119.545,86.9762749621723,32.568725037827704
2026,Monza,FP1,LIN,41,Racing Bulls,29.0,4.0,MEDIUM,12.0,False,136.841,72.093,30.674,34.074,,1,,False,True,True,,,5.0,31.01875,51.34125,False,0.0,0.0,0.0,0.0,0.0,136.841,86.9762749621723,49.86472503782771
2026,Monza,FP1,COL,43,Alpine,1.0,1.0,MEDIUM,1.0,True,,,34.208,35.052,,1,,False,True,True,,,5.0,31.01875,51.34125,False,0.0,0.0,0.0,0.0,0.0,,86.9762749621723,
2026,Monza,FP1,COL,43,Alpine,2.0,1.0,MEDIUM,2.0,True,86.628,27.65,29.407,29.571,,1,,True,False,True,,,5.0,31.01875,51.34125,False,0.0,0.0,0.0,0.0,0.0,86.628,86.9762749621723,-0.34827496217229736
2026,Monza,FP1,COL,43,Alpine,3.0,1.0,MEDIUM,3.0,True,139.617,50.081,53.561,35.975,,1,,True,False,True,,,5.0,31.01875,51.34125,False,0.0,0.0,0.0,0.0,0.0,139.617,86.9762749621723,52.64072503782769
2026,Monza,FP1,COL,43,Alpine,4.0,1.0,MEDIUM,4.0,True,85.305,27.498,28.986,28.821,,1,,True,False,True,,,5.0,31.01875,51.34125,False,0.0,0.0,0.0,0.0,0.0,85.305,86.9762749621723,-1.6712749621722907
2026,Monza,FP1,COL,43,Alpine,5.0,1.0,MEDIUM,5.0,True,,48.759,62.492,39.591,,1,,False,False,True,,,5.0,31.01875,51.34125,False,0.0,0.0,0.0,0.0,0.0,,86.9762749621723,
2026,Monza,FP1,COL,43,Alpine,6.0,1.0,MEDIUM,6.0,True,84.714,27.404,28.692,28.618,,1,,True,False,True,,,5.0,31.01875,51.34125,False,0.0,0.0,0.0,0.0,0.0,84.714,86.9762749621723,-2.262274962172299
2026,Monza,FP1,COL,43,Alpine,7.0,1.0,MEDIUM,7.0,True,,53.702,62.499,42.78,,1,,False,False,True,,,5.0,31.01875,51.34125,False,0.0,0.0,0.0,0.0,0.0,,86.9762749621723,
2026,Monza,FP1,COL,43,Alpine,8.0,1.0,MEDIUM,8.0,True,84.028,27.31,28.548000000000002,28.17,,1,,True,False,True,,,5.0,31.01875,51.34125,False,0.0,0.0,0.0,0.0,0.0,84.028,86.9762749621723,-2.9482749621722917
2026,Monza,FP1,COL,43,Alpine,9.0,1.0,MEDIUM,9.0,True,138.35,38.292,52.703,47.355,,126,,False,True,False,,,5.0,31.01875,51.34125,False,0.0,0.0,0.0,0.0,0.0,138.35,86.9762749621723,51.3737250378277
2026,Monza,FP1,COL,43,Alpine,10.0,2.0,SOFT,1.0,True,,,34.412,33.069,,1,,False,True,True,,,5.0,31.01875,51.34125,False,0.0,0.0,0.0,0.0,0.0,,87.82465681971678,
2026,Monza,FP1,COL,43,Alpine,11.0,2.0,SOFT,2.0,True,131.171,46.01,50.22,34.941,,1,,True,False,True,,,5.0,31.01875,51.34125,False,0.0,0.0,0.0,0.0,0.0,131.171,87.82465681971678,43.34634318028321
2026,Monza,FP1,COL,43,Alpine,12.0,2.0,SOFT,3.0,True,126.151,34.85,53.255,38.046,,1,,True,False,True,,,5.0,31.01875,51.34125,False,0.0,0.0,0.0,0.0,0.0,126.151,87.82465681971678,38.32634318028322
2026,Monza,FP1,COL,43,Alpine,13.0,2.0,SOFT,4.0,True,87.823,27.26,28.264,32.299,,1,,True,False,True,,,5.0,31.01875,51.34125,False,0.0,0.0,0.0,0.0,0.0,87.823,87.82465681971678,-0.0016568197167856624
2026,Monza,FP1,COL,43,Alpine,14.0,2.0,SOFT,5.0,True,,55.812,59.836,35.255,,1,,False,False,True,,,5.0,31.01875,51.34125,False,0.0,0.0,0.0,0.0,0.0,,87.82465681971678,
2026,Monza,FP1,COL,43,Alpine,15.0,2.0,SOFT,6.0,True,127.861,27.278,39.4,61.183,,1,,False,True,True,,,5.0,31.01875,51.34125,False,0.0,0.0,0.0,0.0,0.0,127.861,87.82465681971678,40.036343180283225
2026,Monza,FP1,COL,43,Alpine,16.0,3.0,MEDIUM,10.0,False,,,32.005,31.312,,1,,False,True,True,,,5.0,31.01875,51.34125,False,0.0,0.0,0.0,0.0,0.0,,86.9762749621723,
2026,Monza,FP1,COL,43,Alpine,17.0,3.0,MEDIUM,11.0,False,88.274,28.777,30.017,29.48,,1,,True,False,True,,,5.0,31.01875,51.34125,False,0.0,0.0,0.0,0.0,0.0,88.274,86.9762749621723,1.2977250378277034
2026,Monza,FP1,COL,43,Alpine,18.0,3.0,MEDIUM,12.0,False,87.853,28.801,30.148,28.904,,1,,True,False,True,,,5.0,31.01875,51.34125,False,0.0,0.0,0.0,0.0,0.0,87.853,86.9762749621723,0.876725037827697
2026,Monza,FP1,COL,43,Alpine,19.0,3.0,MEDIUM,13.0,False,87.192,28.718,29.71,28.764,,1,,True,False,True,,,5.0,31.01875,51.34125,False,0.0,0.0,0.0,0.0,0.0,87.192,86.9762749621723,0.2157250378276956
2026,Monza,FP1,COL,43,Alpine,20.0,3.0,MEDIUM,14.0,False,87.091,28.53,29.819,28.742,,1,,True,False,True,,,5.0,31.01875,51.34125,False,0.0,0.0,0.0,0.0,0.0,87.091,86.9762749621723,0.1147250378276965
2026,Monza,FP1,COL,43,Alpine,21.0,3.0,MEDIUM,15.0,False,87.115,28.474,29.791,28.85,,1,,True,False,True,,,5.0,31.01875,51.34125,False,0.0,0.0,0.0,0.0,0.0,87.115,86.9762749621723,0.1387250378276974
2026,Monza,FP1,COL,43,Alpine,22.0,3.0,MEDIUM,16.0,False,86.73,28.296,29.705,28.729,,1,,True,False,True,,,5.0,31.01875,51.34125,False,0.0,0.0,0.0,0.0,0.0,86.73,86.9762749621723,-0.2462749621722935
2026,Monza,FP1,COL,43,Alpine,23.0,3.0,MEDIUM,17.0,False,86.92,28.433,29.696,28.791,,1,,True,False,True,,,5.0,31.01875,51.34125,False,0.0,0.0,0.0,0.0,0.0,86.92,86.9762749621723,-0.05627496217229577
2026,Monza,FP1,COL,43,Alpine,24.0,3.0,MEDIUM,18.0,False,86.728,28.276,29.732,28.72,,1,,True,False,True,,,5.0,31.01875,51.34125,False,0.0,0.0,0.0,0.0,0.0,86.728,86.9762749621723,-0.24827496217230305
2026,Monza,FP1,COL,43,Alpine,25.0,3.0,MEDIUM,19.0,False,86.449,28.229,29.64,28.58,,1,,True,False,True,,,5.0,31.01875,51.34125,False,0.0,0.0,0.0,0.0,0.0,86.449,86.9762749621723,-0.5272749621722994
2026,Monza,FP1,COL,43,Alpine,26.0,3.0,MEDIUM,20.0,False,134.812,37.791,42.797,54.224,,1,,True,False,True,,,5.0,31.01875,51.34125,False,0.0,0.0,0.0,0.0,0.0,134.812,86.9762749621723,47.835725037827714
2026,Monza,FP1,COL,43,Alpine,27.0,3.0,MEDIUM,21.0,False,148.45,78.096,32.692,37.662,,1,,False,True,True,,,5.0,31.01875,51.34125,False,0.0,0.0,0.0,0.0,0.0,148.45,86.9762749621723,61.47372503782769
2026,Monza,FP1,HAM,44,Ferrari,1.0,1.0,HARD,1.0,True,,,35.832,32.995,,1,,False,True,True,,,5.0,31.01875,51.34125,False,0.0,0.0,0.0,0.0,0.0,,87.39159372168704,
2026,Monza,FP1,HAM,44,Ferrari,2.0,1.0,HARD,2.0,True,86.748,28.473,29.408,28.867,,1,,True,False,True,,,5.0,31.01875,51.34125,False,0.0,0.0,0.0,0.0,0.0,86.748,87.39159372168704,-0.64359372168704
2026,Monza,FP1,HAM,44,Ferrari,3.0,1.0,HARD,3.0,True,131.09,46.011,49.71,35.369,,1,,True,False,True,,,5.0,31.01875,51.34125,False,0.0,0.0,0.0,0.0,0.0,131.09,87.39159372168704,43.69840627831296
2026,Monza,FP1,HAM,44,Ferrari,4.0,1.0,HARD,4.0,True,85.743,27.91,28.951999999999998,28.881,,1,,True,False,True,,,5.0,31.01875,51.34125,False,0.0,0.0,0.0,0.0,0.0,85.743,87.39159372168704,-1.6485937216870497
2026,Monza,FP1,HAM,44,Ferrari,5.0,1.0,HARD,5.0,True,135.342,48.806,49.456,37.08,,1,,True,False,True,,,5.0,31.01875,51.34125,False,0.0,0.0,0.0,0.0,0.0,135.342,87.39159372168704,47.95040627831297
2026,Monza,FP1,HAM,44,Ferrari,6.0,1.0,HARD,6.0,True,84.291,27.795,28.526,27.97,,1,,True,False,True,,,5.0,31.01875,51.34125,False,0.0,0.0,0.0,0.0,0.0,84.291,87.39159372168704,-3.100593721687048
2026,Monza,FP1,HAM,44,Ferrari,7.0,1.0,HARD,7.0,True,,57.642,67.772,35.295,,1,,False,False,True,,,5.0,31.01875,51.34125,False,0.0,0.0,0.0,0.0,0.0,,87.39159372168704,
2026,Monza,FP1,HAM,44,Ferrari,8.0,1.0,HARD,8.0,True,83.891,27.668,28.448,27.775,,1,,True,False,True,,,5.0,31.01875,51.34125,False,0.0,0.0,0.0,0.0,0.0,83.891,87.39159372168704,-3.5005937216870393
2026,Monza,FP1,HAM,44,Ferrari,9.0,1.0,HARD,9.0,True,123.878,39.402,37.349,47.127,,126,,False,True,False,,,5.0,31.01875,51.34125,False,0.0,0.0,0.0,0.0,0.0,123.878,87.39159372168704,36.486406278312955
2026,Monza,FP1,HAM,44,Ferrari,10.0,2.0,MEDIUM,1.0,True,,,35.938,33.052,,1,,False,True,True,,,5.0,31.01875,51.34125,False,0.0,0.0,0.0,0.0,0.0,,86.9762749621723,
2026,Monza,FP1,HAM,44,Ferrari,11.0,2.0,MEDIUM,2.0,True,113.398,34.328,44.195,34.875,,1,,True,False,True,,,5.0,31.01875,51.34125,False,0.0,0.0,0.0,0.0,0.0,113.398,86.9762749621723,26.4217250378277
2026,Monza,FP1,HAM,44,Ferrari,12.0,2.0,MEDIUM,3.0,True,117.21,32.744,46.845,37.621,,1,,True,False,True,,,5.0,31.01875,51.34125,False,0.0,0.0,0.0,0.0,0.0,117.21,86.9762749621723,30.233725037827696
2026,Monza,FP1,HAM,44,Ferrari,13.0,2.0,MEDIUM,4.0,True,83.561,27.359,28.39,27.812,,1,,True,False,True,,,5.0,31.01875,51.34125,False,0.0,0.0,0.0,0.0,0.0,83.561,86.9762749621723,-3.4152749621722904
2026,Monza,FP1,HAM,44,Ferrari,14.0,2.0,MEDIUM,5.0,True,,51.298,58.958,58.423,,1,,False,True,True,,,5.0,31.01875,51.34125,False,0.0,0.0,0.0,0.0,0.0,,86.9762749621723,
2026,Monza,FP1,HAM,44,Ferrari,15.0,3.0,MEDIUM,6.0,False,148.977,82.357,33.383,33.237,,1,,False,True,True,,,5.0,31.01875,51.34125,False,0.0,0.0,0.0,0.0,0.0,148.977,86.9762749621723,62.000725037827706
2026,Monza,FP1,HAM,44,Ferrari,16.0,3.0,MEDIUM,7.0,False,114.439,30.564,46.69,37.185,,1,,True,False,True,,,5.0,31.01875,51.34125,False,0.0,0.0,0.0,0.0,0.0,114.439,86.9762749621723,27.462725037827695
2026,Monza,FP1,HAM,44,Ferrari,17.0,3.0,MEDIUM,8.0,False,104.974,33.934,40.125,30.915,,1,,True,False,True,,,5.0,31.01875,51.34125,False,0.0,0.0,0.0,0.0,0.0,104.974,86.9762749621723,17.997725037827706
2026,Monza,FP1,HAM,44,Ferrari,18.0,3.0,MEDIUM,9.0,False,83.181,27.345,28.245,27.591,,1,,True,False,True,,,5.0,31.01875,51.34125,False,0.0,0.0,0.0,0.0,0.0,83.181,86.9762749621723,-3.7952749621723
2026,Monza,FP1,HAM,44,Ferrari,19.0,3.0,MEDIUM,10.0,False,99.341,31.561,30.029,37.751,,1,,False,True,True,,,5.0,31.01875,51.34125,False,0.0,0.0,0.0,0.0,0.0,99.341,86.9762749621723,12.364725037827696
2026,Monza,FP1,HAM,44,Ferrari,20.0,4.0,MEDIUM,11.0,False,,,31.483,29.396,,1,,False,True,True,,,5.0,31.01875,51.34125,False,0.0,0.0,0.0,0.0,0.0,,86.9762749621723,
2026,Monza,FP1,HAM,44,Ferrari,21.0,4.0,MEDIUM,12.0,False,87.793,29.524,29.826,28.443,,1,,True,False,True,,,5.0,31.01875,51.34125,False,0.0,0.0,0.0,0.0,0.0,87.793,86.9762749621723,0.8167250378277089
2026,Monza,FP1,HAM,44,Ferrari,22.0,4.0,MEDIUM,13.0,False,86.88,28.865,29.588,28.427,,1,,True,False,True,,,5.0,31.01875,51.34125,False,0.0,0.0,0.0,0.0,0.0,86.88,86.9762749621723,-0.09627496217230203
2026,Monza,FP1,HAM,44,Ferrari,23.0,4.0,MEDIUM,14.0,False,88.776,28.73,31.337,28.709,,1,,True,False,True,,,5.0,31.01875,51.34125,False,0.0,0.0,0.0,0.0,0.0,88.776,86.9762749621723,1.7997250378276988
2026,Monza,FP1,HAM,44,Ferrari,24.0,4.0,MEDIUM,15.0,False,87.946,28.67,30.691,28.585,,1,,True,False,True,,,5.0,31.01875,51.34125,False,0.0,0.0,0.0,0.0,0.0,87.946,86.9762749621723,0.9697250378277005
2026,Monza,FP1,HAM,44,Ferrari,25.0,4.0,MEDIUM,16.0,False,121.69,30.648,41.22,49.822,,1,,True,False,True,,,5.0,31.01875,51.34125,False,0.0,0.0,0.0,0.0,0.0,121.69,86.9762749621723,34.7137250378277
2026,Monza,FP1,HAM,44,Ferrari,26.0,4.0,MEDIUM,17.0,False,149.001,81.541,32.764,34.696,,1,,False,True,True,,,5.0,31.01875,51.34125,False,0.0,0.0,0.0,0.0,0.0,149.001,86.9762749621723,62.02472503782771
2026,Monza,FP1,BRO,46,Williams,1.0,1.0,HARD,1.0,True,,,36.09,34.199,,1,,False,True,True,,,5.0,31.01875,51.34125,False,0.0,0.0,0.0,0.0,0.0,,87.39159372168704,
2026,Monza,FP1,BRO,46,Williams,2.0,1.0,HARD,2.0,True,97.541,28.569,31.809,37.163,,1,,False,True,True,,,5.0,31.01875,51.34125,False,0.0,0.0,0.0,0.0,0.0,97.541,87.39159372168704,10.149406278312952
2026,Monza,FP1,BRO,46,Williams,3.0,2.0,HARD,3.0,False,,,45.298,32.869,,1,,False,True,True,,,5.0,31.01875,51.34125,False,0.0,0.0,0.0,0.0,0.0,,87.39159372168704,
2026,Monza,FP1,BRO,46,Williams,4.0,2.0,HARD,4.0,False,89.296,29.558,29.484,30.254,,1,,True,False,True,,,5.0,31.01875,51.34125,False,0.0,0.0,0.0,0.0,0.0,89.296,87.39159372168704,1.9044062783129618
2026,Monza,FP1,BRO,46,Williams,5.0,2.0,HARD,5.0,False,116.035,36.502,43.864,35.669,,1,,True,False,True,,,5.0,31.01875,51.34125,False,0.0,0.0,0.0,0.0,0.0,116.035,87.39159372168704,28.643406278312952
2026,Monza,FP1,BRO,46,Williams,6.0,2.0,HARD,6.0,False,103.115,28.783,32.312,42.02,,126,,False,False,False,,,5.0,31.01875,51.34125,False,0.0,0.0,0.0,0.0,0.0,103.115,87.39159372168704,15.72340627831295
2026,Monza,FP1,BRO,46,Williams,7.0,2.0,HARD,7.0,False,,42.36,,,,6512,,False,True,False,,,5.0,31.01875,51.34125,False,0.0,0.0,0.0,0.0,0.0,,87.39159372168704,
2026,Monza,FP1,BRO,46,Williams,8.0,3.0,HARD,8.0,False,,,33.687,32.248,,1,,False,True,True,,,5.0,31.01875,51.34125,False,0.0,0.0,0.0,0.0,0.0,,87.39159372168704,
2026,Monza,FP1,BRO,46,Williams,9.0,3.0,HARD,9.0,False,97.62,27.507,37.54,32.573,,1,,True,False,True,,,5.0,31.01875,51.34125,False,0.0,0.0,0.0,0.0,0.0,97.62,87.39159372168704,10.22840627831296
2026,Monza,FP1,BRO,46,Williams,10.0,3.0,HARD,10.0,False,86.093,27.751,29.21,29.132,,1,,True,False,True,,,5.0,31.01875,51.34125,False,0.0,0.0,0.0,0.0,0.0,86.093,87.39159372168704,-1.2985937216870411
2026,Monza,FP1,BRO,46,Williams,11.0,3.0,HARD,11.0,False,108.247,35.282,38.853,34.112,,1,,True,False,True,,,5.0,31.01875,51.34125,False,0.0,0.0,0.0,0.0,0.0,108.247,87.39159372168704,20.855406278312955
2026,Monza,FP1,BRO,46,Williams,12.0,3.0,HARD,12.0,False,85.62,27.52,29.02,29.08,,1,,True,False,True,,,5.0,31.01875,51.34125,False,0.0,0.0,0.0,0.0,0.0,85.62,87.39159372168704,-1.77159372168704
2026,Monza,FP1,BRO,46,Williams,13.0,3.0,HARD,13.0,False,121.137,39.226,36.928,44.983,,1,,False,True,True,,,5.0,31.01875,51.34125,False,0.0,0.0,0.0,0.0,0.0,121.137,87.39159372168704,33.745406278312956
2026,Monza,FP1,BRO,46,Williams,14.0,4.0,SOFT,1.0,True,,,32.691,32.161,,1,,False,True,True,,,5.0,31.01875,51.34125,False,0.0,0.0,0.0,0.0,0.0,,87.82465681971678,
2026,Monza,FP1,BRO,46,Williams,15.0,4.0,SOFT,2.0,True,100.571,27.897,37.957,34.717,,1,,True,False,True,,,5.0,31.01875,51.34125,False,0.0,0.0,0.0,0.0,0.0,100.571,87.82465681971678,12.746343180283219
2026,Monza,FP1,BRO,46,Williams,16.0,4.0,SOFT,3.0,True,85.339,27.517,28.933,28.889,,1,,True,False,True,,,5.0,31.01875,51.34125,False,0.0,0.0,0.0,0.0,0.0,85.339,87.82465681971678,-2.4856568197167803
2026,Monza,FP1,BRO,46,Williams,17.0,4.0,SOFT,4.0,True,118.338,35.549,39.813,42.976,,1,,True,False,True,,,5.0,31.01875,51.34125,False,0.0,0.0,0.0,0.0,0.0,118.338,87.82465681971678,30.513343180283215
2026,Monza,FP1,BRO,46,Williams,18.0,4.0,SOFT,5.0,True,105.603,36.575,36.613,32.415,,1,,True,False,True,,,5.0,31.01875,51.34125,False,0.0,0.0,0.0,0.0,0.0,105.603,87.82465681971678,17.778343180283215
2026,Monza,FP1,BRO,46,Williams,19.0,4.0,SOFT,6.0,True,84.74,27.418,28.77,28.552,,1,,True,False,True,,,5.0,31.01875,51.34125,False,0.0,0.0,0.0,0.0,0.0,84.74,87.82465681971678,-3.084656819716784
2026,Monza,FP1,BRO,46,Williams,20.0,4.0,SOFT,7.0,True,118.175,34.46,44.882,38.833,,1,,True,False,True,,,5.0,31.01875,51.34125,False,0.0,0.0,0.0,0.0,0.0,118.175,87.82465681971678,30.350343180283218
2026,Monza,FP1,BRO,46,Williams,21.0,4.0,SOFT,8.0,True,100.494,33.821,34.344,32.329,,1,,True,False,True,,,5.0,31.01875,51.34125,False,0.0,0.0,0.0,0.0,0.0,100.494,87.82465681971678,12.66934318028322
2026,Monza,FP1,BRO,46,Williams,22.0,4.0,SOFT,9.0,True,85.073,27.263,29.044,28.766,,1,,True,False,True,,,5.0,31.01875,51.34125,False,0.0,0.0,0.0,0.0,0.0,85.073,87.82465681971678,-2.7516568197167857
2026,Monza,FP1,BRO,46,Williams,23.0,4.0,SOFT,10.0,True,118.161,34.825,48.745,34.591,,1,,True,False,True,,,5.0,31.01875,51.34125,False,0.0,0.0,0.0,0.0,0.0,118.161,87.82465681971678,30.336343180283222
2026,Monza,FP1,BRO,46,Williams,24.0,4.0,SOFT,11.0,True,84.803,27.234,28.957,28.612,,1,,True,False,True,,,5.0,31.01875,51.34125,False,0.0,0.0,0.0,0.0,0.0,84.803,87.82465681971678,-3.0216568197167817
2026,Monza,FP1,BRO,46,Williams,25.0,4.0,SOFT,12.0,True,111.908,33.207,36.351,42.35,,1,,False,True,True,,,5.0,31.01875,51.34125,False,0.0,0.0,0.0,0.0,0.0,111.908,87.82465681971678,24.083343180283222
2026,Monza,FP1,SAI,55,Williams,1.0,1.0,HARD,1.0,True,,,34.15,36.225,,1,,False,True,True,,,5.0,31.01875,51.34125,False,0.0,0.0,0.0,0.0,0.0,,87.39159372168704,
2026,Monza,FP1,SAI,55,Williams,2.0,1.0,HARD,2.0,True,87.205,27.95,29.473,29.782,,1,,True,False,True,,,5.0,31.01875,51.34125,False,0.0,0.0,0.0,0.0,0.0,87.205,87.39159372168704,-0.18659372168704635
2026,Monza,FP1,SAI,55,Williams,3.0,1.0,HARD,3.0,True,126.259,41.136,47.747,37.376,,1,,True,False,True,,,5.0,31.01875,51.34125,False,0.0,0.0,0.0,0.0,0.0,126.259,87.39159372168704,38.867406278312956
2026,Monza,FP1,SAI,55,Williams,4.0,1.0,HARD,4.0,True,86.187,27.678,29.124,29.385,,1,,True,False,True,,,5.0,31.01875,51.34125,False,0.0,0.0,0.0,0.0,0.0,86.187,87.39159372168704,-1.204593721687047
2026,Monza,FP1,SAI,55,Williams,5.0,1.0,HARD,5.0,True,128.236,39.058,49.548,39.63,,1,,True,False,True,,,5.0,31.01875,51.34125,False,0.0,0.0,0.0,0.0,0.0,128.236,87.39159372168704,40.844406278312945
2026,Monza,FP1,SAI,55,Williams,6.0,1.0,HARD,6.0,True,97.306,27.783,29.057,40.466,,1,,False,True,True,,,5.0,31.01875,51.34125,False,0.0,0.0,0.0,0.0,0.0,97.306,87.39159372168704,9.914406278312953
2026,Monza,FP1,SAI,55,Williams,7.0,2.0,HARD,7.0,False,,,35.896,33.18,,1,,False,True,True,,,5.0,31.01875,51.34125,False,0.0,0.0,0.0,0.0,0.0,,87.39159372168704,
2026,Monza,FP1,SAI,55,Williams,8.0,2.0,HARD,8.0,False,85.487,27.461,28.886,29.14,,1,,True,False,True,,,5.0,31.01875,51.34125,False,0.0,0.0,0.0,0.0,0.0,85.487,87.39159372168704,-1.9045937216870499
2026,Monza,FP1,SAI,55,Williams,9.0,2.0,HARD,9.0,False,120.407,40.807,42.561,37.039,,1,,True,False,True,,,5.0,31.01875,51.34125,False,0.0,0.0,0.0,0.0,0.0,120.407,87.39159372168704,33.01540627831295
2026,Monza,FP1,SAI,55,Williams,10.0,2.0,HARD,10.0,False,96.773,30.349,28.909,37.515,,1,,False,True,True,,,5.0,31.01875,51.34125,False,0.0,0.0,0.0,0.0,0.0,96.773,87.39159372168704,9.381406278312951
2026,Monza,FP1,SAI,55,Williams,11.0,3.0,MEDIUM,1.0,True,,,32.255,35.772,,1,,False,True,True,,,5.0,31.01875,51.34125,False,0.0,0.0,0.0,0.0,0.0,,86.9762749621723,
2026,Monza,FP1,SAI,55,Williams,12.0,3.0,MEDIUM,2.0,True,84.903,27.315,28.914,28.674,,1,,True,False,True,,,5.0,31.01875,51.34125,False,0.0,0.0,0.0,0.0,0.0,84.903,86.9762749621723,-2.0732749621722917
2026,Monza,FP1,SAI,55,Williams,13.0,3.0,MEDIUM,3.0,True,124.753,43.407,46.436,34.91,,1,,True,False,True,,,5.0,31.01875,51.34125,False,0.0,0.0,0.0,0.0,0.0,124.753,86.9762749621723,37.7767250378277
2026,Monza,FP1,SAI,55,Williams,14.0,3.0,MEDIUM,4.0,True,85.043,27.357,28.967,28.719,,1,,True,False,True,,,5.0,31.01875,51.34125,False,0.0,0.0,0.0,0.0,0.0,85.043,86.9762749621723,-1.9332749621722911
2026,Monza,FP1,SAI,55,Williams,15.0,3.0,MEDIUM,5.0,True,129.435,46.191,47.004,36.24,,1,,True,False,True,,,5.0,31.01875,51.34125,False,0.0,0.0,0.0,0.0,0.0,129.435,86.9762749621723,42.458725037827705
2026,Monza,FP1,SAI,55,Williams,16.0,3.0,MEDIUM,6.0,True,84.827,27.561,28.744,28.522,,1,,True,False,True,,,5.0,31.01875,51.34125,False,0.0,0.0,0.0,0.0,0.0,84.827,86.9762749621723,-2.1492749621722993
2026,Monza,FP1,SAI,55,Williams,17.0,3.0,MEDIUM,7.0,True,127.621,43.99,49.42,34.211,,1,,True,False,True,,,5.0,31.01875,51.34125,False,0.0,0.0,0.0,0.0,0.0,127.621,86.9762749621723,40.6447250378277
2026,Monza,FP1,SAI,55,Williams,18.0,3.0,MEDIUM,8.0,True,98.244,29.986,31.339,36.919,,1,,False,True,True,,,5.0,31.01875,51.34125,False,0.0,0.0,0.0,0.0,0.0,98.244,86.9762749621723,11.267725037827702
2026,Monza,FP1,SAI,55,Williams,19.0,4.0,MEDIUM,9.0,False,116.432,53.698,33.055,29.679,,1,,False,True,True,,,5.0,31.01875,51.34125,False,0.0,0.0,0.0,0.0,0.0,116.432,86.9762749621723,29.455725037827705
2026,Monza,FP1,SAI,55,Williams,20.0,4.0,MEDIUM,10.0,False,85.87,27.966,29.126,28.778,,1,,True,False,True,,,5.0,31.01875,51.34125,False,0.0,0.0,0.0,0.0,0.0,85.87,86.9762749621723,-1.106274962172293
2026,Monza,FP1,SAI,55,Williams,21.0,4.0,MEDIUM,11.0,False,86.212,28.293,29.289,28.63,,1,,True,False,True,,,5.0,31.01875,51.34125,False,0.0,0.0,0.0,0.0,0.0,86.212,86.9762749621723,-0.7642749621722942
2026,Monza,FP1,SAI,55,Williams,22.0,4.0,MEDIUM,12.0,False,86.709,28.087,29.409,29.213,,1,,True,False,True,,,5.0,31.01875,51.34125,False,0.0,0.0,0.0,0.0,0.0,86.709,86.9762749621723,-0.2672749621722943
2026,Monza,FP1,SAI,55,Williams,23.0,4.0,MEDIUM,13.0,False,86.373,28.302,29.282,28.789,,1,,True,False,True,,,5.0,31.01875,51.34125,False,0.0,0.0,0.0,0.0,0.0,86.373,86.9762749621723,-0.6032749621722928
2026,Monza,FP1,SAI,55,Williams,24.0,4.0,MEDIUM,14.0,False,120.266,30.701999999999998,41.115,48.449,,1,,True,False,True,,,5.0,31.01875,51.34125,False,0.0,0.0,0.0,0.0,0.0,120.266,86.9762749621723,33.28972503782771
2026,Monza,FP1,SAI,55,Williams,25.0,4.0,MEDIUM,15.0,False,149.226,74.752,33.762,40.712,,1,,False,True,True,,,5.0,31.01875,51.34125,False,0.0,0.0,0.0,0.0,0.0,149.226,86.9762749621723,62.2497250378277
2026,Monza,FP1,ARO,61,Alpine,1.0,1.0,MEDIUM,1.0,True,,,40.989,47.733,,1,,False,True,True,,,5.0,31.01875,51.34125,False,0.0,0.0,0.0,0.0,0.0,,86.9762749621723,
2026,Monza,FP1,ARO,61,Alpine,2.0,2.0,MEDIUM,2.0,False,,57.727,38.948,57.827,,1,,False,True,True,,,5.0,31.01875,51.34125,False,0.0,0.0,0.0,0.0,0.0,,86.9762749621723,
2026,Monza,FP1,ARO,61,Alpine,3.0,3.0,MEDIUM,3.0,False,,,35.659,33.171,,1,,False,True,True,,,5.0,31.01875,51.34125,False,0.0,0.0,0.0,0.0,0.0,,86.9762749621723,
2026,Monza,FP1,ARO,61,Alpine,4.0,3.0,MEDIUM,4.0,False,128.45,27.884,51.027,49.539,,126,,False,False,False,,,5.0,31.01875,51.34125,False,0.0,0.0,0.0,0.0,0.0,128.45,86.9762749621723,41.47372503782769
2026,Monza,FP1,ARO,61,Alpine,5.0,3.0,MEDIUM,5.0,False,,,,,,6512,,False,True,False,,,5.0,31.01875,51.34125,False,0.0,0.0,0.0,0.0,0.0,,86.9762749621723,
2026,Monza,FP1,ARO,61,Alpine,6.0,4.0,MEDIUM,6.0,False,,,35.297,32.039,,1,,False,True,True,,,5.0,31.01875,51.34125,False,0.0,0.0,0.0,0.0,0.0,,86.9762749621723,
2026,Monza,FP1,ARO,61,Alpine,7.0,4.0,MEDIUM,7.0,False,85.081,27.515,28.847,28.719,,1,,True,False,True,,,5.0,31.01875,51.34125,False,0.0,0.0,0.0,0.0,0.0,85.081,86.9762749621723,-1.8952749621722944
2026,Monza,FP1,ARO,61,Alpine,8.0,4.0,MEDIUM,8.0,False,129.773,36.997,49.711,43.065,,1,,True,False,True,,,5.0,31.01875,51.34125,False,0.0,0.0,0.0,0.0,0.0,129.773,86.9762749621723,42.7967250378277
2026,Monza,FP1,ARO,61,Alpine,9.0,4.0,MEDIUM,9.0,False,84.979,27.55,28.869,28.56,,1,,True,False,True,,,5.0,31.01875,51.34125,False,0.0,0.0,0.0,0.0,0.0,84.979,86.9762749621723,-1.9972749621722983
2026,Monza,FP1,ARO,61,Alpine,10.0,4.0,MEDIUM,10.0,False,149.607,49.892,62.046,37.669,,1,,True,False,True,,,5.0,31.01875,51.34125,False,0.0,0.0,0.0,0.0,0.0,149.607,86.9762749621723,62.6307250378277
2026,Monza,FP1,ARO,61,Alpine,11.0,4.0,MEDIUM,11.0,False,84.894,27.32,28.7,28.874,,1,,True,False,True,,,5.0,31.01875,51.34125,False,0.0,0.0,0.0,0.0,0.0,84.894,86.9762749621723,-2.082274962172292
2026,Monza,FP1,ARO,61,Alpine,12.0,4.0,MEDIUM,12.0,False,111.478,35.959,36.577,38.942,,1,,False,True,True,,,5.0,31.01875,51.34125,False,0.0,0.0,0.0,0.0,0.0,111.478,86.9762749621723,24.501725037827697
2026,Monza,FP1,ARO,61,Alpine,13.0,5.0,SOFT,1.0,True,,,33.586,31.633,,1,,False,True,True,,,5.0,31.01875,51.34125,False,0.0,0.0,0.0,0.0,0.0,,87.82465681971678,
2026,Monza,FP1,ARO,61,Alpine,14.0,5.0,SOFT,2.0,True,84.766,27.411,28.66,28.695,,1,,True,False,True,,,5.0,31.01875,51.34125,False,0.0,0.0,0.0,0.0,0.0,84.766,87.82465681971678,-3.0586568197167736
2026,Monza,FP1,ARO,61,Alpine,15.0,5.0,SOFT,3.0,True,,42.836,51.219,56.475,,1,,False,True,True,,,5.0,31.01875,51.34125,False,0.0,0.0,0.0,0.0,0.0,,87.82465681971678,
2026,Monza,FP1,ARO,61,Alpine,16.0,6.0,SOFT,4.0,False,141.149,64.228,38.955,37.966,,1,,False,True,True,,,5.0,31.01875,51.34125,False,0.0,0.0,0.0,0.0,0.0,141.149,87.82465681971678,53.32434318028322
2026,Monza,FP1,ARO,61,Alpine,17.0,6.0,SOFT,5.0,False,84.479,27.359,28.652,28.468,,1,,True,False,True,,,5.0,31.01875,51.34125,False,0.0,0.0,0.0,0.0,0.0,84.479,87.82465681971678,-3.3456568197167798
2026,Monza,FP1,ARO,61,Alpine,18.0,6.0,SOFT,6.0,False,,44.683,57.273,61.03,,1,,False,True,True,,,5.0,31.01875,51.34125,False,0.0,0.0,0.0,0.0,0.0,,87.82465681971678,
2026,Monza,FP1,ARO,61,Alpine,19.0,7.0,SOFT,7.0,False,134.104,65.226,36.83,32.048,,1,,False,True,True,,,5.0,31.01875,51.34125,False,0.0,0.0,0.0,0.0,0.0,134.104,87.82465681971678,46.279343180283234
2026,Monza,FP1,ARO,61,Alpine,20.0,7.0,SOFT,8.0,False,115.852,32.081,47.427,36.344,,1,,True,False,True,,,5.0,31.01875,51.34125,False,0.0,0.0,0.0,0.0,0.0,115.852,87.82465681971678,28.027343180283225
2026,Monza,FP1,ARO,61,Alpine,21.0,7.0,SOFT,9.0,False,84.177,27.272,28.432,28.473,,1,,True,False,True,,,5.0,31.01875,51.34125,False,0.0,0.0,0.0,0.0,0.0,84.177,87.82465681971678,-3.6476568197167722
2026,Monza,FP1,ARO,61,Alpine,22.0,7.0,SOFT,10.0,False,127.305,37.392,33.283,56.63,,1,,True,False,True,,,5.0,31.01875,51.34125,False,0.0,0.0,0.0,0.0,0.0,127.305,87.82465681971678,39.48034318028323
2026,Monza,FP1,ARO,61,Alpine,23.0,7.0,SOFT,11.0,False,136.857,71.076,29.307,36.474,,1,,False,True,True,,,5.0,31.01875,51.34125,False,0.0,0.0,0.0,0.0,0.0,136.857,87.82465681971678,49.03234318028322
2026,Monza,FP1,RUS,63,Mercedes,1.0,1.0,MEDIUM,1.0,True,,,39.425,33.688,,1,,False,True,True,,,5.0,31.01875,51.34125,False,0.0,0.0,0.0,0.0,0.0,,86.9762749621723,
2026,Monza,FP1,RUS,63,Mercedes,2.0,1.0,MEDIUM,2.0,True,85.259,27.499,28.909,28.851,,1,,True,False,True,,,5.0,31.01875,51.34125,False,0.0,0.0,0.0,0.0,0.0,85.259,86.9762749621723,-1.7172749621722971
2026,Monza,FP1,RUS,63,Mercedes,3.0,1.0,MEDIUM,3.0,True,143.645,57.203,53.11,33.332,,1,,True,False,True,,,5.0,31.01875,51.34125,False,0.0,0.0,0.0,0.0,0.0,143.645,86.9762749621723,56.66872503782771
2026,Monza,FP1,RUS,63,Mercedes,4.0,1.0,MEDIUM,4.0,True,109.513,27.55,46.77,35.193,,1,,True,False,True,,,5.0,31.01875,51.34125,False,0.0,0.0,0.0,0.0,0.0,109.513,86.9762749621723,22.536725037827708
2026,Monza,FP1,RUS,63,Mercedes,5.0,1.0,MEDIUM,5.0,True,84.57,27.624,28.615,28.331,,1,,True,False,True,,,5.0,31.01875,51.34125,False,0.0,0.0,0.0,0.0,0.0,84.57,86.9762749621723,-2.4062749621723043
2026,Monza,FP1,RUS,63,Mercedes,6.0,1.0,MEDIUM,6.0,True,142.115,57.269,52.628,32.218,,1,,True,False,True,,,5.0,31.01875,51.34125,False,0.0,0.0,0.0,0.0,0.0,142.115,86.9762749621723,55.13872503782771
2026,Monza,FP1,RUS,63,Mercedes,7.0,1.0,MEDIUM,7.0,True,83.802,27.376,28.286,28.14,,1,,True,False,True,,,5.0,31.01875,51.34125,False,0.0,0.0,0.0,0.0,0.0,83.802,86.9762749621723,-3.1742749621722908
2026,Monza,FP1,RUS,63,Mercedes,8.0,1.0,MEDIUM,8.0,True,142.17,59.435,41.634,41.101,,1,,False,True,True,,,5.0,31.01875,51.34125,False,0.0,0.0,0.0,0.0,0.0,142.17,86.9762749621723,55.19372503782769
2026,Monza,FP1,RUS,63,Mercedes,9.0,2.0,SOFT,1.0,True,,,33.593,31.179,,1,,False,True,True,,,5.0,31.01875,51.34125,False,0.0,0.0,0.0,0.0,0.0,,87.82465681971678,
2026,Monza,FP1,RUS,63,Mercedes,10.0,2.0,SOFT,2.0,True,83.312,27.39,28.011,27.911,,1,,True,False,True,,,5.0,31.01875,51.34125,False,0.0,0.0,0.0,0.0,0.0,83.312,87.82465681971678,-4.512656819716781
2026,Monza,FP1,RUS,63,Mercedes,11.0,2.0,SOFT,3.0,True,136.962,46.667,48.74,41.555,,1,,False,True,True,,,5.0,31.01875,51.34125,False,0.0,0.0,0.0,0.0,0.0,136.962,87.82465681971678,49.13734318028321
2026,Monza,FP1,RUS,63,Mercedes,12.0,3.0,SOFT,4.0,False,147.689,64.937,51.141,31.611,,1,,False,True,True,,,5.0,31.01875,51.34125,False,0.0,0.0,0.0,0.0,0.0,147.689,87.82465681971678,59.864343180283214
2026,Monza,FP1,RUS,63,Mercedes,13.0,3.0,SOFT,5.0,False,83.519,27.337,28.166,28.016,,1,,True,False,True,,,5.0,31.01875,51.34125,False,0.0,0.0,0.0,0.0,0.0,83.519,87.82465681971678,-4.3056568197167735
2026,Monza,FP1,RUS,63,Mercedes,14.0,3.0,SOFT,6.0,False,112.501,39.578,36.89,36.033,,1,,False,True,True,,,5.0,31.01875,51.34125,False,0.0,0.0,0.0,0.0,0.0,112.501,87.82465681971678,24.676343180283226
2026,Monza,FP1,RUS,63,Mercedes,15.0,4.0,MEDIUM,9.0,False,,,30.593,28.798000000000002,,1,,False,True,True,,,5.0,31.01875,51.34125,False,0.0,0.0,0.0,0.0,0.0,,86.9762749621723,
2026,Monza,FP1,RUS,63,Mercedes,16.0,4.0,MEDIUM,10.0,False,86.925,28.651,29.654,28.62,,1,,True,False,True,,,5.0,31.01875,51.34125,False,0.0,0.0,0.0,0.0,0.0,86.925,86.9762749621723,-0.05127496217230032
2026,Monza,FP1,RUS,63,Mercedes,17.0,4.0,MEDIUM,11.0,False,86.595,28.696,29.329,28.57,,1,,True,False,True,,,5.0,31.01875,51.34125,False,0.0,0.0,0.0,0.0,0.0,86.595,86.9762749621723,-0.3812749621722986
2026,Monza,FP1,RUS,63,Mercedes,18.0,4.0,MEDIUM,12.0,False,86.494,28.653,29.338,28.503,,1,,True,False,True,,,5.0,31.01875,51.34125,False,0.0,0.0,0.0,0.0,0.0,86.494,86.9762749621723,-0.4822749621722977
2026,Monza,FP1,RUS,63,Mercedes,19.0,4.0,MEDIUM,13.0,False,86.574,28.813,29.386,28.375,,1,,True,False,True,,,5.0,31.01875,51.34125,False,0.0,0.0,0.0,0.0,0.0,86.574,86.9762749621723,-0.4022749621722994
2026,Monza,FP1,RUS,63,Mercedes,20.0,4.0,MEDIUM,14.0,False,86.223,28.569,29.315,28.339,,1,,True,False,True,,,5.0,31.01875,51.34125,False,0.0,0.0,0.0,0.0,0.0,86.223,86.9762749621723,-0.7532749621722985
2026,Monza,FP1,RUS,63,Mercedes,21.0,4.0,MEDIUM,15.0,False,86.335,28.58,29.293,28.462,,1,,True,False,True,,,5.0,31.01875,51.34125,False,0.0,0.0,0.0,0.0,0.0,86.335,86.9762749621723,-0.6412749621723037
2026,Monza,FP1,RUS,63,Mercedes,22.0,4.0,MEDIUM,16.0,False,86.35,28.672,29.336,28.342,,1,,True,False,True,,,5.0,31.01875,51.34125,False,0.0,0.0,0.0,0.0,0.0,86.35,86.9762749621723,-0.6262749621723032
2026,Monza,FP1,RUS,63,Mercedes,23.0,4.0,MEDIUM,17.0,False,86.556,28.754,29.458,28.344,,1,,True,False,True,,,5.0,31.01875,51.34125,False,0.0,0.0,0.0,0.0,0.0,86.556,86.9762749621723,-0.4202749621723001
2026,Monza,FP1,RUS,63,Mercedes,24.0,4.0,MEDIUM,18.0,False,90.509,28.405,29.389,32.715,,1,,False,True,True,,,5.0,31.01875,51.34125,False,0.0,0.0,0.0,0.0,0.0,90.509,86.9762749621723,3.532725037827703
2026,Monza,FP1,RUS,63,Mercedes,25.0,5.0,SOFT,7.0,False,,,31.275,30.133,,1,,False,True,True,,,5.0,31.01875,51.34125,False,0.0,0.0,0.0,0.0,0.0,,87.82465681971678,
2026,Monza,FP1,RUS,63,Mercedes,26.0,5.0,SOFT,8.0,False,140.626,33.28,45.575,61.771,,1,,True,False,True,,,5.0,31.01875,51.34125,False,0.0,0.0,0.0,0.0,0.0,140.626,87.82465681971678,52.801343180283226
2026,Monza,FP1,RUS,63,Mercedes,27.0,5.0,SOFT,9.0,False,,78.234,36.671,38.296,,12,,False,True,False,,,5.0,31.01875,51.34125,False,0.0,0.0,0.0,0.0,0.0,,87.82465681971678,
2026,Monza,FP1,BOT,77,Cadillac,1.0,1.0,HARD,1.0,True,,,34.63,39.138,,1,,False,True,True,,,5.0,31.01875,51.34125,False,0.0,0.0,0.0,0.0,0.0,,87.39159372168704,
2026,Monza,FP1,BOT,77,Cadillac,2.0,1.0,HARD,2.0,True,89.576,28.792,30.529,30.255,,1,,True,False,True,,,5.0,31.01875,51.34125,False,0.0,0.0,0.0,0.0,0.0,89.576,87.39159372168704,2.1844062783129488
2026,Monza,FP1,BOT,77,Cadillac,3.0,1.0,HARD,3.0,True,130.398,37.263,49.223,43.912,,1,,True,False,True,,,5.0,31.01875,51.34125,False,0.0,0.0,0.0,0.0,0.0,130.398,87.39159372168704,43.00640627831295
2026,Monza,FP1,BOT,77,Cadillac,4.0,1.0,HARD,4.0,True,87.67,28.512,29.756,29.402,,1,,True,False,True,,,5.0,31.01875,51.34125,False,0.0,0.0,0.0,0.0,0.0,87.67,87.39159372168704,0.27840627831295706
2026,Monza,FP1,BOT,77,Cadillac,5.0,1.0,HARD,5.0,True,117.553,36.829,41.011,39.713,,1,,True,False,True,,,5.0,31.01875,51.34125,False,0.0,0.0,0.0,0.0,0.0,117.553,87.39159372168704,30.161406278312953
2026,Monza,FP1,BOT,77,Cadillac,6.0,1.0,HARD,6.0,True,87.218,28.419,29.522,29.277,,1,,True,False,True,,,5.0,31.01875,51.34125,False,0.0,0.0,0.0,0.0,0.0,87.218,87.39159372168704,-0.17359372168704112
2026,Monza,FP1,BOT,77,Cadillac,7.0,1.0,HARD,7.0,True,112.153,36.963,37.224,37.966,,1,,True,False,True,,,5.0,31.01875,51.34125,False,0.0,0.0,0.0,0.0,0.0,112.153,87.39159372168704,24.76140627831296
2026,Monza,FP1,BOT,77,Cadillac,8.0,1.0,HARD,8.0,True,107.937,28.066,36.72,43.151,,1,,True,False,True,,,5.0,31.01875,51.34125,False,0.0,0.0,0.0,0.0,0.0,107.937,87.39159372168704,20.545406278312953
2026,Monza,FP1,BOT,77,Cadillac,9.0,1.0,HARD,9.0,True,86.483,28.08,29.29,29.113,,1,,True,False,True,,,5.0,31.01875,51.34125,False,0.0,0.0,0.0,0.0,0.0,86.483,87.39159372168704,-0.9085937216870406
2026,Monza,FP1,BOT,77,Cadillac,10.0,1.0,HARD,10.0,True,139.95,37.692,50.334,51.924,,126,,False,True,False,,,5.0,31.01875,51.34125,False,0.0,0.0,0.0,0.0,0.0,139.95,87.39159372168704,52.558406278312944
2026,Monza,FP1,BOT,77,Cadillac,11.0,2.0,MEDIUM,1.0,True,,,33.03,41.955,,1,,False,True,True,,,5.0,31.01875,51.34125,False,0.0,0.0,0.0,0.0,0.0,,86.9762749621723,
2026,Monza,FP1,BOT,77,Cadillac,12.0,2.0,MEDIUM,2.0,True,86.009,27.909,29.171,28.929,,1,,True,False,True,,,5.0,31.01875,51.34125,False,0.0,0.0,0.0,0.0,0.0,86.009,86.9762749621723,-0.9672749621722971
2026,Monza,FP1,BOT,77,Cadillac,13.0,2.0,MEDIUM,3.0,True,117.93,37.175,43.322,37.433,,1,,True,False,True,,,5.0,31.01875,51.34125,False,0.0,0.0,0.0,0.0,0.0,117.93,86.9762749621723,30.95372503782771
2026,Monza,FP1,BOT,77,Cadillac,14.0,2.0,MEDIUM,4.0,True,86.059,28.015,29.091,28.953,,1,,True,False,True,,,5.0,31.01875,51.34125,False,0.0,0.0,0.0,0.0,0.0,86.059,86.9762749621723,-0.9172749621723
2026,Monza,FP1,BOT,77,Cadillac,15.0,2.0,MEDIUM,5.0,True,117.785,36.704,42.55,38.531,,1,,True,False,True,,,5.0,31.01875,51.34125,False,0.0,0.0,0.0,0.0,0.0,117.785,86.9762749621723,30.8087250378277
2026,Monza,FP1,BOT,77,Cadillac,16.0,2.0,MEDIUM,6.0,True,85.984,27.962,29.157,28.865,,1,,True,False,True,,,5.0,31.01875,51.34125,False,0.0,0.0,0.0,0.0,0.0,85.984,86.9762749621723,-0.9922749621723028
2026,Monza,FP1,BOT,77,Cadillac,17.0,2.0,MEDIUM,7.0,True,110.521,31.462,34.489,44.57,,1,,False,True,True,,,5.0,31.01875,51.34125,False,0.0,0.0,0.0,0.0,0.0,110.521,86.9762749621723,23.544725037827703
2026,Monza,FP1,BOT,77,Cadillac,18.0,3.0,MEDIUM,8.0,False,,,31.832,30.154,,1,,False,True,True,,,5.0,31.01875,51.34125,False,0.0,0.0,0.0,0.0,0.0,,86.9762749621723,
2026,Monza,FP1,BOT,77,Cadillac,19.0,3.0,MEDIUM,9.0,False,88.158,28.7,30.109,29.349,,1,,True,False,True,,,5.0,31.01875,51.34125,False,0.0,0.0,0.0,0.0,0.0,88.158,86.9762749621723,1.1817250378277038
2026,Monza,FP1,BOT,77,Cadillac,20.0,3.0,MEDIUM,10.0,False,88.683,29.139,30.182,29.362,,1,,True,False,True,,,5.0,31.01875,51.34125,False,0.0,0.0,0.0,0.0,0.0,88.683,86.9762749621723,1.7067250378277095
2026,Monza,FP1,BOT,77,Cadillac,21.0,3.0,MEDIUM,11.0,False,89.219,29.512,30.361,29.346,,1,,True,False,True,,,5.0,31.01875,51.34125,False,0.0,0.0,0.0,0.0,0.0,89.219,86.9762749621723,2.2427250378276966
2026,Monza,FP1,BOT,77,Cadillac,22.0,3.0,MEDIUM,12.0,False,89.194,29.049,30.555,29.59,,1,,True,False,True,,,5.0,31.01875,51.34125,False,0.0,0.0,0.0,0.0,0.0,89.194,86.9762749621723,2.217725037827705
2026,Monza,FP1,BOT,77,Cadillac,23.0,3.0,MEDIUM,13.0,False,89.137,28.773,30.782,29.582,,1,,True,False,True,,,5.0,31.01875,51.34125,False,0.0,0.0,0.0,0.0,0.0,89.137,86.9762749621723,2.160725037827703
2026,Monza,FP1,BOT,77,Cadillac,24.0,3.0,MEDIUM,14.0,False,88.91,29.35,30.252,29.308,,1,,True,False,True,,,5.0,31.01875,51.34125,False,0.0,0.0,0.0,0.0,0.0,88.91,86.9762749621723,1.9337250378276991
2026,Monza,FP1,BOT,77,Cadillac,25.0,3.0,MEDIUM,15.0,False,89.337,29.024,30.406,29.907,,1,,True,False,True,,,5.0,31.01875,51.34125,False,0.0,0.0,0.0,0.0,0.0,89.337,86.9762749621723,2.360725037827706
2026,Monza,FP1,BOT,77,Cadillac,26.0,3.0,MEDIUM,16.0,False,129.155,37.167,38.152,53.836,,1,,True,False,True,,,5.0,31.01875,51.34125,False,0.0,0.0,0.0,0.0,0.0,129.155,86.9762749621723,42.178725037827704
2026,Monza,FP1,BOT,77,Cadillac,27.0,3.0,MEDIUM,17.0,False,,75.111,37.649,44.268,,1,,False,True,True,,,5.0,31.01875,51.34125,False,0.0,0.0,0.0,0.0,0.0,,86.9762749621723,
2026,Monza,FP1,PIA,81,McLaren,1.0,1.0,MEDIUM,1.0,True,,,40.985,36.355,,1,,False,True,True,,,5.0,31.01875,51.34125,False,0.0,0.0,0.0,0.0,0.0,,86.9762749621723,
2026,Monza,FP1,PIA,81,McLaren,2.0,1.0,MEDIUM,2.0,True,110.737,32.464,40.913,37.36,,1,,True,False,True,,,5.0,31.01875,51.34125,False,0.0,0.0,0.0,0.0,0.0,110.737,86.9762749621723,23.760725037827697
2026,Monza,FP1,PIA,81,McLaren,3.0,1.0,MEDIUM,3.0,True,85.333,27.783,28.995,28.555,,1,,True,False,True,,,5.0,31.01875,51.34125,False,0.0,0.0,0.0,0.0,0.0,85.333,86.9762749621723,-1.643274962172299
2026,Monza,FP1,PIA,81,McLaren,4.0,1.0,MEDIUM,4.0,True,123.724,40.645,43.738,39.341,,1,,True,False,True,,,5.0,31.01875,51.34125,False,0.0,0.0,0.0,0.0,0.0,123.724,86.9762749621723,36.747725037827706
2026,Monza,FP1,PIA,81,McLaren,5.0,1.0,MEDIUM,5.0,True,84.394,27.524,28.524,28.346,,1,,True,False,True,,,5.0,31.01875,51.34125,False,0.0,0.0,0.0,0.0,0.0,84.394,86.9762749621723,-2.582274962172292
2026,Monza,FP1,PIA,81,McLaren,6.0,1.0,MEDIUM,6.0,True,131.388,42.053,51.548,37.787,,1,,True,False,True,,,5.0,31.01875,51.34125,False,0.0,0.0,0.0,0.0,0.0,131.388,86.9762749621723,44.41172503782771
2026,Monza,FP1,PIA,81,McLaren,7.0,1.0,MEDIUM,7.0,True,84.253,27.48,28.547,28.226,,1,,True,False,True,,,5.0,31.01875,51.34125,False,0.0,0.0,0.0,0.0,0.0,84.253,86.9762749621723,-2.7232749621722974
2026,Monza,FP1,PIA,81,McLaren,8.0,1.0,MEDIUM,8.0,True,127.851,40.742,46.917,40.192,,1,,True,False,True,,,5.0,31.01875,51.34125,False,0.0,0.0,0.0,0.0,0.0,127.851,86.9762749621723,40.8747250378277
2026,Monza,FP1,PIA,81,McLaren,9.0,1.0,MEDIUM,9.0,True,89.578,27.419,28.384,33.775,,126,,False,True,False,,,5.0,31.01875,51.34125,False,0.0,0.0,0.0,0.0,0.0,89.578,86.9762749621723,2.6017250378277055
2026,Monza,FP1,PIA,81,McLaren,10.0,2.0,SOFT,1.0,True,,,34.271,31.449,,1,,False,True,True,,,5.0,31.01875,51.34125,False,0.0,0.0,0.0,0.0,0.0,,87.82465681971678,
2026,Monza,FP1,PIA,81,McLaren,11.0,2.0,SOFT,2.0,True,114.571,32.294,43.685,38.592,,1,,True,False,True,,,5.0,31.01875,51.34125,False,0.0,0.0,0.0,0.0,0.0,114.571,87.82465681971678,26.74634318028322
2026,Monza,FP1,PIA,81,McLaren,12.0,2.0,SOFT,3.0,True,84.549,27.459,28.425,28.665,,1,,True,False,True,,,5.0,31.01875,51.34125,False,0.0,0.0,0.0,0.0,0.0,84.549,87.82465681971678,-3.2756568197167724
2026,Monza,FP1,PIA,81,McLaren,13.0,2.0,SOFT,4.0,True,128.464,42.131,42.183,44.15,,1,,False,True,True,,,5.0,31.01875,51.34125,False,0.0,0.0,0.0,0.0,0.0,128.464,87.82465681971678,40.63934318028322
2026,Monza,FP1,PIA,81,McLaren,14.0,3.0,SOFT,5.0,False,141.65,64.308,39.4,37.942,,1,,False,True,True,,,5.0,31.01875,51.34125,False,0.0,0.0,0.0,0.0,0.0,141.65,87.82465681971678,53.82534318028323
2026,Monza,FP1,PIA,81,McLaren,15.0,3.0,SOFT,6.0,False,84.184,27.622,28.343,28.219,,1,,True,False,True,,,5.0,31.01875,51.34125,False,0.0,0.0,0.0,0.0,0.0,84.184,87.82465681971678,-3.6406568197167815
2026,Monza,FP1,PIA,81,McLaren,16.0,3.0,SOFT,7.0,False,109.846,33.731,36.895,39.22,,1,,False,True,True,,,5.0,31.01875,51.34125,False,0.0,0.0,0.0,0.0,0.0,109.846,87.82465681971678,22.021343180283225
2026,Monza,FP1,PIA,81,McLaren,17.0,4.0,MEDIUM,10.0,False,,,29.848,29.918,,1,,False,True,True,,,5.0,31.01875,51.34125,False,0.0,0.0,0.0,0.0,0.0,,86.9762749621723,
2026,Monza,FP1,PIA,81,McLaren,18.0,4.0,MEDIUM,11.0,False,86.671,28.733,29.378,28.56,,1,,True,False,True,,,5.0,31.01875,51.34125,False,0.0,0.0,0.0,0.0,0.0,86.671,86.9762749621723,-0.305274962172291
2026,Monza,FP1,PIA,81,McLaren,19.0,4.0,MEDIUM,12.0,False,86.329,28.391,29.299,28.639,,1,,True,False,True,,,5.0,31.01875,51.34125,False,0.0,0.0,0.0,0.0,0.0,86.329,86.9762749621723,-0.647274962172304
2026,Monza,FP1,PIA,81,McLaren,20.0,4.0,MEDIUM,13.0,False,86.704,28.484,29.639,28.581,,1,,True,False,True,,,5.0,31.01875,51.34125,False,0.0,0.0,0.0,0.0,0.0,86.704,86.9762749621723,-0.27227496217230396
2026,Monza,FP1,PIA,81,McLaren,21.0,4.0,MEDIUM,14.0,False,87.606,28.411,30.089,29.106,,1,,True,False,True,,,5.0,31.01875,51.34125,False,0.0,0.0,0.0,0.0,0.0,87.606,86.9762749621723,0.6297250378276971
2026,Monza,FP1,PIA,81,McLaren,22.0,4.0,MEDIUM,15.0,False,87.232,28.982,29.64,28.61,,1,,True,False,True,,,5.0,31.01875,51.34125,False,0.0,0.0,0.0,0.0,0.0,87.232,86.9762749621723,0.25572503782770184
2026,Monza,FP1,PIA,81,McLaren,23.0,4.0,MEDIUM,16.0,False,86.448,28.429,29.298,28.721,,1,,True,False,True,,,5.0,31.01875,51.34125,False,0.0,0.0,0.0,0.0,0.0,86.448,86.9762749621723,-0.5282749621723042
2026,Monza,FP1,PIA,81,McLaren,24.0,4.0,MEDIUM,17.0,False,86.713,28.412,29.651,28.65,,1,,True,False,True,,,5.0,31.01875,51.34125,False,0.0,0.0,0.0,0.0,0.0,86.713,86.9762749621723,-0.2632749621723036
2026,Monza,FP1,PIA,81,McLaren,25.0,4.0,MEDIUM,18.0,False,125.549,30.536,42.266,52.747,,1,,True,False,True,,,5.0,31.01875,51.34125,False,0.0,0.0,0.0,0.0,0.0,125.549,86.9762749621723,38.57272503782771
2026,Monza,FP1,PIA,81,McLaren,26.0,4.0,MEDIUM,19.0,False,131.609,67.872,30.199,33.538,,1,,False,True,True,,,5.0,31.01875,51.34125,False,0.0,0.0,0.0,0.0,0.0,131.609,86.9762749621723,44.63272503782771
2026,Monza,FP1,BEA,87,Haas F1 Team,1.0,1.0,HARD,1.0,True,,,35.837,33.03,,1,,False,True,True,,,5.0,31.01875,51.34125,False,0.0,0.0,0.0,0.0,0.0,,87.39159372168704,
2026,Monza,FP1,BEA,87,Haas F1 Team,2.0,1.0,HARD,2.0,True,92.74,29.911,30.971,31.858,,1,,True,False,True,,,5.0,31.01875,51.34125,False,0.0,0.0,0.0,0.0,0.0,92.74,87.39159372168704,5.34840627831295
2026,Monza,FP1,BEA,87,Haas F1 Team,3.0,1.0,HARD,3.0,True,120.009,34.604,37.003,48.402,,1,,False,True,True,,,5.0,31.01875,51.34125,False,0.0,0.0,0.0,0.0,0.0,120.009,87.39159372168704,32.617406278312956
2026,Monza,FP1,BEA,87,Haas F1 Team,4.0,2.0,HARD,4.0,False,,,33.055,32.79,,1,,False,True,True,,,5.0,31.01875,51.34125,False,0.0,0.0,0.0,0.0,0.0,,87.39159372168704,
2026,Monza,FP1,BEA,87,Haas F1 Team,5.0,2.0,HARD,5.0,False,86.418,28.061,29.436,28.921,,1,,True,False,True,,,5.0,31.01875,51.34125,False,0.0,0.0,0.0,0.0,0.0,86.418,87.39159372168704,-0.9735937216870383
2026,Monza,FP1,BEA,87,Haas F1 Team,6.0,2.0,HARD,6.0,False,144.607,55.05,54.544,35.013,,1,,True,False,True,,,5.0,31.01875,51.34125,False,0.0,0.0,0.0,0.0,0.0,144.607,87.39159372168704,57.215406278312955
2026,Monza,FP1,BEA,87,Haas F1 Team,7.0,2.0,HARD,7.0,False,85.815,28.189,28.986,28.64,,1,,True,False,True,,,5.0,31.01875,51.34125,False,0.0,0.0,0.0,0.0,0.0,85.815,87.39159372168704,-1.576593721687047
2026,Monza,FP1,BEA,87,Haas F1 Team,8.0,2.0,HARD,8.0,False,139.458,52.727,51.207,35.524,,1,,True,False,True,,,5.0,31.01875,51.34125,False,0.0,0.0,0.0,0.0,0.0,139.458,87.39159372168704,52.066406278312954
2026,Monza,FP1,BEA,87,Haas F1 Team,9.0,2.0,HARD,9.0,False,123.592,27.793,47.617,48.182,,126,,False,False,False,,,5.0,31.01875,51.34125,False,0.0,0.0,0.0,0.0,0.0,123.592,87.39159372168704,36.200406278312954
2026,Monza,FP1,BEA,87,Haas F1 Team,10.0,2.0,HARD,10.0,False,,,,,,6512,,False,True,False,,,5.0,31.01875,51.34125,False,0.0,0.0,0.0,0.0,0.0,,87.39159372168704,
2026,Monza,FP1,BEA,87,Haas F1 Team,11.0,3.0,HARD,11.0,False,,,32.632,34.155,,1,,False,True,True,,,5.0,31.01875,51.34125,False,0.0,0.0,0.0,0.0,0.0,,87.39159372168704,
2026,Monza,FP1,BEA,87,Haas F1 Team,12.0,3.0,HARD,12.0,False,90.036,27.786,28.844,33.406,,1,,False,True,True,,,5.0,31.01875,51.34125,False,0.0,0.0,0.0,0.0,0.0,90.036,87.39159372168704,2.6444062783129567
2026,Monza,FP1,BEA,87,Haas F1 Team,13.0,4.0,SOFT,1.0,True,,,32.292,32.464,,1,,False,True,True,,,5.0,31.01875,51.34125,False,0.0,0.0,0.0,0.0,0.0,,87.82465681971678,
2026,Monza,FP1,BEA,87,Haas F1 Team,14.0,4.0,SOFT,2.0,True,115.516,27.824,47.726,39.966,,1,,True,False,True,,,5.0,31.01875,51.34125,False,0.0,0.0,0.0,0.0,0.0,115.516,87.82465681971678,27.691343180283226
2026,Monza,FP1,BEA,87,Haas F1 Team,15.0,4.0,SOFT,3.0,True,84.971,27.942,28.618,28.411,,1,,True,False,True,,,5.0,31.01875,51.34125,False,0.0,0.0,0.0,0.0,0.0,84.971,87.82465681971678,-2.8536568197167753
2026,Monza,FP1,BEA,87,Haas F1 Team,16.0,4.0,SOFT,4.0,True,146.233,49.751,47.501,48.981,,1,,False,True,True,,,5.0,31.01875,51.34125,False,0.0,0.0,0.0,0.0,0.0,146.233,87.82465681971678,58.408343180283225
2026,Monza,FP1,BEA,87,Haas F1 Team,17.0,5.0,SOFT,5.0,False,,,34.485,32.642,,1,,False,True,True,,,5.0,31.01875,51.34125,False,0.0,0.0,0.0,0.0,0.0,,87.82465681971678,
2026,Monza,FP1,BEA,87,Haas F1 Team,18.0,5.0,SOFT,6.0,False,84.646,27.728,28.503,28.415,,1,,True,False,True,,,5.0,31.01875,51.34125,False,0.0,0.0,0.0,0.0,0.0,84.646,87.82465681971678,-3.178656819716778
2026,Monza,FP1,BEA,87,Haas F1 Team,19.0,5.0,SOFT,7.0,False,96.414,30.321,30.951,35.142,,1,,False,True,True,,,5.0,31.01875,51.34125,False,0.0,0.0,0.0,0.0,0.0,96.414,87.82465681971678,8.589343180283223
2026,Monza,FP1,BEA,87,Haas F1 Team,20.0,6.0,HARD,13.0,False,,,30.66,29.139,,1,,False,True,True,,,5.0,31.01875,51.34125,False,0.0,0.0,0.0,0.0,0.0,,87.39159372168704,
2026,Monza,FP1,BEA,87,Haas F1 Team,21.0,6.0,HARD,14.0,False,92.502,33.213,30.377,28.912,,1,,True,False,True,,,5.0,31.01875,51.34125,False,0.0,0.0,0.0,0.0,0.0,92.502,87.39159372168704,5.110406278312951
2026,Monza,FP1,BEA,87,Haas F1 Team,22.0,6.0,HARD,15.0,False,87.273,28.83,29.603,28.84,,1,,True,False,True,,,5.0,31.01875,51.34125,False,0.0,0.0,0.0,0.0,0.0,87.273,87.39159372168704,-0.11859372168704851
2026,Monza,FP1,BEA,87,Haas F1 Team,23.0,6.0,HARD,16.0,False,87.323,28.785,29.609,28.929,,1,,True,False,True,,,5.0,31.01875,51.34125,False,0.0,0.0,0.0,0.0,0.0,87.323,87.39159372168704,-0.06859372168705136
2026,Monza,FP1,BEA,87,Haas F1 Team,24.0,6.0,HARD,17.0,False,87.106,28.797,29.48,28.829,,1,,True,False,True,,,5.0,31.01875,51.34125,False,0.0,0.0,0.0,0.0,0.0,87.106,87.39159372168704,-0.2855937216870501
2026,Monza,FP1,BEA,87,Haas F1 Team,25.0,6.0,HARD,18.0,False,87.598,29.035,29.614,28.949,,1,,True,False,True,,,5.0,31.01875,51.34125,False,0.0,0.0,0.0,0.0,0.0,87.598,87.39159372168704,0.20640627831295433
2026,Monza,FP1,BEA,87,Haas F1 Team,26.0,6.0,HARD,19.0,False,87.183,28.81,29.662,28.711,,1,,True,False,True,,,5.0,31.01875,51.34125,False,0.0,0.0,0.0,0.0,0.0,87.183,87.39159372168704,-0.20859372168703771
2026,Monza,FP1,BEA,87,Haas F1 Team,27.0,6.0,HARD,20.0,False,109.302,29.905,35.387,44.01,,1,,True,False,True,,,5.0,31.01875,51.34125,False,0.0,0.0,0.0,0.0,0.0,109.302,87.39159372168704,21.910406278312962
2026,Monza,FP1,BEA,87,Haas F1 Team,28.0,6.0,HARD,21.0,False,135.851,70.952,30.548000000000002,34.351,,1,,False,True,True,,,5.0,31.01875,51.34125,False,0.0,0.0,0.0,0.0,0.0,135.851,87.39159372168704,48.459406278312954
2026,Monza,FP2,NOR,1,McLaren,1.0,1.0,HARD,1.0,True,,,34.198,33.044,,1,,False,True,True,,,5.0,33.742168674698796,54.94819277108432,False,0.0,0.0,0.0,0.0,0.0,,88.11242759522722,
2026,Monza,FP2,NOR,1,McLaren,2.0,1.0,HARD,2.0,True,84.06,27.365,28.417,28.278,,1,,True,False,True,,,5.0,33.742168674698796,54.94819277108432,False,0.0,0.0,0.0,0.0,0.0,84.06,88.11242759522722,-4.052427595227215
2026,Monza,FP2,NOR,1,McLaren,3.0,1.0,HARD,3.0,True,139.286,41.733,56.997,40.556,,1,,True,False,True,,,5.0,33.742168674698796,54.94819277108432,False,0.0,0.0,0.0,0.0,0.0,139.286,88.11242759522722,51.173572404772784
2026,Monza,FP2,NOR,1,McLaren,4.0,1.0,HARD,4.0,True,84.152,27.572,28.277,28.303,,1,,True,False,True,,,5.0,33.742168674698796,54.94819277108432,False,0.0,0.0,0.0,0.0,0.0,84.152,88.11242759522722,-3.960427595227216
2026,Monza,FP2,NOR,1,McLaren,5.0,1.0,HARD,5.0,True,130.094,43.284,50.254,36.556,,1,,True,False,True,,,5.0,33.742168674698796,54.94819277108432,False,0.0,0.0,0.0,0.0,0.0,130.094,88.11242759522722,41.98157240477278
2026,Monza,FP2,NOR,1,McLaren,6.0,1.0,HARD,6.0,True,83.796,27.393,28.123,28.28,,1,,True,False,True,,,5.0,33.742168674698796,54.94819277108432,False,0.0,0.0,0.0,0.0,0.0,83.796,88.11242759522722,-4.316427595227211
2026,Monza,FP2,NOR,1,McLaren,7.0,1.0,HARD,7.0,True,114.044,41.238,35.983,36.823,,1,,False,True,True,,,5.0,33.742168674698796,54.94819277108432,False,0.0,0.0,0.0,0.0,0.0,114.044,88.11242759522722,25.93157240477278
2026,Monza,FP2,NOR,1,McLaren,8.0,2.0,SOFT,1.0,True,,,33.151,33.557,,1,,False,True,True,,,5.0,33.742168674698796,54.94819277108432,False,0.0,0.0,0.0,0.0,0.0,,88.54549069325695,
2026,Monza,FP2,NOR,1,McLaren,9.0,2.0,SOFT,2.0,True,103.177,30.555,39.868,32.754,,1,,True,False,True,,,5.0,33.742168674698796,54.94819277108432,False,0.0,0.0,0.0,0.0,0.0,103.177,88.54549069325695,14.631509306743055
2026,Monza,FP2,NOR,1,McLaren,10.0,2.0,SOFT,3.0,True,82.943,27.179,27.859,27.905,,1,,True,False,True,,,5.0,33.742168674698796,54.94819277108432,False,0.0,0.0,0.0,0.0,0.0,82.943,88.54549069325695,-5.602490693256954
2026,Monza,FP2,NOR,1,McLaren,11.0,2.0,SOFT,4.0,True,133.511,45.041,49.115,39.355,,1,,True,False,True,,,5.0,33.742168674698796,54.94819277108432,False,0.0,0.0,0.0,0.0,0.0,133.511,88.54549069325695,44.965509306743044
2026,Monza,FP2,NOR,1,McLaren,12.0,2.0,SOFT,5.0,True,82.99,27.241,27.883,27.866,,1,,True,False,True,,,5.0,33.742168674698796,54.94819277108432,False,0.0,0.0,0.0,0.0,0.0,82.99,88.54549069325695,-5.5554906932569565
2026,Monza,FP2,NOR,1,McLaren,13.0,2.0,SOFT,6.0,True,97.088,31.855,31.461,33.772,,1,,False,True,True,,,5.0,33.742168674698796,54.94819277108432,False,0.0,0.0,0.0,0.0,0.0,97.088,88.54549069325695,8.542509306743042
2026,Monza,FP2,NOR,1,McLaren,14.0,3.0,HARD,8.0,False,,,29.938,28.516,,1,,False,True,True,,,5.0,33.742168674698796,54.94819277108432,False,0.0,0.0,0.0,0.0,0.0,,88.11242759522722,
2026,Monza,FP2,NOR,1,McLaren,15.0,3.0,HARD,9.0,False,86.361,28.229,29.461,28.671,,1,,True,False,True,,,5.0,33.742168674698796,54.94819277108432,False,0.0,0.0,0.0,0.0,0.0,86.361,88.11242759522722,-1.751427595227213
2026,Monza,FP2,NOR,1,McLaren,16.0,3.0,HARD,10.0,False,86.28,28.343,29.5,28.437,,1,,True,False,True,,,5.0,33.742168674698796,54.94819277108432,False,0.0,0.0,0.0,0.0,0.0,86.28,88.11242759522722,-1.832427595227216
2026,Monza,FP2,NOR,1,McLaren,17.0,3.0,HARD,11.0,False,86.69,28.284,30.028,28.378,,1,,True,False,True,,,5.0,33.742168674698796,54.94819277108432,False,0.0,0.0,0.0,0.0,0.0,86.69,88.11242759522722,-1.4224275952272194
2026,Monza,FP2,NOR,1,McLaren,18.0,3.0,HARD,12.0,False,86.311,27.924,29.421,28.966,,1,,True,False,True,,,5.0,33.742168674698796,54.94819277108432,False,0.0,0.0,0.0,0.0,0.0,86.311,88.11242759522722,-1.80142759522721
2026,Monza,FP2,NOR,1,McLaren,19.0,3.0,HARD,13.0,False,89.487,30.543,30.132,28.812,,1,,True,False,True,,,5.0,33.742168674698796,54.94819277108432,False,0.0,0.0,0.0,0.0,0.0,89.487,88.11242759522722,1.3745724047727776
2026,Monza,FP2,NOR,1,McLaren,20.0,3.0,HARD,14.0,False,86.887,28.719,29.367,28.801,,1,,True,False,True,,,5.0,33.742168674698796,54.94819277108432,False,0.0,0.0,0.0,0.0,0.0,86.887,88.11242759522722,-1.2254275952272167
2026,Monza,FP2,NOR,1,McLaren,21.0,3.0,HARD,15.0,False,91.033,28.619,29.437,32.977,,1,,False,True,True,,,5.0,33.742168674698796,54.94819277108432,False,0.0,0.0,0.0,0.0,0.0,91.033,88.11242759522722,2.920572404772784
2026,Monza,FP2,NOR,1,McLaren,22.0,4.0,SOFT,7.0,False,106.951,48.33,29.687,28.934,,1,,False,True,True,,,5.0,33.742168674698796,54.94819277108432,False,0.0,0.0,0.0,0.0,0.0,106.951,88.54549069325695,18.405509306743042
2026,Monza,FP2,NOR,1,McLaren,23.0,4.0,SOFT,8.0,False,107.037,28.626,36.35,42.061,,1,,True,False,True,,,5.0,33.742168674698796,54.94819277108432,False,0.0,0.0,0.0,0.0,0.0,107.037,88.54549069325695,18.491509306743055
2026,Monza,FP2,NOR,1,McLaren,24.0,4.0,SOFT,9.0,False,,80.886,41.048,40.316,,1,,False,False,True,,,5.0,33.742168674698796,54.94819277108432,False,0.0,0.0,0.0,0.0,0.0,,88.54549069325695,
2026,Monza,FP2,NOR,1,McLaren,25.0,4.0,SOFT,10.0,False,146.527,76.255,32.375,37.897,,1,,False,True,True,,,5.0,33.742168674698796,54.94819277108432,False,0.0,0.0,0.0,0.0,0.0,146.527,88.54549069325695,57.981509306743035
2026,Monza,FP2,VER,3,Red Bull Racing,1.0,1.0,MEDIUM,1.0,True,,,35.833,33.362,,1,,False,True,True,,,5.0,33.742168674698796,54.94819277108432,False,0.0,0.0,0.0,0.0,0.0,,87.69710883571248,
2026,Monza,FP2,VER,3,Red Bull Racing,2.0,1.0,MEDIUM,2.0,True,84.719,27.585,28.81,28.324,,1,,True,False,True,,,5.0,33.742168674698796,54.94819277108432,False,0.0,0.0,0.0,0.0,0.0,84.719,87.69710883571248,-2.97810883571249
2026,Monza,FP2,VER,3,Red Bull Racing,3.0,1.0,MEDIUM,3.0,True,142.547,47.386,52.08,43.081,,1,,True,False,True,,,5.0,33.742168674698796,54.94819277108432,False,0.0,0.0,0.0,0.0,0.0,142.547,87.69710883571248,54.84989116428751
2026,Monza,FP2,VER,3,Red Bull Racing,4.0,1.0,MEDIUM,4.0,True,85.23,28.107,28.671,28.452,,1,,True,False,True,,,5.0,33.742168674698796,54.94819277108432,False,0.0,0.0,0.0,0.0,0.0,85.23,87.69710883571248,-2.46710883571248
2026,Monza,FP2,VER,3,Red Bull Racing,5.0,1.0,MEDIUM,5.0,True,119.903,41.765,39.816,38.322,,1,,False,True,True,,,5.0,33.742168674698796,54.94819277108432,False,0.0,0.0,0.0,0.0,0.0,119.903,87.69710883571248,32.20589116428752
2026,Monza,FP2,VER,3,Red Bull Racing,6.0,2.0,MEDIUM,6.0,False,141.483,68.962,36.0,36.521,,1,,False,True,True,,,5.0,33.742168674698796,54.94819277108432,False,0.0,0.0,0.0,0.0,0.0,141.483,87.69710883571248,53.78589116428752
2026,Monza,FP2,VER,3,Red Bull Racing,7.0,2.0,MEDIUM,7.0,False,83.95,27.531,28.532,27.887,,1,,True,False,True,,,5.0,33.742168674698796,54.94819277108432,False,0.0,0.0,0.0,0.0,0.0,83.95,87.69710883571248,-3.7471088357124813
2026,Monza,FP2,VER,3,Red Bull Racing,8.0,2.0,MEDIUM,8.0,False,126.738,42.605,39.621,44.512,,1,,True,False,True,,,5.0,33.742168674698796,54.94819277108432,False,0.0,0.0,0.0,0.0,0.0,126.738,87.69710883571248,39.040891164287515
2026,Monza,FP2,VER,3,Red Bull Racing,9.0,2.0,MEDIUM,9.0,False,121.673,35.288,45.682,40.703,,1,,True,False,True,,,5.0,33.742168674698796,54.94819277108432,False,0.0,0.0,0.0,0.0,0.0,121.673,87.69710883571248,33.97589116428752
2026,Monza,FP2,VER,3,Red Bull Racing,10.0,2.0,MEDIUM,10.0,False,83.749,27.474,28.448,27.826999999999998,,1,,True,False,True,,,5.0,33.742168674698796,54.94819277108432,False,0.0,0.0,0.0,0.0,0.0,83.749,87.69710883571248,-3.948108835712489
2026,Monza,FP2,VER,3,Red Bull Racing,11.0,2.0,MEDIUM,11.0,False,99.552,32.253,31.6,35.699,,1,,False,True,True,,,5.0,33.742168674698796,54.94819277108432,False,0.0,0.0,0.0,0.0,0.0,99.552,87.69710883571248,11.854891164287523
2026,Monza,FP2,VER,3,Red Bull Racing,12.0,3.0,SOFT,1.0,True,,,31.693,36.084,,1,,False,True,True,,,5.0,33.742168674698796,54.94819277108432,False,0.0,0.0,0.0,0.0,0.0,,88.54549069325695,
2026,Monza,FP2,VER,3,Red Bull Racing,13.0,3.0,SOFT,2.0,True,83.487,27.371,28.489,27.627,,1,,True,False,True,,,5.0,33.742168674698796,54.94819277108432,False,0.0,0.0,0.0,0.0,0.0,83.487,88.54549069325695,-5.058490693256957
2026,Monza,FP2,VER,3,Red Bull Racing,14.0,3.0,SOFT,3.0,True,121.758,44.139,41.652,35.967,,1,,True,False,True,,,5.0,33.742168674698796,54.94819277108432,False,0.0,0.0,0.0,0.0,0.0,121.758,88.54549069325695,33.212509306743044
2026,Monza,FP2,VER,3,Red Bull Racing,15.0,3.0,SOFT,4.0,True,83.377,27.492,28.245,27.64,,1,,True,False,True,,,5.0,33.742168674698796,54.94819277108432,False,0.0,0.0,0.0,0.0,0.0,83.377,88.54549069325695,-5.168490693256956
2026,Monza,FP2,VER,3,Red Bull Racing,16.0,3.0,SOFT,5.0,True,99.713,33.481,31.469,34.763,,1,,False,True,True,,,5.0,33.742168674698796,54.94819277108432,False,0.0,0.0,0.0,0.0,0.0,99.713,88.54549069325695,11.167509306743042
2026,Monza,FP2,VER,3,Red Bull Racing,17.0,4.0,MEDIUM,12.0,False,,,30.059,28.753,,1,,False,True,True,,,5.0,33.742168674698796,54.94819277108432,False,0.0,0.0,0.0,0.0,0.0,,87.69710883571248,
2026,Monza,FP2,VER,3,Red Bull Racing,18.0,4.0,MEDIUM,13.0,False,86.641,28.546,29.732,28.363,,1,,True,False,True,,,5.0,33.742168674698796,54.94819277108432,False,0.0,0.0,0.0,0.0,0.0,86.641,87.69710883571248,-1.0561088357124788
2026,Monza,FP2,VER,3,Red Bull Racing,19.0,4.0,MEDIUM,14.0,False,86.45,28.498,29.721,28.231,,1,,True,False,True,,,5.0,33.742168674698796,54.94819277108432,False,0.0,0.0,0.0,0.0,0.0,86.45,87.69710883571248,-1.2471088357124813
2026,Monza,FP2,VER,3,Red Bull Racing,20.0,4.0,MEDIUM,15.0,False,86.605,28.437,29.881,28.287,,1,,True,False,True,,,5.0,33.742168674698796,54.94819277108432,False,0.0,0.0,0.0,0.0,0.0,86.605,87.69710883571248,-1.0921088357124802
2026,Monza,FP2,VER,3,Red Bull Racing,21.0,4.0,MEDIUM,16.0,False,86.741,28.248,30.01,28.483,,1,,True,False,True,,,5.0,33.742168674698796,54.94819277108432,False,0.0,0.0,0.0,0.0,0.0,86.741,87.69710883571248,-0.9561088357124845
2026,Monza,FP2,VER,3,Red Bull Racing,22.0,4.0,MEDIUM,17.0,False,86.174,28.256,29.584,28.334,,1,,True,False,True,,,5.0,33.742168674698796,54.94819277108432,False,0.0,0.0,0.0,0.0,0.0,86.174,87.69710883571248,-1.5231088357124776
2026,Monza,FP2,VER,3,Red Bull Racing,23.0,4.0,MEDIUM,18.0,False,90.993,28.441,29.738,32.814,,1,,False,True,True,,,5.0,33.742168674698796,54.94819277108432,False,0.0,0.0,0.0,0.0,0.0,90.993,87.69710883571248,3.295891164287511
2026,Monza,FP2,VER,3,Red Bull Racing,24.0,5.0,MEDIUM,19.0,False,113.477,55.166,29.829,28.482,,1,,False,True,True,,,5.0,33.742168674698796,54.94819277108432,False,0.0,0.0,0.0,0.0,0.0,113.477,87.69710883571248,25.77989116428752
2026,Monza,FP2,VER,3,Red Bull Racing,25.0,5.0,MEDIUM,20.0,False,86.486,28.601,29.615,28.27,,1,,True,False,True,,,5.0,33.742168674698796,54.94819277108432,False,0.0,0.0,0.0,0.0,0.0,86.486,87.69710883571248,-1.21110883571248
2026,Monza,FP2,VER,3,Red Bull Racing,26.0,5.0,MEDIUM,21.0,False,86.074,28.333,29.455,28.286,,1,,True,False,True,,,5.0,33.742168674698796,54.94819277108432,False,0.0,0.0,0.0,0.0,0.0,86.074,87.69710883571248,-1.623108835712486
2026,Monza,FP2,VER,3,Red Bull Racing,27.0,5.0,MEDIUM,22.0,False,85.841,28.375,29.398,28.068,,1,,True,False,True,,,5.0,33.742168674698796,54.94819277108432,False,0.0,0.0,0.0,0.0,0.0,85.841,87.69710883571248,-1.8561088357124902
2026,Monza,FP2,VER,3,Red Bull Racing,28.0,5.0,MEDIUM,23.0,False,134.691,41.367,45.647,47.677,,1,,True,False,True,,,5.0,33.742168674698796,54.94819277108432,False,0.0,0.0,0.0,0.0,0.0,134.691,87.69710883571248,46.99389116428752
2026,Monza,FP2,VER,3,Red Bull Racing,29.0,5.0,MEDIUM,24.0,False,,78.949,37.575,41.76,,1,,False,False,True,,,5.0,33.742168674698796,54.94819277108432,False,0.0,0.0,0.0,0.0,0.0,,87.69710883571248,
2026,Monza,FP2,VER,3,Red Bull Racing,30.0,5.0,MEDIUM,25.0,False,,86.056,32.587,36.803,,1,,False,True,True,,,5.0,33.742168674698796,54.94819277108432,False,0.0,0.0,0.0,0.0,0.0,,87.69710883571248,
2026,Monza,FP2,BOR,5,Audi,1.0,1.0,HARD,1.0,True,,,38.842,36.629,,1,,False,True,True,,,5.0,33.742168674698796,54.94819277108432,False,0.0,0.0,0.0,0.0,0.0,,88.11242759522722,
2026,Monza,FP2,BOR,5,Audi,2.0,1.0,HARD,2.0,True,84.666,27.476,28.752,28.438,,1,,True,False,True,,,5.0,33.742168674698796,54.94819277108432,False,0.0,0.0,0.0,0.0,0.0,84.666,88.11242759522722,-3.4464275952272203
2026,Monza,FP2,BOR,5,Audi,3.0,1.0,HARD,3.0,True,146.147,51.145,55.443,39.559,,1,,True,False,True,,,5.0,33.742168674698796,54.94819277108432,False,0.0,0.0,0.0,0.0,0.0,146.147,88.11242759522722,58.034572404772774
2026,Monza,FP2,BOR,5,Audi,4.0,1.0,HARD,4.0,True,84.586,27.716,28.786,28.084,,1,,True,False,True,,,5.0,33.742168674698796,54.94819277108432,False,0.0,0.0,0.0,0.0,0.0,84.586,88.11242759522722,-3.5264275952272186
2026,Monza,FP2,BOR,5,Audi,5.0,1.0,HARD,5.0,True,139.641,55.405,40.381,43.855,,1,,False,True,True,,,5.0,33.742168674698796,54.94819277108432,False,0.0,0.0,0.0,0.0,0.0,139.641,88.11242759522722,51.528572404772774
2026,Monza,FP2,BOR,5,Audi,6.0,2.0,HARD,6.0,False,140.41,49.52,43.561,47.329,,1,,False,True,True,,,5.0,33.742168674698796,54.94819277108432,False,0.0,0.0,0.0,0.0,0.0,140.41,88.11242759522722,52.29757240477278
2026,Monza,FP2,BOR,5,Audi,7.0,2.0,HARD,7.0,False,84.111,27.646,28.565,27.9,,1,,True,False,True,,,5.0,33.742168674698796,54.94819277108432,False,0.0,0.0,0.0,0.0,0.0,84.111,88.11242759522722,-4.001427595227213
2026,Monza,FP2,BOR,5,Audi,8.0,2.0,HARD,8.0,False,135.557,43.705,42.051,49.801,,1,,False,True,True,,,5.0,33.742168674698796,54.94819277108432,False,0.0,0.0,0.0,0.0,0.0,135.557,88.11242759522722,47.44457240477277
2026,Monza,FP2,BOR,5,Audi,9.0,3.0,HARD,9.0,False,118.038,45.764,33.478,38.796,,1,,False,True,True,,,5.0,33.742168674698796,54.94819277108432,False,0.0,0.0,0.0,0.0,0.0,118.038,88.11242759522722,29.92557240477278
2026,Monza,FP2,BOR,5,Audi,10.0,3.0,HARD,10.0,False,83.776,27.587,28.404,27.785,,1,,True,False,True,,,5.0,33.742168674698796,54.94819277108432,False,0.0,0.0,0.0,0.0,0.0,83.776,88.11242759522722,-4.336427595227221
2026,Monza,FP2,BOR,5,Audi,11.0,3.0,HARD,11.0,False,112.509,34.529,38.285,39.695,,1,,False,True,True,,,5.0,33.742168674698796,54.94819277108432,False,0.0,0.0,0.0,0.0,0.0,112.509,88.11242759522722,24.396572404772783
2026,Monza,FP2,BOR,5,Audi,12.0,4.0,SOFT,1.0,True,,,32.09,34.866,,1,,False,True,True,,,5.0,33.742168674698796,54.94819277108432,False,0.0,0.0,0.0,0.0,0.0,,88.54549069325695,
2026,Monza,FP2,BOR,5,Audi,13.0,4.0,SOFT,2.0,True,119.221,27.447,49.582,42.192,,1,,True,False,True,,,5.0,33.742168674698796,54.94819277108432,False,0.0,0.0,0.0,0.0,0.0,119.221,88.54549069325695,30.675509306743052
2026,Monza,FP2,BOR,5,Audi,14.0,4.0,SOFT,3.0,True,84.059,27.61,28.464,27.985,,1,,True,False,True,,,5.0,33.742168674698796,54.94819277108432,False,0.0,0.0,0.0,0.0,0.0,84.059,88.54549069325695,-4.486490693256954
2026,Monza,FP2,BOR,5,Audi,15.0,4.0,SOFT,4.0,True,144.911,45.093,46.755,53.063,,1,,False,True,True,,,5.0,33.742168674698796,54.94819277108432,False,0.0,0.0,0.0,0.0,0.0,144.911,88.54549069325695,56.36550930674305
2026,Monza,FP2,BOR,5,Audi,16.0,5.0,SOFT,5.0,False,137.151,53.123,47.412,36.616,,1,,False,True,True,,,5.0,33.742168674698796,54.94819277108432,False,0.0,0.0,0.0,0.0,0.0,137.151,88.54549069325695,48.60550930674306
2026,Monza,FP2,BOR,5,Audi,17.0,5.0,SOFT,6.0,False,89.213,27.728,28.531,32.954,,1,,False,True,True,,,5.0,33.742168674698796,54.94819277108432,False,0.0,0.0,0.0,0.0,0.0,89.213,88.54549069325695,0.6675093067430424
2026,Monza,FP2,BOR,5,Audi,18.0,6.0,HARD,12.0,False,,,30.032,28.828,,1,,False,True,True,,,5.0,33.742168674698796,54.94819277108432,False,0.0,0.0,0.0,0.0,0.0,,88.11242759522722,
2026,Monza,FP2,BOR,5,Audi,19.0,6.0,HARD,13.0,False,87.408,28.664,29.915,28.829,,1,,True,False,True,,,5.0,33.742168674698796,54.94819277108432,False,0.0,0.0,0.0,0.0,0.0,87.408,88.11242759522722,-0.7044275952272159
2026,Monza,FP2,BOR,5,Audi,20.0,6.0,HARD,14.0,False,87.073,28.584,29.66,28.829,,1,,True,False,True,,,5.0,33.742168674698796,54.94819277108432,False,0.0,0.0,0.0,0.0,0.0,87.073,88.11242759522722,-1.0394275952272238
2026,Monza,FP2,BOR,5,Audi,21.0,6.0,HARD,15.0,False,88.099,28.718,30.251,29.13,,1,,True,False,True,,,5.0,33.742168674698796,54.94819277108432,False,0.0,0.0,0.0,0.0,0.0,88.099,88.11242759522722,-0.013427595227213374
2026,Monza,FP2,BOR,5,Audi,22.0,6.0,HARD,16.0,False,106.043,29.115,30.751,46.177,,1,,False,True,True,,,5.0,33.742168674698796,54.94819277108432,False,0.0,0.0,0.0,0.0,0.0,106.043,88.11242759522722,17.93057240477279
2026,Monza,FP2,GAS,10,Alpine,1.0,1.0,HARD,1.0,True,,,34.147,32.262,,1,,False,True,True,,,5.0,33.742168674698796,54.94819277108432,False,0.0,0.0,0.0,0.0,0.0,,88.11242759522722,
2026,Monza,FP2,GAS,10,Alpine,2.0,1.0,HARD,2.0,True,85.595,27.285,29.075,29.235,,1,,True,False,True,,,5.0,33.742168674698796,54.94819277108432,False,0.0,0.0,0.0,0.0,0.0,85.595,88.11242759522722,-2.5174275952272183
2026,Monza,FP2,GAS,10,Alpine,3.0,1.0,HARD,3.0,True,125.587,44.851,43.686,37.05,,1,,True,False,True,,,5.0,33.742168674698796,54.94819277108432,False,0.0,0.0,0.0,0.0,0.0,125.587,88.11242759522722,37.474572404772786
2026,Monza,FP2,GAS,10,Alpine,4.0,1.0,HARD,4.0,True,84.571,27.213,28.77,28.588,,1,,True,False,True,,,5.0,33.742168674698796,54.94819277108432,False,0.0,0.0,0.0,0.0,0.0,84.571,88.11242759522722,-3.541427595227219
2026,Monza,FP2,GAS,10,Alpine,5.0,1.0,HARD,5.0,True,123.471,39.923,46.284,37.264,,1,,True,False,True,,,5.0,33.742168674698796,54.94819277108432,False,0.0,0.0,0.0,0.0,0.0,123.471,88.11242759522722,35.35857240477279
2026,Monza,FP2,GAS,10,Alpine,6.0,1.0,HARD,6.0,True,84.312,27.295,28.625,28.392,,1,,True,False,True,,,5.0,33.742168674698796,54.94819277108432,False,0.0,0.0,0.0,0.0,0.0,84.312,88.11242759522722,-3.8004275952272195
2026,Monza,FP2,GAS,10,Alpine,7.0,1.0,HARD,7.0,True,124.941,42.753,46.526,35.662,,1,,True,False,True,,,5.0,33.742168674698796,54.94819277108432,False,0.0,0.0,0.0,0.0,0.0,124.941,88.11242759522722,36.828572404772785
2026,Monza,FP2,GAS,10,Alpine,8.0,1.0,HARD,8.0,True,84.35,27.269,28.543,28.538,,1,,True,False,True,,,5.0,33.742168674698796,54.94819277108432,False,0.0,0.0,0.0,0.0,0.0,84.35,88.11242759522722,-3.762427595227223
2026,Monza,FP2,GAS,10,Alpine,9.0,1.0,HARD,9.0,True,118.335,35.292,39.515,43.528,,1,,False,True,True,,,5.0,33.742168674698796,54.94819277108432,False,0.0,0.0,0.0,0.0,0.0,118.335,88.11242759522722,30.222572404772777
2026,Monza,FP2,GAS,10,Alpine,10.0,2.0,SOFT,1.0,True,,,35.294,31.799,,1,,False,True,True,,,5.0,33.742168674698796,54.94819277108432,False,0.0,0.0,0.0,0.0,0.0,,88.54549069325695,
2026,Monza,FP2,GAS,10,Alpine,11.0,2.0,SOFT,2.0,True,83.803,27.039,28.392,28.372,,1,,True,False,True,,,5.0,33.742168674698796,54.94819277108432,False,0.0,0.0,0.0,0.0,0.0,83.803,88.54549069325695,-4.742490693256954
2026,Monza,FP2,GAS,10,Alpine,12.0,2.0,SOFT,3.0,True,135.675,51.653,44.368,39.654,,1,,True,False,True,,,5.0,33.742168674698796,54.94819277108432,False,0.0,0.0,0.0,0.0,0.0,135.675,88.54549069325695,47.12950930674306
2026,Monza,FP2,GAS,10,Alpine,13.0,2.0,SOFT,4.0,True,117.739,40.818,43.903,33.018,,1,,True,False,True,,,5.0,33.742168674698796,54.94819277108432,False,0.0,0.0,0.0,0.0,0.0,117.739,88.54549069325695,29.193509306743053
2026,Monza,FP2,GAS,10,Alpine,14.0,2.0,SOFT,5.0,True,83.773,27.15,28.282,28.341,,1,,True,False,True,,,5.0,33.742168674698796,54.94819277108432,False,0.0,0.0,0.0,0.0,0.0,83.773,88.54549069325695,-4.772490693256955
2026,Monza,FP2,GAS,10,Alpine,15.0,2.0,SOFT,6.0,True,112.702,34.119,38.417,40.166,,1,,False,True,True,,,5.0,33.742168674698796,54.94819277108432,False,0.0,0.0,0.0,0.0,0.0,112.702,88.54549069325695,24.156509306743047
2026,Monza,FP2,GAS,10,Alpine,16.0,3.0,HARD,10.0,False,,,30.214,28.937,,1,,False,True,True,,,5.0,33.742168674698796,54.94819277108432,False,0.0,0.0,0.0,0.0,0.0,,88.11242759522722,
2026,Monza,FP2,GAS,10,Alpine,17.0,3.0,HARD,11.0,False,87.339,28.448,29.544,29.347,,1,,True,False,True,,,5.0,33.742168674698796,54.94819277108432,False,0.0,0.0,0.0,0.0,0.0,87.339,88.11242759522722,-0.7734275952272185
2026,Monza,FP2,GAS,10,Alpine,18.0,3.0,HARD,12.0,False,87.027,28.728,29.416,28.883,,1,,True,False,True,,,5.0,33.742168674698796,54.94819277108432,False,0.0,0.0,0.0,0.0,0.0,87.027,88.11242759522722,-1.085427595227216
2026,Monza,FP2,GAS,10,Alpine,19.0,3.0,HARD,13.0,False,87.636,28.426,29.911,29.299,,1,,True,False,True,,,5.0,33.742168674698796,54.94819277108432,False,0.0,0.0,0.0,0.0,0.0,87.636,88.11242759522722,-0.47642759522722145
2026,Monza,FP2,GAS,10,Alpine,20.0,3.0,HARD,14.0,False,87.619,29.133,29.684,28.802,,1,,True,False,True,,,5.0,33.742168674698796,54.94819277108432,False,0.0,0.0,0.0,0.0,0.0,87.619,88.11242759522722,-0.49342759522721735
2026,Monza,FP2,GAS,10,Alpine,21.0,3.0,HARD,15.0,False,86.755,28.324,29.614,28.817,,1,,True,False,True,,,5.0,33.742168674698796,54.94819277108432,False,0.0,0.0,0.0,0.0,0.0,86.755,88.11242759522722,-1.3574275952272217
2026,Monza,FP2,GAS,10,Alpine,22.0,3.0,HARD,16.0,False,86.804,28.503,29.552,28.749,,1,,True,False,True,,,5.0,33.742168674698796,54.94819277108432,False,0.0,0.0,0.0,0.0,0.0,86.804,88.11242759522722,-1.308427595227215
2026,Monza,FP2,GAS,10,Alpine,23.0,3.0,HARD,17.0,False,87.116,28.491,29.656,28.969,,1,,True,False,True,,,5.0,33.742168674698796,54.94819277108432,False,0.0,0.0,0.0,0.0,0.0,87.116,88.11242759522722,-0.9964275952272175
2026,Monza,FP2,GAS,10,Alpine,24.0,3.0,HARD,18.0,False,86.662,28.334,29.646,28.682,,1,,True,False,True,,,5.0,33.742168674698796,54.94819277108432,False,0.0,0.0,0.0,0.0,0.0,86.662,88.11242759522722,-1.450427595227211
2026,Monza,FP2,GAS,10,Alpine,25.0,3.0,HARD,19.0,False,113.252,35.958,36.458,40.836,,1,,True,False,True,,,5.0,33.742168674698796,54.94819277108432,False,0.0,0.0,0.0,0.0,0.0,113.252,88.11242759522722,25.139572404772778
2026,Monza,FP2,GAS,10,Alpine,26.0,3.0,HARD,20.0,False,143.779,64.807,36.32,42.652,,1,,True,False,True,,,5.0,33.742168674698796,54.94819277108432,False,0.0,0.0,0.0,0.0,0.0,143.779,88.11242759522722,55.66657240477278
2026,Monza,FP2,GAS,10,Alpine,27.0,3.0,HARD,21.0,False,132.849,65.126,31.304,36.419,,1,,False,True,True,,,5.0,33.742168674698796,54.94819277108432,False,0.0,0.0,0.0,0.0,0.0,132.849,88.11242759522722,44.73657240477277
2026,Monza,FP2,PER,11,Cadillac,1.0,1.0,MEDIUM,1.0,True,,,37.843,34.81,,1,,False,True,True,,,5.0,33.742168674698796,54.94819277108432,False,0.0,0.0,0.0,0.0,0.0,,87.69710883571248,
2026,Monza,FP2,PER,11,Cadillac,2.0,1.0,MEDIUM,2.0,True,87.436,28.502,29.851,29.083,,1,,True,False,True,,,5.0,33.742168674698796,54.94819277108432,False,0.0,0.0,0.0,0.0,0.0,87.436,87.69710883571248,-0.2611088357124771
2026,Monza,FP2,PER,11,Cadillac,3.0,1.0,MEDIUM,3.0,True,132.054,48.774,43.974,39.306,,1,,True,False,True,,,5.0,33.742168674698796,54.94819277108432,False,0.0,0.0,0.0,0.0,0.0,132.054,87.69710883571248,44.35689116428752
2026,Monza,FP2,PER,11,Cadillac,4.0,1.0,MEDIUM,4.0,True,86.414,28.143,29.328,28.943,,1,,True,False,True,,,5.0,33.742168674698796,54.94819277108432,False,0.0,0.0,0.0,0.0,0.0,86.414,87.69710883571248,-1.2831088357124827
2026,Monza,FP2,PER,11,Cadillac,5.0,1.0,MEDIUM,5.0,True,120.059,43.976,41.461,34.622,,1,,True,False,True,,,5.0,33.742168674698796,54.94819277108432,False,0.0,0.0,0.0,0.0,0.0,120.059,87.69710883571248,32.36189116428751
2026,Monza,FP2,PER,11,Cadillac,6.0,1.0,MEDIUM,6.0,True,85.951,28.024,29.148,28.779,,1,,True,False,True,,,5.0,33.742168674698796,54.94819277108432,False,0.0,0.0,0.0,0.0,0.0,85.951,87.69710883571248,-1.7461088357124908
2026,Monza,FP2,PER,11,Cadillac,7.0,1.0,MEDIUM,7.0,True,111.44,36.91,39.011,35.519,,1,,True,False,True,,,5.0,33.742168674698796,54.94819277108432,False,0.0,0.0,0.0,0.0,0.0,111.44,87.69710883571248,23.742891164287514
2026,Monza,FP2,PER,11,Cadillac,8.0,1.0,MEDIUM,8.0,True,85.483,27.811,29.058,28.614,,1,,True,False,True,,,5.0,33.742168674698796,54.94819277108432,False,0.0,0.0,0.0,0.0,0.0,85.483,87.69710883571248,-2.21410883571248
2026,Monza,FP2,PER,11,Cadillac,9.0,1.0,MEDIUM,9.0,True,115.194,37.743,38.182,39.269,,1,,False,True,True,,,5.0,33.742168674698796,54.94819277108432,False,0.0,0.0,0.0,0.0,0.0,115.194,87.69710883571248,27.49689116428752
2026,Monza,FP2,PER,11,Cadillac,10.0,2.0,SOFT,1.0,True,,,35.218,34.46,,1,,False,True,True,,,5.0,33.742168674698796,54.94819277108432,False,0.0,0.0,0.0,0.0,0.0,,88.54549069325695,
2026,Monza,FP2,PER,11,Cadillac,11.0,2.0,SOFT,2.0,True,85.198,27.7,29.088,28.41,,1,,True,False,True,,,5.0,33.742168674698796,54.94819277108432,False,0.0,0.0,0.0,0.0,0.0,85.198,88.54549069325695,-3.347490693256958
2026,Monza,FP2,PER,11,Cadillac,12.0,2.0,SOFT,3.0,True,130.008,44.512,44.183,41.313,,1,,True,False,True,,,5.0,33.742168674698796,54.94819277108432,False,0.0,0.0,0.0,0.0,0.0,130.008,88.54549069325695,41.46250930674306
2026,Monza,FP2,PER,11,Cadillac,13.0,2.0,SOFT,4.0,True,117.373,40.831,43.053,33.489,,1,,True,False,True,,,5.0,33.742168674698796,54.94819277108432,False,0.0,0.0,0.0,0.0,0.0,117.373,88.54549069325695,28.827509306743053
2026,Monza,FP2,PER,11,Cadillac,14.0,2.0,SOFT,5.0,True,85.082,27.636,28.955,28.491,,1,,True,False,True,,,5.0,33.742168674698796,54.94819277108432,False,0.0,0.0,0.0,0.0,0.0,85.082,88.54549069325695,-3.463490693256958
2026,Monza,FP2,PER,11,Cadillac,15.0,2.0,SOFT,6.0,True,117.279,38.926,39.524,38.829,,1,,False,True,True,,,5.0,33.742168674698796,54.94819277108432,False,0.0,0.0,0.0,0.0,0.0,117.279,88.54549069325695,28.733509306743045
2026,Monza,FP2,PER,11,Cadillac,16.0,3.0,SOFT,7.0,False,,,32.332,29.903,,1,,False,True,True,,,5.0,33.742168674698796,54.94819277108432,False,0.0,0.0,0.0,0.0,0.0,,88.54549069325695,
2026,Monza,FP2,PER,11,Cadillac,17.0,3.0,SOFT,8.0,False,88.961,28.954,30.705,29.302,,1,,True,False,True,,,5.0,33.742168674698796,54.94819277108432,False,0.0,0.0,0.0,0.0,0.0,88.961,88.54549069325695,0.4155093067430471
2026,Monza,FP2,PER,11,Cadillac,18.0,3.0,SOFT,9.0,False,88.97,29.042,30.638,29.29,,1,,True,False,True,,,5.0,33.742168674698796,54.94819277108432,False,0.0,0.0,0.0,0.0,0.0,88.97,88.54549069325695,0.42450930674304743
2026,Monza,FP2,PER,11,Cadillac,19.0,3.0,SOFT,10.0,False,88.357,28.906,30.26,29.191,,1,,True,False,True,,,5.0,33.742168674698796,54.94819277108432,False,0.0,0.0,0.0,0.0,0.0,88.357,88.54549069325695,-0.1884906932569521
2026,Monza,FP2,PER,11,Cadillac,20.0,3.0,SOFT,11.0,False,88.293,28.906,30.236,29.151,,1,,True,False,True,,,5.0,33.742168674698796,54.94819277108432,False,0.0,0.0,0.0,0.0,0.0,88.293,88.54549069325695,-0.25249069325694506
2026,Monza,FP2,PER,11,Cadillac,21.0,3.0,SOFT,12.0,False,88.677,29.039,30.548000000000002,29.09,,1,,True,False,True,,,5.0,33.742168674698796,54.94819277108432,False,0.0,0.0,0.0,0.0,0.0,88.677,88.54549069325695,0.13150930674305528
2026,Monza,FP2,PER,11,Cadillac,22.0,3.0,SOFT,13.0,False,87.892,28.713,30.272,28.907,,1,,True,False,True,,,5.0,33.742168674698796,54.94819277108432,False,0.0,0.0,0.0,0.0,0.0,87.892,88.54549069325695,-0.6534906932569555
2026,Monza,FP2,PER,11,Cadillac,23.0,3.0,SOFT,14.0,False,88.211,28.603,30.673000000000002,28.935,,1,,True,False,True,,,5.0,33.742168674698796,54.94819277108432,False,0.0,0.0,0.0,0.0,0.0,88.211,88.54549069325695,-0.3344906932569529
2026,Monza,FP2,PER,11,Cadillac,24.0,3.0,SOFT,15.0,False,90.946,31.005,30.848,29.093,,1,,True,False,True,,,5.0,33.742168674698796,54.94819277108432,False,0.0,0.0,0.0,0.0,0.0,90.946,88.54549069325695,2.4005093067430465
2026,Monza,FP2,PER,11,Cadillac,25.0,3.0,SOFT,16.0,False,90.253,29.521,31.159,29.573,,1,,True,False,True,,,5.0,33.742168674698796,54.94819277108432,False,0.0,0.0,0.0,0.0,0.0,90.253,88.54549069325695,1.7075093067430487
2026,Monza,FP2,PER,11,Cadillac,26.0,3.0,SOFT,17.0,False,126.848,41.644,39.339,45.865,,1,,True,False,True,,,5.0,33.742168674698796,54.94819277108432,False,0.0,0.0,0.0,0.0,0.0,126.848,88.54549069325695,38.30250930674305
2026,Monza,FP2,PER,11,Cadillac,27.0,3.0,SOFT,18.0,False,,87.708,37.977,42.548,,1,,False,False,True,,,5.0,33.742168674698796,54.94819277108432,False,0.0,0.0,0.0,0.0,0.0,,88.54549069325695,
2026,Monza,FP2,PER,11,Cadillac,28.0,3.0,SOFT,19.0,False,,90.545,37.054,38.433,,12,,False,True,False,,,5.0,33.742168674698796,54.94819277108432,False,0.0,0.0,0.0,0.0,0.0,,88.54549069325695,
2026,Monza,FP2,ANT,12,Mercedes,1.0,1.0,HARD,1.0,True,,,34.986,32.457,,1,,False,True,True,,,5.0,33.742168674698796,54.94819277108432,False,0.0,0.0,0.0,0.0,0.0,,88.11242759522722,
2026,Monza,FP2,ANT,12,Mercedes,2.0,1.0,HARD,2.0,True,83.417,27.262,28.242,27.913,,1,,True,False,True,,,5.0,33.742168674698796,54.94819277108432,False,0.0,0.0,0.0,0.0,0.0,83.417,88.11242759522722,-4.6954275952272155
2026,Monza,FP2,ANT,12,Mercedes,3.0,1.0,HARD,3.0,True,134.119,47.962,50.981,35.176,,1,,True,False,True,,,5.0,33.742168674698796,54.94819277108432,False,0.0,0.0,0.0,0.0,0.0,134.119,88.11242759522722,46.00657240477278
2026,Monza,FP2,ANT,12,Mercedes,4.0,1.0,HARD,4.0,True,96.838,27.518,28.139,41.181,,1,,False,True,True,,,5.0,33.742168674698796,54.94819277108432,False,0.0,0.0,0.0,0.0,0.0,96.838,88.11242759522722,8.725572404772777
2026,Monza,FP2,ANT,12,Mercedes,5.0,2.0,SOFT,1.0,True,,,35.71,31.178,,1,,False,True,True,,,5.0,33.742168674698796,54.94819277108432,False,0.0,0.0,0.0,0.0,0.0,,88.54549069325695,
2026,Monza,FP2,ANT,12,Mercedes,6.0,2.0,SOFT,2.0,True,91.894,27.323,27.881,36.69,,1,,False,True,True,,,5.0,33.742168674698796,54.94819277108432,False,0.0,0.0,0.0,0.0,0.0,91.894,88.54549069325695,3.348509306743054
2026,Monza,FP2,ANT,12,Mercedes,7.0,3.0,SOFT,3.0,False,,,44.479,33.279,,1,,False,True,True,,,5.0,33.742168674698796,54.94819277108432,False,0.0,0.0,0.0,0.0,0.0,,88.54549069325695,
2026,Monza,FP2,ANT,12,Mercedes,8.0,3.0,SOFT,4.0,False,82.7,27.297,27.784,27.619,,1,,True,False,True,,,5.0,33.742168674698796,54.94819277108432,False,0.0,0.0,0.0,0.0,0.0,82.7,88.54549069325695,-5.845490693256949
2026,Monza,FP2,ANT,12,Mercedes,9.0,3.0,SOFT,5.0,False,97.305,32.488,30.57,34.247,,1,,False,True,True,,,5.0,33.742168674698796,54.94819277108432,False,0.0,0.0,0.0,0.0,0.0,97.305,88.54549069325695,8.759509306743055
2026,Monza,FP2,ANT,12,Mercedes,10.0,4.0,HARD,5.0,False,,,29.689,28.413,,1,,False,True,True,,,5.0,33.742168674698796,54.94819277108432,False,0.0,0.0,0.0,0.0,0.0,,88.11242759522722,
2026,Monza,FP2,ANT,12,Mercedes,11.0,4.0,HARD,6.0,False,86.42,28.376,29.33,28.714,,1,,True,False,True,,,5.0,33.742168674698796,54.94819277108432,False,0.0,0.0,0.0,0.0,0.0,86.42,88.11242759522722,-1.6924275952272154
2026,Monza,FP2,ANT,12,Mercedes,12.0,4.0,HARD,7.0,False,86.405,28.621,29.245,28.539,,1,,True,False,True,,,5.0,33.742168674698796,54.94819277108432,False,0.0,0.0,0.0,0.0,0.0,86.405,88.11242759522722,-1.707427595227216
2026,Monza,FP2,ANT,12,Mercedes,13.0,4.0,HARD,8.0,False,86.291,28.563,29.305,28.423,,1,,True,False,True,,,5.0,33.742168674698796,54.94819277108432,False,0.0,0.0,0.0,0.0,0.0,86.291,88.11242759522722,-1.8214275952272203
2026,Monza,FP2,ANT,12,Mercedes,14.0,4.0,HARD,9.0,False,85.875,28.367,29.234,28.274,,1,,True,False,True,,,5.0,33.742168674698796,54.94819277108432,False,0.0,0.0,0.0,0.0,0.0,85.875,88.11242759522722,-2.237427595227217
2026,Monza,FP2,ANT,12,Mercedes,15.0,4.0,HARD,10.0,False,85.968,28.452,29.301,28.215,,1,,True,False,True,,,5.0,33.742168674698796,54.94819277108432,False,0.0,0.0,0.0,0.0,0.0,85.968,88.11242759522722,-2.1444275952272136
2026,Monza,FP2,ANT,12,Mercedes,16.0,4.0,HARD,11.0,False,85.702,28.308,29.132,28.262,,1,,True,False,True,,,5.0,33.742168674698796,54.94819277108432,False,0.0,0.0,0.0,0.0,0.0,85.702,88.11242759522722,-2.410427595227219
2026,Monza,FP2,ANT,12,Mercedes,17.0,4.0,HARD,12.0,False,85.946,28.433,29.21,28.303,,1,,True,False,True,,,5.0,33.742168674698796,54.94819277108432,False,0.0,0.0,0.0,0.0,0.0,85.946,88.11242759522722,-2.166427595227219
2026,Monza,FP2,ANT,12,Mercedes,18.0,4.0,HARD,13.0,False,85.813,28.409,29.185,28.219,,1,,True,False,True,,,5.0,33.742168674698796,54.94819277108432,False,0.0,0.0,0.0,0.0,0.0,85.813,88.11242759522722,-2.2994275952272147
2026,Monza,FP2,ANT,12,Mercedes,19.0,4.0,HARD,14.0,False,85.739,28.494,29.158,28.087,,1,,True,False,True,,,5.0,33.742168674698796,54.94819277108432,False,0.0,0.0,0.0,0.0,0.0,85.739,88.11242759522722,-2.373427595227213
2026,Monza,FP2,ANT,12,Mercedes,20.0,4.0,HARD,15.0,False,85.815,28.208,29.394,28.213,,1,,True,False,True,,,5.0,33.742168674698796,54.94819277108432,False,0.0,0.0,0.0,0.0,0.0,85.815,88.11242759522722,-2.2974275952272194
2026,Monza,FP2,ANT,12,Mercedes,21.0,4.0,HARD,16.0,False,86.018,28.107,29.5,28.411,,1,,True,False,True,,,5.0,33.742168674698796,54.94819277108432,False,0.0,0.0,0.0,0.0,0.0,86.018,88.11242759522722,-2.0944275952272164
2026,Monza,FP2,ANT,12,Mercedes,22.0,4.0,HARD,17.0,False,85.773,27.68,29.648,28.445,,1,,True,False,True,,,5.0,33.742168674698796,54.94819277108432,False,0.0,0.0,0.0,0.0,0.0,85.773,88.11242759522722,-2.339427595227221
2026,Monza,FP2,ANT,12,Mercedes,23.0,4.0,HARD,18.0,False,87.637,28.514,30.576,28.547,,1,,True,False,True,,,5.0,33.742168674698796,54.94819277108432,False,0.0,0.0,0.0,0.0,0.0,87.637,88.11242759522722,-0.47542759522721667
2026,Monza,FP2,ANT,12,Mercedes,24.0,4.0,HARD,19.0,False,86.332,27.966,29.873,28.493,,1,,True,False,True,,,5.0,33.742168674698796,54.94819277108432,False,0.0,0.0,0.0,0.0,0.0,86.332,88.11242759522722,-1.7804275952272235
2026,Monza,FP2,ANT,12,Mercedes,25.0,4.0,HARD,20.0,False,86.463,27.764,30.099,28.6,,1,,True,False,True,,,5.0,33.742168674698796,54.94819277108432,False,0.0,0.0,0.0,0.0,0.0,86.463,88.11242759522722,-1.6494275952272233
2026,Monza,FP2,ANT,12,Mercedes,26.0,4.0,HARD,21.0,False,86.376,28.181,29.463,28.732,,1,,True,False,True,,,5.0,33.742168674698796,54.94819277108432,False,0.0,0.0,0.0,0.0,0.0,86.376,88.11242759522722,-1.7364275952272124
2026,Monza,FP2,ANT,12,Mercedes,27.0,4.0,HARD,22.0,False,86.076,28.456,29.362,28.258,,1,,True,False,True,,,5.0,33.742168674698796,54.94819277108432,False,0.0,0.0,0.0,0.0,0.0,86.076,88.11242759522722,-2.0364275952272237
2026,Monza,FP2,ANT,12,Mercedes,28.0,4.0,HARD,23.0,False,90.482,28.441,29.994,32.047,,1,,False,True,True,,,5.0,33.742168674698796,54.94819277108432,False,0.0,0.0,0.0,0.0,0.0,90.482,88.11242759522722,2.369572404772782
2026,Monza,FP2,ANT,12,Mercedes,29.0,5.0,SOFT,6.0,False,127.754,69.644,29.76,28.35,,1,,False,True,True,,,5.0,33.742168674698796,54.94819277108432,False,0.0,0.0,0.0,0.0,0.0,127.754,88.54549069325695,39.20850930674305
2026,Monza,FP2,ANT,12,Mercedes,30.0,5.0,SOFT,7.0,False,130.172,31.84,44.427,53.905,,1,,True,False,True,,,5.0,33.742168674698796,54.94819277108432,False,0.0,0.0,0.0,0.0,0.0,130.172,88.54549069325695,41.626509306743046
2026,Monza,FP2,ANT,12,Mercedes,31.0,5.0,SOFT,8.0,False,,75.329,35.465,39.4,,1,,False,False,True,,,5.0,33.742168674698796,54.94819277108432,False,0.0,0.0,0.0,0.0,0.0,,88.54549069325695,
2026,Monza,FP2,ANT,12,Mercedes,32.0,5.0,SOFT,9.0,False,145.389,76.808,32.826,35.755,,1,,False,True,True,,,5.0,33.742168674698796,54.94819277108432,False,0.0,0.0,0.0,0.0,0.0,145.389,88.54549069325695,56.84350930674306
2026,Monza,FP2,ALO,14,Aston Martin,1.0,1.0,SOFT,1.0,True,,,33.942,32.842,,1,,False,True,True,,,5.0,33.742168674698796,54.94819277108432,False,0.0,0.0,0.0,0.0,0.0,,88.54549069325695,
2026,Monza,FP2,ALO,14,Aston Martin,2.0,1.0,SOFT,2.0,True,86.319,28.263,29.335,28.721,,1,,True,False,True,,,5.0,33.742168674698796,54.94819277108432,False,0.0,0.0,0.0,0.0,0.0,86.319,88.54549069325695,-2.226490693256949
2026,Monza,FP2,ALO,14,Aston Martin,3.0,1.0,SOFT,3.0,True,120.032,42.465,42.324,35.243,,1,,True,False,True,,,5.0,33.742168674698796,54.94819277108432,False,0.0,0.0,0.0,0.0,0.0,120.032,88.54549069325695,31.486509306743045
2026,Monza,FP2,ALO,14,Aston Martin,4.0,1.0,SOFT,4.0,True,86.155,28.218,29.15,28.787,,1,,True,False,True,,,5.0,33.742168674698796,54.94819277108432,False,0.0,0.0,0.0,0.0,0.0,86.155,88.54549069325695,-2.3904906932569503
2026,Monza,FP2,ALO,14,Aston Martin,5.0,1.0,SOFT,5.0,True,121.683,43.385,42.6,35.698,,1,,True,False,True,,,5.0,33.742168674698796,54.94819277108432,False,0.0,0.0,0.0,0.0,0.0,121.683,88.54549069325695,33.137509306743056
2026,Monza,FP2,ALO,14,Aston Martin,6.0,1.0,SOFT,6.0,True,85.791,28.101,29.136,28.554,,1,,True,False,True,,,5.0,33.742168674698796,54.94819277108432,False,0.0,0.0,0.0,0.0,0.0,85.791,88.54549069325695,-2.7544906932569546
2026,Monza,FP2,ALO,14,Aston Martin,7.0,1.0,SOFT,7.0,True,105.062,33.034,33.258,38.77,,1,,False,True,True,,,5.0,33.742168674698796,54.94819277108432,False,0.0,0.0,0.0,0.0,0.0,105.062,88.54549069325695,16.516509306743046
2026,Monza,FP2,ALO,14,Aston Martin,8.0,2.0,SOFT,1.0,True,,,36.319,36.897,,1,,False,True,True,,,5.0,33.742168674698796,54.94819277108432,False,0.0,0.0,0.0,0.0,0.0,,88.54549069325695,
2026,Monza,FP2,ALO,14,Aston Martin,9.0,2.0,SOFT,2.0,True,85.06,27.877,28.783,28.4,,1,,True,False,True,,,5.0,33.742168674698796,54.94819277108432,False,0.0,0.0,0.0,0.0,0.0,85.06,88.54549069325695,-3.485490693256949
2026,Monza,FP2,ALO,14,Aston Martin,10.0,2.0,SOFT,3.0,True,119.167,42.323,38.767,38.077,,1,,True,False,True,,,5.0,33.742168674698796,54.94819277108432,False,0.0,0.0,0.0,0.0,0.0,119.167,88.54549069325695,30.62150930674305
2026,Monza,FP2,ALO,14,Aston Martin,11.0,2.0,SOFT,4.0,True,126.921,40.899,45.498,40.524,,1,,True,False,True,,,5.0,33.742168674698796,54.94819277108432,False,0.0,0.0,0.0,0.0,0.0,126.921,88.54549069325695,38.375509306743055
2026,Monza,FP2,ALO,14,Aston Martin,12.0,2.0,SOFT,5.0,True,85.027,27.93,28.785,28.312,,1,,True,False,True,,,5.0,33.742168674698796,54.94819277108432,False,0.0,0.0,0.0,0.0,0.0,85.027,88.54549069325695,-3.5184906932569504
2026,Monza,FP2,ALO,14,Aston Martin,13.0,2.0,SOFT,6.0,True,118.044,39.314,33.372,45.358,,1,,False,True,True,,,5.0,33.742168674698796,54.94819277108432,False,0.0,0.0,0.0,0.0,0.0,118.044,88.54549069325695,29.498509306743045
2026,Monza,FP2,ALO,14,Aston Martin,14.0,3.0,SOFT,7.0,False,,,40.213,35.343,,1,,False,True,True,,,5.0,33.742168674698796,54.94819277108432,False,0.0,0.0,0.0,0.0,0.0,,88.54549069325695,
2026,Monza,FP2,ALO,14,Aston Martin,15.0,3.0,SOFT,8.0,False,108.541,28.34,45.965,34.236,,1,,True,False,True,,,5.0,33.742168674698796,54.94819277108432,False,0.0,0.0,0.0,0.0,0.0,108.541,88.54549069325695,19.995509306743045
2026,Monza,FP2,ALO,14,Aston Martin,16.0,3.0,SOFT,9.0,False,86.796,27.991,29.203,29.602,,1,,True,False,True,,,5.0,33.742168674698796,54.94819277108432,False,0.0,0.0,0.0,0.0,0.0,86.796,88.54549069325695,-1.749490693256945
2026,Monza,FP2,ALO,14,Aston Martin,17.0,3.0,SOFT,10.0,False,125.16,50.025,40.666,34.469,,1,,True,False,True,,,5.0,33.742168674698796,54.94819277108432,False,0.0,0.0,0.0,0.0,0.0,125.16,88.54549069325695,36.614509306743045
2026,Monza,FP2,ALO,14,Aston Martin,18.0,3.0,SOFT,11.0,False,98.636,28.106,31.263,39.267,,1,,False,True,True,,,5.0,33.742168674698796,54.94819277108432,False,0.0,0.0,0.0,0.0,0.0,98.636,88.54549069325695,10.090509306743044
2026,Monza,FP2,LEC,16,Ferrari,1.0,1.0,MEDIUM,1.0,True,,,33.347,32.309,,1,,False,True,True,,,5.0,33.742168674698796,54.94819277108432,False,0.0,0.0,0.0,0.0,0.0,,87.69710883571248,
2026,Monza,FP2,LEC,16,Ferrari,2.0,1.0,MEDIUM,2.0,True,83.472,27.436,28.262,27.774,,1,,True,False,True,,,5.0,33.742168674698796,54.94819277108432,False,0.0,0.0,0.0,0.0,0.0,83.472,87.69710883571248,-4.22510883571249
2026,Monza,FP2,LEC,16,Ferrari,3.0,1.0,MEDIUM,3.0,True,144.255,47.008,45.619,51.628,,1,,False,True,True,,,5.0,33.742168674698796,54.94819277108432,False,0.0,0.0,0.0,0.0,0.0,144.255,87.69710883571248,56.55789116428751
2026,Monza,FP2,LEC,16,Ferrari,4.0,2.0,MEDIUM,4.0,False,,90.79,34.208,35.7,,1,,False,True,True,,,5.0,33.742168674698796,54.94819277108432,False,0.0,0.0,0.0,0.0,0.0,,87.69710883571248,
2026,Monza,FP2,LEC,16,Ferrari,5.0,2.0,MEDIUM,5.0,False,112.593,33.751,39.762,39.08,,1,,True,False,True,,,5.0,33.742168674698796,54.94819277108432,False,0.0,0.0,0.0,0.0,0.0,112.593,87.69710883571248,24.89589116428752
2026,Monza,FP2,LEC,16,Ferrari,6.0,2.0,MEDIUM,6.0,False,83.798,27.631,28.313,27.854,,1,,True,False,True,,,5.0,33.742168674698796,54.94819277108432,False,0.0,0.0,0.0,0.0,0.0,83.798,87.69710883571248,-3.8991088357124823
2026,Monza,FP2,LEC,16,Ferrari,7.0,2.0,MEDIUM,7.0,False,114.799,38.063,36.812,39.924,,1,,False,True,True,,,5.0,33.742168674698796,54.94819277108432,False,0.0,0.0,0.0,0.0,0.0,114.799,87.69710883571248,27.101891164287522
2026,Monza,FP2,LEC,16,Ferrari,8.0,3.0,MEDIUM,8.0,False,,74.238,39.167,43.949,,1,,False,True,True,,,5.0,33.742168674698796,54.94819277108432,False,0.0,0.0,0.0,0.0,0.0,,87.69710883571248,
2026,Monza,FP2,LEC,16,Ferrari,9.0,3.0,MEDIUM,9.0,False,83.83,27.691,28.212,27.927,,1,,True,False,True,,,5.0,33.742168674698796,54.94819277108432,False,0.0,0.0,0.0,0.0,0.0,83.83,87.69710883571248,-3.867108835712486
2026,Monza,FP2,LEC,16,Ferrari,10.0,3.0,MEDIUM,10.0,False,102.174,32.199,34.736,35.239,,1,,False,True,True,,,5.0,33.742168674698796,54.94819277108432,False,0.0,0.0,0.0,0.0,0.0,102.174,87.69710883571248,14.476891164287522
2026,Monza,FP2,LEC,16,Ferrari,11.0,4.0,SOFT,1.0,True,,,32.654,34.674,,1,,False,True,True,,,5.0,33.742168674698796,54.94819277108432,False,0.0,0.0,0.0,0.0,0.0,,88.54549069325695,
2026,Monza,FP2,LEC,16,Ferrari,12.0,4.0,SOFT,2.0,True,82.679,27.259,27.874,27.546,,1,,True,False,True,,,5.0,33.742168674698796,54.94819277108432,False,0.0,0.0,0.0,0.0,0.0,82.679,88.54549069325695,-5.866490693256949
2026,Monza,FP2,LEC,16,Ferrari,13.0,4.0,SOFT,3.0,True,125.304,38.004,48.351,38.949,,1,,False,True,True,,,5.0,33.742168674698796,54.94819277108432,False,0.0,0.0,0.0,0.0,0.0,125.304,88.54549069325695,36.75850930674305
2026,Monza,FP2,LEC,16,Ferrari,14.0,5.0,SOFT,4.0,False,,67.853,48.804,37.568,,1,,False,True,True,,,5.0,33.742168674698796,54.94819277108432,False,0.0,0.0,0.0,0.0,0.0,,88.54549069325695,
2026,Monza,FP2,LEC,16,Ferrari,15.0,5.0,SOFT,5.0,False,89.821,27.386,28.114,34.321,,1,,False,True,True,,,5.0,33.742168674698796,54.94819277108432,False,0.0,0.0,0.0,0.0,0.0,89.821,88.54549069325695,1.2755093067430465
2026,Monza,FP2,LEC,16,Ferrari,16.0,6.0,SOFT,6.0,False,,,33.201,29.708,,1,,False,True,True,,,5.0,33.742168674698796,54.94819277108432,False,0.0,0.0,0.0,0.0,0.0,,88.54549069325695,
2026,Monza,FP2,LEC,16,Ferrari,17.0,6.0,SOFT,7.0,False,87.087,28.898,29.683,28.506,,1,,True,False,True,,,5.0,33.742168674698796,54.94819277108432,False,0.0,0.0,0.0,0.0,0.0,87.087,88.54549069325695,-1.4584906932569481
2026,Monza,FP2,LEC,16,Ferrari,18.0,6.0,SOFT,8.0,False,86.232,28.534,29.424,28.274,,1,,True,False,True,,,5.0,33.742168674698796,54.94819277108432,False,0.0,0.0,0.0,0.0,0.0,86.232,88.54549069325695,-2.313490693256952
2026,Monza,FP2,LEC,16,Ferrari,19.0,6.0,SOFT,9.0,False,86.168,28.551,29.315,28.302,,1,,True,False,True,,,5.0,33.742168674698796,54.94819277108432,False,0.0,0.0,0.0,0.0,0.0,86.168,88.54549069325695,-2.377490693256945
2026,Monza,FP2,LEC,16,Ferrari,20.0,6.0,SOFT,10.0,False,97.38,28.728,38.463,30.189,,1,,True,False,True,,,5.0,33.742168674698796,54.94819277108432,False,0.0,0.0,0.0,0.0,0.0,97.38,88.54549069325695,8.834509306743044
2026,Monza,FP2,LEC,16,Ferrari,21.0,6.0,SOFT,11.0,False,88.185,28.826,29.988,29.371,,1,,True,False,True,,,5.0,33.742168674698796,54.94819277108432,False,0.0,0.0,0.0,0.0,0.0,88.185,88.54549069325695,-0.36049069325694916
2026,Monza,FP2,LEC,16,Ferrari,22.0,6.0,SOFT,12.0,False,86.024,28.512,29.579,27.933,,1,,True,False,True,,,5.0,33.742168674698796,54.94819277108432,False,0.0,0.0,0.0,0.0,0.0,86.024,88.54549069325695,-2.5214906932569505
2026,Monza,FP2,LEC,16,Ferrari,23.0,6.0,SOFT,13.0,False,86.042,27.966,29.616,28.46,,1,,True,False,True,,,5.0,33.742168674698796,54.94819277108432,False,0.0,0.0,0.0,0.0,0.0,86.042,88.54549069325695,-2.50349069325695
2026,Monza,FP2,LEC,16,Ferrari,24.0,6.0,SOFT,14.0,False,86.323,28.511,29.403,28.409,,1,,True,False,True,,,5.0,33.742168674698796,54.94819277108432,False,0.0,0.0,0.0,0.0,0.0,86.323,88.54549069325695,-2.222490693256958
2026,Monza,FP2,LEC,16,Ferrari,25.0,6.0,SOFT,15.0,False,86.137,28.481,29.439,28.217,,1,,True,False,True,,,5.0,33.742168674698796,54.94819277108432,False,0.0,0.0,0.0,0.0,0.0,86.137,88.54549069325695,-2.408490693256951
2026,Monza,FP2,LEC,16,Ferrari,26.0,6.0,SOFT,16.0,False,85.708,28.353,29.255,28.1,,1,,True,False,True,,,5.0,33.742168674698796,54.94819277108432,False,0.0,0.0,0.0,0.0,0.0,85.708,88.54549069325695,-2.837490693256953
2026,Monza,FP2,LEC,16,Ferrari,27.0,6.0,SOFT,17.0,False,105.0,27.615,29.364,48.021,,1,,True,False,True,,,5.0,33.742168674698796,54.94819277108432,False,0.0,0.0,0.0,0.0,0.0,105.0,88.54549069325695,16.45450930674305
2026,Monza,FP2,LEC,16,Ferrari,28.0,6.0,SOFT,18.0,False,,74.865,43.882,50.711,,1,,False,False,True,,,5.0,33.742168674698796,54.94819277108432,False,0.0,0.0,0.0,0.0,0.0,,88.54549069325695,
2026,Monza,FP2,LEC,16,Ferrari,29.0,6.0,SOFT,19.0,False,130.406,63.979,29.605,36.822,,1,,False,True,True,,,5.0,33.742168674698796,54.94819277108432,False,0.0,0.0,0.0,0.0,0.0,130.406,88.54549069325695,41.860509306743054
2026,Monza,FP2,STR,18,Aston Martin,1.0,1.0,SOFT,1.0,True,,,37.884,35.394,,1,,False,True,True,,,5.0,33.742168674698796,54.94819277108432,False,0.0,0.0,0.0,0.0,0.0,,88.54549069325695,
2026,Monza,FP2,STR,18,Aston Martin,2.0,1.0,SOFT,2.0,True,86.045,28.006,29.314,28.725,,1,,True,False,True,,,5.0,33.742168674698796,54.94819277108432,False,0.0,0.0,0.0,0.0,0.0,86.045,88.54549069325695,-2.5004906932569497
2026,Monza,FP2,STR,18,Aston Martin,3.0,1.0,SOFT,3.0,True,136.712,46.32,49.998,40.394,,1,,True,False,True,,,5.0,33.742168674698796,54.94819277108432,False,0.0,0.0,0.0,0.0,0.0,136.712,88.54549069325695,48.16650930674304
2026,Monza,FP2,STR,18,Aston Martin,4.0,1.0,SOFT,4.0,True,120.39,37.441,48.377,34.572,,1,,True,False,True,,,5.0,33.742168674698796,54.94819277108432,False,0.0,0.0,0.0,0.0,0.0,120.39,88.54549069325695,31.84450930674305
2026,Monza,FP2,STR,18,Aston Martin,5.0,1.0,SOFT,5.0,True,94.664,28.166,29.43,37.068,,1,,True,False,True,,,5.0,33.742168674698796,54.94819277108432,False,0.0,0.0,0.0,0.0,0.0,94.664,88.54549069325695,6.11850930674305
2026,Monza,FP2,STR,18,Aston Martin,6.0,1.0,SOFT,6.0,True,140.95,43.576,53.402,43.972,,1,,True,False,True,,,5.0,33.742168674698796,54.94819277108432,False,0.0,0.0,0.0,0.0,0.0,140.95,88.54549069325695,52.40450930674304
2026,Monza,FP2,STR,18,Aston Martin,7.0,1.0,SOFT,7.0,True,126.261,41.7,37.142,47.419,,1,,True,False,True,,,5.0,33.742168674698796,54.94819277108432,False,0.0,0.0,0.0,0.0,0.0,126.261,88.54549069325695,37.715509306743044
2026,Monza,FP2,STR,18,Aston Martin,8.0,1.0,SOFT,8.0,True,105.975,37.124,35.931,32.92,,1,,True,False,True,,,5.0,33.742168674698796,54.94819277108432,False,0.0,0.0,0.0,0.0,0.0,105.975,88.54549069325695,17.429509306743043
2026,Monza,FP2,STR,18,Aston Martin,9.0,1.0,SOFT,9.0,True,86.263,28.277,29.11,28.876,,1,,True,False,True,,,5.0,33.742168674698796,54.94819277108432,False,0.0,0.0,0.0,0.0,0.0,86.263,88.54549069325695,-2.282490693256946
2026,Monza,FP2,STR,18,Aston Martin,10.0,1.0,SOFT,10.0,True,104.411,33.541,33.026,37.844,,1,,False,True,True,,,5.0,33.742168674698796,54.94819277108432,False,0.0,0.0,0.0,0.0,0.0,104.411,88.54549069325695,15.86550930674305
2026,Monza,FP2,STR,18,Aston Martin,11.0,2.0,SOFT,1.0,True,,,32.015,31.514,,1,,False,True,True,,,5.0,33.742168674698796,54.94819277108432,False,0.0,0.0,0.0,0.0,0.0,,88.54549069325695,
2026,Monza,FP2,STR,18,Aston Martin,12.0,2.0,SOFT,2.0,True,85.253,27.94,28.88,28.433,,1,,True,False,True,,,5.0,33.742168674698796,54.94819277108432,False,0.0,0.0,0.0,0.0,0.0,85.253,88.54549069325695,-3.2924906932569513
2026,Monza,FP2,STR,18,Aston Martin,13.0,2.0,SOFT,3.0,True,138.347,44.242,44.401,49.704,,1,,False,True,True,,,5.0,33.742168674698796,54.94819277108432,False,0.0,0.0,0.0,0.0,0.0,138.347,88.54549069325695,49.80150930674306
2026,Monza,FP2,STR,18,Aston Martin,14.0,3.0,SOFT,4.0,False,,57.822,55.385,38.498,,1,,False,True,True,,,5.0,33.742168674698796,54.94819277108432,False,0.0,0.0,0.0,0.0,0.0,,88.54549069325695,
2026,Monza,FP2,STR,18,Aston Martin,15.0,3.0,SOFT,5.0,False,112.192,36.034,42.334,33.824,,1,,True,False,True,,,5.0,33.742168674698796,54.94819277108432,False,0.0,0.0,0.0,0.0,0.0,112.192,88.54549069325695,23.64650930674304
2026,Monza,FP2,STR,18,Aston Martin,16.0,3.0,SOFT,6.0,False,123.384,38.138,42.362,42.884,,1,,False,True,True,,,5.0,33.742168674698796,54.94819277108432,False,0.0,0.0,0.0,0.0,0.0,123.384,88.54549069325695,34.83850930674305
2026,Monza,FP2,STR,18,Aston Martin,17.0,4.0,SOFT,7.0,False,,,33.278,31.237,,1,,False,True,True,,,5.0,33.742168674698796,54.94819277108432,False,0.0,0.0,0.0,0.0,0.0,,88.54549069325695,
2026,Monza,FP2,STR,18,Aston Martin,18.0,4.0,SOFT,8.0,False,93.762,31.487,31.71,30.565,,1,,True,False,True,,,5.0,33.742168674698796,54.94819277108432,False,0.0,0.0,0.0,0.0,0.0,93.762,88.54549069325695,5.216509306743049
2026,Monza,FP2,STR,18,Aston Martin,19.0,4.0,SOFT,9.0,False,90.352,29.966,30.833,29.553,,1,,True,False,True,,,5.0,33.742168674698796,54.94819277108432,False,0.0,0.0,0.0,0.0,0.0,90.352,88.54549069325695,1.8065093067430524
2026,Monza,FP2,STR,18,Aston Martin,20.0,4.0,SOFT,10.0,False,90.211,29.552,30.511,30.148,,1,,True,False,True,,,5.0,33.742168674698796,54.94819277108432,False,0.0,0.0,0.0,0.0,0.0,90.211,88.54549069325695,1.665509306743047
2026,Monza,FP2,STR,18,Aston Martin,21.0,4.0,SOFT,11.0,False,89.504,29.647,30.44,29.417,,1,,True,False,True,,,5.0,33.742168674698796,54.94819277108432,False,0.0,0.0,0.0,0.0,0.0,89.504,88.54549069325695,0.9585093067430535
2026,Monza,FP2,STR,18,Aston Martin,22.0,4.0,SOFT,12.0,False,89.624,29.792,30.494,29.338,,1,,True,False,True,,,5.0,33.742168674698796,54.94819277108432,False,0.0,0.0,0.0,0.0,0.0,89.624,88.54549069325695,1.0785093067430438
2026,Monza,FP2,STR,18,Aston Martin,23.0,4.0,SOFT,13.0,False,90.514,30.981,30.258,29.275,,1,,True,False,True,,,5.0,33.742168674698796,54.94819277108432,False,0.0,0.0,0.0,0.0,0.0,90.514,88.54549069325695,1.9685093067430444
2026,Monza,FP2,STR,18,Aston Martin,24.0,4.0,SOFT,14.0,False,89.726,29.687,30.428,29.611,,1,,True,False,True,,,5.0,33.742168674698796,54.94819277108432,False,0.0,0.0,0.0,0.0,0.0,89.726,88.54549069325695,1.1805093067430477
2026,Monza,FP2,STR,18,Aston Martin,25.0,4.0,SOFT,15.0,False,91.318,29.812,30.643,30.863,,1,,True,False,True,,,5.0,33.742168674698796,54.94819277108432,False,0.0,0.0,0.0,0.0,0.0,91.318,88.54549069325695,2.7725093067430464
2026,Monza,FP2,STR,18,Aston Martin,26.0,4.0,SOFT,16.0,False,130.499,43.128,40.295,47.076,,1,,True,False,True,,,5.0,33.742168674698796,54.94819277108432,False,0.0,0.0,0.0,0.0,0.0,130.499,88.54549069325695,41.953509306743044
2026,Monza,FP2,STR,18,Aston Martin,27.0,4.0,SOFT,17.0,False,,87.542,36.452,47.028,,1,,False,True,True,,,5.0,33.742168674698796,54.94819277108432,False,0.0,0.0,0.0,0.0,0.0,,88.54549069325695,
2026,Monza,FP2,TSU,22,Racing Bulls,1.0,1.0,MEDIUM,1.0,True,,,37.752,35.843,,1,,False,True,True,,,5.0,33.742168674698796,54.94819277108432,False,0.0,0.0,0.0,0.0,0.0,,87.69710883571248,
2026,Monza,FP2,TSU,22,Racing Bulls,2.0,1.0,MEDIUM,2.0,True,84.916,27.692,28.891,28.333,,1,,True,False,True,,,5.0,33.742168674698796,54.94819277108432,False,0.0,0.0,0.0,0.0,0.0,84.916,87.69710883571248,-2.7811088357124873
2026,Monza,FP2,TSU,22,Racing Bulls,3.0,1.0,MEDIUM,3.0,True,148.11,48.647,55.931,43.532,,1,,True,False,True,,,5.0,33.742168674698796,54.94819277108432,False,0.0,0.0,0.0,0.0,0.0,148.11,87.69710883571248,60.41289116428753
2026,Monza,FP2,TSU,22,Racing Bulls,4.0,1.0,MEDIUM,4.0,True,121.94,45.154,41.861,34.925,,1,,True,False,True,,,5.0,33.742168674698796,54.94819277108432,False,0.0,0.0,0.0,0.0,0.0,121.94,87.69710883571248,34.242891164287514
2026,Monza,FP2,TSU,22,Racing Bulls,5.0,1.0,MEDIUM,5.0,True,84.488,27.74,28.645,28.103,,1,,True,False,True,,,5.0,33.742168674698796,54.94819277108432,False,0.0,0.0,0.0,0.0,0.0,84.488,87.69710883571248,-3.2091088357124846
2026,Monza,FP2,TSU,22,Racing Bulls,6.0,1.0,MEDIUM,6.0,True,146.899,43.419,53.824,49.656,,1,,True,False,True,,,5.0,33.742168674698796,54.94819277108432,False,0.0,0.0,0.0,0.0,0.0,146.899,87.69710883571248,59.20189116428752
2026,Monza,FP2,TSU,22,Racing Bulls,7.0,1.0,MEDIUM,7.0,True,119.51,45.564,35.675,38.271,,1,,True,False,True,,,5.0,33.742168674698796,54.94819277108432,False,0.0,0.0,0.0,0.0,0.0,119.51,87.69710883571248,31.81289116428752
2026,Monza,FP2,TSU,22,Racing Bulls,8.0,1.0,MEDIUM,8.0,True,84.325,27.808,28.576,27.941,,1,,True,False,True,,,5.0,33.742168674698796,54.94819277108432,False,0.0,0.0,0.0,0.0,0.0,84.325,87.69710883571248,-3.3721088357124813
2026,Monza,FP2,TSU,22,Racing Bulls,9.0,1.0,MEDIUM,9.0,True,129.134,43.703,44.775,40.656,,1,,False,True,True,,,5.0,33.742168674698796,54.94819277108432,False,0.0,0.0,0.0,0.0,0.0,129.134,87.69710883571248,41.4368911642875
2026,Monza,FP2,TSU,22,Racing Bulls,10.0,2.0,SOFT,1.0,True,,,32.294,32.358,,1,,False,True,True,,,5.0,33.742168674698796,54.94819277108432,False,0.0,0.0,0.0,0.0,0.0,,88.54549069325695,
2026,Monza,FP2,TSU,22,Racing Bulls,11.0,2.0,SOFT,2.0,True,83.455,27.47,28.349,27.636,,1,,True,False,True,,,5.0,33.742168674698796,54.94819277108432,False,0.0,0.0,0.0,0.0,0.0,83.455,88.54549069325695,-5.090490693256953
2026,Monza,FP2,TSU,22,Racing Bulls,12.0,2.0,SOFT,3.0,True,142.788,45.787,49.576,47.425,,1,,True,False,True,,,5.0,33.742168674698796,54.94819277108432,False,0.0,0.0,0.0,0.0,0.0,142.788,88.54549069325695,54.24250930674306
2026,Monza,FP2,TSU,22,Racing Bulls,13.0,2.0,SOFT,4.0,True,125.292,46.944,39.223,39.125,,1,,True,False,True,,,5.0,33.742168674698796,54.94819277108432,False,0.0,0.0,0.0,0.0,0.0,125.292,88.54549069325695,36.74650930674305
2026,Monza,FP2,TSU,22,Racing Bulls,14.0,2.0,SOFT,5.0,True,83.92,27.689,28.445,27.786,,1,,True,False,True,,,5.0,33.742168674698796,54.94819277108432,False,0.0,0.0,0.0,0.0,0.0,83.92,88.54549069325695,-4.62549069325695
2026,Monza,FP2,TSU,22,Racing Bulls,15.0,2.0,SOFT,6.0,True,133.686,46.3,43.168,44.218,,1,,False,True,True,,,5.0,33.742168674698796,54.94819277108432,False,0.0,0.0,0.0,0.0,0.0,133.686,88.54549069325695,45.140509306743056
2026,Monza,FP2,TSU,22,Racing Bulls,16.0,3.0,MEDIUM,10.0,False,,,30.531,29.412,,1,,False,True,True,,,5.0,33.742168674698796,54.94819277108432,False,0.0,0.0,0.0,0.0,0.0,,87.69710883571248,
2026,Monza,FP2,TSU,22,Racing Bulls,17.0,3.0,MEDIUM,11.0,False,88.732,29.369,30.437,28.926,,1,,True,False,True,,,5.0,33.742168674698796,54.94819277108432,False,0.0,0.0,0.0,0.0,0.0,88.732,87.69710883571248,1.0348911642875152
2026,Monza,FP2,TSU,22,Racing Bulls,18.0,3.0,MEDIUM,12.0,False,87.227,28.853,29.701999999999998,28.672,,1,,True,False,True,,,5.0,33.742168674698796,54.94819277108432,False,0.0,0.0,0.0,0.0,0.0,87.227,87.69710883571248,-0.4701088357124803
2026,Monza,FP2,TSU,22,Racing Bulls,19.0,3.0,MEDIUM,13.0,False,87.616,28.981,29.837,28.798000000000002,,1,,True,False,True,,,5.0,33.742168674698796,54.94819277108432,False,0.0,0.0,0.0,0.0,0.0,87.616,87.69710883571248,-0.0811088357124845
2026,Monza,FP2,TSU,22,Racing Bulls,20.0,3.0,MEDIUM,14.0,False,88.021,29.551,29.909,28.561,,1,,True,False,True,,,5.0,33.742168674698796,54.94819277108432,False,0.0,0.0,0.0,0.0,0.0,88.021,87.69710883571248,0.32389116428751663
2026,Monza,FP2,TSU,22,Racing Bulls,21.0,3.0,MEDIUM,15.0,False,86.519,28.114,29.869,28.536,,1,,True,False,True,,,5.0,33.742168674698796,54.94819277108432,False,0.0,0.0,0.0,0.0,0.0,86.519,87.69710883571248,-1.1781088357124787
2026,Monza,FP2,TSU,22,Racing Bulls,22.0,3.0,MEDIUM,16.0,False,86.891,28.46,29.881,28.55,,1,,True,False,True,,,5.0,33.742168674698796,54.94819277108432,False,0.0,0.0,0.0,0.0,0.0,86.891,87.69710883571248,-0.8061088357124788
2026,Monza,FP2,TSU,22,Racing Bulls,23.0,3.0,MEDIUM,17.0,False,86.876,28.494,29.892,28.49,,1,,True,False,True,,,5.0,33.742168674698796,54.94819277108432,False,0.0,0.0,0.0,0.0,0.0,86.876,87.69710883571248,-0.8211088357124794
2026,Monza,FP2,TSU,22,Racing Bulls,24.0,3.0,MEDIUM,18.0,False,87.545,28.888,30.087,28.57,,1,,True,False,True,,,5.0,33.742168674698796,54.94819277108432,False,0.0,0.0,0.0,0.0,0.0,87.545,87.69710883571248,-0.15210883571248246
2026,Monza,FP2,TSU,22,Racing Bulls,25.0,3.0,MEDIUM,19.0,False,87.362,28.777,30.044,28.541,,1,,True,False,True,,,5.0,33.742168674698796,54.94819277108432,False,0.0,0.0,0.0,0.0,0.0,87.362,87.69710883571248,-0.3351088357124894
2026,Monza,FP2,TSU,22,Racing Bulls,26.0,3.0,MEDIUM,20.0,False,87.443,28.562,30.115,28.766,,1,,True,False,True,,,5.0,33.742168674698796,54.94819277108432,False,0.0,0.0,0.0,0.0,0.0,87.443,87.69710883571248,-0.2541088357124863
2026,Monza,FP2,TSU,22,Racing Bulls,27.0,3.0,MEDIUM,21.0,False,148.056,43.897,45.547,58.612,,1,,True,False,True,,,5.0,33.742168674698796,54.94819277108432,False,0.0,0.0,0.0,0.0,0.0,148.056,87.69710883571248,60.35889116428753
2026,Monza,FP2,TSU,22,Racing Bulls,28.0,3.0,MEDIUM,22.0,False,,75.885,34.346,43.774,,1,,False,False,True,,,5.0,33.742168674698796,54.94819277108432,False,0.0,0.0,0.0,0.0,0.0,,87.69710883571248,
2026,Monza,FP2,TSU,22,Racing Bulls,29.0,3.0,MEDIUM,23.0,False,128.239,62.153,31.09,34.996,,12,,False,True,False,,,5.0,33.742168674698796,54.94819277108432,False,0.0,0.0,0.0,0.0,0.0,128.239,87.69710883571248,40.54189116428752
2026,Monza,FP2,ALB,23,Williams,1.0,1.0,MEDIUM,1.0,True,,,34.212,32.219,,1,,False,True,True,,,5.0,33.742168674698796,54.94819277108432,False,0.0,0.0,0.0,0.0,0.0,,87.69710883571248,
2026,Monza,FP2,ALB,23,Williams,2.0,1.0,MEDIUM,2.0,True,85.774,27.835,29.186,28.753,,1,,True,False,True,,,5.0,33.742168674698796,54.94819277108432,False,0.0,0.0,0.0,0.0,0.0,85.774,87.69710883571248,-1.9231088357124833
2026,Monza,FP2,ALB,23,Williams,3.0,1.0,MEDIUM,3.0,True,136.765,41.873,55.883,39.009,,1,,True,False,True,,,5.0,33.742168674698796,54.94819277108432,False,0.0,0.0,0.0,0.0,0.0,136.765,87.69710883571248,49.0678911642875
2026,Monza,FP2,ALB,23,Williams,4.0,1.0,MEDIUM,4.0,True,105.889,34.625,38.888,32.376,,1,,True,False,True,,,5.0,33.742168674698796,54.94819277108432,False,0.0,0.0,0.0,0.0,0.0,105.889,87.69710883571248,18.19189116428751
2026,Monza,FP2,ALB,23,Williams,5.0,1.0,MEDIUM,5.0,True,85.207,27.621,28.851,28.735,,1,,True,False,True,,,5.0,33.742168674698796,54.94819277108432,False,0.0,0.0,0.0,0.0,0.0,85.207,87.69710883571248,-2.4901088357124905
2026,Monza,FP2,ALB,23,Williams,6.0,1.0,MEDIUM,6.0,True,128.644,43.402,47.65,37.592,,1,,True,False,True,,,5.0,33.742168674698796,54.94819277108432,False,0.0,0.0,0.0,0.0,0.0,128.644,87.69710883571248,40.94689116428752
2026,Monza,FP2,ALB,23,Williams,7.0,1.0,MEDIUM,7.0,True,103.728,35.526,34.902,33.3,,1,,True,False,True,,,5.0,33.742168674698796,54.94819277108432,False,0.0,0.0,0.0,0.0,0.0,103.728,87.69710883571248,16.03089116428751
2026,Monza,FP2,ALB,23,Williams,8.0,1.0,MEDIUM,8.0,True,84.929,27.602,28.792,28.535,,1,,True,False,True,,,5.0,33.742168674698796,54.94819277108432,False,0.0,0.0,0.0,0.0,0.0,84.929,87.69710883571248,-2.768108835712482
2026,Monza,FP2,ALB,23,Williams,9.0,1.0,MEDIUM,9.0,True,140.53,41.492,57.243,41.795,,1,,True,False,True,,,5.0,33.742168674698796,54.94819277108432,False,0.0,0.0,0.0,0.0,0.0,140.53,87.69710883571248,52.83289116428752
2026,Monza,FP2,ALB,23,Williams,10.0,1.0,MEDIUM,10.0,True,85.374,27.877,28.81,28.687,,1,,True,False,True,,,5.0,33.742168674698796,54.94819277108432,False,0.0,0.0,0.0,0.0,0.0,85.374,87.69710883571248,-2.323108835712489
2026,Monza,FP2,ALB,23,Williams,11.0,1.0,MEDIUM,11.0,True,108.579,35.738,36.341,36.5,,1,,False,True,True,,,5.0,33.742168674698796,54.94819277108432,False,0.0,0.0,0.0,0.0,0.0,108.579,87.69710883571248,20.88189116428751
2026,Monza,FP2,ALB,23,Williams,12.0,2.0,SOFT,1.0,True,,,33.188,31.691,,1,,False,True,True,,,5.0,33.742168674698796,54.94819277108432,False,0.0,0.0,0.0,0.0,0.0,,88.54549069325695,
2026,Monza,FP2,ALB,23,Williams,13.0,2.0,SOFT,2.0,True,83.853,27.254,28.489,28.11,,1,,True,False,True,,,5.0,33.742168674698796,54.94819277108432,False,0.0,0.0,0.0,0.0,0.0,83.853,88.54549069325695,-4.692490693256957
2026,Monza,FP2,ALB,23,Williams,14.0,2.0,SOFT,3.0,True,117.166,41.938,34.735,40.493,,1,,False,True,True,,,5.0,33.742168674698796,54.94819277108432,False,0.0,0.0,0.0,0.0,0.0,117.166,88.54549069325695,28.620509306743045
2026,Monza,FP2,ALB,23,Williams,15.0,3.0,MEDIUM,12.0,False,,,30.399,29.346,,1,,False,True,True,,,5.0,33.742168674698796,54.94819277108432,False,0.0,0.0,0.0,0.0,0.0,,87.69710883571248,
2026,Monza,FP2,ALB,23,Williams,16.0,3.0,MEDIUM,13.0,False,87.984,28.819,29.796,29.369,,1,,True,False,True,,,5.0,33.742168674698796,54.94819277108432,False,0.0,0.0,0.0,0.0,0.0,87.984,87.69710883571248,0.2868911642875105
2026,Monza,FP2,ALB,23,Williams,17.0,3.0,MEDIUM,14.0,False,87.827,28.942,29.642,29.243,,1,,True,False,True,,,5.0,33.742168674698796,54.94819277108432,False,0.0,0.0,0.0,0.0,0.0,87.827,87.69710883571248,0.12989116428751402
2026,Monza,FP2,ALB,23,Williams,18.0,3.0,MEDIUM,15.0,False,87.802,28.985,29.762,29.055,,1,,True,False,True,,,5.0,33.742168674698796,54.94819277108432,False,0.0,0.0,0.0,0.0,0.0,87.802,87.69710883571248,0.10489116428752254
2026,Monza,FP2,ALB,23,Williams,19.0,3.0,MEDIUM,16.0,False,87.616,28.709,29.88,29.027,,1,,True,False,True,,,5.0,33.742168674698796,54.94819277108432,False,0.0,0.0,0.0,0.0,0.0,87.616,87.69710883571248,-0.0811088357124845
2026,Monza,FP2,ALB,23,Williams,20.0,3.0,MEDIUM,17.0,False,87.584,28.504,29.917,29.163,,1,,True,False,True,,,5.0,33.742168674698796,54.94819277108432,False,0.0,0.0,0.0,0.0,0.0,87.584,87.69710883571248,-0.11310883571248098
2026,Monza,FP2,ALB,23,Williams,21.0,3.0,MEDIUM,18.0,False,87.917,28.539,30.113,29.265,,1,,True,False,True,,,5.0,33.742168674698796,54.94819277108432,False,0.0,0.0,0.0,0.0,0.0,87.917,87.69710883571248,0.21989116428751743
2026,Monza,FP2,ALB,23,Williams,22.0,3.0,MEDIUM,19.0,False,87.618,28.567,29.937,29.114,,1,,True,False,True,,,5.0,33.742168674698796,54.94819277108432,False,0.0,0.0,0.0,0.0,0.0,87.618,87.69710883571248,-0.07910883571248917
2026,Monza,FP2,ALB,23,Williams,23.0,3.0,MEDIUM,20.0,False,87.654,28.559,29.967,29.128,,1,,True,False,True,,,5.0,33.742168674698796,54.94819277108432,False,0.0,0.0,0.0,0.0,0.0,87.654,87.69710883571248,-0.0431088357124878
2026,Monza,FP2,ALB,23,Williams,24.0,3.0,MEDIUM,21.0,False,87.753,28.63,30.071,29.052,,1,,True,False,True,,,5.0,33.742168674698796,54.94819277108432,False,0.0,0.0,0.0,0.0,0.0,87.753,87.69710883571248,0.05589116428751595
2026,Monza,FP2,ALB,23,Williams,25.0,3.0,MEDIUM,22.0,False,87.58,28.34,30.119,29.121,,1,,True,False,True,,,5.0,33.742168674698796,54.94819277108432,False,0.0,0.0,0.0,0.0,0.0,87.58,87.69710883571248,-0.11710883571248587
2026,Monza,FP2,ALB,23,Williams,26.0,3.0,MEDIUM,23.0,False,92.228,28.63,30.211,33.387,,1,,False,True,True,,,5.0,33.742168674698796,54.94819277108432,False,0.0,0.0,0.0,0.0,0.0,92.228,87.69710883571248,4.53089116428751
2026,Monza,FP2,ALB,23,Williams,27.0,4.0,SOFT,4.0,False,108.793,49.165,30.272,29.356,,1,,False,True,True,,,5.0,33.742168674698796,54.94819277108432,False,0.0,0.0,0.0,0.0,0.0,108.793,88.54549069325695,20.247509306743055
2026,Monza,FP2,ALB,23,Williams,28.0,4.0,SOFT,5.0,False,87.622,29.229,29.708,28.685,,1,,True,False,True,,,5.0,33.742168674698796,54.94819277108432,False,0.0,0.0,0.0,0.0,0.0,87.622,88.54549069325695,-0.9234906932569515
2026,Monza,FP2,ALB,23,Williams,29.0,4.0,SOFT,6.0,False,125.742,37.487,39.955,48.3,,1,,True,False,True,,,5.0,33.742168674698796,54.94819277108432,False,0.0,0.0,0.0,0.0,0.0,125.742,88.54549069325695,37.19650930674305
2026,Monza,FP2,ALB,23,Williams,30.0,4.0,SOFT,7.0,False,,84.514,32.803,37.247,,1,,False,False,True,,,5.0,33.742168674698796,54.94819277108432,False,0.0,0.0,0.0,0.0,0.0,,88.54549069325695,
2026,Monza,FP2,ALB,23,Williams,31.0,4.0,SOFT,8.0,False,127.06,63.172,30.325,33.563,,12,,False,True,False,,,5.0,33.742168674698796,54.94819277108432,False,0.0,0.0,0.0,0.0,0.0,127.06,88.54549069325695,38.51450930674305
2026,Monza,FP2,HUL,27,Audi,1.0,1.0,MEDIUM,1.0,True,,,32.743,32.486,,1,,False,True,True,,,5.0,33.742168674698796,54.94819277108432,False,0.0,0.0,0.0,0.0,0.0,,87.69710883571248,
2026,Monza,FP2,HUL,27,Audi,2.0,1.0,MEDIUM,2.0,True,85.294,27.857,28.973,28.464,,1,,True,False,True,,,5.0,33.742168674698796,54.94819277108432,False,0.0,0.0,0.0,0.0,0.0,85.294,87.69710883571248,-2.4031088357124872
2026,Monza,FP2,HUL,27,Audi,3.0,1.0,MEDIUM,3.0,True,131.377,41.237,47.613,42.527,,1,,True,False,True,,,5.0,33.742168674698796,54.94819277108432,False,0.0,0.0,0.0,0.0,0.0,131.377,87.69710883571248,43.679891164287525
2026,Monza,FP2,HUL,27,Audi,4.0,1.0,MEDIUM,4.0,True,85.016,27.724,28.757,28.535,,1,,True,False,True,,,5.0,33.742168674698796,54.94819277108432,False,0.0,0.0,0.0,0.0,0.0,85.016,87.69710883571248,-2.681108835712479
2026,Monza,FP2,HUL,27,Audi,5.0,1.0,MEDIUM,5.0,True,129.452,44.469,45.55,39.433,,1,,True,False,True,,,5.0,33.742168674698796,54.94819277108432,False,0.0,0.0,0.0,0.0,0.0,129.452,87.69710883571248,41.754891164287514
2026,Monza,FP2,HUL,27,Audi,6.0,1.0,MEDIUM,6.0,True,118.063,38.319,34.81,44.934,,1,,True,False,True,,,5.0,33.742168674698796,54.94819277108432,False,0.0,0.0,0.0,0.0,0.0,118.063,87.69710883571248,30.365891164287518
2026,Monza,FP2,HUL,27,Audi,7.0,1.0,MEDIUM,7.0,True,85.019,27.776,28.922,28.321,,1,,True,False,True,,,5.0,33.742168674698796,54.94819277108432,False,0.0,0.0,0.0,0.0,0.0,85.019,87.69710883571248,-2.6781088357124787
2026,Monza,FP2,HUL,27,Audi,8.0,1.0,MEDIUM,8.0,True,124.179,41.738,42.611,39.83,,1,,True,False,True,,,5.0,33.742168674698796,54.94819277108432,False,0.0,0.0,0.0,0.0,0.0,124.179,87.69710883571248,36.48189116428752
2026,Monza,FP2,HUL,27,Audi,9.0,1.0,MEDIUM,9.0,True,122.374,41.503,45.48,35.391,,1,,True,False,True,,,5.0,33.742168674698796,54.94819277108432,False,0.0,0.0,0.0,0.0,0.0,122.374,87.69710883571248,34.67689116428751
2026,Monza,FP2,HUL,27,Audi,10.0,1.0,MEDIUM,10.0,True,94.427,27.999,28.602,37.826,,1,,True,False,True,,,5.0,33.742168674698796,54.94819277108432,False,0.0,0.0,0.0,0.0,0.0,94.427,87.69710883571248,6.7298911642875225
2026,Monza,FP2,HUL,27,Audi,11.0,1.0,MEDIUM,11.0,True,103.481,32.067,31.852,39.562,,1,,False,True,True,,,5.0,33.742168674698796,54.94819277108432,False,0.0,0.0,0.0,0.0,0.0,103.481,87.69710883571248,15.78389116428751
2026,Monza,FP2,HUL,27,Audi,12.0,2.0,SOFT,1.0,True,,,32.771,32.135,,1,,False,True,True,,,5.0,33.742168674698796,54.94819277108432,False,0.0,0.0,0.0,0.0,0.0,,88.54549069325695,
2026,Monza,FP2,HUL,27,Audi,13.0,2.0,SOFT,2.0,True,83.732,27.55,28.41,27.772,,1,,True,False,True,,,5.0,33.742168674698796,54.94819277108432,False,0.0,0.0,0.0,0.0,0.0,83.732,88.54549069325695,-4.813490693256952
2026,Monza,FP2,HUL,27,Audi,14.0,2.0,SOFT,3.0,True,123.563,40.093,39.656,43.814,,1,,False,True,True,,,5.0,33.742168674698796,54.94819277108432,False,0.0,0.0,0.0,0.0,0.0,123.563,88.54549069325695,35.01750930674305
2026,Monza,FP2,HUL,27,Audi,15.0,3.0,SOFT,4.0,False,148.929,69.022,40.19,39.717,,1,,False,True,True,,,5.0,33.742168674698796,54.94819277108432,False,0.0,0.0,0.0,0.0,0.0,148.929,88.54549069325695,60.38350930674305
2026,Monza,FP2,HUL,27,Audi,16.0,3.0,SOFT,5.0,False,84.043,27.605,28.596,27.842,,1,,True,False,True,,,5.0,33.742168674698796,54.94819277108432,False,0.0,0.0,0.0,0.0,0.0,84.043,88.54549069325695,-4.502490693256945
2026,Monza,FP2,HUL,27,Audi,17.0,3.0,SOFT,6.0,False,98.246,31.051,31.597,35.598,,1,,False,True,True,,,5.0,33.742168674698796,54.94819277108432,False,0.0,0.0,0.0,0.0,0.0,98.246,88.54549069325695,9.700509306743044
2026,Monza,FP2,HUL,27,Audi,18.0,4.0,SOFT,7.0,False,,,30.08,29.25,,1,,False,True,True,,,5.0,33.742168674698796,54.94819277108432,False,0.0,0.0,0.0,0.0,0.0,,88.54549069325695,
2026,Monza,FP2,HUL,27,Audi,19.0,4.0,SOFT,8.0,False,88.024,29.144,29.791,29.089,,1,,True,False,True,,,5.0,33.742168674698796,54.94819277108432,False,0.0,0.0,0.0,0.0,0.0,88.024,88.54549069325695,-0.5214906932569505
2026,Monza,FP2,HUL,27,Audi,20.0,4.0,SOFT,9.0,False,87.66,28.979,29.703,28.978,,1,,True,False,True,,,5.0,33.742168674698796,54.94819277108432,False,0.0,0.0,0.0,0.0,0.0,87.66,88.54549069325695,-0.8854906932569548
2026,Monza,FP2,HUL,27,Audi,21.0,4.0,SOFT,10.0,False,87.339,28.839,29.71,28.79,,1,,True,False,True,,,5.0,33.742168674698796,54.94819277108432,False,0.0,0.0,0.0,0.0,0.0,87.339,88.54549069325695,-1.2064906932569528
2026,Monza,FP2,HUL,27,Audi,22.0,4.0,SOFT,11.0,False,87.871,28.904,29.888,29.079,,1,,True,False,True,,,5.0,33.742168674698796,54.94819277108432,False,0.0,0.0,0.0,0.0,0.0,87.871,88.54549069325695,-0.6744906932569563
2026,Monza,FP2,HUL,27,Audi,23.0,4.0,SOFT,12.0,False,87.517,28.934,29.641,28.942,,1,,True,False,True,,,5.0,33.742168674698796,54.94819277108432,False,0.0,0.0,0.0,0.0,0.0,87.517,88.54549069325695,-1.0284906932569555
2026,Monza,FP2,HUL,27,Audi,24.0,4.0,SOFT,13.0,False,87.947,29.155,29.934,28.858,,1,,True,False,True,,,5.0,33.742168674698796,54.94819277108432,False,0.0,0.0,0.0,0.0,0.0,87.947,88.54549069325695,-0.5984906932569487
2026,Monza,FP2,HUL,27,Audi,25.0,4.0,SOFT,14.0,False,87.871,28.537,30.373,28.961,,1,,True,False,True,,,5.0,33.742168674698796,54.94819277108432,False,0.0,0.0,0.0,0.0,0.0,87.871,88.54549069325695,-0.6744906932569563
2026,Monza,FP2,HUL,27,Audi,26.0,4.0,SOFT,15.0,False,87.129,28.547,29.878,28.704,,1,,True,False,True,,,5.0,33.742168674698796,54.94819277108432,False,0.0,0.0,0.0,0.0,0.0,87.129,88.54549069325695,-1.4164906932569465
2026,Monza,FP2,HUL,27,Audi,27.0,4.0,SOFT,16.0,False,91.65,28.645,29.853,33.152,,1,,False,True,True,,,5.0,33.742168674698796,54.94819277108432,False,0.0,0.0,0.0,0.0,0.0,91.65,88.54549069325695,3.1045093067430543
2026,Monza,FP2,HUL,27,Audi,28.0,5.0,MEDIUM,12.0,False,139.467,72.417,30.33,36.72,,1,,False,True,True,,,5.0,33.742168674698796,54.94819277108432,False,0.0,0.0,0.0,0.0,0.0,139.467,87.69710883571248,51.76989116428753
2026,Monza,FP2,LAW,30,Red Bull Racing,1.0,1.0,SOFT,1.0,True,,,34.565,33.603,,1,,False,True,True,,,5.0,33.742168674698796,54.94819277108432,False,0.0,0.0,0.0,0.0,0.0,,88.54549069325695,
2026,Monza,FP2,LAW,30,Red Bull Racing,2.0,1.0,SOFT,2.0,True,84.473,27.747,28.661,28.065,,1,,True,False,True,,,5.0,33.742168674698796,54.94819277108432,False,0.0,0.0,0.0,0.0,0.0,84.473,88.54549069325695,-4.0724906932569525
2026,Monza,FP2,LAW,30,Red Bull Racing,3.0,1.0,SOFT,3.0,True,143.945,45.698,55.268,42.979,,1,,True,False,True,,,5.0,33.742168674698796,54.94819277108432,False,0.0,0.0,0.0,0.0,0.0,143.945,88.54549069325695,55.39950930674304
2026,Monza,FP2,LAW,30,Red Bull Racing,4.0,1.0,SOFT,4.0,True,110.018,39.093,37.463,33.462,,1,,True,False,True,,,5.0,33.742168674698796,54.94819277108432,False,0.0,0.0,0.0,0.0,0.0,110.018,88.54549069325695,21.47250930674305
2026,Monza,FP2,LAW,30,Red Bull Racing,5.0,1.0,SOFT,5.0,True,84.135,27.541,28.536,28.058,,1,,True,False,True,,,5.0,33.742168674698796,54.94819277108432,False,0.0,0.0,0.0,0.0,0.0,84.135,88.54549069325695,-4.410490693256946
2026,Monza,FP2,LAW,30,Red Bull Racing,6.0,1.0,SOFT,6.0,True,140.29,41.935,53.469,44.886,,1,,True,False,True,,,5.0,33.742168674698796,54.94819277108432,False,0.0,0.0,0.0,0.0,0.0,140.29,88.54549069325695,51.74450930674304
2026,Monza,FP2,LAW,30,Red Bull Racing,7.0,1.0,SOFT,7.0,True,111.075,42.1,36.284,32.691,,1,,True,False,True,,,5.0,33.742168674698796,54.94819277108432,False,0.0,0.0,0.0,0.0,0.0,111.075,88.54549069325695,22.52950930674305
2026,Monza,FP2,LAW,30,Red Bull Racing,8.0,1.0,SOFT,8.0,True,83.66,27.49,28.426,27.744,,1,,True,False,True,,,5.0,33.742168674698796,54.94819277108432,False,0.0,0.0,0.0,0.0,0.0,83.66,88.54549069325695,-4.885490693256955
2026,Monza,FP2,LAW,30,Red Bull Racing,9.0,1.0,SOFT,9.0,True,103.255,31.737,32.185,39.333,,1,,False,True,True,,,5.0,33.742168674698796,54.94819277108432,False,0.0,0.0,0.0,0.0,0.0,103.255,88.54549069325695,14.709509306743044
2026,Monza,FP2,LAW,30,Red Bull Racing,10.0,2.0,SOFT,10.0,False,,,30.643,29.69,,1,,False,True,True,,,5.0,33.742168674698796,54.94819277108432,False,0.0,0.0,0.0,0.0,0.0,,88.54549069325695,
2026,Monza,FP2,LAW,30,Red Bull Racing,11.0,2.0,SOFT,11.0,False,87.735,28.877,29.826999999999998,29.031,,1,,True,False,True,,,5.0,33.742168674698796,54.94819277108432,False,0.0,0.0,0.0,0.0,0.0,87.735,88.54549069325695,-0.810490693256952
2026,Monza,FP2,LAW,30,Red Bull Racing,12.0,2.0,SOFT,12.0,False,87.167,28.63,29.699,28.838,,1,,True,False,True,,,5.0,33.742168674698796,54.94819277108432,False,0.0,0.0,0.0,0.0,0.0,87.167,88.54549069325695,-1.3784906932569498
2026,Monza,FP2,LAW,30,Red Bull Racing,13.0,2.0,SOFT,13.0,False,87.265,28.79,29.736,28.739,,1,,True,False,True,,,5.0,33.742168674698796,54.94819277108432,False,0.0,0.0,0.0,0.0,0.0,87.265,88.54549069325695,-1.2804906932569509
2026,Monza,FP2,LAW,30,Red Bull Racing,14.0,2.0,SOFT,14.0,False,86.69,28.485,29.662,28.543,,1,,True,False,True,,,5.0,33.742168674698796,54.94819277108432,False,0.0,0.0,0.0,0.0,0.0,86.69,88.54549069325695,-1.8554906932569537
2026,Monza,FP2,LAW,30,Red Bull Racing,15.0,2.0,SOFT,15.0,False,86.658,28.461,29.654,28.543,,1,,True,False,True,,,5.0,33.742168674698796,54.94819277108432,False,0.0,0.0,0.0,0.0,0.0,86.658,88.54549069325695,-1.8874906932569502
2026,Monza,FP2,LAW,30,Red Bull Racing,16.0,2.0,SOFT,16.0,False,86.77,28.578,29.701999999999998,28.49,,1,,True,False,True,,,5.0,33.742168674698796,54.94819277108432,False,0.0,0.0,0.0,0.0,0.0,86.77,88.54549069325695,-1.7754906932569554
2026,Monza,FP2,LAW,30,Red Bull Racing,17.0,2.0,SOFT,17.0,False,87.398,28.477,29.758,29.163,,1,,True,False,True,,,5.0,33.742168674698796,54.94819277108432,False,0.0,0.0,0.0,0.0,0.0,87.398,88.54549069325695,-1.1474906932569553
2026,Monza,FP2,LAW,30,Red Bull Racing,18.0,2.0,SOFT,18.0,False,86.632,28.531,29.551,28.55,,1,,True,False,True,,,5.0,33.742168674698796,54.94819277108432,False,0.0,0.0,0.0,0.0,0.0,86.632,88.54549069325695,-1.9134906932569464
2026,Monza,FP2,LAW,30,Red Bull Racing,19.0,2.0,SOFT,19.0,False,86.617,28.401,29.78,28.436,,1,,True,False,True,,,5.0,33.742168674698796,54.94819277108432,False,0.0,0.0,0.0,0.0,0.0,86.617,88.54549069325695,-1.928490693256947
2026,Monza,FP2,LAW,30,Red Bull Racing,20.0,2.0,SOFT,20.0,False,86.361,28.385,29.574,28.402,,1,,True,False,True,,,5.0,33.742168674698796,54.94819277108432,False,0.0,0.0,0.0,0.0,0.0,86.361,88.54549069325695,-2.1844906932569472
2026,Monza,FP2,LAW,30,Red Bull Racing,21.0,2.0,SOFT,21.0,False,90.585,28.524,29.557,32.504,,1,,False,True,True,,,5.0,33.742168674698796,54.94819277108432,False,0.0,0.0,0.0,0.0,0.0,90.585,88.54549069325695,2.0395093067430423
2026,Monza,FP2,LAW,30,Red Bull Racing,22.0,3.0,HARD,1.0,True,113.267,54.287,30.286,28.694,,1,,False,True,True,,,5.0,33.742168674698796,54.94819277108432,False,0.0,0.0,0.0,0.0,0.0,113.267,88.11242759522722,25.15457240477278
2026,Monza,FP2,LAW,30,Red Bull Racing,23.0,3.0,HARD,2.0,True,86.252,28.486,29.572,28.194,,1,,True,False,True,,,5.0,33.742168674698796,54.94819277108432,False,0.0,0.0,0.0,0.0,0.0,86.252,88.11242759522722,-1.8604275952272218
2026,Monza,FP2,LAW,30,Red Bull Racing,24.0,3.0,HARD,3.0,True,85.964,28.314,29.421,28.229,,1,,True,False,True,,,5.0,33.742168674698796,54.94819277108432,False,0.0,0.0,0.0,0.0,0.0,85.964,88.11242759522722,-2.1484275952272185
2026,Monza,FP2,LAW,30,Red Bull Racing,25.0,3.0,HARD,4.0,True,85.754,28.169,29.325,28.26,,1,,True,False,True,,,5.0,33.742168674698796,54.94819277108432,False,0.0,0.0,0.0,0.0,0.0,85.754,88.11242759522722,-2.3584275952272122
2026,Monza,FP2,LAW,30,Red Bull Racing,26.0,3.0,HARD,5.0,True,85.868,28.157,29.38,28.331,,1,,True,False,True,,,5.0,33.742168674698796,54.94819277108432,False,0.0,0.0,0.0,0.0,0.0,85.868,88.11242759522722,-2.244427595227222
2026,Monza,FP2,LAW,30,Red Bull Racing,27.0,3.0,HARD,6.0,True,85.883,28.209,29.401,28.273,,1,,True,False,True,,,5.0,33.742168674698796,54.94819277108432,False,0.0,0.0,0.0,0.0,0.0,85.883,88.11242759522722,-2.2294275952272216
2026,Monza,FP2,LAW,30,Red Bull Racing,28.0,3.0,HARD,7.0,True,85.582,27.846,29.542,28.194,,1,,True,False,True,,,5.0,33.742168674698796,54.94819277108432,False,0.0,0.0,0.0,0.0,0.0,85.582,88.11242759522722,-2.5304275952272235
2026,Monza,FP2,LAW,30,Red Bull Racing,29.0,3.0,HARD,8.0,True,86.267,28.159,29.672,28.436,,1,,True,False,True,,,5.0,33.742168674698796,54.94819277108432,False,0.0,0.0,0.0,0.0,0.0,86.267,88.11242759522722,-1.8454275952272212
2026,Monza,FP2,LAW,30,Red Bull Racing,30.0,3.0,HARD,9.0,True,86.571,28.175,30.002,28.394,,1,,True,False,True,,,5.0,33.742168674698796,54.94819277108432,False,0.0,0.0,0.0,0.0,0.0,86.571,88.11242759522722,-1.5414275952272192
2026,Monza,FP2,LAW,30,Red Bull Racing,31.0,3.0,HARD,10.0,True,86.154,28.521,29.375,28.258,,1,,True,False,True,,,5.0,33.742168674698796,54.94819277108432,False,0.0,0.0,0.0,0.0,0.0,86.154,88.11242759522722,-1.9584275952272208
2026,Monza,FP2,LAW,30,Red Bull Racing,32.0,3.0,HARD,11.0,True,86.128,28.398,29.364,28.366,,1,,True,False,True,,,5.0,33.742168674698796,54.94819277108432,False,0.0,0.0,0.0,0.0,0.0,86.128,88.11242759522722,-1.984427595227217
2026,Monza,FP2,LAW,30,Red Bull Racing,33.0,3.0,HARD,12.0,True,85.88,28.456,29.42,28.004,,1,,True,False,True,,,5.0,33.742168674698796,54.94819277108432,False,0.0,0.0,0.0,0.0,0.0,85.88,88.11242759522722,-2.2324275952272217
2026,Monza,FP2,LAW,30,Red Bull Racing,34.0,3.0,HARD,13.0,True,86.459,28.53,29.376,28.553,,1,,True,False,True,,,5.0,33.742168674698796,54.94819277108432,False,0.0,0.0,0.0,0.0,0.0,86.459,88.11242759522722,-1.653427595227214
2026,Monza,FP2,LAW,30,Red Bull Racing,35.0,3.0,HARD,14.0,True,141.366,40.844,45.402,55.12,,1,,True,False,True,,,5.0,33.742168674698796,54.94819277108432,False,0.0,0.0,0.0,0.0,0.0,141.366,88.11242759522722,53.2535724047728
2026,Monza,FP2,LAW,30,Red Bull Racing,36.0,3.0,HARD,15.0,True,,78.609,31.988,49.177,,1,,False,False,True,,,5.0,33.742168674698796,54.94819277108432,False,0.0,0.0,0.0,0.0,0.0,,88.11242759522722,
2026,Monza,FP2,LAW,30,Red Bull Racing,37.0,3.0,HARD,16.0,True,,82.355,31.77,43.037,,12,,False,True,False,,,5.0,33.742168674698796,54.94819277108432,False,0.0,0.0,0.0,0.0,0.0,,88.11242759522722,
2026,Monza,FP2,OCO,31,Haas F1 Team,1.0,1.0,MEDIUM,1.0,True,,,36.572,36.1,,1,,False,True,True,,,5.0,33.742168674698796,54.94819277108432,False,0.0,0.0,0.0,0.0,0.0,,87.69710883571248,
2026,Monza,FP2,OCO,31,Haas F1 Team,2.0,1.0,MEDIUM,2.0,True,87.373,28.168,29.567,29.638,,1,,True,False,True,,,5.0,33.742168674698796,54.94819277108432,False,0.0,0.0,0.0,0.0,0.0,87.373,87.69710883571248,-0.3241088357124795
2026,Monza,FP2,OCO,31,Haas F1 Team,3.0,1.0,MEDIUM,3.0,True,149.182,51.752,49.419,48.011,,1,,False,True,True,,,5.0,33.742168674698796,54.94819277108432,False,0.0,0.0,0.0,0.0,0.0,149.182,87.69710883571248,61.484891164287504
2026,Monza,FP2,OCO,31,Haas F1 Team,4.0,2.0,MEDIUM,4.0,False,,90.441,32.88,32.866,,1,,False,True,True,,,5.0,33.742168674698796,54.94819277108432,False,0.0,0.0,0.0,0.0,0.0,,87.69710883571248,
2026,Monza,FP2,OCO,31,Haas F1 Team,5.0,2.0,MEDIUM,5.0,False,85.645,27.87,29.037,28.738,,1,,True,False,True,,,5.0,33.742168674698796,54.94819277108432,False,0.0,0.0,0.0,0.0,0.0,85.645,87.69710883571248,-2.052108835712488
2026,Monza,FP2,OCO,31,Haas F1 Team,6.0,2.0,MEDIUM,6.0,False,148.202,50.089,51.864,46.249,,1,,True,False,True,,,5.0,33.742168674698796,54.94819277108432,False,0.0,0.0,0.0,0.0,0.0,148.202,87.69710883571248,60.504891164287514
2026,Monza,FP2,OCO,31,Haas F1 Team,7.0,2.0,MEDIUM,7.0,False,120.223,41.816,42.624,35.783,,1,,True,False,True,,,5.0,33.742168674698796,54.94819277108432,False,0.0,0.0,0.0,0.0,0.0,120.223,87.69710883571248,32.525891164287515
2026,Monza,FP2,OCO,31,Haas F1 Team,8.0,2.0,MEDIUM,8.0,False,86.157,28.166,29.228,28.763,,1,,True,False,True,,,5.0,33.742168674698796,54.94819277108432,False,0.0,0.0,0.0,0.0,0.0,86.157,87.69710883571248,-1.5401088357124877
2026,Monza,FP2,OCO,31,Haas F1 Team,9.0,2.0,MEDIUM,9.0,False,116.742,35.9,34.018,46.824,,1,,False,True,True,,,5.0,33.742168674698796,54.94819277108432,False,0.0,0.0,0.0,0.0,0.0,116.742,87.69710883571248,29.04489116428752
2026,Monza,FP2,OCO,31,Haas F1 Team,10.0,3.0,MEDIUM,10.0,False,,83.092,46.04,38.132,,1,,False,True,True,,,5.0,33.742168674698796,54.94819277108432,False,0.0,0.0,0.0,0.0,0.0,,87.69710883571248,
2026,Monza,FP2,OCO,31,Haas F1 Team,11.0,3.0,MEDIUM,11.0,False,85.764,28.126,28.994,28.644,,1,,True,False,True,,,5.0,33.742168674698796,54.94819277108432,False,0.0,0.0,0.0,0.0,0.0,85.764,87.69710883571248,-1.9331088357124884
2026,Monza,FP2,OCO,31,Haas F1 Team,12.0,3.0,MEDIUM,12.0,False,103.393,33.6,33.255,36.538,,1,,False,True,True,,,5.0,33.742168674698796,54.94819277108432,False,0.0,0.0,0.0,0.0,0.0,103.393,87.69710883571248,15.695891164287517
2026,Monza,FP2,OCO,31,Haas F1 Team,13.0,4.0,SOFT,1.0,True,,,32.593,32.43,,1,,False,True,True,,,5.0,33.742168674698796,54.94819277108432,False,0.0,0.0,0.0,0.0,0.0,,88.54549069325695,
2026,Monza,FP2,OCO,31,Haas F1 Team,14.0,4.0,SOFT,2.0,True,84.637,27.732,28.715,28.19,,1,,True,False,True,,,5.0,33.742168674698796,54.94819277108432,False,0.0,0.0,0.0,0.0,0.0,84.637,88.54549069325695,-3.908490693256951
2026,Monza,FP2,OCO,31,Haas F1 Team,15.0,4.0,SOFT,3.0,True,129.765,41.234,42.176,46.355,,1,,False,True,True,,,5.0,33.742168674698796,54.94819277108432,False,0.0,0.0,0.0,0.0,0.0,129.765,88.54549069325695,41.219509306743035
2026,Monza,FP2,OCO,31,Haas F1 Team,16.0,5.0,SOFT,4.0,False,,92.887,38.679,31.468,,1,,False,True,True,,,5.0,33.742168674698796,54.94819277108432,False,0.0,0.0,0.0,0.0,0.0,,88.54549069325695,
2026,Monza,FP2,OCO,31,Haas F1 Team,17.0,5.0,SOFT,5.0,False,84.407,27.393,28.759,28.255,,1,,True,False,True,,,5.0,33.742168674698796,54.94819277108432,False,0.0,0.0,0.0,0.0,0.0,84.407,88.54549069325695,-4.138490693256955
2026,Monza,FP2,OCO,31,Haas F1 Team,18.0,5.0,SOFT,6.0,False,122.1,40.048,40.873,41.179,,1,,False,True,True,,,5.0,33.742168674698796,54.94819277108432,False,0.0,0.0,0.0,0.0,0.0,122.1,88.54549069325695,33.55450930674304
2026,Monza,FP2,OCO,31,Haas F1 Team,19.0,6.0,SOFT,7.0,False,,,31.85,30.634,,1,,False,True,True,,,5.0,33.742168674698796,54.94819277108432,False,0.0,0.0,0.0,0.0,0.0,,88.54549069325695,
2026,Monza,FP2,OCO,31,Haas F1 Team,20.0,6.0,SOFT,8.0,False,87.507,28.614,29.837,29.056,,1,,True,False,True,,,5.0,33.742168674698796,54.94819277108432,False,0.0,0.0,0.0,0.0,0.0,87.507,88.54549069325695,-1.0384906932569464
2026,Monza,FP2,OCO,31,Haas F1 Team,21.0,6.0,SOFT,9.0,False,87.582,28.843,29.757,28.982,,1,,True,False,True,,,5.0,33.742168674698796,54.94819277108432,False,0.0,0.0,0.0,0.0,0.0,87.582,88.54549069325695,-0.9634906932569578
2026,Monza,FP2,OCO,31,Haas F1 Team,22.0,6.0,SOFT,10.0,False,90.111,29.218,31.64,29.253,,1,,True,False,True,,,5.0,33.742168674698796,54.94819277108432,False,0.0,0.0,0.0,0.0,0.0,90.111,88.54549069325695,1.5655093067430528
2026,Monza,FP2,OCO,31,Haas F1 Team,23.0,6.0,SOFT,11.0,False,87.403,28.593,29.814,28.996,,1,,True,False,True,,,5.0,33.742168674698796,54.94819277108432,False,0.0,0.0,0.0,0.0,0.0,87.403,88.54549069325695,-1.1424906932569456
2026,Monza,FP2,OCO,31,Haas F1 Team,24.0,6.0,SOFT,12.0,False,88.416,28.503,31.016,28.897,,1,,True,False,True,,,5.0,33.742168674698796,54.94819277108432,False,0.0,0.0,0.0,0.0,0.0,88.416,88.54549069325695,-0.12949069325695461
2026,Monza,FP2,OCO,31,Haas F1 Team,25.0,6.0,SOFT,13.0,False,87.738,28.181,30.515,29.042,,1,,True,False,True,,,5.0,33.742168674698796,54.94819277108432,False,0.0,0.0,0.0,0.0,0.0,87.738,88.54549069325695,-0.8074906932569519
2026,Monza,FP2,OCO,31,Haas F1 Team,26.0,6.0,SOFT,14.0,False,88.203,29.141,30.113,28.949,,1,,True,False,True,,,5.0,33.742168674698796,54.94819277108432,False,0.0,0.0,0.0,0.0,0.0,88.203,88.54549069325695,-0.3424906932569485
2026,Monza,FP2,OCO,31,Haas F1 Team,27.0,6.0,SOFT,15.0,False,87.734,28.845,29.845,29.044,,1,,True,False,True,,,5.0,33.742168674698796,54.94819277108432,False,0.0,0.0,0.0,0.0,0.0,87.734,88.54549069325695,-0.8114906932569568
2026,Monza,FP2,OCO,31,Haas F1 Team,28.0,6.0,SOFT,16.0,False,119.754,29.671,34.698,55.385,,1,,True,False,True,,,5.0,33.742168674698796,54.94819277108432,False,0.0,0.0,0.0,0.0,0.0,119.754,88.54549069325695,31.208509306743053
2026,Monza,FP2,OCO,31,Haas F1 Team,29.0,6.0,SOFT,17.0,False,,82.631,36.576,43.233,,1,,False,False,True,,,5.0,33.742168674698796,54.94819277108432,False,0.0,0.0,0.0,0.0,0.0,,88.54549069325695,
2026,Monza,FP2,OCO,31,Haas F1 Team,30.0,6.0,SOFT,18.0,False,131.369,66.212,31.137,34.02,,1,,False,True,True,,,5.0,33.742168674698796,54.94819277108432,False,0.0,0.0,0.0,0.0,0.0,131.369,88.54549069325695,42.82350930674305
2026,Monza,FP2,LIN,41,Racing Bulls,1.0,1.0,MEDIUM,1.0,True,,,33.836,31.612,,1,,False,True,True,,,5.0,33.742168674698796,54.94819277108432,False,0.0,0.0,0.0,0.0,0.0,,87.69710883571248,
2026,Monza,FP2,LIN,41,Racing Bulls,2.0,1.0,MEDIUM,2.0,True,84.258,27.751,28.669,27.838,,1,,True,False,True,,,5.0,33.742168674698796,54.94819277108432,False,0.0,0.0,0.0,0.0,0.0,84.258,87.69710883571248,-3.4391088357124886
2026,Monza,FP2,LIN,41,Racing Bulls,3.0,1.0,MEDIUM,3.0,True,129.489,43.351,51.928,34.21,,1,,True,False,True,,,5.0,33.742168674698796,54.94819277108432,False,0.0,0.0,0.0,0.0,0.0,129.489,87.69710883571248,41.79189116428752
2026,Monza,FP2,LIN,41,Racing Bulls,4.0,1.0,MEDIUM,4.0,True,83.807,27.593,28.456,27.758,,1,,True,False,True,,,5.0,33.742168674698796,54.94819277108432,False,0.0,0.0,0.0,0.0,0.0,83.807,87.69710883571248,-3.890108835712482
2026,Monza,FP2,LIN,41,Racing Bulls,5.0,1.0,MEDIUM,5.0,True,124.35,40.49,42.054,41.806,,1,,True,False,True,,,5.0,33.742168674698796,54.94819277108432,False,0.0,0.0,0.0,0.0,0.0,124.35,87.69710883571248,36.65289116428751
2026,Monza,FP2,LIN,41,Racing Bulls,6.0,1.0,MEDIUM,6.0,True,112.903,34.936,41.708,36.259,,1,,True,False,True,,,5.0,33.742168674698796,54.94819277108432,False,0.0,0.0,0.0,0.0,0.0,112.903,87.69710883571248,25.20589116428752
2026,Monza,FP2,LIN,41,Racing Bulls,7.0,1.0,MEDIUM,7.0,True,83.468,27.576,28.199,27.693,,1,,True,False,True,,,5.0,33.742168674698796,54.94819277108432,False,0.0,0.0,0.0,0.0,0.0,83.468,87.69710883571248,-4.229108835712481
2026,Monza,FP2,LIN,41,Racing Bulls,8.0,1.0,MEDIUM,8.0,True,118.603,38.377,38.505,41.721,,1,,False,True,True,,,5.0,33.742168674698796,54.94819277108432,False,0.0,0.0,0.0,0.0,0.0,118.603,87.69710883571248,30.90589116428751
2026,Monza,FP2,LIN,41,Racing Bulls,9.0,2.0,SOFT,1.0,True,,,33.245,31.099,,1,,False,True,True,,,5.0,33.742168674698796,54.94819277108432,False,0.0,0.0,0.0,0.0,0.0,,88.54549069325695,
2026,Monza,FP2,LIN,41,Racing Bulls,10.0,2.0,SOFT,2.0,True,83.465,27.563,28.266,27.636,,1,,True,False,True,,,5.0,33.742168674698796,54.94819277108432,False,0.0,0.0,0.0,0.0,0.0,83.465,88.54549069325695,-5.080490693256948
2026,Monza,FP2,LIN,41,Racing Bulls,11.0,2.0,SOFT,3.0,True,124.455,41.282,39.92,43.253,,1,,False,True,True,,,5.0,33.742168674698796,54.94819277108432,False,0.0,0.0,0.0,0.0,0.0,124.455,88.54549069325695,35.90950930674305
2026,Monza,FP2,LIN,41,Racing Bulls,12.0,3.0,SOFT,4.0,False,143.074,49.419,48.758,44.897,,1,,False,True,True,,,5.0,33.742168674698796,54.94819277108432,False,0.0,0.0,0.0,0.0,0.0,143.074,88.54549069325695,54.52850930674306
2026,Monza,FP2,LIN,41,Racing Bulls,13.0,3.0,SOFT,5.0,False,83.349,27.504,28.202,27.643,,1,,True,False,True,,,5.0,33.742168674698796,54.94819277108432,False,0.0,0.0,0.0,0.0,0.0,83.349,88.54549069325695,-5.196490693256948
2026,Monza,FP2,LIN,41,Racing Bulls,14.0,3.0,SOFT,6.0,False,115.955,36.913,42.599,36.443,,1,,False,True,True,,,5.0,33.742168674698796,54.94819277108432,False,0.0,0.0,0.0,0.0,0.0,115.955,88.54549069325695,27.409509306743047
2026,Monza,FP2,LIN,41,Racing Bulls,15.0,4.0,MEDIUM,9.0,False,,,30.271,29.356,,1,,False,True,True,,,5.0,33.742168674698796,54.94819277108432,False,0.0,0.0,0.0,0.0,0.0,,87.69710883571248,
2026,Monza,FP2,LIN,41,Racing Bulls,16.0,4.0,MEDIUM,10.0,False,87.398,28.875,29.808,28.715,,1,,True,False,True,,,5.0,33.742168674698796,54.94819277108432,False,0.0,0.0,0.0,0.0,0.0,87.398,87.69710883571248,-0.29910883571248803
2026,Monza,FP2,LIN,41,Racing Bulls,17.0,4.0,MEDIUM,11.0,False,87.091,28.701999999999998,29.698,28.691,,1,,True,False,True,,,5.0,33.742168674698796,54.94819277108432,False,0.0,0.0,0.0,0.0,0.0,87.091,87.69710883571248,-0.6061088357124902
2026,Monza,FP2,LIN,41,Racing Bulls,18.0,4.0,MEDIUM,12.0,False,87.295,28.97,29.797,28.528,,1,,True,False,True,,,5.0,33.742168674698796,54.94819277108432,False,0.0,0.0,0.0,0.0,0.0,87.295,87.69710883571248,-0.40210883571248246
2026,Monza,FP2,LIN,41,Racing Bulls,19.0,4.0,MEDIUM,13.0,False,86.27,27.878,29.809,28.583,,1,,True,False,True,,,5.0,33.742168674698796,54.94819277108432,False,0.0,0.0,0.0,0.0,0.0,86.27,87.69710883571248,-1.4271088357124881
2026,Monza,FP2,LIN,41,Racing Bulls,20.0,4.0,MEDIUM,14.0,False,87.072,28.588,29.82,28.664,,1,,True,False,True,,,5.0,33.742168674698796,54.94819277108432,False,0.0,0.0,0.0,0.0,0.0,87.072,87.69710883571248,-0.6251088357124814
2026,Monza,FP2,LIN,41,Racing Bulls,21.0,4.0,MEDIUM,15.0,False,87.121,28.812,29.693,28.616,,1,,True,False,True,,,5.0,33.742168674698796,54.94819277108432,False,0.0,0.0,0.0,0.0,0.0,87.121,87.69710883571248,-0.576108835712489
2026,Monza,FP2,LIN,41,Racing Bulls,22.0,4.0,MEDIUM,16.0,False,86.876,28.791,29.623,28.462,,1,,True,False,True,,,5.0,33.742168674698796,54.94819277108432,False,0.0,0.0,0.0,0.0,0.0,86.876,87.69710883571248,-0.8211088357124794
2026,Monza,FP2,LIN,41,Racing Bulls,23.0,4.0,MEDIUM,17.0,False,86.817,28.609,29.76,28.448,,1,,True,False,True,,,5.0,33.742168674698796,54.94819277108432,False,0.0,0.0,0.0,0.0,0.0,86.817,87.69710883571248,-0.8801088357124911
2026,Monza,FP2,LIN,41,Racing Bulls,24.0,4.0,MEDIUM,18.0,False,86.799,28.602,29.667,28.53,,1,,True,False,True,,,5.0,33.742168674698796,54.94819277108432,False,0.0,0.0,0.0,0.0,0.0,86.799,87.69710883571248,-0.8981088357124776
2026,Monza,FP2,LIN,41,Racing Bulls,25.0,4.0,MEDIUM,19.0,False,86.505,28.575,29.642,28.288,,1,,True,False,True,,,5.0,33.742168674698796,54.94819277108432,False,0.0,0.0,0.0,0.0,0.0,86.505,87.69710883571248,-1.1921088357124887
2026,Monza,FP2,LIN,41,Racing Bulls,26.0,4.0,MEDIUM,20.0,False,111.934,28.861,41.103,41.97,,1,,False,True,True,,,5.0,33.742168674698796,54.94819277108432,False,0.0,0.0,0.0,0.0,0.0,111.934,87.69710883571248,24.236891164287513
2026,Monza,FP2,COL,43,Alpine,1.0,1.0,HARD,1.0,True,,,37.021,32.21,,1,,False,True,True,,,5.0,33.742168674698796,54.94819277108432,False,0.0,0.0,0.0,0.0,0.0,,88.11242759522722,
2026,Monza,FP2,COL,43,Alpine,2.0,1.0,HARD,2.0,True,85.174,27.446,28.888,28.84,,1,,True,False,True,,,5.0,33.742168674698796,54.94819277108432,False,0.0,0.0,0.0,0.0,0.0,85.174,88.11242759522722,-2.9384275952272105
2026,Monza,FP2,COL,43,Alpine,3.0,1.0,HARD,3.0,True,,54.461,56.491,39.179,,1,,False,False,True,,,5.0,33.742168674698796,54.94819277108432,False,0.0,0.0,0.0,0.0,0.0,,88.11242759522722,
2026,Monza,FP2,COL,43,Alpine,4.0,1.0,HARD,4.0,True,84.852,27.484,28.773,28.595,,1,,True,False,True,,,5.0,33.742168674698796,54.94819277108432,False,0.0,0.0,0.0,0.0,0.0,84.852,88.11242759522722,-3.2604275952272133
2026,Monza,FP2,COL,43,Alpine,5.0,1.0,HARD,5.0,True,142.42,58.255,50.027,34.138,,1,,True,False,True,,,5.0,33.742168674698796,54.94819277108432,False,0.0,0.0,0.0,0.0,0.0,142.42,88.11242759522722,54.30757240477277
2026,Monza,FP2,COL,43,Alpine,6.0,1.0,HARD,6.0,True,84.248,27.175,28.506,28.567,,1,,True,False,True,,,5.0,33.742168674698796,54.94819277108432,False,0.0,0.0,0.0,0.0,0.0,84.248,88.11242759522722,-3.8644275952272125
2026,Monza,FP2,COL,43,Alpine,7.0,1.0,HARD,7.0,True,147.439,48.73,65.559,33.15,,1,,True,False,True,,,5.0,33.742168674698796,54.94819277108432,False,0.0,0.0,0.0,0.0,0.0,147.439,88.11242759522722,59.326572404772776
2026,Monza,FP2,COL,43,Alpine,8.0,1.0,HARD,8.0,True,84.361,27.292,28.638,28.431,,1,,True,False,True,,,5.0,33.742168674698796,54.94819277108432,False,0.0,0.0,0.0,0.0,0.0,84.361,88.11242759522722,-3.751427595227213
2026,Monza,FP2,COL,43,Alpine,9.0,1.0,HARD,9.0,True,123.286,41.739,43.814,37.733,,1,,False,True,True,,,5.0,33.742168674698796,54.94819277108432,False,0.0,0.0,0.0,0.0,0.0,123.286,88.11242759522722,35.173572404772784
2026,Monza,FP2,COL,43,Alpine,10.0,2.0,SOFT,1.0,True,,,32.764,31.34,,1,,False,True,True,,,5.0,33.742168674698796,54.94819277108432,False,0.0,0.0,0.0,0.0,0.0,,88.54549069325695,
2026,Monza,FP2,COL,43,Alpine,11.0,2.0,SOFT,2.0,True,83.619,27.088,28.204,28.327,,1,,True,False,True,,,5.0,33.742168674698796,54.94819277108432,False,0.0,0.0,0.0,0.0,0.0,83.619,88.54549069325695,-4.926490693256952
2026,Monza,FP2,COL,43,Alpine,12.0,2.0,SOFT,3.0,True,,53.661,61.656,49.327,,1,,False,False,True,,,5.0,33.742168674698796,54.94819277108432,False,0.0,0.0,0.0,0.0,0.0,,88.54549069325695,
2026,Monza,FP2,COL,43,Alpine,13.0,2.0,SOFT,4.0,True,111.535,40.408,39.342,31.785,,1,,True,False,True,,,5.0,33.742168674698796,54.94819277108432,False,0.0,0.0,0.0,0.0,0.0,111.535,88.54549069325695,22.989509306743045
2026,Monza,FP2,COL,43,Alpine,14.0,2.0,SOFT,5.0,True,114.485,27.148,43.206,44.131,,1,,False,True,True,,,5.0,33.742168674698796,54.94819277108432,False,0.0,0.0,0.0,0.0,0.0,114.485,88.54549069325695,25.939509306743048
2026,Monza,FP2,COL,43,Alpine,15.0,3.0,SOFT,6.0,False,,,31.285,29.157,,1,,False,True,True,,,5.0,33.742168674698796,54.94819277108432,False,0.0,0.0,0.0,0.0,0.0,,88.54549069325695,
2026,Monza,FP2,COL,43,Alpine,16.0,3.0,SOFT,7.0,False,87.319,28.519,29.759,29.041,,1,,True,False,True,,,5.0,33.742168674698796,54.94819277108432,False,0.0,0.0,0.0,0.0,0.0,87.319,88.54549069325695,-1.2264906932569488
2026,Monza,FP2,COL,43,Alpine,17.0,3.0,SOFT,8.0,False,87.158,28.757,29.47,28.931,,1,,True,False,True,,,5.0,33.742168674698796,54.94819277108432,False,0.0,0.0,0.0,0.0,0.0,87.158,88.54549069325695,-1.3874906932569502
2026,Monza,FP2,COL,43,Alpine,18.0,3.0,SOFT,9.0,False,86.775,28.649,29.254,28.872,,1,,True,False,True,,,5.0,33.742168674698796,54.94819277108432,False,0.0,0.0,0.0,0.0,0.0,86.775,88.54549069325695,-1.7704906932569457
2026,Monza,FP2,COL,43,Alpine,19.0,3.0,SOFT,10.0,False,86.699,28.683,29.281,28.735,,1,,True,False,True,,,5.0,33.742168674698796,54.94819277108432,False,0.0,0.0,0.0,0.0,0.0,86.699,88.54549069325695,-1.8464906932569534
2026,Monza,FP2,COL,43,Alpine,20.0,3.0,SOFT,11.0,False,86.632,28.518,29.381,28.733,,1,,True,False,True,,,5.0,33.742168674698796,54.94819277108432,False,0.0,0.0,0.0,0.0,0.0,86.632,88.54549069325695,-1.9134906932569464
2026,Monza,FP2,COL,43,Alpine,21.0,3.0,SOFT,12.0,False,89.961,28.661,29.564,31.736,,1,,True,False,True,,,5.0,33.742168674698796,54.94819277108432,False,0.0,0.0,0.0,0.0,0.0,89.961,88.54549069325695,1.415509306743047
2026,Monza,FP2,COL,43,Alpine,22.0,3.0,SOFT,13.0,False,88.34,29.123,30.023,29.194,,1,,True,False,True,,,5.0,33.742168674698796,54.94819277108432,False,0.0,0.0,0.0,0.0,0.0,88.34,88.54549069325695,-0.20549069325694802
2026,Monza,FP2,COL,43,Alpine,23.0,3.0,SOFT,14.0,False,91.693,28.849,29.512,33.332,,1,,False,True,True,,,5.0,33.742168674698796,54.94819277108432,False,0.0,0.0,0.0,0.0,0.0,91.693,88.54549069325695,3.1475093067430464
2026,Monza,FP2,COL,43,Alpine,24.0,4.0,HARD,10.0,False,127.134,67.393,30.355,29.386,,1,,False,True,True,,,5.0,33.742168674698796,54.94819277108432,False,0.0,0.0,0.0,0.0,0.0,127.134,88.11242759522722,39.02157240477278
2026,Monza,FP2,COL,43,Alpine,25.0,4.0,HARD,11.0,False,88.204,28.794,30.062,29.348,,1,,True,False,True,,,5.0,33.742168674698796,54.94819277108432,False,0.0,0.0,0.0,0.0,0.0,88.204,88.11242759522722,0.0915724047727764
2026,Monza,FP2,COL,43,Alpine,26.0,4.0,HARD,12.0,False,124.107,36.165,42.622,45.32,,1,,True,False,True,,,5.0,33.742168674698796,54.94819277108432,False,0.0,0.0,0.0,0.0,0.0,124.107,88.11242759522722,35.99457240477278
2026,Monza,FP2,COL,43,Alpine,27.0,4.0,HARD,13.0,False,149.158,65.066,36.359,47.733,,1,,True,False,True,,,5.0,33.742168674698796,54.94819277108432,False,0.0,0.0,0.0,0.0,0.0,149.158,88.11242759522722,61.04557240477277
2026,Monza,FP2,COL,43,Alpine,28.0,4.0,HARD,14.0,False,134.99,71.13,30.209,33.651,,1,,False,True,True,,,5.0,33.742168674698796,54.94819277108432,False,0.0,0.0,0.0,0.0,0.0,134.99,88.11242759522722,46.87757240477279
2026,Monza,FP2,HAM,44,Ferrari,1.0,1.0,MEDIUM,1.0,True,,,33.329,30.433,,1,,False,True,True,,,5.0,33.742168674698796,54.94819277108432,False,0.0,0.0,0.0,0.0,0.0,,87.69710883571248,
2026,Monza,FP2,HAM,44,Ferrari,2.0,1.0,MEDIUM,2.0,True,83.831,27.38,28.594,27.857,,1,,True,False,True,,,5.0,33.742168674698796,54.94819277108432,False,0.0,0.0,0.0,0.0,0.0,83.831,87.69710883571248,-3.866108835712481
2026,Monza,FP2,HAM,44,Ferrari,3.0,1.0,MEDIUM,3.0,True,143.833,45.763,50.319,47.751,,1,,False,True,True,,,5.0,33.742168674698796,54.94819277108432,False,0.0,0.0,0.0,0.0,0.0,143.833,87.69710883571248,56.135891164287514
2026,Monza,FP2,HAM,44,Ferrari,4.0,2.0,MEDIUM,4.0,False,,88.86,35.827,32.439,,1,,False,True,True,,,5.0,33.742168674698796,54.94819277108432,False,0.0,0.0,0.0,0.0,0.0,,87.69710883571248,
2026,Monza,FP2,HAM,44,Ferrari,5.0,2.0,MEDIUM,5.0,False,94.523,27.382,28.69,38.451,,1,,True,False,True,,,5.0,33.742168674698796,54.94819277108432,False,0.0,0.0,0.0,0.0,0.0,94.523,87.69710883571248,6.825891164287512
2026,Monza,FP2,HAM,44,Ferrari,6.0,2.0,MEDIUM,6.0,False,137.07,48.99,50.146,37.934,,1,,True,False,True,,,5.0,33.742168674698796,54.94819277108432,False,0.0,0.0,0.0,0.0,0.0,137.07,87.69710883571248,49.37289116428751
2026,Monza,FP2,HAM,44,Ferrari,7.0,2.0,MEDIUM,7.0,False,84.029,27.569,28.471,27.989,,1,,True,False,True,,,5.0,33.742168674698796,54.94819277108432,False,0.0,0.0,0.0,0.0,0.0,84.029,87.69710883571248,-3.668108835712488
2026,Monza,FP2,HAM,44,Ferrari,8.0,2.0,MEDIUM,8.0,False,106.199,41.436,30.465,34.298,,1,,False,True,True,,,5.0,33.742168674698796,54.94819277108432,False,0.0,0.0,0.0,0.0,0.0,106.199,87.69710883571248,18.501891164287514
2026,Monza,FP2,HAM,44,Ferrari,9.0,3.0,SOFT,1.0,True,,,32.027,34.466,,1,,False,True,True,,,5.0,33.742168674698796,54.94819277108432,False,0.0,0.0,0.0,0.0,0.0,,88.54549069325695,
2026,Monza,FP2,HAM,44,Ferrari,10.0,3.0,SOFT,2.0,True,83.016,27.174,28.145,27.697,,1,,True,False,True,,,5.0,33.742168674698796,54.94819277108432,False,0.0,0.0,0.0,0.0,0.0,83.016,88.54549069325695,-5.529490693256946
2026,Monza,FP2,HAM,44,Ferrari,11.0,3.0,SOFT,3.0,True,,54.88,58.032,50.157,,1,,False,True,True,,,5.0,33.742168674698796,54.94819277108432,False,0.0,0.0,0.0,0.0,0.0,,88.54549069325695,
2026,Monza,FP2,HAM,44,Ferrari,12.0,4.0,SOFT,4.0,False,,76.453,43.306,39.344,,1,,False,True,True,,,5.0,33.742168674698796,54.94819277108432,False,0.0,0.0,0.0,0.0,0.0,,88.54549069325695,
2026,Monza,FP2,HAM,44,Ferrari,13.0,4.0,SOFT,5.0,False,116.521,47.757,37.941,30.823,,1,,True,False,True,,,5.0,33.742168674698796,54.94819277108432,False,0.0,0.0,0.0,0.0,0.0,116.521,88.54549069325695,27.97550930674305
2026,Monza,FP2,HAM,44,Ferrari,14.0,4.0,SOFT,6.0,False,102.542,27.361,33.31,41.871,,1,,False,True,True,,,5.0,33.742168674698796,54.94819277108432,False,0.0,0.0,0.0,0.0,0.0,102.542,88.54549069325695,13.99650930674305
2026,Monza,FP2,HAM,44,Ferrari,15.0,5.0,SOFT,7.0,False,,,36.602,30.176,,1,,False,True,True,,,5.0,33.742168674698796,54.94819277108432,False,0.0,0.0,0.0,0.0,0.0,,88.54549069325695,
2026,Monza,FP2,HAM,44,Ferrari,16.0,5.0,SOFT,8.0,False,86.424,28.491,29.566,28.367,,1,,True,False,True,,,5.0,33.742168674698796,54.94819277108432,False,0.0,0.0,0.0,0.0,0.0,86.424,88.54549069325695,-2.121490693256945
2026,Monza,FP2,HAM,44,Ferrari,17.0,5.0,SOFT,9.0,False,86.645,28.618,29.682,28.345,,1,,True,False,True,,,5.0,33.742168674698796,54.94819277108432,False,0.0,0.0,0.0,0.0,0.0,86.645,88.54549069325695,-1.9004906932569554
2026,Monza,FP2,HAM,44,Ferrari,18.0,5.0,SOFT,10.0,False,86.373,28.586,29.524,28.263,,1,,True,False,True,,,5.0,33.742168674698796,54.94819277108432,False,0.0,0.0,0.0,0.0,0.0,86.373,88.54549069325695,-2.1724906932569468
2026,Monza,FP2,HAM,44,Ferrari,19.0,5.0,SOFT,11.0,False,86.022,28.448,29.47,28.104,,1,,True,False,True,,,5.0,33.742168674698796,54.94819277108432,False,0.0,0.0,0.0,0.0,0.0,86.022,88.54549069325695,-2.523490693256946
2026,Monza,FP2,HAM,44,Ferrari,20.0,5.0,SOFT,12.0,False,86.419,28.497,29.706,28.216,,1,,True,False,True,,,5.0,33.742168674698796,54.94819277108432,False,0.0,0.0,0.0,0.0,0.0,86.419,88.54549069325695,-2.1264906932569545
2026,Monza,FP2,HAM,44,Ferrari,21.0,5.0,SOFT,13.0,False,86.002,28.306,29.453,28.243,,1,,True,False,True,,,5.0,33.742168674698796,54.94819277108432,False,0.0,0.0,0.0,0.0,0.0,86.002,88.54549069325695,-2.543490693256956
2026,Monza,FP2,HAM,44,Ferrari,22.0,5.0,SOFT,14.0,False,86.254,27.965,29.962,28.327,,1,,True,False,True,,,5.0,33.742168674698796,54.94819277108432,False,0.0,0.0,0.0,0.0,0.0,86.254,88.54549069325695,-2.2914906932569465
2026,Monza,FP2,HAM,44,Ferrari,23.0,5.0,SOFT,15.0,False,85.756,28.272,29.627,27.857,,1,,True,False,True,,,5.0,33.742168674698796,54.94819277108432,False,0.0,0.0,0.0,0.0,0.0,85.756,88.54549069325695,-2.789490693256951
2026,Monza,FP2,HAM,44,Ferrari,24.0,5.0,SOFT,16.0,False,86.261,28.08,29.832,28.349,,1,,True,False,True,,,5.0,33.742168674698796,54.94819277108432,False,0.0,0.0,0.0,0.0,0.0,86.261,88.54549069325695,-2.2844906932569558
2026,Monza,FP2,HAM,44,Ferrari,25.0,5.0,SOFT,17.0,False,115.285,29.727,45.799,39.759,,1,,True,False,True,,,5.0,33.742168674698796,54.94819277108432,False,0.0,0.0,0.0,0.0,0.0,115.285,88.54549069325695,26.739509306743045
2026,Monza,FP2,HAM,44,Ferrari,26.0,5.0,SOFT,18.0,False,142.738,62.899,41.691,38.148,,1,,True,False,True,,,5.0,33.742168674698796,54.94819277108432,False,0.0,0.0,0.0,0.0,0.0,142.738,88.54549069325695,54.19250930674305
2026,Monza,FP2,HAM,44,Ferrari,27.0,5.0,SOFT,19.0,False,136.112,65.807,31.637,38.668,,1,,False,True,True,,,5.0,33.742168674698796,54.94819277108432,False,0.0,0.0,0.0,0.0,0.0,136.112,88.54549069325695,47.56650930674304
2026,Monza,FP2,SAI,55,Williams,1.0,1.0,MEDIUM,1.0,True,,,36.369,34.854,,1,,False,True,True,,,5.0,33.742168674698796,54.94819277108432,False,0.0,0.0,0.0,0.0,0.0,,87.69710883571248,
2026,Monza,FP2,SAI,55,Williams,2.0,1.0,MEDIUM,2.0,True,84.985,27.375,28.882,28.728,,1,,True,False,True,,,5.0,33.742168674698796,54.94819277108432,False,0.0,0.0,0.0,0.0,0.0,84.985,87.69710883571248,-2.7121088357124847
2026,Monza,FP2,SAI,55,Williams,3.0,1.0,MEDIUM,3.0,True,141.083,48.067,56.619,36.397,,1,,True,False,True,,,5.0,33.742168674698796,54.94819277108432,False,0.0,0.0,0.0,0.0,0.0,141.083,87.69710883571248,53.385891164287514
2026,Monza,FP2,SAI,55,Williams,4.0,1.0,MEDIUM,4.0,True,84.912,27.445,28.867,28.6,,1,,True,False,True,,,5.0,33.742168674698796,54.94819277108432,False,0.0,0.0,0.0,0.0,0.0,84.912,87.69710883571248,-2.785108835712478
2026,Monza,FP2,SAI,55,Williams,5.0,1.0,MEDIUM,5.0,True,137.849,47.258,56.062,34.529,,1,,True,False,True,,,5.0,33.742168674698796,54.94819277108432,False,0.0,0.0,0.0,0.0,0.0,137.849,87.69710883571248,50.151891164287505
2026,Monza,FP2,SAI,55,Williams,6.0,1.0,MEDIUM,6.0,True,84.587,27.246,28.766,28.575,,1,,True,False,True,,,5.0,33.742168674698796,54.94819277108432,False,0.0,0.0,0.0,0.0,0.0,84.587,87.69710883571248,-3.110108835712481
2026,Monza,FP2,SAI,55,Williams,7.0,1.0,MEDIUM,7.0,True,126.647,37.409,45.481,43.757,,1,,False,True,True,,,5.0,33.742168674698796,54.94819277108432,False,0.0,0.0,0.0,0.0,0.0,126.647,87.69710883571248,38.94989116428752
2026,Monza,FP2,SAI,55,Williams,8.0,2.0,MEDIUM,8.0,False,136.253,62.908,39.67,33.675,,1,,False,True,True,,,5.0,33.742168674698796,54.94819277108432,False,0.0,0.0,0.0,0.0,0.0,136.253,87.69710883571248,48.5558911642875
2026,Monza,FP2,SAI,55,Williams,9.0,2.0,MEDIUM,9.0,False,115.047,27.284,46.602,41.161,,1,,True,False,True,,,5.0,33.742168674698796,54.94819277108432,False,0.0,0.0,0.0,0.0,0.0,115.047,87.69710883571248,27.349891164287513
2026,Monza,FP2,SAI,55,Williams,10.0,2.0,MEDIUM,10.0,False,98.025,27.366,32.883,37.776,,1,,False,True,True,,,5.0,33.742168674698796,54.94819277108432,False,0.0,0.0,0.0,0.0,0.0,98.025,87.69710883571248,10.327891164287522
2026,Monza,FP2,SAI,55,Williams,11.0,3.0,SOFT,1.0,True,,,32.067,31.468,,1,,False,True,True,,,5.0,33.742168674698796,54.94819277108432,False,0.0,0.0,0.0,0.0,0.0,,88.54549069325695,
2026,Monza,FP2,SAI,55,Williams,12.0,3.0,SOFT,2.0,True,83.9,27.07,28.63,28.2,,1,,True,False,True,,,5.0,33.742168674698796,54.94819277108432,False,0.0,0.0,0.0,0.0,0.0,83.9,88.54549069325695,-4.645490693256946
2026,Monza,FP2,SAI,55,Williams,13.0,3.0,SOFT,3.0,True,129.086,41.524,43.151,44.411,,1,,True,False,True,,,5.0,33.742168674698796,54.94819277108432,False,0.0,0.0,0.0,0.0,0.0,129.086,88.54549069325695,40.54050930674306
2026,Monza,FP2,SAI,55,Williams,14.0,3.0,SOFT,4.0,True,120.865,49.268,37.266,34.331,,1,,True,False,True,,,5.0,33.742168674698796,54.94819277108432,False,0.0,0.0,0.0,0.0,0.0,120.865,88.54549069325695,32.31950930674304
2026,Monza,FP2,SAI,55,Williams,15.0,3.0,SOFT,5.0,True,84.026,27.246,28.596,28.184,,1,,True,False,True,,,5.0,33.742168674698796,54.94819277108432,False,0.0,0.0,0.0,0.0,0.0,84.026,88.54549069325695,-4.519490693256955
2026,Monza,FP2,SAI,55,Williams,16.0,3.0,SOFT,6.0,True,108.388,35.695,36.397,36.296,,1,,False,True,True,,,5.0,33.742168674698796,54.94819277108432,False,0.0,0.0,0.0,0.0,0.0,108.388,88.54549069325695,19.842509306743054
2026,Monza,FP2,SAI,55,Williams,17.0,4.0,SOFT,7.0,False,,,30.882,29.532,,1,,False,True,True,,,5.0,33.742168674698796,54.94819277108432,False,0.0,0.0,0.0,0.0,0.0,,88.54549069325695,
2026,Monza,FP2,SAI,55,Williams,18.0,4.0,SOFT,8.0,False,87.439,28.448,29.858,29.133,,1,,True,False,True,,,5.0,33.742168674698796,54.94819277108432,False,0.0,0.0,0.0,0.0,0.0,87.439,88.54549069325695,-1.1064906932569585
2026,Monza,FP2,SAI,55,Williams,19.0,4.0,SOFT,9.0,False,87.427,28.477,29.828,29.122,,1,,True,False,True,,,5.0,33.742168674698796,54.94819277108432,False,0.0,0.0,0.0,0.0,0.0,87.427,88.54549069325695,-1.1184906932569447
2026,Monza,FP2,SAI,55,Williams,20.0,4.0,SOFT,10.0,False,87.337,28.444,29.762,29.131,,1,,True,False,True,,,5.0,33.742168674698796,54.94819277108432,False,0.0,0.0,0.0,0.0,0.0,87.337,88.54549069325695,-1.2084906932569481
2026,Monza,FP2,SAI,55,Williams,21.0,4.0,SOFT,11.0,False,89.029,29.266,30.424,29.339,,1,,True,False,True,,,5.0,33.742168674698796,54.94819277108432,False,0.0,0.0,0.0,0.0,0.0,89.029,88.54549069325695,0.48350930674304493
2026,Monza,FP2,SAI,55,Williams,22.0,4.0,SOFT,12.0,False,87.293,28.362,29.854,29.077,,1,,True,False,True,,,5.0,33.742168674698796,54.94819277108432,False,0.0,0.0,0.0,0.0,0.0,87.293,88.54549069325695,-1.252490693256945
2026,Monza,FP2,SAI,55,Williams,23.0,4.0,SOFT,13.0,False,87.333,28.344,29.917,29.072,,1,,True,False,True,,,5.0,33.742168674698796,54.94819277108432,False,0.0,0.0,0.0,0.0,0.0,87.333,88.54549069325695,-1.212490693256953
2026,Monza,FP2,SAI,55,Williams,24.0,4.0,SOFT,14.0,False,87.539,28.516,29.94,29.083,,1,,True,False,True,,,5.0,33.742168674698796,54.94819277108432,False,0.0,0.0,0.0,0.0,0.0,87.539,88.54549069325695,-1.00649069325695
2026,Monza,FP2,SAI,55,Williams,25.0,4.0,SOFT,15.0,False,87.341,28.452,29.899,28.99,,1,,True,False,True,,,5.0,33.742168674698796,54.94819277108432,False,0.0,0.0,0.0,0.0,0.0,87.341,88.54549069325695,-1.2044906932569575
2026,Monza,FP2,SAI,55,Williams,26.0,4.0,SOFT,16.0,False,87.363,28.476,29.944,28.943,,1,,True,False,True,,,5.0,33.742168674698796,54.94819277108432,False,0.0,0.0,0.0,0.0,0.0,87.363,88.54549069325695,-1.1824906932569519
2026,Monza,FP2,SAI,55,Williams,27.0,4.0,SOFT,17.0,False,88.073,28.866,30.323,28.884,,1,,True,False,True,,,5.0,33.742168674698796,54.94819277108432,False,0.0,0.0,0.0,0.0,0.0,88.073,88.54549069325695,-0.47249069325695814
2026,Monza,FP2,SAI,55,Williams,28.0,4.0,SOFT,18.0,False,110.147,28.482,31.478,50.187,,1,,True,False,True,,,5.0,33.742168674698796,54.94819277108432,False,0.0,0.0,0.0,0.0,0.0,110.147,88.54549069325695,21.601509306743054
2026,Monza,FP2,SAI,55,Williams,29.0,4.0,SOFT,19.0,False,136.124,63.611,33.196,39.317,,1,,True,False,True,,,5.0,33.742168674698796,54.94819277108432,False,0.0,0.0,0.0,0.0,0.0,136.124,88.54549069325695,47.578509306743044
2026,Monza,FP2,SAI,55,Williams,30.0,4.0,SOFT,20.0,False,127.343,60.088,31.275,35.98,,1,,False,True,True,,,5.0,33.742168674698796,54.94819277108432,False,0.0,0.0,0.0,0.0,0.0,127.343,88.54549069325695,38.79750930674305
2026,Monza,FP2,RUS,63,Mercedes,1.0,1.0,HARD,1.0,True,,,36.107,30.781,,1,,False,True,True,,,5.0,33.742168674698796,54.94819277108432,False,0.0,0.0,0.0,0.0,0.0,,88.11242759522722,
2026,Monza,FP2,RUS,63,Mercedes,2.0,1.0,HARD,2.0,True,83.625,27.275,28.188,28.162,,1,,True,False,True,,,5.0,33.742168674698796,54.94819277108432,False,0.0,0.0,0.0,0.0,0.0,83.625,88.11242759522722,-4.487427595227217
2026,Monza,FP2,RUS,63,Mercedes,3.0,1.0,HARD,3.0,True,149.526,59.874,56.106,33.546,,1,,True,False,True,,,5.0,33.742168674698796,54.94819277108432,False,0.0,0.0,0.0,0.0,0.0,149.526,88.11242759522722,61.41357240477279
2026,Monza,FP2,RUS,63,Mercedes,4.0,1.0,HARD,4.0,True,83.434,27.336,28.025,28.073,,1,,True,False,True,,,5.0,33.742168674698796,54.94819277108432,False,0.0,0.0,0.0,0.0,0.0,83.434,88.11242759522722,-4.67842759522722
2026,Monza,FP2,RUS,63,Mercedes,5.0,1.0,HARD,5.0,True,148.684,53.016,52.594,43.074,,1,,False,True,True,,,5.0,33.742168674698796,54.94819277108432,False,0.0,0.0,0.0,0.0,0.0,148.684,88.11242759522722,60.57157240477278
2026,Monza,FP2,RUS,63,Mercedes,6.0,2.0,HARD,6.0,False,135.048,62.111,40.67,32.267,,1,,False,True,True,,,5.0,33.742168674698796,54.94819277108432,False,0.0,0.0,0.0,0.0,0.0,135.048,88.11242759522722,46.935572404772785
2026,Monza,FP2,RUS,63,Mercedes,7.0,2.0,HARD,7.0,False,83.202,27.232,28.037,27.933,,1,,True,False,True,,,5.0,33.742168674698796,54.94819277108432,False,0.0,0.0,0.0,0.0,0.0,83.202,88.11242759522722,-4.910427595227219
2026,Monza,FP2,RUS,63,Mercedes,8.0,2.0,HARD,8.0,False,109.715,34.38,35.924,39.411,,1,,False,True,True,,,5.0,33.742168674698796,54.94819277108432,False,0.0,0.0,0.0,0.0,0.0,109.715,88.11242759522722,21.602572404772786
2026,Monza,FP2,RUS,63,Mercedes,9.0,3.0,SOFT,1.0,True,,,35.841,42.716,,1,,False,True,True,,,5.0,33.742168674698796,54.94819277108432,False,0.0,0.0,0.0,0.0,0.0,,88.54549069325695,
2026,Monza,FP2,RUS,63,Mercedes,10.0,4.0,SOFT,2.0,False,131.498,63.695,37.182,30.621,,1,,False,True,True,,,5.0,33.742168674698796,54.94819277108432,False,0.0,0.0,0.0,0.0,0.0,131.498,88.54549069325695,42.95250930674304
2026,Monza,FP2,RUS,63,Mercedes,11.0,4.0,SOFT,3.0,False,82.686,27.084,27.82,27.782,,1,,True,False,True,,,5.0,33.742168674698796,54.94819277108432,False,0.0,0.0,0.0,0.0,0.0,82.686,88.54549069325695,-5.859490693256944
2026,Monza,FP2,RUS,63,Mercedes,12.0,4.0,SOFT,4.0,False,145.346,47.12,49.373,48.853,,1,,True,False,True,,,5.0,33.742168674698796,54.94819277108432,False,0.0,0.0,0.0,0.0,0.0,145.346,88.54549069325695,56.80050930674305
2026,Monza,FP2,RUS,63,Mercedes,13.0,4.0,SOFT,5.0,False,125.803,45.954,47.526,32.323,,1,,True,False,True,,,5.0,33.742168674698796,54.94819277108432,False,0.0,0.0,0.0,0.0,0.0,125.803,88.54549069325695,37.257509306743046
2026,Monza,FP2,RUS,63,Mercedes,14.0,4.0,SOFT,6.0,False,82.559,27.044,27.794,27.721,,1,,True,False,True,,,5.0,33.742168674698796,54.94819277108432,False,0.0,0.0,0.0,0.0,0.0,82.559,88.54549069325695,-5.986490693256954
2026,Monza,FP2,RUS,63,Mercedes,15.0,4.0,SOFT,7.0,False,116.26,39.538,34.979,41.743,,1,,False,True,True,,,5.0,33.742168674698796,54.94819277108432,False,0.0,0.0,0.0,0.0,0.0,116.26,88.54549069325695,27.714509306743054
2026,Monza,FP2,RUS,63,Mercedes,16.0,5.0,HARD,9.0,False,,,29.647,28.489,,1,,False,True,True,,,5.0,33.742168674698796,54.94819277108432,False,0.0,0.0,0.0,0.0,0.0,,88.11242759522722,
2026,Monza,FP2,RUS,63,Mercedes,17.0,5.0,HARD,10.0,False,86.11,28.375,29.1,28.635,,1,,True,False,True,,,5.0,33.742168674698796,54.94819277108432,False,0.0,0.0,0.0,0.0,0.0,86.11,88.11242759522722,-2.0024275952272177
2026,Monza,FP2,RUS,63,Mercedes,18.0,5.0,HARD,11.0,False,86.381,28.694,29.142,28.545,,1,,True,False,True,,,5.0,33.742168674698796,54.94819277108432,False,0.0,0.0,0.0,0.0,0.0,86.381,88.11242759522722,-1.731427595227217
2026,Monza,FP2,RUS,63,Mercedes,19.0,5.0,HARD,12.0,False,86.304,28.513,29.327,28.464,,1,,True,False,True,,,5.0,33.742168674698796,54.94819277108432,False,0.0,0.0,0.0,0.0,0.0,86.304,88.11242759522722,-1.808427595227215
2026,Monza,FP2,RUS,63,Mercedes,20.0,5.0,HARD,13.0,False,86.155,28.5,29.224,28.431,,1,,True,False,True,,,5.0,33.742168674698796,54.94819277108432,False,0.0,0.0,0.0,0.0,0.0,86.155,88.11242759522722,-1.957427595227216
2026,Monza,FP2,RUS,63,Mercedes,21.0,5.0,HARD,14.0,False,85.975,28.341,29.278,28.356,,1,,True,False,True,,,5.0,33.742168674698796,54.94819277108432,False,0.0,0.0,0.0,0.0,0.0,85.975,88.11242759522722,-2.137427595227223
2026,Monza,FP2,RUS,63,Mercedes,22.0,5.0,HARD,15.0,False,86.14,28.199,29.459,28.482,,1,,True,False,True,,,5.0,33.742168674698796,54.94819277108432,False,0.0,0.0,0.0,0.0,0.0,86.14,88.11242759522722,-1.9724275952272166
2026,Monza,FP2,RUS,63,Mercedes,23.0,5.0,HARD,16.0,False,85.943,28.359,29.219,28.365,,1,,True,False,True,,,5.0,33.742168674698796,54.94819277108432,False,0.0,0.0,0.0,0.0,0.0,85.943,88.11242759522722,-2.1694275952272193
2026,Monza,FP2,RUS,63,Mercedes,24.0,5.0,HARD,17.0,False,87.175,28.07,29.764,29.341,,1,,True,False,True,,,5.0,33.742168674698796,54.94819277108432,False,0.0,0.0,0.0,0.0,0.0,87.175,88.11242759522722,-0.93742759522722
2026,Monza,FP2,RUS,63,Mercedes,25.0,5.0,HARD,18.0,False,85.742,28.067,29.324,28.351,,1,,True,False,True,,,5.0,33.742168674698796,54.94819277108432,False,0.0,0.0,0.0,0.0,0.0,85.742,88.11242759522722,-2.3704275952272127
2026,Monza,FP2,RUS,63,Mercedes,26.0,5.0,HARD,19.0,False,86.158,28.533,29.311,28.314,,1,,True,False,True,,,5.0,33.742168674698796,54.94819277108432,False,0.0,0.0,0.0,0.0,0.0,86.158,88.11242759522722,-1.9544275952272159
2026,Monza,FP2,RUS,63,Mercedes,27.0,5.0,HARD,20.0,False,90.901,28.335,29.292,33.274,,1,,False,True,True,,,5.0,33.742168674698796,54.94819277108432,False,0.0,0.0,0.0,0.0,0.0,90.901,88.11242759522722,2.788572404772779
2026,Monza,FP2,RUS,63,Mercedes,28.0,6.0,SOFT,8.0,False,,,30.538,30.251,,1,,False,True,True,,,5.0,33.742168674698796,54.94819277108432,False,0.0,0.0,0.0,0.0,0.0,,88.54549069325695,
2026,Monza,FP2,RUS,63,Mercedes,29.0,6.0,SOFT,9.0,False,122.936,33.776,35.916,53.244,,1,,True,False,True,,,5.0,33.742168674698796,54.94819277108432,False,0.0,0.0,0.0,0.0,0.0,122.936,88.54549069325695,34.390509306743056
2026,Monza,FP2,RUS,63,Mercedes,30.0,6.0,SOFT,10.0,False,,80.881,36.641,45.84,,1,,False,False,True,,,5.0,33.742168674698796,54.94819277108432,False,0.0,0.0,0.0,0.0,0.0,,88.54549069325695,
2026,Monza,FP2,RUS,63,Mercedes,31.0,6.0,SOFT,11.0,False,148.9,81.392,31.27,36.238,,12,,False,True,False,,,5.0,33.742168674698796,54.94819277108432,False,0.0,0.0,0.0,0.0,0.0,148.9,88.54549069325695,60.354509306743054
2026,Monza,FP2,BOT,77,Cadillac,1.0,1.0,MEDIUM,1.0,True,,,39.019,36.272,,1,,False,True,True,,,5.0,33.742168674698796,54.94819277108432,False,0.0,0.0,0.0,0.0,0.0,,87.69710883571248,
2026,Monza,FP2,BOT,77,Cadillac,2.0,1.0,MEDIUM,2.0,True,86.107,27.925,29.278,28.904,,1,,True,False,True,,,5.0,33.742168674698796,54.94819277108432,False,0.0,0.0,0.0,0.0,0.0,86.107,87.69710883571248,-1.5901088357124848
2026,Monza,FP2,BOT,77,Cadillac,3.0,1.0,MEDIUM,3.0,True,124.583,40.488,44.34,39.755,,1,,True,False,True,,,5.0,33.742168674698796,54.94819277108432,False,0.0,0.0,0.0,0.0,0.0,124.583,87.69710883571248,36.885891164287514
2026,Monza,FP2,BOT,77,Cadillac,4.0,1.0,MEDIUM,4.0,True,86.314,28.101,29.209,29.004,,1,,True,False,True,,,5.0,33.742168674698796,54.94819277108432,False,0.0,0.0,0.0,0.0,0.0,86.314,87.69710883571248,-1.3831088357124912
2026,Monza,FP2,BOT,77,Cadillac,5.0,1.0,MEDIUM,5.0,True,129.47,38.587,39.348,51.535,,1,,False,True,True,,,5.0,33.742168674698796,54.94819277108432,False,0.0,0.0,0.0,0.0,0.0,129.47,87.69710883571248,41.772891164287515
2026,Monza,FP2,BOT,77,Cadillac,6.0,2.0,MEDIUM,6.0,False,135.392,63.28,37.857,34.255,,1,,False,True,True,,,5.0,33.742168674698796,54.94819277108432,False,0.0,0.0,0.0,0.0,0.0,135.392,87.69710883571248,47.69489116428751
2026,Monza,FP2,BOT,77,Cadillac,7.0,2.0,MEDIUM,7.0,False,86.19,27.901,29.193,29.096,,1,,True,False,True,,,5.0,33.742168674698796,54.94819277108432,False,0.0,0.0,0.0,0.0,0.0,86.19,87.69710883571248,-1.5071088357124864
2026,Monza,FP2,BOT,77,Cadillac,8.0,2.0,MEDIUM,8.0,False,119.146,38.35,35.068,45.728,,1,,False,True,True,,,5.0,33.742168674698796,54.94819277108432,False,0.0,0.0,0.0,0.0,0.0,119.146,87.69710883571248,31.448891164287517
2026,Monza,FP2,BOT,77,Cadillac,9.0,3.0,SOFT,1.0,True,,,34.006,32.645,,1,,False,True,True,,,5.0,33.742168674698796,54.94819277108432,False,0.0,0.0,0.0,0.0,0.0,,88.54549069325695,
2026,Monza,FP2,BOT,77,Cadillac,10.0,3.0,SOFT,2.0,True,85.149,27.636,28.878,28.635,,1,,True,False,True,,,5.0,33.742168674698796,54.94819277108432,False,0.0,0.0,0.0,0.0,0.0,85.149,88.54549069325695,-3.3964906932569505
2026,Monza,FP2,BOT,77,Cadillac,11.0,3.0,SOFT,3.0,True,131.993,41.625,44.644,45.724,,1,,True,False,True,,,5.0,33.742168674698796,54.94819277108432,False,0.0,0.0,0.0,0.0,0.0,131.993,88.54549069325695,43.447509306743044
2026,Monza,FP2,BOT,77,Cadillac,12.0,3.0,SOFT,4.0,True,117.475,41.248,41.425,34.802,,1,,True,False,True,,,5.0,33.742168674698796,54.94819277108432,False,0.0,0.0,0.0,0.0,0.0,117.475,88.54549069325695,28.929509306743043
2026,Monza,FP2,BOT,77,Cadillac,13.0,3.0,SOFT,5.0,True,108.595,31.529,42.654,34.412,,1,,True,False,True,,,5.0,33.742168674698796,54.94819277108432,False,0.0,0.0,0.0,0.0,0.0,108.595,88.54549069325695,20.049509306743047
2026,Monza,FP2,BOT,77,Cadillac,14.0,3.0,SOFT,6.0,True,85.216,27.554,28.765,28.897,,1,,True,False,True,,,5.0,33.742168674698796,54.94819277108432,False,0.0,0.0,0.0,0.0,0.0,85.216,88.54549069325695,-3.3294906932569575
2026,Monza,FP2,BOT,77,Cadillac,15.0,3.0,SOFT,7.0,True,116.773,40.685,35.907,40.181,,1,,False,True,True,,,5.0,33.742168674698796,54.94819277108432,False,0.0,0.0,0.0,0.0,0.0,116.773,88.54549069325695,28.227509306743045
2026,Monza,FP2,BOT,77,Cadillac,16.0,4.0,SOFT,8.0,False,,,32.364,30.569,,1,,False,True,True,,,5.0,33.742168674698796,54.94819277108432,False,0.0,0.0,0.0,0.0,0.0,,88.54549069325695,
2026,Monza,FP2,BOT,77,Cadillac,17.0,4.0,SOFT,9.0,False,88.155,28.622,29.992,29.541,,1,,True,False,True,,,5.0,33.742168674698796,54.94819277108432,False,0.0,0.0,0.0,0.0,0.0,88.155,88.54549069325695,-0.3904906932569503
2026,Monza,FP2,BOT,77,Cadillac,18.0,4.0,SOFT,10.0,False,88.225,28.749,30.149,29.327,,1,,True,False,True,,,5.0,33.742168674698796,54.94819277108432,False,0.0,0.0,0.0,0.0,0.0,88.225,88.54549069325695,-0.3204906932569571
2026,Monza,FP2,BOT,77,Cadillac,19.0,4.0,SOFT,11.0,False,89.186,29.047,30.804,29.335,,1,,True,False,True,,,5.0,33.742168674698796,54.94819277108432,False,0.0,0.0,0.0,0.0,0.0,89.186,88.54549069325695,0.6405093067430556
2026,Monza,FP2,BOT,77,Cadillac,20.0,4.0,SOFT,12.0,False,88.09,28.625,30.34,29.125,,1,,True,False,True,,,5.0,33.742168674698796,54.94819277108432,False,0.0,0.0,0.0,0.0,0.0,88.09,88.54549069325695,-0.455490693256948
2026,Monza,FP2,BOT,77,Cadillac,21.0,4.0,SOFT,13.0,False,88.171,28.685,30.048,29.438,,1,,True,False,True,,,5.0,33.742168674698796,54.94819277108432,False,0.0,0.0,0.0,0.0,0.0,88.171,88.54549069325695,-0.37449069325694495
2026,Monza,FP2,BOT,77,Cadillac,22.0,4.0,SOFT,14.0,False,88.081,28.826,30.163,29.092,,1,,True,False,True,,,5.0,33.742168674698796,54.94819277108432,False,0.0,0.0,0.0,0.0,0.0,88.081,88.54549069325695,-0.46449069325694836
2026,Monza,FP2,BOT,77,Cadillac,23.0,4.0,SOFT,15.0,False,88.518,28.94,30.222,29.356,,1,,True,False,True,,,5.0,33.742168674698796,54.94819277108432,False,0.0,0.0,0.0,0.0,0.0,88.518,88.54549069325695,-0.02749069325695075
2026,Monza,FP2,BOT,77,Cadillac,24.0,4.0,SOFT,16.0,False,88.756,28.856,30.498,29.402,,1,,True,False,True,,,5.0,33.742168674698796,54.94819277108432,False,0.0,0.0,0.0,0.0,0.0,88.756,88.54549069325695,0.2105093067430488
2026,Monza,FP2,BOT,77,Cadillac,25.0,4.0,SOFT,17.0,False,88.758,29.28,30.275,29.203,,1,,True,False,True,,,5.0,33.742168674698796,54.94819277108432,False,0.0,0.0,0.0,0.0,0.0,88.758,88.54549069325695,0.21250930674304414
2026,Monza,FP2,BOT,77,Cadillac,26.0,4.0,SOFT,18.0,False,119.747,38.055,36.567,45.125,,1,,True,False,True,,,5.0,33.742168674698796,54.94819277108432,False,0.0,0.0,0.0,0.0,0.0,119.747,88.54549069325695,31.20150930674305
2026,Monza,FP2,BOT,77,Cadillac,27.0,4.0,SOFT,19.0,False,144.705,60.671,39.127,44.907,,1,,True,False,True,,,5.0,33.742168674698796,54.94819277108432,False,0.0,0.0,0.0,0.0,0.0,144.705,88.54549069325695,56.15950930674306
2026,Monza,FP2,BOT,77,Cadillac,28.0,4.0,SOFT,20.0,False,129.627,60.149,31.712,37.766,,1,,False,True,True,,,5.0,33.742168674698796,54.94819277108432,False,0.0,0.0,0.0,0.0,0.0,129.627,88.54549069325695,41.08150930674306
2026,Monza,FP2,PIA,81,McLaren,1.0,1.0,HARD,1.0,True,,,32.908,32.452,,1,,False,True,True,,,5.0,33.742168674698796,54.94819277108432,False,0.0,0.0,0.0,0.0,0.0,,88.11242759522722,
2026,Monza,FP2,PIA,81,McLaren,2.0,1.0,HARD,2.0,True,84.466,27.497,28.622,28.347,,1,,True,False,True,,,5.0,33.742168674698796,54.94819277108432,False,0.0,0.0,0.0,0.0,0.0,84.466,88.11242759522722,-3.646427595227223
2026,Monza,FP2,PIA,81,McLaren,3.0,1.0,HARD,3.0,True,133.348,44.512,48.112,40.724,,1,,True,False,True,,,5.0,33.742168674698796,54.94819277108432,False,0.0,0.0,0.0,0.0,0.0,133.348,88.11242759522722,45.235572404772796
2026,Monza,FP2,PIA,81,McLaren,4.0,1.0,HARD,4.0,True,84.059,27.488,28.273,28.298,,1,,True,False,True,,,5.0,33.742168674698796,54.94819277108432,False,0.0,0.0,0.0,0.0,0.0,84.059,88.11242759522722,-4.05342759522722
2026,Monza,FP2,PIA,81,McLaren,5.0,1.0,HARD,5.0,True,138.603,47.478,47.884,43.241,,1,,True,False,True,,,5.0,33.742168674698796,54.94819277108432,False,0.0,0.0,0.0,0.0,0.0,138.603,88.11242759522722,50.49057240477279
2026,Monza,FP2,PIA,81,McLaren,6.0,1.0,HARD,6.0,True,83.855,27.376,28.24,28.239,,1,,True,False,True,,,5.0,33.742168674698796,54.94819277108432,False,0.0,0.0,0.0,0.0,0.0,83.855,88.11242759522722,-4.257427595227213
2026,Monza,FP2,PIA,81,McLaren,7.0,1.0,HARD,7.0,True,121.648,38.049,39.808,43.791,,1,,False,True,True,,,5.0,33.742168674698796,54.94819277108432,False,0.0,0.0,0.0,0.0,0.0,121.648,88.11242759522722,33.53557240477278
2026,Monza,FP2,PIA,81,McLaren,8.0,2.0,SOFT,1.0,True,,,30.942,37.632,,1,,False,True,True,,,5.0,33.742168674698796,54.94819277108432,False,0.0,0.0,0.0,0.0,0.0,,88.54549069325695,
2026,Monza,FP2,PIA,81,McLaren,9.0,2.0,SOFT,2.0,True,120.863,39.461,39.169,42.233,,1,,True,False,True,,,5.0,33.742168674698796,54.94819277108432,False,0.0,0.0,0.0,0.0,0.0,120.863,88.54549069325695,32.31750930674305
2026,Monza,FP2,PIA,81,McLaren,10.0,2.0,SOFT,3.0,True,83.028,27.348,27.945,27.735,,1,,True,False,True,,,5.0,33.742168674698796,54.94819277108432,False,0.0,0.0,0.0,0.0,0.0,83.028,88.54549069325695,-5.517490693256946
2026,Monza,FP2,PIA,81,McLaren,11.0,2.0,SOFT,4.0,True,123.674,40.908,45.71,37.056,,1,,True,False,True,,,5.0,33.742168674698796,54.94819277108432,False,0.0,0.0,0.0,0.0,0.0,123.674,88.54549069325695,35.128509306743055
2026,Monza,FP2,PIA,81,McLaren,12.0,2.0,SOFT,5.0,True,131.219,40.356,45.933,44.93,,1,,True,False,True,,,5.0,33.742168674698796,54.94819277108432,False,0.0,0.0,0.0,0.0,0.0,131.219,88.54549069325695,42.67350930674304
2026,Monza,FP2,PIA,81,McLaren,13.0,2.0,SOFT,6.0,True,83.219,27.408,27.987,27.824,,1,,True,False,True,,,5.0,33.742168674698796,54.94819277108432,False,0.0,0.0,0.0,0.0,0.0,83.219,88.54549069325695,-5.326490693256957
2026,Monza,FP2,PIA,81,McLaren,14.0,2.0,SOFT,7.0,True,107.015,34.177,34.356,38.482,,1,,False,True,True,,,5.0,33.742168674698796,54.94819277108432,False,0.0,0.0,0.0,0.0,0.0,107.015,88.54549069325695,18.46950930674305
2026,Monza,FP2,PIA,81,McLaren,15.0,3.0,HARD,8.0,False,,,29.699,28.738,,1,,False,True,True,,,5.0,33.742168674698796,54.94819277108432,False,0.0,0.0,0.0,0.0,0.0,,88.11242759522722,
2026,Monza,FP2,PIA,81,McLaren,16.0,3.0,HARD,9.0,False,86.467,28.295,29.379,28.793,,1,,True,False,True,,,5.0,33.742168674698796,54.94819277108432,False,0.0,0.0,0.0,0.0,0.0,86.467,88.11242759522722,-1.6454275952272184
2026,Monza,FP2,PIA,81,McLaren,17.0,3.0,HARD,10.0,False,86.292,28.365,29.123,28.804,,1,,True,False,True,,,5.0,33.742168674698796,54.94819277108432,False,0.0,0.0,0.0,0.0,0.0,86.292,88.11242759522722,-1.8204275952272155
2026,Monza,FP2,PIA,81,McLaren,18.0,3.0,HARD,11.0,False,86.865,28.276,29.839,28.75,,1,,True,False,True,,,5.0,33.742168674698796,54.94819277108432,False,0.0,0.0,0.0,0.0,0.0,86.865,88.11242759522722,-1.2474275952272222
2026,Monza,FP2,PIA,81,McLaren,19.0,3.0,HARD,12.0,False,87.211,28.823,29.794,28.594,,1,,True,False,True,,,5.0,33.742168674698796,54.94819277108432,False,0.0,0.0,0.0,0.0,0.0,87.211,88.11242759522722,-0.9014275952272186
2026,Monza,FP2,PIA,81,McLaren,20.0,3.0,HARD,13.0,False,90.876,28.344,29.491,33.041,,1,,False,True,True,,,5.0,33.742168674698796,54.94819277108432,False,0.0,0.0,0.0,0.0,0.0,90.876,88.11242759522722,2.7635724047727876
2026,Monza,FP2,PIA,81,McLaren,21.0,4.0,SOFT,8.0,False,111.721,52.912,29.804,29.005,,1,,False,True,True,,,5.0,33.742168674698796,54.94819277108432,False,0.0,0.0,0.0,0.0,0.0,111.721,88.54549069325695,23.175509306743052
2026,Monza,FP2,PIA,81,McLaren,22.0,4.0,SOFT,9.0,False,86.406,28.662,29.213,28.531,,1,,True,False,True,,,5.0,33.742168674698796,54.94819277108432,False,0.0,0.0,0.0,0.0,0.0,86.406,88.54549069325695,-2.1394906932569455
2026,Monza,FP2,PIA,81,McLaren,23.0,4.0,SOFT,10.0,False,102.672,33.509,38.617,30.546,,1,,True,False,True,,,5.0,33.742168674698796,54.94819277108432,False,0.0,0.0,0.0,0.0,0.0,102.672,88.54549069325695,14.126509306743046
2026,Monza,FP2,PIA,81,McLaren,24.0,4.0,SOFT,11.0,False,145.584,40.172,47.441,57.971,,1,,True,False,True,,,5.0,33.742168674698796,54.94819277108432,False,0.0,0.0,0.0,0.0,0.0,145.584,88.54549069325695,57.03850930674305
2026,Monza,FP2,PIA,81,McLaren,25.0,4.0,SOFT,12.0,False,,86.26,43.24,46.99,,1,,False,False,True,,,5.0,33.742168674698796,54.94819277108432,False,0.0,0.0,0.0,0.0,0.0,,88.54549069325695,
2026,Monza,FP2,PIA,81,McLaren,26.0,4.0,SOFT,13.0,False,142.103,73.913,29.405,38.785,,12,,False,True,False,,,5.0,33.742168674698796,54.94819277108432,False,0.0,0.0,0.0,0.0,0.0,142.103,88.54549069325695,53.55750930674306
2026,Monza,FP2,BEA,87,Haas F1 Team,1.0,1.0,MEDIUM,1.0,True,,,36.287,33.591,,1,,False,True,True,,,5.0,33.742168674698796,54.94819277108432,False,0.0,0.0,0.0,0.0,0.0,,87.69710883571248,
2026,Monza,FP2,BEA,87,Haas F1 Team,2.0,1.0,MEDIUM,2.0,True,85.238,27.801,29.002,28.435,,1,,True,False,True,,,5.0,33.742168674698796,54.94819277108432,False,0.0,0.0,0.0,0.0,0.0,85.238,87.69710883571248,-2.4591088357124846
2026,Monza,FP2,BEA,87,Haas F1 Team,3.0,1.0,MEDIUM,3.0,True,,52.572,50.172,49.776,,1,,False,True,True,,,5.0,33.742168674698796,54.94819277108432,False,0.0,0.0,0.0,0.0,0.0,,87.69710883571248,
2026,Monza,FP2,BEA,87,Haas F1 Team,4.0,2.0,MEDIUM,4.0,False,,90.441,32.959,32.808,,1,,False,True,True,,,5.0,33.742168674698796,54.94819277108432,False,0.0,0.0,0.0,0.0,0.0,,87.69710883571248,
2026,Monza,FP2,BEA,87,Haas F1 Team,5.0,2.0,MEDIUM,5.0,False,84.961,27.838,28.73,28.393,,1,,True,False,True,,,5.0,33.742168674698796,54.94819277108432,False,0.0,0.0,0.0,0.0,0.0,84.961,87.69710883571248,-2.7361088357124856
2026,Monza,FP2,BEA,87,Haas F1 Team,6.0,2.0,MEDIUM,6.0,False,,51.582,51.387,50.198,,1,,False,True,True,,,5.0,33.742168674698796,54.94819277108432,False,0.0,0.0,0.0,0.0,0.0,,87.69710883571248,
2026,Monza,FP2,BEA,87,Haas F1 Team,7.0,3.0,MEDIUM,7.0,False,,,36.7,41.117,,1,,False,True,True,,,5.0,33.742168674698796,54.94819277108432,False,0.0,0.0,0.0,0.0,0.0,,87.69710883571248,
2026,Monza,FP2,BEA,87,Haas F1 Team,8.0,3.0,MEDIUM,8.0,False,119.044,27.947,44.528,46.569,,1,,True,False,True,,,5.0,33.742168674698796,54.94819277108432,False,0.0,0.0,0.0,0.0,0.0,119.044,87.69710883571248,31.346891164287513
2026,Monza,FP2,BEA,87,Haas F1 Team,9.0,3.0,MEDIUM,9.0,False,85.119,27.855,28.78,28.484,,1,,True,False,True,,,5.0,33.742168674698796,54.94819277108432,False,0.0,0.0,0.0,0.0,0.0,85.119,87.69710883571248,-2.5781088357124844
2026,Monza,FP2,BEA,87,Haas F1 Team,10.0,3.0,MEDIUM,10.0,False,122.825,40.425,42.108,40.292,,1,,False,True,True,,,5.0,33.742168674698796,54.94819277108432,False,0.0,0.0,0.0,0.0,0.0,122.825,87.69710883571248,35.12789116428752
2026,Monza,FP2,BEA,87,Haas F1 Team,11.0,4.0,SOFT,1.0,True,,,31.787,31.949,,1,,False,True,True,,,5.0,33.742168674698796,54.94819277108432,False,0.0,0.0,0.0,0.0,0.0,,88.54549069325695,
2026,Monza,FP2,BEA,87,Haas F1 Team,12.0,4.0,SOFT,2.0,True,83.69,27.396,28.356,27.938,,1,,True,False,True,,,5.0,33.742168674698796,54.94819277108432,False,0.0,0.0,0.0,0.0,0.0,83.69,88.54549069325695,-4.855490693256954
2026,Monza,FP2,BEA,87,Haas F1 Team,13.0,4.0,SOFT,3.0,True,139.809,46.57,43.867,49.372,,1,,False,True,True,,,5.0,33.742168674698796,54.94819277108432,False,0.0,0.0,0.0,0.0,0.0,139.809,88.54549069325695,51.263509306743046
2026,Monza,FP2,BEA,87,Haas F1 Team,14.0,5.0,SOFT,4.0,False,,58.777,55.463,37.784,,1,,False,True,True,,,5.0,33.742168674698796,54.94819277108432,False,0.0,0.0,0.0,0.0,0.0,,88.54549069325695,
2026,Monza,FP2,BEA,87,Haas F1 Team,15.0,5.0,SOFT,5.0,False,133.161,43.152,53.048,36.961,,1,,True,False,True,,,5.0,33.742168674698796,54.94819277108432,False,0.0,0.0,0.0,0.0,0.0,133.161,88.54549069325695,44.61550930674305
2026,Monza,FP2,BEA,87,Haas F1 Team,16.0,5.0,SOFT,6.0,False,83.37,27.244,28.301,27.825,,1,,True,False,True,,,5.0,33.742168674698796,54.94819277108432,False,0.0,0.0,0.0,0.0,0.0,83.37,88.54549069325695,-5.175490693256947
2026,Monza,FP2,BEA,87,Haas F1 Team,17.0,5.0,SOFT,7.0,False,95.143,30.262,30.226,34.655,,1,,False,True,True,,,5.0,33.742168674698796,54.94819277108432,False,0.0,0.0,0.0,0.0,0.0,95.143,88.54549069325695,6.597509306743049
2026,Monza,FP2,BEA,87,Haas F1 Team,18.0,6.0,MEDIUM,11.0,False,,,32.02,30.301,,1,,False,True,True,,,5.0,33.742168674698796,54.94819277108432,False,0.0,0.0,0.0,0.0,0.0,,87.69710883571248,
2026,Monza,FP2,BEA,87,Haas F1 Team,19.0,6.0,MEDIUM,12.0,False,92.615,32.815,30.708,29.092,,1,,True,False,True,,,5.0,33.742168674698796,54.94819277108432,False,0.0,0.0,0.0,0.0,0.0,92.615,87.69710883571248,4.917891164287511
2026,Monza,FP2,BEA,87,Haas F1 Team,20.0,6.0,MEDIUM,13.0,False,87.779,28.521,30.346,28.912,,1,,True,False,True,,,5.0,33.742168674698796,54.94819277108432,False,0.0,0.0,0.0,0.0,0.0,87.779,87.69710883571248,0.0818911642875122
2026,Monza,FP2,BEA,87,Haas F1 Team,21.0,6.0,MEDIUM,14.0,False,86.827,28.658,29.547,28.622,,1,,True,False,True,,,5.0,33.742168674698796,54.94819277108432,False,0.0,0.0,0.0,0.0,0.0,86.827,87.69710883571248,-0.870108835712486
2026,Monza,FP2,BEA,87,Haas F1 Team,22.0,6.0,MEDIUM,15.0,False,88.763,29.838,29.862,29.063,,1,,True,False,True,,,5.0,33.742168674698796,54.94819277108432,False,0.0,0.0,0.0,0.0,0.0,88.763,87.69710883571248,1.065891164287521
2026,Monza,FP2,BEA,87,Haas F1 Team,23.0,6.0,MEDIUM,16.0,False,104.987,41.94,34.13,28.917,,1,,True,False,True,,,5.0,33.742168674698796,54.94819277108432,False,0.0,0.0,0.0,0.0,0.0,104.987,87.69710883571248,17.28989116428751
2026,Monza,FP2,BEA,87,Haas F1 Team,24.0,6.0,MEDIUM,17.0,False,86.847,28.501,29.604,28.742,,1,,True,False,True,,,5.0,33.742168674698796,54.94819277108432,False,0.0,0.0,0.0,0.0,0.0,86.847,87.69710883571248,-0.85010883571249
2026,Monza,FP2,BEA,87,Haas F1 Team,25.0,6.0,MEDIUM,18.0,False,87.476,28.685,29.867,28.924,,1,,True,False,True,,,5.0,33.742168674698796,54.94819277108432,False,0.0,0.0,0.0,0.0,0.0,87.476,87.69710883571248,-0.22110883571248507
2026,Monza,FP2,BEA,87,Haas F1 Team,26.0,6.0,MEDIUM,19.0,False,87.342,29.06,29.648,28.634,,1,,True,False,True,,,5.0,33.742168674698796,54.94819277108432,False,0.0,0.0,0.0,0.0,0.0,87.342,87.69710883571248,-0.3551088357124854
2026,Monza,FP2,BEA,87,Haas F1 Team,27.0,6.0,MEDIUM,20.0,False,105.738,28.319,33.273,44.146,,1,,True,False,True,,,5.0,33.742168674698796,54.94819277108432,False,0.0,0.0,0.0,0.0,0.0,105.738,87.69710883571248,18.040891164287515
2026,Monza,FP2,BEA,87,Haas F1 Team,28.0,6.0,MEDIUM,21.0,False,,70.844,36.972,43.973,,1,,False,False,True,,,5.0,33.742168674698796,54.94819277108432,False,0.0,0.0,0.0,0.0,0.0,,87.69710883571248,
2026,Monza,FP2,BEA,87,Haas F1 Team,29.0,6.0,MEDIUM,22.0,False,126.62,61.59,30.757,34.273,,1,,False,True,True,,,5.0,33.742168674698796,54.94819277108432,False,0.0,0.0,0.0,0.0,0.0,126.62,87.69710883571248,38.92289116428752
2026,Monza,FP3,NOR,1,McLaren,1.0,1.0,MEDIUM,1.0,True,,,49.832,32.03,,12,,False,True,False,,,5.0,31.3325,51.4825,False,0.0,0.0,0.0,0.0,0.0,,87.00450324055082,
2026,Monza,FP3,NOR,1,McLaren,2.0,1.0,MEDIUM,2.0,True,83.652,27.544,27.956,28.152,,1,,True,False,True,,,5.0,31.3325,51.4825,False,0.0,0.0,0.0,0.0,0.0,83.652,87.00450324055082,-3.352503240550817
2026,Monza,FP3,NOR,1,McLaren,3.0,1.0,MEDIUM,3.0,True,125.651,41.517,40.707,43.427,,1,,False,True,True,,,5.0,31.3325,51.4825,False,0.0,0.0,0.0,0.0,0.0,125.651,87.00450324055082,38.64649675944918
2026,Monza,FP3,NOR,1,McLaren,4.0,2.0,MEDIUM,4.0,False,130.611,62.899,37.385,30.327,,1,,False,True,True,,,5.0,31.3325,51.4825,False,0.0,0.0,0.0,0.0,0.0,130.611,87.00450324055082,43.60649675944917
2026,Monza,FP3,NOR,1,McLaren,5.0,2.0,MEDIUM,5.0,False,101.571,28.224,40.944,32.403,,1,,True,False,True,,,5.0,31.3325,51.4825,False,0.0,0.0,0.0,0.0,0.0,101.571,87.00450324055082,14.56649675944918
2026,Monza,FP3,NOR,1,McLaren,6.0,2.0,MEDIUM,6.0,False,83.959,27.583,28.082,28.294,,1,,True,False,True,,,5.0,31.3325,51.4825,False,0.0,0.0,0.0,0.0,0.0,83.959,87.00450324055082,-3.045503240550815
2026,Monza,FP3,NOR,1,McLaren,7.0,2.0,MEDIUM,7.0,False,121.519,42.357,45.88,33.282,,12,,True,False,False,,,5.0,31.3325,51.4825,False,0.0,0.0,0.0,0.0,0.0,121.519,87.00450324055082,34.51449675944919
2026,Monza,FP3,NOR,1,McLaren,8.0,2.0,MEDIUM,8.0,False,83.431,27.452,27.872,28.107,,1,,True,False,True,,,5.0,31.3325,51.4825,False,0.0,0.0,0.0,0.0,0.0,83.431,87.00450324055082,-3.5735032405508207
2026,Monza,FP3,NOR,1,McLaren,9.0,2.0,MEDIUM,9.0,False,110.86,33.516,37.474,39.87,,1,,False,True,True,,,5.0,31.3325,51.4825,False,0.0,0.0,0.0,0.0,0.0,110.86,87.00450324055082,23.85549675944918
2026,Monza,FP3,NOR,1,McLaren,10.0,3.0,SOFT,1.0,True,,,31.371,33.794,,1,,False,True,True,,,5.0,31.3325,51.4825,False,0.0,0.0,0.0,0.0,0.0,,87.85288509809529,
2026,Monza,FP3,NOR,1,McLaren,11.0,3.0,SOFT,2.0,True,82.774,27.164,27.808,27.802,,12,,True,False,False,,,5.0,31.3325,51.4825,False,0.0,0.0,0.0,0.0,0.0,82.774,87.85288509809529,-5.078885098095284
2026,Monza,FP3,NOR,1,McLaren,12.0,3.0,SOFT,3.0,True,146.111,58.614,47.483,40.014,,1,,True,False,True,,,5.0,31.3325,51.4825,False,0.0,0.0,0.0,0.0,0.0,146.111,87.85288509809529,58.258114901904705
2026,Monza,FP3,NOR,1,McLaren,13.0,3.0,SOFT,4.0,True,82.625,27.318,27.704,27.603,,1,,True,False,True,,,5.0,31.3325,51.4825,False,0.0,0.0,0.0,0.0,0.0,82.625,87.85288509809529,-5.227885098095285
2026,Monza,FP3,NOR,1,McLaren,14.0,3.0,SOFT,5.0,True,,46.505,61.151,43.251,,1,,False,False,True,,,5.0,31.3325,51.4825,False,0.0,0.0,0.0,0.0,0.0,,87.85288509809529,
2026,Monza,FP3,NOR,1,McLaren,15.0,3.0,SOFT,6.0,True,109.435,39.33,34.931,35.174,,1,,True,False,True,,,5.0,31.3325,51.4825,False,0.0,0.0,0.0,0.0,0.0,109.435,87.85288509809529,21.582114901904717
2026,Monza,FP3,NOR,1,McLaren,16.0,3.0,SOFT,7.0,True,82.863,27.217,27.896,27.75,,1,,True,False,True,,,5.0,31.3325,51.4825,False,0.0,0.0,0.0,0.0,0.0,82.863,87.85288509809529,-4.989885098095286
2026,Monza,FP3,NOR,1,McLaren,17.0,3.0,SOFT,8.0,True,129.507,37.316,42.297,49.894,,1,,True,False,True,,,5.0,31.3325,51.4825,False,0.0,0.0,0.0,0.0,0.0,129.507,87.85288509809529,41.65411490190472
2026,Monza,FP3,NOR,1,McLaren,18.0,3.0,SOFT,9.0,True,,81.991,34.708,39.394,,1,,False,True,True,,,5.0,31.3325,51.4825,False,0.0,0.0,0.0,0.0,0.0,,87.85288509809529,
2026,Monza,FP3,VER,3,Red Bull Racing,1.0,1.0,MEDIUM,1.0,True,,,31.769,35.593,,1,,False,True,True,,,5.0,31.3325,51.4825,False,0.0,0.0,0.0,0.0,0.0,,87.00450324055082,
2026,Monza,FP3,VER,3,Red Bull Racing,2.0,1.0,MEDIUM,2.0,True,83.467,27.354,28.342,27.771,,1,,True,False,True,,,5.0,31.3325,51.4825,False,0.0,0.0,0.0,0.0,0.0,83.467,87.00450324055082,-3.5375032405508193
2026,Monza,FP3,VER,3,Red Bull Racing,3.0,1.0,MEDIUM,3.0,True,122.773,43.712,40.512,38.549,,1,,False,True,True,,,5.0,31.3325,51.4825,False,0.0,0.0,0.0,0.0,0.0,122.773,87.00450324055082,35.76849675944918
2026,Monza,FP3,VER,3,Red Bull Racing,4.0,2.0,MEDIUM,4.0,False,128.729,60.346,36.673,31.71,,12,,False,True,False,,,5.0,31.3325,51.4825,False,0.0,0.0,0.0,0.0,0.0,128.729,87.00450324055082,41.724496759449195
2026,Monza,FP3,VER,3,Red Bull Racing,5.0,2.0,MEDIUM,5.0,False,83.692,27.545,28.372,27.775,,1,,True,False,True,,,5.0,31.3325,51.4825,False,0.0,0.0,0.0,0.0,0.0,83.692,87.00450324055082,-3.312503240550825
2026,Monza,FP3,VER,3,Red Bull Racing,6.0,2.0,MEDIUM,6.0,False,146.902,54.503,50.576,41.823,,1,,True,False,True,,,5.0,31.3325,51.4825,False,0.0,0.0,0.0,0.0,0.0,146.902,87.00450324055082,59.89749675944917
2026,Monza,FP3,VER,3,Red Bull Racing,7.0,2.0,MEDIUM,7.0,False,83.455,27.479,28.241,27.735,,1,,True,False,True,,,5.0,31.3325,51.4825,False,0.0,0.0,0.0,0.0,0.0,83.455,87.00450324055082,-3.54950324055082
2026,Monza,FP3,VER,3,Red Bull Racing,8.0,2.0,MEDIUM,8.0,False,,44.655,71.901,44.298,,1,,False,False,True,,,5.0,31.3325,51.4825,False,0.0,0.0,0.0,0.0,0.0,,87.00450324055082,
2026,Monza,FP3,VER,3,Red Bull Racing,9.0,2.0,MEDIUM,9.0,False,120.42,37.521,41.489,41.41,,12,,True,False,False,,,5.0,31.3325,51.4825,False,0.0,0.0,0.0,0.0,0.0,120.42,87.00450324055082,33.415496759449184
2026,Monza,FP3,VER,3,Red Bull Racing,10.0,2.0,MEDIUM,10.0,False,83.1,27.574,28.085,27.441,,21,,True,False,False,,,5.0,31.3325,51.4825,False,0.0,0.0,0.0,0.0,0.0,83.1,87.00450324055082,-3.9045032405508238
2026,Monza,FP3,VER,3,Red Bull Racing,11.0,2.0,MEDIUM,11.0,False,102.415,33.586,31.84,36.989,,1,,False,True,True,,,5.0,31.3325,51.4825,False,0.0,0.0,0.0,0.0,0.0,102.415,87.00450324055082,15.410496759449188
2026,Monza,FP3,VER,3,Red Bull Racing,12.0,3.0,SOFT,1.0,True,,,31.585,32.578,,1,,False,True,True,,,5.0,31.3325,51.4825,False,0.0,0.0,0.0,0.0,0.0,,87.85288509809529,
2026,Monza,FP3,VER,3,Red Bull Racing,13.0,3.0,SOFT,2.0,True,82.79,27.263,28.186,27.341,,1,,True,False,True,,,5.0,31.3325,51.4825,False,0.0,0.0,0.0,0.0,0.0,82.79,87.85288509809529,-5.062885098095279
2026,Monza,FP3,VER,3,Red Bull Racing,14.0,3.0,SOFT,3.0,True,135.122,46.508,50.107,38.507,,1,,False,True,True,,,5.0,31.3325,51.4825,False,0.0,0.0,0.0,0.0,0.0,135.122,87.85288509809529,47.26911490190473
2026,Monza,FP3,VER,3,Red Bull Racing,15.0,4.0,SOFT,4.0,False,141.583,68.595,41.036,31.951999999999998,,1,,False,True,True,,,5.0,31.3325,51.4825,False,0.0,0.0,0.0,0.0,0.0,141.583,87.85288509809529,53.73011490190471
2026,Monza,FP3,VER,3,Red Bull Racing,16.0,4.0,SOFT,5.0,False,101.181,27.355,34.525,39.301,,1,,True,False,True,,,5.0,31.3325,51.4825,False,0.0,0.0,0.0,0.0,0.0,101.181,87.85288509809529,13.328114901904712
2026,Monza,FP3,VER,3,Red Bull Racing,17.0,4.0,SOFT,6.0,False,101.293,27.35,28.292,45.651,,12,,True,False,False,,,5.0,31.3325,51.4825,False,0.0,0.0,0.0,0.0,0.0,101.293,87.85288509809529,13.440114901904721
2026,Monza,FP3,VER,3,Red Bull Racing,18.0,4.0,SOFT,7.0,False,130.469,47.085,44.531,38.853,,1,,True,False,True,,,5.0,31.3325,51.4825,False,0.0,0.0,0.0,0.0,0.0,130.469,87.85288509809529,42.61611490190471
2026,Monza,FP3,VER,3,Red Bull Racing,19.0,4.0,SOFT,8.0,False,82.569,27.26,28.027,27.282,,1,,True,False,True,,,5.0,31.3325,51.4825,False,0.0,0.0,0.0,0.0,0.0,82.569,87.85288509809529,-5.283885098095283
2026,Monza,FP3,VER,3,Red Bull Racing,20.0,4.0,SOFT,9.0,False,143.437,50.276,52.464,40.697,,1,,True,False,True,,,5.0,31.3325,51.4825,False,0.0,0.0,0.0,0.0,0.0,143.437,87.85288509809529,55.58411490190473
2026,Monza,FP3,VER,3,Red Bull Racing,21.0,4.0,SOFT,10.0,False,108.035,38.882,35.403,33.75,,1,,True,False,True,,,5.0,31.3325,51.4825,False,0.0,0.0,0.0,0.0,0.0,108.035,87.85288509809529,20.18211490190471
2026,Monza,FP3,VER,3,Red Bull Racing,22.0,4.0,SOFT,11.0,False,110.76,33.08,42.582,35.098,,1,,True,False,True,,,5.0,31.3325,51.4825,False,0.0,0.0,0.0,0.0,0.0,110.76,87.85288509809529,22.90711490190472
2026,Monza,FP3,VER,3,Red Bull Racing,23.0,4.0,SOFT,12.0,False,125.519,39.36,37.179,48.98,,1,,True,False,True,,,5.0,31.3325,51.4825,False,0.0,0.0,0.0,0.0,0.0,125.519,87.85288509809529,37.66611490190472
2026,Monza,FP3,VER,3,Red Bull Racing,24.0,4.0,SOFT,13.0,False,,86.995,32.959,34.025,,1,,False,True,True,,,5.0,31.3325,51.4825,False,0.0,0.0,0.0,0.0,0.0,,87.85288509809529,
2026,Monza,FP3,BOR,5,Audi,1.0,1.0,MEDIUM,1.0,True,,,38.623,43.342,,1,,False,True,True,,,5.0,31.3325,51.4825,False,0.0,0.0,0.0,0.0,0.0,,87.00450324055082,
2026,Monza,FP3,BOR,5,Audi,2.0,2.0,MEDIUM,2.0,False,,,32.666,36.09,,1,,False,True,True,,,5.0,31.3325,51.4825,False,0.0,0.0,0.0,0.0,0.0,,87.00450324055082,
2026,Monza,FP3,BOR,5,Audi,3.0,2.0,MEDIUM,3.0,False,84.309,27.611,28.596,28.102,,1,,True,False,True,,,5.0,31.3325,51.4825,False,0.0,0.0,0.0,0.0,0.0,84.309,87.00450324055082,-2.6955032405508206
2026,Monza,FP3,BOR,5,Audi,4.0,2.0,MEDIUM,4.0,False,125.536,48.103,37.822,39.611,,1,,False,True,True,,,5.0,31.3325,51.4825,False,0.0,0.0,0.0,0.0,0.0,125.536,87.00450324055082,38.53149675944918
2026,Monza,FP3,BOR,5,Audi,5.0,3.0,MEDIUM,5.0,False,127.704,63.348,32.521,31.835,,12,,False,True,False,,,5.0,31.3325,51.4825,False,0.0,0.0,0.0,0.0,0.0,127.704,87.00450324055082,40.699496759449175
2026,Monza,FP3,BOR,5,Audi,6.0,3.0,MEDIUM,6.0,False,83.893,27.542,28.444,27.907,,1,,True,False,True,,,5.0,31.3325,51.4825,False,0.0,0.0,0.0,0.0,0.0,83.893,87.00450324055082,-3.1115032405508174
2026,Monza,FP3,BOR,5,Audi,7.0,3.0,MEDIUM,7.0,False,145.736,52.395,49.444,43.897,,1,,False,True,True,,,5.0,31.3325,51.4825,False,0.0,0.0,0.0,0.0,0.0,145.736,87.00450324055082,58.73149675944917
2026,Monza,FP3,BOR,5,Audi,8.0,4.0,MEDIUM,8.0,False,143.288,66.427,32.816,44.045,,1,,False,True,True,,,5.0,31.3325,51.4825,False,0.0,0.0,0.0,0.0,0.0,143.288,87.00450324055082,56.28349675944919
2026,Monza,FP3,BOR,5,Audi,9.0,4.0,MEDIUM,9.0,False,83.561,27.516,28.322,27.723,,1,,True,False,True,,,5.0,31.3325,51.4825,False,0.0,0.0,0.0,0.0,0.0,83.561,87.00450324055082,-3.443503240550811
2026,Monza,FP3,BOR,5,Audi,10.0,4.0,MEDIUM,10.0,False,140.616,44.269,46.104,50.243,,12,,False,True,False,,,5.0,31.3325,51.4825,False,0.0,0.0,0.0,0.0,0.0,140.616,87.00450324055082,53.611496759449196
2026,Monza,FP3,BOR,5,Audi,11.0,5.0,MEDIUM,11.0,False,145.148,79.619,32.6,32.929,,1,,False,True,True,,,5.0,31.3325,51.4825,False,0.0,0.0,0.0,0.0,0.0,145.148,87.00450324055082,58.14349675944918
2026,Monza,FP3,BOR,5,Audi,12.0,5.0,MEDIUM,12.0,False,88.338,27.397,28.362,32.579,,1,,False,True,True,,,5.0,31.3325,51.4825,False,0.0,0.0,0.0,0.0,0.0,88.338,87.00450324055082,1.3334967594491758
2026,Monza,FP3,BOR,5,Audi,13.0,6.0,SOFT,1.0,True,,,31.242,32.923,,1,,False,True,True,,,5.0,31.3325,51.4825,False,0.0,0.0,0.0,0.0,0.0,,87.85288509809529,
2026,Monza,FP3,BOR,5,Audi,14.0,6.0,SOFT,2.0,True,83.319,27.412,28.273,27.634,,1,,True,False,True,,,5.0,31.3325,51.4825,False,0.0,0.0,0.0,0.0,0.0,83.319,87.85288509809529,-4.533885098095283
2026,Monza,FP3,BOR,5,Audi,15.0,6.0,SOFT,3.0,True,127.536,40.26,43.755,43.521,,1,,False,True,True,,,5.0,31.3325,51.4825,False,0.0,0.0,0.0,0.0,0.0,127.536,87.85288509809529,39.683114901904716
2026,Monza,FP3,BOR,5,Audi,16.0,7.0,SOFT,4.0,False,,80.623,40.396,39.718,,12,,False,True,False,,,5.0,31.3325,51.4825,False,0.0,0.0,0.0,0.0,0.0,,87.85288509809529,
2026,Monza,FP3,BOR,5,Audi,17.0,7.0,SOFT,5.0,False,83.298,27.401,28.208,27.689,,1,,True,False,True,,,5.0,31.3325,51.4825,False,0.0,0.0,0.0,0.0,0.0,83.298,87.85288509809529,-4.5548850980952835
2026,Monza,FP3,BOR,5,Audi,18.0,7.0,SOFT,6.0,False,148.16,49.007,52.873,46.28,,1,,False,True,True,,,5.0,31.3325,51.4825,False,0.0,0.0,0.0,0.0,0.0,148.16,87.85288509809529,60.30711490190471
2026,Monza,FP3,BOR,5,Audi,19.0,8.0,SOFT,7.0,False,128.606,66.18,32.615,29.811,,1,,False,True,True,,,5.0,31.3325,51.4825,False,0.0,0.0,0.0,0.0,0.0,128.606,87.85288509809529,40.75311490190471
2026,Monza,FP3,BOR,5,Audi,20.0,8.0,SOFT,8.0,False,123.939,36.593,36.52,50.826,,1,,True,False,True,,,5.0,31.3325,51.4825,False,0.0,0.0,0.0,0.0,0.0,123.939,87.85288509809529,36.08611490190471
2026,Monza,FP3,BOR,5,Audi,21.0,8.0,SOFT,9.0,False,146.816,71.582,35.299,39.935,,1,,False,True,True,,,5.0,31.3325,51.4825,False,0.0,0.0,0.0,0.0,0.0,146.816,87.85288509809529,58.96311490190472
2026,Monza,FP3,GAS,10,Alpine,1.0,1.0,MEDIUM,1.0,True,,,35.489,31.653,,1,,False,True,True,,,5.0,31.3325,51.4825,False,0.0,0.0,0.0,0.0,0.0,,87.00450324055082,
2026,Monza,FP3,GAS,10,Alpine,2.0,1.0,MEDIUM,2.0,True,85.349,27.628,29.258,28.463,,1,,True,False,True,,,5.0,31.3325,51.4825,False,0.0,0.0,0.0,0.0,0.0,85.349,87.00450324055082,-1.6555032405508143
2026,Monza,FP3,GAS,10,Alpine,3.0,1.0,MEDIUM,3.0,True,126.608,46.493,47.591,32.524,,1,,True,False,True,,,5.0,31.3325,51.4825,False,0.0,0.0,0.0,0.0,0.0,126.608,87.00450324055082,39.603496759449186
2026,Monza,FP3,GAS,10,Alpine,4.0,1.0,MEDIUM,4.0,True,83.878,27.355,28.449,28.074,,1,,True,False,True,,,5.0,31.3325,51.4825,False,0.0,0.0,0.0,0.0,0.0,83.878,87.00450324055082,-3.126503240550818
2026,Monza,FP3,GAS,10,Alpine,5.0,1.0,MEDIUM,5.0,True,130.1,43.022,48.94,38.138,,1,,True,False,True,,,5.0,31.3325,51.4825,False,0.0,0.0,0.0,0.0,0.0,130.1,87.00450324055082,43.095496759449176
2026,Monza,FP3,GAS,10,Alpine,6.0,1.0,MEDIUM,6.0,True,83.875,27.492,28.281,28.102,,1,,True,False,True,,,5.0,31.3325,51.4825,False,0.0,0.0,0.0,0.0,0.0,83.875,87.00450324055082,-3.129503240550818
2026,Monza,FP3,GAS,10,Alpine,7.0,1.0,MEDIUM,7.0,True,121.458,37.381,42.967,41.11,,1,,False,True,True,,,5.0,31.3325,51.4825,False,0.0,0.0,0.0,0.0,0.0,121.458,87.00450324055082,34.45349675944918
2026,Monza,FP3,GAS,10,Alpine,8.0,2.0,MEDIUM,8.0,False,,,33.812,32.498,,12,,False,True,False,,,5.0,31.3325,51.4825,False,0.0,0.0,0.0,0.0,0.0,,87.00450324055082,
2026,Monza,FP3,GAS,10,Alpine,9.0,2.0,MEDIUM,9.0,False,83.416,27.223,28.113,28.08,,1,,True,False,True,,,5.0,31.3325,51.4825,False,0.0,0.0,0.0,0.0,0.0,83.416,87.00450324055082,-3.5885032405508213
2026,Monza,FP3,GAS,10,Alpine,10.0,2.0,MEDIUM,10.0,False,99.713,33.949,36.867,28.897,,1,,True,False,True,,,5.0,31.3325,51.4825,False,0.0,0.0,0.0,0.0,0.0,99.713,87.00450324055082,12.708496759449176
2026,Monza,FP3,GAS,10,Alpine,11.0,2.0,MEDIUM,11.0,False,85.143,27.785,28.844,28.514,,1,,True,False,True,,,5.0,31.3325,51.4825,False,0.0,0.0,0.0,0.0,0.0,85.143,87.00450324055082,-1.8615032405508174
2026,Monza,FP3,GAS,10,Alpine,12.0,2.0,MEDIUM,12.0,False,85.056,28.195,28.914,27.947,,1,,True,False,True,,,5.0,31.3325,51.4825,False,0.0,0.0,0.0,0.0,0.0,85.056,87.00450324055082,-1.9485032405508207
2026,Monza,FP3,GAS,10,Alpine,13.0,2.0,MEDIUM,13.0,False,84.991,28.183,28.811,27.997,,1,,True,False,True,,,5.0,31.3325,51.4825,False,0.0,0.0,0.0,0.0,0.0,84.991,87.00450324055082,-2.0135032405508184
2026,Monza,FP3,GAS,10,Alpine,14.0,2.0,MEDIUM,14.0,False,84.843,28.157,28.793,27.893,,12,,True,False,False,,,5.0,31.3325,51.4825,False,0.0,0.0,0.0,0.0,0.0,84.843,87.00450324055082,-2.1615032405508146
2026,Monza,FP3,GAS,10,Alpine,15.0,2.0,MEDIUM,15.0,False,84.716,27.994,28.759,27.963,,1,,True,False,True,,,5.0,31.3325,51.4825,False,0.0,0.0,0.0,0.0,0.0,84.716,87.00450324055082,-2.288503240550824
2026,Monza,FP3,GAS,10,Alpine,16.0,2.0,MEDIUM,16.0,False,84.581,27.974,28.68,27.927,,1,,True,False,True,,,5.0,31.3325,51.4825,False,0.0,0.0,0.0,0.0,0.0,84.581,87.00450324055082,-2.423503240550815
2026,Monza,FP3,GAS,10,Alpine,17.0,2.0,MEDIUM,17.0,False,111.558,33.968,36.86,40.73,,1,,False,True,True,,,5.0,31.3325,51.4825,False,0.0,0.0,0.0,0.0,0.0,111.558,87.00450324055082,24.55349675944919
2026,Monza,FP3,GAS,10,Alpine,18.0,3.0,SOFT,1.0,True,,,33.727,31.544,,1,,False,True,True,,,5.0,31.3325,51.4825,False,0.0,0.0,0.0,0.0,0.0,,87.85288509809529,
2026,Monza,FP3,GAS,10,Alpine,19.0,3.0,SOFT,2.0,True,83.096,27.219,28.142,27.735,,1,,True,False,True,,,5.0,31.3325,51.4825,False,0.0,0.0,0.0,0.0,0.0,83.096,87.85288509809529,-4.756885098095282
2026,Monza,FP3,GAS,10,Alpine,20.0,3.0,SOFT,3.0,True,123.527,38.254,41.346,43.927,,1,,False,True,True,,,5.0,31.3325,51.4825,False,0.0,0.0,0.0,0.0,0.0,123.527,87.85288509809529,35.674114901904716
2026,Monza,FP3,GAS,10,Alpine,21.0,4.0,SOFT,4.0,False,,,37.07,38.74,,12,,False,True,False,,,5.0,31.3325,51.4825,False,0.0,0.0,0.0,0.0,0.0,,87.85288509809529,
2026,Monza,FP3,GAS,10,Alpine,22.0,4.0,SOFT,5.0,False,82.898,27.236,28.028,27.634,,1,,True,False,True,,,5.0,31.3325,51.4825,False,0.0,0.0,0.0,0.0,0.0,82.898,87.85288509809529,-4.954885098095289
2026,Monza,FP3,GAS,10,Alpine,23.0,4.0,SOFT,6.0,False,122.25,35.614,37.828,48.808,,1,,True,False,True,,,5.0,31.3325,51.4825,False,0.0,0.0,0.0,0.0,0.0,122.25,87.85288509809529,34.397114901904715
2026,Monza,FP3,GAS,10,Alpine,24.0,4.0,SOFT,7.0,False,138.465,69.035,30.369,39.061,,1,,False,True,True,,,5.0,31.3325,51.4825,False,0.0,0.0,0.0,0.0,0.0,138.465,87.85288509809529,50.61211490190472
2026,Monza,FP3,PER,11,Cadillac,1.0,1.0,SOFT,1.0,True,,,33.48,33.799,,1,,False,True,True,,,5.0,31.3325,51.4825,False,0.0,0.0,0.0,0.0,0.0,,87.85288509809529,
2026,Monza,FP3,PER,11,Cadillac,2.0,1.0,SOFT,2.0,True,86.381,27.916,29.189,29.276,,1,,True,False,True,,,5.0,31.3325,51.4825,False,0.0,0.0,0.0,0.0,0.0,86.381,87.85288509809529,-1.4718850980952851
2026,Monza,FP3,PER,11,Cadillac,3.0,1.0,SOFT,3.0,True,147.874,45.766,51.747,50.361,,1,,False,True,True,,,5.0,31.3325,51.4825,False,0.0,0.0,0.0,0.0,0.0,147.874,87.85288509809529,60.02111490190471
2026,Monza,FP3,PER,11,Cadillac,4.0,2.0,SOFT,4.0,False,145.762,60.04,51.104,34.618,,1,,False,True,True,,,5.0,31.3325,51.4825,False,0.0,0.0,0.0,0.0,0.0,145.762,87.85288509809529,57.909114901904715
2026,Monza,FP3,PER,11,Cadillac,5.0,2.0,SOFT,5.0,False,86.102,28.007,29.23,28.865,,1,,True,False,True,,,5.0,31.3325,51.4825,False,0.0,0.0,0.0,0.0,0.0,86.102,87.85288509809529,-1.7508850980952815
2026,Monza,FP3,PER,11,Cadillac,6.0,2.0,SOFT,6.0,False,138.496,43.798,45.298,49.4,,12,,False,True,False,,,5.0,31.3325,51.4825,False,0.0,0.0,0.0,0.0,0.0,138.496,87.85288509809529,50.643114901904724
2026,Monza,FP3,PER,11,Cadillac,7.0,3.0,SOFT,7.0,False,,,34.251,44.187,,1,,False,True,True,,,5.0,31.3325,51.4825,False,0.0,0.0,0.0,0.0,0.0,,87.85288509809529,
2026,Monza,FP3,PER,11,Cadillac,8.0,3.0,SOFT,8.0,False,85.031,27.569,28.911,28.551,,1,,True,False,True,,,5.0,31.3325,51.4825,False,0.0,0.0,0.0,0.0,0.0,85.031,87.85288509809529,-2.8218850980952794
2026,Monza,FP3,PER,11,Cadillac,9.0,3.0,SOFT,9.0,False,142.279,49.025,44.949,48.305,,12,,True,False,False,,,5.0,31.3325,51.4825,False,0.0,0.0,0.0,0.0,0.0,142.279,87.85288509809529,54.42611490190471
2026,Monza,FP3,PER,11,Cadillac,10.0,3.0,SOFT,10.0,False,145.552,49.816,55.802,39.934,,1,,True,False,True,,,5.0,31.3325,51.4825,False,0.0,0.0,0.0,0.0,0.0,145.552,87.85288509809529,57.69911490190471
2026,Monza,FP3,PER,11,Cadillac,11.0,3.0,SOFT,11.0,False,121.841,33.664,40.424,47.753,,1,,False,True,True,,,5.0,31.3325,51.4825,False,0.0,0.0,0.0,0.0,0.0,121.841,87.85288509809529,33.98811490190471
2026,Monza,FP3,PER,11,Cadillac,12.0,4.0,SOFT,1.0,True,,,41.476,31.211,,1,,False,True,True,,,5.0,31.3325,51.4825,False,0.0,0.0,0.0,0.0,0.0,,87.85288509809529,
2026,Monza,FP3,PER,11,Cadillac,13.0,4.0,SOFT,2.0,True,98.908,27.608,33.739,37.561,,1,,True,False,True,,,5.0,31.3325,51.4825,False,0.0,0.0,0.0,0.0,0.0,98.908,87.85288509809529,11.055114901904716
2026,Monza,FP3,PER,11,Cadillac,14.0,4.0,SOFT,3.0,True,128.767,28.063,54.015,46.689,,12,,False,True,False,,,5.0,31.3325,51.4825,False,0.0,0.0,0.0,0.0,0.0,128.767,87.85288509809529,40.91411490190471
2026,Monza,FP3,PER,11,Cadillac,15.0,5.0,SOFT,4.0,False,,73.242,46.146,31.271,,1,,False,True,True,,,5.0,31.3325,51.4825,False,0.0,0.0,0.0,0.0,0.0,,87.85288509809529,
2026,Monza,FP3,PER,11,Cadillac,16.0,5.0,SOFT,5.0,False,85.454,27.772,28.804,28.878,,1,,True,False,True,,,5.0,31.3325,51.4825,False,0.0,0.0,0.0,0.0,0.0,85.454,87.85288509809529,-2.398885098095292
2026,Monza,FP3,PER,11,Cadillac,17.0,5.0,SOFT,6.0,False,115.035,32.092,35.013,47.93,,1,,False,True,True,,,5.0,31.3325,51.4825,False,0.0,0.0,0.0,0.0,0.0,115.035,87.85288509809529,27.18211490190471
2026,Monza,FP3,PER,11,Cadillac,18.0,6.0,SOFT,7.0,False,,,34.636,30.704,,1,,False,True,True,,,5.0,31.3325,51.4825,False,0.0,0.0,0.0,0.0,0.0,,87.85288509809529,
2026,Monza,FP3,PER,11,Cadillac,19.0,6.0,SOFT,8.0,False,108.495,29.348,33.576,45.571,,1,,True,False,True,,,5.0,31.3325,51.4825,False,0.0,0.0,0.0,0.0,0.0,108.495,87.85288509809529,20.64211490190472
2026,Monza,FP3,PER,11,Cadillac,20.0,6.0,SOFT,9.0,False,,75.515,35.132,41.335,,1,,False,True,True,,,5.0,31.3325,51.4825,False,0.0,0.0,0.0,0.0,0.0,,87.85288509809529,
2026,Monza,FP3,ANT,12,Mercedes,1.0,1.0,SOFT,1.0,True,,,32.792,31.179,,1,,False,True,True,,,5.0,31.3325,51.4825,False,0.0,0.0,0.0,0.0,0.0,,87.85288509809529,
2026,Monza,FP3,ANT,12,Mercedes,2.0,1.0,SOFT,2.0,True,83.032,27.269,28.173,27.59,,1,,True,False,True,,,5.0,31.3325,51.4825,False,0.0,0.0,0.0,0.0,0.0,83.032,87.85288509809529,-4.820885098095289
2026,Monza,FP3,ANT,12,Mercedes,3.0,1.0,SOFT,3.0,True,126.353,42.209,44.564,39.58,,1,,False,True,True,,,5.0,31.3325,51.4825,False,0.0,0.0,0.0,0.0,0.0,126.353,87.85288509809529,38.50011490190471
2026,Monza,FP3,ANT,12,Mercedes,4.0,2.0,SOFT,4.0,False,,,42.552,31.65,,12,,False,True,False,,,5.0,31.3325,51.4825,False,0.0,0.0,0.0,0.0,0.0,,87.85288509809529,
2026,Monza,FP3,ANT,12,Mercedes,5.0,2.0,SOFT,5.0,False,83.565,27.257,27.858,28.45,,1,,True,False,True,,,5.0,31.3325,51.4825,False,0.0,0.0,0.0,0.0,0.0,83.565,87.85288509809529,-4.287885098095288
2026,Monza,FP3,ANT,12,Mercedes,6.0,2.0,SOFT,6.0,False,110.017,31.962,36.995,41.06,,1,,False,True,True,,,5.0,31.3325,51.4825,False,0.0,0.0,0.0,0.0,0.0,110.017,87.85288509809529,22.16411490190471
2026,Monza,FP3,ANT,12,Mercedes,7.0,3.0,SOFT,7.0,False,,,43.765,36.602,,12,,False,True,False,,,5.0,31.3325,51.4825,False,0.0,0.0,0.0,0.0,0.0,,87.85288509809529,
2026,Monza,FP3,ANT,12,Mercedes,8.0,3.0,SOFT,8.0,False,97.726,28.347,32.969,36.41,,1,,False,True,True,,,5.0,31.3325,51.4825,False,0.0,0.0,0.0,0.0,0.0,97.726,87.85288509809529,9.873114901904714
2026,Monza,FP3,ANT,12,Mercedes,9.0,4.0,SOFT,1.0,True,,,33.643,31.729,,1,,False,True,True,,,5.0,31.3325,51.4825,False,0.0,0.0,0.0,0.0,0.0,,87.85288509809529,
2026,Monza,FP3,ANT,12,Mercedes,10.0,4.0,SOFT,2.0,True,120.465,40.348,46.357,33.76,,1,,True,False,True,,,5.0,31.3325,51.4825,False,0.0,0.0,0.0,0.0,0.0,120.465,87.85288509809529,32.61211490190472
2026,Monza,FP3,ANT,12,Mercedes,11.0,4.0,SOFT,3.0,True,82.696,27.359,27.837,27.5,,1,,True,False,True,,,5.0,31.3325,51.4825,False,0.0,0.0,0.0,0.0,0.0,82.696,87.85288509809529,-5.156885098095287
2026,Monza,FP3,ANT,12,Mercedes,12.0,4.0,SOFT,4.0,True,119.841,35.46,41.759,42.622,,1,,False,True,True,,,5.0,31.3325,51.4825,False,0.0,0.0,0.0,0.0,0.0,119.841,87.85288509809529,31.98811490190471
2026,Monza,FP3,ANT,12,Mercedes,13.0,5.0,SOFT,5.0,False,,,37.523,32.039,,12,,False,True,False,,,5.0,31.3325,51.4825,False,0.0,0.0,0.0,0.0,0.0,,87.85288509809529,
2026,Monza,FP3,ANT,12,Mercedes,14.0,5.0,SOFT,6.0,False,82.58,27.147,27.935,27.498,,1,,True,False,True,,,5.0,31.3325,51.4825,False,0.0,0.0,0.0,0.0,0.0,82.58,87.85288509809529,-5.272885098095287
2026,Monza,FP3,ANT,12,Mercedes,15.0,5.0,SOFT,7.0,False,119.869,35.788,39.442,44.639,,1,,False,True,True,,,5.0,31.3325,51.4825,False,0.0,0.0,0.0,0.0,0.0,119.869,87.85288509809529,32.016114901904714
2026,Monza,FP3,ANT,12,Mercedes,16.0,6.0,SOFT,9.0,False,,,29.53,29.301,,1,,False,True,True,,,5.0,31.3325,51.4825,False,0.0,0.0,0.0,0.0,0.0,,87.85288509809529,
2026,Monza,FP3,ANT,12,Mercedes,17.0,6.0,SOFT,10.0,False,117.81,34.409,33.281,50.12,,1,,True,False,True,,,5.0,31.3325,51.4825,False,0.0,0.0,0.0,0.0,0.0,117.81,87.85288509809529,29.957114901904717
2026,Monza,FP3,ANT,12,Mercedes,18.0,6.0,SOFT,11.0,False,,77.118,33.736,42.32,,1,,False,True,True,,,5.0,31.3325,51.4825,False,0.0,0.0,0.0,0.0,0.0,,87.85288509809529,
2026,Monza,FP3,ALO,14,Aston Martin,1.0,1.0,SOFT,1.0,True,,,34.047,33.802,,1,,False,True,True,,,5.0,31.3325,51.4825,False,0.0,0.0,0.0,0.0,0.0,,87.85288509809529,
2026,Monza,FP3,ALO,14,Aston Martin,2.0,1.0,SOFT,2.0,True,86.288,28.107,29.335,28.846,,1,,True,False,True,,,5.0,31.3325,51.4825,False,0.0,0.0,0.0,0.0,0.0,86.288,87.85288509809529,-1.5648850980952886
2026,Monza,FP3,ALO,14,Aston Martin,3.0,1.0,SOFT,3.0,True,125.875,42.882,41.885,41.108,,1,,True,False,True,,,5.0,31.3325,51.4825,False,0.0,0.0,0.0,0.0,0.0,125.875,87.85288509809529,38.022114901904715
2026,Monza,FP3,ALO,14,Aston Martin,4.0,1.0,SOFT,4.0,True,109.936,37.592,33.903,38.441,,1,,True,False,True,,,5.0,31.3325,51.4825,False,0.0,0.0,0.0,0.0,0.0,109.936,87.85288509809529,22.08311490190472
2026,Monza,FP3,ALO,14,Aston Martin,5.0,1.0,SOFT,5.0,True,97.589,28.166,29.032,40.391,,1,,True,False,True,,,5.0,31.3325,51.4825,False,0.0,0.0,0.0,0.0,0.0,97.589,87.85288509809529,9.736114901904713
2026,Monza,FP3,ALO,14,Aston Martin,6.0,1.0,SOFT,6.0,True,120.786,51.668,37.902,31.216,,1,,True,False,True,,,5.0,31.3325,51.4825,False,0.0,0.0,0.0,0.0,0.0,120.786,87.85288509809529,32.933114901904716
2026,Monza,FP3,ALO,14,Aston Martin,7.0,1.0,SOFT,7.0,True,85.306,27.942,29.013,28.351,,12,,True,False,False,,,5.0,31.3325,51.4825,False,0.0,0.0,0.0,0.0,0.0,85.306,87.85288509809529,-2.546885098095288
2026,Monza,FP3,ALO,14,Aston Martin,8.0,1.0,SOFT,8.0,True,121.857,42.991,37.68,41.186,,21,,False,True,False,,,5.0,31.3325,51.4825,False,0.0,0.0,0.0,0.0,0.0,121.857,87.85288509809529,34.004114901904714
2026,Monza,FP3,ALO,14,Aston Martin,9.0,2.0,SOFT,1.0,True,,,35.469,31.07,,12,,False,True,False,,,5.0,31.3325,51.4825,False,0.0,0.0,0.0,0.0,0.0,,87.85288509809529,
2026,Monza,FP3,ALO,14,Aston Martin,10.0,2.0,SOFT,2.0,True,120.342,37.744,48.22,34.378,,1,,True,False,True,,,5.0,31.3325,51.4825,False,0.0,0.0,0.0,0.0,0.0,120.342,87.85288509809529,32.48911490190471
2026,Monza,FP3,ALO,14,Aston Martin,11.0,2.0,SOFT,3.0,True,85.216,27.907,28.922,28.387,,1,,True,False,True,,,5.0,31.3325,51.4825,False,0.0,0.0,0.0,0.0,0.0,85.216,87.85288509809529,-2.6368850980952914
2026,Monza,FP3,ALO,14,Aston Martin,12.0,2.0,SOFT,4.0,True,118.781,42.258,36.769,39.754,,1,,True,False,True,,,5.0,31.3325,51.4825,False,0.0,0.0,0.0,0.0,0.0,118.781,87.85288509809529,30.92811490190472
2026,Monza,FP3,ALO,14,Aston Martin,13.0,2.0,SOFT,5.0,True,123.454,51.602,40.178,31.674,,1,,True,False,True,,,5.0,31.3325,51.4825,False,0.0,0.0,0.0,0.0,0.0,123.454,87.85288509809529,35.60111490190471
2026,Monza,FP3,ALO,14,Aston Martin,14.0,2.0,SOFT,6.0,True,114.448,28.817,41.884,43.747,,12,,True,False,False,,,5.0,31.3325,51.4825,False,0.0,0.0,0.0,0.0,0.0,114.448,87.85288509809529,26.595114901904708
2026,Monza,FP3,ALO,14,Aston Martin,15.0,2.0,SOFT,7.0,True,116.785,37.809,45.589,33.387,,1,,True,False,True,,,5.0,31.3325,51.4825,False,0.0,0.0,0.0,0.0,0.0,116.785,87.85288509809529,28.93211490190471
2026,Monza,FP3,ALO,14,Aston Martin,16.0,2.0,SOFT,8.0,True,84.919,27.833,28.649,28.437,,1,,True,False,True,,,5.0,31.3325,51.4825,False,0.0,0.0,0.0,0.0,0.0,84.919,87.85288509809529,-2.9338850980952884
2026,Monza,FP3,ALO,14,Aston Martin,17.0,2.0,SOFT,9.0,True,112.525,32.47,36.819,43.236,,1,,False,True,True,,,5.0,31.3325,51.4825,False,0.0,0.0,0.0,0.0,0.0,112.525,87.85288509809529,24.67211490190472
2026,Monza,FP3,ALO,14,Aston Martin,18.0,3.0,SOFT,10.0,False,,,34.358,31.566,,1,,False,True,True,,,5.0,31.3325,51.4825,False,0.0,0.0,0.0,0.0,0.0,,87.85288509809529,
2026,Monza,FP3,ALO,14,Aston Martin,19.0,3.0,SOFT,11.0,False,118.18,35.512,35.772,46.896,,1,,True,False,True,,,5.0,31.3325,51.4825,False,0.0,0.0,0.0,0.0,0.0,118.18,87.85288509809529,30.32711490190472
2026,Monza,FP3,ALO,14,Aston Martin,20.0,3.0,SOFT,12.0,False,149.794,78.948,30.931,39.915,,1,,False,True,True,,,5.0,31.3325,51.4825,False,0.0,0.0,0.0,0.0,0.0,149.794,87.85288509809529,61.941114901904726
2026,Monza,FP3,LEC,16,Ferrari,1.0,1.0,SOFT,1.0,True,,,33.23,36.664,,1,,False,True,True,,,5.0,31.3325,51.4825,False,0.0,0.0,0.0,0.0,0.0,,87.85288509809529,
2026,Monza,FP3,LEC,16,Ferrari,2.0,1.0,SOFT,2.0,True,83.25,27.265,28.328,27.657,,1,,True,False,True,,,5.0,31.3325,51.4825,False,0.0,0.0,0.0,0.0,0.0,83.25,87.85288509809529,-4.602885098095285
2026,Monza,FP3,LEC,16,Ferrari,3.0,1.0,SOFT,3.0,True,134.43,42.56,44.234,47.636,,1,,False,True,True,,,5.0,31.3325,51.4825,False,0.0,0.0,0.0,0.0,0.0,134.43,87.85288509809529,46.57711490190472
2026,Monza,FP3,LEC,16,Ferrari,4.0,2.0,SOFT,4.0,False,,92.219,41.615,33.085,,12,,False,True,False,,,5.0,31.3325,51.4825,False,0.0,0.0,0.0,0.0,0.0,,87.85288509809529,
2026,Monza,FP3,LEC,16,Ferrari,5.0,2.0,SOFT,5.0,False,99.271,35.02,33.302,30.949,,1,,True,False,True,,,5.0,31.3325,51.4825,False,0.0,0.0,0.0,0.0,0.0,99.271,87.85288509809529,11.418114901904715
2026,Monza,FP3,LEC,16,Ferrari,6.0,2.0,SOFT,6.0,False,83.271,27.53,28.131,27.61,,1,,True,False,True,,,5.0,31.3325,51.4825,False,0.0,0.0,0.0,0.0,0.0,83.271,87.85288509809529,-4.5818850980952845
2026,Monza,FP3,LEC,16,Ferrari,7.0,2.0,SOFT,7.0,False,119.86,39.374,41.941,38.545,,1,,False,True,True,,,5.0,31.3325,51.4825,False,0.0,0.0,0.0,0.0,0.0,119.86,87.85288509809529,32.007114901904714
2026,Monza,FP3,LEC,16,Ferrari,8.0,3.0,SOFT,8.0,False,,,31.829,30.328,,12,,False,True,False,,,5.0,31.3325,51.4825,False,0.0,0.0,0.0,0.0,0.0,,87.85288509809529,
2026,Monza,FP3,LEC,16,Ferrari,9.0,3.0,SOFT,9.0,False,83.065,27.439,28.11,27.516,,1,,True,False,True,,,5.0,31.3325,51.4825,False,0.0,0.0,0.0,0.0,0.0,83.065,87.85288509809529,-4.787885098095288
2026,Monza,FP3,LEC,16,Ferrari,10.0,3.0,SOFT,10.0,False,107.641,36.226,34.621,36.794,,1,,True,False,True,,,5.0,31.3325,51.4825,False,0.0,0.0,0.0,0.0,0.0,107.641,87.85288509809529,19.78811490190472
2026,Monza,FP3,LEC,16,Ferrari,11.0,3.0,SOFT,11.0,False,82.913,27.215,28.169,27.529,,1,,True,False,True,,,5.0,31.3325,51.4825,False,0.0,0.0,0.0,0.0,0.0,82.913,87.85288509809529,-4.939885098095289
2026,Monza,FP3,LEC,16,Ferrari,12.0,3.0,SOFT,12.0,False,112.641,34.081,36.317,42.243,,1,,False,True,True,,,5.0,31.3325,51.4825,False,0.0,0.0,0.0,0.0,0.0,112.641,87.85288509809529,24.78811490190472
2026,Monza,FP3,LEC,16,Ferrari,13.0,4.0,SOFT,1.0,True,,,32.985,32.255,,1,,False,True,True,,,5.0,31.3325,51.4825,False,0.0,0.0,0.0,0.0,0.0,,87.85288509809529,
2026,Monza,FP3,LEC,16,Ferrari,14.0,4.0,SOFT,2.0,True,82.708,27.307,28.016,27.385,,1,,True,False,True,,,5.0,31.3325,51.4825,False,0.0,0.0,0.0,0.0,0.0,82.708,87.85288509809529,-5.144885098095287
2026,Monza,FP3,LEC,16,Ferrari,15.0,4.0,SOFT,3.0,True,135.905,43.139,46.033,46.733,,12,,False,True,False,,,5.0,31.3325,51.4825,False,0.0,0.0,0.0,0.0,0.0,135.905,87.85288509809529,48.052114901904716
2026,Monza,FP3,LEC,16,Ferrari,16.0,5.0,SOFT,4.0,False,143.275,76.331,34.284,32.66,,1,,False,True,True,,,5.0,31.3325,51.4825,False,0.0,0.0,0.0,0.0,0.0,143.275,87.85288509809529,55.42211490190472
2026,Monza,FP3,LEC,16,Ferrari,17.0,5.0,SOFT,5.0,False,106.577,30.166,35.432,40.979,,1,,True,False,True,,,5.0,31.3325,51.4825,False,0.0,0.0,0.0,0.0,0.0,106.577,87.85288509809529,18.724114901904713
2026,Monza,FP3,LEC,16,Ferrari,18.0,5.0,SOFT,6.0,False,105.368,40.908,32.417,32.043,,1,,True,False,True,,,5.0,31.3325,51.4825,False,0.0,0.0,0.0,0.0,0.0,105.368,87.85288509809529,17.51511490190471
2026,Monza,FP3,LEC,16,Ferrari,19.0,5.0,SOFT,7.0,False,82.972,27.24,28.242,27.49,,1,,True,False,True,,,5.0,31.3325,51.4825,False,0.0,0.0,0.0,0.0,0.0,82.972,87.85288509809529,-4.880885098095291
2026,Monza,FP3,LEC,16,Ferrari,20.0,5.0,SOFT,8.0,False,139.21,42.632,43.341,53.237,,1,,True,False,True,,,5.0,31.3325,51.4825,False,0.0,0.0,0.0,0.0,0.0,139.21,87.85288509809529,51.35711490190472
2026,Monza,FP3,LEC,16,Ferrari,21.0,5.0,SOFT,9.0,False,,79.833,36.154,41.748,,1,,False,True,True,,,5.0,31.3325,51.4825,False,0.0,0.0,0.0,0.0,0.0,,87.85288509809529,
2026,Monza,FP3,STR,18,Aston Martin,1.0,1.0,SOFT,1.0,True,,,34.529,33.07,,1,,False,True,True,,,5.0,31.3325,51.4825,False,0.0,0.0,0.0,0.0,0.0,,87.85288509809529,
2026,Monza,FP3,STR,18,Aston Martin,2.0,1.0,SOFT,2.0,True,87.31,28.532,29.722,29.056,,1,,True,False,True,,,5.0,31.3325,51.4825,False,0.0,0.0,0.0,0.0,0.0,87.31,87.85288509809529,-0.5428850980952831
2026,Monza,FP3,STR,18,Aston Martin,3.0,1.0,SOFT,3.0,True,149.996,44.901,54.012,51.083,,1,,False,True,True,,,5.0,31.3325,51.4825,False,0.0,0.0,0.0,0.0,0.0,149.996,87.85288509809529,62.143114901904724
2026,Monza,FP3,STR,18,Aston Martin,4.0,2.0,SOFT,4.0,False,,59.248,51.476,45.634,,1,,False,True,True,,,5.0,31.3325,51.4825,False,0.0,0.0,0.0,0.0,0.0,,87.85288509809529,
2026,Monza,FP3,STR,18,Aston Martin,5.0,2.0,SOFT,5.0,False,87.571,29.003,29.476,29.092,,1,,True,False,True,,,5.0,31.3325,51.4825,False,0.0,0.0,0.0,0.0,0.0,87.571,87.85288509809529,-0.2818850980952874
2026,Monza,FP3,STR,18,Aston Martin,6.0,2.0,SOFT,6.0,False,137.027,45.652,50.675,40.7,,12,,True,False,False,,,5.0,31.3325,51.4825,False,0.0,0.0,0.0,0.0,0.0,137.027,87.85288509809529,49.1741149019047
2026,Monza,FP3,STR,18,Aston Martin,7.0,2.0,SOFT,7.0,False,122.118,43.063,40.286,38.769,,1,,True,False,True,,,5.0,31.3325,51.4825,False,0.0,0.0,0.0,0.0,0.0,122.118,87.85288509809529,34.26511490190471
2026,Monza,FP3,STR,18,Aston Martin,8.0,2.0,SOFT,8.0,False,86.506,28.346,29.242,28.918,,1,,True,False,True,,,5.0,31.3325,51.4825,False,0.0,0.0,0.0,0.0,0.0,86.506,87.85288509809529,-1.3468850980952851
2026,Monza,FP3,STR,18,Aston Martin,9.0,2.0,SOFT,9.0,False,148.979,40.218,57.091,51.67,,1,,False,True,True,,,5.0,31.3325,51.4825,False,0.0,0.0,0.0,0.0,0.0,148.979,87.85288509809529,61.12611490190473
2026,Monza,FP3,STR,18,Aston Martin,10.0,3.0,SOFT,10.0,False,,84.225,44.378,51.498,,1,,False,True,True,,,5.0,31.3325,51.4825,False,0.0,0.0,0.0,0.0,0.0,,87.85288509809529,
2026,Monza,FP3,STR,18,Aston Martin,11.0,4.0,SOFT,1.0,True,,,34.825,31.712,,12,,False,True,False,,,5.0,31.3325,51.4825,False,0.0,0.0,0.0,0.0,0.0,,87.85288509809529,
2026,Monza,FP3,STR,18,Aston Martin,12.0,4.0,SOFT,2.0,True,119.863,38.736,46.41,34.717,,1,,True,False,True,,,5.0,31.3325,51.4825,False,0.0,0.0,0.0,0.0,0.0,119.863,87.85288509809529,32.010114901904714
2026,Monza,FP3,STR,18,Aston Martin,13.0,4.0,SOFT,3.0,True,85.68,28.177,28.991,28.512,,1,,True,False,True,,,5.0,31.3325,51.4825,False,0.0,0.0,0.0,0.0,0.0,85.68,87.85288509809529,-2.1728850980952785
2026,Monza,FP3,STR,18,Aston Martin,14.0,4.0,SOFT,4.0,True,127.972,45.178,40.098,42.696,,1,,False,True,True,,,5.0,31.3325,51.4825,False,0.0,0.0,0.0,0.0,0.0,127.972,87.85288509809529,40.11911490190471
2026,Monza,FP3,STR,18,Aston Martin,15.0,5.0,SOFT,5.0,False,134.754,68.604,33.606,32.544,,1,,False,True,True,,,5.0,31.3325,51.4825,False,0.0,0.0,0.0,0.0,0.0,134.754,87.85288509809529,46.901114901904705
2026,Monza,FP3,STR,18,Aston Martin,16.0,5.0,SOFT,6.0,False,85.765,28.177,28.961,28.627,,12,,True,False,False,,,5.0,31.3325,51.4825,False,0.0,0.0,0.0,0.0,0.0,85.765,87.85288509809529,-2.0878850980952848
2026,Monza,FP3,STR,18,Aston Martin,17.0,5.0,SOFT,7.0,False,131.809,45.609,45.523,40.677,,1,,True,False,True,,,5.0,31.3325,51.4825,False,0.0,0.0,0.0,0.0,0.0,131.809,87.85288509809529,43.95611490190471
2026,Monza,FP3,STR,18,Aston Martin,18.0,5.0,SOFT,8.0,False,122.572,46.917,42.967,32.688,,1,,True,False,True,,,5.0,31.3325,51.4825,False,0.0,0.0,0.0,0.0,0.0,122.572,87.85288509809529,34.71911490190472
2026,Monza,FP3,STR,18,Aston Martin,19.0,5.0,SOFT,9.0,False,85.555,27.978,28.945,28.632,,1,,True,False,True,,,5.0,31.3325,51.4825,False,0.0,0.0,0.0,0.0,0.0,85.555,87.85288509809529,-2.2978850980952785
2026,Monza,FP3,STR,18,Aston Martin,20.0,5.0,SOFT,10.0,False,117.76,39.599,39.331,38.83,,1,,False,True,True,,,5.0,31.3325,51.4825,False,0.0,0.0,0.0,0.0,0.0,117.76,87.85288509809529,29.90711490190472
2026,Monza,FP3,TSU,22,Racing Bulls,1.0,1.0,SOFT,1.0,True,,,33.373,32.212,,1,,False,True,True,,,5.0,31.3325,51.4825,False,0.0,0.0,0.0,0.0,0.0,,87.85288509809529,
2026,Monza,FP3,TSU,22,Racing Bulls,2.0,1.0,SOFT,2.0,True,84.31,27.804,28.69,27.816,,1,,True,False,True,,,5.0,31.3325,51.4825,False,0.0,0.0,0.0,0.0,0.0,84.31,87.85288509809529,-3.542885098095283
2026,Monza,FP3,TSU,22,Racing Bulls,3.0,1.0,SOFT,3.0,True,130.347,41.281,45.788,43.278,,1,,False,True,True,,,5.0,31.3325,51.4825,False,0.0,0.0,0.0,0.0,0.0,130.347,87.85288509809529,42.49411490190472
2026,Monza,FP3,TSU,22,Racing Bulls,4.0,2.0,SOFT,4.0,False,,,36.078,31.292,,12,,False,True,False,,,5.0,31.3325,51.4825,False,0.0,0.0,0.0,0.0,0.0,,87.85288509809529,
2026,Monza,FP3,TSU,22,Racing Bulls,5.0,2.0,SOFT,5.0,False,83.817,27.672,28.333,27.812,,12,,True,False,False,,,5.0,31.3325,51.4825,False,0.0,0.0,0.0,0.0,0.0,83.817,87.85288509809529,-4.035885098095292
2026,Monza,FP3,TSU,22,Racing Bulls,6.0,2.0,SOFT,6.0,False,114.928,44.554,39.842,30.532,,1,,True,False,True,,,5.0,31.3325,51.4825,False,0.0,0.0,0.0,0.0,0.0,114.928,87.85288509809529,27.075114901904712
2026,Monza,FP3,TSU,22,Racing Bulls,7.0,2.0,SOFT,7.0,False,85.118,27.921,29.218,27.979,,1,,True,False,True,,,5.0,31.3325,51.4825,False,0.0,0.0,0.0,0.0,0.0,85.118,87.85288509809529,-2.7348850980952903
2026,Monza,FP3,TSU,22,Racing Bulls,8.0,2.0,SOFT,8.0,False,85.435,28.401,29.027,28.007,,1,,True,False,True,,,5.0,31.3325,51.4825,False,0.0,0.0,0.0,0.0,0.0,85.435,87.85288509809529,-2.417885098095283
2026,Monza,FP3,TSU,22,Racing Bulls,9.0,2.0,SOFT,9.0,False,90.514,28.197,29.315,33.002,,1,,False,True,True,,,5.0,31.3325,51.4825,False,0.0,0.0,0.0,0.0,0.0,90.514,87.85288509809529,2.6611149019047105
2026,Monza,FP3,TSU,22,Racing Bulls,10.0,3.0,SOFT,1.0,True,,,34.83,37.852,,1,,False,True,True,,,5.0,31.3325,51.4825,False,0.0,0.0,0.0,0.0,0.0,,87.85288509809529,
2026,Monza,FP3,TSU,22,Racing Bulls,11.0,3.0,SOFT,2.0,True,108.193,27.644,37.495,43.054,,1,,False,True,True,,,5.0,31.3325,51.4825,False,0.0,0.0,0.0,0.0,0.0,108.193,87.85288509809529,20.340114901904712
2026,Monza,FP3,TSU,22,Racing Bulls,12.0,4.0,SOFT,3.0,False,,,40.125,37.754,,12,,False,True,False,,,5.0,31.3325,51.4825,False,0.0,0.0,0.0,0.0,0.0,,87.85288509809529,
2026,Monza,FP3,TSU,22,Racing Bulls,13.0,4.0,SOFT,4.0,False,122.0,40.296,49.618,32.086,,1,,True,False,True,,,5.0,31.3325,51.4825,False,0.0,0.0,0.0,0.0,0.0,122.0,87.85288509809529,34.147114901904715
2026,Monza,FP3,TSU,22,Racing Bulls,14.0,4.0,SOFT,5.0,False,99.946,27.89,38.364,33.692,,1,,True,False,True,,,5.0,31.3325,51.4825,False,0.0,0.0,0.0,0.0,0.0,99.946,87.85288509809529,12.093114901904713
2026,Monza,FP3,TSU,22,Racing Bulls,15.0,4.0,SOFT,6.0,False,84.013,27.676,28.411,27.926,,1,,True,False,True,,,5.0,31.3325,51.4825,False,0.0,0.0,0.0,0.0,0.0,84.013,87.85288509809529,-3.83988509809528
2026,Monza,FP3,TSU,22,Racing Bulls,16.0,4.0,SOFT,7.0,False,138.375,42.199,53.077,43.099,,1,,False,True,True,,,5.0,31.3325,51.4825,False,0.0,0.0,0.0,0.0,0.0,138.375,87.85288509809529,50.522114901904715
2026,Monza,FP3,ALB,23,Williams,1.0,1.0,SOFT,1.0,True,,,33.116,31.914,,1,,False,True,True,,,5.0,31.3325,51.4825,False,0.0,0.0,0.0,0.0,0.0,,87.85288509809529,
2026,Monza,FP3,ALB,23,Williams,2.0,1.0,SOFT,2.0,True,108.807,27.746,46.059,35.002,,1,,True,False,True,,,5.0,31.3325,51.4825,False,0.0,0.0,0.0,0.0,0.0,108.807,87.85288509809529,20.954114901904717
2026,Monza,FP3,ALB,23,Williams,3.0,1.0,SOFT,3.0,True,84.922,27.705,28.772,28.445,,1,,True,False,True,,,5.0,31.3325,51.4825,False,0.0,0.0,0.0,0.0,0.0,84.922,87.85288509809529,-2.9308850980952883
2026,Monza,FP3,ALB,23,Williams,4.0,1.0,SOFT,4.0,True,133.189,44.1,47.721,41.368,,1,,True,False,True,,,5.0,31.3325,51.4825,False,0.0,0.0,0.0,0.0,0.0,133.189,87.85288509809529,45.33611490190471
2026,Monza,FP3,ALB,23,Williams,5.0,1.0,SOFT,5.0,True,106.932,34.859,40.094,31.979,,1,,True,False,True,,,5.0,31.3325,51.4825,False,0.0,0.0,0.0,0.0,0.0,106.932,87.85288509809529,19.079114901904717
2026,Monza,FP3,ALB,23,Williams,6.0,1.0,SOFT,6.0,True,84.437,27.35,28.697,28.39,,1,,True,False,True,,,5.0,31.3325,51.4825,False,0.0,0.0,0.0,0.0,0.0,84.437,87.85288509809529,-3.4158850980952877
2026,Monza,FP3,ALB,23,Williams,7.0,1.0,SOFT,7.0,True,113.809,36.746,38.056,39.007,,12,,False,True,False,,,5.0,31.3325,51.4825,False,0.0,0.0,0.0,0.0,0.0,113.809,87.85288509809529,25.956114901904712
2026,Monza,FP3,ALB,23,Williams,8.0,2.0,SOFT,1.0,True,,,29.662,28.472,,21,,False,True,False,,,5.0,31.3325,51.4825,False,0.0,0.0,0.0,0.0,0.0,,87.85288509809529,
2026,Monza,FP3,ALB,23,Williams,9.0,2.0,SOFT,2.0,True,86.049,28.095,29.365,28.589,,1,,True,False,True,,,5.0,31.3325,51.4825,False,0.0,0.0,0.0,0.0,0.0,86.049,87.85288509809529,-1.8038850980952787
2026,Monza,FP3,ALB,23,Williams,10.0,2.0,SOFT,3.0,True,85.887,28.186,29.199,28.502,,1,,True,False,True,,,5.0,31.3325,51.4825,False,0.0,0.0,0.0,0.0,0.0,85.887,87.85288509809529,-1.9658850980952849
2026,Monza,FP3,ALB,23,Williams,11.0,2.0,SOFT,4.0,True,86.21,28.36,29.234,28.616,,12,,True,False,False,,,5.0,31.3325,51.4825,False,0.0,0.0,0.0,0.0,0.0,86.21,87.85288509809529,-1.6428850980952916
2026,Monza,FP3,ALB,23,Williams,12.0,2.0,SOFT,5.0,True,87.048,28.43,29.583,29.035,,1,,True,False,True,,,5.0,31.3325,51.4825,False,0.0,0.0,0.0,0.0,0.0,87.048,87.85288509809529,-0.8048850980952835
2026,Monza,FP3,ALB,23,Williams,13.0,2.0,SOFT,6.0,True,86.001,28.083,29.35,28.568,,1,,True,False,True,,,5.0,31.3325,51.4825,False,0.0,0.0,0.0,0.0,0.0,86.001,87.85288509809529,-1.8518850980952806
2026,Monza,FP3,ALB,23,Williams,14.0,2.0,SOFT,7.0,True,86.645,28.543,29.399,28.703,,1,,True,False,True,,,5.0,31.3325,51.4825,False,0.0,0.0,0.0,0.0,0.0,86.645,87.85288509809529,-1.2078850980952893
2026,Monza,FP3,ALB,23,Williams,15.0,2.0,SOFT,8.0,True,86.032,28.299,29.43,28.303,,1,,True,False,True,,,5.0,31.3325,51.4825,False,0.0,0.0,0.0,0.0,0.0,86.032,87.85288509809529,-1.8208850980952889
2026,Monza,FP3,ALB,23,Williams,16.0,2.0,SOFT,9.0,True,86.007,28.023,29.451,28.533,,1,,True,False,True,,,5.0,31.3325,51.4825,False,0.0,0.0,0.0,0.0,0.0,86.007,87.85288509809529,-1.8458850980952803
2026,Monza,FP3,ALB,23,Williams,17.0,2.0,SOFT,10.0,True,93.681,28.144,30.13,35.407,,1,,False,True,True,,,5.0,31.3325,51.4825,False,0.0,0.0,0.0,0.0,0.0,93.681,87.85288509809529,5.828114901904712
2026,Monza,FP3,ALB,23,Williams,18.0,3.0,SOFT,8.0,False,,,32.905,31.74,,1,,False,True,True,,,5.0,31.3325,51.4825,False,0.0,0.0,0.0,0.0,0.0,,87.85288509809529,
2026,Monza,FP3,ALB,23,Williams,19.0,3.0,SOFT,9.0,False,88.309,27.531,28.98,31.798000000000002,,1,,True,False,True,,,5.0,31.3325,51.4825,False,0.0,0.0,0.0,0.0,0.0,88.309,87.85288509809529,0.45611490190471216
2026,Monza,FP3,ALB,23,Williams,20.0,3.0,SOFT,10.0,False,109.092,38.14,34.111,36.841,,1,,True,False,True,,,5.0,31.3325,51.4825,False,0.0,0.0,0.0,0.0,0.0,109.092,87.85288509809529,21.239114901904713
2026,Monza,FP3,ALB,23,Williams,21.0,3.0,SOFT,11.0,False,85.872,27.647,29.602,28.623,,12,,True,False,False,,,5.0,31.3325,51.4825,False,0.0,0.0,0.0,0.0,0.0,85.872,87.85288509809529,-1.9808850980952855
2026,Monza,FP3,ALB,23,Williams,22.0,3.0,SOFT,12.0,False,86.591,28.306,29.605,28.68,,1,,True,False,True,,,5.0,31.3325,51.4825,False,0.0,0.0,0.0,0.0,0.0,86.591,87.85288509809529,-1.2618850980952914
2026,Monza,FP3,ALB,23,Williams,23.0,3.0,SOFT,13.0,False,85.858,28.035,29.523,28.3,,1,,True,False,True,,,5.0,31.3325,51.4825,False,0.0,0.0,0.0,0.0,0.0,85.858,87.85288509809529,-1.9948850980952813
2026,Monza,FP3,ALB,23,Williams,24.0,3.0,SOFT,14.0,False,85.479,27.94,29.322,28.217,,1,,True,False,True,,,5.0,31.3325,51.4825,False,0.0,0.0,0.0,0.0,0.0,85.479,87.85288509809529,-2.373885098095286
2026,Monza,FP3,ALB,23,Williams,25.0,3.0,SOFT,15.0,False,85.713,27.954,29.451,28.308,,1,,True,False,True,,,5.0,31.3325,51.4825,False,0.0,0.0,0.0,0.0,0.0,85.713,87.85288509809529,-2.1398850980952915
2026,Monza,FP3,ALB,23,Williams,26.0,3.0,SOFT,16.0,False,86.214,28.053,29.844,28.317,,1,,True,False,True,,,5.0,31.3325,51.4825,False,0.0,0.0,0.0,0.0,0.0,86.214,87.85288509809529,-1.6388850980952867
2026,Monza,FP3,ALB,23,Williams,27.0,3.0,SOFT,17.0,False,85.886,28.148,29.435,28.303,,1,,True,False,True,,,5.0,31.3325,51.4825,False,0.0,0.0,0.0,0.0,0.0,85.886,87.85288509809529,-1.9668850980952897
2026,Monza,FP3,ALB,23,Williams,28.0,3.0,SOFT,18.0,False,114.388,33.296,38.45,42.642,,1,,True,False,True,,,5.0,31.3325,51.4825,False,0.0,0.0,0.0,0.0,0.0,114.388,87.85288509809529,26.53511490190472
2026,Monza,FP3,ALB,23,Williams,29.0,3.0,SOFT,19.0,False,125.53,60.548,29.734,35.248,,1,,False,True,True,,,5.0,31.3325,51.4825,False,0.0,0.0,0.0,0.0,0.0,125.53,87.85288509809529,37.677114901904716
2026,Monza,FP3,HUL,27,Audi,1.0,1.0,MEDIUM,1.0,True,,,34.759,40.741,,1,,False,True,True,,,5.0,31.3325,51.4825,False,0.0,0.0,0.0,0.0,0.0,,87.00450324055082,
2026,Monza,FP3,HUL,27,Audi,2.0,2.0,MEDIUM,2.0,False,,,33.785,33.555,,1,,False,True,True,,,5.0,31.3325,51.4825,False,0.0,0.0,0.0,0.0,0.0,,87.00450324055082,
2026,Monza,FP3,HUL,27,Audi,3.0,2.0,MEDIUM,3.0,False,84.683,27.884,28.654,28.145,,1,,True,False,True,,,5.0,31.3325,51.4825,False,0.0,0.0,0.0,0.0,0.0,84.683,87.00450324055082,-2.321503240550811
2026,Monza,FP3,HUL,27,Audi,4.0,2.0,MEDIUM,4.0,False,128.458,39.555,45.429,43.474,,1,,False,True,True,,,5.0,31.3325,51.4825,False,0.0,0.0,0.0,0.0,0.0,128.458,87.00450324055082,41.45349675944918
2026,Monza,FP3,HUL,27,Audi,5.0,3.0,MEDIUM,5.0,False,128.294,64.954,32.132,31.208,,12,,False,True,False,,,5.0,31.3325,51.4825,False,0.0,0.0,0.0,0.0,0.0,128.294,87.00450324055082,41.28949675944919
2026,Monza,FP3,HUL,27,Audi,6.0,3.0,MEDIUM,6.0,False,84.388,27.586,28.572,28.23,,1,,True,False,True,,,5.0,31.3325,51.4825,False,0.0,0.0,0.0,0.0,0.0,84.388,87.00450324055082,-2.616503240550813
2026,Monza,FP3,HUL,27,Audi,7.0,3.0,MEDIUM,7.0,False,146.148,52.04,46.836,47.272,,1,,False,True,True,,,5.0,31.3325,51.4825,False,0.0,0.0,0.0,0.0,0.0,146.148,87.00450324055082,59.14349675944918
2026,Monza,FP3,HUL,27,Audi,8.0,4.0,MEDIUM,8.0,False,141.091,66.934,33.097,41.06,,1,,False,True,True,,,5.0,31.3325,51.4825,False,0.0,0.0,0.0,0.0,0.0,141.091,87.00450324055082,54.08649675944919
2026,Monza,FP3,HUL,27,Audi,9.0,4.0,MEDIUM,9.0,False,84.745,27.862,28.436,28.447,,1,,True,False,True,,,5.0,31.3325,51.4825,False,0.0,0.0,0.0,0.0,0.0,84.745,87.00450324055082,-2.2595032405508135
2026,Monza,FP3,HUL,27,Audi,10.0,4.0,MEDIUM,10.0,False,140.979,44.538,46.307,50.134,,12,,False,True,False,,,5.0,31.3325,51.4825,False,0.0,0.0,0.0,0.0,0.0,140.979,87.00450324055082,53.974496759449195
2026,Monza,FP3,HUL,27,Audi,11.0,5.0,MEDIUM,11.0,False,144.046,81.19,32.028,30.828,,21,,False,True,False,,,5.0,31.3325,51.4825,False,0.0,0.0,0.0,0.0,0.0,144.046,87.00450324055082,57.041496759449174
2026,Monza,FP3,HUL,27,Audi,12.0,5.0,MEDIUM,12.0,False,84.181,27.539,28.352,28.29,,1,,True,False,True,,,5.0,31.3325,51.4825,False,0.0,0.0,0.0,0.0,0.0,84.181,87.00450324055082,-2.8235032405508207
2026,Monza,FP3,HUL,27,Audi,13.0,5.0,MEDIUM,13.0,False,111.768,34.276,36.991,40.501,,1,,False,True,True,,,5.0,31.3325,51.4825,False,0.0,0.0,0.0,0.0,0.0,111.768,87.00450324055082,24.763496759449183
2026,Monza,FP3,HUL,27,Audi,14.0,6.0,SOFT,1.0,True,,,33.752,32.766,,1,,False,True,True,,,5.0,31.3325,51.4825,False,0.0,0.0,0.0,0.0,0.0,,87.85288509809529,
2026,Monza,FP3,HUL,27,Audi,15.0,6.0,SOFT,2.0,True,83.126,27.214,28.253,27.659,,1,,True,False,True,,,5.0,31.3325,51.4825,False,0.0,0.0,0.0,0.0,0.0,83.126,87.85288509809529,-4.726885098095281
2026,Monza,FP3,HUL,27,Audi,16.0,6.0,SOFT,3.0,True,124.696,38.701,41.092,44.903,,1,,False,True,True,,,5.0,31.3325,51.4825,False,0.0,0.0,0.0,0.0,0.0,124.696,87.85288509809529,36.84311490190471
2026,Monza,FP3,HUL,27,Audi,17.0,7.0,SOFT,4.0,False,125.196,59.233,33.201,32.762,,12,,False,True,False,,,5.0,31.3325,51.4825,False,0.0,0.0,0.0,0.0,0.0,125.196,87.85288509809529,37.34311490190471
2026,Monza,FP3,HUL,27,Audi,18.0,7.0,SOFT,5.0,False,83.827,27.554,28.488,27.785,,1,,True,False,True,,,5.0,31.3325,51.4825,False,0.0,0.0,0.0,0.0,0.0,83.827,87.85288509809529,-4.025885098095287
2026,Monza,FP3,HUL,27,Audi,19.0,7.0,SOFT,6.0,False,129.934,42.287,41.292,46.355,,1,,False,True,True,,,5.0,31.3325,51.4825,False,0.0,0.0,0.0,0.0,0.0,129.934,87.85288509809529,42.08111490190471
2026,Monza,FP3,HUL,27,Audi,20.0,8.0,SOFT,7.0,False,,,37.594,31.155,,1,,False,True,True,,,5.0,31.3325,51.4825,False,0.0,0.0,0.0,0.0,0.0,,87.85288509809529,
2026,Monza,FP3,HUL,27,Audi,21.0,8.0,SOFT,8.0,False,115.169,31.682,36.129,47.358,,1,,True,False,True,,,5.0,31.3325,51.4825,False,0.0,0.0,0.0,0.0,0.0,115.169,87.85288509809529,27.31611490190471
2026,Monza,FP3,HUL,27,Audi,22.0,8.0,SOFT,9.0,False,148.121,78.461,31.3,38.36,,1,,False,True,True,,,5.0,31.3325,51.4825,False,0.0,0.0,0.0,0.0,0.0,148.121,87.85288509809529,60.268114901904724
2026,Monza,FP3,LAW,30,Red Bull Racing,1.0,1.0,MEDIUM,1.0,True,,,34.349,32.537,,1,,False,True,True,,,5.0,31.3325,51.4825,False,0.0,0.0,0.0,0.0,0.0,,87.00450324055082,
2026,Monza,FP3,LAW,30,Red Bull Racing,2.0,1.0,MEDIUM,2.0,True,84.24,27.772,28.666,27.802,,1,,True,False,True,,,5.0,31.3325,51.4825,False,0.0,0.0,0.0,0.0,0.0,84.24,87.00450324055082,-2.764503240550823
2026,Monza,FP3,LAW,30,Red Bull Racing,3.0,1.0,MEDIUM,3.0,True,125.493,49.078,44.009,32.406,,1,,True,False,True,,,5.0,31.3325,51.4825,False,0.0,0.0,0.0,0.0,0.0,125.493,87.00450324055082,38.48849675944918
2026,Monza,FP3,LAW,30,Red Bull Racing,4.0,1.0,MEDIUM,4.0,True,83.769,27.575,28.47,27.724,,1,,True,False,True,,,5.0,31.3325,51.4825,False,0.0,0.0,0.0,0.0,0.0,83.769,87.00450324055082,-3.2355032405508126
2026,Monza,FP3,LAW,30,Red Bull Racing,5.0,1.0,MEDIUM,5.0,True,130.991,38.724,45.939,46.328,,1,,True,False,True,,,5.0,31.3325,51.4825,False,0.0,0.0,0.0,0.0,0.0,130.991,87.00450324055082,43.986496759449196
2026,Monza,FP3,LAW,30,Red Bull Racing,6.0,1.0,MEDIUM,6.0,True,108.357,40.158,36.1,32.099,,1,,True,False,True,,,5.0,31.3325,51.4825,False,0.0,0.0,0.0,0.0,0.0,108.357,87.00450324055082,21.35249675944918
2026,Monza,FP3,LAW,30,Red Bull Racing,7.0,1.0,MEDIUM,7.0,True,131.46,58.631,36.928,35.901,,12,,False,True,False,,,5.0,31.3325,51.4825,False,0.0,0.0,0.0,0.0,0.0,131.46,87.00450324055082,44.45549675944919
2026,Monza,FP3,LAW,30,Red Bull Racing,8.0,2.0,MEDIUM,8.0,False,,,29.971,28.787,,12,,False,True,False,,,5.0,31.3325,51.4825,False,0.0,0.0,0.0,0.0,0.0,,87.00450324055082,
2026,Monza,FP3,LAW,30,Red Bull Racing,9.0,2.0,MEDIUM,9.0,False,87.4,28.74,29.786,28.874,,1,,True,False,True,,,5.0,31.3325,51.4825,False,0.0,0.0,0.0,0.0,0.0,87.4,87.00450324055082,0.3954967594491876
2026,Monza,FP3,LAW,30,Red Bull Racing,10.0,2.0,MEDIUM,10.0,False,90.803,28.763,32.897,29.143,,1,,True,False,True,,,5.0,31.3325,51.4825,False,0.0,0.0,0.0,0.0,0.0,90.803,87.00450324055082,3.798496759449179
2026,Monza,FP3,LAW,30,Red Bull Racing,11.0,2.0,MEDIUM,11.0,False,87.569,28.852,29.883,28.834,,1,,True,False,True,,,5.0,31.3325,51.4825,False,0.0,0.0,0.0,0.0,0.0,87.569,87.00450324055082,0.5644967594491845
2026,Monza,FP3,LAW,30,Red Bull Racing,12.0,2.0,MEDIUM,12.0,False,86.362,28.337,29.561,28.464,,1,,True,False,True,,,5.0,31.3325,51.4825,False,0.0,0.0,0.0,0.0,0.0,86.362,87.00450324055082,-0.6425032405508233
2026,Monza,FP3,LAW,30,Red Bull Racing,13.0,2.0,MEDIUM,13.0,False,86.658,28.465,29.573,28.62,,1,,True,False,True,,,5.0,31.3325,51.4825,False,0.0,0.0,0.0,0.0,0.0,86.658,87.00450324055082,-0.3465032405508168
2026,Monza,FP3,LAW,30,Red Bull Racing,14.0,2.0,MEDIUM,14.0,False,93.703,28.599,29.692,35.412,,1,,False,True,True,,,5.0,31.3325,51.4825,False,0.0,0.0,0.0,0.0,0.0,93.703,87.00450324055082,6.698496759449185
2026,Monza,FP3,LAW,30,Red Bull Racing,15.0,3.0,SOFT,1.0,True,,,36.268,31.786,,1,,False,True,True,,,5.0,31.3325,51.4825,False,0.0,0.0,0.0,0.0,0.0,,87.85288509809529,
2026,Monza,FP3,LAW,30,Red Bull Racing,16.0,3.0,SOFT,2.0,True,83.714,27.535,28.376,27.803,,1,,True,False,True,,,5.0,31.3325,51.4825,False,0.0,0.0,0.0,0.0,0.0,83.714,87.85288509809529,-4.138885098095287
2026,Monza,FP3,LAW,30,Red Bull Racing,17.0,3.0,SOFT,3.0,True,124.586,46.763,45.918,31.905,,12,,True,False,False,,,5.0,31.3325,51.4825,False,0.0,0.0,0.0,0.0,0.0,124.586,87.85288509809529,36.73311490190471
2026,Monza,FP3,LAW,30,Red Bull Racing,18.0,3.0,SOFT,4.0,True,83.203,27.45,28.179,27.574,,1,,True,False,True,,,5.0,31.3325,51.4825,False,0.0,0.0,0.0,0.0,0.0,83.203,87.85288509809529,-4.649885098095282
2026,Monza,FP3,LAW,30,Red Bull Racing,19.0,3.0,SOFT,5.0,True,139.025,45.838,51.228,41.959,,1,,False,True,True,,,5.0,31.3325,51.4825,False,0.0,0.0,0.0,0.0,0.0,139.025,87.85288509809529,51.17211490190472
2026,Monza,FP3,LAW,30,Red Bull Racing,20.0,4.0,SOFT,6.0,False,143.175,62.642,42.2,38.333,,1,,False,True,True,,,5.0,31.3325,51.4825,False,0.0,0.0,0.0,0.0,0.0,143.175,87.85288509809529,55.322114901904726
2026,Monza,FP3,LAW,30,Red Bull Racing,21.0,4.0,SOFT,7.0,False,96.828,29.879,35.381,31.568,,1,,True,False,True,,,5.0,31.3325,51.4825,False,0.0,0.0,0.0,0.0,0.0,96.828,87.85288509809529,8.975114901904718
2026,Monza,FP3,LAW,30,Red Bull Racing,22.0,4.0,SOFT,8.0,False,111.748,27.372,29.374,55.002,,1,,True,False,True,,,5.0,31.3325,51.4825,False,0.0,0.0,0.0,0.0,0.0,111.748,87.85288509809529,23.89511490190472
2026,Monza,FP3,LAW,30,Red Bull Racing,23.0,4.0,SOFT,9.0,False,141.981,75.255,28.959,37.767,,1,,False,True,True,,,5.0,31.3325,51.4825,False,0.0,0.0,0.0,0.0,0.0,141.981,87.85288509809529,54.12811490190471
2026,Monza,FP3,OCO,31,Haas F1 Team,1.0,1.0,MEDIUM,1.0,True,,,36.025,34.379,,1,,False,True,True,,,5.0,31.3325,51.4825,False,0.0,0.0,0.0,0.0,0.0,,87.00450324055082,
2026,Monza,FP3,OCO,31,Haas F1 Team,2.0,1.0,MEDIUM,2.0,True,86.547,28.379,29.399,28.769,,1,,True,False,True,,,5.0,31.3325,51.4825,False,0.0,0.0,0.0,0.0,0.0,86.547,87.00450324055082,-0.45750324055082103
2026,Monza,FP3,OCO,31,Haas F1 Team,3.0,1.0,MEDIUM,3.0,True,,49.029,52.91,49.354,,1,,False,True,True,,,5.0,31.3325,51.4825,False,0.0,0.0,0.0,0.0,0.0,,87.00450324055082,
2026,Monza,FP3,OCO,31,Haas F1 Team,4.0,2.0,MEDIUM,4.0,False,,,35.016,34.789,,1,,False,True,True,,,5.0,31.3325,51.4825,False,0.0,0.0,0.0,0.0,0.0,,87.00450324055082,
2026,Monza,FP3,OCO,31,Haas F1 Team,5.0,2.0,MEDIUM,5.0,False,85.908,28.072,29.164,28.672,,12,,True,False,False,,,5.0,31.3325,51.4825,False,0.0,0.0,0.0,0.0,0.0,85.908,87.00450324055082,-1.0965032405508168
2026,Monza,FP3,OCO,31,Haas F1 Team,6.0,2.0,MEDIUM,6.0,False,118.288,38.554,36.753,42.981,,21,,False,True,False,,,5.0,31.3325,51.4825,False,0.0,0.0,0.0,0.0,0.0,118.288,87.00450324055082,31.28349675944918
2026,Monza,FP3,OCO,31,Haas F1 Team,7.0,3.0,MEDIUM,7.0,False,,,31.798000000000002,33.71,,1,,False,True,True,,,5.0,31.3325,51.4825,False,0.0,0.0,0.0,0.0,0.0,,87.00450324055082,
2026,Monza,FP3,OCO,31,Haas F1 Team,8.0,3.0,MEDIUM,8.0,False,85.478,27.788,29.286,28.404,,1,,True,False,True,,,5.0,31.3325,51.4825,False,0.0,0.0,0.0,0.0,0.0,85.478,87.00450324055082,-1.5265032405508236
2026,Monza,FP3,OCO,31,Haas F1 Team,9.0,3.0,MEDIUM,9.0,False,133.285,45.792,44.105,43.388,,12,,False,True,False,,,5.0,31.3325,51.4825,False,0.0,0.0,0.0,0.0,0.0,133.285,87.00450324055082,46.28049675944918
2026,Monza,FP3,OCO,31,Haas F1 Team,10.0,4.0,MEDIUM,10.0,False,135.798,69.131,33.089,33.578,,1,,False,True,True,,,5.0,31.3325,51.4825,False,0.0,0.0,0.0,0.0,0.0,135.798,87.00450324055082,48.793496759449184
2026,Monza,FP3,OCO,31,Haas F1 Team,11.0,4.0,MEDIUM,11.0,False,95.203,27.527,34.848,32.828,,1,,True,False,True,,,5.0,31.3325,51.4825,False,0.0,0.0,0.0,0.0,0.0,95.203,87.00450324055082,8.198496759449185
2026,Monza,FP3,OCO,31,Haas F1 Team,12.0,4.0,MEDIUM,12.0,False,104.444,32.611,33.981,37.852,,1,,False,True,True,,,5.0,31.3325,51.4825,False,0.0,0.0,0.0,0.0,0.0,104.444,87.00450324055082,17.439496759449185
2026,Monza,FP3,OCO,31,Haas F1 Team,13.0,5.0,MEDIUM,13.0,False,122.536,53.588,35.376,33.572,,1,,False,True,True,,,5.0,31.3325,51.4825,False,0.0,0.0,0.0,0.0,0.0,122.536,87.00450324055082,35.53149675944918
2026,Monza,FP3,OCO,31,Haas F1 Team,14.0,5.0,MEDIUM,14.0,False,85.091,27.891,28.914,28.286,,1,,True,False,True,,,5.0,31.3325,51.4825,False,0.0,0.0,0.0,0.0,0.0,85.091,87.00450324055082,-1.913503240550824
2026,Monza,FP3,OCO,31,Haas F1 Team,15.0,5.0,MEDIUM,15.0,False,100.432,32.569,32.234,35.629,,1,,False,True,True,,,5.0,31.3325,51.4825,False,0.0,0.0,0.0,0.0,0.0,100.432,87.00450324055082,13.427496759449184
2026,Monza,FP3,OCO,31,Haas F1 Team,16.0,6.0,SOFT,1.0,True,,,32.302,32.739,,1,,False,True,True,,,5.0,31.3325,51.4825,False,0.0,0.0,0.0,0.0,0.0,,87.85288509809529,
2026,Monza,FP3,OCO,31,Haas F1 Team,17.0,6.0,SOFT,2.0,True,84.13,27.402,28.745,27.983,,1,,True,False,True,,,5.0,31.3325,51.4825,False,0.0,0.0,0.0,0.0,0.0,84.13,87.85288509809529,-3.72288509809529
2026,Monza,FP3,OCO,31,Haas F1 Team,18.0,6.0,SOFT,3.0,True,125.823,44.176,39.78,41.867,,1,,False,True,True,,,5.0,31.3325,51.4825,False,0.0,0.0,0.0,0.0,0.0,125.823,87.85288509809529,37.97011490190471
2026,Monza,FP3,OCO,31,Haas F1 Team,19.0,7.0,SOFT,4.0,False,129.846,62.261,33.391,34.194,,12,,False,True,False,,,5.0,31.3325,51.4825,False,0.0,0.0,0.0,0.0,0.0,129.846,87.85288509809529,41.99311490190472
2026,Monza,FP3,OCO,31,Haas F1 Team,20.0,7.0,SOFT,5.0,False,84.02,27.461,28.644,27.915,,1,,True,False,True,,,5.0,31.3325,51.4825,False,0.0,0.0,0.0,0.0,0.0,84.02,87.85288509809529,-3.8328850980952893
2026,Monza,FP3,OCO,31,Haas F1 Team,21.0,7.0,SOFT,6.0,False,112.11,33.683,40.171,38.256,,1,,False,True,True,,,5.0,31.3325,51.4825,False,0.0,0.0,0.0,0.0,0.0,112.11,87.85288509809529,24.257114901904714
2026,Monza,FP3,OCO,31,Haas F1 Team,22.0,8.0,SOFT,7.0,False,,,32.953,39.396,,1,,False,True,True,,,5.0,31.3325,51.4825,False,0.0,0.0,0.0,0.0,0.0,,87.85288509809529,
2026,Monza,FP3,OCO,31,Haas F1 Team,23.0,8.0,SOFT,8.0,False,105.649,30.978,38.045,36.626,,1,,True,False,True,,,5.0,31.3325,51.4825,False,0.0,0.0,0.0,0.0,0.0,105.649,87.85288509809529,17.796114901904716
2026,Monza,FP3,OCO,31,Haas F1 Team,24.0,8.0,SOFT,9.0,False,122.987,37.478,37.508,48.001,,1,,True,False,True,,,5.0,31.3325,51.4825,False,0.0,0.0,0.0,0.0,0.0,122.987,87.85288509809529,35.13411490190471
2026,Monza,FP3,OCO,31,Haas F1 Team,25.0,8.0,SOFT,10.0,False,145.619,75.1,30.96,39.559,,1,,False,True,True,,,5.0,31.3325,51.4825,False,0.0,0.0,0.0,0.0,0.0,145.619,87.85288509809529,57.766114901904714
2026,Monza,FP3,LIN,41,Racing Bulls,1.0,1.0,SOFT,1.0,True,,,33.365,31.169,,1,,False,True,True,,,5.0,31.3325,51.4825,False,0.0,0.0,0.0,0.0,0.0,,87.85288509809529,
2026,Monza,FP3,LIN,41,Racing Bulls,2.0,1.0,SOFT,2.0,True,84.307,27.685,28.722,27.9,,1,,True,False,True,,,5.0,31.3325,51.4825,False,0.0,0.0,0.0,0.0,0.0,84.307,87.85288509809529,-3.545885098095283
2026,Monza,FP3,LIN,41,Racing Bulls,3.0,1.0,SOFT,3.0,True,118.356,35.055,42.668,40.633,,1,,False,True,True,,,5.0,31.3325,51.4825,False,0.0,0.0,0.0,0.0,0.0,118.356,87.85288509809529,30.50311490190471
2026,Monza,FP3,LIN,41,Racing Bulls,4.0,2.0,SOFT,4.0,False,,,40.076,30.838,,12,,False,True,False,,,5.0,31.3325,51.4825,False,0.0,0.0,0.0,0.0,0.0,,87.85288509809529,
2026,Monza,FP3,LIN,41,Racing Bulls,5.0,2.0,SOFT,5.0,False,83.641,27.538,28.457,27.646,,1,,True,False,True,,,5.0,31.3325,51.4825,False,0.0,0.0,0.0,0.0,0.0,83.641,87.85288509809529,-4.21188509809528
2026,Monza,FP3,LIN,41,Racing Bulls,6.0,2.0,SOFT,6.0,False,112.282,33.585,36.552,42.145,,1,,False,True,True,,,5.0,31.3325,51.4825,False,0.0,0.0,0.0,0.0,0.0,112.282,87.85288509809529,24.42911490190471
2026,Monza,FP3,LIN,41,Racing Bulls,7.0,3.0,SOFT,7.0,False,126.578,68.071,29.435,29.072,,12,,False,True,False,,,5.0,31.3325,51.4825,False,0.0,0.0,0.0,0.0,0.0,126.578,87.85288509809529,38.72511490190472
2026,Monza,FP3,LIN,41,Racing Bulls,8.0,3.0,SOFT,8.0,False,85.84,28.506,29.2,28.134,,1,,True,False,True,,,5.0,31.3325,51.4825,False,0.0,0.0,0.0,0.0,0.0,85.84,87.85288509809529,-2.012885098095282
2026,Monza,FP3,LIN,41,Racing Bulls,9.0,3.0,SOFT,9.0,False,85.538,28.561,29.074,27.903,,1,,True,False,True,,,5.0,31.3325,51.4825,False,0.0,0.0,0.0,0.0,0.0,85.538,87.85288509809529,-2.3148850980952886
2026,Monza,FP3,LIN,41,Racing Bulls,10.0,3.0,SOFT,10.0,False,84.875,28.268,28.871,27.736,,1,,True,False,True,,,5.0,31.3325,51.4825,False,0.0,0.0,0.0,0.0,0.0,84.875,87.85288509809529,-2.9778850980952853
2026,Monza,FP3,LIN,41,Racing Bulls,11.0,3.0,SOFT,11.0,False,84.632,28.049,28.863,27.72,,1,,True,False,True,,,5.0,31.3325,51.4825,False,0.0,0.0,0.0,0.0,0.0,84.632,87.85288509809529,-3.2208850980952803
2026,Monza,FP3,LIN,41,Racing Bulls,12.0,3.0,SOFT,12.0,False,89.591,28.249,29.162,32.18,,1,,False,True,True,,,5.0,31.3325,51.4825,False,0.0,0.0,0.0,0.0,0.0,89.591,87.85288509809529,1.7381149019047086
2026,Monza,FP3,LIN,41,Racing Bulls,13.0,4.0,SOFT,1.0,True,,,33.904,34.036,,1,,False,True,True,,,5.0,31.3325,51.4825,False,0.0,0.0,0.0,0.0,0.0,,87.85288509809529,
2026,Monza,FP3,LIN,41,Racing Bulls,14.0,4.0,SOFT,2.0,True,82.724,27.232,28.192,27.3,,1,,True,False,True,,,5.0,31.3325,51.4825,False,0.0,0.0,0.0,0.0,0.0,82.724,87.85288509809529,-5.128885098095282
2026,Monza,FP3,LIN,41,Racing Bulls,15.0,4.0,SOFT,3.0,True,125.545,38.151,43.066,44.328,,1,,False,True,True,,,5.0,31.3325,51.4825,False,0.0,0.0,0.0,0.0,0.0,125.545,87.85288509809529,37.692114901904716
2026,Monza,FP3,LIN,41,Racing Bulls,16.0,5.0,SOFT,4.0,False,,,35.604,30.122,,12,,False,True,False,,,5.0,31.3325,51.4825,False,0.0,0.0,0.0,0.0,0.0,,87.85288509809529,
2026,Monza,FP3,LIN,41,Racing Bulls,17.0,5.0,SOFT,5.0,False,83.083,27.44,28.108,27.535,,1,,True,False,True,,,5.0,31.3325,51.4825,False,0.0,0.0,0.0,0.0,0.0,83.083,87.85288509809529,-4.769885098095287
2026,Monza,FP3,LIN,41,Racing Bulls,18.0,5.0,SOFT,6.0,False,127.229,36.625,43.777,46.827,,1,,True,False,True,,,5.0,31.3325,51.4825,False,0.0,0.0,0.0,0.0,0.0,127.229,87.85288509809529,39.376114901904714
2026,Monza,FP3,LIN,41,Racing Bulls,19.0,5.0,SOFT,7.0,False,109.627,37.656,41.019,30.951999999999998,,1,,True,False,True,,,5.0,31.3325,51.4825,False,0.0,0.0,0.0,0.0,0.0,109.627,87.85288509809529,21.77411490190471
2026,Monza,FP3,LIN,41,Racing Bulls,20.0,5.0,SOFT,8.0,False,124.92,36.404,40.672,47.844,,1,,True,False,True,,,5.0,31.3325,51.4825,False,0.0,0.0,0.0,0.0,0.0,124.92,87.85288509809529,37.067114901904716
2026,Monza,FP3,LIN,41,Racing Bulls,21.0,5.0,SOFT,9.0,False,138.799,72.983,29.37,36.446,,1,,False,True,True,,,5.0,31.3325,51.4825,False,0.0,0.0,0.0,0.0,0.0,138.799,87.85288509809529,50.94611490190472
2026,Monza,FP3,COL,43,Alpine,1.0,1.0,MEDIUM,1.0,True,,,36.183,31.775,,1,,False,True,True,,,5.0,31.3325,51.4825,False,0.0,0.0,0.0,0.0,0.0,,87.00450324055082,
2026,Monza,FP3,COL,43,Alpine,2.0,1.0,MEDIUM,2.0,True,86.561,28.268,29.22,29.073,,1,,True,False,True,,,5.0,31.3325,51.4825,False,0.0,0.0,0.0,0.0,0.0,86.561,87.00450324055082,-0.44350324055081103
2026,Monza,FP3,COL,43,Alpine,3.0,1.0,MEDIUM,3.0,True,129.407,48.05,48.08,33.277,,1,,True,False,True,,,5.0,31.3325,51.4825,False,0.0,0.0,0.0,0.0,0.0,129.407,87.00450324055082,42.40249675944919
2026,Monza,FP3,COL,43,Alpine,4.0,1.0,MEDIUM,4.0,True,84.733,27.477,28.77,28.486,,1,,True,False,True,,,5.0,31.3325,51.4825,False,0.0,0.0,0.0,0.0,0.0,84.733,87.00450324055082,-2.271503240550814
2026,Monza,FP3,COL,43,Alpine,5.0,1.0,MEDIUM,5.0,True,136.785,49.533,48.209,39.043,,1,,True,False,True,,,5.0,31.3325,51.4825,False,0.0,0.0,0.0,0.0,0.0,136.785,87.00450324055082,49.78049675944918
2026,Monza,FP3,COL,43,Alpine,6.0,1.0,MEDIUM,6.0,True,83.766,27.408,28.319,28.039,,1,,True,False,True,,,5.0,31.3325,51.4825,False,0.0,0.0,0.0,0.0,0.0,83.766,87.00450324055082,-3.2385032405508127
2026,Monza,FP3,COL,43,Alpine,7.0,1.0,MEDIUM,7.0,True,123.984,38.618,46.076,39.29,,1,,False,True,True,,,5.0,31.3325,51.4825,False,0.0,0.0,0.0,0.0,0.0,123.984,87.00450324055082,36.97949675944918
2026,Monza,FP3,COL,43,Alpine,8.0,2.0,MEDIUM,8.0,False,,,30.476,28.833,,12,,False,True,False,,,5.0,31.3325,51.4825,False,0.0,0.0,0.0,0.0,0.0,,87.00450324055082,
2026,Monza,FP3,COL,43,Alpine,9.0,2.0,MEDIUM,9.0,False,86.521,28.48,29.333,28.708,,1,,True,False,True,,,5.0,31.3325,51.4825,False,0.0,0.0,0.0,0.0,0.0,86.521,87.00450324055082,-0.4835032405508173
2026,Monza,FP3,COL,43,Alpine,10.0,2.0,MEDIUM,10.0,False,85.492,28.062,28.921,28.509,,1,,True,False,True,,,5.0,31.3325,51.4825,False,0.0,0.0,0.0,0.0,0.0,85.492,87.00450324055082,-1.5125032405508136
2026,Monza,FP3,COL,43,Alpine,11.0,2.0,MEDIUM,11.0,False,85.536,28.138,28.977,28.421,,1,,True,False,True,,,5.0,31.3325,51.4825,False,0.0,0.0,0.0,0.0,0.0,85.536,87.00450324055082,-1.4685032405508167
2026,Monza,FP3,COL,43,Alpine,12.0,2.0,MEDIUM,12.0,False,85.483,28.243,29.007,28.233,,1,,True,False,True,,,5.0,31.3325,51.4825,False,0.0,0.0,0.0,0.0,0.0,85.483,87.00450324055082,-1.521503240550814
2026,Monza,FP3,COL,43,Alpine,13.0,2.0,MEDIUM,13.0,False,84.492,27.739,28.833,27.92,,12,,True,False,False,,,5.0,31.3325,51.4825,False,0.0,0.0,0.0,0.0,0.0,84.492,87.00450324055082,-2.5125032405508136
2026,Monza,FP3,COL,43,Alpine,14.0,2.0,MEDIUM,14.0,False,85.083,28.067,29.05,27.966,,21,,True,False,False,,,5.0,31.3325,51.4825,False,0.0,0.0,0.0,0.0,0.0,85.083,87.00450324055082,-1.9215032405508197
2026,Monza,FP3,COL,43,Alpine,15.0,2.0,MEDIUM,15.0,False,85.061,28.102,29.049,27.91,,1,,True,False,True,,,5.0,31.3325,51.4825,False,0.0,0.0,0.0,0.0,0.0,85.061,87.00450324055082,-1.943503240550811
2026,Monza,FP3,COL,43,Alpine,16.0,2.0,MEDIUM,16.0,False,110.121,29.636,34.287,46.198,,1,,False,True,True,,,5.0,31.3325,51.4825,False,0.0,0.0,0.0,0.0,0.0,110.121,87.00450324055082,23.116496759449177
2026,Monza,FP3,COL,43,Alpine,17.0,3.0,SOFT,1.0,True,,,40.184,31.495,,1,,False,True,True,,,5.0,31.3325,51.4825,False,0.0,0.0,0.0,0.0,0.0,,87.85288509809529,
2026,Monza,FP3,COL,43,Alpine,18.0,3.0,SOFT,2.0,True,83.101,27.098,28.174,27.829,,1,,True,False,True,,,5.0,31.3325,51.4825,False,0.0,0.0,0.0,0.0,0.0,83.101,87.85288509809529,-4.751885098095286
2026,Monza,FP3,COL,43,Alpine,19.0,3.0,SOFT,3.0,True,139.651,43.577,50.332,45.742,,12,,False,True,False,,,5.0,31.3325,51.4825,False,0.0,0.0,0.0,0.0,0.0,139.651,87.85288509809529,51.798114901904725
2026,Monza,FP3,COL,43,Alpine,20.0,4.0,SOFT,4.0,False,,,39.022,39.413,,1,,False,True,True,,,5.0,31.3325,51.4825,False,0.0,0.0,0.0,0.0,0.0,,87.85288509809529,
2026,Monza,FP3,COL,43,Alpine,21.0,4.0,SOFT,5.0,False,83.726,27.583,28.222,27.921,,1,,True,False,True,,,5.0,31.3325,51.4825,False,0.0,0.0,0.0,0.0,0.0,83.726,87.85288509809529,-4.126885098095286
2026,Monza,FP3,COL,43,Alpine,22.0,4.0,SOFT,6.0,False,127.538,38.153,38.846,50.539,,1,,True,False,True,,,5.0,31.3325,51.4825,False,0.0,0.0,0.0,0.0,0.0,127.538,87.85288509809529,39.68511490190471
2026,Monza,FP3,COL,43,Alpine,23.0,4.0,SOFT,7.0,False,140.254,64.367,29.012,46.875,,1,,False,True,True,,,5.0,31.3325,51.4825,False,0.0,0.0,0.0,0.0,0.0,140.254,87.85288509809529,52.401114901904705
2026,Monza,FP3,HAM,44,Ferrari,1.0,1.0,SOFT,1.0,True,,,32.77,36.946,,1,,False,True,True,,,5.0,31.3325,51.4825,False,0.0,0.0,0.0,0.0,0.0,,87.85288509809529,
2026,Monza,FP3,HAM,44,Ferrari,2.0,1.0,SOFT,2.0,True,84.912,27.659,29.181,28.072,,1,,True,False,True,,,5.0,31.3325,51.4825,False,0.0,0.0,0.0,0.0,0.0,84.912,87.85288509809529,-2.940885098095279
2026,Monza,FP3,HAM,44,Ferrari,3.0,1.0,SOFT,3.0,True,,56.314,56.743,46.22,,1,,False,False,True,,,5.0,31.3325,51.4825,False,0.0,0.0,0.0,0.0,0.0,,87.85288509809529,
2026,Monza,FP3,HAM,44,Ferrari,4.0,1.0,SOFT,4.0,True,139.762,62.819,43.174,33.769,,12,,True,False,False,,,5.0,31.3325,51.4825,False,0.0,0.0,0.0,0.0,0.0,139.762,87.85288509809529,51.909114901904715
2026,Monza,FP3,HAM,44,Ferrari,5.0,1.0,SOFT,5.0,True,83.683,27.465,28.408,27.81,,1,,True,False,True,,,5.0,31.3325,51.4825,False,0.0,0.0,0.0,0.0,0.0,83.683,87.85288509809529,-4.169885098095278
2026,Monza,FP3,HAM,44,Ferrari,6.0,1.0,SOFT,6.0,True,,49.568,50.726,50.463,,1,,False,True,True,,,5.0,31.3325,51.4825,False,0.0,0.0,0.0,0.0,0.0,,87.85288509809529,
2026,Monza,FP3,HAM,44,Ferrari,7.0,2.0,SOFT,7.0,False,,82.428,56.975,47.306,,1,,False,True,True,,,5.0,31.3325,51.4825,False,0.0,0.0,0.0,0.0,0.0,,87.85288509809529,
2026,Monza,FP3,HAM,44,Ferrari,8.0,2.0,SOFT,8.0,False,116.84,27.423,47.603,41.814,,12,,True,False,False,,,5.0,31.3325,51.4825,False,0.0,0.0,0.0,0.0,0.0,116.84,87.85288509809529,28.987114901904718
2026,Monza,FP3,HAM,44,Ferrari,9.0,2.0,SOFT,9.0,False,83.111,27.455,28.22,27.436,,21,,True,False,False,,,5.0,31.3325,51.4825,False,0.0,0.0,0.0,0.0,0.0,83.111,87.85288509809529,-4.741885098095281
2026,Monza,FP3,HAM,44,Ferrari,10.0,2.0,SOFT,10.0,False,146.507,47.56,58.728,40.219,,1,,True,False,True,,,5.0,31.3325,51.4825,False,0.0,0.0,0.0,0.0,0.0,146.507,87.85288509809529,58.65411490190472
2026,Monza,FP3,HAM,44,Ferrari,11.0,2.0,SOFT,11.0,False,83.04,27.193,28.145,27.701999999999998,,1,,True,False,True,,,5.0,31.3325,51.4825,False,0.0,0.0,0.0,0.0,0.0,83.04,87.85288509809529,-4.812885098095279
2026,Monza,FP3,HAM,44,Ferrari,12.0,2.0,SOFT,12.0,False,113.379,34.842,43.689,34.848,,1,,False,True,True,,,5.0,31.3325,51.4825,False,0.0,0.0,0.0,0.0,0.0,113.379,87.85288509809529,25.52611490190472
2026,Monza,FP3,HAM,44,Ferrari,13.0,3.0,SOFT,1.0,True,,,31.935,31.825,,1,,False,True,True,,,5.0,31.3325,51.4825,False,0.0,0.0,0.0,0.0,0.0,,87.85288509809529,
2026,Monza,FP3,HAM,44,Ferrari,14.0,3.0,SOFT,2.0,True,111.326,27.061,42.085,42.18,,12,,True,False,False,,,5.0,31.3325,51.4825,False,0.0,0.0,0.0,0.0,0.0,111.326,87.85288509809529,23.473114901904708
2026,Monza,FP3,HAM,44,Ferrari,15.0,3.0,SOFT,3.0,True,123.094,39.808,44.244,39.042,,1,,True,False,True,,,5.0,31.3325,51.4825,False,0.0,0.0,0.0,0.0,0.0,123.094,87.85288509809529,35.24111490190471
2026,Monza,FP3,HAM,44,Ferrari,16.0,3.0,SOFT,4.0,True,82.445,27.046,27.896,27.503,,1,,True,False,True,,,5.0,31.3325,51.4825,False,0.0,0.0,0.0,0.0,0.0,82.445,87.85288509809529,-5.407885098095292
2026,Monza,FP3,HAM,44,Ferrari,17.0,3.0,SOFT,5.0,True,143.315,44.933,54.805,43.577,,1,,True,False,True,,,5.0,31.3325,51.4825,False,0.0,0.0,0.0,0.0,0.0,143.315,87.85288509809529,55.46211490190471
2026,Monza,FP3,HAM,44,Ferrari,18.0,3.0,SOFT,6.0,True,111.42,44.879,32.733,33.808,,1,,True,False,True,,,5.0,31.3325,51.4825,False,0.0,0.0,0.0,0.0,0.0,111.42,87.85288509809529,23.567114901904716
2026,Monza,FP3,HAM,44,Ferrari,19.0,3.0,SOFT,7.0,True,104.393,30.904,39.155,34.334,,1,,True,False,True,,,5.0,31.3325,51.4825,False,0.0,0.0,0.0,0.0,0.0,104.393,87.85288509809529,16.540114901904715
2026,Monza,FP3,HAM,44,Ferrari,20.0,3.0,SOFT,8.0,True,126.402,27.221,44.267,54.914,,1,,True,False,True,,,5.0,31.3325,51.4825,False,0.0,0.0,0.0,0.0,0.0,126.402,87.85288509809529,38.549114901904716
2026,Monza,FP3,HAM,44,Ferrari,21.0,3.0,SOFT,9.0,True,,74.281,40.808,73.402,,1,,False,True,True,,,5.0,31.3325,51.4825,False,0.0,0.0,0.0,0.0,0.0,,87.85288509809529,
2026,Monza,FP3,SAI,55,Williams,1.0,1.0,SOFT,1.0,True,,,33.096,32.172,,1,,False,True,True,,,5.0,31.3325,51.4825,False,0.0,0.0,0.0,0.0,0.0,,87.85288509809529,
2026,Monza,FP3,SAI,55,Williams,2.0,1.0,SOFT,2.0,True,85.482,27.923000000000002,28.964,28.595,,1,,True,False,True,,,5.0,31.3325,51.4825,False,0.0,0.0,0.0,0.0,0.0,85.482,87.85288509809529,-2.370885098095286
2026,Monza,FP3,SAI,55,Williams,3.0,1.0,SOFT,3.0,True,128.198,40.627,47.833,39.738,,1,,True,False,True,,,5.0,31.3325,51.4825,False,0.0,0.0,0.0,0.0,0.0,128.198,87.85288509809529,40.34511490190472
2026,Monza,FP3,SAI,55,Williams,4.0,1.0,SOFT,4.0,True,119.422,49.552,36.675,33.195,,1,,True,False,True,,,5.0,31.3325,51.4825,False,0.0,0.0,0.0,0.0,0.0,119.422,87.85288509809529,31.56911490190471
2026,Monza,FP3,SAI,55,Williams,5.0,1.0,SOFT,5.0,True,84.642,27.333,28.9,28.409,,1,,True,False,True,,,5.0,31.3325,51.4825,False,0.0,0.0,0.0,0.0,0.0,84.642,87.85288509809529,-3.2108850980952894
2026,Monza,FP3,SAI,55,Williams,6.0,1.0,SOFT,6.0,True,124.133,41.054,38.819,44.26,,1,,True,False,True,,,5.0,31.3325,51.4825,False,0.0,0.0,0.0,0.0,0.0,124.133,87.85288509809529,36.28011490190471
2026,Monza,FP3,SAI,55,Williams,7.0,1.0,SOFT,7.0,True,122.052,44.902,41.64,35.51,,1,,True,False,True,,,5.0,31.3325,51.4825,False,0.0,0.0,0.0,0.0,0.0,122.052,87.85288509809529,34.19911490190472
2026,Monza,FP3,SAI,55,Williams,8.0,1.0,SOFT,8.0,True,99.313,27.167,28.737,43.409,,1,,True,False,True,,,5.0,31.3325,51.4825,False,0.0,0.0,0.0,0.0,0.0,99.313,87.85288509809529,11.460114901904717
2026,Monza,FP3,SAI,55,Williams,9.0,1.0,SOFT,9.0,True,107.836,40.06,34.747,33.029,,1,,True,False,True,,,5.0,31.3325,51.4825,False,0.0,0.0,0.0,0.0,0.0,107.836,87.85288509809529,19.983114901904713
2026,Monza,FP3,SAI,55,Williams,10.0,1.0,SOFT,10.0,True,94.814,27.291,28.778,38.745,,12,,False,True,False,,,5.0,31.3325,51.4825,False,0.0,0.0,0.0,0.0,0.0,94.814,87.85288509809529,6.961114901904708
2026,Monza,FP3,SAI,55,Williams,11.0,2.0,SOFT,11.0,False,,,31.073,29.401,,21,,False,True,False,,,5.0,31.3325,51.4825,False,0.0,0.0,0.0,0.0,0.0,,87.85288509809529,
2026,Monza,FP3,SAI,55,Williams,12.0,2.0,SOFT,12.0,False,86.215,28.433,29.223,28.559,,1,,True,False,True,,,5.0,31.3325,51.4825,False,0.0,0.0,0.0,0.0,0.0,86.215,87.85288509809529,-1.637885098095282
2026,Monza,FP3,SAI,55,Williams,13.0,2.0,SOFT,13.0,False,85.511,28.029,29.178,28.304,,1,,True,False,True,,,5.0,31.3325,51.4825,False,0.0,0.0,0.0,0.0,0.0,85.511,87.85288509809529,-2.3418850980952897
2026,Monza,FP3,SAI,55,Williams,14.0,2.0,SOFT,14.0,False,85.433,27.877,29.382,28.174,,1,,True,False,True,,,5.0,31.3325,51.4825,False,0.0,0.0,0.0,0.0,0.0,85.433,87.85288509809529,-2.4198850980952784
2026,Monza,FP3,SAI,55,Williams,15.0,2.0,SOFT,15.0,False,85.752,27.921,29.451,28.38,,12,,True,False,False,,,5.0,31.3325,51.4825,False,0.0,0.0,0.0,0.0,0.0,85.752,87.85288509809529,-2.10088509809529
2026,Monza,FP3,SAI,55,Williams,16.0,2.0,SOFT,16.0,False,85.902,27.576,29.588,28.738,,1,,True,False,True,,,5.0,31.3325,51.4825,False,0.0,0.0,0.0,0.0,0.0,85.902,87.85288509809529,-1.9508850980952843
2026,Monza,FP3,SAI,55,Williams,17.0,2.0,SOFT,17.0,False,90.197,28.089,29.399,32.709,,1,,False,True,True,,,5.0,31.3325,51.4825,False,0.0,0.0,0.0,0.0,0.0,90.197,87.85288509809529,2.3441149019047174
2026,Monza,FP3,SAI,55,Williams,18.0,3.0,SOFT,18.0,False,120.254,53.847,31.199,35.208,,1,,False,True,True,,,5.0,31.3325,51.4825,False,0.0,0.0,0.0,0.0,0.0,120.254,87.85288509809529,32.40111490190472
2026,Monza,FP3,SAI,55,Williams,19.0,4.0,SOFT,1.0,True,,,32.263,31.387,,1,,False,True,True,,,5.0,31.3325,51.4825,False,0.0,0.0,0.0,0.0,0.0,,87.85288509809529,
2026,Monza,FP3,SAI,55,Williams,20.0,4.0,SOFT,2.0,True,83.948,27.207,28.694,28.047,,1,,True,False,True,,,5.0,31.3325,51.4825,False,0.0,0.0,0.0,0.0,0.0,83.948,87.85288509809529,-3.904885098095292
2026,Monza,FP3,SAI,55,Williams,21.0,4.0,SOFT,3.0,True,127.601,43.057,40.787,43.757,,1,,False,True,True,,,5.0,31.3325,51.4825,False,0.0,0.0,0.0,0.0,0.0,127.601,87.85288509809529,39.748114901904714
2026,Monza,FP3,SAI,55,Williams,22.0,5.0,SOFT,4.0,False,126.854,59.942,35.239,31.673000000000002,,12,,False,True,False,,,5.0,31.3325,51.4825,False,0.0,0.0,0.0,0.0,0.0,126.854,87.85288509809529,39.001114901904714
2026,Monza,FP3,SAI,55,Williams,23.0,5.0,SOFT,5.0,False,83.875,27.309,28.492,28.074,,1,,True,False,True,,,5.0,31.3325,51.4825,False,0.0,0.0,0.0,0.0,0.0,83.875,87.85288509809529,-3.9778850980952853
2026,Monza,FP3,SAI,55,Williams,24.0,5.0,SOFT,6.0,False,110.711,39.296,34.934,36.481,,1,,False,True,True,,,5.0,31.3325,51.4825,False,0.0,0.0,0.0,0.0,0.0,110.711,87.85288509809529,22.858114901904713
2026,Monza,FP3,SAI,55,Williams,25.0,6.0,SOFT,7.0,False,,,29.777,30.924,,1,,False,True,True,,,5.0,31.3325,51.4825,False,0.0,0.0,0.0,0.0,0.0,,87.85288509809529,
2026,Monza,FP3,SAI,55,Williams,26.0,6.0,SOFT,8.0,False,84.481,27.624,28.653,28.204,,1,,True,False,True,,,5.0,31.3325,51.4825,False,0.0,0.0,0.0,0.0,0.0,84.481,87.85288509809529,-3.371885098095291
2026,Monza,FP3,SAI,55,Williams,27.0,6.0,SOFT,9.0,False,126.253,41.552,39.933,44.768,,1,,True,False,True,,,5.0,31.3325,51.4825,False,0.0,0.0,0.0,0.0,0.0,126.253,87.85288509809529,38.400114901904715
2026,Monza,FP3,SAI,55,Williams,28.0,6.0,SOFT,10.0,False,145.42,78.165,31.145,36.11,,1,,False,True,True,,,5.0,31.3325,51.4825,False,0.0,0.0,0.0,0.0,0.0,145.42,87.85288509809529,57.5671149019047
2026,Monza,FP3,RUS,63,Mercedes,1.0,1.0,SOFT,1.0,True,,,38.737,34.388,,1,,False,True,True,,,5.0,31.3325,51.4825,False,0.0,0.0,0.0,0.0,0.0,,87.85288509809529,
2026,Monza,FP3,RUS,63,Mercedes,2.0,1.0,SOFT,2.0,True,83.508,27.224,28.224,28.06,,1,,True,False,True,,,5.0,31.3325,51.4825,False,0.0,0.0,0.0,0.0,0.0,83.508,87.85288509809529,-4.34488509809529
2026,Monza,FP3,RUS,63,Mercedes,3.0,1.0,SOFT,3.0,True,,52.18,52.686,47.865,,1,,False,True,True,,,5.0,31.3325,51.4825,False,0.0,0.0,0.0,0.0,0.0,,87.85288509809529,
2026,Monza,FP3,RUS,63,Mercedes,4.0,2.0,SOFT,4.0,False,,,42.739,37.21,,12,,False,True,False,,,5.0,31.3325,51.4825,False,0.0,0.0,0.0,0.0,0.0,,87.85288509809529,
2026,Monza,FP3,RUS,63,Mercedes,5.0,2.0,SOFT,5.0,False,82.687,27.094,27.933,27.66,,1,,True,False,True,,,5.0,31.3325,51.4825,False,0.0,0.0,0.0,0.0,0.0,82.687,87.85288509809529,-5.165885098095288
2026,Monza,FP3,RUS,63,Mercedes,6.0,2.0,SOFT,6.0,False,127.269,40.885,46.998,39.386,,1,,False,True,True,,,5.0,31.3325,51.4825,False,0.0,0.0,0.0,0.0,0.0,127.269,87.85288509809529,39.41611490190472
2026,Monza,FP3,RUS,63,Mercedes,7.0,3.0,SOFT,1.0,True,,,36.498,32.001,,1,,False,True,True,,,5.0,31.3325,51.4825,False,0.0,0.0,0.0,0.0,0.0,,87.85288509809529,
2026,Monza,FP3,RUS,63,Mercedes,8.0,3.0,SOFT,2.0,True,82.463,27.251,27.709,27.503,,1,,True,False,True,,,5.0,31.3325,51.4825,False,0.0,0.0,0.0,0.0,0.0,82.463,87.85288509809529,-5.3898850980952915
2026,Monza,FP3,RUS,63,Mercedes,9.0,3.0,SOFT,3.0,True,120.383,38.313,38.685,43.385,,1,,False,True,True,,,5.0,31.3325,51.4825,False,0.0,0.0,0.0,0.0,0.0,120.383,87.85288509809529,32.53011490190471
2026,Monza,FP3,RUS,63,Mercedes,10.0,4.0,SOFT,4.0,False,,,56.39,32.198,,12,,False,True,False,,,5.0,31.3325,51.4825,False,0.0,0.0,0.0,0.0,0.0,,87.85288509809529,
2026,Monza,FP3,RUS,63,Mercedes,11.0,4.0,SOFT,5.0,False,116.541,35.868,48.081,32.592,,1,,True,False,True,,,5.0,31.3325,51.4825,False,0.0,0.0,0.0,0.0,0.0,116.541,87.85288509809529,28.68811490190471
2026,Monza,FP3,RUS,63,Mercedes,12.0,4.0,SOFT,6.0,False,82.219,27.112,27.768,27.339,,1,,True,False,True,,,5.0,31.3325,51.4825,False,0.0,0.0,0.0,0.0,0.0,82.219,87.85288509809529,-5.633885098095291
2026,Monza,FP3,RUS,63,Mercedes,13.0,4.0,SOFT,7.0,False,103.699,34.884,32.44,36.375,,1,,False,True,True,,,5.0,31.3325,51.4825,False,0.0,0.0,0.0,0.0,0.0,103.699,87.85288509809529,15.846114901904713
2026,Monza,FP3,BOT,77,Cadillac,1.0,1.0,SOFT,1.0,True,,,36.935,32.525,,1,,False,True,True,,,5.0,31.3325,51.4825,False,0.0,0.0,0.0,0.0,0.0,,87.85288509809529,
2026,Monza,FP3,BOT,77,Cadillac,2.0,1.0,SOFT,2.0,True,87.019,28.177,29.408,29.434,,1,,True,False,True,,,5.0,31.3325,51.4825,False,0.0,0.0,0.0,0.0,0.0,87.019,87.85288509809529,-0.8338850980952799
2026,Monza,FP3,BOT,77,Cadillac,3.0,1.0,SOFT,3.0,True,147.547,45.29,51.692,50.565,,1,,False,True,True,,,5.0,31.3325,51.4825,False,0.0,0.0,0.0,0.0,0.0,147.547,87.85288509809529,59.69411490190471
2026,Monza,FP3,BOT,77,Cadillac,4.0,2.0,SOFT,4.0,False,,59.373,52.386,51.765,,1,,False,True,True,,,5.0,31.3325,51.4825,False,0.0,0.0,0.0,0.0,0.0,,87.85288509809529,
2026,Monza,FP3,BOT,77,Cadillac,5.0,2.0,SOFT,5.0,False,86.091,27.908,29.098,29.085,,1,,True,False,True,,,5.0,31.3325,51.4825,False,0.0,0.0,0.0,0.0,0.0,86.091,87.85288509809529,-1.7618850980952914
2026,Monza,FP3,BOT,77,Cadillac,6.0,2.0,SOFT,6.0,False,108.489,34.62,33.236,40.633,,12,,False,True,False,,,5.0,31.3325,51.4825,False,0.0,0.0,0.0,0.0,0.0,108.489,87.85288509809529,20.63611490190472
2026,Monza,FP3,BOT,77,Cadillac,7.0,3.0,SOFT,7.0,False,,,35.126,32.372,,21,,False,True,False,,,5.0,31.3325,51.4825,False,0.0,0.0,0.0,0.0,0.0,,87.85288509809529,
2026,Monza,FP3,BOT,77,Cadillac,8.0,3.0,SOFT,8.0,False,85.004,27.608,28.648,28.748,,12,,True,False,False,,,5.0,31.3325,51.4825,False,0.0,0.0,0.0,0.0,0.0,85.004,87.85288509809529,-2.8488850980952805
2026,Monza,FP3,BOT,77,Cadillac,9.0,3.0,SOFT,9.0,False,118.113,42.464,39.53,36.119,,1,,True,False,True,,,5.0,31.3325,51.4825,False,0.0,0.0,0.0,0.0,0.0,118.113,87.85288509809529,30.260114901904714
2026,Monza,FP3,BOT,77,Cadillac,10.0,3.0,SOFT,10.0,False,116.412,39.023,39.434,37.955,,1,,True,False,True,,,5.0,31.3325,51.4825,False,0.0,0.0,0.0,0.0,0.0,116.412,87.85288509809529,28.55911490190472
2026,Monza,FP3,BOT,77,Cadillac,11.0,3.0,SOFT,11.0,False,85.209,27.652,28.854,28.703,,1,,True,False,True,,,5.0,31.3325,51.4825,False,0.0,0.0,0.0,0.0,0.0,85.209,87.85288509809529,-2.643885098095282
2026,Monza,FP3,BOT,77,Cadillac,12.0,3.0,SOFT,12.0,False,106.372,31.219,34.218,40.935,,1,,False,True,True,,,5.0,31.3325,51.4825,False,0.0,0.0,0.0,0.0,0.0,106.372,87.85288509809529,18.519114901904715
2026,Monza,FP3,BOT,77,Cadillac,13.0,4.0,SOFT,1.0,True,,,39.698,32.7,,1,,False,True,True,,,5.0,31.3325,51.4825,False,0.0,0.0,0.0,0.0,0.0,,87.85288509809529,
2026,Monza,FP3,BOT,77,Cadillac,14.0,4.0,SOFT,2.0,True,85.093,27.585,28.779,28.729,,1,,True,False,True,,,5.0,31.3325,51.4825,False,0.0,0.0,0.0,0.0,0.0,85.093,87.85288509809529,-2.759885098095282
2026,Monza,FP3,BOT,77,Cadillac,15.0,4.0,SOFT,3.0,True,143.05,42.568,46.771,53.711,,12,,False,True,False,,,5.0,31.3325,51.4825,False,0.0,0.0,0.0,0.0,0.0,143.05,87.85288509809529,55.197114901904726
2026,Monza,FP3,BOT,77,Cadillac,16.0,5.0,SOFT,4.0,False,131.481,61.874,36.116,33.491,,1,,False,True,True,,,5.0,31.3325,51.4825,False,0.0,0.0,0.0,0.0,0.0,131.481,87.85288509809529,43.62811490190471
2026,Monza,FP3,BOT,77,Cadillac,17.0,5.0,SOFT,5.0,False,85.099,27.291,29.102,28.706,,1,,True,False,True,,,5.0,31.3325,51.4825,False,0.0,0.0,0.0,0.0,0.0,85.099,87.85288509809529,-2.7538850980952816
2026,Monza,FP3,BOT,77,Cadillac,18.0,5.0,SOFT,6.0,False,,40.847,46.454,73.152,,1,,False,False,True,,,5.0,31.3325,51.4825,False,0.0,0.0,0.0,0.0,0.0,,87.85288509809529,
2026,Monza,FP3,BOT,77,Cadillac,19.0,5.0,SOFT,7.0,False,132.905,37.069,34.887,60.949,,1,,True,False,True,,,5.0,31.3325,51.4825,False,0.0,0.0,0.0,0.0,0.0,132.905,87.85288509809529,45.052114901904716
2026,Monza,FP3,BOT,77,Cadillac,20.0,5.0,SOFT,8.0,False,135.821,68.802,31.52,35.499,,1,,False,True,True,,,5.0,31.3325,51.4825,False,0.0,0.0,0.0,0.0,0.0,135.821,87.85288509809529,47.96811490190471
2026,Monza,FP3,PIA,81,McLaren,1.0,1.0,MEDIUM,1.0,True,,,31.867,34.548,,1,,False,True,True,,,5.0,31.3325,51.4825,False,0.0,0.0,0.0,0.0,0.0,,87.00450324055082,
2026,Monza,FP3,PIA,81,McLaren,2.0,1.0,MEDIUM,2.0,True,83.878,27.578,28.257,28.043,,12,,True,False,False,,,5.0,31.3325,51.4825,False,0.0,0.0,0.0,0.0,0.0,83.878,87.00450324055082,-3.126503240550818
2026,Monza,FP3,PIA,81,McLaren,3.0,1.0,MEDIUM,3.0,True,119.519,42.267,40.65,36.602,,21,,True,False,False,,,5.0,31.3325,51.4825,False,0.0,0.0,0.0,0.0,0.0,119.519,87.00450324055082,32.51449675944919
2026,Monza,FP3,PIA,81,McLaren,4.0,1.0,MEDIUM,4.0,True,123.248,37.623,32.73,52.895,,1,,False,True,True,,,5.0,31.3325,51.4825,False,0.0,0.0,0.0,0.0,0.0,123.248,87.00450324055082,36.24349675944919
2026,Monza,FP3,PIA,81,McLaren,5.0,2.0,MEDIUM,5.0,False,149.903,70.176,45.54,34.187,,1,,False,True,True,,,5.0,31.3325,51.4825,False,0.0,0.0,0.0,0.0,0.0,149.903,87.00450324055082,62.89849675944917
2026,Monza,FP3,PIA,81,McLaren,6.0,2.0,MEDIUM,6.0,False,135.341,33.413,53.697,48.231,,1,,True,False,True,,,5.0,31.3325,51.4825,False,0.0,0.0,0.0,0.0,0.0,135.341,87.00450324055082,48.33649675944919
2026,Monza,FP3,PIA,81,McLaren,7.0,2.0,MEDIUM,7.0,False,83.672,27.462,28.03,28.18,,1,,True,False,True,,,5.0,31.3325,51.4825,False,0.0,0.0,0.0,0.0,0.0,83.672,87.00450324055082,-3.332503240550821
2026,Monza,FP3,PIA,81,McLaren,8.0,2.0,MEDIUM,8.0,False,137.274,34.072,49.875,53.327,,12,,False,True,False,,,5.0,31.3325,51.4825,False,0.0,0.0,0.0,0.0,0.0,137.274,87.00450324055082,50.26949675944918
2026,Monza,FP3,PIA,81,McLaren,9.0,3.0,MEDIUM,9.0,False,142.108,69.682,41.646,30.78,,1,,False,True,True,,,5.0,31.3325,51.4825,False,0.0,0.0,0.0,0.0,0.0,142.108,87.00450324055082,55.103496759449186
2026,Monza,FP3,PIA,81,McLaren,10.0,3.0,MEDIUM,10.0,False,83.342,27.229,28.1,28.013,,1,,True,False,True,,,5.0,31.3325,51.4825,False,0.0,0.0,0.0,0.0,0.0,83.342,87.00450324055082,-3.6625032405508193
2026,Monza,FP3,PIA,81,McLaren,11.0,3.0,MEDIUM,11.0,False,109.77,34.622,34.665,40.483,,1,,False,True,True,,,5.0,31.3325,51.4825,False,0.0,0.0,0.0,0.0,0.0,109.77,87.00450324055082,22.765496759449178
2026,Monza,FP3,PIA,81,McLaren,12.0,4.0,MEDIUM,12.0,False,135.631,67.328,32.228,36.075,,1,,False,True,True,,,5.0,31.3325,51.4825,False,0.0,0.0,0.0,0.0,0.0,135.631,87.00450324055082,48.62649675944918
2026,Monza,FP3,PIA,81,McLaren,13.0,5.0,SOFT,1.0,True,,,32.955,31.835,,1,,False,True,True,,,5.0,31.3325,51.4825,False,0.0,0.0,0.0,0.0,0.0,,87.85288509809529,
2026,Monza,FP3,PIA,81,McLaren,14.0,5.0,SOFT,2.0,True,100.606,27.063,35.44,38.103,,12,,True,False,False,,,5.0,31.3325,51.4825,False,0.0,0.0,0.0,0.0,0.0,100.606,87.85288509809529,12.75311490190471
2026,Monza,FP3,PIA,81,McLaren,15.0,5.0,SOFT,3.0,True,130.891,45.652,44.577,40.662,,1,,True,False,True,,,5.0,31.3325,51.4825,False,0.0,0.0,0.0,0.0,0.0,130.891,87.85288509809529,43.038114901904706
2026,Monza,FP3,PIA,81,McLaren,16.0,5.0,SOFT,4.0,True,83.022,27.422,27.86,27.74,,1,,True,False,True,,,5.0,31.3325,51.4825,False,0.0,0.0,0.0,0.0,0.0,83.022,87.85288509809529,-4.83088509809528
2026,Monza,FP3,PIA,81,McLaren,17.0,5.0,SOFT,5.0,True,,48.832,59.036,44.169,,1,,False,False,True,,,5.0,31.3325,51.4825,False,0.0,0.0,0.0,0.0,0.0,,87.85288509809529,
2026,Monza,FP3,PIA,81,McLaren,18.0,5.0,SOFT,6.0,True,113.965,42.631,34.198,37.136,,1,,True,False,True,,,5.0,31.3325,51.4825,False,0.0,0.0,0.0,0.0,0.0,113.965,87.85288509809529,26.112114901904718
2026,Monza,FP3,PIA,81,McLaren,19.0,5.0,SOFT,7.0,True,82.773,26.981,27.883,27.909,,1,,True,False,True,,,5.0,31.3325,51.4825,False,0.0,0.0,0.0,0.0,0.0,82.773,87.85288509809529,-5.079885098095289
2026,Monza,FP3,PIA,81,McLaren,20.0,5.0,SOFT,8.0,True,134.045,38.043,43.198,52.804,,1,,True,False,True,,,5.0,31.3325,51.4825,False,0.0,0.0,0.0,0.0,0.0,134.045,87.85288509809529,46.1921149019047
2026,Monza,FP3,PIA,81,McLaren,21.0,5.0,SOFT,9.0,True,,81.978,38.635,49.325,,1,,False,True,True,,,5.0,31.3325,51.4825,False,0.0,0.0,0.0,0.0,0.0,,87.85288509809529,
2026,Monza,FP3,BEA,87,Haas F1 Team,1.0,1.0,MEDIUM,1.0,True,,,32.454,32.572,,1,,False,True,True,,,5.0,31.3325,51.4825,False,0.0,0.0,0.0,0.0,0.0,,87.00450324055082,
2026,Monza,FP3,BEA,87,Haas F1 Team,2.0,1.0,MEDIUM,2.0,True,84.922,28.077,28.667,28.178,,1,,True,False,True,,,5.0,31.3325,51.4825,False,0.0,0.0,0.0,0.0,0.0,84.922,87.00450324055082,-2.082503240550821
2026,Monza,FP3,BEA,87,Haas F1 Team,3.0,1.0,MEDIUM,3.0,True,148.842,51.847,52.684,44.311,,1,,True,False,True,,,5.0,31.3325,51.4825,False,0.0,0.0,0.0,0.0,0.0,148.842,87.00450324055082,61.837496759449195
2026,Monza,FP3,BEA,87,Haas F1 Team,4.0,1.0,MEDIUM,4.0,True,108.671,36.522,38.643,33.506,,1,,True,False,True,,,5.0,31.3325,51.4825,False,0.0,0.0,0.0,0.0,0.0,108.671,87.00450324055082,21.66649675944919
2026,Monza,FP3,BEA,87,Haas F1 Team,5.0,1.0,MEDIUM,5.0,True,84.784,27.826,28.645,28.313,,1,,True,False,True,,,5.0,31.3325,51.4825,False,0.0,0.0,0.0,0.0,0.0,84.784,87.00450324055082,-2.220503240550812
2026,Monza,FP3,BEA,87,Haas F1 Team,6.0,1.0,MEDIUM,6.0,True,137.107,45.864,45.371,45.872,,1,,False,True,True,,,5.0,31.3325,51.4825,False,0.0,0.0,0.0,0.0,0.0,137.107,87.00450324055082,50.10249675944918
2026,Monza,FP3,BEA,87,Haas F1 Team,7.0,2.0,MEDIUM,7.0,False,,,31.8,32.149,,12,,False,True,False,,,5.0,31.3325,51.4825,False,0.0,0.0,0.0,0.0,0.0,,87.00450324055082,
2026,Monza,FP3,BEA,87,Haas F1 Team,8.0,2.0,MEDIUM,8.0,False,118.351,27.796,52.603,37.952,,1,,True,False,True,,,5.0,31.3325,51.4825,False,0.0,0.0,0.0,0.0,0.0,118.351,87.00450324055082,31.34649675944918
2026,Monza,FP3,BEA,87,Haas F1 Team,9.0,2.0,MEDIUM,9.0,False,85.29,27.801,28.761,28.728,,12,,True,False,False,,,5.0,31.3325,51.4825,False,0.0,0.0,0.0,0.0,0.0,85.29,87.00450324055082,-1.7145032405508118
2026,Monza,FP3,BEA,87,Haas F1 Team,10.0,2.0,MEDIUM,10.0,False,,49.13,56.269,57.54,,21,,False,True,False,,,5.0,31.3325,51.4825,False,0.0,0.0,0.0,0.0,0.0,,87.00450324055082,
2026,Monza,FP3,BEA,87,Haas F1 Team,11.0,3.0,MEDIUM,11.0,False,,94.464,36.55,34.02,,1,,False,True,True,,,5.0,31.3325,51.4825,False,0.0,0.0,0.0,0.0,0.0,,87.00450324055082,
2026,Monza,FP3,BEA,87,Haas F1 Team,12.0,3.0,MEDIUM,12.0,False,84.663,27.831,28.713,28.119,,1,,True,False,True,,,5.0,31.3325,51.4825,False,0.0,0.0,0.0,0.0,0.0,84.663,87.00450324055082,-2.3415032405508214
2026,Monza,FP3,BEA,87,Haas F1 Team,13.0,3.0,MEDIUM,13.0,False,125.102,49.998,38.899,36.205,,1,,False,True,True,,,5.0,31.3325,51.4825,False,0.0,0.0,0.0,0.0,0.0,125.102,87.00450324055082,38.097496759449186
2026,Monza,FP3,BEA,87,Haas F1 Team,14.0,4.0,SOFT,1.0,True,,,32.229,31.941,,1,,False,True,True,,,5.0,31.3325,51.4825,False,0.0,0.0,0.0,0.0,0.0,,87.85288509809529,
2026,Monza,FP3,BEA,87,Haas F1 Team,15.0,4.0,SOFT,2.0,True,83.947,27.584,28.475,27.888,,1,,True,False,True,,,5.0,31.3325,51.4825,False,0.0,0.0,0.0,0.0,0.0,83.947,87.85288509809529,-3.9058850980952826
2026,Monza,FP3,BEA,87,Haas F1 Team,16.0,4.0,SOFT,3.0,True,126.314,45.391,38.843,42.08,,1,,False,True,True,,,5.0,31.3325,51.4825,False,0.0,0.0,0.0,0.0,0.0,126.314,87.85288509809529,38.46111490190471
2026,Monza,FP3,BEA,87,Haas F1 Team,17.0,5.0,SOFT,4.0,False,129.337,63.764,32.681,32.892,,12,,False,True,False,,,5.0,31.3325,51.4825,False,0.0,0.0,0.0,0.0,0.0,129.337,87.85288509809529,41.484114901904704
2026,Monza,FP3,BEA,87,Haas F1 Team,18.0,5.0,SOFT,5.0,False,83.95,27.593,28.463,27.894,,1,,True,False,True,,,5.0,31.3325,51.4825,False,0.0,0.0,0.0,0.0,0.0,83.95,87.85288509809529,-3.9028850980952825
2026,Monza,FP3,BEA,87,Haas F1 Team,19.0,5.0,SOFT,6.0,False,133.993,33.322,45.306,55.365,,1,,False,True,True,,,5.0,31.3325,51.4825,False,0.0,0.0,0.0,0.0,0.0,133.993,87.85288509809529,46.14011490190471
2026,Monza,FP3,BEA,87,Haas F1 Team,20.0,6.0,SOFT,7.0,False,,84.976,40.579,37.207,,1,,False,True,True,,,5.0,31.3325,51.4825,False,0.0,0.0,0.0,0.0,0.0,,87.85288509809529,
2026,Monza,FP3,BEA,87,Haas F1 Team,21.0,6.0,SOFT,8.0,False,83.585,27.498,28.41,27.677,,1,,True,False,True,,,5.0,31.3325,51.4825,False,0.0,0.0,0.0,0.0,0.0,83.585,87.85288509809529,-4.267885098095292
2026,Monza,FP3,BEA,87,Haas F1 Team,22.0,6.0,SOFT,9.0,False,126.404,39.967,37.199,49.238,,1,,True,False,True,,,5.0,31.3325,51.4825,False,0.0,0.0,0.0,0.0,0.0,126.404,87.85288509809529,38.55111490190471
2026,Monza,FP3,BEA,87,Haas F1 Team,23.0,6.0,SOFT,10.0,False,134.118,70.504,29.623,33.991,,1,,False,True,True,,,5.0,31.3325,51.4825,False,0.0,0.0,0.0,0.0,0.0,134.118,87.85288509809529,46.26511490190471
