year,event,session,driver,driver_number,team,lap_number,stint,compound,tyre_life,fresh_tyre,lap_time_s,sector1_s,sector2_s,sector3_s,position,track_status,is_accurate,is_pit_lap,is_green,fuel_kg_burned,assumed_harvest_mj,air_temp_c,track_temp_c,rainfall,sess_FP1,sess_FP2,sess_FP3,sess_Q,sess_R,y_fuel_s,a_y_pred,residual_s
2025,Bahrain,R,PIA,81,McLaren,2.0,1.0,SOFT,5.0,False,97.492,31.139,42.343,24.01,1.0,1,True,False,True,1.8,8.5,27.052531645569623,31.870253164556964,False,False,False,False,False,True,97.546,97.95543424112887,-0.4094342411288636
2025,Bahrain,R,PIA,81,McLaren,3.0,1.0,SOFT,6.0,False,98.083,31.306,42.727,24.05,1.0,1,True,False,True,3.6,8.5,27.052531645569623,31.870253164556964,False,False,False,False,False,True,98.191,97.95543424112887,0.2355657588711324
2025,Bahrain,R,PIA,81,McLaren,4.0,1.0,SOFT,7.0,False,98.133,31.326,42.796,24.011,1.0,1,True,False,True,5.4,8.5,27.052531645569623,31.870253164556964,False,False,False,False,False,True,98.295,97.95543424112887,0.3395657588711316
2025,Bahrain,R,PIA,81,McLaren,5.0,1.0,SOFT,8.0,False,98.043,31.305,42.69,24.048,1.0,1,True,False,True,7.2,8.5,27.052531645569623,31.870253164556964,False,False,False,False,False,True,98.259,97.95543424112887,0.30356575887113024
2025,Bahrain,R,PIA,81,McLaren,6.0,1.0,SOFT,9.0,False,98.363,31.336,42.88,24.147,1.0,1,True,False,True,9.0,8.5,27.052531645569623,31.870253164556964,False,False,False,False,False,True,98.633,97.95543424112887,0.6775657588711255
2025,Bahrain,R,PIA,81,McLaren,7.0,1.0,SOFT,10.0,False,98.498,31.448,42.862,24.188,1.0,1,True,False,True,10.8,8.5,27.052531645569623,31.870253164556964,False,False,False,False,False,True,98.822,97.95543424112887,0.8665657588711326
2025,Bahrain,R,PIA,81,McLaren,8.0,1.0,SOFT,11.0,False,98.567,31.5,42.865,24.202,1.0,1,True,False,True,12.6,8.5,27.052531645569623,31.870253164556964,False,False,False,False,False,True,98.945,97.95543424112887,0.9895657588711231
2025,Bahrain,R,PIA,81,McLaren,9.0,1.0,SOFT,12.0,False,98.8,31.521,42.944,24.335,1.0,1,True,False,True,14.4,8.5,27.052531645569623,31.870253164556964,False,False,False,False,False,True,99.232,97.95543424112887,1.2765657588711292
2025,Bahrain,R,PIA,81,McLaren,10.0,1.0,SOFT,13.0,False,98.549,31.452,42.868,24.229,1.0,1,True,False,True,16.2,8.5,27.052531645569623,31.870253164556964,False,False,False,False,False,True,99.03500000000001,97.95543424112887,1.0795657588711407
2025,Bahrain,R,PIA,81,McLaren,11.0,1.0,SOFT,14.0,False,98.681,31.426,43.024,24.231,1.0,1,True,False,True,18.0,8.5,27.052531645569623,31.870253164556964,False,False,False,False,False,True,99.221,97.95543424112887,1.2655657588711335
2025,Bahrain,R,PIA,81,McLaren,12.0,1.0,SOFT,15.0,False,99.028,31.526,43.156,24.346,1.0,1,True,False,True,19.8,8.5,27.052531645569623,31.870253164556964,False,False,False,False,False,True,99.622,97.95543424112887,1.6665657588711298
2025,Bahrain,R,PIA,81,McLaren,13.0,1.0,SOFT,16.0,False,98.763,31.482,43.069,24.212,1.0,1,True,False,True,21.6,8.5,27.052531645569623,31.870253164556964,False,False,False,False,False,True,99.411,97.95543424112887,1.4555657588711313
2025,Bahrain,R,PIA,81,McLaren,16.0,2.0,MEDIUM,2.0,True,98.063,31.078,43.003,23.982,3.0,1,True,False,True,27.0,8.5,27.052531645569623,31.870253164556964,False,False,False,False,False,True,98.873,97.1070523835844,1.7659476164156018
2025,Bahrain,R,PIA,81,McLaren,17.0,2.0,MEDIUM,3.0,True,97.733,30.997,42.803,23.933,3.0,1,True,False,True,28.8,8.5,27.052531645569623,31.870253164556964,False,False,False,False,False,True,98.59700000000001,97.1070523835844,1.4899476164156056
2025,Bahrain,R,PIA,81,McLaren,18.0,2.0,MEDIUM,4.0,True,97.688,31.042,42.772,23.874,1.0,1,True,False,True,30.6,8.5,27.052531645569623,31.870253164556964,False,False,False,False,False,True,98.60600000000001,97.1070523835844,1.498947616415606
2025,Bahrain,R,PIA,81,McLaren,19.0,2.0,MEDIUM,5.0,True,97.891,31.134,42.835,23.922,1.0,1,True,False,True,32.4,8.5,27.052531645569623,31.870253164556964,False,False,False,False,False,True,98.863,97.1070523835844,1.7559476164155967
2025,Bahrain,R,PIA,81,McLaren,20.0,2.0,MEDIUM,6.0,True,97.504,31.126,42.551,23.827,1.0,1,True,False,True,34.2,8.5,27.052531645569623,31.870253164556964,False,False,False,False,False,True,98.53,97.1070523835844,1.4229476164155983
2025,Bahrain,R,PIA,81,McLaren,21.0,2.0,MEDIUM,7.0,True,97.712,31.053,42.769,23.89,1.0,1,True,False,True,36.0,8.5,27.052531645569623,31.870253164556964,False,False,False,False,False,True,98.792,97.1070523835844,1.6849476164155988
2025,Bahrain,R,PIA,81,McLaren,22.0,2.0,MEDIUM,8.0,True,97.142,31.072,42.247,23.823,1.0,1,True,False,True,37.8,8.5,27.052531645569623,31.870253164556964,False,False,False,False,False,True,98.276,97.1070523835844,1.1689476164155934
2025,Bahrain,R,PIA,81,McLaren,23.0,2.0,MEDIUM,9.0,True,97.933,31.207,42.841,23.885,1.0,1,True,False,True,39.6,8.5,27.052531645569623,31.870253164556964,False,False,False,False,False,True,99.12100000000001,97.1070523835844,2.0139476164156065
2025,Bahrain,R,PIA,81,McLaren,24.0,2.0,MEDIUM,10.0,True,97.634,31.153,42.568,23.913,1.0,1,True,False,True,41.4,8.5,27.052531645569623,31.870253164556964,False,False,False,False,False,True,98.876,97.1070523835844,1.768947616415602
2025,Bahrain,R,PIA,81,McLaren,25.0,2.0,MEDIUM,11.0,True,97.811,31.347,42.591,23.873,1.0,1,True,False,True,43.2,8.5,27.052531645569623,31.870253164556964,False,False,False,False,False,True,99.10700000000001,97.1070523835844,1.9999476164156107
2025,Bahrain,R,PIA,81,McLaren,26.0,2.0,MEDIUM,12.0,True,97.39,31.095,42.426,23.869,1.0,1,True,False,True,45.0,8.5,27.052531645569623,31.870253164556964,False,False,False,False,False,True,98.74,97.1070523835844,1.632947616415592
2025,Bahrain,R,PIA,81,McLaren,27.0,2.0,MEDIUM,13.0,True,97.579,31.064,42.526,23.989,1.0,1,True,False,True,46.8,8.5,27.052531645569623,31.870253164556964,False,False,False,False,False,True,98.98299999999999,97.1070523835844,1.875947616415587
2025,Bahrain,R,PIA,81,McLaren,28.0,2.0,MEDIUM,14.0,True,97.693,31.228,42.482,23.983,1.0,1,True,False,True,48.6,8.5,27.052531645569623,31.870253164556964,False,False,False,False,False,True,99.151,97.1070523835844,2.0439476164155934
2025,Bahrain,R,PIA,81,McLaren,29.0,2.0,MEDIUM,15.0,True,97.677,31.178,42.547,23.952,1.0,1,True,False,True,50.4,8.5,27.052531645569623,31.870253164556964,False,False,False,False,False,True,99.18900000000001,97.1070523835844,2.0819476164156043
2025,Bahrain,R,PIA,81,McLaren,30.0,2.0,MEDIUM,16.0,True,97.811,31.408,42.483,23.92,1.0,1,True,False,True,52.2,8.5,27.052531645569623,31.870253164556964,False,False,False,False,False,True,99.37700000000001,97.1070523835844,2.2699476164156067
2025,Bahrain,R,PIA,81,McLaren,31.0,2.0,MEDIUM,17.0,True,97.556,31.137,42.532,23.887,1.0,1,True,False,True,54.0,8.5,27.052531645569623,31.870253164556964,False,False,False,False,False,True,99.176,97.1070523835844,2.068947616415599
2025,Bahrain,R,PIA,81,McLaren,36.0,3.0,MEDIUM,4.0,True,95.14,30.548,41.215,23.377,1.0,1,True,False,True,63.0,8.5,27.052531645569623,31.870253164556964,False,False,False,False,False,True,97.03,97.1070523835844,-0.0770523835844017
2025,Bahrain,R,PIA,81,McLaren,37.0,3.0,MEDIUM,5.0,True,95.375,30.644,41.272,23.459,1.0,1,True,False,True,64.8,8.5,27.052531645569623,31.870253164556964,False,False,False,False,False,True,97.319,97.1070523835844,0.21194761641559978
2025,Bahrain,R,PIA,81,McLaren,38.0,3.0,MEDIUM,6.0,True,95.997,30.732,41.78,23.485,1.0,1,True,False,True,66.60000000000001,8.5,27.052531645569623,31.870253164556964,False,False,False,False,False,True,97.995,97.1070523835844,0.8879476164156017
2025,Bahrain,R,PIA,81,McLaren,39.0,3.0,MEDIUM,7.0,True,96.174,30.738,41.913,23.523,1.0,1,True,False,True,68.4,8.5,27.052531645569623,31.870253164556964,False,False,False,False,False,True,98.22600000000001,97.1070523835844,1.1189476164156105
2025,Bahrain,R,PIA,81,McLaren,40.0,3.0,MEDIUM,8.0,True,96.36,30.889,41.986,23.485,1.0,1,True,False,True,70.2,8.5,27.052531645569623,31.870253164556964,False,False,False,False,False,True,98.466,97.1070523835844,1.3589476164155911
2025,Bahrain,R,PIA,81,McLaren,41.0,3.0,MEDIUM,9.0,True,96.326,30.912,41.839,23.575,1.0,1,True,False,True,72.0,8.5,27.052531645569623,31.870253164556964,False,False,False,False,False,True,98.48599999999999,97.1070523835844,1.3789476164155872
2025,Bahrain,R,PIA,81,McLaren,42.0,3.0,MEDIUM,10.0,True,96.249,30.95,41.813,23.486,1.0,1,True,False,True,73.8,8.5,27.052531645569623,31.870253164556964,False,False,False,False,False,True,98.463,97.1070523835844,1.355947616415591
2025,Bahrain,R,PIA,81,McLaren,43.0,3.0,MEDIUM,11.0,True,96.118,30.841,41.71,23.567,1.0,1,True,False,True,75.60000000000001,8.5,27.052531645569623,31.870253164556964,False,False,False,False,False,True,98.386,97.1070523835844,1.2789476164155928
2025,Bahrain,R,PIA,81,McLaren,44.0,3.0,MEDIUM,12.0,True,96.289,30.843,41.882,23.564,1.0,1,True,False,True,77.4,8.5,27.052531645569623,31.870253164556964,False,False,False,False,False,True,98.611,97.1070523835844,1.5039476164156014
2025,Bahrain,R,PIA,81,McLaren,45.0,3.0,MEDIUM,13.0,True,96.035,30.853,41.629,23.553,1.0,1,True,False,True,79.2,8.5,27.052531645569623,31.870253164556964,False,False,False,False,False,True,98.411,97.1070523835844,1.3039476164155985
2025,Bahrain,R,PIA,81,McLaren,46.0,3.0,MEDIUM,14.0,True,95.898,30.839,41.526,23.533,1.0,1,True,False,True,81.0,8.5,27.052531645569623,31.870253164556964,False,False,False,False,False,True,98.328,97.1070523835844,1.2209476164156001
2025,Bahrain,R,PIA,81,McLaren,47.0,3.0,MEDIUM,15.0,True,96.09,30.847,41.685,23.558,1.0,1,True,False,True,82.8,8.5,27.052531645569623,31.870253164556964,False,False,False,False,False,True,98.574,97.1070523835844,1.4669476164155952
2025,Bahrain,R,PIA,81,McLaren,48.0,3.0,MEDIUM,16.0,True,96.357,30.826,41.85,23.681,1.0,1,True,False,True,84.60000000000001,8.5,27.052531645569623,31.870253164556964,False,False,False,False,False,True,98.895,97.1070523835844,1.7879476164155932
2025,Bahrain,R,PIA,81,McLaren,49.0,3.0,MEDIUM,17.0,True,96.815,31.036,42.078,23.701,1.0,1,True,False,True,86.4,8.5,27.052531645569623,31.870253164556964,False,False,False,False,False,True,99.407,97.1070523835844,2.2999476164155936
2025,Bahrain,R,PIA,81,McLaren,50.0,3.0,MEDIUM,18.0,True,96.263,30.885,41.878,23.5,1.0,1,True,False,True,88.2,8.5,27.052531645569623,31.870253164556964,False,False,False,False,False,True,98.909,97.1070523835844,1.8019476164156032
2025,Bahrain,R,PIA,81,McLaren,51.0,3.0,MEDIUM,19.0,True,96.105,30.851,41.653,23.601,1.0,1,True,False,True,90.0,8.5,27.052531645569623,31.870253164556964,False,False,False,False,False,True,98.805,97.1070523835844,1.697947616415604
2025,Bahrain,R,PIA,81,McLaren,52.0,3.0,MEDIUM,20.0,True,95.961,30.858,41.503,23.6,1.0,1,True,False,True,91.8,8.5,27.052531645569623,31.870253164556964,False,False,False,False,False,True,98.715,97.1070523835844,1.6079476164156006
2025,Bahrain,R,PIA,81,McLaren,53.0,3.0,MEDIUM,21.0,True,96.333,30.865,41.789,23.679,1.0,1,True,False,True,93.6,8.5,27.052531645569623,31.870253164556964,False,False,False,False,False,True,99.14099999999999,97.1070523835844,2.0339476164155883
2025,Bahrain,R,PIA,81,McLaren,54.0,3.0,MEDIUM,22.0,True,96.229,30.936,41.68,23.613,1.0,1,True,False,True,95.4,8.5,27.052531645569623,31.870253164556964,False,False,False,False,False,True,99.091,97.1070523835844,1.9839476164155911
2025,Bahrain,R,PIA,81,McLaren,55.0,3.0,MEDIUM,23.0,True,96.259,30.814,41.864,23.581,1.0,1,True,False,True,97.2,8.5,27.052531645569623,31.870253164556964,False,False,False,False,False,True,99.175,97.1070523835844,2.0679476164155943
2025,Bahrain,R,PIA,81,McLaren,56.0,3.0,MEDIUM,24.0,True,96.243,30.915,41.772,23.556,1.0,1,True,False,True,99.0,8.5,27.052531645569623,31.870253164556964,False,False,False,False,False,True,99.213,97.1070523835844,2.105947616415591
2025,Bahrain,R,PIA,81,McLaren,57.0,3.0,MEDIUM,25.0,True,96.588,31.162,41.763,23.663,1.0,1,True,False,True,100.8,8.5,27.052531645569623,31.870253164556964,False,False,False,False,False,True,99.612,97.1070523835844,2.504947616415592
2025,Bahrain,R,RUS,63,Mercedes,2.0,1.0,SOFT,5.0,False,97.817,31.075,42.83,23.912,2.0,1,True,False,True,1.8,8.5,27.052531645569623,31.870253164556964,False,False,False,False,False,True,97.871,97.95543424112887,-0.08443424112887499
2025,Bahrain,R,RUS,63,Mercedes,3.0,1.0,SOFT,6.0,False,98.286,31.49,42.703,24.093,2.0,1,True,False,True,3.6,8.5,27.052531645569623,31.870253164556964,False,False,False,False,False,True,98.394,97.95543424112887,0.43856575887113536
2025,Bahrain,R,RUS,63,Mercedes,4.0,1.0,SOFT,7.0,False,98.378,31.455,42.808,24.115,2.0,1,True,False,True,5.4,8.5,27.052531645569623,31.870253164556964,False,False,False,False,False,True,98.54,97.95543424112887,0.5845657588711362
2025,Bahrain,R,RUS,63,Mercedes,5.0,1.0,SOFT,8.0,False,98.604,31.416,43.034,24.154,2.0,1,True,False,True,7.2,8.5,27.052531645569623,31.870253164556964,False,False,False,False,False,True,98.82,97.95543424112887,0.8645657588711231
2025,Bahrain,R,RUS,63,Mercedes,6.0,1.0,SOFT,9.0,False,98.467,31.427,42.851,24.189,2.0,1,True,False,True,9.0,8.5,27.052531645569623,31.870253164556964,False,False,False,False,False,True,98.737,97.95543424112887,0.7815657588711247
2025,Bahrain,R,RUS,63,Mercedes,7.0,1.0,SOFT,10.0,False,98.686,31.405,43.002,24.279,2.0,1,True,False,True,10.8,8.5,27.052531645569623,31.870253164556964,False,False,False,False,False,True,99.01,97.95543424112887,1.054565758871135
2025,Bahrain,R,RUS,63,Mercedes,8.0,1.0,SOFT,11.0,False,99.007,31.534,43.192,24.281,2.0,1,True,False,True,12.6,8.5,27.052531645569623,31.870253164556964,False,False,False,False,False,True,99.385,97.95543424112887,1.429565758871135
2025,Bahrain,R,RUS,63,Mercedes,9.0,1.0,SOFT,12.0,False,98.9,31.55,43.05,24.3,2.0,1,True,False,True,14.4,8.5,27.052531645569623,31.870253164556964,False,False,False,False,False,True,99.33200000000001,97.95543424112887,1.3765657588711377
2025,Bahrain,R,RUS,63,Mercedes,10.0,1.0,SOFT,13.0,False,98.889,31.528,43.04,24.321,2.0,1,True,False,True,16.2,8.5,27.052531645569623,31.870253164556964,False,False,False,False,False,True,99.375,97.95543424112887,1.41956575887113
2025,Bahrain,R,RUS,63,Mercedes,11.0,1.0,SOFT,14.0,False,99.152,31.474,43.381,24.297,2.0,1,True,False,True,18.0,8.5,27.052531645569623,31.870253164556964,False,False,False,False,False,True,99.69200000000001,97.95543424112887,1.7365657588711372
2025,Bahrain,R,RUS,63,Mercedes,12.0,1.0,SOFT,15.0,False,99.098,31.556,43.247,24.295,2.0,1,True,False,True,19.8,8.5,27.052531645569623,31.870253164556964,False,False,False,False,False,True,99.692,97.95543424112887,1.736565758871123
2025,Bahrain,R,RUS,63,Mercedes,15.0,2.0,MEDIUM,2.0,True,97.828,30.826,43.037,23.965,4.0,1,True,False,True,25.2,8.5,27.052531645569623,31.870253164556964,False,False,False,False,False,True,98.584,97.1070523835844,1.4769476164156004
2025,Bahrain,R,RUS,63,Mercedes,16.0,2.0,MEDIUM,3.0,True,98.067,31.186,42.855,24.026,4.0,1,True,False,True,27.0,8.5,27.052531645569623,31.870253164556964,False,False,False,False,False,True,98.877,97.1070523835844,1.7699476164155925
2025,Bahrain,R,RUS,63,Mercedes,17.0,2.0,MEDIUM,4.0,True,98.193,31.217,42.971,24.005,4.0,1,True,False,True,28.8,8.5,27.052531645569623,31.870253164556964,False,False,False,False,False,True,99.057,97.1070523835844,1.9499476164155993
2025,Bahrain,R,RUS,63,Mercedes,18.0,2.0,MEDIUM,5.0,True,98.383,31.203,43.099,24.081,2.0,1,True,False,True,30.6,8.5,27.052531645569623,31.870253164556964,False,False,False,False,False,True,99.301,97.1070523835844,2.193947616415599
2025,Bahrain,R,RUS,63,Mercedes,19.0,2.0,MEDIUM,6.0,True,98.162,31.217,42.936,24.009,2.0,1,True,False,True,32.4,8.5,27.052531645569623,31.870253164556964,False,False,False,False,False,True,99.134,97.1070523835844,2.0269476164155975
2025,Bahrain,R,RUS,63,Mercedes,20.0,2.0,MEDIUM,7.0,True,98.148,31.218,42.996,23.934,2.0,1,True,False,True,34.2,8.5,27.052531645569623,31.870253164556964,False,False,False,False,False,True,99.17399999999999,97.1070523835844,2.0669476164155896
2025,Bahrain,R,RUS,63,Mercedes,21.0,2.0,MEDIUM,8.0,True,97.841,31.152,42.8,23.889,2.0,1,True,False,True,36.0,8.5,27.052531645569623,31.870253164556964,False,False,False,False,False,True,98.92099999999999,97.1070523835844,1.8139476164155894
2025,Bahrain,R,RUS,63,Mercedes,22.0,2.0,MEDIUM,9.0,True,97.806,31.216,42.727,23.863,2.0,1,True,False,True,37.8,8.5,27.052531645569623,31.870253164556964,False,False,False,False,False,True,98.94,97.1070523835844,1.832947616415595
2025,Bahrain,R,RUS,63,Mercedes,23.0,2.0,MEDIUM,10.0,True,98.018,31.297,42.839,23.882,2.0,1,True,False,True,39.6,8.5,27.052531645569623,31.870253164556964,False,False,False,False,False,True,99.206,97.1070523835844,2.0989476164156002
2025,Bahrain,R,RUS,63,Mercedes,24.0,2.0,MEDIUM,11.0,True,97.784,31.26,42.557,23.967,2.0,1,True,False,True,41.4,8.5,27.052531645569623,31.870253164556964,False,False,False,False,False,True,99.02600000000001,97.1070523835844,1.9189476164156076
2025,Bahrain,R,RUS,63,Mercedes,25.0,2.0,MEDIUM,12.0,True,98.076,31.398,42.762,23.916,2.0,1,True,False,True,43.2,8.5,27.052531645569623,31.870253164556964,False,False,False,False,False,True,99.372,97.1070523835844,2.264947616415597
2025,Bahrain,R,RUS,63,Mercedes,26.0,2.0,MEDIUM,13.0,True,98.045,31.318,42.796,23.931,2.0,1,True,False,True,45.0,8.5,27.052531645569623,31.870253164556964,False,False,False,False,False,True,99.395,97.1070523835844,2.287947616415593
2025,Bahrain,R,RUS,63,Mercedes,27.0,2.0,MEDIUM,14.0,True,97.929,31.254,42.667,24.008,2.0,1,True,False,True,46.8,8.5,27.052531645569623,31.870253164556964,False,False,False,False,False,True,99.333,97.1070523835844,2.2259476164155956
2025,Bahrain,R,RUS,63,Mercedes,28.0,2.0,MEDIUM,15.0,True,97.996,31.307,42.677,24.012,2.0,1,True,False,True,48.6,8.5,27.052531645569623,31.870253164556964,False,False,False,False,False,True,99.454,97.1070523835844,2.3469476164155907
2025,Bahrain,R,RUS,63,Mercedes,29.0,2.0,MEDIUM,16.0,True,97.777,31.28,42.493,24.004,2.0,1,True,False,True,50.4,8.5,27.052531645569623,31.870253164556964,False,False,False,False,False,True,99.289,97.1070523835844,2.1819476164155986
2025,Bahrain,R,RUS,63,Mercedes,30.0,2.0,MEDIUM,17.0,True,97.653,31.312,42.438,23.903,2.0,1,True,False,True,52.2,8.5,27.052531645569623,31.870253164556964,False,False,False,False,False,True,99.21900000000001,97.1070523835844,2.1119476164156055
2025,Bahrain,R,RUS,63,Mercedes,31.0,2.0,MEDIUM,18.0,True,98.084,31.295,42.784,24.005,2.0,1,True,False,True,54.0,8.5,27.052531645569623,31.870253164556964,False,False,False,False,False,True,99.70400000000001,97.1070523835844,2.596947616415605
2025,Bahrain,R,RUS,63,Mercedes,36.0,3.0,SOFT,7.0,False,95.518,30.752,41.505,23.261,2.0,1,True,False,True,63.0,8.5,27.052531645569623,31.870253164556964,False,False,False,False,False,True,97.408,97.95543424112887,-0.5474342411288688
2025,Bahrain,R,RUS,63,Mercedes,37.0,3.0,SOFT,8.0,False,95.842,30.762,41.601,23.479,2.0,1,True,False,True,64.8,8.5,27.052531645569623,31.870253164556964,False,False,False,False,False,True,97.786,97.95543424112887,-0.16943424112886873
2025,Bahrain,R,NOR,4,McLaren,2.0,1.0,SOFT,5.0,False,97.91,31.193,42.593,24.124,3.0,1,True,False,True,1.8,8.5,27.052531645569623,31.870253164556964,False,False,False,False,False,True,97.964,97.95543424112887,0.008565758871128537
2025,Bahrain,R,NOR,4,McLaren,3.0,1.0,SOFT,6.0,False,98.417,31.039,43.11,24.268,3.0,1,True,False,True,3.6,8.5,27.052531645569623,31.870253164556964,False,False,False,False,False,True,98.525,97.95543424112887,0.5695657588711356
2025,Bahrain,R,NOR,4,McLaren,4.0,1.0,SOFT,7.0,False,98.235,31.052,42.808,24.375,3.0,1,True,False,True,5.4,8.5,27.052531645569623,31.870253164556964,False,False,False,False,False,True,98.397,97.95543424112887,0.44156575887113547
2025,Bahrain,R,NOR,4,McLaren,5.0,1.0,SOFT,8.0,False,98.604,31.146,43.114,24.344,3.0,1,True,False,True,7.2,8.5,27.052531645569623,31.870253164556964,False,False,False,False,False,True,98.82,97.95543424112887,0.8645657588711231
2025,Bahrain,R,NOR,4,McLaren,6.0,1.0,SOFT,9.0,False,98.57,31.176,43.09,24.304,3.0,1,True,False,True,9.0,8.5,27.052531645569623,31.870253164556964,False,False,False,False,False,True,98.83999999999999,97.95543424112887,0.8845657588711191
2025,Bahrain,R,NOR,4,McLaren,7.0,1.0,SOFT,10.0,False,98.468,31.093,42.936,24.439,3.0,1,True,False,True,10.8,8.5,27.052531645569623,31.870253164556964,False,False,False,False,False,True,98.792,97.95543424112887,0.8365657588711315
2025,Bahrain,R,NOR,4,McLaren,8.0,1.0,SOFT,11.0,False,98.97,31.197,43.276,24.497,3.0,1,True,False,True,12.6,8.5,27.052531645569623,31.870253164556964,False,False,False,False,False,True,99.348,97.95543424112887,1.3925657588711289
2025,Bahrain,R,NOR,4,McLaren,9.0,1.0,SOFT,12.0,False,99.104,31.318,43.201,24.585,3.0,1,True,False,True,14.4,8.5,27.052531645569623,31.870253164556964,False,False,False,False,False,True,99.536,97.95543424112887,1.5805657588711313
2025,Bahrain,R,NOR,4,McLaren,12.0,2.0,MEDIUM,2.0,True,97.867,30.815,43.067,23.985,11.0,1,True,False,True,19.8,8.5,27.052531645569623,31.870253164556964,False,False,False,False,False,True,98.461,97.1070523835844,1.3539476164155957
2025,Bahrain,R,NOR,4,McLaren,13.0,2.0,MEDIUM,3.0,True,97.453,31.024,42.436,23.993,10.0,1,True,False,True,21.6,8.5,27.052531645569623,31.870253164556964,False,False,False,False,False,True,98.101,97.1070523835844,0.9939476164155963
2025,Bahrain,R,NOR,4,McLaren,14.0,2.0,MEDIUM,4.0,True,98.773,31.361,43.039,24.373,9.0,1,True,False,True,23.4,8.5,27.052531645569623,31.870253164556964,False,False,False,False,False,True,99.475,97.1070523835844,2.3679476164155915
2025,Bahrain,R,NOR,4,McLaren,15.0,2.0,MEDIUM,5.0,True,97.747,30.986,42.706,24.055,6.0,1,True,False,True,25.2,8.5,27.052531645569623,31.870253164556964,False,False,False,False,False,True,98.503,97.1070523835844,1.3959476164155973
2025,Bahrain,R,NOR,4,McLaren,16.0,2.0,MEDIUM,6.0,True,98.394,31.244,42.725,24.425,5.0,1,True,False,True,27.0,8.5,27.052531645569623,31.870253164556964,False,False,False,False,False,True,99.20400000000001,97.1070523835844,2.096947616415605
2025,Bahrain,R,NOR,4,McLaren,17.0,2.0,MEDIUM,7.0,True,97.567,30.969,42.575,24.023,5.0,1,True,False,True,28.8,8.5,27.052531645569623,31.870253164556964,False,False,False,False,False,True,98.431,97.1070523835844,1.3239476164155946
2025,Bahrain,R,NOR,4,McLaren,18.0,2.0,MEDIUM,8.0,True,97.67,31.058,42.459,24.153,3.0,1,True,False,True,30.6,8.5,27.052531645569623,31.870253164556964,False,False,False,False,False,True,98.58800000000001,97.1070523835844,1.4809476164156052
2025,Bahrain,R,NOR,4,McLaren,19.0,2.0,MEDIUM,9.0,True,97.655,31.238,42.302,24.115,3.0,1,True,False,True,32.4,8.5,27.052531645569623,31.870253164556964,False,False,False,False,False,True,98.627,97.1070523835844,1.5199476164155925
2025,Bahrain,R,NOR,4,McLaren,20.0,2.0,MEDIUM,10.0,True,97.926,31.211,42.683,24.032,3.0,1,True,False,True,34.2,8.5,27.052531645569623,31.870253164556964,False,False,False,False,False,True,98.952,97.1070523835844,1.8449476164155953
2025,Bahrain,R,NOR,4,McLaren,21.0,2.0,MEDIUM,11.0,True,97.983,31.438,42.494,24.051,3.0,1,True,False,True,36.0,8.5,27.052531645569623,31.870253164556964,False,False,False,False,False,True,99.063,97.1070523835844,1.9559476164155996
2025,Bahrain,R,NOR,4,McLaren,22.0,2.0,MEDIUM,12.0,True,97.787,31.271,42.444,24.072,3.0,1,True,False,True,37.8,8.5,27.052531645569623,31.870253164556964,False,False,False,False,False,True,98.921,97.1070523835844,1.8139476164156036
2025,Bahrain,R,NOR,4,McLaren,23.0,2.0,MEDIUM,13.0,True,98.134,31.346,42.519,24.269,3.0,1,True,False,True,39.6,8.5,27.052531645569623,31.870253164556964,False,False,False,False,False,True,99.322,97.1070523835844,2.2149476164156
2025,Bahrain,R,NOR,4,McLaren,24.0,2.0,MEDIUM,14.0,True,97.983,31.587,42.393,24.003,3.0,1,True,False,True,41.4,8.5,27.052531645569623,31.870253164556964,False,False,False,False,False,True,99.22500000000001,97.1070523835844,2.1179476164156057
2025,Bahrain,R,NOR,4,McLaren,25.0,2.0,MEDIUM,15.0,True,99.29,32.025,43.027,24.238,4.0,1,True,False,True,43.2,8.5,27.052531645569623,31.870253164556964,False,False,False,False,False,True,100.58600000000001,97.1070523835844,3.47894761641561
2025,Bahrain,R,NOR,4,McLaren,26.0,2.0,MEDIUM,16.0,True,98.215,31.467,42.659,24.089,4.0,1,True,False,True,45.0,8.5,27.052531645569623,31.870253164556964,False,False,False,False,False,True,99.565,97.1070523835844,2.457947616415595
2025,Bahrain,R,NOR,4,McLaren,27.0,2.0,MEDIUM,17.0,True,97.97,31.32,42.401,24.249,4.0,1,True,False,True,46.8,8.5,27.052531645569623,31.870253164556964,False,False,False,False,False,True,99.374,97.1070523835844,2.2669476164155924
2025,Bahrain,R,NOR,4,McLaren,28.0,2.0,MEDIUM,18.0,True,97.949,31.412,42.417,24.12,4.0,1,True,False,True,48.6,8.5,27.052531645569623,31.870253164556964,False,False,False,False,False,True,99.407,97.1070523835844,2.2999476164155936
2025,Bahrain,R,NOR,4,McLaren,29.0,2.0,MEDIUM,19.0,True,98.13,31.643,42.344,24.143,4.0,1,True,False,True,50.4,8.5,27.052531645569623,31.870253164556964,False,False,False,False,False,True,99.642,97.1070523835844,2.534947616415593
2025,Bahrain,R,NOR,4,McLaren,30.0,2.0,MEDIUM,20.0,True,97.736,31.353,42.291,24.092,4.0,1,True,False,True,52.2,8.5,27.052531645569623,31.870253164556964,False,False,False,False,False,True,99.302,97.1070523835844,2.194947616415604
2025,Bahrain,R,NOR,4,McLaren,31.0,2.0,MEDIUM,21.0,True,97.927,31.346,42.527,24.054,4.0,1,True,False,True,54.0,8.5,27.052531645569623,31.870253164556964,False,False,False,False,False,True,99.54700000000001,97.1070523835844,2.4399476164156084
2025,Bahrain,R,NOR,4,McLaren,36.0,3.0,MEDIUM,4.0,True,96.505,31.304,41.68,23.521,4.0,1,True,False,True,63.0,8.5,27.052531645569623,31.870253164556964,False,False,False,False,False,True,98.395,97.1070523835844,1.2879476164155932
2025,Bahrain,R,NOR,4,McLaren,37.0,3.0,MEDIUM,5.0,True,97.967,32.673,41.735,23.559,5.0,1,True,False,True,64.8,8.5,27.052531645569623,31.870253164556964,False,False,False,False,False,True,99.911,97.1070523835844,2.8039476164155985
2025,Bahrain,R,NOR,4,McLaren,38.0,3.0,MEDIUM,6.0,True,95.728,30.584,41.696,23.448,4.0,1,True,False,True,66.60000000000001,8.5,27.052531645569623,31.870253164556964,False,False,False,False,False,True,97.726,97.1070523835844,0.6189476164155963
2025,Bahrain,R,NOR,4,McLaren,39.0,3.0,MEDIUM,7.0,True,96.259,30.981,41.609,23.669,4.0,1,True,False,True,68.4,8.5,27.052531645569623,31.870253164556964,False,False,False,False,False,True,98.311,97.1070523835844,1.2039476164156042
2025,Bahrain,R,NOR,4,McLaren,40.0,3.0,MEDIUM,8.0,True,96.121,30.828,41.791,23.502,4.0,1,True,False,True,70.2,8.5,27.052531645569623,31.870253164556964,False,False,False,False,False,True,98.22699999999999,97.1070523835844,1.1199476164155868
2025,Bahrain,R,NOR,4,McLaren,41.0,3.0,MEDIUM,9.0,True,96.259,30.958,41.785,23.516,4.0,1,True,False,True,72.0,8.5,27.052531645569623,31.870253164556964,False,False,False,False,False,True,98.419,97.1070523835844,1.311947616415594
2025,Bahrain,R,NOR,4,McLaren,42.0,3.0,MEDIUM,10.0,True,96.143,30.907,41.753,23.483,4.0,1,True,False,True,73.8,8.5,27.052531645569623,31.870253164556964,False,False,False,False,False,True,98.357,97.1070523835844,1.2499476164155965
2025,Bahrain,R,NOR,4,McLaren,43.0,3.0,MEDIUM,11.0,True,96.042,30.781,41.467,23.794,4.0,1,True,False,True,75.60000000000001,8.5,27.052531645569623,31.870253164556964,False,False,False,False,False,True,98.31,97.1070523835844,1.2029476164155994
2025,Bahrain,R,NOR,4,McLaren,44.0,3.0,MEDIUM,12.0,True,96.452,30.715,41.927,23.81,4.0,1,True,False,True,77.4,8.5,27.052531645569623,31.870253164556964,False,False,False,False,False,True,98.774,97.1070523835844,1.666947616415598
2025,Bahrain,R,NOR,4,McLaren,45.0,3.0,MEDIUM,13.0,True,96.594,30.723,42.013,23.858,4.0,1,True,False,True,79.2,8.5,27.052531645569623,31.870253164556964,False,False,False,False,False,True,98.97,97.1070523835844,1.862947616415596
2025,Bahrain,R,NOR,4,McLaren,46.0,3.0,MEDIUM,14.0,True,97.651,31.934,42.047,23.67,4.0,1,True,False,True,81.0,8.5,27.052531645569623,31.870253164556964,False,False,False,False,False,True,100.08099999999999,97.1070523835844,2.973947616415586
2025,Bahrain,R,NOR,4,McLaren,47.0,3.0,MEDIUM,15.0,True,96.315,31.013,41.659,23.643,4.0,1,True,False,True,82.8,8.5,27.052531645569623,31.870253164556964,False,False,False,False,False,True,98.79899999999999,97.1070523835844,1.6919476164155896
2025,Bahrain,R,NOR,4,McLaren,48.0,3.0,MEDIUM,16.0,True,96.579,30.746,41.937,23.896,4.0,1,True,False,True,84.60000000000001,8.5,27.052531645569623,31.870253164556964,False,False,False,False,False,True,99.11699999999999,97.1070523835844,2.0099476164155874
2025,Bahrain,R,NOR,4,McLaren,49.0,3.0,MEDIUM,17.0,True,97.861,31.679,42.33,23.852,4.0,1,True,False,True,86.4,8.5,27.052531645569623,31.870253164556964,False,False,False,False,False,True,100.453,97.1070523835844,3.3459476164156
2025,Bahrain,R,NOR,4,McLaren,50.0,3.0,MEDIUM,18.0,True,97.036,30.828,42.352,23.856,4.0,1,True,False,True,88.2,8.5,27.052531645569623,31.870253164556964,False,False,False,False,False,True,99.682,97.1070523835844,2.5749476164155993
2025,Bahrain,R,NOR,4,McLaren,51.0,3.0,MEDIUM,19.0,True,97.083,30.834,42.118,24.131,4.0,1,True,False,True,90.0,8.5,27.052531645569623,31.870253164556964,False,False,False,False,False,True,99.783,97.1070523835844,2.6759476164155984
2025,Bahrain,R,NOR,4,McLaren,52.0,3.0,MEDIUM,20.0,True,96.325,30.888,41.659,23.778,3.0,1,True,False,True,91.8,8.5,27.052531645569623,31.870253164556964,False,False,False,False,False,True,99.07900000000001,97.1070523835844,1.971947616415605
2025,Bahrain,R,NOR,4,McLaren,53.0,3.0,MEDIUM,21.0,True,96.737,31.105,41.86,23.772,3.0,1,True,False,True,93.6,8.5,27.052531645569623,31.870253164556964,False,False,False,False,False,True,99.54499999999999,97.1070523835844,2.4379476164155847
2025,Bahrain,R,NOR,4,McLaren,54.0,3.0,MEDIUM,22.0,True,97.127,31.09,42.04,23.997,3.0,1,True,False,True,95.4,8.5,27.052531645569623,31.870253164556964,False,False,False,False,False,True,99.98899999999999,97.1070523835844,2.8819476164155873
2025,Bahrain,R,NOR,4,McLaren,55.0,3.0,MEDIUM,23.0,True,97.34,31.016,42.209,24.115,3.0,1,True,False,True,97.2,8.5,27.052531645569623,31.870253164556964,False,False,False,False,False,True,100.256,97.1070523835844,3.1489476164155974
2025,Bahrain,R,NOR,4,McLaren,56.0,3.0,MEDIUM,24.0,True,97.727,31.068,42.685,23.974,3.0,1,True,False,True,99.0,8.5,27.052531645569623,31.870253164556964,False,False,False,False,False,True,100.697,97.1070523835844,3.5899476164156
2025,Bahrain,R,NOR,4,McLaren,57.0,3.0,MEDIUM,25.0,True,98.129,31.393,42.508,24.228,3.0,1,True,False,True,100.8,8.5,27.052531645569623,31.870253164556964,False,False,False,False,False,True,101.153,97.1070523835844,4.045947616415603
2025,Bahrain,R,LEC,16,Ferrari,2.0,1.0,MEDIUM,2.0,True,98.048,31.404,42.615,24.029,4.0,1,True,False,True,1.8,8.5,27.052531645569623,31.870253164556964,False,False,False,False,False,True,98.102,97.1070523835844,0.994947616415601
2025,Bahrain,R,LEC,16,Ferrari,3.0,1.0,MEDIUM,3.0,True,98.463,31.396,42.837,24.23,4.0,1,True,False,True,3.6,8.5,27.052531645569623,31.870253164556964,False,False,False,False,False,True,98.571,97.1070523835844,1.4639476164155951
2025,Bahrain,R,LEC,16,Ferrari,4.0,1.0,MEDIUM,4.0,True,98.273,31.373,42.588,24.312,4.0,1,True,False,True,5.4,8.5,27.052531645569623,31.870253164556964,False,False,False,False,False,True,98.435,97.1070523835844,1.3279476164155994
2025,Bahrain,R,LEC,16,Ferrari,5.0,1.0,MEDIUM,5.0,True,98.427,31.449,42.592,24.386,4.0,1,True,False,True,7.2,8.5,27.052531645569623,31.870253164556964,False,False,False,False,False,True,98.643,97.1070523835844,1.5359476164155978
2025,Bahrain,R,LEC,16,Ferrari,6.0,1.0,MEDIUM,6.0,True,98.784,31.149,43.411,24.224,4.0,1,True,False,True,9.0,8.5,27.052531645569623,31.870253164556964,False,False,False,False,False,True,99.054,97.1070523835844,1.9469476164155992
2025,Bahrain,R,LEC,16,Ferrari,7.0,1.0,MEDIUM,7.0,True,98.68,31.431,42.843,24.406,4.0,1,True,False,True,10.8,8.5,27.052531645569623,31.870253164556964,False,False,False,False,False,True,99.004,97.1070523835844,1.896947616415602
2025,Bahrain,R,LEC,16,Ferrari,8.0,1.0,MEDIUM,8.0,True,99.133,31.654,43.109,24.37,4.0,1,True,False,True,12.6,8.5,27.052531645569623,31.870253164556964,False,False,False,False,False,True,99.511,97.1070523835844,2.403947616415593
2025,Bahrain,R,LEC,16,Ferrari,9.0,1.0,MEDIUM,9.0,True,99.164,31.658,43.171,24.335,4.0,1,True,False,True,14.4,8.5,27.052531645569623,31.870253164556964,False,False,False,False,False,True,99.596,97.1070523835844,2.488947616415601
2025,Bahrain,R,LEC,16,Ferrari,10.0,1.0,MEDIUM,10.0,True,98.881,31.447,43.104,24.33,3.0,1,True,False,True,16.2,8.5,27.052531645569623,31.870253164556964,False,False,False,False,False,True,99.367,97.1070523835844,2.2599476164156016
2025,Bahrain,R,LEC,16,Ferrari,11.0,1.0,MEDIUM,11.0,True,99.185,31.466,43.334,24.385,3.0,1,True,False,True,18.0,8.5,27.052531645569623,31.870253164556964,False,False,False,False,False,True,99.72500000000001,97.1070523835844,2.6179476164156057
2025,Bahrain,R,LEC,16,Ferrari,12.0,1.0,MEDIUM,12.0,True,98.973,31.473,43.085,24.415,3.0,1,True,False,True,19.8,8.5,27.052531645569623,31.870253164556964,False,False,False,False,False,True,99.567,97.1070523835844,2.4599476164155902
2025,Bahrain,R,LEC,16,Ferrari,13.0,1.0,MEDIUM,13.0,True,98.721,31.428,42.848,24.445,2.0,1,True,False,True,21.6,8.5,27.052531645569623,31.870253164556964,False,False,False,False,False,True,99.369,97.1070523835844,2.261947616415597
2025,Bahrain,R,LEC,16,Ferrari,14.0,1.0,MEDIUM,14.0,True,98.87,31.531,42.808,24.531,2.0,1,True,False,True,23.4,8.5,27.052531645569623,31.870253164556964,False,False,False,False,False,True,99.572,97.1070523835844,2.4649476164156
2025,Bahrain,R,LEC,16,Ferrari,15.0,1.0,MEDIUM,15.0,True,98.856,31.499,42.94,24.417,1.0,1,True,False,True,25.2,8.5,27.052531645569623,31.870253164556964,False,False,False,False,False,True,99.612,97.1070523835844,2.504947616415592
2025,Bahrain,R,LEC,16,Ferrari,16.0,1.0,MEDIUM,16.0,True,99.061,31.637,42.888,24.536,1.0,1,True,False,True,27.0,8.5,27.052531645569623,31.870253164556964,False,False,False,False,False,True,99.87100000000001,97.1070523835844,2.7639476164156065
2025,Bahrain,R,LEC,16,Ferrari,19.0,2.0,MEDIUM,2.0,True,96.876,30.963,42.137,23.776,4.0,1,True,False,True,32.4,8.5,27.052531645569623,31.870253164556964,False,False,False,False,False,True,97.848,97.1070523835844,0.7409476164155961
2025,Bahrain,R,LEC,16,Ferrari,20.0,2.0,MEDIUM,3.0,True,97.206,31.067,42.377,23.762,4.0,1,True,False,True,34.2,8.5,27.052531645569623,31.870253164556964,False,False,False,False,False,True,98.232,97.1070523835844,1.1249476164155965
2025,Bahrain,R,LEC,16,Ferrari,21.0,2.0,MEDIUM,4.0,True,97.393,31.197,42.385,23.811,4.0,1,True,False,True,36.0,8.5,27.052531645569623,31.870253164556964,False,False,False,False,False,True,98.473,97.1070523835844,1.3659476164155961
2025,Bahrain,R,LEC,16,Ferrari,22.0,2.0,MEDIUM,5.0,True,97.363,31.076,42.343,23.944,4.0,1,True,False,True,37.8,8.5,27.052531645569623,31.870253164556964,False,False,False,False,False,True,98.497,97.1070523835844,1.389947616415597
2025,Bahrain,R,LEC,16,Ferrari,23.0,2.0,MEDIUM,6.0,True,97.666,31.263,42.373,24.03,4.0,1,True,False,True,39.6,8.5,27.052531645569623,31.870253164556964,False,False,False,False,False,True,98.854,97.1070523835844,1.7469476164155964
2025,Bahrain,R,LEC,16,Ferrari,24.0,2.0,MEDIUM,7.0,True,98.013,31.349,42.594,24.07,4.0,1,True,False,True,41.4,8.5,27.052531645569623,31.870253164556964,False,False,False,False,False,True,99.25500000000001,97.1070523835844,2.147947616415607
2025,Bahrain,R,LEC,16,Ferrari,25.0,2.0,MEDIUM,8.0,True,97.452,31.003,42.339,24.11,3.0,1,True,False,True,43.2,8.5,27.052531645569623,31.870253164556964,False,False,False,False,False,True,98.748,97.1070523835844,1.6409476164156018
2025,Bahrain,R,LEC,16,Ferrari,26.0,2.0,MEDIUM,9.0,True,97.476,31.266,42.274,23.936,3.0,1,True,False,True,45.0,8.5,27.052531645569623,31.870253164556964,False,False,False,False,False,True,98.826,97.1070523835844,1.7189476164155906
2025,Bahrain,R,LEC,16,Ferrari,27.0,2.0,MEDIUM,10.0,True,97.947,31.317,42.358,24.272,3.0,1,True,False,True,46.8,8.5,27.052531645569623,31.870253164556964,False,False,False,False,False,True,99.351,97.1070523835844,2.2439476164155963
2025,Bahrain,R,LEC,16,Ferrari,28.0,2.0,MEDIUM,11.0,True,98.105,31.487,42.443,24.175,3.0,1,True,False,True,48.6,8.5,27.052531645569623,31.870253164556964,False,False,False,False,False,True,99.563,97.1070523835844,2.4559476164155996
2025,Bahrain,R,LEC,16,Ferrari,29.0,2.0,MEDIUM,12.0,True,97.781,31.339,42.247,24.195,3.0,1,True,False,True,50.4,8.5,27.052531645569623,31.870253164556964,False,False,False,False,False,True,99.293,97.1070523835844,2.1859476164156035
2025,Bahrain,R,LEC,16,Ferrari,30.0,2.0,MEDIUM,13.0,True,97.619,31.483,42.092,24.044,3.0,1,True,False,True,52.2,8.5,27.052531645569623,31.870253164556964,False,False,False,False,False,True,99.185,97.1070523835844,2.0779476164155994
2025,Bahrain,R,LEC,16,Ferrari,31.0,2.0,MEDIUM,14.0,True,98.048,31.441,42.434,24.173,3.0,1,True,False,True,54.0,8.5,27.052531645569623,31.870253164556964,False,False,False,False,False,True,99.668,97.1070523835844,2.5609476164156035
2025,Bahrain,R,LEC,16,Ferrari,36.0,3.0,HARD,4.0,True,96.132,31.175,41.388,23.569,3.0,1,True,False,True,63.0,8.5,27.052531645569623,31.870253164556964,False,False,False,False,False,True,98.022,97.52237114309915,0.49962885690085557
2025,Bahrain,R,LEC,16,Ferrari,37.0,3.0,HARD,5.0,True,96.324,30.795,41.87,23.659,3.0,1,True,False,True,64.8,8.5,27.052531645569623,31.870253164556964,False,False,False,False,False,True,98.268,97.52237114309915,0.7456288569008507
2025,Bahrain,R,LEC,16,Ferrari,38.0,3.0,HARD,6.0,True,96.142,30.853,41.566,23.723,3.0,1,True,False,True,66.60000000000001,8.5,27.052531645569623,31.870253164556964,False,False,False,False,False,True,98.14,97.52237114309915,0.6176288569008506
2025,Bahrain,R,LEC,16,Ferrari,39.0,3.0,HARD,7.0,True,96.198,30.894,41.559,23.745,3.0,1,True,False,True,68.4,8.5,27.052531645569623,31.870253164556964,False,False,False,False,False,True,98.25,97.52237114309915,0.72762885690085
2025,Bahrain,R,LEC,16,Ferrari,40.0,3.0,HARD,8.0,True,96.28,30.873,41.741,23.666,3.0,1,True,False,True,70.2,8.5,27.052531645569623,31.870253164556964,False,False,False,False,False,True,98.386,97.52237114309915,0.8636288569008457
2025,Bahrain,R,LEC,16,Ferrari,41.0,3.0,HARD,9.0,True,96.493,30.927,41.766,23.8,3.0,1,True,False,True,72.0,8.5,27.052531645569623,31.870253164556964,False,False,False,False,False,True,98.65299999999999,97.52237114309915,1.1306288569008416
2025,Bahrain,R,LEC,16,Ferrari,42.0,3.0,HARD,10.0,True,96.304,30.919,41.57,23.815,3.0,1,True,False,True,73.8,8.5,27.052531645569623,31.870253164556964,False,False,False,False,False,True,98.518,97.52237114309915,0.9956288569008507
2025,Bahrain,R,LEC,16,Ferrari,43.0,3.0,HARD,11.0,True,96.506,30.927,41.89,23.689,3.0,1,True,False,True,75.60000000000001,8.5,27.052531645569623,31.870253164556964,False,False,False,False,False,True,98.774,97.52237114309915,1.251628856900851
2025,Bahrain,R,LEC,16,Ferrari,44.0,3.0,HARD,12.0,True,96.547,30.914,41.889,23.744,3.0,1,True,False,True,77.4,8.5,27.052531645569623,31.870253164556964,False,False,False,False,False,True,98.869,97.52237114309915,1.3466288569008498
2025,Bahrain,R,LEC,16,Ferrari,45.0,3.0,HARD,13.0,True,96.7,30.937,41.969,23.794,3.0,1,True,False,True,79.2,8.5,27.052531645569623,31.870253164556964,False,False,False,False,False,True,99.07600000000001,97.52237114309915,1.5536288569008576
2025,Bahrain,R,LEC,16,Ferrari,46.0,3.0,HARD,14.0,True,96.894,31.118,42.092,23.684,3.0,1,True,False,True,81.0,8.5,27.052531645569623,31.870253164556964,False,False,False,False,False,True,99.32400000000001,97.52237114309915,1.8016288569008623
2025,Bahrain,R,LEC,16,Ferrari,47.0,3.0,HARD,15.0,True,96.774,31.053,41.941,23.78,3.0,1,True,False,True,82.8,8.5,27.052531645569623,31.870253164556964,False,False,False,False,False,True,99.258,97.52237114309915,1.7356288569008456
2025,Bahrain,R,LEC,16,Ferrari,48.0,3.0,HARD,16.0,True,96.954,31.116,41.992,23.846,3.0,1,True,False,True,84.60000000000001,8.5,27.052531645569623,31.870253164556964,False,False,False,False,False,True,99.49199999999999,97.52237114309915,1.9696288569008402
2025,Bahrain,R,LEC,16,Ferrari,49.0,3.0,HARD,17.0,True,97.658,31.649,42.201,23.808,3.0,1,True,False,True,86.4,8.5,27.052531645569623,31.870253164556964,False,False,False,False,False,True,100.25,97.52237114309915,2.72762885690085
2025,Bahrain,R,LEC,16,Ferrari,50.0,3.0,HARD,18.0,True,96.956,31.059,42.132,23.765,3.0,1,True,False,True,88.2,8.5,27.052531645569623,31.870253164556964,False,False,False,False,False,True,99.602,97.52237114309915,2.079628856900854
2025,Bahrain,R,LEC,16,Ferrari,51.0,3.0,HARD,19.0,True,97.279,31.185,42.159,23.935,3.0,1,True,False,True,90.0,8.5,27.052531645569623,31.870253164556964,False,False,False,False,False,True,99.979,97.52237114309915,2.456628856900849
2025,Bahrain,R,LEC,16,Ferrari,52.0,3.0,HARD,20.0,True,98.423,31.588,42.692,24.143,4.0,1,True,False,True,91.8,8.5,27.052531645569623,31.870253164556964,False,False,False,False,False,True,101.177,97.52237114309915,3.6546288569008567
2025,Bahrain,R,LEC,16,Ferrari,53.0,3.0,HARD,21.0,True,97.583,31.288,42.278,24.017,4.0,1,True,False,True,93.6,8.5,27.052531645569623,31.870253164556964,False,False,False,False,False,True,100.39099999999999,97.52237114309915,2.868628856900841
2025,Bahrain,R,LEC,16,Ferrari,54.0,3.0,HARD,22.0,True,97.794,31.127,42.614,24.053,4.0,1,True,False,True,95.4,8.5,27.052531645569623,31.870253164556964,False,False,False,False,False,True,100.65599999999999,97.52237114309915,3.1336288569008417
2025,Bahrain,R,LEC,16,Ferrari,55.0,3.0,HARD,23.0,True,97.586,31.324,42.224,24.038,4.0,1,True,False,True,97.2,8.5,27.052531645569623,31.870253164556964,False,False,False,False,False,True,100.502,97.52237114309915,2.9796288569008453
2025,Bahrain,R,LEC,16,Ferrari,56.0,3.0,HARD,24.0,True,97.666,31.216,42.39,24.06,4.0,1,True,False,True,99.0,8.5,27.052531645569623,31.870253164556964,False,False,False,False,False,True,100.636,97.52237114309915,3.1136288569008457
2025,Bahrain,R,LEC,16,Ferrari,57.0,3.0,HARD,25.0,True,98.273,31.476,42.583,24.214,4.0,1,True,False,True,100.8,8.5,27.052531645569623,31.870253164556964,False,False,False,False,False,True,101.297,97.52237114309915,3.774628856900847
2025,Bahrain,R,HAM,44,Ferrari,2.0,1.0,MEDIUM,2.0,True,98.566,31.329,42.931,24.306,9.0,1,True,False,True,1.8,8.5,27.052531645569623,31.870253164556964,False,False,False,False,False,True,98.62,97.1070523835844,1.5129476164156017
2025,Bahrain,R,HAM,44,Ferrari,3.0,1.0,MEDIUM,3.0,True,98.419,31.073,43.067,24.279,9.0,1,True,False,True,3.6,8.5,27.052531645569623,31.870253164556964,False,False,False,False,False,True,98.527,97.1070523835844,1.4199476164155982
2025,Bahrain,R,HAM,44,Ferrari,4.0,1.0,MEDIUM,4.0,True,98.654,31.03,43.265,24.359,9.0,1,True,False,True,5.4,8.5,27.052531645569623,31.870253164556964,False,False,False,False,False,True,98.816,97.1070523835844,1.7089476164155997
2025,Bahrain,R,HAM,44,Ferrari,5.0,1.0,MEDIUM,5.0,True,99.465,31.108,43.969,24.388,9.0,1,True,False,True,7.2,8.5,27.052531645569623,31.870253164556964,False,False,False,False,False,True,99.681,97.1070523835844,2.5739476164155946
2025,Bahrain,R,HAM,44,Ferrari,6.0,1.0,MEDIUM,6.0,True,99.104,31.357,43.341,24.406,9.0,1,True,False,True,9.0,8.5,27.052531645569623,31.870253164556964,False,False,False,False,False,True,99.374,97.1070523835844,2.2669476164155924
2025,Bahrain,R,HAM,44,Ferrari,7.0,1.0,MEDIUM,7.0,True,99.279,31.332,43.404,24.543,9.0,1,True,False,True,10.8,8.5,27.052531645569623,31.870253164556964,False,False,False,False,False,True,99.603,97.1070523835844,2.4959476164155916
2025,Bahrain,R,HAM,44,Ferrari,8.0,1.0,MEDIUM,8.0,True,99.743,31.451,43.679,24.613,9.0,1,True,False,True,12.6,8.5,27.052531645569623,31.870253164556964,False,False,False,False,False,True,100.121,97.1070523835844,3.0139476164155923
2025,Bahrain,R,HAM,44,Ferrari,9.0,1.0,MEDIUM,9.0,True,100.945,31.727,44.66,24.558,8.0,1,True,False,True,14.4,8.5,27.052531645569623,31.870253164556964,False,False,False,False,False,True,101.377,97.1070523835844,4.2699476164155925
2025,Bahrain,R,HAM,44,Ferrari,10.0,1.0,MEDIUM,10.0,True,99.297,31.567,43.314,24.416,8.0,1,True,False,True,16.2,8.5,27.052531645569623,31.870253164556964,False,False,False,False,False,True,99.783,97.1070523835844,2.6759476164155984
2025,Bahrain,R,HAM,44,Ferrari,11.0,1.0,MEDIUM,11.0,True,99.146,31.417,43.321,24.408,5.0,1,True,False,True,18.0,8.5,27.052531645569623,31.870253164556964,False,False,False,False,False,True,99.686,97.1070523835844,2.578947616415604
2025,Bahrain,R,HAM,44,Ferrari,12.0,1.0,MEDIUM,12.0,True,98.885,31.471,43.116,24.298,5.0,1,True,False,True,19.8,8.5,27.052531645569623,31.870253164556964,False,False,False,False,False,True,99.479,97.1070523835844,2.3719476164155964
2025,Bahrain,R,HAM,44,Ferrari,13.0,1.0,MEDIUM,13.0,True,98.903,31.395,43.103,24.405,4.0,1,True,False,True,21.6,8.5,27.052531645569623,31.870253164556964,False,False,False,False,False,True,99.551,97.1070523835844,2.443947616415599
2025,Bahrain,R,HAM,44,Ferrari,14.0,1.0,MEDIUM,14.0,True,99.127,31.585,43.164,24.378,3.0,1,True,False,True,23.4,8.5,27.052531645569623,31.870253164556964,False,False,False,False,False,True,99.829,97.1070523835844,2.7219476164155907
2025,Bahrain,R,HAM,44,Ferrari,15.0,1.0,MEDIUM,15.0,True,99.276,31.589,43.107,24.58,2.0,1,True,False,True,25.2,8.5,27.052531645569623,31.870253164556964,False,False,False,False,False,True,100.032,97.1070523835844,2.9249476164155936
2025,Bahrain,R,HAM,44,Ferrari,16.0,1.0,MEDIUM,16.0,True,99.486,31.496,43.332,24.658,2.0,1,True,False,True,27.0,8.5,27.052531645569623,31.870253164556964,False,False,False,False,False,True,100.296,97.1070523835844,3.1889476164156036
2025,Bahrain,R,HAM,44,Ferrari,19.0,2.0,MEDIUM,2.0,True,96.798,30.457,42.343,23.998,10.0,1,True,False,True,32.4,8.5,27.052531645569623,31.870253164556964,False,False,False,False,False,True,97.77,97.1070523835844,0.6629476164155932
2025,Bahrain,R,HAM,44,Ferrari,20.0,2.0,MEDIUM,3.0,True,97.326,30.899,42.344,24.083,10.0,1,True,False,True,34.2,8.5,27.052531645569623,31.870253164556964,False,False,False,False,False,True,98.35199999999999,97.1070523835844,1.2449476164155868
2025,Bahrain,R,HAM,44,Ferrari,21.0,2.0,MEDIUM,4.0,True,98.43,31.003,43.047,24.38,10.0,1,True,False,True,36.0,8.5,27.052531645569623,31.870253164556964,False,False,False,False,False,True,99.51,97.1070523835844,2.4029476164156023
2025,Bahrain,R,HAM,44,Ferrari,22.0,2.0,MEDIUM,5.0,True,98.01,30.933,43.189,23.888,8.0,1,True,False,True,37.8,8.5,27.052531645569623,31.870253164556964,False,False,False,False,False,True,99.144,97.1070523835844,2.0369476164156026
2025,Bahrain,R,HAM,44,Ferrari,23.0,2.0,MEDIUM,6.0,True,97.924,31.136,42.607,24.181,8.0,1,True,False,True,39.6,8.5,27.052531645569623,31.870253164556964,False,False,False,False,False,True,99.11200000000001,97.1070523835844,2.004947616415606
2025,Bahrain,R,HAM,44,Ferrari,24.0,2.0,MEDIUM,7.0,True,98.526,31.174,43.099,24.253,8.0,1,True,False,True,41.4,8.5,27.052531645569623,31.870253164556964,False,False,False,False,False,True,99.768,97.1070523835844,2.660947616415598
2025,Bahrain,R,HAM,44,Ferrari,25.0,2.0,MEDIUM,8.0,True,97.663,30.8,42.672,24.191,7.0,1,True,False,True,43.2,8.5,27.052531645569623,31.870253164556964,False,False,False,False,False,True,98.959,97.1070523835844,1.8519476164156004
2025,Bahrain,R,HAM,44,Ferrari,26.0,2.0,MEDIUM,9.0,True,97.385,30.903,42.501,23.981,6.0,1,True,False,True,45.0,8.5,27.052531645569623,31.870253164556964,False,False,False,False,False,True,98.735,97.1070523835844,1.6279476164155966
2025,Bahrain,R,HAM,44,Ferrari,27.0,2.0,MEDIUM,10.0,True,97.695,31.32,42.331,24.044,6.0,1,True,False,True,46.8,8.5,27.052531645569623,31.870253164556964,False,False,False,False,False,True,99.09899999999999,97.1070523835844,1.9919476164155867
2025,Bahrain,R,HAM,44,Ferrari,28.0,2.0,MEDIUM,11.0,True,97.674,31.175,42.332,24.167,5.0,1,True,False,True,48.6,8.5,27.052531645569623,31.870253164556964,False,False,False,False,False,True,99.132,97.1070523835844,2.024947616415602
2025,Bahrain,R,HAM,44,Ferrari,29.0,2.0,MEDIUM,12.0,True,97.288,31.137,42.244,23.907,5.0,1,True,False,True,50.4,8.5,27.052531645569623,31.870253164556964,False,False,False,False,False,True,98.8,97.1070523835844,1.6929476164155943
2025,Bahrain,R,HAM,44,Ferrari,30.0,2.0,MEDIUM,13.0,True,97.517,31.229,42.328,23.96,5.0,1,True,False,True,52.2,8.5,27.052531645569623,31.870253164556964,False,False,False,False,False,True,99.083,97.1070523835844,1.9759476164155956
2025,Bahrain,R,HAM,44,Ferrari,31.0,2.0,MEDIUM,14.0,True,97.598,31.08,42.404,24.114,5.0,1,True,False,True,54.0,8.5,27.052531645569623,31.870253164556964,False,False,False,False,False,True,99.218,97.1070523835844,2.1109476164156007
2025,Bahrain,R,HAM,44,Ferrari,36.0,3.0,HARD,4.0,True,97.514,31.24,42.519,23.755,5.0,1,True,False,True,63.0,8.5,27.052531645569623,31.870253164556964,False,False,False,False,False,True,99.404,97.52237114309915,1.8816288569008464
2025,Bahrain,R,HAM,44,Ferrari,37.0,3.0,HARD,5.0,True,96.235,31.101,41.458,23.676,4.0,1,True,False,True,64.8,8.5,27.052531645569623,31.870253164556964,False,False,False,False,False,True,98.179,97.52237114309915,0.656628856900852
2025,Bahrain,R,HAM,44,Ferrari,38.0,3.0,HARD,6.0,True,97.198,31.402,42.034,23.762,5.0,1,True,False,True,66.60000000000001,8.5,27.052531645569623,31.870253164556964,False,False,False,False,False,True,99.196,97.52237114309915,1.673628856900848
2025,Bahrain,R,HAM,44,Ferrari,39.0,3.0,HARD,7.0,True,96.32,30.587,41.936,23.797,5.0,1,True,False,True,68.4,8.5,27.052531645569623,31.870253164556964,False,False,False,False,False,True,98.372,97.52237114309915,0.8496288569008499
2025,Bahrain,R,HAM,44,Ferrari,40.0,3.0,HARD,8.0,True,96.659,30.939,41.925,23.795,5.0,1,True,False,True,70.2,8.5,27.052531645569623,31.870253164556964,False,False,False,False,False,True,98.765,97.52237114309915,1.2426288569008506
2025,Bahrain,R,HAM,44,Ferrari,41.0,3.0,HARD,9.0,True,96.848,31.077,41.929,23.842,5.0,1,True,False,True,72.0,8.5,27.052531645569623,31.870253164556964,False,False,False,False,False,True,99.008,97.52237114309915,1.4856288569008456
2025,Bahrain,R,HAM,44,Ferrari,42.0,3.0,HARD,10.0,True,97.115,31.169,42.083,23.863,5.0,1,True,False,True,73.8,8.5,27.052531645569623,31.870253164556964,False,False,False,False,False,True,99.329,97.52237114309915,1.8066288569008435
2025,Bahrain,R,HAM,44,Ferrari,43.0,3.0,HARD,11.0,True,96.756,30.951,41.97,23.835,5.0,1,True,False,True,75.60000000000001,8.5,27.052531645569623,31.870253164556964,False,False,False,False,False,True,99.024,97.52237114309915,1.501628856900851
2025,Bahrain,R,HAM,44,Ferrari,44.0,3.0,HARD,12.0,True,97.001,31.007,42.009,23.985,5.0,1,True,False,True,77.4,8.5,27.052531645569623,31.870253164556964,False,False,False,False,False,True,99.32300000000001,97.52237114309915,1.8006288569008575
2025,Bahrain,R,HAM,44,Ferrari,45.0,3.0,HARD,13.0,True,97.034,30.95,42.218,23.866,5.0,1,True,False,True,79.2,8.5,27.052531645569623,31.870253164556964,False,False,False,False,False,True,99.41000000000001,97.52237114309915,1.8876288569008608
2025,Bahrain,R,HAM,44,Ferrari,46.0,3.0,HARD,14.0,True,97.025,31.098,42.041,23.886,5.0,1,True,False,True,81.0,8.5,27.052531645569623,31.870253164556964,False,False,False,False,False,True,99.45500000000001,97.52237114309915,1.9326288569008625
2025,Bahrain,R,HAM,44,Ferrari,47.0,3.0,HARD,15.0,True,96.882,30.992,41.984,23.906,5.0,1,True,False,True,82.8,8.5,27.052531645569623,31.870253164556964,False,False,False,False,False,True,99.366,97.52237114309915,1.8436288569008497
2025,Bahrain,R,HAM,44,Ferrari,48.0,3.0,HARD,16.0,True,97.017,31.102,41.998,23.917,5.0,1,True,False,True,84.60000000000001,8.5,27.052531645569623,31.870253164556964,False,False,False,False,False,True,99.55499999999999,97.52237114309915,2.0326288569008426
2025,Bahrain,R,HAM,44,Ferrari,49.0,3.0,HARD,17.0,True,97.633,31.13,42.568,23.935,5.0,1,True,False,True,86.4,8.5,27.052531645569623,31.870253164556964,False,False,False,False,False,True,100.225,97.52237114309915,2.7026288569008443
2025,Bahrain,R,HAM,44,Ferrari,50.0,3.0,HARD,18.0,True,97.576,31.112,42.44,24.024,5.0,1,True,False,True,88.2,8.5,27.052531645569623,31.870253164556964,False,False,False,False,False,True,100.222,97.52237114309915,2.699628856900844
2025,Bahrain,R,HAM,44,Ferrari,51.0,3.0,HARD,19.0,True,98.112,31.522,42.542,24.048,5.0,1,True,False,True,90.0,8.5,27.052531645569623,31.870253164556964,False,False,False,False,False,True,100.812,97.52237114309915,3.2896288569008476
2025,Bahrain,R,HAM,44,Ferrari,52.0,3.0,HARD,20.0,True,97.747,31.064,42.597,24.086,5.0,1,True,False,True,91.8,8.5,27.052531645569623,31.870253164556964,False,False,False,False,False,True,100.501,97.52237114309915,2.9786288569008548
2025,Bahrain,R,HAM,44,Ferrari,53.0,3.0,HARD,21.0,True,98.162,31.414,42.639,24.109,5.0,1,True,False,True,93.6,8.5,27.052531645569623,31.870253164556964,False,False,False,False,False,True,100.97,97.52237114309915,3.447628856900849
2025,Bahrain,R,HAM,44,Ferrari,54.0,3.0,HARD,22.0,True,98.028,31.242,42.762,24.024,5.0,1,True,False,True,95.4,8.5,27.052531645569623,31.870253164556964,False,False,False,False,False,True,100.89,97.52237114309915,3.3676288569008506
2025,Bahrain,R,HAM,44,Ferrari,55.0,3.0,HARD,23.0,True,98.026,31.426,42.565,24.035,5.0,1,True,False,True,97.2,8.5,27.052531645569623,31.870253164556964,False,False,False,False,False,True,100.942,97.52237114309915,3.419628856900843
2025,Bahrain,R,HAM,44,Ferrari,56.0,3.0,HARD,24.0,True,98.062,31.273,42.639,24.15,5.0,1,True,False,True,99.0,8.5,27.052531645569623,31.870253164556964,False,False,False,False,False,True,101.032,97.52237114309915,3.5096288569008465
2025,Bahrain,R,HAM,44,Ferrari,57.0,3.0,HARD,25.0,True,98.438,31.336,43.009,24.093,5.0,1,True,False,True,100.8,8.5,27.052531645569623,31.870253164556964,False,False,False,False,False,True,101.462,97.52237114309915,3.9396288569008533
2025,Bahrain,R,VER,1,Red Bull Racing,2.0,1.0,SOFT,5.0,False,98.403,31.183,42.971,24.249,8.0,1,True,False,True,1.8,8.5,27.052531645569623,31.870253164556964,False,False,False,False,False,True,98.45700000000001,97.95543424112887,0.5015657588711377
2025,Bahrain,R,VER,1,Red Bull Racing,3.0,1.0,SOFT,6.0,False,98.475,30.952,43.091,24.432,8.0,1,True,False,True,3.6,8.5,27.052531645569623,31.870253164556964,False,False,False,False,False,True,98.583,97.95543424112887,0.6275657588711283
2025,Bahrain,R,VER,1,Red Bull Racing,4.0,1.0,SOFT,7.0,False,98.549,30.908,43.238,24.403,8.0,1,True,False,True,5.4,8.5,27.052531645569623,31.870253164556964,False,False,False,False,False,True,98.71100000000001,97.95543424112887,0.7555657588711426
2025,Bahrain,R,VER,1,Red Bull Racing,5.0,1.0,SOFT,8.0,False,98.76,31.138,43.175,24.447,7.0,1,True,False,True,7.2,8.5,27.052531645569623,31.870253164556964,False,False,False,False,False,True,98.976,97.95543424112887,1.020565758871129
2025,Bahrain,R,VER,1,Red Bull Racing,6.0,1.0,SOFT,9.0,False,98.593,31.04,43.04,24.513,7.0,1,True,False,True,9.0,8.5,27.052531645569623,31.870253164556964,False,False,False,False,False,True,98.863,97.95543424112887,0.9075657588711294
2025,Bahrain,R,VER,1,Red Bull Racing,7.0,1.0,SOFT,10.0,False,98.929,31.093,43.268,24.568,7.0,1,True,False,True,10.8,8.5,27.052531645569623,31.870253164556964,False,False,False,False,False,True,99.253,97.95543424112887,1.29756575887113
2025,Bahrain,R,VER,1,Red Bull Racing,8.0,1.0,SOFT,11.0,False,99.385,31.208,43.654,24.523,7.0,1,True,False,True,12.6,8.5,27.052531645569623,31.870253164556964,False,False,False,False,False,True,99.763,97.95543424112887,1.8075657588711351
2025,Bahrain,R,VER,1,Red Bull Racing,9.0,1.0,SOFT,12.0,False,99.67,31.767,43.281,24.622,7.0,1,True,False,True,14.4,8.5,27.052531645569623,31.870253164556964,False,False,False,False,False,True,100.102,97.95543424112887,2.1465657588711338
2025,Bahrain,R,VER,1,Red Bull Racing,12.0,2.0,HARD,2.0,True,97.204,31.031,42.045,24.128,16.0,1,True,False,True,19.8,8.5,27.052531645569623,31.870253164556964,False,False,False,False,False,True,97.79799999999999,97.52237114309915,0.2756288569008376
2025,Bahrain,R,VER,1,Red Bull Racing,13.0,2.0,HARD,3.0,True,98.327,30.807,42.931,24.589,13.0,1,True,False,True,21.6,8.5,27.052531645569623,31.870253164556964,False,False,False,False,False,True,98.975,97.52237114309915,1.4526288569008443
2025,Bahrain,R,VER,1,Red Bull Racing,14.0,2.0,HARD,4.0,True,98.087,30.837,42.822,24.428,12.0,1,True,False,True,23.4,8.5,27.052531645569623,31.870253164556964,False,False,False,False,False,True,98.789,97.52237114309915,1.2666288569008515
2025,Bahrain,R,VER,1,Red Bull Racing,15.0,2.0,HARD,5.0,True,98.287,31.029,42.932,24.326,10.0,1,True,False,True,25.2,8.5,27.052531645569623,31.870253164556964,False,False,False,False,False,True,99.043,97.52237114309915,1.5206288569008564
2025,Bahrain,R,VER,1,Red Bull Racing,16.0,2.0,HARD,6.0,True,99.303,31.259,43.322,24.722,9.0,1,True,False,True,27.0,8.5,27.052531645569623,31.870253164556964,False,False,False,False,False,True,100.113,97.52237114309915,2.5906288569008495
2025,Bahrain,R,VER,1,Red Bull Racing,17.0,2.0,HARD,7.0,True,98.408,31.268,42.801,24.339,8.0,1,True,False,True,28.8,8.5,27.052531645569623,31.870253164556964,False,False,False,False,False,True,99.272,97.52237114309915,1.7496288569008556
2025,Bahrain,R,VER,1,Red Bull Racing,18.0,2.0,HARD,8.0,True,98.553,31.151,42.95,24.452,7.0,1,True,False,True,30.6,8.5,27.052531645569623,31.870253164556964,False,False,False,False,False,True,99.471,97.52237114309915,1.9486288569008536
2025,Bahrain,R,VER,1,Red Bull Racing,19.0,2.0,HARD,9.0,True,98.515,31.078,42.988,24.449,7.0,1,True,False,True,32.4,8.5,27.052531645569623,31.870253164556964,False,False,False,False,False,True,99.487,97.52237114309915,1.9646288569008448
2025,Bahrain,R,VER,1,Red Bull Racing,20.0,2.0,HARD,10.0,True,100.427,31.993,43.988,24.446,8.0,1,True,False,True,34.2,8.5,27.052531645569623,31.870253164556964,False,False,False,False,False,True,101.453,97.52237114309915,3.930628856900853
2025,Bahrain,R,VER,1,Red Bull Racing,21.0,2.0,HARD,11.0,True,98.948,31.207,43.163,24.578,8.0,1,True,False,True,36.0,8.5,27.052531645569623,31.870253164556964,False,False,False,False,False,True,100.02799999999999,97.52237114309915,2.5056288569008416
2025,Bahrain,R,VER,1,Red Bull Racing,22.0,2.0,HARD,12.0,True,100.076,31.627,43.856,24.593,9.0,1,True,False,True,37.8,8.5,27.052531645569623,31.870253164556964,False,False,False,False,False,True,101.21,97.52237114309915,3.6876288569008437
2025,Bahrain,R,VER,1,Red Bull Racing,23.0,2.0,HARD,13.0,True,98.433,31.033,42.911,24.489,9.0,1,True,False,True,39.6,8.5,27.052531645569623,31.870253164556964,False,False,False,False,False,True,99.62100000000001,97.52237114309915,2.0986288569008593
2025,Bahrain,R,VER,1,Red Bull Racing,24.0,2.0,HARD,14.0,True,98.871,31.598,42.867,24.406,9.0,1,True,False,True,41.4,8.5,27.052531645569623,31.870253164556964,False,False,False,False,False,True,100.113,97.52237114309915,2.5906288569008495
2025,Bahrain,R,VER,1,Red Bull Racing,25.0,2.0,HARD,15.0,True,99.492,31.608,43.181,24.703,9.0,1,True,False,True,43.2,8.5,27.052531645569623,31.870253164556964,False,False,False,False,False,True,100.78800000000001,97.52237114309915,3.265628856900861
2025,Bahrain,R,VER,1,Red Bull Racing,28.0,3.0,MEDIUM,2.0,True,97.09,30.751,42.369,23.97,17.0,1,True,False,True,48.6,8.5,27.052531645569623,31.870253164556964,False,False,False,False,False,True,98.548,97.1070523835844,1.440947616415599
2025,Bahrain,R,VER,1,Red Bull Racing,29.0,3.0,MEDIUM,3.0,True,96.167,30.598,41.822,23.747,14.0,1,True,False,True,50.4,8.5,27.052531645569623,31.870253164556964,False,False,False,False,False,True,97.679,97.1070523835844,0.5719476164155992
2025,Bahrain,R,VER,1,Red Bull Racing,30.0,3.0,MEDIUM,4.0,True,96.694,31.07,41.837,23.787,14.0,1,True,False,True,52.2,8.5,27.052531645569623,31.870253164556964,False,False,False,False,False,True,98.26,97.1070523835844,1.1529476164156023
2025,Bahrain,R,VER,1,Red Bull Racing,31.0,3.0,MEDIUM,5.0,True,98.04,31.048,42.577,24.415,14.0,1,True,False,True,54.0,8.5,27.052531645569623,31.870253164556964,False,False,False,False,False,True,99.66000000000001,97.1070523835844,2.552947616415608
2025,Bahrain,R,VER,1,Red Bull Racing,36.0,3.0,MEDIUM,10.0,True,98.622,31.795,42.704,24.123,8.0,1,True,False,True,63.0,8.5,27.052531645569623,31.870253164556964,False,False,False,False,False,True,100.512,97.1070523835844,3.4049476164155976
2025,Bahrain,R,VER,1,Red Bull Racing,37.0,3.0,MEDIUM,11.0,True,97.345,31.027,42.228,24.09,8.0,1,True,False,True,64.8,8.5,27.052531645569623,31.870253164556964,False,False,False,False,False,True,99.289,97.1070523835844,2.1819476164155986
2025,Bahrain,R,VER,1,Red Bull Racing,38.0,3.0,MEDIUM,12.0,True,96.171,30.521,41.675,23.975,7.0,1,True,False,True,66.60000000000001,8.5,27.052531645569623,31.870253164556964,False,False,False,False,False,True,98.16900000000001,97.1070523835844,1.0619476164156083
2025,Bahrain,R,VER,1,Red Bull Racing,39.0,3.0,MEDIUM,13.0,True,96.67,30.945,41.913,23.812,7.0,1,True,False,True,68.4,8.5,27.052531645569623,31.870253164556964,False,False,False,False,False,True,98.72200000000001,97.1070523835844,1.6149476164156056
2025,Bahrain,R,VER,1,Red Bull Racing,40.0,3.0,MEDIUM,14.0,True,97.059,31.13,41.987,23.942,7.0,1,True,False,True,70.2,8.5,27.052531645569623,31.870253164556964,False,False,False,False,False,True,99.16499999999999,97.1070523835844,2.057947616415589
2025,Bahrain,R,VER,1,Red Bull Racing,41.0,3.0,MEDIUM,15.0,True,96.922,31.063,41.956,23.903,7.0,1,True,False,True,72.0,8.5,27.052531645569623,31.870253164556964,False,False,False,False,False,True,99.082,97.1070523835844,1.9749476164155908
2025,Bahrain,R,VER,1,Red Bull Racing,42.0,3.0,MEDIUM,16.0,True,97.163,31.15,41.941,24.072,7.0,1,True,False,True,73.8,8.5,27.052531645569623,31.870253164556964,False,False,False,False,False,True,99.377,97.1070523835844,2.2699476164155925
2025,Bahrain,R,VER,1,Red Bull Racing,43.0,3.0,MEDIUM,17.0,True,97.095,31.133,41.962,24.0,7.0,1,True,False,True,75.60000000000001,8.5,27.052531645569623,31.870253164556964,False,False,False,False,False,True,99.363,97.1070523835844,2.2559476164155967
2025,Bahrain,R,VER,1,Red Bull Racing,44.0,3.0,MEDIUM,18.0,True,97.038,31.118,41.962,23.958,7.0,1,True,False,True,77.4,8.5,27.052531645569623,31.870253164556964,False,False,False,False,False,True,99.36,97.1070523835844,2.2529476164155966
2025,Bahrain,R,VER,1,Red Bull Racing,45.0,3.0,MEDIUM,19.0,True,97.385,31.076,42.169,24.14,7.0,1,True,False,True,79.2,8.5,27.052531645569623,31.870253164556964,False,False,False,False,False,True,99.76100000000001,97.1070523835844,2.653947616415607
2025,Bahrain,R,VER,1,Red Bull Racing,46.0,3.0,MEDIUM,20.0,True,97.351,31.246,42.132,23.973,7.0,1,True,False,True,81.0,8.5,27.052531645569623,31.870253164556964,False,False,False,False,False,True,99.781,97.1070523835844,2.673947616415603
2025,Bahrain,R,VER,1,Red Bull Racing,47.0,3.0,MEDIUM,21.0,True,97.369,31.179,42.177,24.013,7.0,1,True,False,True,82.8,8.5,27.052531645569623,31.870253164556964,False,False,False,False,False,True,99.853,97.1070523835844,2.7459476164155916
2025,Bahrain,R,VER,1,Red Bull Racing,48.0,3.0,MEDIUM,22.0,True,97.484,31.278,42.139,24.067,7.0,1,True,False,True,84.60000000000001,8.5,27.052531645569623,31.870253164556964,False,False,False,False,False,True,100.02199999999999,97.1070523835844,2.9149476164155885
2025,Bahrain,R,VER,1,Red Bull Racing,49.0,3.0,MEDIUM,23.0,True,97.62,31.408,42.265,23.947,7.0,1,True,False,True,86.4,8.5,27.052531645569623,31.870253164556964,False,False,False,False,False,True,100.212,97.1070523835844,3.1049476164156005
2025,Bahrain,R,VER,1,Red Bull Racing,50.0,3.0,MEDIUM,24.0,True,97.684,30.896,42.568,24.22,7.0,1,True,False,True,88.2,8.5,27.052531645569623,31.870253164556964,False,False,False,False,False,True,100.33,97.1070523835844,3.2229476164155955
2025,Bahrain,R,VER,1,Red Bull Racing,51.0,3.0,MEDIUM,25.0,True,98.075,31.254,42.744,24.077,7.0,1,True,False,True,90.0,8.5,27.052531645569623,31.870253164556964,False,False,False,False,False,True,100.775,97.1070523835844,3.667947616415603
2025,Bahrain,R,VER,1,Red Bull Racing,52.0,3.0,MEDIUM,26.0,True,98.065,31.022,42.676,24.367,7.0,1,True,False,True,91.8,8.5,27.052531645569623,31.870253164556964,False,False,False,False,False,True,100.819,97.1070523835844,3.7119476164156
2025,Bahrain,R,VER,1,Red Bull Racing,53.0,3.0,MEDIUM,27.0,True,98.435,31.244,43.025,24.166,7.0,1,True,False,True,93.6,8.5,27.052531645569623,31.870253164556964,False,False,False,False,False,True,101.243,97.1070523835844,4.135947616415592
2025,Bahrain,R,VER,1,Red Bull Racing,54.0,3.0,MEDIUM,28.0,True,98.398,31.256,42.903,24.239,7.0,1,True,False,True,95.4,8.5,27.052531645569623,31.870253164556964,False,False,False,False,False,True,101.25999999999999,97.1070523835844,4.152947616415588
2025,Bahrain,R,VER,1,Red Bull Racing,55.0,3.0,MEDIUM,29.0,True,98.687,31.348,43.164,24.175,7.0,1,True,False,True,97.2,8.5,27.052531645569623,31.870253164556964,False,False,False,False,False,True,101.603,97.1070523835844,4.495947616415592
2025,Bahrain,R,VER,1,Red Bull Racing,56.0,3.0,MEDIUM,30.0,True,98.016,31.155,42.708,24.153,7.0,1,True,False,True,99.0,8.5,27.052531645569623,31.870253164556964,False,False,False,False,False,True,100.986,97.1070523835844,3.8789476164156014
2025,Bahrain,R,VER,1,Red Bull Racing,57.0,3.0,MEDIUM,31.0,True,97.662,31.024,42.504,24.134,6.0,1,True,False,True,100.8,8.5,27.052531645569623,31.870253164556964,False,False,False,False,False,True,100.686,97.1070523835844,3.578947616415604
2025,Bahrain,R,GAS,10,Alpine,2.0,1.0,SOFT,5.0,False,98.064,31.421,42.439,24.204,5.0,1,True,False,True,1.8,8.5,27.052531645569623,31.870253164556964,False,False,False,False,False,True,98.118,97.95543424112887,0.1625657588711249
2025,Bahrain,R,GAS,10,Alpine,3.0,1.0,SOFT,6.0,False,98.418,31.18,42.805,24.433,5.0,1,True,False,True,3.6,8.5,27.052531645569623,31.870253164556964,False,False,False,False,False,True,98.52600000000001,97.95543424112887,0.5705657588711404
2025,Bahrain,R,GAS,10,Alpine,4.0,1.0,SOFT,7.0,False,98.312,31.295,42.581,24.436,5.0,1,True,False,True,5.4,8.5,27.052531645569623,31.870253164556964,False,False,False,False,False,True,98.474,97.95543424112887,0.5185657588711337
2025,Bahrain,R,GAS,10,Alpine,5.0,1.0,SOFT,8.0,False,98.616,31.28,42.999,24.337,5.0,1,True,False,True,7.2,8.5,27.052531645569623,31.870253164556964,False,False,False,False,False,True,98.832,97.95543424112887,0.8765657588711235
2025,Bahrain,R,GAS,10,Alpine,6.0,1.0,SOFT,9.0,False,98.867,31.337,43.007,24.523,5.0,1,True,False,True,9.0,8.5,27.052531645569623,31.870253164556964,False,False,False,False,False,True,99.137,97.95543424112887,1.1815657588711304
2025,Bahrain,R,GAS,10,Alpine,7.0,1.0,SOFT,10.0,False,99.003,31.363,43.004,24.636,5.0,1,True,False,True,10.8,8.5,27.052531645569623,31.870253164556964,False,False,False,False,False,True,99.327,97.95543424112887,1.371565758871128
2025,Bahrain,R,GAS,10,Alpine,8.0,1.0,SOFT,11.0,False,99.431,31.778,42.932,24.721,5.0,1,True,False,True,12.6,8.5,27.052531645569623,31.870253164556964,False,False,False,False,False,True,99.809,97.95543424112887,1.8535657588711274
2025,Bahrain,R,GAS,10,Alpine,9.0,1.0,SOFT,12.0,False,100.096,31.839,43.53,24.727,5.0,1,True,False,True,14.4,8.5,27.052531645569623,31.870253164556964,False,False,False,False,False,True,100.528,97.95543424112887,2.5725657588711357
2025,Bahrain,R,GAS,10,Alpine,12.0,2.0,MEDIUM,2.0,True,97.388,31.219,42.111,24.058,13.0,1,True,False,True,19.8,8.5,27.052531645569623,31.870253164556964,False,False,False,False,False,True,97.982,97.1070523835844,0.8749476164155965
2025,Bahrain,R,GAS,10,Alpine,13.0,2.0,MEDIUM,3.0,True,97.668,30.718,42.669,24.281,11.0,1,True,False,True,21.6,8.5,27.052531645569623,31.870253164556964,False,False,False,False,False,True,98.316,97.1070523835844,1.2089476164155997
2025,Bahrain,R,GAS,10,Alpine,14.0,2.0,MEDIUM,4.0,True,99.69,31.591,43.309,24.79,10.0,1,True,False,True,23.4,8.5,27.052531645569623,31.870253164556964,False,False,False,False,False,True,100.392,97.1070523835844,3.284947616415593
2025,Bahrain,R,GAS,10,Alpine,15.0,2.0,MEDIUM,5.0,True,98.045,31.144,42.486,24.415,8.0,1,True,False,True,25.2,8.5,27.052531645569623,31.870253164556964,False,False,False,False,False,True,98.801,97.1070523835844,1.693947616415599
2025,Bahrain,R,GAS,10,Alpine,16.0,2.0,MEDIUM,6.0,True,98.181,31.19,42.649,24.342,7.0,1,True,False,True,27.0,8.5,27.052531645569623,31.870253164556964,False,False,False,False,False,True,98.991,97.1070523835844,1.8839476164155968
2025,Bahrain,R,GAS,10,Alpine,17.0,2.0,MEDIUM,7.0,True,98.198,31.455,42.584,24.159,6.0,1,True,False,True,28.8,8.5,27.052531645569623,31.870253164556964,False,False,False,False,False,True,99.062,97.1070523835844,1.9549476164155948
2025,Bahrain,R,GAS,10,Alpine,18.0,2.0,MEDIUM,8.0,True,99.151,31.551,43.188,24.412,5.0,1,True,False,True,30.6,8.5,27.052531645569623,31.870253164556964,False,False,False,False,False,True,100.069,97.1070523835844,2.9619476164156
2025,Bahrain,R,GAS,10,Alpine,19.0,2.0,MEDIUM,9.0,True,98.112,31.265,42.607,24.24,5.0,1,True,False,True,32.4,8.5,27.052531645569623,31.870253164556964,False,False,False,False,False,True,99.08399999999999,97.1070523835844,1.9769476164155861
2025,Bahrain,R,GAS,10,Alpine,20.0,2.0,MEDIUM,10.0,True,98.441,31.508,42.755,24.178,5.0,1,True,False,True,34.2,8.5,27.052531645569623,31.870253164556964,False,False,False,False,False,True,99.467,97.1070523835844,2.359947616415596
2025,Bahrain,R,GAS,10,Alpine,21.0,2.0,MEDIUM,11.0,True,98.193,31.441,42.602,24.15,5.0,1,True,False,True,36.0,8.5,27.052531645569623,31.870253164556964,False,False,False,False,False,True,99.273,97.1070523835844,2.1659476164155933
2025,Bahrain,R,GAS,10,Alpine,22.0,2.0,MEDIUM,12.0,True,98.346,31.668,42.587,24.091,5.0,1,True,False,True,37.8,8.5,27.052531645569623,31.870253164556964,False,False,False,False,False,True,99.48,97.1070523835844,2.372947616415601
2025,Bahrain,R,GAS,10,Alpine,23.0,2.0,MEDIUM,13.0,True,98.616,31.643,42.647,24.326,5.0,1,True,False,True,39.6,8.5,27.052531645569623,31.870253164556964,False,False,False,False,False,True,99.804,97.1070523835844,2.696947616415599
2025,Bahrain,R,GAS,10,Alpine,24.0,2.0,MEDIUM,14.0,True,98.44,31.697,42.567,24.176,5.0,1,True,False,True,41.4,8.5,27.052531645569623,31.870253164556964,False,False,False,False,False,True,99.682,97.1070523835844,2.5749476164155993
2025,Bahrain,R,GAS,10,Alpine,25.0,2.0,MEDIUM,15.0,True,98.695,31.7,42.646,24.349,5.0,1,True,False,True,43.2,8.5,27.052531645569623,31.870253164556964,False,False,False,False,False,True,99.991,97.1070523835844,2.883947616415597
2025,Bahrain,R,GAS,10,Alpine,26.0,2.0,MEDIUM,16.0,True,98.898,31.735,42.897,24.266,5.0,1,True,False,True,45.0,8.5,27.052531645569623,31.870253164556964,False,False,False,False,False,True,100.24799999999999,97.1070523835844,3.1409476164155876
2025,Bahrain,R,GAS,10,Alpine,27.0,2.0,MEDIUM,17.0,True,98.752,31.651,42.738,24.363,5.0,1,True,False,True,46.8,8.5,27.052531645569623,31.870253164556964,False,False,False,False,False,True,100.15599999999999,97.1070523835844,3.048947616415589
2025,Bahrain,R,GAS,10,Alpine,30.0,3.0,HARD,2.0,True,97.268,31.157,42.228,23.883,10.0,1,True,False,True,52.2,8.5,27.052531645569623,31.870253164556964,False,False,False,False,False,True,98.834,97.52237114309915,1.3116288569008532
2025,Bahrain,R,GAS,10,Alpine,31.0,3.0,HARD,3.0,True,97.691,31.219,41.961,24.511,10.0,1,True,False,True,54.0,8.5,27.052531645569623,31.870253164556964,False,False,False,False,False,True,99.311,97.52237114309915,1.788628856900857
2025,Bahrain,R,GAS,10,Alpine,36.0,3.0,HARD,8.0,True,97.431,31.664,42.02,23.747,6.0,1,True,False,True,63.0,8.5,27.052531645569623,31.870253164556964,False,False,False,False,False,True,99.321,97.52237114309915,1.798628856900848
2025,Bahrain,R,GAS,10,Alpine,37.0,3.0,HARD,9.0,True,97.189,31.3,41.964,23.925,6.0,1,True,False,True,64.8,8.5,27.052531645569623,31.870253164556964,False,False,False,False,False,True,99.133,97.52237114309915,1.6106288569008456
2025,Bahrain,R,GAS,10,Alpine,38.0,3.0,HARD,10.0,True,96.682,31.129,41.745,23.808,6.0,1,True,False,True,66.60000000000001,8.5,27.052531645569623,31.870253164556964,False,False,False,False,False,True,98.68,97.52237114309915,1.1576288569008568
2025,Bahrain,R,GAS,10,Alpine,39.0,3.0,HARD,11.0,True,96.531,31.018,41.861,23.652,6.0,1,True,False,True,68.4,8.5,27.052531645569623,31.870253164556964,False,False,False,False,False,True,98.58300000000001,97.52237114309915,1.0606288569008626
2025,Bahrain,R,GAS,10,Alpine,40.0,3.0,HARD,12.0,True,96.981,31.256,41.869,23.856,6.0,1,True,False,True,70.2,8.5,27.052531645569623,31.870253164556964,False,False,False,False,False,True,99.08699999999999,97.52237114309915,1.564628856900839
2025,Bahrain,R,GAS,10,Alpine,41.0,3.0,HARD,13.0,True,96.869,31.256,41.828,23.785,6.0,1,True,False,True,72.0,8.5,27.052531645569623,31.870253164556964,False,False,False,False,False,True,99.029,97.52237114309915,1.5066288569008464
2025,Bahrain,R,GAS,10,Alpine,42.0,3.0,HARD,14.0,True,97.257,31.344,41.957,23.956,6.0,1,True,False,True,73.8,8.5,27.052531645569623,31.870253164556964,False,False,False,False,False,True,99.471,97.52237114309915,1.9486288569008536
2025,Bahrain,R,GAS,10,Alpine,43.0,3.0,HARD,15.0,True,97.185,31.28,42.007,23.898,6.0,1,True,False,True,75.60000000000001,8.5,27.052531645569623,31.870253164556964,False,False,False,False,False,True,99.453,97.52237114309915,1.930628856900853
2025,Bahrain,R,GAS,10,Alpine,44.0,3.0,HARD,16.0,True,97.232,31.261,42.112,23.859,6.0,1,True,False,True,77.4,8.5,27.052531645569623,31.870253164556964,False,False,False,False,False,True,99.554,97.52237114309915,2.031628856900852
2025,Bahrain,R,GAS,10,Alpine,45.0,3.0,HARD,17.0,True,97.358,31.279,42.165,23.914,6.0,1,True,False,True,79.2,8.5,27.052531645569623,31.870253164556964,False,False,False,False,False,True,99.73400000000001,97.52237114309915,2.211628856900859
2025,Bahrain,R,GAS,10,Alpine,46.0,3.0,HARD,18.0,True,97.227,31.379,42.025,23.823,6.0,1,True,False,True,81.0,8.5,27.052531645569623,31.870253164556964,False,False,False,False,False,True,99.65700000000001,97.52237114309915,2.1346288569008607
2025,Bahrain,R,GAS,10,Alpine,47.0,3.0,HARD,19.0,True,97.499,31.455,42.093,23.951,6.0,1,True,False,True,82.8,8.5,27.052531645569623,31.870253164556964,False,False,False,False,False,True,99.98299999999999,97.52237114309915,2.46062885690084
2025,Bahrain,R,GAS,10,Alpine,48.0,3.0,HARD,20.0,True,97.667,31.455,42.274,23.938,6.0,1,True,False,True,84.60000000000001,8.5,27.052531645569623,31.870253164556964,False,False,False,False,False,True,100.205,97.52237114309915,2.6826288569008483
2025,Bahrain,R,GAS,10,Alpine,49.0,3.0,HARD,21.0,True,97.762,31.444,42.297,24.021,6.0,1,True,False,True,86.4,8.5,27.052531645569623,31.870253164556964,False,False,False,False,False,True,100.354,97.52237114309915,2.831628856900849
2025,Bahrain,R,GAS,10,Alpine,50.0,3.0,HARD,22.0,True,97.898,31.421,42.43,24.047,6.0,1,True,False,True,88.2,8.5,27.052531645569623,31.870253164556964,False,False,False,False,False,True,100.544,97.52237114309915,3.021628856900847
2025,Bahrain,R,GAS,10,Alpine,51.0,3.0,HARD,23.0,True,97.907,31.547,42.335,24.025,6.0,1,True,False,True,90.0,8.5,27.052531645569623,31.870253164556964,False,False,False,False,False,True,100.607,97.52237114309915,3.0846288569008493
2025,Bahrain,R,GAS,10,Alpine,52.0,3.0,HARD,24.0,True,98.227,31.504,42.536,24.187,6.0,1,True,False,True,91.8,8.5,27.052531645569623,31.870253164556964,False,False,False,False,False,True,100.98100000000001,97.52237114309915,3.4586288569008588
2025,Bahrain,R,GAS,10,Alpine,53.0,3.0,HARD,25.0,True,98.389,31.692,42.608,24.089,6.0,1,True,False,True,93.6,8.5,27.052531645569623,31.870253164556964,False,False,False,False,False,True,101.197,97.52237114309915,3.6746288569008527
2025,Bahrain,R,GAS,10,Alpine,54.0,3.0,HARD,26.0,True,98.496,31.736,42.655,24.105,6.0,1,True,False,True,95.4,8.5,27.052531645569623,31.870253164556964,False,False,False,False,False,True,101.35799999999999,97.52237114309915,3.83562885690084
2025,Bahrain,R,GAS,10,Alpine,55.0,3.0,HARD,27.0,True,98.613,31.861,42.663,24.089,6.0,1,True,False,True,97.2,8.5,27.052531645569623,31.870253164556964,False,False,False,False,False,True,101.529,97.52237114309915,4.006628856900846
2025,Bahrain,R,GAS,10,Alpine,56.0,3.0,HARD,28.0,True,98.204,31.532,42.471,24.201,6.0,1,True,False,True,99.0,8.5,27.052531645569623,31.870253164556964,False,False,False,False,False,True,101.17399999999999,97.52237114309915,3.6516288569008424
2025,Bahrain,R,GAS,10,Alpine,57.0,3.0,HARD,29.0,True,99.946,31.99,43.728,24.228,7.0,1,True,False,True,100.8,8.5,27.052531645569623,31.870253164556964,False,False,False,False,False,True,102.97,97.52237114309915,5.447628856900849
2025,Bahrain,R,OCO,31,Haas F1 Team,2.0,1.0,SOFT,2.0,True,98.883,31.351,43.229,24.303,12.0,1,True,False,True,1.8,8.5,27.052531645569623,31.870253164556964,False,False,False,False,False,True,98.937,97.95543424112887,0.9815657588711275
2025,Bahrain,R,OCO,31,Haas F1 Team,3.0,1.0,SOFT,3.0,True,98.726,30.973,43.266,24.487,12.0,1,True,False,True,3.6,8.5,27.052531645569623,31.870253164556964,False,False,False,False,False,True,98.834,97.95543424112887,0.8785657588711331
2025,Bahrain,R,OCO,31,Haas F1 Team,4.0,1.0,SOFT,4.0,True,98.766,31.019,43.217,24.53,12.0,1,True,False,True,5.4,8.5,27.052531645569623,31.870253164556964,False,False,False,False,False,True,98.92800000000001,97.95543424112887,0.9725657588711414
2025,Bahrain,R,OCO,31,Haas F1 Team,5.0,1.0,SOFT,5.0,True,99.24,31.175,43.479,24.586,12.0,1,True,False,True,7.2,8.5,27.052531645569623,31.870253164556964,False,False,False,False,False,True,99.45599999999999,97.95543424112887,1.5005657588711188
2025,Bahrain,R,OCO,31,Haas F1 Team,6.0,1.0,SOFT,6.0,True,99.447,31.312,43.498,24.637,12.0,1,True,False,True,9.0,8.5,27.052531645569623,31.870253164556964,False,False,False,False,False,True,99.717,97.95543424112887,1.7615657588711287
2025,Bahrain,R,OCO,31,Haas F1 Team,7.0,1.0,SOFT,7.0,True,99.408,31.218,43.384,24.806,12.0,1,True,False,True,10.8,8.5,27.052531645569623,31.870253164556964,False,False,False,False,False,True,99.732,97.95543424112887,1.7765657588711292
2025,Bahrain,R,OCO,31,Haas F1 Team,10.0,2.0,MEDIUM,2.0,True,97.553,31.066,42.543,23.944,17.0,1,True,False,True,16.2,8.5,27.052531645569623,31.870253164556964,False,False,False,False,False,True,98.039,97.1070523835844,0.9319476164155986
2025,Bahrain,R,OCO,31,Haas F1 Team,11.0,2.0,MEDIUM,3.0,True,98.172,31.0,43.042,24.13,16.0,1,True,False,True,18.0,8.5,27.052531645569623,31.870253164556964,False,False,False,False,False,True,98.712,97.1070523835844,1.6049476164156005
2025,Bahrain,R,OCO,31,Haas F1 Team,12.0,2.0,MEDIUM,4.0,True,97.817,31.078,42.62,24.119,15.0,1,True,False,True,19.8,8.5,27.052531645569623,31.870253164556964,False,False,False,False,False,True,98.41099999999999,97.1070523835844,1.3039476164155843
2025,Bahrain,R,OCO,31,Haas F1 Team,13.0,2.0,MEDIUM,5.0,True,98.425,31.049,42.982,24.394,12.0,1,True,False,True,21.6,8.5,27.052531645569623,31.870253164556964,False,False,False,False,False,True,99.073,97.1070523835844,1.9659476164155905
2025,Bahrain,R,OCO,31,Haas F1 Team,14.0,2.0,MEDIUM,6.0,True,97.99,30.923,42.815,24.252,11.0,1,True,False,True,23.4,8.5,27.052531645569623,31.870253164556964,False,False,False,False,False,True,98.692,97.1070523835844,1.5849476164155902
2025,Bahrain,R,OCO,31,Haas F1 Team,15.0,2.0,MEDIUM,7.0,True,98.239,31.214,42.846,24.179,9.0,1,True,False,True,25.2,8.5,27.052531645569623,31.870253164556964,False,False,False,False,False,True,98.995,97.1070523835844,1.8879476164156017
2025,Bahrain,R,OCO,31,Haas F1 Team,16.0,2.0,MEDIUM,8.0,True,99.288,31.436,43.281,24.571,8.0,1,True,False,True,27.0,8.5,27.052531645569623,31.870253164556964,False,False,False,False,False,True,100.098,97.1070523835844,2.990947616415596
2025,Bahrain,R,OCO,31,Haas F1 Team,17.0,2.0,MEDIUM,9.0,True,98.275,31.098,42.905,24.272,7.0,1,True,False,True,28.8,8.5,27.052531645569623,31.870253164556964,False,False,False,False,False,True,99.13900000000001,97.1070523835844,2.031947616415607
2025,Bahrain,R,OCO,31,Haas F1 Team,18.0,2.0,MEDIUM,10.0,True,98.465,31.299,42.868,24.298,6.0,1,True,False,True,30.6,8.5,27.052531645569623,31.870253164556964,False,False,False,False,False,True,99.38300000000001,97.1070523835844,2.275947616415607
2025,Bahrain,R,OCO,31,Haas F1 Team,19.0,2.0,MEDIUM,11.0,True,98.4,31.284,42.811,24.305,6.0,1,True,False,True,32.4,8.5,27.052531645569623,31.870253164556964,False,False,False,False,False,True,99.372,97.1070523835844,2.264947616415597
2025,Bahrain,R,OCO,31,Haas F1 Team,20.0,2.0,MEDIUM,12.0,True,98.619,31.381,42.988,24.25,6.0,1,True,False,True,34.2,8.5,27.052531645569623,31.870253164556964,False,False,False,False,False,True,99.645,97.1070523835844,2.537947616415593
2025,Bahrain,R,OCO,31,Haas F1 Team,21.0,2.0,MEDIUM,13.0,True,98.787,31.472,42.929,24.386,6.0,1,True,False,True,36.0,8.5,27.052531645569623,31.870253164556964,False,False,False,False,False,True,99.867,97.1070523835844,2.7599476164156016
2025,Bahrain,R,OCO,31,Haas F1 Team,22.0,2.0,MEDIUM,14.0,True,98.632,31.431,42.964,24.237,6.0,1,True,False,True,37.8,8.5,27.052531645569623,31.870253164556964,False,False,False,False,False,True,99.766,97.1070523835844,2.6589476164156025
2025,Bahrain,R,OCO,31,Haas F1 Team,23.0,2.0,MEDIUM,15.0,True,98.918,31.419,43.149,24.35,6.0,1,True,False,True,39.6,8.5,27.052531645569623,31.870253164556964,False,False,False,False,False,True,100.10600000000001,97.1070523835844,2.998947616415606
2025,Bahrain,R,OCO,31,Haas F1 Team,24.0,2.0,MEDIUM,16.0,True,98.84,31.443,43.125,24.272,6.0,1,True,False,True,41.4,8.5,27.052531645569623,31.870253164556964,False,False,False,False,False,True,100.08200000000001,97.1070523835844,2.974947616415605
2025,Bahrain,R,OCO,31,Haas F1 Team,25.0,2.0,MEDIUM,17.0,True,99.405,31.583,43.301,24.521,6.0,1,True,False,True,43.2,8.5,27.052531645569623,31.870253164556964,False,False,False,False,False,True,100.70100000000001,97.1070523835844,3.593947616415605
2025,Bahrain,R,OCO,31,Haas F1 Team,26.0,2.0,MEDIUM,18.0,True,99.882,31.974,43.507,24.401,7.0,1,True,False,True,45.0,8.5,27.052531645569623,31.870253164556964,False,False,False,False,False,True,101.232,97.1070523835844,4.1249476164155965
2025,Bahrain,R,OCO,31,Haas F1 Team,29.0,3.0,HARD,2.0,True,97.161,30.954,42.353,23.854,12.0,1,True,False,True,50.4,8.5,27.052531645569623,31.870253164556964,False,False,False,False,False,True,98.673,97.52237114309915,1.1506288569008518
2025,Bahrain,R,OCO,31,Haas F1 Team,30.0,3.0,HARD,3.0,True,97.098,31.041,42.168,23.889,12.0,1,True,False,True,52.2,8.5,27.052531645569623,31.870253164556964,False,False,False,False,False,True,98.664,97.52237114309915,1.1416288569008515
2025,Bahrain,R,OCO,31,Haas F1 Team,31.0,3.0,HARD,4.0,True,97.53,30.993,42.488,24.049,11.0,1,True,False,True,54.0,8.5,27.052531645569623,31.870253164556964,False,False,False,False,False,True,99.15,97.52237114309915,1.6276288569008557
2025,Bahrain,R,OCO,31,Haas F1 Team,36.0,3.0,HARD,9.0,True,98.212,31.738,42.549,23.925,7.0,1,True,False,True,63.0,8.5,27.052531645569623,31.870253164556964,False,False,False,False,False,True,100.102,97.52237114309915,2.579628856900854
2025,Bahrain,R,OCO,31,Haas F1 Team,37.0,3.0,HARD,10.0,True,97.401,31.138,42.3,23.963,7.0,1,True,False,True,64.8,8.5,27.052531645569623,31.870253164556964,False,False,False,False,False,True,99.345,97.52237114309915,1.8226288569008489
2025,Bahrain,R,OCO,31,Haas F1 Team,38.0,3.0,HARD,11.0,True,98.081,31.431,42.615,24.035,8.0,1,True,False,True,66.60000000000001,8.5,27.052531645569623,31.870253164556964,False,False,False,False,False,True,100.07900000000001,97.52237114309915,2.5566288569008577
2025,Bahrain,R,OCO,31,Haas F1 Team,39.0,3.0,HARD,12.0,True,97.541,31.19,42.337,24.014,8.0,1,True,False,True,68.4,8.5,27.052531645569623,31.870253164556964,False,False,False,False,False,True,99.593,97.52237114309915,2.0706288569008535
2025,Bahrain,R,OCO,31,Haas F1 Team,40.0,3.0,HARD,13.0,True,97.48,31.091,42.417,23.972,8.0,1,True,False,True,70.2,8.5,27.052531645569623,31.870253164556964,False,False,False,False,False,True,99.586,97.52237114309915,2.0636288569008485
2025,Bahrain,R,OCO,31,Haas F1 Team,41.0,3.0,HARD,14.0,True,97.447,31.111,42.33,24.006,8.0,1,True,False,True,72.0,8.5,27.052531645569623,31.870253164556964,False,False,False,False,False,True,99.607,97.52237114309915,2.0846288569008493
2025,Bahrain,R,OCO,31,Haas F1 Team,42.0,3.0,HARD,15.0,True,97.716,31.211,42.398,24.107,8.0,1,True,False,True,73.8,8.5,27.052531645569623,31.870253164556964,False,False,False,False,False,True,99.92999999999999,97.52237114309915,2.4076288569008426
2025,Bahrain,R,OCO,31,Haas F1 Team,43.0,3.0,HARD,16.0,True,97.703,31.201,42.385,24.117,8.0,1,True,False,True,75.60000000000001,8.5,27.052531645569623,31.870253164556964,False,False,False,False,False,True,99.971,97.52237114309915,2.4486288569008536
2025,Bahrain,R,OCO,31,Haas F1 Team,44.0,3.0,HARD,17.0,True,97.955,31.418,42.465,24.072,8.0,1,True,False,True,77.4,8.5,27.052531645569623,31.870253164556964,False,False,False,False,False,True,100.277,97.52237114309915,2.754628856900851
2025,Bahrain,R,OCO,31,Haas F1 Team,45.0,3.0,HARD,18.0,True,97.639,31.126,42.456,24.057,8.0,1,True,False,True,79.2,8.5,27.052531645569623,31.870253164556964,False,False,False,False,False,True,100.015,97.52237114309915,2.4926288569008506
2025,Bahrain,R,OCO,31,Haas F1 Team,46.0,3.0,HARD,19.0,True,97.66,31.182,42.462,24.016,8.0,1,True,False,True,81.0,8.5,27.052531645569623,31.870253164556964,False,False,False,False,False,True,100.09,97.52237114309915,2.5676288569008534
2025,Bahrain,R,OCO,31,Haas F1 Team,47.0,3.0,HARD,20.0,True,97.842,31.209,42.574,24.059,8.0,1,True,False,True,82.8,8.5,27.052531645569623,31.870253164556964,False,False,False,False,False,True,100.326,97.52237114309915,2.8036288569008434
2025,Bahrain,R,OCO,31,Haas F1 Team,48.0,3.0,HARD,21.0,True,97.874,31.206,42.579,24.089,8.0,1,True,False,True,84.60000000000001,8.5,27.052531645569623,31.870253164556964,False,False,False,False,False,True,100.41199999999999,97.52237114309915,2.889628856900842
2025,Bahrain,R,OCO,31,Haas F1 Team,49.0,3.0,HARD,22.0,True,97.806,31.256,42.446,24.104,8.0,1,True,False,True,86.4,8.5,27.052531645569623,31.870253164556964,False,False,False,False,False,True,100.398,97.52237114309915,2.875628856900846
2025,Bahrain,R,OCO,31,Haas F1 Team,50.0,3.0,HARD,23.0,True,98.191,31.368,42.705,24.118,8.0,1,True,False,True,88.2,8.5,27.052531645569623,31.870253164556964,False,False,False,False,False,True,100.837,97.52237114309915,3.3146288569008533
2025,Bahrain,R,OCO,31,Haas F1 Team,51.0,3.0,HARD,24.0,True,98.332,31.289,42.817,24.226,8.0,1,True,False,True,90.0,8.5,27.052531645569623,31.870253164556964,False,False,False,False,False,True,101.032,97.52237114309915,3.5096288569008465
2025,Bahrain,R,OCO,31,Haas F1 Team,52.0,3.0,HARD,25.0,True,98.395,31.352,42.847,24.196,8.0,1,True,False,True,91.8,8.5,27.052531645569623,31.870253164556964,False,False,False,False,False,True,101.149,97.52237114309915,3.626628856900851
2025,Bahrain,R,OCO,31,Haas F1 Team,53.0,3.0,HARD,26.0,True,98.432,31.336,42.863,24.233,8.0,1,True,False,True,93.6,8.5,27.052531645569623,31.870253164556964,False,False,False,False,False,True,101.24000000000001,97.52237114309915,3.717628856900859
2025,Bahrain,R,OCO,31,Haas F1 Team,54.0,3.0,HARD,27.0,True,98.413,31.417,42.875,24.121,8.0,1,True,False,True,95.4,8.5,27.052531645569623,31.870253164556964,False,False,False,False,False,True,101.27499999999999,97.52237114309915,3.7526288569008415
2025,Bahrain,R,OCO,31,Haas F1 Team,55.0,3.0,HARD,28.0,True,98.573,31.423,42.894,24.256,8.0,1,True,False,True,97.2,8.5,27.052531645569623,31.870253164556964,False,False,False,False,False,True,101.48899999999999,97.52237114309915,3.96662885690084
2025,Bahrain,R,OCO,31,Haas F1 Team,56.0,3.0,HARD,29.0,True,98.555,31.453,42.834,24.268,8.0,1,True,False,True,99.0,8.5,27.052531645569623,31.870253164556964,False,False,False,False,False,True,101.525,97.52237114309915,4.002628856900856
2025,Bahrain,R,OCO,31,Haas F1 Team,57.0,3.0,HARD,30.0,True,99.099,31.572,43.182,24.345,8.0,1,True,False,True,100.8,8.5,27.052531645569623,31.870253164556964,False,False,False,False,False,True,102.123,97.52237114309915,4.600628856900855
2025,Bahrain,R,TSU,22,Red Bull Racing,2.0,1.0,SOFT,5.0,False,98.959,31.467,43.097,24.395,10.0,1,True,False,True,1.8,8.5,27.052531645569623,31.870253164556964,False,False,False,False,False,True,99.013,97.95543424112887,1.0575657588711351
2025,Bahrain,R,TSU,22,Red Bull Racing,3.0,1.0,SOFT,6.0,False,98.565,31.024,43.141,24.4,10.0,1,True,False,True,3.6,8.5,27.052531645569623,31.870253164556964,False,False,False,False,False,True,98.673,97.95543424112887,0.7175657588711317
2025,Bahrain,R,TSU,22,Red Bull Racing,4.0,1.0,SOFT,7.0,False,98.612,30.935,43.187,24.49,10.0,1,True,False,True,5.4,8.5,27.052531645569623,31.870253164556964,False,False,False,False,False,True,98.774,97.95543424112887,0.8185657588711308
2025,Bahrain,R,TSU,22,Red Bull Racing,5.0,1.0,SOFT,8.0,False,99.37,31.078,43.678,24.614,10.0,1,True,False,True,7.2,8.5,27.052531645569623,31.870253164556964,False,False,False,False,False,True,99.586,97.95543424112887,1.6305657588711284
2025,Bahrain,R,TSU,22,Red Bull Racing,6.0,1.0,SOFT,9.0,False,99.245,31.146,43.482,24.617,10.0,1,True,False,True,9.0,8.5,27.052531645569623,31.870253164556964,False,False,False,False,False,True,99.515,97.95543424112887,1.5595657588711305
2025,Bahrain,R,TSU,22,Red Bull Racing,7.0,1.0,SOFT,10.0,False,99.366,31.102,43.608,24.656,10.0,1,True,False,True,10.8,8.5,27.052531645569623,31.870253164556964,False,False,False,False,False,True,99.69,97.95543424112887,1.7345657588711276
2025,Bahrain,R,TSU,22,Red Bull Racing,8.0,1.0,SOFT,11.0,False,99.686,31.287,43.653,24.746,10.0,1,True,False,True,12.6,8.5,27.052531645569623,31.870253164556964,False,False,False,False,False,True,100.06400000000001,97.95543424112887,2.108565758871137
2025,Bahrain,R,TSU,22,Red Bull Racing,9.0,1.0,SOFT,12.0,False,100.727,31.392,44.607,24.728,9.0,1,True,False,True,14.4,8.5,27.052531645569623,31.870253164556964,False,False,False,False,False,True,101.159,97.95543424112887,3.203565758871136
2025,Bahrain,R,TSU,22,Red Bull Racing,10.0,1.0,SOFT,13.0,False,99.687,31.403,43.628,24.656,9.0,1,True,False,True,16.2,8.5,27.052531645569623,31.870253164556964,False,False,False,False,False,True,100.173,97.95543424112887,2.2175657588711317
2025,Bahrain,R,TSU,22,Red Bull Racing,13.0,2.0,MEDIUM,2.0,True,98.009,30.976,42.907,24.126,18.0,1,True,False,True,21.6,8.5,27.052531645569623,31.870253164556964,False,False,False,False,False,True,98.657,97.1070523835844,1.5499476164155936
2025,Bahrain,R,TSU,22,Red Bull Racing,14.0,2.0,MEDIUM,3.0,True,98.081,30.85,43.126,24.105,16.0,1,True,False,True,23.4,8.5,27.052531645569623,31.870253164556964,False,False,False,False,False,True,98.783,97.1070523835844,1.6759476164155984
2025,Bahrain,R,TSU,22,Red Bull Racing,15.0,2.0,MEDIUM,4.0,True,98.323,31.1,43.027,24.196,13.0,1,True,False,True,25.2,8.5,27.052531645569623,31.870253164556964,False,False,False,False,False,True,99.079,97.1070523835844,1.9719476164155907
2025,Bahrain,R,TSU,22,Red Bull Racing,16.0,2.0,MEDIUM,5.0,True,98.491,31.198,43.058,24.235,13.0,1,True,False,True,27.0,8.5,27.052531645569623,31.870253164556964,False,False,False,False,False,True,99.301,97.1070523835844,2.193947616415599
2025,Bahrain,R,TSU,22,Red Bull Racing,17.0,2.0,MEDIUM,6.0,True,98.658,31.285,43.1,24.273,11.0,1,True,False,True,28.8,8.5,27.052531645569623,31.870253164556964,False,False,False,False,False,True,99.522,97.1070523835844,2.4149476164156027
2025,Bahrain,R,TSU,22,Red Bull Racing,18.0,2.0,MEDIUM,7.0,True,98.535,31.378,42.887,24.27,10.0,1,True,False,True,30.6,8.5,27.052531645569623,31.870253164556964,False,False,False,False,False,True,99.453,97.1070523835844,2.3459476164156
2025,Bahrain,R,TSU,22,Red Bull Racing,19.0,2.0,MEDIUM,8.0,True,98.914,31.539,43.088,24.287,11.0,1,True,False,True,32.4,8.5,27.052531645569623,31.870253164556964,False,False,False,False,False,True,99.886,97.1070523835844,2.778947616415593
2025,Bahrain,R,TSU,22,Red Bull Racing,20.0,2.0,MEDIUM,9.0,True,98.351,31.191,42.94,24.22,11.0,1,True,False,True,34.2,8.5,27.052531645569623,31.870253164556964,False,False,False,False,False,True,99.377,97.1070523835844,2.2699476164155925
2025,Bahrain,R,TSU,22,Red Bull Racing,21.0,2.0,MEDIUM,10.0,True,98.68,31.359,42.937,24.384,11.0,1,True,False,True,36.0,8.5,27.052531645569623,31.870253164556964,False,False,False,False,False,True,99.76,97.1070523835844,2.6529476164156023
2025,Bahrain,R,TSU,22,Red Bull Racing,22.0,2.0,MEDIUM,11.0,True,98.713,31.235,43.091,24.387,11.0,1,True,False,True,37.8,8.5,27.052531645569623,31.870253164556964,False,False,False,False,False,True,99.847,97.1070523835844,2.7399476164155914
2025,Bahrain,R,TSU,22,Red Bull Racing,23.0,2.0,MEDIUM,12.0,True,98.888,31.295,43.164,24.429,11.0,1,True,False,True,39.6,8.5,27.052531645569623,31.870253164556964,False,False,False,False,False,True,100.07600000000001,97.1070523835844,2.968947616415605
2025,Bahrain,R,TSU,22,Red Bull Racing,24.0,2.0,MEDIUM,13.0,True,99.031,31.445,43.234,24.352,11.0,1,True,False,True,41.4,8.5,27.052531645569623,31.870253164556964,False,False,False,False,False,True,100.27300000000001,97.1070523835844,3.1659476164156075
2025,Bahrain,R,TSU,22,Red Bull Racing,25.0,2.0,MEDIUM,14.0,True,99.067,31.426,43.254,24.387,11.0,1,True,False,True,43.2,8.5,27.052531645569623,31.870253164556964,False,False,False,False,False,True,100.363,97.1070523835844,3.2559476164155967
2025,Bahrain,R,TSU,22,Red Bull Racing,26.0,2.0,MEDIUM,15.0,True,99.367,31.578,43.428,24.361,10.0,1,True,False,True,45.0,8.5,27.052531645569623,31.870253164556964,False,False,False,False,False,True,100.717,97.1070523835844,3.609947616415596
2025,Bahrain,R,TSU,22,Red Bull Racing,27.0,2.0,MEDIUM,16.0,True,99.528,31.691,43.338,24.499,10.0,1,True,False,True,46.8,8.5,27.052531645569623,31.870253164556964,False,False,False,False,False,True,100.932,97.1070523835844,3.8249476164155993
2025,Bahrain,R,TSU,22,Red Bull Racing,28.0,2.0,MEDIUM,17.0,True,99.387,31.618,43.274,24.495,7.0,1,True,False,True,48.6,8.5,27.052531645569623,31.870253164556964,False,False,False,False,False,True,100.845,97.1070523835844,3.737947616415596
2025,Bahrain,R,TSU,22,Red Bull Racing,29.0,2.0,MEDIUM,18.0,True,98.71,31.427,43.004,24.279,6.0,1,True,False,True,50.4,8.5,27.052531645569623,31.870253164556964,False,False,False,False,False,True,100.222,97.1070523835844,3.1149476164155914
2025,Bahrain,R,TSU,22,Red Bull Racing,30.0,2.0,MEDIUM,19.0,True,100.754,32.938,43.392,24.424,7.0,1,True,False,True,52.2,8.5,27.052531645569623,31.870253164556964,False,False,False,False,False,True,102.32000000000001,97.1070523835844,5.212947616415605
2025,Bahrain,R,TSU,22,Red Bull Racing,31.0,2.0,MEDIUM,20.0,True,100.477,31.78,43.971,24.726,7.0,1,True,False,True,54.0,8.5,27.052531645569623,31.870253164556964,False,False,False,False,False,True,102.09700000000001,97.1070523835844,4.989947616415606
2025,Bahrain,R,TSU,22,Red Bull Racing,36.0,3.0,SOFT,7.0,False,98.242,31.457,42.841,23.944,10.0,1,True,False,True,63.0,8.5,27.052531645569623,31.870253164556964,False,False,False,False,False,True,100.132,97.95543424112887,2.176565758871135
2025,Bahrain,R,TSU,22,Red Bull Racing,37.0,3.0,SOFT,8.0,False,97.64,31.189,42.466,23.985,10.0,1,True,False,True,64.8,8.5,27.052531645569623,31.870253164556964,False,False,False,False,False,True,99.584,97.95543424112887,1.628565758871133
2025,Bahrain,R,TSU,22,Red Bull Racing,38.0,3.0,SOFT,9.0,False,98.329,30.625,43.744,23.96,10.0,1,True,False,True,66.60000000000001,8.5,27.052531645569623,31.870253164556964,False,False,False,False,False,True,100.327,97.95543424112887,2.371565758871128
2025,Bahrain,R,TSU,22,Red Bull Racing,39.0,3.0,SOFT,10.0,False,97.814,31.505,42.239,24.07,10.0,1,True,False,True,68.4,8.5,27.052531645569623,31.870253164556964,False,False,False,False,False,True,99.866,97.95543424112887,1.9105657588711296
2025,Bahrain,R,TSU,22,Red Bull Racing,40.0,3.0,SOFT,11.0,False,97.303,30.834,42.417,24.052,10.0,1,True,False,True,70.2,8.5,27.052531645569623,31.870253164556964,False,False,False,False,False,True,99.40899999999999,97.95543424112887,1.4535657588711217
2025,Bahrain,R,TSU,22,Red Bull Racing,41.0,3.0,SOFT,12.0,False,97.495,31.003,42.507,23.985,10.0,1,True,False,True,72.0,8.5,27.052531645569623,31.870253164556964,False,False,False,False,False,True,99.655,97.95543424112887,1.699565758871131
2025,Bahrain,R,TSU,22,Red Bull Racing,42.0,3.0,SOFT,13.0,False,97.607,30.871,42.557,24.179,10.0,1,True,False,True,73.8,8.5,27.052531645569623,31.870253164556964,False,False,False,False,False,True,99.821,97.95543424112887,1.8655657588711279
2025,Bahrain,R,TSU,22,Red Bull Racing,43.0,3.0,SOFT,14.0,False,97.727,31.081,42.574,24.072,10.0,1,True,False,True,75.60000000000001,8.5,27.052531645569623,31.870253164556964,False,False,False,False,False,True,99.995,97.95543424112887,2.0395657588711344
2025,Bahrain,R,TSU,22,Red Bull Racing,44.0,3.0,SOFT,15.0,False,97.838,31.101,42.632,24.105,10.0,1,True,False,True,77.4,8.5,27.052531645569623,31.870253164556964,False,False,False,False,False,True,100.16,97.95543424112887,2.2045657588711265
2025,Bahrain,R,TSU,22,Red Bull Racing,45.0,3.0,SOFT,16.0,False,97.225,30.742,42.374,24.109,9.0,1,True,False,True,79.2,8.5,27.052531645569623,31.870253164556964,False,False,False,False,False,True,99.601,97.95543424112887,1.645565758871129
2025,Bahrain,R,TSU,22,Red Bull Racing,46.0,3.0,SOFT,17.0,False,97.736,31.165,42.478,24.093,9.0,1,True,False,True,81.0,8.5,27.052531645569623,31.870253164556964,False,False,False,False,False,True,100.166,97.95543424112887,2.2105657588711267
2025,Bahrain,R,TSU,22,Red Bull Racing,47.0,3.0,SOFT,18.0,False,97.646,31.12,42.397,24.129,9.0,1,True,False,True,82.8,8.5,27.052531645569623,31.870253164556964,False,False,False,False,False,True,100.13,97.95543424112887,2.1745657588711254
2025,Bahrain,R,TSU,22,Red Bull Racing,48.0,3.0,SOFT,19.0,False,97.714,31.199,42.441,24.074,9.0,1,True,False,True,84.60000000000001,8.5,27.052531645569623,31.870253164556964,False,False,False,False,False,True,100.252,97.95543424112887,2.2965657588711252
2025,Bahrain,R,TSU,22,Red Bull Racing,49.0,3.0,SOFT,20.0,False,97.831,31.24,42.468,24.123,9.0,1,True,False,True,86.4,8.5,27.052531645569623,31.870253164556964,False,False,False,False,False,True,100.423,97.95543424112887,2.4675657588711317
2025,Bahrain,R,TSU,22,Red Bull Racing,50.0,3.0,SOFT,21.0,False,97.834,31.122,42.553,24.159,9.0,1,True,False,True,88.2,8.5,27.052531645569623,31.870253164556964,False,False,False,False,False,True,100.48,97.95543424112887,2.524565758871134
2025,Bahrain,R,TSU,22,Red Bull Racing,51.0,3.0,SOFT,22.0,False,98.273,30.93,42.968,24.375,9.0,1,True,False,True,90.0,8.5,27.052531645569623,31.870253164556964,False,False,False,False,False,True,100.973,97.95543424112887,3.017565758871129
2025,Bahrain,R,TSU,22,Red Bull Racing,52.0,3.0,SOFT,23.0,False,98.497,30.999,43.106,24.392,9.0,1,True,False,True,91.8,8.5,27.052531645569623,31.870253164556964,False,False,False,False,False,True,101.251,97.95543424112887,3.2955657588711347
2025,Bahrain,R,TSU,22,Red Bull Racing,53.0,3.0,SOFT,24.0,False,98.399,31.031,42.953,24.415,9.0,1,True,False,True,93.6,8.5,27.052531645569623,31.870253164556964,False,False,False,False,False,True,101.207,97.95543424112887,3.2515657588711235
2025,Bahrain,R,TSU,22,Red Bull Racing,54.0,3.0,SOFT,25.0,False,98.526,31.187,42.867,24.472,9.0,1,True,False,True,95.4,8.5,27.052531645569623,31.870253164556964,False,False,False,False,False,True,101.38799999999999,97.95543424112887,3.432565758871121
2025,Bahrain,R,TSU,22,Red Bull Racing,55.0,3.0,SOFT,26.0,False,98.539,31.158,43.007,24.374,9.0,1,True,False,True,97.2,8.5,27.052531645569623,31.870253164556964,False,False,False,False,False,True,101.455,97.95543424112887,3.499565758871128
2025,Bahrain,R,TSU,22,Red Bull Racing,56.0,3.0,SOFT,27.0,False,98.589,31.143,43.014,24.432,9.0,1,True,False,True,99.0,8.5,27.052531645569623,31.870253164556964,False,False,False,False,False,True,101.559,97.95543424112887,3.6035657588711274
2025,Bahrain,R,TSU,22,Red Bull Racing,57.0,3.0,SOFT,28.0,False,98.861,31.218,43.214,24.429,9.0,1,True,False,True,100.8,8.5,27.052531645569623,31.870253164556964,False,False,False,False,False,True,101.885,97.95543424112887,3.929565758871135
2025,Bahrain,R,BEA,87,Haas F1 Team,2.0,1.0,SOFT,2.0,True,100.265,31.859,44.023,24.383,15.0,1,True,False,True,1.8,8.5,27.052531645569623,31.870253164556964,False,False,False,False,False,True,100.319,97.95543424112887,2.3635657588711325
2025,Bahrain,R,BEA,87,Haas F1 Team,3.0,1.0,SOFT,3.0,True,99.586,31.415,43.7,24.471,15.0,1,True,False,True,3.6,8.5,27.052531645569623,31.870253164556964,False,False,False,False,False,True,99.694,97.95543424112887,1.7385657588711325
2025,Bahrain,R,BEA,87,Haas F1 Team,4.0,1.0,SOFT,4.0,True,99.262,31.354,43.488,24.42,15.0,1,True,False,True,5.4,8.5,27.052531645569623,31.870253164556964,False,False,False,False,False,True,99.424,97.95543424112887,1.4685657588711365
2025,Bahrain,R,BEA,87,Haas F1 Team,5.0,1.0,SOFT,5.0,True,99.246,31.251,43.482,24.513,14.0,1,True,False,True,7.2,8.5,27.052531645569623,31.870253164556964,False,False,False,False,False,True,99.46199999999999,97.95543424112887,1.506565758871119
2025,Bahrain,R,BEA,87,Haas F1 Team,6.0,1.0,SOFT,6.0,True,99.303,31.42,43.448,24.435,14.0,1,True,False,True,9.0,8.5,27.052531645569623,31.870253164556964,False,False,False,False,False,True,99.573,97.95543424112887,1.6175657588711232
2025,Bahrain,R,BEA,87,Haas F1 Team,7.0,1.0,SOFT,7.0,True,99.507,31.41,43.65,24.447,14.0,1,True,False,True,10.8,8.5,27.052531645569623,31.870253164556964,False,False,False,False,False,True,99.831,97.95543424112887,1.875565758871133
2025,Bahrain,R,BEA,87,Haas F1 Team,8.0,1.0,SOFT,8.0,True,99.699,31.548,43.649,24.502,14.0,1,True,False,True,12.6,8.5,27.052531645569623,31.870253164556964,False,False,False,False,False,True,100.077,97.95543424112887,2.121565758871128
2025,Bahrain,R,BEA,87,Haas F1 Team,9.0,1.0,SOFT,9.0,True,100.284,31.347,44.397,24.54,13.0,1,True,False,True,14.4,8.5,27.052531645569623,31.870253164556964,False,False,False,False,False,True,100.71600000000001,97.95543424112887,2.760565758871138
2025,Bahrain,R,BEA,87,Haas F1 Team,10.0,1.0,SOFT,10.0,True,99.839,31.512,43.783,24.544,12.0,1,True,False,True,16.2,8.5,27.052531645569623,31.870253164556964,False,False,False,False,False,True,100.325,97.95543424112887,2.3695657588711327
2025,Bahrain,R,BEA,87,Haas F1 Team,11.0,1.0,SOFT,11.0,True,99.791,31.46,43.752,24.579,9.0,1,True,False,True,18.0,8.5,27.052531645569623,31.870253164556964,False,False,False,False,False,True,100.331,97.95543424112887,2.375565758871133
2025,Bahrain,R,BEA,87,Haas F1 Team,12.0,1.0,SOFT,12.0,True,99.85,31.644,43.723,24.483,8.0,1,True,False,True,19.8,8.5,27.052531645569623,31.870253164556964,False,False,False,False,False,True,100.44399999999999,97.95543424112887,2.4885657588711183
2025,Bahrain,R,BEA,87,Haas F1 Team,13.0,1.0,SOFT,13.0,True,100.101,31.553,43.87,24.678,7.0,1,True,False,True,21.6,8.5,27.052531645569623,31.870253164556964,False,False,False,False,False,True,100.749,97.95543424112887,2.793565758871125
2025,Bahrain,R,BEA,87,Haas F1 Team,16.0,2.0,HARD,2.0,True,98.402,30.907,43.109,24.386,17.0,1,True,False,True,27.0,8.5,27.052531645569623,31.870253164556964,False,False,False,False,False,True,99.212,97.52237114309915,1.6896288569008533
2025,Bahrain,R,BEA,87,Haas F1 Team,17.0,2.0,HARD,3.0,True,97.48,30.733,42.684,24.063,14.0,1,True,False,True,28.8,8.5,27.052531645569623,31.870253164556964,False,False,False,False,False,True,98.34400000000001,97.52237114309915,0.8216288569008583
2025,Bahrain,R,BEA,87,Haas F1 Team,18.0,2.0,HARD,4.0,True,98.033,31.013,42.786,24.234,14.0,1,True,False,True,30.6,8.5,27.052531645569623,31.870253164556964,False,False,False,False,False,True,98.95100000000001,97.52237114309915,1.4286288569008576
2025,Bahrain,R,BEA,87,Haas F1 Team,19.0,2.0,HARD,5.0,True,98.516,31.264,43.076,24.176,14.0,1,True,False,True,32.4,8.5,27.052531645569623,31.870253164556964,False,False,False,False,False,True,99.488,97.52237114309915,1.9656288569008495
2025,Bahrain,R,BEA,87,Haas F1 Team,20.0,2.0,HARD,6.0,True,98.626,31.148,43.265,24.213,14.0,1,True,False,True,34.2,8.5,27.052531645569623,31.870253164556964,False,False,False,False,False,True,99.652,97.52237114309915,2.129628856900851
2025,Bahrain,R,BEA,87,Haas F1 Team,21.0,2.0,HARD,7.0,True,98.636,31.429,42.908,24.299,13.0,1,True,False,True,36.0,8.5,27.052531645569623,31.870253164556964,False,False,False,False,False,True,99.716,97.52237114309915,2.193628856900844
2025,Bahrain,R,BEA,87,Haas F1 Team,22.0,2.0,HARD,8.0,True,98.566,31.332,42.899,24.335,13.0,1,True,False,True,37.8,8.5,27.052531645569623,31.870253164556964,False,False,False,False,False,True,99.7,97.52237114309915,2.177628856900853
2025,Bahrain,R,BEA,87,Haas F1 Team,23.0,2.0,HARD,9.0,True,98.505,31.252,42.871,24.382,13.0,1,True,False,True,39.6,8.5,27.052531645569623,31.870253164556964,False,False,False,False,False,True,99.693,97.52237114309915,2.170628856900848
2025,Bahrain,R,BEA,87,Haas F1 Team,24.0,2.0,HARD,10.0,True,98.69,31.427,42.996,24.267,13.0,1,True,False,True,41.4,8.5,27.052531645569623,31.870253164556964,False,False,False,False,False,True,99.932,97.52237114309915,2.409628856900852
2025,Bahrain,R,BEA,87,Haas F1 Team,25.0,2.0,HARD,11.0,True,98.967,31.566,43.037,24.364,13.0,1,True,False,True,43.2,8.5,27.052531645569623,31.870253164556964,False,False,False,False,False,True,100.263,97.52237114309915,2.7406288569008552
2025,Bahrain,R,BEA,87,Haas F1 Team,26.0,2.0,HARD,12.0,True,98.77,31.461,43.019,24.29,13.0,1,True,False,True,45.0,8.5,27.052531645569623,31.870253164556964,False,False,False,False,False,True,100.11999999999999,97.52237114309915,2.5976288569008403
2025,Bahrain,R,BEA,87,Haas F1 Team,27.0,2.0,HARD,13.0,True,99.158,31.565,43.209,24.384,12.0,1,True,False,True,46.8,8.5,27.052531645569623,31.870253164556964,False,False,False,False,False,True,100.562,97.52237114309915,3.0396288569008476
2025,Bahrain,R,BEA,87,Haas F1 Team,28.0,2.0,HARD,14.0,True,99.019,31.581,43.107,24.331,10.0,1,True,False,True,48.6,8.5,27.052531645569623,31.870253164556964,False,False,False,False,False,True,100.477,97.52237114309915,2.954628856900854
2025,Bahrain,R,BEA,87,Haas F1 Team,29.0,2.0,HARD,15.0,True,100.234,32.29,43.638,24.306,9.0,1,True,False,True,50.4,8.5,27.052531645569623,31.870253164556964,False,False,False,False,False,True,101.746,97.52237114309915,4.223628856900845
2025,Bahrain,R,BEA,87,Haas F1 Team,30.0,2.0,HARD,16.0,True,99.239,31.618,43.222,24.399,9.0,1,True,False,True,52.2,8.5,27.052531645569623,31.870253164556964,False,False,False,False,False,True,100.805,97.52237114309915,3.282628856900857
2025,Bahrain,R,BEA,87,Haas F1 Team,31.0,2.0,HARD,17.0,True,99.338,31.509,43.308,24.521,9.0,1,True,False,True,54.0,8.5,27.052531645569623,31.870253164556964,False,False,False,False,False,True,100.958,97.52237114309915,3.4356288569008484
2025,Bahrain,R,BEA,87,Haas F1 Team,36.0,3.0,SOFT,4.0,True,98.294,31.734,42.588,23.972,11.0,1,True,False,True,63.0,8.5,27.052531645569623,31.870253164556964,False,False,False,False,False,True,100.184,97.95543424112887,2.2285657588711274
2025,Bahrain,R,BEA,87,Haas F1 Team,37.0,3.0,SOFT,5.0,True,97.739,31.046,42.667,24.026,11.0,1,True,False,True,64.8,8.5,27.052531645569623,31.870253164556964,False,False,False,False,False,True,99.683,97.95543424112887,1.7275657588711368
2025,Bahrain,R,BEA,87,Haas F1 Team,38.0,3.0,SOFT,6.0,True,98.308,30.639,43.615,24.054,11.0,1,True,False,True,66.60000000000001,8.5,27.052531645569623,31.870253164556964,False,False,False,False,False,True,100.30600000000001,97.95543424112887,2.3505657588711415
2025,Bahrain,R,BEA,87,Haas F1 Team,39.0,3.0,SOFT,7.0,True,97.908,31.226,42.725,23.957,11.0,1,True,False,True,68.4,8.5,27.052531645569623,31.870253164556964,False,False,False,False,False,True,99.96000000000001,97.95543424112887,2.004565758871138
2025,Bahrain,R,BEA,87,Haas F1 Team,40.0,3.0,SOFT,8.0,True,97.303,30.684,42.713,23.906,11.0,1,True,False,True,70.2,8.5,27.052531645569623,31.870253164556964,False,False,False,False,False,True,99.40899999999999,97.95543424112887,1.4535657588711217
2025,Bahrain,R,BEA,87,Haas F1 Team,41.0,3.0,SOFT,9.0,True,97.708,30.82,42.808,24.08,11.0,1,True,False,True,72.0,8.5,27.052531645569623,31.870253164556964,False,False,False,False,False,True,99.868,97.95543424112887,1.912565758871125
2025,Bahrain,R,BEA,87,Haas F1 Team,42.0,3.0,SOFT,10.0,True,97.509,30.906,42.549,24.054,11.0,1,True,False,True,73.8,8.5,27.052531645569623,31.870253164556964,False,False,False,False,False,True,99.723,97.95543424112887,1.7675657588711289
2025,Bahrain,R,BEA,87,Haas F1 Team,43.0,3.0,SOFT,11.0,True,97.785,30.956,42.824,24.005,11.0,1,True,False,True,75.60000000000001,8.5,27.052531645569623,31.870253164556964,False,False,False,False,False,True,100.053,97.95543424112887,2.097565758871127
2025,Bahrain,R,BEA,87,Haas F1 Team,44.0,3.0,SOFT,12.0,True,97.853,31.044,42.856,23.953,11.0,1,True,False,True,77.4,8.5,27.052531645569623,31.870253164556964,False,False,False,False,False,True,100.175,97.95543424112887,2.219565758871127
2025,Bahrain,R,BEA,87,Haas F1 Team,45.0,3.0,SOFT,13.0,True,97.867,30.876,42.962,24.029,11.0,1,True,False,True,79.2,8.5,27.052531645569623,31.870253164556964,False,False,False,False,False,True,100.24300000000001,97.95543424112887,2.287565758871139
2025,Bahrain,R,BEA,87,Haas F1 Team,46.0,3.0,SOFT,14.0,True,97.479,30.963,42.497,24.019,10.0,1,True,False,True,81.0,8.5,27.052531645569623,31.870253164556964,False,False,False,False,False,True,99.90899999999999,97.95543424112887,1.9535657588711217
2025,Bahrain,R,BEA,87,Haas F1 Team,47.0,3.0,SOFT,15.0,True,97.572,31.113,42.559,23.9,10.0,1,True,False,True,82.8,8.5,27.052531645569623,31.870253164556964,False,False,False,False,False,True,100.056,97.95543424112887,2.1005657588711273
2025,Bahrain,R,BEA,87,Haas F1 Team,48.0,3.0,SOFT,16.0,True,97.656,31.121,42.576,23.959,10.0,1,True,False,True,84.60000000000001,8.5,27.052531645569623,31.870253164556964,False,False,False,False,False,True,100.194,97.95543424112887,2.2385657588711325
2025,Bahrain,R,BEA,87,Haas F1 Team,49.0,3.0,SOFT,17.0,True,97.691,31.227,42.503,23.961,10.0,1,True,False,True,86.4,8.5,27.052531645569623,31.870253164556964,False,False,False,False,False,True,100.283,97.95543424112887,2.327565758871131
2025,Bahrain,R,BEA,87,Haas F1 Team,50.0,3.0,SOFT,18.0,True,97.675,30.948,42.67,24.057,10.0,1,True,False,True,88.2,8.5,27.052531645569623,31.870253164556964,False,False,False,False,False,True,100.321,97.95543424112887,2.365565758871128
2025,Bahrain,R,BEA,87,Haas F1 Team,51.0,3.0,SOFT,19.0,True,98.339,31.226,42.807,24.306,10.0,1,True,False,True,90.0,8.5,27.052531645569623,31.870253164556964,False,False,False,False,False,True,101.039,97.95543424112887,3.0835657588711314
2025,Bahrain,R,BEA,87,Haas F1 Team,52.0,3.0,SOFT,20.0,True,98.548,31.101,43.115,24.332,10.0,1,True,False,True,91.8,8.5,27.052531645569623,31.870253164556964,False,False,False,False,False,True,101.302,97.95543424112887,3.3465657588711366
2025,Bahrain,R,BEA,87,Haas F1 Team,53.0,3.0,SOFT,21.0,True,98.422,31.106,43.151,24.165,10.0,1,True,False,True,93.6,8.5,27.052531645569623,31.870253164556964,False,False,False,False,False,True,101.22999999999999,97.95543424112887,3.2745657588711197
2025,Bahrain,R,BEA,87,Haas F1 Team,54.0,3.0,SOFT,22.0,True,98.643,31.138,43.19,24.315,10.0,1,True,False,True,95.4,8.5,27.052531645569623,31.870253164556964,False,False,False,False,False,True,101.505,97.95543424112887,3.5495657588711254
2025,Bahrain,R,BEA,87,Haas F1 Team,55.0,3.0,SOFT,23.0,True,98.842,31.473,43.13,24.239,10.0,1,True,False,True,97.2,8.5,27.052531645569623,31.870253164556964,False,False,False,False,False,True,101.758,97.95543424112887,3.8025657588711255
2025,Bahrain,R,BEA,87,Haas F1 Team,56.0,3.0,SOFT,24.0,True,99.009,31.459,43.332,24.218,10.0,1,True,False,True,99.0,8.5,27.052531645569623,31.870253164556964,False,False,False,False,False,True,101.979,97.95543424112887,4.023565758871129
2025,Bahrain,R,BEA,87,Haas F1 Team,57.0,3.0,SOFT,25.0,True,99.704,31.842,43.693,24.169,10.0,1,True,False,True,100.8,8.5,27.052531645569623,31.870253164556964,False,False,False,False,False,True,102.728,97.95543424112887,4.772565758871124
2025,Bahrain,R,ANT,12,Mercedes,2.0,1.0,SOFT,5.0,False,98.187,31.202,42.869,24.116,7.0,1,True,False,True,1.8,8.5,27.052531645569623,31.870253164556964,False,False,False,False,False,True,98.241,97.95543424112887,0.28556575887112956
2025,Bahrain,R,ANT,12,Mercedes,3.0,1.0,SOFT,6.0,False,98.427,31.022,43.195,24.21,7.0,1,True,False,True,3.6,8.5,27.052531645569623,31.870253164556964,False,False,False,False,False,True,98.53500000000001,97.95543424112887,0.5795657588711407
2025,Bahrain,R,ANT,12,Mercedes,4.0,1.0,SOFT,7.0,False,98.564,31.11,43.098,24.356,7.0,1,True,False,True,5.4,8.5,27.052531645569623,31.870253164556964,False,False,False,False,False,True,98.726,97.95543424112887,0.770565758871129
2025,Bahrain,R,ANT,12,Mercedes,5.0,1.0,SOFT,8.0,False,98.52,31.276,43.027,24.217,6.0,1,True,False,True,7.2,8.5,27.052531645569623,31.870253164556964,False,False,False,False,False,True,98.73599999999999,97.95543424112887,0.7805657588711199
2025,Bahrain,R,ANT,12,Mercedes,6.0,1.0,SOFT,9.0,False,98.634,31.381,42.994,24.259,6.0,1,True,False,True,9.0,8.5,27.052531645569623,31.870253164556964,False,False,False,False,False,True,98.904,97.95543424112887,0.9485657588711263
2025,Bahrain,R,ANT,12,Mercedes,7.0,1.0,SOFT,10.0,False,98.905,31.347,43.19,24.368,6.0,1,True,False,True,10.8,8.5,27.052531645569623,31.870253164556964,False,False,False,False,False,True,99.229,97.95543424112887,1.273565758871129
2025,Bahrain,R,ANT,12,Mercedes,8.0,1.0,SOFT,11.0,False,99.197,31.492,43.276,24.429,6.0,1,True,False,True,12.6,8.5,27.052531645569623,31.870253164556964,False,False,False,False,False,True,99.575,97.95543424112887,1.6195657588711327
2025,Bahrain,R,ANT,12,Mercedes,9.0,1.0,SOFT,12.0,False,99.646,31.431,43.668,24.547,6.0,1,True,False,True,14.4,8.5,27.052531645569623,31.870253164556964,False,False,False,False,False,True,100.078,97.95543424112887,2.122565758871133
2025,Bahrain,R,ANT,12,Mercedes,10.0,1.0,SOFT,13.0,False,99.467,31.633,43.431,24.403,5.0,1,True,False,True,16.2,8.5,27.052531645569623,31.870253164556964,False,False,False,False,False,True,99.953,97.95543424112887,1.9975657588711329
2025,Bahrain,R,ANT,12,Mercedes,11.0,1.0,SOFT,14.0,False,99.667,31.598,43.638,24.431,4.0,1,True,False,True,18.0,8.5,27.052531645569623,31.870253164556964,False,False,False,False,False,True,100.20700000000001,97.95543424112887,2.2515657588711377
2025,Bahrain,R,ANT,12,Mercedes,14.0,2.0,MEDIUM,2.0,True,97.732,30.789,42.732,24.211,13.0,1,True,False,True,23.4,8.5,27.052531645569623,31.870253164556964,False,False,False,False,False,True,98.434,97.1070523835844,1.3269476164155947
2025,Bahrain,R,ANT,12,Mercedes,15.0,2.0,MEDIUM,3.0,True,98.397,30.955,43.12,24.322,11.0,1,True,False,True,25.2,8.5,27.052531645569623,31.870253164556964,False,False,False,False,False,True,99.153,97.1070523835844,2.045947616415603
2025,Bahrain,R,ANT,12,Mercedes,16.0,2.0,MEDIUM,4.0,True,99.069,31.021,43.495,24.553,10.0,1,True,False,True,27.0,8.5,27.052531645569623,31.870253164556964,False,False,False,False,False,True,99.879,97.1070523835844,2.771947616415602
2025,Bahrain,R,ANT,12,Mercedes,17.0,2.0,MEDIUM,5.0,True,98.942,31.113,43.534,24.295,9.0,1,True,False,True,28.8,8.5,27.052531645569623,31.870253164556964,False,False,False,False,False,True,99.806,97.1070523835844,2.6989476164155946
2025,Bahrain,R,ANT,12,Mercedes,18.0,2.0,MEDIUM,6.0,True,98.365,30.899,43.19,24.276,8.0,1,True,False,True,30.6,8.5,27.052531645569623,31.870253164556964,False,False,False,False,False,True,99.283,97.1070523835844,2.1759476164155984
2025,Bahrain,R,ANT,12,Mercedes,19.0,2.0,MEDIUM,7.0,True,98.331,30.842,43.084,24.405,8.0,1,True,False,True,32.4,8.5,27.052531645569623,31.870253164556964,False,False,False,False,False,True,99.303,97.1070523835844,2.1959476164155944
2025,Bahrain,R,ANT,12,Mercedes,20.0,2.0,MEDIUM,8.0,True,98.895,31.457,43.291,24.147,7.0,1,True,False,True,34.2,8.5,27.052531645569623,31.870253164556964,False,False,False,False,False,True,99.92099999999999,97.1070523835844,2.8139476164155894
2025,Bahrain,R,ANT,12,Mercedes,21.0,2.0,MEDIUM,9.0,True,98.68,31.27,43.138,24.272,7.0,1,True,False,True,36.0,8.5,27.052531645569623,31.870253164556964,False,False,False,False,False,True,99.76,97.1070523835844,2.6529476164156023
2025,Bahrain,R,ANT,12,Mercedes,22.0,2.0,MEDIUM,10.0,True,98.897,31.429,43.279,24.189,7.0,1,True,False,True,37.8,8.5,27.052531645569623,31.870253164556964,False,False,False,False,False,True,100.031,97.1070523835844,2.923947616415603
2025,Bahrain,R,ANT,12,Mercedes,23.0,2.0,MEDIUM,11.0,True,98.744,31.404,43.227,24.113,7.0,1,True,False,True,39.6,8.5,27.052531645569623,31.870253164556964,False,False,False,False,False,True,99.932,97.1070523835844,2.8249476164155993
2025,Bahrain,R,ANT,12,Mercedes,24.0,2.0,MEDIUM,12.0,True,98.642,31.518,43.019,24.105,7.0,1,True,False,True,41.4,8.5,27.052531645569623,31.870253164556964,False,False,False,False,False,True,99.884,97.1070523835844,2.7769476164155975
2025,Bahrain,R,ANT,12,Mercedes,25.0,2.0,MEDIUM,13.0,True,99.729,32.135,43.298,24.296,8.0,1,True,False,True,43.2,8.5,27.052531645569623,31.870253164556964,False,False,False,False,False,True,101.025,97.1070523835844,3.917947616415603
2025,Bahrain,R,ANT,12,Mercedes,26.0,2.0,MEDIUM,14.0,True,99.193,31.573,43.316,24.304,8.0,1,True,False,True,45.0,8.5,27.052531645569623,31.870253164556964,False,False,False,False,False,True,100.54299999999999,97.1070523835844,3.4359476164155893
2025,Bahrain,R,ANT,12,Mercedes,29.0,3.0,SOFT,5.0,False,96.69,30.931,42.104,23.655,13.0,1,True,False,True,50.4,8.5,27.052531645569623,31.870253164556964,False,False,False,False,False,True,98.202,97.95543424112887,0.24656575887112808
2025,Bahrain,R,ANT,12,Mercedes,30.0,3.0,SOFT,6.0,False,96.69,30.933,42.012,23.745,13.0,1,True,False,True,52.2,8.5,27.052531645569623,31.870253164556964,False,False,False,False,False,True,98.256,97.95543424112887,0.30056575887113013
2025,Bahrain,R,ANT,12,Mercedes,31.0,3.0,SOFT,7.0,False,97.531,30.999,42.581,23.951,12.0,1,True,False,True,54.0,8.5,27.052531645569623,31.870253164556964,False,False,False,False,False,True,99.15100000000001,97.95543424112887,1.1955657588711404
2025,Bahrain,R,ANT,12,Mercedes,36.0,4.0,SOFT,7.0,False,99.917,31.461,44.303,24.153,14.0,1,True,False,True,63.0,8.5,27.052531645569623,31.870253164556964,False,False,False,False,False,True,101.807,97.95543424112887,3.851565758871132
2025,Bahrain,R,ANT,12,Mercedes,37.0,4.0,SOFT,8.0,False,97.717,31.271,42.513,23.933,14.0,1,True,False,True,64.8,8.5,27.052531645569623,31.870253164556964,False,False,False,False,False,True,99.661,97.95543424112887,1.7055657588711313
2025,Bahrain,R,ANT,12,Mercedes,38.0,4.0,SOFT,9.0,False,96.985,30.526,42.474,23.985,13.0,1,True,False,True,66.60000000000001,8.5,27.052531645569623,31.870253164556964,False,False,False,False,False,True,98.983,97.95543424112887,1.027565758871134
2025,Bahrain,R,ANT,12,Mercedes,39.0,4.0,SOFT,10.0,False,97.577,30.853,42.875,23.849,12.0,1,True,False,True,68.4,8.5,27.052531645569623,31.870253164556964,False,False,False,False,False,True,99.629,97.95543424112887,1.6735657588711348
2025,Bahrain,R,ANT,12,Mercedes,40.0,4.0,SOFT,11.0,False,97.273,30.72,42.563,23.99,12.0,1,True,False,True,70.2,8.5,27.052531645569623,31.870253164556964,False,False,False,False,False,True,99.37899999999999,97.95543424112887,1.4235657588711206
2025,Bahrain,R,ANT,12,Mercedes,41.0,4.0,SOFT,12.0,False,97.584,30.704,42.964,23.916,12.0,1,True,False,True,72.0,8.5,27.052531645569623,31.870253164556964,False,False,False,False,False,True,99.744,97.95543424112887,1.7885657588711297
2025,Bahrain,R,ANT,12,Mercedes,42.0,4.0,SOFT,13.0,False,97.697,30.888,42.705,24.104,12.0,1,True,False,True,73.8,8.5,27.052531645569623,31.870253164556964,False,False,False,False,False,True,99.911,97.95543424112887,1.9555657588711313
2025,Bahrain,R,ANT,12,Mercedes,43.0,4.0,SOFT,14.0,False,97.616,30.79,42.793,24.033,12.0,1,True,False,True,75.60000000000001,8.5,27.052531645569623,31.870253164556964,False,False,False,False,False,True,99.884,97.95543424112887,1.9285657588711302
2025,Bahrain,R,ANT,12,Mercedes,44.0,4.0,SOFT,15.0,False,97.916,30.925,42.959,24.032,12.0,1,True,False,True,77.4,8.5,27.052531645569623,31.870253164556964,False,False,False,False,False,True,100.238,97.95543424112887,2.2825657588711294
2025,Bahrain,R,ANT,12,Mercedes,45.0,4.0,SOFT,16.0,False,97.827,30.877,42.921,24.029,12.0,1,True,False,True,79.2,8.5,27.052531645569623,31.870253164556964,False,False,False,False,False,True,100.203,97.95543424112887,2.247565758871133
2025,Bahrain,R,ANT,12,Mercedes,46.0,4.0,SOFT,17.0,False,97.738,30.943,42.883,23.912,11.0,1,True,False,True,81.0,8.5,27.052531645569623,31.870253164556964,False,False,False,False,False,True,100.168,97.95543424112887,2.2125657588711363
2025,Bahrain,R,ANT,12,Mercedes,47.0,4.0,SOFT,18.0,False,97.687,30.921,42.689,24.077,11.0,1,True,False,True,82.8,8.5,27.052531645569623,31.870253164556964,False,False,False,False,False,True,100.17099999999999,97.95543424112887,2.215565758871122
2025,Bahrain,R,ANT,12,Mercedes,48.0,4.0,SOFT,19.0,False,97.488,30.909,42.563,24.016,11.0,1,True,False,True,84.60000000000001,8.5,27.052531645569623,31.870253164556964,False,False,False,False,False,True,100.026,97.95543424112887,2.070565758871126
2025,Bahrain,R,ANT,12,Mercedes,49.0,4.0,SOFT,20.0,False,97.615,30.894,42.672,24.049,11.0,1,True,False,True,86.4,8.5,27.052531645569623,31.870253164556964,False,False,False,False,False,True,100.207,97.95543424112887,2.2515657588711235
2025,Bahrain,R,ANT,12,Mercedes,50.0,4.0,SOFT,21.0,False,97.74,30.952,42.739,24.049,11.0,1,True,False,True,88.2,8.5,27.052531645569623,31.870253164556964,False,False,False,False,False,True,100.386,97.95543424112887,2.4305657588711256
2025,Bahrain,R,ANT,12,Mercedes,51.0,4.0,SOFT,22.0,False,98.021,31.124,42.882,24.015,11.0,1,True,False,True,90.0,8.5,27.052531645569623,31.870253164556964,False,False,False,False,False,True,100.721,97.95543424112887,2.7655657588711335
2025,Bahrain,R,ANT,12,Mercedes,52.0,4.0,SOFT,23.0,False,98.66,31.087,43.221,24.352,11.0,1,True,False,True,91.8,8.5,27.052531645569623,31.870253164556964,False,False,False,False,False,True,101.414,97.95543424112887,3.4585657588711314
2025,Bahrain,R,ANT,12,Mercedes,53.0,4.0,SOFT,24.0,False,98.416,31.063,43.137,24.216,11.0,1,True,False,True,93.6,8.5,27.052531645569623,31.870253164556964,False,False,False,False,False,True,101.22399999999999,97.95543424112887,3.2685657588711194
2025,Bahrain,R,ANT,12,Mercedes,54.0,4.0,SOFT,25.0,False,98.712,31.094,43.245,24.373,11.0,1,True,False,True,95.4,8.5,27.052531645569623,31.870253164556964,False,False,False,False,False,True,101.574,97.95543424112887,3.618565758871128
2025,Bahrain,R,ANT,12,Mercedes,55.0,4.0,SOFT,26.0,False,98.869,31.299,43.192,24.378,11.0,1,True,False,True,97.2,8.5,27.052531645569623,31.870253164556964,False,False,False,False,False,True,101.785,97.95543424112887,3.8295657588711265
2025,Bahrain,R,ANT,12,Mercedes,56.0,4.0,SOFT,27.0,False,99.065,31.441,43.148,24.476,11.0,1,True,False,True,99.0,8.5,27.052531645569623,31.870253164556964,False,False,False,False,False,True,102.035,97.95543424112887,4.0795657588711265
2025,Bahrain,R,ANT,12,Mercedes,57.0,4.0,SOFT,28.0,False,99.546,31.588,43.675,24.283,11.0,1,True,False,True,100.8,8.5,27.052531645569623,31.870253164556964,False,False,False,False,False,True,102.57000000000001,97.95543424112887,4.614565758871137
2025,Bahrain,R,ALB,23,Williams,2.0,1.0,SOFT,2.0,True,99.821,31.871,43.578,24.372,14.0,1,True,False,True,1.8,8.5,27.052531645569623,31.870253164556964,False,False,False,False,False,True,99.875,97.95543424112887,1.91956575887113
2025,Bahrain,R,ALB,23,Williams,3.0,1.0,SOFT,3.0,True,98.699,31.043,43.288,24.368,13.0,1,True,False,True,3.6,8.5,27.052531645569623,31.870253164556964,False,False,False,False,False,True,98.807,97.95543424112887,0.8515657588711321
2025,Bahrain,R,ALB,23,Williams,4.0,1.0,SOFT,4.0,True,99.056,31.34,43.31,24.406,13.0,1,True,False,True,5.4,8.5,27.052531645569623,31.870253164556964,False,False,False,False,False,True,99.218,97.95543424112887,1.2625657588711334
2025,Bahrain,R,ALB,23,Williams,5.0,1.0,SOFT,5.0,True,99.257,31.361,43.465,24.431,13.0,1,True,False,True,7.2,8.5,27.052531645569623,31.870253164556964,False,False,False,False,False,True,99.473,97.95543424112887,1.5175657588711289
2025,Bahrain,R,ALB,23,Williams,6.0,1.0,SOFT,6.0,True,99.263,31.431,43.392,24.44,13.0,1,True,False,True,9.0,8.5,27.052531645569623,31.870253164556964,False,False,False,False,False,True,99.533,97.95543424112887,1.5775657588711312
2025,Bahrain,R,ALB,23,Williams,7.0,1.0,SOFT,7.0,True,99.565,31.535,43.606,24.424,13.0,1,True,False,True,10.8,8.5,27.052531645569623,31.870253164556964,False,False,False,False,False,True,99.889,97.95543424112887,1.9335657588711257
2025,Bahrain,R,ALB,23,Williams,8.0,1.0,SOFT,8.0,True,99.918,31.565,43.68,24.673,12.0,1,True,False,True,12.6,8.5,27.052531645569623,31.870253164556964,False,False,False,False,False,True,100.296,97.95543424112887,2.3405657588711364
2025,Bahrain,R,ALB,23,Williams,9.0,1.0,SOFT,9.0,True,99.735,31.55,43.603,24.582,11.0,1,True,False,True,14.4,8.5,27.052531645569623,31.870253164556964,False,False,False,False,False,True,100.167,97.95543424112887,2.2115657588711315
2025,Bahrain,R,ALB,23,Williams,10.0,1.0,SOFT,10.0,True,100.089,31.741,43.819,24.529,11.0,1,True,False,True,16.2,8.5,27.052531645569623,31.870253164556964,False,False,False,False,False,True,100.575,97.95543424112887,2.6195657588711327
2025,Bahrain,R,ALB,23,Williams,11.0,1.0,SOFT,11.0,True,99.843,31.566,43.642,24.635,8.0,1,True,False,True,18.0,8.5,27.052531645569623,31.870253164556964,False,False,False,False,False,True,100.38300000000001,97.95543424112887,2.4275657588711397
2025,Bahrain,R,ALB,23,Williams,12.0,1.0,SOFT,12.0,True,99.94,31.768,43.616,24.556,7.0,1,True,False,True,19.8,8.5,27.052531645569623,31.870253164556964,False,False,False,False,False,True,100.53399999999999,97.95543424112887,2.5785657588711217
2025,Bahrain,R,ALB,23,Williams,13.0,1.0,SOFT,13.0,True,100.144,31.804,43.771,24.569,6.0,1,True,False,True,21.6,8.5,27.052531645569623,31.870253164556964,False,False,False,False,False,True,100.792,97.95543424112887,2.8365657588711315
2025,Bahrain,R,ALB,23,Williams,14.0,1.0,SOFT,14.0,True,100.326,31.819,43.698,24.809,4.0,1,True,False,True,23.4,8.5,27.052531645569623,31.870253164556964,False,False,False,False,False,True,101.02799999999999,97.95543424112887,3.0725657588711215
2025,Bahrain,R,ALB,23,Williams,15.0,1.0,SOFT,15.0,True,100.821,31.858,44.173,24.79,5.0,1,True,False,True,25.2,8.5,27.052531645569623,31.870253164556964,False,False,False,False,False,True,101.577,97.95543424112887,3.621565758871128
2025,Bahrain,R,ALB,23,Williams,18.0,2.0,HARD,2.0,True,97.209,31.066,42.371,23.772,16.0,1,True,False,True,30.6,8.5,27.052531645569623,31.870253164556964,False,False,False,False,False,True,98.12700000000001,97.52237114309915,0.6046288569008595
2025,Bahrain,R,ALB,23,Williams,19.0,2.0,HARD,3.0,True,98.209,31.077,42.808,24.324,16.0,1,True,False,True,32.4,8.5,27.052531645569623,31.870253164556964,False,False,False,False,False,True,99.181,97.52237114309915,1.6586288569008474
2025,Bahrain,R,ALB,23,Williams,20.0,2.0,HARD,4.0,True,97.673,30.867,42.721,24.085,15.0,1,True,False,True,34.2,8.5,27.052531645569623,31.870253164556964,False,False,False,False,False,True,98.699,97.52237114309915,1.176628856900848
2025,Bahrain,R,ALB,23,Williams,21.0,2.0,HARD,5.0,True,98.047,31.264,42.725,24.058,15.0,1,True,False,True,36.0,8.5,27.052531645569623,31.870253164556964,False,False,False,False,False,True,99.127,97.52237114309915,1.6046288569008453
2025,Bahrain,R,ALB,23,Williams,22.0,2.0,HARD,6.0,True,98.474,31.259,43.003,24.212,15.0,1,True,False,True,37.8,8.5,27.052531645569623,31.870253164556964,False,False,False,False,False,True,99.608,97.52237114309915,2.085628856900854
2025,Bahrain,R,ALB,23,Williams,23.0,2.0,HARD,7.0,True,97.884,31.026,42.72,24.138,14.0,1,True,False,True,39.6,8.5,27.052531645569623,31.870253164556964,False,False,False,False,False,True,99.072,97.52237114309915,1.5496288569008527
2025,Bahrain,R,ALB,23,Williams,24.0,2.0,HARD,8.0,True,98.023,31.269,42.696,24.058,14.0,1,True,False,True,41.4,8.5,27.052531645569623,31.870253164556964,False,False,False,False,False,True,99.265,97.52237114309915,1.7426288569008506
2025,Bahrain,R,ALB,23,Williams,25.0,2.0,HARD,9.0,True,98.591,31.383,43.056,24.152,14.0,1,True,False,True,43.2,8.5,27.052531645569623,31.870253164556964,False,False,False,False,False,True,99.887,97.52237114309915,2.3646288569008505
2025,Bahrain,R,ALB,23,Williams,26.0,2.0,HARD,10.0,True,98.698,31.409,43.175,24.114,14.0,1,True,False,True,45.0,8.5,27.052531645569623,31.870253164556964,False,False,False,False,False,True,100.04799999999999,97.52237114309915,2.5256288569008376
2025,Bahrain,R,ALB,23,Williams,27.0,2.0,HARD,11.0,True,98.707,31.41,43.09,24.207,13.0,1,True,False,True,46.8,8.5,27.052531645569623,31.870253164556964,False,False,False,False,False,True,100.11099999999999,97.52237114309915,2.58862885690084
2025,Bahrain,R,ALB,23,Williams,28.0,2.0,HARD,12.0,True,98.83,31.338,43.108,24.384,11.0,1,True,False,True,48.6,8.5,27.052531645569623,31.870253164556964,False,False,False,False,False,True,100.288,97.52237114309915,2.7656288569008467
2025,Bahrain,R,ALB,23,Williams,29.0,2.0,HARD,13.0,True,98.148,31.062,42.919,24.167,8.0,1,True,False,True,50.4,8.5,27.052531645569623,31.870253164556964,False,False,False,False,False,True,99.66,97.52237114309915,2.1376288569008466
2025,Bahrain,R,ALB,23,Williams,30.0,2.0,HARD,14.0,True,99.164,31.616,43.305,24.243,8.0,1,True,False,True,52.2,8.5,27.052531645569623,31.870253164556964,False,False,False,False,False,True,100.73,97.52237114309915,3.207628856900854
2025,Bahrain,R,ALB,23,Williams,31.0,2.0,HARD,15.0,True,99.781,31.549,43.649,24.583,8.0,1,True,False,True,54.0,8.5,27.052531645569623,31.870253164556964,False,False,False,False,False,True,101.40100000000001,97.52237114309915,3.8786288569008605
2025,Bahrain,R,ALB,23,Williams,36.0,3.0,MEDIUM,4.0,True,99.068,32.089,43.221,23.758,12.0,1,True,False,True,63.0,8.5,27.052531645569623,31.870253164556964,False,False,False,False,False,True,100.958,97.1070523835844,3.8509476164155956
2025,Bahrain,R,ALB,23,Williams,37.0,3.0,MEDIUM,5.0,True,97.615,31.124,42.561,23.93,12.0,1,True,False,True,64.8,8.5,27.052531645569623,31.870253164556964,False,False,False,False,False,True,99.559,97.1070523835844,2.4519476164155947
2025,Bahrain,R,ALB,23,Williams,38.0,3.0,MEDIUM,6.0,True,97.871,30.671,43.031,24.169,12.0,1,True,False,True,66.60000000000001,8.5,27.052531645569623,31.870253164556964,False,False,False,False,False,True,99.869,97.1070523835844,2.761947616415597
2025,Bahrain,R,ALB,23,Williams,39.0,3.0,MEDIUM,7.0,True,98.87,31.337,43.565,23.968,13.0,1,True,False,True,68.4,8.5,27.052531645569623,31.870253164556964,False,False,False,False,False,True,100.92200000000001,97.1070523835844,3.8149476164156084
2025,Bahrain,R,ALB,23,Williams,40.0,3.0,MEDIUM,8.0,True,97.631,30.932,42.734,23.965,13.0,1,True,False,True,70.2,8.5,27.052531645569623,31.870253164556964,False,False,False,False,False,True,99.737,97.1070523835844,2.629947616415592
2025,Bahrain,R,ALB,23,Williams,41.0,3.0,MEDIUM,9.0,True,97.504,31.076,42.487,23.941,13.0,1,True,False,True,72.0,8.5,27.052531645569623,31.870253164556964,False,False,False,False,False,True,99.664,97.1070523835844,2.5569476164155986
2025,Bahrain,R,ALB,23,Williams,42.0,3.0,MEDIUM,10.0,True,97.702,31.201,42.521,23.98,13.0,1,True,False,True,73.8,8.5,27.052531645569623,31.870253164556964,False,False,False,False,False,True,99.916,97.1070523835844,2.808947616415594
2025,Bahrain,R,ALB,23,Williams,43.0,3.0,MEDIUM,11.0,True,97.667,31.087,42.534,24.046,13.0,1,True,False,True,75.60000000000001,8.5,27.052531645569623,31.870253164556964,False,False,False,False,False,True,99.935,97.1070523835844,2.8279476164155994
2025,Bahrain,R,ALB,23,Williams,44.0,3.0,MEDIUM,12.0,True,97.647,31.061,42.666,23.92,13.0,1,True,False,True,77.4,8.5,27.052531645569623,31.870253164556964,False,False,False,False,False,True,99.96900000000001,97.1070523835844,2.8619476164156055
2025,Bahrain,R,ALB,23,Williams,45.0,3.0,MEDIUM,13.0,True,97.696,30.758,42.753,24.185,13.0,1,True,False,True,79.2,8.5,27.052531645569623,31.870253164556964,False,False,False,False,False,True,100.072,97.1070523835844,2.9649476164156
2025,Bahrain,R,ALB,23,Williams,46.0,3.0,MEDIUM,14.0,True,98.333,30.905,43.328,24.1,13.0,1,True,False,True,81.0,8.5,27.052531645569623,31.870253164556964,False,False,False,False,False,True,100.763,97.1070523835844,3.6559476164156024
2025,Bahrain,R,ALB,23,Williams,47.0,3.0,MEDIUM,15.0,True,97.141,30.593,42.556,23.992,12.0,1,True,False,True,82.8,8.5,27.052531645569623,31.870253164556964,False,False,False,False,False,True,99.625,97.1070523835844,2.517947616415597
2025,Bahrain,R,ALB,23,Williams,48.0,3.0,MEDIUM,16.0,True,97.544,30.786,42.765,23.993,12.0,1,True,False,True,84.60000000000001,8.5,27.052531645569623,31.870253164556964,False,False,False,False,False,True,100.082,97.1070523835844,2.974947616415591
2025,Bahrain,R,ALB,23,Williams,49.0,3.0,MEDIUM,17.0,True,97.627,30.943,42.79,23.894,12.0,1,True,False,True,86.4,8.5,27.052531645569623,31.870253164556964,False,False,False,False,False,True,100.219,97.1070523835844,3.1119476164155913
2025,Bahrain,R,ALB,23,Williams,50.0,3.0,MEDIUM,18.0,True,97.863,31.118,42.613,24.132,12.0,1,True,False,True,88.2,8.5,27.052531645569623,31.870253164556964,False,False,False,False,False,True,100.509,97.1070523835844,3.4019476164155975
2025,Bahrain,R,ALB,23,Williams,51.0,3.0,MEDIUM,19.0,True,97.81,31.124,42.487,24.199,12.0,1,True,False,True,90.0,8.5,27.052531645569623,31.870253164556964,False,False,False,False,False,True,100.51,97.1070523835844,3.4029476164156023
2025,Bahrain,R,ALB,23,Williams,52.0,3.0,MEDIUM,20.0,True,98.581,30.823,43.176,24.582,12.0,1,True,False,True,91.8,8.5,27.052531645569623,31.870253164556964,False,False,False,False,False,True,101.33500000000001,97.1070523835844,4.227947616415605
2025,Bahrain,R,ALB,23,Williams,53.0,3.0,MEDIUM,21.0,True,98.427,30.96,43.153,24.314,12.0,1,True,False,True,93.6,8.5,27.052531645569623,31.870253164556964,False,False,False,False,False,True,101.23500000000001,97.1070523835844,4.127947616415611
2025,Bahrain,R,ALB,23,Williams,54.0,3.0,MEDIUM,22.0,True,98.614,30.972,43.388,24.254,12.0,1,True,False,True,95.4,8.5,27.052531645569623,31.870253164556964,False,False,False,False,False,True,101.476,97.1070523835844,4.368947616415596
2025,Bahrain,R,ALB,23,Williams,55.0,3.0,MEDIUM,23.0,True,98.816,31.204,43.193,24.419,12.0,1,True,False,True,97.2,8.5,27.052531645569623,31.870253164556964,False,False,False,False,False,True,101.732,97.1070523835844,4.6249476164155965
2025,Bahrain,R,ALB,23,Williams,56.0,3.0,MEDIUM,24.0,True,99.22,31.42,43.203,24.597,12.0,1,True,False,True,99.0,8.5,27.052531645569623,31.870253164556964,False,False,False,False,False,True,102.19,97.1070523835844,5.082947616415595
2025,Bahrain,R,ALB,23,Williams,57.0,3.0,MEDIUM,25.0,True,99.664,31.156,43.836,24.672,12.0,1,True,False,True,100.8,8.5,27.052531645569623,31.870253164556964,False,False,False,False,False,True,102.688,97.1070523835844,5.5809476164155996
2025,Bahrain,R,HAD,6,Racing Bulls,2.0,1.0,SOFT,2.0,True,99.603,31.418,43.728,24.457,16.0,1,True,False,True,1.8,8.5,27.052531645569623,31.870253164556964,False,False,False,False,False,True,99.657,97.95543424112887,1.7015657588711264
2025,Bahrain,R,HAD,6,Racing Bulls,3.0,1.0,SOFT,3.0,True,99.767,31.408,43.811,24.548,16.0,1,True,False,True,3.6,8.5,27.052531645569623,31.870253164556964,False,False,False,False,False,True,99.875,97.95543424112887,1.91956575887113
2025,Bahrain,R,HAD,6,Racing Bulls,4.0,1.0,SOFT,4.0,True,99.631,31.134,43.918,24.579,16.0,1,True,False,True,5.4,8.5,27.052531645569623,31.870253164556964,False,False,False,False,False,True,99.793,97.95543424112887,1.8375657588711363
2025,Bahrain,R,HAD,6,Racing Bulls,5.0,1.0,SOFT,5.0,True,99.669,31.424,43.626,24.619,16.0,1,True,False,True,7.2,8.5,27.052531645569623,31.870253164556964,False,False,False,False,False,True,99.88499999999999,97.95543424112887,1.9295657588711208
2025,Bahrain,R,HAD,6,Racing Bulls,8.0,2.0,MEDIUM,2.0,True,97.392,30.666,42.609,24.117,19.0,1,True,False,True,12.6,8.5,27.052531645569623,31.870253164556964,False,False,False,False,False,True,97.77,97.1070523835844,0.6629476164155932
2025,Bahrain,R,HAD,6,Racing Bulls,9.0,2.0,MEDIUM,3.0,True,98.542,31.296,43.046,24.2,19.0,1,True,False,True,14.4,8.5,27.052531645569623,31.870253164556964,False,False,False,False,False,True,98.974,97.1070523835844,1.866947616415601
2025,Bahrain,R,HAD,6,Racing Bulls,10.0,2.0,MEDIUM,4.0,True,99.429,31.814,43.487,24.128,19.0,1,True,False,True,16.2,8.5,27.052531645569623,31.870253164556964,False,False,False,False,False,True,99.915,97.1070523835844,2.8079476164156034
2025,Bahrain,R,HAD,6,Racing Bulls,11.0,2.0,MEDIUM,5.0,True,98.623,31.335,43.045,24.243,19.0,1,True,False,True,18.0,8.5,27.052531645569623,31.870253164556964,False,False,False,False,False,True,99.16300000000001,97.1070523835844,2.055947616415608
2025,Bahrain,R,HAD,6,Racing Bulls,12.0,2.0,MEDIUM,6.0,True,98.7,31.4,43.117,24.183,18.0,1,True,False,True,19.8,8.5,27.052531645569623,31.870253164556964,False,False,False,False,False,True,99.294,97.1070523835844,2.186947616415594
2025,Bahrain,R,HAD,6,Racing Bulls,13.0,2.0,MEDIUM,7.0,True,98.849,31.377,43.136,24.336,17.0,1,True,False,True,21.6,8.5,27.052531645569623,31.870253164556964,False,False,False,False,False,True,99.497,97.1070523835844,2.389947616415597
2025,Bahrain,R,HAD,6,Racing Bulls,14.0,2.0,MEDIUM,8.0,True,100.03,31.666,43.964,24.4,17.0,1,True,False,True,23.4,8.5,27.052531645569623,31.870253164556964,False,False,False,False,False,True,100.732,97.1070523835844,3.6249476164155965
2025,Bahrain,R,HAD,6,Racing Bulls,15.0,2.0,MEDIUM,9.0,True,98.893,31.447,43.177,24.269,14.0,1,True,False,True,25.2,8.5,27.052531645569623,31.870253164556964,False,False,False,False,False,True,99.649,97.1070523835844,2.541947616415598
2025,Bahrain,R,HAD,6,Racing Bulls,16.0,2.0,MEDIUM,10.0,True,99.168,31.453,43.415,24.3,14.0,1,True,False,True,27.0,8.5,27.052531645569623,31.870253164556964,False,False,False,False,False,True,99.97800000000001,97.1070523835844,2.870947616415606
2025,Bahrain,R,HAD,6,Racing Bulls,17.0,2.0,MEDIUM,11.0,True,98.749,31.373,43.121,24.255,12.0,1,True,False,True,28.8,8.5,27.052531645569623,31.870253164556964,False,False,False,False,False,True,99.613,97.1070523835844,2.5059476164155967
2025,Bahrain,R,HAD,6,Racing Bulls,18.0,2.0,MEDIUM,12.0,True,100.018,32.028,43.504,24.486,13.0,1,True,False,True,30.6,8.5,27.052531645569623,31.870253164556964,False,False,False,False,False,True,100.936,97.1070523835844,3.828947616415604
2025,Bahrain,R,HAD,6,Racing Bulls,19.0,2.0,MEDIUM,13.0,True,98.894,31.549,42.997,24.348,13.0,1,True,False,True,32.4,8.5,27.052531645569623,31.870253164556964,False,False,False,False,False,True,99.866,97.1070523835844,2.758947616415597
2025,Bahrain,R,HAD,6,Racing Bulls,20.0,2.0,MEDIUM,14.0,True,98.873,31.389,43.114,24.37,13.0,1,True,False,True,34.2,8.5,27.052531645569623,31.870253164556964,False,False,False,False,False,True,99.899,97.1070523835844,2.791947616415598
2025,Bahrain,R,HAD,6,Racing Bulls,21.0,2.0,MEDIUM,15.0,True,100.764,32.102,44.13,24.532,14.0,1,True,False,True,36.0,8.5,27.052531645569623,31.870253164556964,False,False,False,False,False,True,101.844,97.1070523835844,4.736947616415591
2025,Bahrain,R,HAD,6,Racing Bulls,22.0,2.0,MEDIUM,16.0,True,99.442,31.559,43.418,24.465,14.0,1,True,False,True,37.8,8.5,27.052531645569623,31.870253164556964,False,False,False,False,False,True,100.576,97.1070523835844,3.4689476164155906
2025,Bahrain,R,HAD,6,Racing Bulls,23.0,2.0,MEDIUM,17.0,True,100.365,32.145,43.704,24.516,15.0,1,True,False,True,39.6,8.5,27.052531645569623,31.870253164556964,False,False,False,False,False,True,101.553,97.1070523835844,4.445947616415594
2025,Bahrain,R,HAD,6,Racing Bulls,24.0,2.0,MEDIUM,18.0,True,99.522,31.615,43.452,24.455,15.0,1,True,False,True,41.4,8.5,27.052531645569623,31.870253164556964,False,False,False,False,False,True,100.76400000000001,97.1070523835844,3.656947616415607
2025,Bahrain,R,HAD,6,Racing Bulls,25.0,2.0,MEDIUM,19.0,True,99.795,31.755,43.572,24.468,15.0,1,True,False,True,43.2,8.5,27.052531645569623,31.870253164556964,False,False,False,False,False,True,101.09100000000001,97.1070523835844,3.9839476164156054
2025,Bahrain,R,HAD,6,Racing Bulls,26.0,2.0,MEDIUM,20.0,True,99.588,31.713,43.508,24.367,15.0,1,True,False,True,45.0,8.5,27.052531645569623,31.870253164556964,False,False,False,False,False,True,100.93799999999999,97.1070523835844,3.8309476164155853
2025,Bahrain,R,HAD,6,Racing Bulls,27.0,2.0,MEDIUM,21.0,True,99.465,31.733,43.356,24.376,14.0,1,True,False,True,46.8,8.5,27.052531645569623,31.870253164556964,False,False,False,False,False,True,100.869,97.1070523835844,3.761947616415597
2025,Bahrain,R,HAD,6,Racing Bulls,30.0,3.0,HARD,2.0,True,96.952,30.825,42.385,23.742,19.0,1,True,False,True,52.2,8.5,27.052531645569623,31.870253164556964,False,False,False,False,False,True,98.518,97.52237114309915,0.9956288569008507
2025,Bahrain,R,HAD,6,Racing Bulls,31.0,3.0,HARD,3.0,True,97.158,30.843,42.444,23.871,19.0,1,True,False,True,54.0,8.5,27.052531645569623,31.870253164556964,False,False,False,False,False,True,98.778,97.52237114309915,1.2556288569008558
2025,Bahrain,R,HAD,6,Racing Bulls,36.0,3.0,HARD,8.0,True,100.318,32.466,43.688,24.164,17.0,1,True,False,True,63.0,8.5,27.052531645569623,31.870253164556964,False,False,False,False,False,True,102.208,97.52237114309915,4.685628856900848
2025,Bahrain,R,HAD,6,Racing Bulls,37.0,3.0,HARD,9.0,True,98.467,31.225,43.203,24.039,17.0,1,True,False,True,64.8,8.5,27.052531645569623,31.870253164556964,False,False,False,False,False,True,100.411,97.52237114309915,2.8886288569008514
2025,Bahrain,R,HAD,6,Racing Bulls,38.0,3.0,HARD,10.0,True,97.831,30.911,42.802,24.118,17.0,1,True,False,True,66.60000000000001,8.5,27.052531645569623,31.870253164556964,False,False,False,False,False,True,99.82900000000001,97.52237114309915,2.3066288569008577
2025,Bahrain,R,HAD,6,Racing Bulls,39.0,3.0,HARD,11.0,True,98.329,31.031,43.097,24.201,17.0,1,True,False,True,68.4,8.5,27.052531645569623,31.870253164556964,False,False,False,False,False,True,100.381,97.52237114309915,2.8586288569008502
2025,Bahrain,R,HAD,6,Racing Bulls,40.0,3.0,HARD,12.0,True,98.342,31.037,42.928,24.377,17.0,1,True,False,True,70.2,8.5,27.052531645569623,31.870253164556964,False,False,False,False,False,True,100.448,97.52237114309915,2.9256288569008433
2025,Bahrain,R,HAD,6,Racing Bulls,41.0,3.0,HARD,13.0,True,98.686,31.244,43.234,24.208,17.0,1,True,False,True,72.0,8.5,27.052531645569623,31.870253164556964,False,False,False,False,False,True,100.846,97.52237114309915,3.3236288569008536
2025,Bahrain,R,HAD,6,Racing Bulls,42.0,3.0,HARD,14.0,True,98.561,31.195,43.052,24.314,17.0,1,True,False,True,73.8,8.5,27.052531645569623,31.870253164556964,False,False,False,False,False,True,100.775,97.52237114309915,3.2526288569008557
2025,Bahrain,R,HAD,6,Racing Bulls,43.0,3.0,HARD,15.0,True,99.073,31.11,43.54,24.423,17.0,1,True,False,True,75.60000000000001,8.5,27.052531645569623,31.870253164556964,False,False,False,False,False,True,101.341,97.52237114309915,3.818628856900844
2025,Bahrain,R,HAD,6,Racing Bulls,44.0,3.0,HARD,16.0,True,97.724,31.13,42.612,23.982,16.0,1,True,False,True,77.4,8.5,27.052531645569623,31.870253164556964,False,False,False,False,False,True,100.046,97.52237114309915,2.5236288569008565
2025,Bahrain,R,HAD,6,Racing Bulls,45.0,3.0,HARD,17.0,True,98.019,31.294,42.656,24.069,16.0,1,True,False,True,79.2,8.5,27.052531645569623,31.870253164556964,False,False,False,False,False,True,100.39500000000001,97.52237114309915,2.8726288569008602
2025,Bahrain,R,HAD,6,Racing Bulls,46.0,3.0,HARD,18.0,True,97.793,31.202,42.622,23.969,16.0,1,True,False,True,81.0,8.5,27.052531645569623,31.870253164556964,False,False,False,False,False,True,100.22300000000001,97.52237114309915,2.700628856900863
2025,Bahrain,R,HAD,6,Racing Bulls,47.0,3.0,HARD,19.0,True,97.762,31.285,42.529,23.948,16.0,1,True,False,True,82.8,8.5,27.052531645569623,31.870253164556964,False,False,False,False,False,True,100.246,97.52237114309915,2.723628856900845
2025,Bahrain,R,HAD,6,Racing Bulls,48.0,3.0,HARD,20.0,True,98.021,31.333,42.724,23.964,16.0,1,True,False,True,84.60000000000001,8.5,27.052531645569623,31.870253164556964,False,False,False,False,False,True,100.559,97.52237114309915,3.0366288569008475
2025,Bahrain,R,HAD,6,Racing Bulls,49.0,3.0,HARD,21.0,True,97.985,31.314,42.659,24.012,16.0,1,True,False,True,86.4,8.5,27.052531645569623,31.870253164556964,False,False,False,False,False,True,100.577,97.52237114309915,3.054628856900848
2025,Bahrain,R,HAD,6,Racing Bulls,50.0,3.0,HARD,22.0,True,98.142,31.442,42.692,24.008,16.0,1,True,False,True,88.2,8.5,27.052531645569623,31.870253164556964,False,False,False,False,False,True,100.788,97.52237114309915,3.2656288569008467
2025,Bahrain,R,HAD,6,Racing Bulls,51.0,3.0,HARD,23.0,True,98.266,31.448,42.708,24.11,16.0,1,True,False,True,90.0,8.5,27.052531645569623,31.870253164556964,False,False,False,False,False,True,100.96600000000001,97.52237114309915,3.443628856900858
2025,Bahrain,R,HAD,6,Racing Bulls,52.0,3.0,HARD,24.0,True,98.205,31.381,42.686,24.138,16.0,1,True,False,True,91.8,8.5,27.052531645569623,31.870253164556964,False,False,False,False,False,True,100.959,97.52237114309915,3.436628856900853
2025,Bahrain,R,HAD,6,Racing Bulls,53.0,3.0,HARD,25.0,True,98.495,31.503,42.748,24.244,16.0,1,True,False,True,93.6,8.5,27.052531645569623,31.870253164556964,False,False,False,False,False,True,101.303,97.52237114309915,3.7806288569008473
2025,Bahrain,R,HAD,6,Racing Bulls,54.0,3.0,HARD,26.0,True,99.003,31.555,43.301,24.147,16.0,1,True,False,True,95.4,8.5,27.052531645569623,31.870253164556964,False,False,False,False,False,True,101.865,97.52237114309915,4.342628856900845
2025,Bahrain,R,HAD,6,Racing Bulls,55.0,3.0,HARD,27.0,True,98.297,31.477,42.766,24.054,16.0,1,True,False,True,97.2,8.5,27.052531645569623,31.870253164556964,False,False,False,False,False,True,101.213,97.52237114309915,3.690628856900844
2025,Bahrain,R,HAD,6,Racing Bulls,56.0,3.0,HARD,28.0,True,98.784,31.536,42.927,24.321,16.0,1,True,False,True,99.0,8.5,27.052531645569623,31.870253164556964,False,False,False,False,False,True,101.754,97.52237114309915,4.231628856900855
2025,Bahrain,R,HAD,6,Racing Bulls,57.0,3.0,HARD,29.0,True,98.496,31.395,42.881,24.22,16.0,1,True,False,True,100.8,8.5,27.052531645569623,31.870253164556964,False,False,False,False,False,True,101.52,97.52237114309915,3.997628856900846
2025,Bahrain,R,DOO,7,Alpine,2.0,1.0,SOFT,2.0,True,99.172,31.798,42.939,24.435,11.0,1,True,False,True,1.8,8.5,27.052531645569623,31.870253164556964,False,False,False,False,False,True,99.226,97.95543424112887,1.270565758871129
2025,Bahrain,R,DOO,7,Alpine,3.0,1.0,SOFT,3.0,True,98.714,31.135,43.081,24.498,11.0,1,True,False,True,3.6,8.5,27.052531645569623,31.870253164556964,False,False,False,False,False,True,98.822,97.95543424112887,0.8665657588711326
2025,Bahrain,R,DOO,7,Alpine,4.0,1.0,SOFT,4.0,True,98.722,31.094,43.026,24.602,11.0,1,True,False,True,5.4,8.5,27.052531645569623,31.870253164556964,False,False,False,False,False,True,98.884,97.95543424112887,0.9285657588711302
2025,Bahrain,R,DOO,7,Alpine,5.0,1.0,SOFT,5.0,True,99.295,31.278,43.271,24.746,11.0,1,True,False,True,7.2,8.5,27.052531645569623,31.870253164556964,False,False,False,False,False,True,99.511,97.95543424112887,1.5555657588711256
2025,Bahrain,R,DOO,7,Alpine,6.0,1.0,SOFT,6.0,True,99.286,31.353,43.281,24.652,11.0,1,True,False,True,9.0,8.5,27.052531645569623,31.870253164556964,False,False,False,False,False,True,99.556,97.95543424112887,1.6005657588711273
2025,Bahrain,R,DOO,7,Alpine,7.0,1.0,SOFT,7.0,True,99.457,31.298,43.389,24.77,11.0,1,True,False,True,10.8,8.5,27.052531645569623,31.870253164556964,False,False,False,False,False,True,99.78099999999999,97.95543424112887,1.8255657588711216
2025,Bahrain,R,DOO,7,Alpine,8.0,1.0,SOFT,8.0,True,99.813,31.468,43.683,24.662,11.0,1,True,False,True,12.6,8.5,27.052531645569623,31.870253164556964,False,False,False,False,False,True,100.191,97.95543424112887,2.2355657588711324
2025,Bahrain,R,DOO,7,Alpine,11.0,2.0,MEDIUM,2.0,True,97.745,31.021,42.531,24.193,18.0,1,True,False,True,18.0,8.5,27.052531645569623,31.870253164556964,False,False,False,False,False,True,98.28500000000001,97.1070523835844,1.177947616415608
2025,Bahrain,R,DOO,7,Alpine,12.0,2.0,MEDIUM,3.0,True,98.013,31.313,42.539,24.161,17.0,1,True,False,True,19.8,8.5,27.052531645569623,31.870253164556964,False,False,False,False,False,True,98.607,97.1070523835844,1.4999476164155965
2025,Bahrain,R,DOO,7,Alpine,13.0,2.0,MEDIUM,4.0,True,98.425,31.259,42.84,24.326,16.0,1,True,False,True,21.6,8.5,27.052531645569623,31.870253164556964,False,False,False,False,False,True,99.073,97.1070523835844,1.9659476164155905
2025,Bahrain,R,DOO,7,Alpine,14.0,2.0,MEDIUM,5.0,True,98.173,31.297,42.692,24.184,15.0,1,True,False,True,23.4,8.5,27.052531645569623,31.870253164556964,False,False,False,False,False,True,98.875,97.1070523835844,1.7679476164155972
2025,Bahrain,R,DOO,7,Alpine,15.0,2.0,MEDIUM,6.0,True,98.312,31.515,42.62,24.177,12.0,1,True,False,True,25.2,8.5,27.052531645569623,31.870253164556964,False,False,False,False,False,True,99.068,97.1070523835844,1.960947616415595
2025,Bahrain,R,DOO,7,Alpine,16.0,2.0,MEDIUM,7.0,True,98.702,31.406,42.977,24.319,11.0,1,True,False,True,27.0,8.5,27.052531645569623,31.870253164556964,False,False,False,False,False,True,99.512,97.1070523835844,2.4049476164155976
2025,Bahrain,R,DOO,7,Alpine,17.0,2.0,MEDIUM,8.0,True,98.968,31.602,43.062,24.304,10.0,1,True,False,True,28.8,8.5,27.052531645569623,31.870253164556964,False,False,False,False,False,True,99.83200000000001,97.1070523835844,2.724947616415605
2025,Bahrain,R,DOO,7,Alpine,18.0,2.0,MEDIUM,9.0,True,98.549,31.455,42.821,24.273,9.0,1,True,False,True,30.6,8.5,27.052531645569623,31.870253164556964,False,False,False,False,False,True,99.46700000000001,97.1070523835844,2.35994761641561
2025,Bahrain,R,DOO,7,Alpine,19.0,2.0,MEDIUM,10.0,True,98.298,31.464,42.656,24.178,9.0,1,True,False,True,32.4,8.5,27.052531645569623,31.870253164556964,False,False,False,False,False,True,99.27,97.1070523835844,2.162947616415593
2025,Bahrain,R,DOO,7,Alpine,20.0,2.0,MEDIUM,11.0,True,99.266,31.579,43.261,24.426,9.0,1,True,False,True,34.2,8.5,27.052531645569623,31.870253164556964,False,False,False,False,False,True,100.292,97.1070523835844,3.1849476164155988
2025,Bahrain,R,DOO,7,Alpine,21.0,2.0,MEDIUM,12.0,True,98.973,31.202,43.27,24.501,9.0,1,True,False,True,36.0,8.5,27.052531645569623,31.870253164556964,False,False,False,False,False,True,100.053,97.1070523835844,2.9459476164155944
2025,Bahrain,R,DOO,7,Alpine,22.0,2.0,MEDIUM,13.0,True,99.897,31.817,43.585,24.495,10.0,1,True,False,True,37.8,8.5,27.052531645569623,31.870253164556964,False,False,False,False,False,True,101.031,97.1070523835844,3.923947616415603
2025,Bahrain,R,DOO,7,Alpine,23.0,2.0,MEDIUM,14.0,True,98.842,31.221,43.228,24.393,10.0,1,True,False,True,39.6,8.5,27.052531645569623,31.870253164556964,False,False,False,False,False,True,100.03,97.1070523835844,2.9229476164155983
2025,Bahrain,R,DOO,7,Alpine,24.0,2.0,MEDIUM,15.0,True,99.422,31.828,43.196,24.398,10.0,1,True,False,True,41.4,8.5,27.052531645569623,31.870253164556964,False,False,False,False,False,True,100.664,97.1070523835844,3.5569476164155986
2025,Bahrain,R,DOO,7,Alpine,25.0,2.0,MEDIUM,16.0,True,99.323,31.691,43.225,24.407,10.0,1,True,False,True,43.2,8.5,27.052531645569623,31.870253164556964,False,False,False,False,False,True,100.619,97.1070523835844,3.511947616415597
2025,Bahrain,R,DOO,7,Alpine,26.0,2.0,MEDIUM,17.0,True,99.752,31.835,43.45,24.467,9.0,1,True,False,True,45.0,8.5,27.052531645569623,31.870253164556964,False,False,False,False,False,True,101.10199999999999,97.1070523835844,3.994947616415587
2025,Bahrain,R,DOO,7,Alpine,27.0,2.0,MEDIUM,18.0,True,99.521,31.897,43.221,24.403,9.0,1,True,False,True,46.8,8.5,27.052531645569623,31.870253164556964,False,False,False,False,False,True,100.925,97.1070523835844,3.8179476164155943
2025,Bahrain,R,DOO,7,Alpine,30.0,3.0,HARD,2.0,True,97.587,30.894,42.776,23.917,15.0,1,True,False,True,52.2,8.5,27.052531645569623,31.870253164556964,False,False,False,False,False,True,99.153,97.52237114309915,1.6306288569008558
2025,Bahrain,R,DOO,7,Alpine,31.0,3.0,HARD,3.0,True,96.682,31.029,41.839,23.814,15.0,1,True,False,True,54.0,8.5,27.052531645569623,31.870253164556964,False,False,False,False,False,True,98.302,97.52237114309915,0.7796288569008567
2025,Bahrain,R,DOO,7,Alpine,36.0,3.0,HARD,8.0,True,98.497,31.588,43.029,23.88,9.0,1,True,False,True,63.0,8.5,27.052531645569623,31.870253164556964,False,False,False,False,False,True,100.387,97.52237114309915,2.8646288569008505
2025,Bahrain,R,DOO,7,Alpine,37.0,3.0,HARD,9.0,True,97.578,31.191,42.343,24.044,9.0,1,True,False,True,64.8,8.5,27.052531645569623,31.870253164556964,False,False,False,False,False,True,99.522,97.52237114309915,1.9996288569008556
2025,Bahrain,R,DOO,7,Alpine,38.0,3.0,HARD,10.0,True,98.144,31.12,42.942,24.082,9.0,1,True,False,True,66.60000000000001,8.5,27.052531645569623,31.870253164556964,False,False,False,False,False,True,100.14200000000001,97.52237114309915,2.61962885690086
2025,Bahrain,R,DOO,7,Alpine,39.0,3.0,HARD,11.0,True,97.529,31.277,42.317,23.935,9.0,1,True,False,True,68.4,8.5,27.052531645569623,31.870253164556964,False,False,False,False,False,True,99.581,97.52237114309915,2.058628856900853
2025,Bahrain,R,DOO,7,Alpine,40.0,3.0,HARD,12.0,True,97.493,31.38,42.181,23.932,9.0,1,True,False,True,70.2,8.5,27.052531645569623,31.870253164556964,False,False,False,False,False,True,99.59899999999999,97.52237114309915,2.0766288569008395
2025,Bahrain,R,DOO,7,Alpine,41.0,3.0,HARD,13.0,True,97.535,31.363,42.285,23.887,9.0,1,True,False,True,72.0,8.5,27.052531645569623,31.870253164556964,False,False,False,False,False,True,99.695,97.52237114309915,2.172628856900843
2025,Bahrain,R,DOO,7,Alpine,42.0,3.0,HARD,14.0,True,97.533,31.234,42.269,24.03,9.0,1,True,False,True,73.8,8.5,27.052531645569623,31.870253164556964,False,False,False,False,False,True,99.747,97.52237114309915,2.22462885690085
2025,Bahrain,R,DOO,7,Alpine,43.0,3.0,HARD,15.0,True,97.776,31.44,42.373,23.963,9.0,1,True,False,True,75.60000000000001,8.5,27.052531645569623,31.870253164556964,False,False,False,False,False,True,100.044,97.52237114309915,2.521628856900847
2025,Bahrain,R,DOO,7,Alpine,44.0,3.0,HARD,16.0,True,97.882,31.45,42.344,24.088,9.0,1,True,False,True,77.4,8.5,27.052531645569623,31.870253164556964,False,False,False,False,False,True,100.20400000000001,97.52237114309915,2.6816288569008577
2025,Bahrain,R,DOO,7,Alpine,45.0,3.0,HARD,17.0,True,99.001,32.018,42.778,24.205,10.0,1,True,False,True,79.2,8.5,27.052531645569623,31.870253164556964,False,False,False,False,False,True,101.37700000000001,97.52237114309915,3.8546288569008595
2025,Bahrain,R,DOO,7,Alpine,46.0,3.0,HARD,18.0,True,99.544,31.602,43.698,24.244,12.0,1,True,False,True,81.0,8.5,27.052531645569623,31.870253164556964,False,False,False,False,False,True,101.97399999999999,97.52237114309915,4.4516288569008395
2025,Bahrain,R,DOO,7,Alpine,47.0,3.0,HARD,19.0,True,98.916,31.687,42.999,24.23,13.0,1,True,False,True,82.8,8.5,27.052531645569623,31.870253164556964,False,False,False,False,False,True,101.39999999999999,97.52237114309915,3.8776288569008415
2025,Bahrain,R,DOO,7,Alpine,48.0,3.0,HARD,20.0,True,98.35,31.566,42.622,24.162,13.0,1,True,False,True,84.60000000000001,8.5,27.052531645569623,31.870253164556964,False,False,False,False,False,True,100.88799999999999,97.52237114309915,3.365628856900841
2025,Bahrain,R,DOO,7,Alpine,49.0,3.0,HARD,21.0,True,98.193,31.58,42.536,24.077,13.0,1,True,False,True,86.4,8.5,27.052531645569623,31.870253164556964,False,False,False,False,False,True,100.785,97.52237114309915,3.2626288569008466
2025,Bahrain,R,DOO,7,Alpine,50.0,3.0,HARD,22.0,True,99.473,32.204,43.087,24.182,14.0,1,True,False,True,88.2,8.5,27.052531645569623,31.870253164556964,False,False,False,False,False,True,102.119,97.52237114309915,4.59662885690085
2025,Bahrain,R,DOO,7,Alpine,51.0,3.0,HARD,23.0,True,98.58,31.592,42.852,24.136,14.0,1,True,False,True,90.0,8.5,27.052531645569623,31.870253164556964,False,False,False,False,False,True,101.28,97.52237114309915,3.757628856900851
2025,Bahrain,R,DOO,7,Alpine,52.0,3.0,HARD,24.0,True,98.395,31.471,42.696,24.228,14.0,1,True,False,True,91.8,8.5,27.052531645569623,31.870253164556964,False,False,False,False,False,True,101.149,97.52237114309915,3.626628856900851
2025,Bahrain,R,DOO,7,Alpine,53.0,3.0,HARD,25.0,True,98.434,31.558,42.683,24.193,14.0,1,True,False,True,93.6,8.5,27.052531645569623,31.870253164556964,False,False,False,False,False,True,101.24199999999999,97.52237114309915,3.71962885690084
2025,Bahrain,R,DOO,7,Alpine,54.0,3.0,HARD,26.0,True,98.557,31.575,42.79,24.192,14.0,1,True,False,True,95.4,8.5,27.052531645569623,31.870253164556964,False,False,False,False,False,True,101.419,97.52237114309915,3.896628856900847
2025,Bahrain,R,DOO,7,Alpine,55.0,3.0,HARD,27.0,True,98.557,31.662,42.851,24.044,14.0,1,True,False,True,97.2,8.5,27.052531645569623,31.870253164556964,False,False,False,False,False,True,101.473,97.52237114309915,3.950628856900849
2025,Bahrain,R,DOO,7,Alpine,56.0,3.0,HARD,28.0,True,98.811,31.793,42.835,24.183,14.0,1,True,False,True,99.0,8.5,27.052531645569623,31.870253164556964,False,False,False,False,False,True,101.781,97.52237114309915,4.258628856900856
2025,Bahrain,R,DOO,7,Alpine,57.0,3.0,HARD,29.0,True,99.367,31.766,43.305,24.296,14.0,1,True,False,True,100.8,8.5,27.052531645569623,31.870253164556964,False,False,False,False,False,True,102.391,97.52237114309915,4.868628856900855
2025,Bahrain,R,ALO,14,Aston Martin,2.0,1.0,MEDIUM,2.0,True,100.514,32.375,43.385,24.754,13.0,1,True,False,True,1.8,8.5,27.052531645569623,31.870253164556964,False,False,False,False,False,True,100.568,97.1070523835844,3.460947616415595
2025,Bahrain,R,ALO,14,Aston Martin,3.0,1.0,MEDIUM,3.0,True,100.017,31.769,43.477,24.771,14.0,1,True,False,True,3.6,8.5,27.052531645569623,31.870253164556964,False,False,False,False,False,True,100.125,97.1070523835844,3.017947616415597
2025,Bahrain,R,ALO,14,Aston Martin,4.0,1.0,MEDIUM,4.0,True,99.318,31.299,43.493,24.526,14.0,1,True,False,True,5.4,8.5,27.052531645569623,31.870253164556964,False,False,False,False,False,True,99.48,97.1070523835844,2.372947616415601
2025,Bahrain,R,ALO,14,Aston Martin,5.0,1.0,MEDIUM,5.0,True,100.555,32.114,43.8,24.641,15.0,1,True,False,True,7.2,8.5,27.052531645569623,31.870253164556964,False,False,False,False,False,True,100.771,97.1070523835844,3.663947616415598
2025,Bahrain,R,ALO,14,Aston Martin,6.0,1.0,MEDIUM,6.0,True,99.589,31.465,43.446,24.678,15.0,1,True,False,True,9.0,8.5,27.052531645569623,31.870253164556964,False,False,False,False,False,True,99.859,97.1070523835844,2.751947616415592
2025,Bahrain,R,ALO,14,Aston Martin,7.0,1.0,MEDIUM,7.0,True,99.919,31.692,43.633,24.594,15.0,1,True,False,True,10.8,8.5,27.052531645569623,31.870253164556964,False,False,False,False,False,True,100.243,97.1070523835844,3.135947616415592
2025,Bahrain,R,ALO,14,Aston Martin,8.0,1.0,MEDIUM,8.0,True,100.195,31.864,43.766,24.565,15.0,1,True,False,True,12.6,8.5,27.052531645569623,31.870253164556964,False,False,False,False,False,True,100.573,97.1070523835844,3.4659476164155905
2025,Bahrain,R,ALO,14,Aston Martin,9.0,1.0,MEDIUM,9.0,True,100.234,31.773,43.782,24.679,14.0,1,True,False,True,14.4,8.5,27.052531645569623,31.870253164556964,False,False,False,False,False,True,100.666,97.1070523835844,3.558947616415594
2025,Bahrain,R,ALO,14,Aston Martin,10.0,1.0,MEDIUM,10.0,True,100.369,31.825,43.877,24.667,13.0,1,True,False,True,16.2,8.5,27.052531645569623,31.870253164556964,False,False,False,False,False,True,100.855,97.1070523835844,3.747947616415601
2025,Bahrain,R,ALO,14,Aston Martin,11.0,1.0,MEDIUM,11.0,True,100.011,31.806,43.605,24.6,10.0,1,True,False,True,18.0,8.5,27.052531645569623,31.870253164556964,False,False,False,False,False,True,100.551,97.1070523835844,3.443947616415599
2025,Bahrain,R,ALO,14,Aston Martin,12.0,1.0,MEDIUM,12.0,True,99.974,31.793,43.619,24.562,9.0,1,True,False,True,19.8,8.5,27.052531645569623,31.870253164556964,False,False,False,False,False,True,100.568,97.1070523835844,3.460947616415595
2025,Bahrain,R,ALO,14,Aston Martin,13.0,1.0,MEDIUM,13.0,True,99.751,31.84,43.27,24.641,8.0,1,True,False,True,21.6,8.5,27.052531645569623,31.870253164556964,False,False,False,False,False,True,100.399,97.1070523835844,3.291947616415598
2025,Bahrain,R,ALO,14,Aston Martin,14.0,1.0,MEDIUM,14.0,True,100.631,32.301,43.734,24.596,8.0,1,True,False,True,23.4,8.5,27.052531645569623,31.870253164556964,False,False,False,False,False,True,101.333,97.1070523835844,4.225947616415596
2025,Bahrain,R,ALO,14,Aston Martin,15.0,1.0,MEDIUM,15.0,True,100.461,32.087,43.775,24.599,7.0,1,True,False,True,25.2,8.5,27.052531645569623,31.870253164556964,False,False,False,False,False,True,101.217,97.1070523835844,4.109947616415596
2025,Bahrain,R,ALO,14,Aston Martin,18.0,2.0,MEDIUM,2.0,True,98.139,31.089,42.818,24.232,18.0,1,True,False,True,30.6,8.5,27.052531645569623,31.870253164556964,False,False,False,False,False,True,99.057,97.1070523835844,1.9499476164155993
2025,Bahrain,R,ALO,14,Aston Martin,19.0,2.0,MEDIUM,3.0,True,97.955,30.905,42.852,24.198,17.0,1,True,False,True,32.4,8.5,27.052531645569623,31.870253164556964,False,False,False,False,False,True,98.92699999999999,97.1070523835844,1.8199476164155897
2025,Bahrain,R,ALO,14,Aston Martin,20.0,2.0,MEDIUM,4.0,True,98.474,31.412,42.955,24.107,17.0,1,True,False,True,34.2,8.5,27.052531645569623,31.870253164556964,False,False,False,False,False,True,99.5,97.1070523835844,2.392947616415597
2025,Bahrain,R,ALO,14,Aston Martin,21.0,2.0,MEDIUM,5.0,True,99.001,31.558,43.032,24.411,17.0,1,True,False,True,36.0,8.5,27.052531645569623,31.870253164556964,False,False,False,False,False,True,100.081,97.1070523835844,2.9739476164156002
2025,Bahrain,R,ALO,14,Aston Martin,22.0,2.0,MEDIUM,6.0,True,98.549,31.383,42.972,24.194,17.0,1,True,False,True,37.8,8.5,27.052531645569623,31.870253164556964,False,False,False,False,False,True,99.683,97.1070523835844,2.575947616415604
2025,Bahrain,R,ALO,14,Aston Martin,23.0,2.0,MEDIUM,7.0,True,98.508,31.432,42.807,24.269,17.0,1,True,False,True,39.6,8.5,27.052531645569623,31.870253164556964,False,False,False,False,False,True,99.696,97.1070523835844,2.588947616415595
2025,Bahrain,R,ALO,14,Aston Martin,24.0,2.0,MEDIUM,8.0,True,98.759,31.443,42.935,24.381,17.0,1,True,False,True,41.4,8.5,27.052531645569623,31.870253164556964,False,False,False,False,False,True,100.001,97.1070523835844,2.893947616415602
2025,Bahrain,R,ALO,14,Aston Martin,25.0,2.0,MEDIUM,9.0,True,99.199,31.458,43.279,24.462,17.0,1,True,False,True,43.2,8.5,27.052531645569623,31.870253164556964,False,False,False,False,False,True,100.495,97.1070523835844,3.3879476164156017
2025,Bahrain,R,ALO,14,Aston Martin,26.0,2.0,MEDIUM,10.0,True,98.311,31.07,42.969,24.272,16.0,1,True,False,True,45.0,8.5,27.052531645569623,31.870253164556964,False,False,False,False,False,True,99.661,97.1070523835844,2.5539476164155985
2025,Bahrain,R,ALO,14,Aston Martin,27.0,2.0,MEDIUM,11.0,True,98.679,31.505,42.905,24.269,15.0,1,True,False,True,46.8,8.5,27.052531645569623,31.870253164556964,False,False,False,False,False,True,100.083,97.1070523835844,2.9759476164155956
2025,Bahrain,R,ALO,14,Aston Martin,28.0,2.0,MEDIUM,12.0,True,98.897,31.483,43.097,24.317,12.0,1,True,False,True,48.6,8.5,27.052531645569623,31.870253164556964,False,False,False,False,False,True,100.355,97.1070523835844,3.247947616415601
2025,Bahrain,R,ALO,14,Aston Martin,29.0,2.0,MEDIUM,13.0,True,98.702,31.485,42.986,24.231,11.0,1,True,False,True,50.4,8.5,27.052531645569623,31.870253164556964,False,False,False,False,False,True,100.214,97.1070523835844,3.106947616415596
2025,Bahrain,R,ALO,14,Aston Martin,30.0,2.0,MEDIUM,14.0,True,98.477,31.49,42.739,24.248,11.0,1,True,False,True,52.2,8.5,27.052531645569623,31.870253164556964,False,False,False,False,False,True,100.043,97.1070523835844,2.9359476164156035
2025,Bahrain,R,ALO,14,Aston Martin,31.0,2.0,MEDIUM,15.0,True,100.181,32.279,43.285,24.617,13.0,1,True,False,True,54.0,8.5,27.052531645569623,31.870253164556964,False,False,False,False,False,True,101.801,97.1070523835844,4.693947616415599
2025,Bahrain,R,ALO,14,Aston Martin,36.0,3.0,HARD,4.0,True,100.731,33.349,43.173,24.209,18.0,1,True,False,True,63.0,8.5,27.052531645569623,31.870253164556964,False,False,False,False,False,True,102.621,97.52237114309915,5.098628856900845
2025,Bahrain,R,ALO,14,Aston Martin,37.0,3.0,HARD,5.0,True,98.646,31.229,43.16,24.257,18.0,1,True,False,True,64.8,8.5,27.052531645569623,31.870253164556964,False,False,False,False,False,True,100.59,97.52237114309915,3.0676288569008534
2025,Bahrain,R,ALO,14,Aston Martin,38.0,3.0,HARD,6.0,True,97.906,30.906,42.773,24.227,18.0,1,True,False,True,66.60000000000001,8.5,27.052531645569623,31.870253164556964,False,False,False,False,False,True,99.90400000000001,97.52237114309915,2.3816288569008606
2025,Bahrain,R,ALO,14,Aston Martin,39.0,3.0,HARD,7.0,True,98.391,31.029,43.001,24.361,18.0,1,True,False,True,68.4,8.5,27.052531645569623,31.870253164556964,False,False,False,False,False,True,100.44300000000001,97.52237114309915,2.920628856900862
2025,Bahrain,R,ALO,14,Aston Martin,40.0,3.0,HARD,8.0,True,98.388,31.039,42.944,24.405,18.0,1,True,False,True,70.2,8.5,27.052531645569623,31.870253164556964,False,False,False,False,False,True,100.494,97.52237114309915,2.9716288569008498
2025,Bahrain,R,ALO,14,Aston Martin,41.0,3.0,HARD,9.0,True,98.53,31.214,42.913,24.403,18.0,1,True,False,True,72.0,8.5,27.052531645569623,31.870253164556964,False,False,False,False,False,True,100.69,97.52237114309915,3.1676288569008477
2025,Bahrain,R,ALO,14,Aston Martin,42.0,3.0,HARD,10.0,True,98.683,31.035,43.013,24.635,18.0,1,True,False,True,73.8,8.5,27.052531645569623,31.870253164556964,False,False,False,False,False,True,100.897,97.52237114309915,3.3746288569008556
2025,Bahrain,R,ALO,14,Aston Martin,43.0,3.0,HARD,11.0,True,98.974,31.023,43.324,24.627,18.0,1,True,False,True,75.60000000000001,8.5,27.052531645569623,31.870253164556964,False,False,False,False,False,True,101.242,97.52237114309915,3.7196288569008544
2025,Bahrain,R,ALO,14,Aston Martin,44.0,3.0,HARD,12.0,True,98.268,31.326,42.504,24.438,17.0,1,True,False,True,77.4,8.5,27.052531645569623,31.870253164556964,False,False,False,False,False,True,100.59,97.52237114309915,3.0676288569008534
2025,Bahrain,R,ALO,14,Aston Martin,45.0,3.0,HARD,13.0,True,98.421,31.378,42.845,24.198,17.0,1,True,False,True,79.2,8.5,27.052531645569623,31.870253164556964,False,False,False,False,False,True,100.79700000000001,97.52237114309915,3.2746288569008613
2025,Bahrain,R,ALO,14,Aston Martin,46.0,3.0,HARD,14.0,True,98.02,31.342,42.535,24.143,17.0,1,True,False,True,81.0,8.5,27.052531645569623,31.870253164556964,False,False,False,False,False,True,100.44999999999999,97.52237114309915,2.9276288569008386
2025,Bahrain,R,ALO,14,Aston Martin,47.0,3.0,HARD,15.0,True,98.118,31.327,42.629,24.162,17.0,1,True,False,True,82.8,8.5,27.052531645569623,31.870253164556964,False,False,False,False,False,True,100.60199999999999,97.52237114309915,3.0796288569008397
2025,Bahrain,R,ALO,14,Aston Martin,48.0,3.0,HARD,16.0,True,98.329,31.421,42.725,24.183,17.0,1,True,False,True,84.60000000000001,8.5,27.052531645569623,31.870253164556964,False,False,False,False,False,True,100.86699999999999,97.52237114309915,3.34462885690084
2025,Bahrain,R,ALO,14,Aston Martin,49.0,3.0,HARD,17.0,True,98.542,31.576,42.737,24.229,17.0,1,True,False,True,86.4,8.5,27.052531645569623,31.870253164556964,False,False,False,False,False,True,101.134,97.52237114309915,3.6116288569008503
2025,Bahrain,R,ALO,14,Aston Martin,50.0,3.0,HARD,18.0,True,98.116,31.402,42.479,24.235,17.0,1,True,False,True,88.2,8.5,27.052531645569623,31.870253164556964,False,False,False,False,False,True,100.762,97.52237114309915,3.2396288569008505
2025,Bahrain,R,ALO,14,Aston Martin,51.0,3.0,HARD,19.0,True,98.237,31.382,42.556,24.299,17.0,1,True,False,True,90.0,8.5,27.052531645569623,31.870253164556964,False,False,False,False,False,True,100.937,97.52237114309915,3.4146288569008476
2025,Bahrain,R,ALO,14,Aston Martin,52.0,3.0,HARD,20.0,True,98.61,31.488,42.788,24.334,17.0,1,True,False,True,91.8,8.5,27.052531645569623,31.870253164556964,False,False,False,False,False,True,101.364,97.52237114309915,3.8416288569008543
2025,Bahrain,R,ALO,14,Aston Martin,53.0,3.0,HARD,21.0,True,98.601,31.487,42.796,24.318,17.0,1,True,False,True,93.6,8.5,27.052531645569623,31.870253164556964,False,False,False,False,False,True,101.40899999999999,97.52237114309915,3.886628856900842
2025,Bahrain,R,ALO,14,Aston Martin,54.0,3.0,HARD,22.0,True,98.442,31.444,42.58,24.418,17.0,1,True,False,True,95.4,8.5,27.052531645569623,31.870253164556964,False,False,False,False,False,True,101.30399999999999,97.52237114309915,3.781628856900838
2025,Bahrain,R,ALO,14,Aston Martin,55.0,3.0,HARD,23.0,True,98.644,31.615,42.737,24.292,17.0,1,True,False,True,97.2,8.5,27.052531645569623,31.870253164556964,False,False,False,False,False,True,101.56,97.52237114309915,4.037628856900852
2025,Bahrain,R,ALO,14,Aston Martin,56.0,3.0,HARD,24.0,True,99.318,31.477,43.426,24.415,17.0,1,True,False,True,99.0,8.5,27.052531645569623,31.870253164556964,False,False,False,False,False,True,102.288,97.52237114309915,4.765628856900847
2025,Bahrain,R,ALO,14,Aston Martin,57.0,3.0,HARD,25.0,True,98.75,31.567,42.747,24.436,17.0,1,True,False,True,100.8,8.5,27.052531645569623,31.870253164556964,False,False,False,False,False,True,101.774,97.52237114309915,4.251628856900851
2025,Bahrain,R,LAW,30,Racing Bulls,2.0,1.0,MEDIUM,2.0,True,100.13,31.884,43.579,24.667,17.0,1,True,False,True,1.8,8.5,27.052531645569623,31.870253164556964,False,False,False,False,False,True,100.184,97.1070523835844,3.0769476164155947
2025,Bahrain,R,LAW,30,Racing Bulls,3.0,1.0,MEDIUM,3.0,True,99.689,31.183,43.667,24.839,17.0,1,True,False,True,3.6,8.5,27.052531645569623,31.870253164556964,False,False,False,False,False,True,99.797,97.1070523835844,2.689947616415594
2025,Bahrain,R,LAW,30,Racing Bulls,4.0,1.0,MEDIUM,4.0,True,99.641,31.22,43.782,24.639,17.0,1,True,False,True,5.4,8.5,27.052531645569623,31.870253164556964,False,False,False,False,False,True,99.80300000000001,97.1070523835844,2.6959476164156086
2025,Bahrain,R,LAW,30,Racing Bulls,5.0,1.0,MEDIUM,5.0,True,99.958,31.508,43.805,24.645,17.0,1,True,False,True,7.2,8.5,27.052531645569623,31.870253164556964,False,False,False,False,False,True,100.17399999999999,97.1070523835844,3.0669476164155896
2025,Bahrain,R,LAW,30,Racing Bulls,6.0,1.0,MEDIUM,6.0,True,99.706,31.645,43.34,24.721,16.0,1,True,False,True,9.0,8.5,27.052531645569623,31.870253164556964,False,False,False,False,False,True,99.976,97.1070523835844,2.8689476164155963
2025,Bahrain,R,LAW,30,Racing Bulls,7.0,1.0,MEDIUM,7.0,True,99.609,31.59,43.404,24.615,16.0,1,True,False,True,10.8,8.5,27.052531645569623,31.870253164556964,False,False,False,False,False,True,99.93299999999999,97.1070523835844,2.82594761641559
2025,Bahrain,R,LAW,30,Racing Bulls,8.0,1.0,MEDIUM,8.0,True,99.987,31.82,43.524,24.643,16.0,1,True,False,True,12.6,8.5,27.052531645569623,31.870253164556964,False,False,False,False,False,True,100.365,97.1070523835844,3.257947616415592
2025,Bahrain,R,LAW,30,Racing Bulls,9.0,1.0,MEDIUM,9.0,True,100.068,31.758,43.669,24.641,15.0,1,True,False,True,14.4,8.5,27.052531645569623,31.870253164556964,False,False,False,False,False,True,100.5,97.1070523835844,3.392947616415597
2025,Bahrain,R,LAW,30,Racing Bulls,10.0,1.0,MEDIUM,10.0,True,100.299,31.799,43.91,24.59,14.0,1,True,False,True,16.2,8.5,27.052531645569623,31.870253164556964,False,False,False,False,False,True,100.78500000000001,97.1070523835844,3.677947616415608
2025,Bahrain,R,LAW,30,Racing Bulls,11.0,1.0,MEDIUM,11.0,True,100.264,31.694,43.923,24.647,11.0,1,True,False,True,18.0,8.5,27.052531645569623,31.870253164556964,False,False,False,False,False,True,100.804,97.1070523835844,3.696947616415599
2025,Bahrain,R,LAW,30,Racing Bulls,12.0,1.0,MEDIUM,12.0,True,100.148,31.825,43.736,24.587,10.0,1,True,False,True,19.8,8.5,27.052531645569623,31.870253164556964,False,False,False,False,False,True,100.74199999999999,97.1070523835844,3.6349476164155874
2025,Bahrain,R,LAW,30,Racing Bulls,13.0,1.0,MEDIUM,13.0,True,99.968,31.682,43.647,24.639,9.0,1,True,False,True,21.6,8.5,27.052531645569623,31.870253164556964,False,False,False,False,False,True,100.616,97.1070523835844,3.508947616415597
2025,Bahrain,R,LAW,30,Racing Bulls,16.0,2.0,HARD,2.0,True,97.86,31.116,42.623,24.121,19.0,1,True,False,True,27.0,8.5,27.052531645569623,31.870253164556964,False,False,False,False,False,True,98.67,97.52237114309915,1.1476288569008517
2025,Bahrain,R,LAW,30,Racing Bulls,17.0,2.0,HARD,3.0,True,98.194,31.305,42.574,24.315,18.0,1,True,False,True,28.8,8.5,27.052531645569623,31.870253164556964,False,False,False,False,False,True,99.058,97.52237114309915,1.535628856900857
2025,Bahrain,R,LAW,30,Racing Bulls,18.0,2.0,HARD,4.0,True,99.836,31.578,43.822,24.436,19.0,1,True,False,True,30.6,8.5,27.052531645569623,31.870253164556964,False,False,False,False,False,True,100.754,97.52237114309915,3.231628856900855
2025,Bahrain,R,LAW,30,Racing Bulls,19.0,2.0,HARD,5.0,True,98.942,31.41,43.216,24.316,19.0,1,True,False,True,32.4,8.5,27.052531645569623,31.870253164556964,False,False,False,False,False,True,99.91399999999999,97.52237114309915,2.3916288569008373
2025,Bahrain,R,LAW,30,Racing Bulls,20.0,2.0,HARD,6.0,True,98.845,31.384,43.13,24.331,19.0,1,True,False,True,34.2,8.5,27.052531645569623,31.870253164556964,False,False,False,False,False,True,99.871,97.52237114309915,2.348628856900845
2025,Bahrain,R,LAW,30,Racing Bulls,21.0,2.0,HARD,7.0,True,99.003,31.458,43.099,24.446,19.0,1,True,False,True,36.0,8.5,27.052531645569623,31.870253164556964,False,False,False,False,False,True,100.083,97.52237114309915,2.5606288569008484
2025,Bahrain,R,LAW,30,Racing Bulls,22.0,2.0,HARD,8.0,True,99.063,31.458,43.184,24.421,19.0,1,True,False,True,37.8,8.5,27.052531645569623,31.870253164556964,False,False,False,False,False,True,100.197,97.52237114309915,2.6746288569008527
2025,Bahrain,R,LAW,30,Racing Bulls,23.0,2.0,HARD,9.0,True,99.189,31.46,43.194,24.535,19.0,1,True,False,True,39.6,8.5,27.052531645569623,31.870253164556964,False,False,False,False,False,True,100.377,97.52237114309915,2.8546288569008453
2025,Bahrain,R,LAW,30,Racing Bulls,24.0,2.0,HARD,10.0,True,99.035,31.487,43.1,24.448,19.0,1,True,False,True,41.4,8.5,27.052531645569623,31.870253164556964,False,False,False,False,False,True,100.277,97.52237114309915,2.754628856900851
2025,Bahrain,R,LAW,30,Racing Bulls,25.0,2.0,HARD,11.0,True,99.146,31.427,43.14,24.579,19.0,1,True,False,True,43.2,8.5,27.052531645569623,31.870253164556964,False,False,False,False,False,True,100.44200000000001,97.52237114309915,2.9196288569008573
2025,Bahrain,R,LAW,30,Racing Bulls,26.0,2.0,HARD,12.0,True,99.321,31.369,43.289,24.663,19.0,1,True,False,True,45.0,8.5,27.052531645569623,31.870253164556964,False,False,False,False,False,True,100.67099999999999,97.52237114309915,3.1486288569008423
2025,Bahrain,R,LAW,30,Racing Bulls,27.0,2.0,HARD,13.0,True,99.316,31.427,43.38,24.509,18.0,1,True,False,True,46.8,8.5,27.052531645569623,31.870253164556964,False,False,False,False,False,True,100.72,97.52237114309915,3.197628856900849
2025,Bahrain,R,LAW,30,Racing Bulls,28.0,2.0,HARD,14.0,True,100.768,32.031,43.75,24.987,18.0,1,True,False,True,48.6,8.5,27.052531645569623,31.870253164556964,False,False,False,False,False,True,102.226,97.52237114309915,4.703628856900849
2025,Bahrain,R,LAW,30,Racing Bulls,29.0,2.0,HARD,15.0,True,99.397,31.429,43.413,24.555,16.0,1,True,False,True,50.4,8.5,27.052531645569623,31.870253164556964,False,False,False,False,False,True,100.909,97.52237114309915,3.386628856900856
2025,Bahrain,R,LAW,30,Racing Bulls,30.0,2.0,HARD,16.0,True,99.942,31.42,43.973,24.549,17.0,1,True,False,True,52.2,8.5,27.052531645569623,31.870253164556964,False,False,False,False,False,True,101.508,97.52237114309915,3.9856288569008456
2025,Bahrain,R,LAW,30,Racing Bulls,31.0,2.0,HARD,17.0,True,99.113,31.201,43.405,24.507,17.0,1,True,False,True,54.0,8.5,27.052531645569623,31.870253164556964,False,False,False,False,False,True,100.733,97.52237114309915,3.210628856900854
2025,Bahrain,R,LAW,30,Racing Bulls,36.0,3.0,SOFT,4.0,True,99.012,31.737,43.13,24.145,16.0,1,True,False,True,63.0,8.5,27.052531645569623,31.870253164556964,False,False,False,False,False,True,100.902,97.95543424112887,2.946565758871131
2025,Bahrain,R,LAW,30,Racing Bulls,37.0,3.0,SOFT,5.0,True,98.358,31.428,42.86,24.07,16.0,1,True,False,True,64.8,8.5,27.052531645569623,31.870253164556964,False,False,False,False,False,True,100.302,97.95543424112887,2.3465657588711366
2025,Bahrain,R,LAW,30,Racing Bulls,38.0,3.0,SOFT,6.0,True,97.827,30.814,42.779,24.234,16.0,1,True,False,True,66.60000000000001,8.5,27.052531645569623,31.870253164556964,False,False,False,False,False,True,99.825,97.95543424112887,1.8695657588711327
2025,Bahrain,R,LAW,30,Racing Bulls,39.0,3.0,SOFT,7.0,True,98.41,31.038,43.29,24.082,16.0,1,True,False,True,68.4,8.5,27.052531645569623,31.870253164556964,False,False,False,False,False,True,100.462,97.95543424112887,2.506565758871133
2025,Bahrain,R,LAW,30,Racing Bulls,40.0,3.0,SOFT,8.0,True,98.358,30.898,43.309,24.151,16.0,1,True,False,True,70.2,8.5,27.052531645569623,31.870253164556964,False,False,False,False,False,True,100.464,97.95543424112887,2.5085657588711285
2025,Bahrain,R,LAW,30,Racing Bulls,41.0,3.0,SOFT,9.0,True,97.69,31.021,42.584,24.085,15.0,1,True,False,True,72.0,8.5,27.052531645569623,31.870253164556964,False,False,False,False,False,True,99.85,97.95543424112887,1.8945657588711242
2025,Bahrain,R,LAW,30,Racing Bulls,42.0,3.0,SOFT,10.0,True,97.569,31.095,42.376,24.098,14.0,1,True,False,True,73.8,8.5,27.052531645569623,31.870253164556964,False,False,False,False,False,True,99.783,97.95543424112887,1.8275657588711312
2025,Bahrain,R,LAW,30,Racing Bulls,43.0,3.0,SOFT,11.0,True,97.48,31.148,42.352,23.98,14.0,1,True,False,True,75.60000000000001,8.5,27.052531645569623,31.870253164556964,False,False,False,False,False,True,99.748,97.95543424112887,1.7925657588711346
2025,Bahrain,R,LAW,30,Racing Bulls,44.0,3.0,SOFT,12.0,True,97.38,31.025,42.394,23.961,14.0,1,True,False,True,77.4,8.5,27.052531645569623,31.870253164556964,False,False,False,False,False,True,99.702,97.95543424112887,1.746565758871128
2025,Bahrain,R,LAW,30,Racing Bulls,45.0,3.0,SOFT,13.0,True,97.536,30.983,42.506,24.047,14.0,1,True,False,True,79.2,8.5,27.052531645569623,31.870253164556964,False,False,False,False,False,True,99.912,97.95543424112887,1.956565758871136
2025,Bahrain,R,LAW,30,Racing Bulls,46.0,3.0,SOFT,14.0,True,97.727,31.125,42.551,24.051,14.0,1,True,False,True,81.0,8.5,27.052531645569623,31.870253164556964,False,False,False,False,False,True,100.15700000000001,97.95543424112887,2.2015657588711406
2025,Bahrain,R,LAW,30,Racing Bulls,47.0,3.0,SOFT,15.0,True,97.934,31.144,42.652,24.138,14.0,1,True,False,True,82.8,8.5,27.052531645569623,31.870253164556964,False,False,False,False,False,True,100.41799999999999,97.95543424112887,2.462565758871122
2025,Bahrain,R,LAW,30,Racing Bulls,48.0,3.0,SOFT,16.0,True,97.895,31.163,42.665,24.067,14.0,1,True,False,True,84.60000000000001,8.5,27.052531645569623,31.870253164556964,False,False,False,False,False,True,100.43299999999999,97.95543424112887,2.4775657588711226
2025,Bahrain,R,LAW,30,Racing Bulls,49.0,3.0,SOFT,17.0,True,97.797,31.204,42.63,23.963,14.0,1,True,False,True,86.4,8.5,27.052531645569623,31.870253164556964,False,False,False,False,False,True,100.389,97.95543424112887,2.4335657588711257
2025,Bahrain,R,LAW,30,Racing Bulls,50.0,3.0,SOFT,18.0,True,97.732,31.131,42.597,24.004,13.0,1,True,False,True,88.2,8.5,27.052531645569623,31.870253164556964,False,False,False,False,False,True,100.378,97.95543424112887,2.42256575887113
2025,Bahrain,R,LAW,30,Racing Bulls,51.0,3.0,SOFT,19.0,True,97.977,31.218,42.758,24.001,13.0,1,True,False,True,90.0,8.5,27.052531645569623,31.870253164556964,False,False,False,False,False,True,100.677,97.95543424112887,2.7215657588711366
2025,Bahrain,R,LAW,30,Racing Bulls,52.0,3.0,SOFT,20.0,True,97.734,31.116,42.434,24.184,13.0,1,True,False,True,91.8,8.5,27.052531645569623,31.870253164556964,False,False,False,False,False,True,100.488,97.95543424112887,2.5325657588711294
2025,Bahrain,R,LAW,30,Racing Bulls,53.0,3.0,SOFT,21.0,True,98.149,31.143,42.767,24.239,13.0,1,True,False,True,93.6,8.5,27.052531645569623,31.870253164556964,False,False,False,False,False,True,100.957,97.95543424112887,3.0015657588711235
2025,Bahrain,R,LAW,30,Racing Bulls,54.0,3.0,SOFT,22.0,True,98.406,31.295,43.014,24.097,13.0,1,True,False,True,95.4,8.5,27.052531645569623,31.870253164556964,False,False,False,False,False,True,101.268,97.95543424112887,3.3125657588711306
2025,Bahrain,R,LAW,30,Racing Bulls,55.0,3.0,SOFT,23.0,True,98.143,31.284,42.699,24.16,13.0,1,True,False,True,97.2,8.5,27.052531645569623,31.870253164556964,False,False,False,False,False,True,101.059,97.95543424112887,3.1035657588711274
2025,Bahrain,R,LAW,30,Racing Bulls,56.0,3.0,SOFT,24.0,True,98.395,31.362,42.797,24.236,13.0,1,True,False,True,99.0,8.5,27.052531645569623,31.870253164556964,False,False,False,False,False,True,101.365,97.95543424112887,3.409565758871125
2025,Bahrain,R,LAW,30,Racing Bulls,57.0,3.0,SOFT,25.0,True,99.672,31.313,43.816,24.543,13.0,1,True,False,True,100.8,8.5,27.052531645569623,31.870253164556964,False,False,False,False,False,True,102.696,97.95543424112887,4.740565758871128
2025,Bahrain,R,STR,18,Aston Martin,2.0,1.0,SOFT,2.0,True,100.25,31.884,43.792,24.574,18.0,1,True,False,True,1.8,8.5,27.052531645569623,31.870253164556964,False,False,False,False,False,True,100.304,97.95543424112887,2.348565758871132
2025,Bahrain,R,STR,18,Aston Martin,3.0,1.0,SOFT,3.0,True,99.708,31.237,43.684,24.787,18.0,1,True,False,True,3.6,8.5,27.052531645569623,31.870253164556964,False,False,False,False,False,True,99.816,97.95543424112887,1.8605657588711324
2025,Bahrain,R,STR,18,Aston Martin,4.0,1.0,SOFT,4.0,True,99.844,31.273,43.787,24.784,18.0,1,True,False,True,5.4,8.5,27.052531645569623,31.870253164556964,False,False,False,False,False,True,100.006,97.95543424112887,2.05056575887113
2025,Bahrain,R,STR,18,Aston Martin,5.0,1.0,SOFT,5.0,True,99.974,31.396,43.943,24.635,18.0,1,True,False,True,7.2,8.5,27.052531645569623,31.870253164556964,False,False,False,False,False,True,100.19,97.95543424112887,2.2345657588711276
2025,Bahrain,R,STR,18,Aston Martin,6.0,1.0,SOFT,6.0,True,99.805,31.446,43.665,24.694,17.0,1,True,False,True,9.0,8.5,27.052531645569623,31.870253164556964,False,False,False,False,False,True,100.075,97.95543424112887,2.1195657588711327
2025,Bahrain,R,STR,18,Aston Martin,7.0,1.0,SOFT,7.0,True,99.855,31.428,43.685,24.742,17.0,1,True,False,True,10.8,8.5,27.052531645569623,31.870253164556964,False,False,False,False,False,True,100.179,97.95543424112887,2.223565758871132
2025,Bahrain,R,STR,18,Aston Martin,8.0,1.0,SOFT,8.0,True,100.399,31.796,43.859,24.744,17.0,1,True,False,True,12.6,8.5,27.052531645569623,31.870253164556964,False,False,False,False,False,True,100.777,97.95543424112887,2.821565758871131
2025,Bahrain,R,STR,18,Aston Martin,9.0,1.0,SOFT,9.0,True,100.148,31.668,43.697,24.783,16.0,1,True,False,True,14.4,8.5,27.052531645569623,31.870253164556964,False,False,False,False,False,True,100.58,97.95543424112887,2.624565758871128
2025,Bahrain,R,STR,18,Aston Martin,10.0,1.0,SOFT,10.0,True,100.519,31.856,43.976,24.687,15.0,1,True,False,True,16.2,8.5,27.052531645569623,31.870253164556964,False,False,False,False,False,True,101.00500000000001,97.95543424112887,3.0495657588711396
2025,Bahrain,R,STR,18,Aston Martin,11.0,1.0,SOFT,11.0,True,100.47,31.818,43.928,24.724,12.0,1,True,False,True,18.0,8.5,27.052531645569623,31.870253164556964,False,False,False,False,False,True,101.01,97.95543424112887,3.054565758871135
2025,Bahrain,R,STR,18,Aston Martin,14.0,2.0,MEDIUM,2.0,True,99.024,31.424,43.248,24.352,19.0,1,True,False,True,23.4,8.5,27.052531645569623,31.870253164556964,False,False,False,False,False,True,99.726,97.1070523835844,2.6189476164155963
2025,Bahrain,R,STR,18,Aston Martin,15.0,2.0,MEDIUM,3.0,True,99.375,31.602,43.468,24.305,18.0,1,True,False,True,25.2,8.5,27.052531645569623,31.870253164556964,False,False,False,False,False,True,100.131,97.1070523835844,3.0239476164155974
2025,Bahrain,R,STR,18,Aston Martin,16.0,2.0,MEDIUM,4.0,True,99.093,31.514,43.281,24.298,18.0,1,True,False,True,27.0,8.5,27.052531645569623,31.870253164556964,False,False,False,False,False,True,99.903,97.1070523835844,2.795947616415603
2025,Bahrain,R,STR,18,Aston Martin,17.0,2.0,MEDIUM,5.0,True,99.699,31.466,43.742,24.491,17.0,1,True,False,True,28.8,8.5,27.052531645569623,31.870253164556964,False,False,False,False,False,True,100.563,97.1070523835844,3.4559476164155996
2025,Bahrain,R,STR,18,Aston Martin,18.0,2.0,MEDIUM,6.0,True,99.259,31.38,43.355,24.524,17.0,1,True,False,True,30.6,8.5,27.052531645569623,31.870253164556964,False,False,False,False,False,True,100.177,97.1070523835844,3.069947616415604
2025,Bahrain,R,STR,18,Aston Martin,19.0,2.0,MEDIUM,7.0,True,99.515,31.965,43.01,24.54,18.0,1,True,False,True,32.4,8.5,27.052531645569623,31.870253164556964,False,False,False,False,False,True,100.487,97.1070523835844,3.379947616415592
2025,Bahrain,R,STR,18,Aston Martin,20.0,2.0,MEDIUM,8.0,True,98.667,31.143,43.15,24.374,18.0,1,True,False,True,34.2,8.5,27.052531645569623,31.870253164556964,False,False,False,False,False,True,99.693,97.1070523835844,2.585947616415595
2025,Bahrain,R,STR,18,Aston Martin,21.0,2.0,MEDIUM,9.0,True,99.226,31.532,43.295,24.399,18.0,1,True,False,True,36.0,8.5,27.052531645569623,31.870253164556964,False,False,False,False,False,True,100.306,97.1070523835844,3.1989476164155946
2025,Bahrain,R,STR,18,Aston Martin,22.0,2.0,MEDIUM,10.0,True,99.091,31.44,43.23,24.421,18.0,1,True,False,True,37.8,8.5,27.052531645569623,31.870253164556964,False,False,False,False,False,True,100.225,97.1070523835844,3.1179476164155915
2025,Bahrain,R,STR,18,Aston Martin,23.0,2.0,MEDIUM,11.0,True,99.143,31.48,43.126,24.537,18.0,1,True,False,True,39.6,8.5,27.052531645569623,31.870253164556964,False,False,False,False,False,True,100.331,97.1070523835844,3.2239476164156002
2025,Bahrain,R,STR,18,Aston Martin,24.0,2.0,MEDIUM,12.0,True,98.927,31.47,43.025,24.432,18.0,1,True,False,True,41.4,8.5,27.052531645569623,31.870253164556964,False,False,False,False,False,True,100.16900000000001,97.1070523835844,3.0619476164156083
2025,Bahrain,R,STR,18,Aston Martin,25.0,2.0,MEDIUM,13.0,True,99.458,31.504,43.385,24.569,18.0,1,True,False,True,43.2,8.5,27.052531645569623,31.870253164556964,False,False,False,False,False,True,100.754,97.1070523835844,3.646947616415602
2025,Bahrain,R,STR,18,Aston Martin,26.0,2.0,MEDIUM,14.0,True,99.265,31.589,43.155,24.521,18.0,1,True,False,True,45.0,8.5,27.052531645569623,31.870253164556964,False,False,False,False,False,True,100.615,97.1070523835844,3.507947616415592
2025,Bahrain,R,STR,18,Aston Martin,27.0,2.0,MEDIUM,15.0,True,99.457,31.58,43.342,24.535,16.0,1,True,False,True,46.8,8.5,27.052531645569623,31.870253164556964,False,False,False,False,False,True,100.86099999999999,97.1070523835844,3.753947616415587
2025,Bahrain,R,STR,18,Aston Martin,28.0,2.0,MEDIUM,16.0,True,100.283,31.958,43.842,24.483,16.0,1,True,False,True,48.6,8.5,27.052531645569623,31.870253164556964,False,False,False,False,False,True,101.741,97.1070523835844,4.633947616415597
2025,Bahrain,R,STR,18,Aston Martin,29.0,2.0,MEDIUM,17.0,True,99.736,31.513,43.703,24.52,15.0,1,True,False,True,50.4,8.5,27.052531645569623,31.870253164556964,False,False,False,False,False,True,101.248,97.1070523835844,4.140947616415602
2025,Bahrain,R,STR,18,Aston Martin,30.0,2.0,MEDIUM,18.0,True,100.035,31.735,43.512,24.788,16.0,1,True,False,True,52.2,8.5,27.052531645569623,31.870253164556964,False,False,False,False,False,True,101.601,97.1070523835844,4.493947616415596
2025,Bahrain,R,STR,18,Aston Martin,31.0,2.0,MEDIUM,19.0,True,99.387,31.334,43.551,24.502,16.0,1,True,False,True,54.0,8.5,27.052531645569623,31.870253164556964,False,False,False,False,False,True,101.007,97.1070523835844,3.899947616415602
2025,Bahrain,R,STR,18,Aston Martin,36.0,3.0,HARD,4.0,True,100.018,32.194,43.651,24.173,19.0,1,True,False,True,63.0,8.5,27.052531645569623,31.870253164556964,False,False,False,False,False,True,101.908,97.52237114309915,4.385628856900851
2025,Bahrain,R,STR,18,Aston Martin,37.0,3.0,HARD,5.0,True,98.606,31.188,43.147,24.271,19.0,1,True,False,True,64.8,8.5,27.052531645569623,31.870253164556964,False,False,False,False,False,True,100.55,97.52237114309915,3.027628856900847
2025,Bahrain,R,STR,18,Aston Martin,38.0,3.0,HARD,6.0,True,98.064,30.85,43.011,24.203,19.0,1,True,False,True,66.60000000000001,8.5,27.052531645569623,31.870253164556964,False,False,False,False,False,True,100.062,97.52237114309915,2.5396288569008476
2025,Bahrain,R,STR,18,Aston Martin,39.0,3.0,HARD,7.0,True,98.329,31.01,42.823,24.496,19.0,1,True,False,True,68.4,8.5,27.052531645569623,31.870253164556964,False,False,False,False,False,True,100.381,97.52237114309915,2.8586288569008502
2025,Bahrain,R,STR,18,Aston Martin,40.0,3.0,HARD,8.0,True,98.375,30.957,43.037,24.381,19.0,1,True,False,True,70.2,8.5,27.052531645569623,31.870253164556964,False,False,False,False,False,True,100.481,97.52237114309915,2.9586288569008445
2025,Bahrain,R,STR,18,Aston Martin,41.0,3.0,HARD,9.0,True,98.655,31.149,43.185,24.321,19.0,1,True,False,True,72.0,8.5,27.052531645569623,31.870253164556964,False,False,False,False,False,True,100.815,97.52237114309915,3.2926288569008477
2025,Bahrain,R,STR,18,Aston Martin,42.0,3.0,HARD,10.0,True,98.537,31.12,43.034,24.383,19.0,1,True,False,True,73.8,8.5,27.052531645569623,31.870253164556964,False,False,False,False,False,True,100.751,97.52237114309915,3.2286288569008548
2025,Bahrain,R,STR,18,Aston Martin,43.0,3.0,HARD,11.0,True,98.896,31.159,43.308,24.429,19.0,1,True,False,True,75.60000000000001,8.5,27.052531645569623,31.870253164556964,False,False,False,False,False,True,101.164,97.52237114309915,3.6416288569008515
2025,Bahrain,R,STR,18,Aston Martin,44.0,3.0,HARD,12.0,True,100.255,31.407,44.367,24.481,18.0,1,True,False,True,77.4,8.5,27.052531645569623,31.870253164556964,False,False,False,False,False,True,102.577,97.52237114309915,5.054628856900848
2025,Bahrain,R,STR,18,Aston Martin,45.0,3.0,HARD,13.0,True,98.28,31.034,42.967,24.279,18.0,1,True,False,True,79.2,8.5,27.052531645569623,31.870253164556964,False,False,False,False,False,True,100.656,97.52237114309915,3.133628856900856
2025,Bahrain,R,STR,18,Aston Martin,46.0,3.0,HARD,14.0,True,98.295,31.259,42.861,24.175,18.0,1,True,False,True,81.0,8.5,27.052531645569623,31.870253164556964,False,False,False,False,False,True,100.725,97.52237114309915,3.2026288569008443
2025,Bahrain,R,STR,18,Aston Martin,47.0,3.0,HARD,15.0,True,98.352,31.274,42.788,24.29,18.0,1,True,False,True,82.8,8.5,27.052531645569623,31.870253164556964,False,False,False,False,False,True,100.836,97.52237114309915,3.3136288569008485
2025,Bahrain,R,STR,18,Aston Martin,48.0,3.0,HARD,16.0,True,98.413,31.302,42.958,24.153,18.0,1,True,False,True,84.60000000000001,8.5,27.052531645569623,31.870253164556964,False,False,False,False,False,True,100.951,97.52237114309915,3.4286288569008434
2025,Bahrain,R,STR,18,Aston Martin,49.0,3.0,HARD,17.0,True,98.648,31.483,42.961,24.204,18.0,1,True,False,True,86.4,8.5,27.052531645569623,31.870253164556964,False,False,False,False,False,True,101.24,97.52237114309915,3.717628856900845
2025,Bahrain,R,STR,18,Aston Martin,50.0,3.0,HARD,18.0,True,98.725,31.507,43.003,24.215,18.0,1,True,False,True,88.2,8.5,27.052531645569623,31.870253164556964,False,False,False,False,False,True,101.371,97.52237114309915,3.848628856900845
2025,Bahrain,R,STR,18,Aston Martin,51.0,3.0,HARD,19.0,True,98.627,31.485,42.949,24.193,18.0,1,True,False,True,90.0,8.5,27.052531645569623,31.870253164556964,False,False,False,False,False,True,101.327,97.52237114309915,3.804628856900848
2025,Bahrain,R,STR,18,Aston Martin,52.0,3.0,HARD,20.0,True,98.694,31.402,42.984,24.308,18.0,1,True,False,True,91.8,8.5,27.052531645569623,31.870253164556964,False,False,False,False,False,True,101.44800000000001,97.52237114309915,3.9256288569008575
2025,Bahrain,R,STR,18,Aston Martin,53.0,3.0,HARD,21.0,True,98.796,31.55,42.915,24.331,18.0,1,True,False,True,93.6,8.5,27.052531645569623,31.870253164556964,False,False,False,False,False,True,101.60400000000001,97.52237114309915,4.081628856900863
2025,Bahrain,R,STR,18,Aston Martin,54.0,3.0,HARD,22.0,True,98.834,31.703,42.827,24.304,18.0,1,True,False,True,95.4,8.5,27.052531645569623,31.870253164556964,False,False,False,False,False,True,101.696,97.52237114309915,4.173628856900848
2025,Bahrain,R,STR,18,Aston Martin,55.0,3.0,HARD,23.0,True,99.064,31.565,43.104,24.395,18.0,1,True,False,True,97.2,8.5,27.052531645569623,31.870253164556964,False,False,False,False,False,True,101.97999999999999,97.52237114309915,4.45762885690084
2025,Bahrain,R,STR,18,Aston Martin,56.0,3.0,HARD,24.0,True,99.025,31.573,42.953,24.499,18.0,1,True,False,True,99.0,8.5,27.052531645569623,31.870253164556964,False,False,False,False,False,True,101.995,97.52237114309915,4.4726288569008545
2025,Bahrain,R,STR,18,Aston Martin,57.0,3.0,HARD,25.0,True,98.98,31.468,43.094,24.418,18.0,1,True,False,True,100.8,8.5,27.052531645569623,31.870253164556964,False,False,False,False,False,True,102.004,97.52237114309915,4.481628856900855
2025,Bahrain,R,BOR,5,Kick Sauber,2.0,1.0,MEDIUM,2.0,True,100.45,31.895,43.727,24.828,19.0,1,True,False,True,1.8,8.5,27.052531645569623,31.870253164556964,False,False,False,False,False,True,100.504,97.1070523835844,3.396947616415602
2025,Bahrain,R,BOR,5,Kick Sauber,3.0,1.0,MEDIUM,3.0,True,99.9,31.164,43.889,24.847,19.0,1,True,False,True,3.6,8.5,27.052531645569623,31.870253164556964,False,False,False,False,False,True,100.00800000000001,97.1070523835844,2.900947616415607
2025,Bahrain,R,BOR,5,Kick Sauber,4.0,1.0,MEDIUM,4.0,True,100.079,31.298,43.925,24.856,19.0,1,True,False,True,5.4,8.5,27.052531645569623,31.870253164556964,False,False,False,False,False,True,100.241,97.1070523835844,3.133947616415597
2025,Bahrain,R,BOR,5,Kick Sauber,5.0,1.0,MEDIUM,5.0,True,100.726,32.015,43.91,24.801,19.0,1,True,False,True,7.2,8.5,27.052531645569623,31.870253164556964,False,False,False,False,False,True,100.942,97.1070523835844,3.8349476164155902
2025,Bahrain,R,BOR,5,Kick Sauber,6.0,1.0,MEDIUM,6.0,True,99.953,31.683,43.614,24.656,19.0,1,True,False,True,9.0,8.5,27.052531645569623,31.870253164556964,False,False,False,False,False,True,100.223,97.1070523835844,3.115947616415596
2025,Bahrain,R,BOR,5,Kick Sauber,7.0,1.0,MEDIUM,7.0,True,99.772,31.637,43.588,24.547,18.0,1,True,False,True,10.8,8.5,27.052531645569623,31.870253164556964,False,False,False,False,False,True,100.096,97.1070523835844,2.988947616415601
2025,Bahrain,R,BOR,5,Kick Sauber,8.0,1.0,MEDIUM,8.0,True,100.131,31.681,43.722,24.728,18.0,1,True,False,True,12.6,8.5,27.052531645569623,31.870253164556964,False,False,False,False,False,True,100.509,97.1070523835844,3.4019476164155975
2025,Bahrain,R,BOR,5,Kick Sauber,9.0,1.0,MEDIUM,9.0,True,100.325,31.705,43.884,24.736,17.0,1,True,False,True,14.4,8.5,27.052531645569623,31.870253164556964,False,False,False,False,False,True,100.757,97.1070523835844,3.649947616415602
2025,Bahrain,R,BOR,5,Kick Sauber,10.0,1.0,MEDIUM,10.0,True,100.312,31.746,43.988,24.578,16.0,1,True,False,True,16.2,8.5,27.052531645569623,31.870253164556964,False,False,False,False,False,True,100.798,97.1070523835844,3.690947616415599
2025,Bahrain,R,BOR,5,Kick Sauber,11.0,1.0,MEDIUM,11.0,True,100.248,31.712,43.863,24.673,13.0,1,True,False,True,18.0,8.5,27.052531645569623,31.870253164556964,False,False,False,False,False,True,100.78800000000001,97.1070523835844,3.680947616415608
2025,Bahrain,R,BOR,5,Kick Sauber,12.0,1.0,MEDIUM,12.0,True,100.903,31.788,44.368,24.747,12.0,1,True,False,True,19.8,8.5,27.052531645569623,31.870253164556964,False,False,False,False,False,True,101.497,97.1070523835844,4.389947616415597
2025,Bahrain,R,BOR,5,Kick Sauber,15.0,2.0,HARD,2.0,True,99.255,31.743,43.224,24.288,20.0,1,True,False,True,25.2,8.5,27.052531645569623,31.870253164556964,False,False,False,False,False,True,100.011,97.52237114309915,2.4886288569008457
2025,Bahrain,R,BOR,5,Kick Sauber,16.0,2.0,HARD,3.0,True,98.456,31.118,43.113,24.225,20.0,1,True,False,True,27.0,8.5,27.052531645569623,31.870253164556964,False,False,False,False,False,True,99.266,97.52237114309915,1.7436288569008553
2025,Bahrain,R,BOR,5,Kick Sauber,17.0,2.0,HARD,4.0,True,99.262,31.54,43.307,24.415,20.0,1,True,False,True,28.8,8.5,27.052531645569623,31.870253164556964,False,False,False,False,False,True,100.126,97.52237114309915,2.6036288569008548
2025,Bahrain,R,BOR,5,Kick Sauber,18.0,2.0,HARD,5.0,True,99.265,31.395,43.315,24.555,20.0,1,True,False,True,30.6,8.5,27.052531645569623,31.870253164556964,False,False,False,False,False,True,100.183,97.52237114309915,2.660628856900857
2025,Bahrain,R,BOR,5,Kick Sauber,19.0,2.0,HARD,6.0,True,98.953,31.469,43.042,24.442,20.0,1,True,False,True,32.4,8.5,27.052531645569623,31.870253164556964,False,False,False,False,False,True,99.925,97.52237114309915,2.402628856900847
2025,Bahrain,R,BOR,5,Kick Sauber,20.0,2.0,HARD,7.0,True,98.764,31.35,43.052,24.362,20.0,1,True,False,True,34.2,8.5,27.052531645569623,31.870253164556964,False,False,False,False,False,True,99.78999999999999,97.52237114309915,2.267628856900842
2025,Bahrain,R,BOR,5,Kick Sauber,21.0,2.0,HARD,8.0,True,99.32,31.547,43.221,24.552,20.0,1,True,False,True,36.0,8.5,27.052531645569623,31.870253164556964,False,False,False,False,False,True,100.39999999999999,97.52237114309915,2.8776288569008415
2025,Bahrain,R,BOR,5,Kick Sauber,22.0,2.0,HARD,9.0,True,99.167,31.519,43.116,24.532,20.0,1,True,False,True,37.8,8.5,27.052531645569623,31.870253164556964,False,False,False,False,False,True,100.301,97.52237114309915,2.778628856900852
2025,Bahrain,R,BOR,5,Kick Sauber,23.0,2.0,HARD,10.0,True,99.252,31.517,43.212,24.523,20.0,1,True,False,True,39.6,8.5,27.052531645569623,31.870253164556964,False,False,False,False,False,True,100.44,97.52237114309915,2.9176288569008477
2025,Bahrain,R,BOR,5,Kick Sauber,24.0,2.0,HARD,11.0,True,99.787,31.613,43.583,24.591,20.0,1,True,False,True,41.4,8.5,27.052531645569623,31.870253164556964,False,False,False,False,False,True,101.02900000000001,97.52237114309915,3.5066288569008606
2025,Bahrain,R,BOR,5,Kick Sauber,25.0,2.0,HARD,12.0,True,99.358,31.504,43.226,24.628,20.0,1,True,False,True,43.2,8.5,27.052531645569623,31.870253164556964,False,False,False,False,False,True,100.65400000000001,97.52237114309915,3.1316288569008606
2025,Bahrain,R,BOR,5,Kick Sauber,26.0,2.0,HARD,13.0,True,99.765,31.635,43.563,24.567,20.0,1,True,False,True,45.0,8.5,27.052531645569623,31.870253164556964,False,False,False,False,False,True,101.115,97.52237114309915,3.592628856900845
2025,Bahrain,R,BOR,5,Kick Sauber,27.0,2.0,HARD,14.0,True,100.319,31.692,43.72,24.907,20.0,1,True,False,True,46.8,8.5,27.052531645569623,31.870253164556964,False,False,False,False,False,True,101.723,97.52237114309915,4.200628856900849
2025,Bahrain,R,BOR,5,Kick Sauber,28.0,2.0,HARD,15.0,True,99.87,31.804,43.439,24.627,19.0,1,True,False,True,48.6,8.5,27.052531645569623,31.870253164556964,False,False,False,False,False,True,101.328,97.52237114309915,3.805628856900853
2025,Bahrain,R,BOR,5,Kick Sauber,29.0,2.0,HARD,16.0,True,99.853,31.726,43.567,24.56,18.0,1,True,False,True,50.4,8.5,27.052531645569623,31.870253164556964,False,False,False,False,False,True,101.365,97.52237114309915,3.842628856900845
2025,Bahrain,R,BOR,5,Kick Sauber,30.0,2.0,HARD,17.0,True,99.88,31.687,43.514,24.679,18.0,1,True,False,True,52.2,8.5,27.052531645569623,31.870253164556964,False,False,False,False,False,True,101.446,97.52237114309915,3.923628856900848
2025,Bahrain,R,BOR,5,Kick Sauber,31.0,2.0,HARD,18.0,True,99.929,31.677,43.509,24.743,18.0,1,True,False,True,54.0,8.5,27.052531645569623,31.870253164556964,False,False,False,False,False,True,101.549,97.52237114309915,4.026628856900857
2025,Bahrain,R,BOR,5,Kick Sauber,36.0,3.0,MEDIUM,4.0,True,100.448,32.31,43.78,24.358,20.0,1,True,False,True,63.0,8.5,27.052531645569623,31.870253164556964,False,False,False,False,False,True,102.338,97.1070523835844,5.230947616415591
2025,Bahrain,R,BOR,5,Kick Sauber,37.0,3.0,MEDIUM,5.0,True,98.701,31.277,42.917,24.507,20.0,1,True,False,True,64.8,8.5,27.052531645569623,31.870253164556964,False,False,False,False,False,True,100.645,97.1070523835844,3.537947616415593
2025,Bahrain,R,BOR,5,Kick Sauber,38.0,3.0,MEDIUM,6.0,True,98.006,30.984,42.744,24.278,20.0,1,True,False,True,66.60000000000001,8.5,27.052531645569623,31.870253164556964,False,False,False,False,False,True,100.004,97.1070523835844,2.896947616415602
2025,Bahrain,R,BOR,5,Kick Sauber,39.0,3.0,MEDIUM,7.0,True,98.433,31.03,42.922,24.481,20.0,1,True,False,True,68.4,8.5,27.052531645569623,31.870253164556964,False,False,False,False,False,True,100.48500000000001,97.1070523835844,3.377947616415611
2025,Bahrain,R,BOR,5,Kick Sauber,40.0,3.0,MEDIUM,8.0,True,98.311,30.947,43.039,24.325,20.0,1,True,False,True,70.2,8.5,27.052531645569623,31.870253164556964,False,False,False,False,False,True,100.417,97.1070523835844,3.3099476164155988
2025,Bahrain,R,BOR,5,Kick Sauber,41.0,3.0,MEDIUM,9.0,True,98.758,31.085,43.106,24.567,20.0,1,True,False,True,72.0,8.5,27.052531645569623,31.870253164556964,False,False,False,False,False,True,100.91799999999999,97.1070523835844,3.8109476164155893
2025,Bahrain,R,BOR,5,Kick Sauber,42.0,3.0,MEDIUM,10.0,True,98.49,31.131,42.911,24.448,20.0,1,True,False,True,73.8,8.5,27.052531645569623,31.870253164556964,False,False,False,False,False,True,100.704,97.1070523835844,3.5969476164155907
2025,Bahrain,R,BOR,5,Kick Sauber,43.0,3.0,MEDIUM,11.0,True,98.919,31.159,43.177,24.583,20.0,1,True,False,True,75.60000000000001,8.5,27.052531645569623,31.870253164556964,False,False,False,False,False,True,101.187,97.1070523835844,4.079947616415595
2025,Bahrain,R,BOR,5,Kick Sauber,44.0,3.0,MEDIUM,12.0,True,100.209,31.125,44.199,24.885,19.0,1,True,False,True,77.4,8.5,27.052531645569623,31.870253164556964,False,False,False,False,False,True,102.531,97.1070523835844,5.423947616415603
2025,Bahrain,R,BOR,5,Kick Sauber,45.0,3.0,MEDIUM,13.0,True,98.554,31.006,43.231,24.317,19.0,1,True,False,True,79.2,8.5,27.052531645569623,31.870253164556964,False,False,False,False,False,True,100.93,97.1070523835844,3.822947616415604
2025,Bahrain,R,BOR,5,Kick Sauber,46.0,3.0,MEDIUM,14.0,True,98.151,31.154,42.694,24.303,19.0,1,True,False,True,81.0,8.5,27.052531645569623,31.870253164556964,False,False,False,False,False,True,100.58099999999999,97.1070523835844,3.473947616415586
2025,Bahrain,R,BOR,5,Kick Sauber,47.0,3.0,MEDIUM,15.0,True,98.47,31.22,42.932,24.318,19.0,1,True,False,True,82.8,8.5,27.052531645569623,31.870253164556964,False,False,False,False,False,True,100.954,97.1070523835844,3.8469476164155907
2025,Bahrain,R,BOR,5,Kick Sauber,48.0,3.0,MEDIUM,16.0,True,98.583,31.079,43.073,24.431,19.0,1,True,False,True,84.60000000000001,8.5,27.052531645569623,31.870253164556964,False,False,False,False,False,True,101.121,97.1070523835844,4.013947616415592
2025,Bahrain,R,BOR,5,Kick Sauber,49.0,3.0,MEDIUM,17.0,True,98.58,31.153,43.041,24.386,19.0,1,True,False,True,86.4,8.5,27.052531645569623,31.870253164556964,False,False,False,False,False,True,101.172,97.1070523835844,4.064947616415594
2025,Bahrain,R,BOR,5,Kick Sauber,50.0,3.0,MEDIUM,18.0,True,98.592,31.16,43.085,24.347,19.0,1,True,False,True,88.2,8.5,27.052531645569623,31.870253164556964,False,False,False,False,False,True,101.238,97.1070523835844,4.130947616415597
2025,Bahrain,R,BOR,5,Kick Sauber,51.0,3.0,MEDIUM,19.0,True,98.706,31.19,43.074,24.442,19.0,1,True,False,True,90.0,8.5,27.052531645569623,31.870253164556964,False,False,False,False,False,True,101.406,97.1070523835844,4.298947616415603
2025,Bahrain,R,BOR,5,Kick Sauber,52.0,3.0,MEDIUM,20.0,True,98.551,31.113,43.052,24.386,19.0,1,True,False,True,91.8,8.5,27.052531645569623,31.870253164556964,False,False,False,False,False,True,101.305,97.1070523835844,4.197947616415604
2025,Bahrain,R,BOR,5,Kick Sauber,53.0,3.0,MEDIUM,21.0,True,98.973,31.305,43.372,24.296,19.0,1,True,False,True,93.6,8.5,27.052531645569623,31.870253164556964,False,False,False,False,False,True,101.781,97.1070523835844,4.673947616415603
2025,Bahrain,R,BOR,5,Kick Sauber,54.0,3.0,MEDIUM,22.0,True,98.936,31.274,43.17,24.492,19.0,1,True,False,True,95.4,8.5,27.052531645569623,31.870253164556964,False,False,False,False,False,True,101.798,97.1070523835844,4.690947616415599
2025,Bahrain,R,BOR,5,Kick Sauber,55.0,3.0,MEDIUM,23.0,True,99.001,31.254,43.276,24.471,19.0,1,True,False,True,97.2,8.5,27.052531645569623,31.870253164556964,False,False,False,False,False,True,101.917,97.1070523835844,4.809947616415599
2025,Bahrain,R,BOR,5,Kick Sauber,56.0,3.0,MEDIUM,24.0,True,99.381,31.44,43.214,24.727,19.0,1,True,False,True,99.0,8.5,27.052531645569623,31.870253164556964,False,False,False,False,False,True,102.351,97.1070523835844,5.243947616415596
2025,Bahrain,R,BOR,5,Kick Sauber,57.0,3.0,MEDIUM,25.0,True,99.063,31.525,43.015,24.523,19.0,1,True,False,True,100.8,8.5,27.052531645569623,31.870253164556964,False,False,False,False,False,True,102.087,97.1070523835844,4.9799476164156005
2025,Bahrain,R,SAI,55,Williams,2.0,1.0,SOFT,5.0,False,98.185,31.186,42.797,24.202,6.0,1,True,False,True,1.8,8.5,27.052531645569623,31.870253164556964,False,False,False,False,False,True,98.239,97.95543424112887,0.2835657588711342
2025,Bahrain,R,SAI,55,Williams,3.0,1.0,SOFT,6.0,False,98.389,31.122,43.005,24.262,6.0,1,True,False,True,3.6,8.5,27.052531645569623,31.870253164556964,False,False,False,False,False,True,98.497,97.95543424112887,0.5415657588711298
2025,Bahrain,R,SAI,55,Williams,4.0,1.0,SOFT,7.0,False,98.62,31.188,43.02,24.412,6.0,1,True,False,True,5.4,8.5,27.052531645569623,31.870253164556964,False,False,False,False,False,True,98.78200000000001,97.95543424112887,0.8265657588711406
2025,Bahrain,R,SAI,55,Williams,5.0,1.0,SOFT,8.0,False,101.021,32.492,44.112,24.417,8.0,1,True,False,True,7.2,8.5,27.052531645569623,31.870253164556964,False,False,False,False,False,True,101.237,97.95543424112887,3.2815657588711247
2025,Bahrain,R,SAI,55,Williams,6.0,1.0,SOFT,9.0,False,99.023,31.235,43.376,24.412,8.0,1,True,False,True,9.0,8.5,27.052531645569623,31.870253164556964,False,False,False,False,False,True,99.29299999999999,97.95543424112887,1.337565758871122
2025,Bahrain,R,SAI,55,Williams,7.0,1.0,SOFT,10.0,False,99.33,31.542,43.306,24.482,8.0,1,True,False,True,10.8,8.5,27.052531645569623,31.870253164556964,False,False,False,False,False,True,99.654,97.95543424112887,1.6985657588711263
2025,Bahrain,R,SAI,55,Williams,8.0,1.0,SOFT,11.0,False,99.906,31.718,43.605,24.583,8.0,1,True,False,True,12.6,8.5,27.052531645569623,31.870253164556964,False,False,False,False,False,True,100.284,97.95543424112887,2.328565758871136
2025,Bahrain,R,SAI,55,Williams,9.0,1.0,SOFT,12.0,False,102.895,32.248,45.682,24.965,10.0,1,True,False,True,14.4,8.5,27.052531645569623,31.870253164556964,False,False,False,False,False,True,103.327,97.95543424112887,5.371565758871128
2025,Bahrain,R,SAI,55,Williams,10.0,1.0,SOFT,13.0,False,100.164,31.57,43.817,24.777,10.0,1,True,False,True,16.2,8.5,27.052531645569623,31.870253164556964,False,False,False,False,False,True,100.65,97.95543424112887,2.6945657588711356
2025,Bahrain,R,SAI,55,Williams,11.0,1.0,SOFT,14.0,False,100.015,31.537,43.747,24.731,6.0,1,True,False,True,18.0,8.5,27.052531645569623,31.870253164556964,False,False,False,False,False,True,100.555,97.95543424112887,2.5995657588711367
2025,Bahrain,R,SAI,55,Williams,12.0,1.0,SOFT,15.0,False,100.25,31.762,43.847,24.641,6.0,1,True,False,True,19.8,8.5,27.052531645569623,31.870253164556964,False,False,False,False,False,True,100.844,97.95543424112887,2.888565758871124
2025,Bahrain,R,SAI,55,Williams,13.0,1.0,SOFT,16.0,False,100.277,31.692,43.793,24.792,5.0,1,True,False,True,21.6,8.5,27.052531645569623,31.870253164556964,False,False,False,False,False,True,100.925,97.95543424112887,2.969565758871127
2025,Bahrain,R,SAI,55,Williams,16.0,2.0,MEDIUM,2.0,True,96.954,30.549,42.491,23.914,15.0,1,True,False,True,27.0,8.5,27.052531645569623,31.870253164556964,False,False,False,False,False,True,97.764,97.1070523835844,0.656947616415593
2025,Bahrain,R,SAI,55,Williams,17.0,2.0,MEDIUM,3.0,True,97.867,31.133,42.658,24.076,13.0,1,True,False,True,28.8,8.5,27.052531645569623,31.870253164556964,False,False,False,False,False,True,98.73100000000001,97.1070523835844,1.623947616415606
2025,Bahrain,R,SAI,55,Williams,18.0,2.0,MEDIUM,4.0,True,97.809,30.867,42.834,24.108,12.0,1,True,False,True,30.6,8.5,27.052531645569623,31.870253164556964,False,False,False,False,False,True,98.727,97.1070523835844,1.619947616415601
2025,Bahrain,R,SAI,55,Williams,19.0,2.0,MEDIUM,5.0,True,98.259,31.268,42.836,24.155,12.0,1,True,False,True,32.4,8.5,27.052531645569623,31.870253164556964,False,False,False,False,False,True,99.231,97.1070523835844,2.1239476164155917
2025,Bahrain,R,SAI,55,Williams,20.0,2.0,MEDIUM,6.0,True,98.427,31.244,42.95,24.233,12.0,1,True,False,True,34.2,8.5,27.052531645569623,31.870253164556964,False,False,False,False,False,True,99.453,97.1070523835844,2.3459476164156
2025,Bahrain,R,SAI,55,Williams,21.0,2.0,MEDIUM,7.0,True,98.718,31.286,43.139,24.293,12.0,1,True,False,True,36.0,8.5,27.052531645569623,31.870253164556964,False,False,False,False,False,True,99.798,97.1070523835844,2.690947616415599
2025,Bahrain,R,SAI,55,Williams,22.0,2.0,MEDIUM,8.0,True,98.555,31.352,43.029,24.174,12.0,1,True,False,True,37.8,8.5,27.052531645569623,31.870253164556964,False,False,False,False,False,True,99.68900000000001,97.1070523835844,2.5819476164156043
2025,Bahrain,R,SAI,55,Williams,23.0,2.0,MEDIUM,9.0,True,98.631,31.344,43.004,24.283,12.0,1,True,False,True,39.6,8.5,27.052531645569623,31.870253164556964,False,False,False,False,False,True,99.819,97.1070523835844,2.7119476164156
2025,Bahrain,R,SAI,55,Williams,24.0,2.0,MEDIUM,10.0,True,98.782,31.383,43.047,24.352,12.0,1,True,False,True,41.4,8.5,27.052531645569623,31.870253164556964,False,False,False,False,False,True,100.024,97.1070523835844,2.916947616415598
2025,Bahrain,R,SAI,55,Williams,25.0,2.0,MEDIUM,11.0,True,99.068,31.435,43.259,24.374,12.0,1,True,False,True,43.2,8.5,27.052531645569623,31.870253164556964,False,False,False,False,False,True,100.364,97.1070523835844,3.2569476164156015
2025,Bahrain,R,SAI,55,Williams,26.0,2.0,MEDIUM,12.0,True,99.212,31.444,43.387,24.381,12.0,1,True,False,True,45.0,8.5,27.052531645569623,31.870253164556964,False,False,False,False,False,True,100.562,97.1070523835844,3.454947616415595
2025,Bahrain,R,SAI,55,Williams,27.0,2.0,MEDIUM,13.0,True,99.302,31.484,43.376,24.442,11.0,1,True,False,True,46.8,8.5,27.052531645569623,31.870253164556964,False,False,False,False,False,True,100.706,97.1070523835844,3.5989476164156002
2025,Bahrain,R,SAI,55,Williams,28.0,2.0,MEDIUM,14.0,True,99.236,31.275,43.45,24.511,8.0,1,True,False,True,48.6,8.5,27.052531645569623,31.870253164556964,False,False,False,False,False,True,100.694,97.1070523835844,3.5869476164156
2025,Bahrain,R,SAI,55,Williams,29.0,2.0,MEDIUM,15.0,True,98.798,31.215,43.31,24.273,7.0,1,True,False,True,50.4,8.5,27.052531645569623,31.870253164556964,False,False,False,False,False,True,100.31,97.1070523835844,3.2029476164155994
2025,Bahrain,R,SAI,55,Williams,30.0,2.0,MEDIUM,16.0,True,99.28,31.425,43.387,24.468,6.0,1,True,False,True,52.2,8.5,27.052531645569623,31.870253164556964,False,False,False,False,False,True,100.846,97.1070523835844,3.738947616415601
2025,Bahrain,R,SAI,55,Williams,31.0,2.0,MEDIUM,17.0,True,100.485,32.149,43.711,24.625,6.0,1,True,False,True,54.0,8.5,27.052531645569623,31.870253164556964,False,False,False,False,False,True,102.105,97.1070523835844,4.997947616415601
2025,Bahrain,R,SAI,55,Williams,36.0,3.0,HARD,4.0,True,100.833,32.559,44.207,24.067,13.0,1,True,False,True,63.0,8.5,27.052531645569623,31.870253164556964,False,False,False,False,False,True,102.723,97.52237114309915,5.200628856900849
2025,Bahrain,R,SAI,55,Williams,37.0,3.0,HARD,5.0,True,97.832,31.18,42.526,24.126,13.0,1,True,False,True,64.8,8.5,27.052531645569623,31.870253164556964,False,False,False,False,False,True,99.776,97.52237114309915,2.2536288569008462
2025,Bahrain,R,SAI,55,Williams,38.0,3.0,HARD,6.0,True,98.624,31.459,43.014,24.151,14.0,1,True,False,True,66.60000000000001,8.5,27.052531645569623,31.870253164556964,False,False,False,False,False,True,100.622,97.52237114309915,3.09962885690085
2025,Bahrain,R,SAI,55,Williams,39.0,3.0,HARD,7.0,True,98.292,31.359,42.873,24.06,14.0,1,True,False,True,68.4,8.5,27.052531645569623,31.870253164556964,False,False,False,False,False,True,100.34400000000001,97.52237114309915,2.8216288569008583
2025,Bahrain,R,SAI,55,Williams,40.0,3.0,HARD,8.0,True,98.454,31.351,42.94,24.163,14.0,1,True,False,True,70.2,8.5,27.052531645569623,31.870253164556964,False,False,False,False,False,True,100.55999999999999,97.52237114309915,3.037628856900838
2025,Bahrain,R,SAI,55,Williams,41.0,3.0,HARD,9.0,True,98.415,31.403,42.856,24.156,14.0,1,True,False,True,72.0,8.5,27.052531645569623,31.870253164556964,False,False,False,False,False,True,100.575,97.52237114309915,3.052628856900853
2025,Bahrain,R,SAI,55,Williams,42.0,3.0,HARD,10.0,True,99.736,31.909,43.547,24.28,15.0,1,True,False,True,73.8,8.5,27.052531645569623,31.870253164556964,False,False,False,False,False,True,101.95,97.52237114309915,4.427628856900853
2025,Bahrain,R,SAI,55,Williams,43.0,3.0,HARD,11.0,True,99.607,31.642,43.61,24.355,16.0,1,True,False,True,75.60000000000001,8.5,27.052531645569623,31.870253164556964,False,False,False,False,False,True,101.875,97.52237114309915,4.35262885690085
2025,Bahrain,R,HUL,27,Kick Sauber,2.0,1.0,SOFT,2.0,True,100.634,31.807,44.277,24.55,20.0,1,True,False,True,1.8,8.5,27.052531645569623,31.870253164556964,False,False,False,False,False,True,100.688,97.95543424112887,2.7325657588711323
2025,Bahrain,R,HUL,27,Kick Sauber,3.0,1.0,SOFT,3.0,True,100.019,31.363,43.957,24.699,20.0,1,True,False,True,3.6,8.5,27.052531645569623,31.870253164556964,False,False,False,False,False,True,100.12700000000001,97.95543424112887,2.1715657588711395
2025,Bahrain,R,HUL,27,Kick Sauber,4.0,1.0,SOFT,4.0,True,99.829,31.222,43.841,24.766,20.0,1,True,False,True,5.4,8.5,27.052531645569623,31.870253164556964,False,False,False,False,False,True,99.991,97.95543424112887,2.0355657588711296
2025,Bahrain,R,HUL,27,Kick Sauber,7.0,2.0,MEDIUM,2.0,True,97.95,30.936,42.713,24.301,19.0,1,True,False,True,10.8,8.5,27.052531645569623,31.870253164556964,False,False,False,False,False,True,98.274,97.1070523835844,1.166947616415598
2025,Bahrain,R,HUL,27,Kick Sauber,8.0,2.0,MEDIUM,3.0,True,99.411,31.804,43.374,24.233,20.0,1,True,False,True,12.6,8.5,27.052531645569623,31.870253164556964,False,False,False,False,False,True,99.789,97.1070523835844,2.6819476164155986
2025,Bahrain,R,HUL,27,Kick Sauber,9.0,2.0,MEDIUM,4.0,True,99.247,31.479,43.382,24.386,20.0,1,True,False,True,14.4,8.5,27.052531645569623,31.870253164556964,False,False,False,False,False,True,99.679,97.1070523835844,2.571947616415599
2025,Bahrain,R,HUL,27,Kick Sauber,10.0,2.0,MEDIUM,5.0,True,99.259,31.509,43.449,24.301,20.0,1,True,False,True,16.2,8.5,27.052531645569623,31.870253164556964,False,False,False,False,False,True,99.745,97.1070523835844,2.6379476164156017
2025,Bahrain,R,HUL,27,Kick Sauber,11.0,2.0,MEDIUM,6.0,True,99.256,31.409,43.428,24.419,20.0,1,True,False,True,18.0,8.5,27.052531645569623,31.870253164556964,False,False,False,False,False,True,99.796,97.1070523835844,2.6889476164156036
2025,Bahrain,R,HUL,27,Kick Sauber,12.0,2.0,MEDIUM,7.0,True,99.15,31.41,43.338,24.402,20.0,1,True,False,True,19.8,8.5,27.052531645569623,31.870253164556964,False,False,False,False,False,True,99.744,97.1070523835844,2.636947616415597
2025,Bahrain,R,HUL,27,Kick Sauber,13.0,2.0,MEDIUM,8.0,True,99.037,31.339,43.29,24.408,19.0,1,True,False,True,21.6,8.5,27.052531645569623,31.870253164556964,False,False,False,False,False,True,99.685,97.1070523835844,2.5779476164155994
2025,Bahrain,R,HUL,27,Kick Sauber,14.0,2.0,MEDIUM,9.0,True,99.472,31.46,43.54,24.472,18.0,1,True,False,True,23.4,8.5,27.052531645569623,31.870253164556964,False,False,False,False,False,True,100.17399999999999,97.1070523835844,3.0669476164155896
2025,Bahrain,R,HUL,27,Kick Sauber,15.0,2.0,MEDIUM,10.0,True,99.389,31.403,43.541,24.445,15.0,1,True,False,True,25.2,8.5,27.052531645569623,31.870253164556964,False,False,False,False,False,True,100.145,97.1070523835844,3.037947616415593
2025,Bahrain,R,HUL,27,Kick Sauber,16.0,2.0,MEDIUM,11.0,True,99.945,31.787,43.628,24.53,16.0,1,True,False,True,27.0,8.5,27.052531645569623,31.870253164556964,False,False,False,False,False,True,100.755,97.1070523835844,3.6479476164155926
2025,Bahrain,R,HUL,27,Kick Sauber,17.0,2.0,MEDIUM,12.0,True,99.883,31.849,43.522,24.512,15.0,1,True,False,True,28.8,8.5,27.052531645569623,31.870253164556964,False,False,False,False,False,True,100.747,97.1070523835844,3.639947616415597
2025,Bahrain,R,HUL,27,Kick Sauber,18.0,2.0,MEDIUM,13.0,True,99.272,31.501,43.34,24.431,15.0,1,True,False,True,30.6,8.5,27.052531645569623,31.870253164556964,False,False,False,False,False,True,100.19000000000001,97.1070523835844,3.082947616415609
2025,Bahrain,R,HUL,27,Kick Sauber,19.0,2.0,MEDIUM,14.0,True,99.402,31.509,43.434,24.459,15.0,1,True,False,True,32.4,8.5,27.052531645569623,31.870253164556964,False,False,False,False,False,True,100.374,97.1070523835844,3.2669476164155924
2025,Bahrain,R,HUL,27,Kick Sauber,20.0,2.0,MEDIUM,15.0,True,99.772,31.861,43.459,24.452,16.0,1,True,False,True,34.2,8.5,27.052531645569623,31.870253164556964,False,False,False,False,False,True,100.798,97.1070523835844,3.690947616415599
2025,Bahrain,R,HUL,27,Kick Sauber,21.0,2.0,MEDIUM,16.0,True,99.525,31.608,43.358,24.559,16.0,1,True,False,True,36.0,8.5,27.052531645569623,31.870253164556964,False,False,False,False,False,True,100.605,97.1070523835844,3.497947616415601
2025,Bahrain,R,HUL,27,Kick Sauber,22.0,2.0,MEDIUM,17.0,True,99.39,31.517,43.38,24.493,16.0,1,True,False,True,37.8,8.5,27.052531645569623,31.870253164556964,False,False,False,False,False,True,100.524,97.1070523835844,3.416947616415598
2025,Bahrain,R,HUL,27,Kick Sauber,23.0,2.0,MEDIUM,18.0,True,99.462,31.591,43.247,24.624,16.0,1,True,False,True,39.6,8.5,27.052531645569623,31.870253164556964,False,False,False,False,False,True,100.65,97.1070523835844,3.542947616415603
2025,Bahrain,R,HUL,27,Kick Sauber,24.0,2.0,MEDIUM,19.0,True,99.521,31.532,43.537,24.452,16.0,1,True,False,True,41.4,8.5,27.052531645569623,31.870253164556964,False,False,False,False,False,True,100.763,97.1070523835844,3.6559476164156024
2025,Bahrain,R,HUL,27,Kick Sauber,25.0,2.0,MEDIUM,20.0,True,99.6,31.641,43.314,24.645,16.0,1,True,False,True,43.2,8.5,27.052531645569623,31.870253164556964,False,False,False,False,False,True,100.896,97.1070523835844,3.788947616415598
2025,Bahrain,R,HUL,27,Kick Sauber,26.0,2.0,MEDIUM,21.0,True,100.521,32.185,43.746,24.59,17.0,1,True,False,True,45.0,8.5,27.052531645569623,31.870253164556964,False,False,False,False,False,True,101.871,97.1070523835844,4.763947616415592
2025,Bahrain,R,HUL,27,Kick Sauber,29.0,3.0,MEDIUM,2.0,True,97.753,31.11,42.775,23.868,20.0,1,True,False,True,50.4,8.5,27.052531645569623,31.870253164556964,False,False,False,False,False,True,99.265,97.1070523835844,2.1579476164155977
2025,Bahrain,R,HUL,27,Kick Sauber,30.0,3.0,MEDIUM,3.0,True,97.338,30.994,42.52,23.824,20.0,1,True,False,True,52.2,8.5,27.052531645569623,31.870253164556964,False,False,False,False,False,True,98.904,97.1070523835844,1.7969476164155935
2025,Bahrain,R,HUL,27,Kick Sauber,31.0,3.0,MEDIUM,4.0,True,97.758,31.094,42.597,24.067,20.0,1,True,False,True,54.0,8.5,27.052531645569623,31.870253164556964,False,False,False,False,False,True,99.378,97.1070523835844,2.2709476164155973
2025,Bahrain,R,HUL,27,Kick Sauber,36.0,3.0,MEDIUM,9.0,True,98.943,31.524,43.196,24.223,15.0,1,True,False,True,63.0,8.5,27.052531645569623,31.870253164556964,False,False,False,False,False,True,100.833,97.1070523835844,3.7259476164155956
2025,Bahrain,R,HUL,27,Kick Sauber,37.0,3.0,MEDIUM,10.0,True,98.15,31.583,42.399,24.168,15.0,1,True,False,True,64.8,8.5,27.052531645569623,31.870253164556964,False,False,False,False,False,True,100.09400000000001,97.1070523835844,2.9869476164156055
2025,Bahrain,R,HUL,27,Kick Sauber,38.0,3.0,MEDIUM,11.0,True,97.91,30.852,42.815,24.243,15.0,1,True,False,True,66.60000000000001,8.5,27.052531645569623,31.870253164556964,False,False,False,False,False,True,99.908,97.1070523835844,2.8009476164155984
2025,Bahrain,R,HUL,27,Kick Sauber,39.0,3.0,MEDIUM,12.0,True,98.276,31.169,43.127,23.98,15.0,1,True,False,True,68.4,8.5,27.052531645569623,31.870253164556964,False,False,False,False,False,True,100.328,97.1070523835844,3.2209476164156
2025,Bahrain,R,HUL,27,Kick Sauber,40.0,3.0,MEDIUM,13.0,True,98.662,31.078,43.095,24.489,15.0,1,True,False,True,70.2,8.5,27.052531645569623,31.870253164556964,False,False,False,False,False,True,100.768,97.1070523835844,3.660947616415598
2025,Bahrain,R,HUL,27,Kick Sauber,41.0,3.0,MEDIUM,14.0,True,99.119,32.09,42.839,24.19,16.0,1,True,False,True,72.0,8.5,27.052531645569623,31.870253164556964,False,False,False,False,False,True,101.279,97.1070523835844,4.1719476164155935
2025,Bahrain,R,HUL,27,Kick Sauber,42.0,3.0,MEDIUM,15.0,True,98.678,31.253,43.095,24.33,16.0,1,True,False,True,73.8,8.5,27.052531645569623,31.870253164556964,False,False,False,False,False,True,100.892,97.1070523835844,3.784947616415593
2025,Bahrain,R,HUL,27,Kick Sauber,43.0,3.0,MEDIUM,16.0,True,97.459,30.883,42.441,24.135,15.0,1,True,False,True,75.60000000000001,8.5,27.052531645569623,31.870253164556964,False,False,False,False,False,True,99.727,97.1070523835844,2.619947616415601
2025,Bahrain,R,HUL,27,Kick Sauber,44.0,3.0,MEDIUM,17.0,True,97.839,31.34,42.431,24.068,15.0,1,True,False,True,77.4,8.5,27.052531645569623,31.870253164556964,False,False,False,False,False,True,100.161,97.1070523835844,3.0539476164155985
2025,Bahrain,R,HUL,27,Kick Sauber,45.0,3.0,MEDIUM,18.0,True,97.924,31.15,42.639,24.135,15.0,1,True,False,True,79.2,8.5,27.052531645569623,31.870253164556964,False,False,False,False,False,True,100.30000000000001,97.1070523835844,3.1929476164156085
2025,Bahrain,R,HUL,27,Kick Sauber,46.0,3.0,MEDIUM,19.0,True,97.61,31.111,42.553,23.946,15.0,1,True,False,True,81.0,8.5,27.052531645569623,31.870253164556964,False,False,False,False,False,True,100.03999999999999,97.1070523835844,2.932947616415589
2025,Bahrain,R,HUL,27,Kick Sauber,47.0,3.0,MEDIUM,20.0,True,97.925,31.187,42.628,24.11,15.0,1,True,False,True,82.8,8.5,27.052531645569623,31.870253164556964,False,False,False,False,False,True,100.40899999999999,97.1070523835844,3.301947616415589
2025,Bahrain,R,HUL,27,Kick Sauber,48.0,3.0,MEDIUM,21.0,True,98.15,31.292,42.765,24.093,15.0,1,True,False,True,84.60000000000001,8.5,27.052531645569623,31.870253164556964,False,False,False,False,False,True,100.688,97.1070523835844,3.5809476164155996
2025,Bahrain,R,HUL,27,Kick Sauber,49.0,3.0,MEDIUM,22.0,True,98.014,31.251,42.624,24.139,15.0,1,True,False,True,86.4,8.5,27.052531645569623,31.870253164556964,False,False,False,False,False,True,100.606,97.1070523835844,3.4989476164155917
2025,Bahrain,R,HUL,27,Kick Sauber,50.0,3.0,MEDIUM,23.0,True,97.886,31.284,42.455,24.147,15.0,1,True,False,True,88.2,8.5,27.052531645569623,31.870253164556964,False,False,False,False,False,True,100.532,97.1070523835844,3.4249476164155936
2025,Bahrain,R,HUL,27,Kick Sauber,51.0,3.0,MEDIUM,24.0,True,97.992,31.225,42.533,24.234,15.0,1,True,False,True,90.0,8.5,27.052531645569623,31.870253164556964,False,False,False,False,False,True,100.69200000000001,97.1070523835844,3.5849476164156044
2025,Bahrain,R,HUL,27,Kick Sauber,52.0,3.0,MEDIUM,25.0,True,98.025,31.176,42.67,24.179,15.0,1,True,False,True,91.8,8.5,27.052531645569623,31.870253164556964,False,False,False,False,False,True,100.77900000000001,97.1070523835844,3.6719476164156077
2025,Bahrain,R,HUL,27,Kick Sauber,53.0,3.0,MEDIUM,26.0,True,98.26,31.255,42.821,24.184,15.0,1,True,False,True,93.6,8.5,27.052531645569623,31.870253164556964,False,False,False,False,False,True,101.06800000000001,97.1070523835844,3.960947616415609
2025,Bahrain,R,HUL,27,Kick Sauber,54.0,3.0,MEDIUM,27.0,True,98.498,31.388,42.992,24.118,15.0,1,True,False,True,95.4,8.5,27.052531645569623,31.870253164556964,False,False,False,False,False,True,101.36,97.1070523835844,4.252947616415597
2025,Bahrain,R,HUL,27,Kick Sauber,55.0,3.0,MEDIUM,28.0,True,98.424,31.415,42.892,24.117,15.0,1,True,False,True,97.2,8.5,27.052531645569623,31.870253164556964,False,False,False,False,False,True,101.34,97.1070523835844,4.232947616415601
2025,Bahrain,R,HUL,27,Kick Sauber,56.0,3.0,MEDIUM,29.0,True,98.998,31.369,43.236,24.393,15.0,1,True,False,True,99.0,8.5,27.052531645569623,31.870253164556964,False,False,False,False,False,True,101.968,97.1070523835844,4.860947616415601
2025,Bahrain,R,HUL,27,Kick Sauber,57.0,3.0,MEDIUM,30.0,True,98.823,31.087,43.128,24.608,15.0,1,True,False,True,100.8,8.5,27.052531645569623,31.870253164556964,False,False,False,False,False,True,101.847,97.1070523835844,4.739947616415591
2025,Silverstone,R,VER,1,Red Bull Racing,8.0,1.0,INTERMEDIATE,8.0,True,105.834,32.223,43.021,30.59,2.0,1,True,False,True,12.6,8.5,17.91741935483871,23.578709677419354,True,False,False,False,False,True,106.212,88.86003991054397,17.35196008945603
2025,Silverstone,R,VER,1,Red Bull Racing,9.0,1.0,INTERMEDIATE,9.0,True,106.326,32.688,43.578,30.06,2.0,1,True,False,True,14.4,8.5,17.91741935483871,23.578709677419354,True,False,False,False,False,True,106.758,88.86003991054397,17.89796008945602
2025,Silverstone,R,VER,1,Red Bull Racing,10.0,1.0,INTERMEDIATE,10.0,True,106.432,32.657,44.139,29.636,2.0,1,True,False,True,16.2,8.5,17.91741935483871,23.578709677419354,True,False,False,False,False,True,106.918,88.86003991054397,18.05796008945603
2025,Silverstone,R,VER,1,Red Bull Racing,23.0,2.0,INTERMEDIATE,12.0,True,105.863,33.293,43.941,28.629,10.0,1,True,False,True,39.6,8.5,17.91741935483871,23.578709677419354,True,False,False,False,False,True,107.051,88.86003991054397,18.190960089456027
2025,Silverstone,R,VER,1,Red Bull Racing,24.0,2.0,INTERMEDIATE,13.0,True,105.017,32.645,43.603,28.769,10.0,1,True,False,True,41.4,8.5,17.91741935483871,23.578709677419354,True,False,False,False,False,True,106.259,88.86003991054397,17.398960089456025
2025,Silverstone,R,VER,1,Red Bull Racing,25.0,2.0,INTERMEDIATE,14.0,True,104.139,32.336,43.373,28.43,10.0,1,True,False,True,43.2,8.5,17.91741935483871,23.578709677419354,True,False,False,False,False,True,105.435,88.86003991054397,16.574960089456027
2025,Silverstone,R,VER,1,Red Bull Racing,26.0,2.0,INTERMEDIATE,15.0,True,104.304,32.365,43.372,28.567,10.0,1,True,False,True,45.0,8.5,17.91741935483871,23.578709677419354,True,False,False,False,False,True,105.654,88.86003991054397,16.79396008945602
2025,Silverstone,R,VER,1,Red Bull Racing,27.0,2.0,INTERMEDIATE,16.0,True,103.903,32.315,43.187,28.401,10.0,1,True,False,True,46.8,8.5,17.91741935483871,23.578709677419354,True,False,False,False,False,True,105.307,88.86003991054397,16.446960089456027
2025,Silverstone,R,VER,1,Red Bull Racing,28.0,2.0,INTERMEDIATE,17.0,True,104.243,32.313,43.301,28.629,10.0,1,True,False,True,48.6,8.5,17.91741935483871,23.578709677419354,True,False,False,False,False,True,105.701,88.86003991054397,16.84096008945602
2025,Silverstone,R,VER,1,Red Bull Racing,29.0,2.0,INTERMEDIATE,18.0,True,104.716,32.647,43.321,28.748,10.0,1,True,False,True,50.4,8.5,17.91741935483871,23.578709677419354,True,False,False,False,False,True,106.228,88.86003991054397,17.36796008945602
2025,Silverstone,R,VER,1,Red Bull Racing,30.0,2.0,INTERMEDIATE,19.0,True,104.721,32.507,43.399,28.815,10.0,1,True,False,True,52.2,8.5,17.91741935483871,23.578709677419354,True,False,False,False,False,True,106.287,88.86003991054397,17.42696008945603
2025,Silverstone,R,VER,1,Red Bull Racing,31.0,2.0,INTERMEDIATE,20.0,True,104.559,32.345,43.564,28.65,10.0,1,True,False,True,54.0,8.5,17.91741935483871,23.578709677419354,True,False,False,False,False,True,106.179,88.86003991054397,17.318960089456027
2025,Silverstone,R,VER,1,Red Bull Racing,32.0,2.0,INTERMEDIATE,21.0,True,104.511,32.555,43.556,28.4,10.0,1,True,False,True,55.8,8.5,17.91741935483871,23.578709677419354,True,False,False,False,False,True,106.185,88.86003991054397,17.324960089456027
2025,Silverstone,R,VER,1,Red Bull Racing,33.0,2.0,INTERMEDIATE,22.0,True,104.306,32.321,43.443,28.542,10.0,1,True,False,True,57.6,8.5,17.91741935483871,23.578709677419354,True,False,False,False,False,True,106.03399999999999,88.86003991054397,17.173960089456017
2025,Silverstone,R,VER,1,Red Bull Racing,34.0,2.0,INTERMEDIATE,23.0,True,103.923,32.325,43.352,28.246,9.0,1,True,False,True,59.4,8.5,17.91741935483871,23.578709677419354,True,False,False,False,False,True,105.705,88.86003991054397,16.844960089456023
2025,Silverstone,R,VER,1,Red Bull Racing,35.0,2.0,INTERMEDIATE,24.0,True,102.617,32.234,42.506,27.877,9.0,1,True,False,True,61.2,8.5,17.91741935483871,23.578709677419354,True,False,False,False,False,True,104.453,88.86003991054397,15.592960089456028
2025,Silverstone,R,VER,1,Red Bull Racing,36.0,2.0,INTERMEDIATE,25.0,True,101.924,32.072,42.122,27.73,9.0,1,True,False,True,63.0,8.5,17.91741935483871,23.578709677419354,True,False,False,False,False,True,103.81400000000001,88.86003991054397,14.953960089456032
2025,Silverstone,R,VER,1,Red Bull Racing,37.0,2.0,INTERMEDIATE,26.0,True,101.583,31.969,41.958,27.656,9.0,1,True,False,True,64.8,8.5,17.91741935483871,23.578709677419354,True,False,False,False,False,True,103.527,88.86003991054397,14.666960089456026
2025,Silverstone,R,VER,1,Red Bull Racing,38.0,2.0,INTERMEDIATE,27.0,True,101.19,31.967,41.824,27.399,8.0,1,True,False,True,66.60000000000001,8.5,17.91741935483871,23.578709677419354,True,False,False,False,False,True,103.188,88.86003991054397,14.327960089456028
2025,Silverstone,R,VER,1,Red Bull Racing,40.0,2.0,INTERMEDIATE,29.0,True,101.474,31.622,42.302,27.55,7.0,1,True,False,True,70.2,8.5,17.91741935483871,23.578709677419354,True,False,False,False,False,True,103.58,88.86003991054397,14.719960089456023
2025,Silverstone,R,VER,1,Red Bull Racing,45.0,3.0,MEDIUM,4.0,True,93.844,30.213,38.329,25.302,6.0,1,True,False,True,79.2,8.5,17.91741935483871,23.578709677419354,True,False,False,False,False,True,96.22,88.43880637152326,7.781193628476743
2025,Silverstone,R,VER,1,Red Bull Racing,46.0,3.0,MEDIUM,5.0,True,92.96,29.79,38.09,25.08,6.0,1,True,False,True,81.0,8.5,17.91741935483871,23.578709677419354,True,False,False,False,False,True,95.38999999999999,88.43880637152326,6.95119362847673
2025,Silverstone,R,VER,1,Red Bull Racing,47.0,3.0,MEDIUM,6.0,True,91.712,29.171,37.499,25.042,6.0,1,True,False,True,82.8,8.5,17.91741935483871,23.578709677419354,True,False,False,False,False,True,94.196,88.43880637152326,5.757193628476742
2025,Silverstone,R,VER,1,Red Bull Racing,48.0,3.0,MEDIUM,7.0,True,90.776,29.164,36.938,24.674,6.0,1,True,False,True,84.60000000000001,8.5,17.91741935483871,23.578709677419354,True,False,False,False,False,True,93.314,88.43880637152326,4.875193628476737
2025,Silverstone,R,VER,1,Red Bull Racing,49.0,3.0,MEDIUM,8.0,True,90.179,28.994,36.792,24.393,6.0,1,True,False,True,86.4,8.5,17.91741935483871,23.578709677419354,True,False,False,False,False,True,92.771,88.43880637152326,4.332193628476745
2025,Silverstone,R,VER,1,Red Bull Racing,50.0,3.0,MEDIUM,9.0,True,90.29,28.94,36.728,24.622,6.0,1,True,False,True,88.2,8.5,17.91741935483871,23.578709677419354,True,False,False,False,False,True,92.936,88.43880637152326,4.497193628476751
2025,Silverstone,R,VER,1,Red Bull Racing,51.0,3.0,MEDIUM,10.0,True,90.973,29.374,36.969,24.63,5.0,1,True,False,True,90.0,8.5,17.91741935483871,23.578709677419354,True,False,False,False,False,True,93.673,88.43880637152326,5.234193628476746
2025,Silverstone,R,VER,1,Red Bull Racing,52.0,3.0,MEDIUM,11.0,True,91.389,29.137,37.206,25.046,5.0,1,True,False,True,91.8,8.5,17.91741935483871,23.578709677419354,True,False,False,False,False,True,94.143,88.43880637152326,5.7041936284767445
2025,Silverstone,R,GAS,10,Alpine,8.0,1.0,INTERMEDIATE,8.0,True,106.083,32.684,43.237,30.162,5.0,1,True,False,True,12.6,8.5,17.91741935483871,23.578709677419354,True,False,False,False,False,True,106.461,88.86003991054397,17.600960089456024
2025,Silverstone,R,GAS,10,Alpine,9.0,1.0,INTERMEDIATE,9.0,True,107.962,33.078,44.273,30.611,5.0,1,True,False,True,14.4,8.5,17.91741935483871,23.578709677419354,True,False,False,False,False,True,108.394,88.86003991054397,19.53396008945603
2025,Silverstone,R,GAS,10,Alpine,10.0,1.0,INTERMEDIATE,10.0,True,108.953,33.314,45.153,30.486,6.0,1,True,False,True,16.2,8.5,17.91741935483871,23.578709677419354,True,False,False,False,False,True,109.43900000000001,88.86003991054397,20.578960089456032
2025,Silverstone,R,GAS,10,Alpine,23.0,2.0,INTERMEDIATE,12.0,True,105.583,33.284,43.81,28.489,5.0,1,True,False,True,39.6,8.5,17.91741935483871,23.578709677419354,True,False,False,False,False,True,106.771,88.86003991054397,17.910960089456026
2025,Silverstone,R,GAS,10,Alpine,24.0,2.0,INTERMEDIATE,13.0,True,104.631,32.684,43.191,28.756,5.0,1,True,False,True,41.4,8.5,17.91741935483871,23.578709677419354,True,False,False,False,False,True,105.873,88.86003991054397,17.01296008945603
2025,Silverstone,R,GAS,10,Alpine,25.0,2.0,INTERMEDIATE,14.0,True,104.204,32.597,43.234,28.373,5.0,1,True,False,True,43.2,8.5,17.91741935483871,23.578709677419354,True,False,False,False,False,True,105.5,88.86003991054397,16.639960089456025
2025,Silverstone,R,GAS,10,Alpine,26.0,2.0,INTERMEDIATE,15.0,True,104.244,32.554,43.314,28.376,5.0,1,True,False,True,45.0,8.5,17.91741935483871,23.578709677419354,True,False,False,False,False,True,105.594,88.86003991054397,16.73396008945602
2025,Silverstone,R,GAS,10,Alpine,27.0,2.0,INTERMEDIATE,16.0,True,103.205,32.301,42.728,28.176,5.0,1,True,False,True,46.8,8.5,17.91741935483871,23.578709677419354,True,False,False,False,False,True,104.609,88.86003991054397,15.74896008945602
2025,Silverstone,R,GAS,10,Alpine,28.0,2.0,INTERMEDIATE,17.0,True,103.575,32.286,42.741,28.548,5.0,1,True,False,True,48.6,8.5,17.91741935483871,23.578709677419354,True,False,False,False,False,True,105.033,88.86003991054397,16.172960089456026
2025,Silverstone,R,GAS,10,Alpine,29.0,2.0,INTERMEDIATE,18.0,True,104.969,32.435,43.131,29.403,6.0,1,True,False,True,50.4,8.5,17.91741935483871,23.578709677419354,True,False,False,False,False,True,106.481,88.86003991054397,17.62096008945602
2025,Silverstone,R,GAS,10,Alpine,30.0,2.0,INTERMEDIATE,19.0,True,105.061,33.004,43.384,28.673,6.0,1,True,False,True,52.2,8.5,17.91741935483871,23.578709677419354,True,False,False,False,False,True,106.62700000000001,88.86003991054397,17.766960089456035
2025,Silverstone,R,GAS,10,Alpine,31.0,2.0,INTERMEDIATE,20.0,True,104.504,32.532,43.23,28.742,6.0,1,True,False,True,54.0,8.5,17.91741935483871,23.578709677419354,True,False,False,False,False,True,106.12400000000001,88.86003991054397,17.263960089456035
2025,Silverstone,R,GAS,10,Alpine,32.0,2.0,INTERMEDIATE,21.0,True,104.368,32.737,43.133,28.498,6.0,1,True,False,True,55.8,8.5,17.91741935483871,23.578709677419354,True,False,False,False,False,True,106.042,88.86003991054397,17.181960089456027
2025,Silverstone,R,GAS,10,Alpine,33.0,2.0,INTERMEDIATE,22.0,True,105.205,32.758,43.464,28.983,6.0,1,True,False,True,57.6,8.5,17.91741935483871,23.578709677419354,True,False,False,False,False,True,106.93299999999999,88.86003991054397,18.072960089456018
2025,Silverstone,R,GAS,10,Alpine,34.0,2.0,INTERMEDIATE,23.0,True,104.227,32.636,43.19,28.401,6.0,1,True,False,True,59.4,8.5,17.91741935483871,23.578709677419354,True,False,False,False,False,True,106.009,88.86003991054397,17.148960089456025
2025,Silverstone,R,GAS,10,Alpine,35.0,2.0,INTERMEDIATE,24.0,True,102.768,32.404,42.301,28.063,6.0,1,True,False,True,61.2,8.5,17.91741935483871,23.578709677419354,True,False,False,False,False,True,104.604,88.86003991054397,15.743960089456024
2025,Silverstone,R,GAS,10,Alpine,36.0,2.0,INTERMEDIATE,25.0,True,102.42,32.278,42.114,28.028,6.0,1,True,False,True,63.0,8.5,17.91741935483871,23.578709677419354,True,False,False,False,False,True,104.31,88.86003991054397,15.449960089456027
2025,Silverstone,R,GAS,10,Alpine,37.0,2.0,INTERMEDIATE,26.0,True,101.825,32.184,41.807,27.834,6.0,1,True,False,True,64.8,8.5,17.91741935483871,23.578709677419354,True,False,False,False,False,True,103.769,88.86003991054397,14.90896008945603
2025,Silverstone,R,GAS,10,Alpine,38.0,2.0,INTERMEDIATE,27.0,True,102.926,32.458,42.461,28.007,7.0,1,True,False,True,66.60000000000001,8.5,17.91741935483871,23.578709677419354,True,False,False,False,False,True,104.924,88.86003991054397,16.06396008945603
2025,Silverstone,R,GAS,10,Alpine,45.0,3.0,MEDIUM,4.0,True,93.758,30.363,38.518,24.877,7.0,1,True,False,True,79.2,8.5,17.91741935483871,23.578709677419354,True,False,False,False,False,True,96.134,88.43880637152326,7.695193628476744
2025,Silverstone,R,GAS,10,Alpine,46.0,3.0,MEDIUM,5.0,True,92.701,29.897,37.893,24.911,7.0,1,True,False,True,81.0,8.5,17.91741935483871,23.578709677419354,True,False,False,False,False,True,95.131,88.43880637152326,6.692193628476744
2025,Silverstone,R,GAS,10,Alpine,47.0,3.0,MEDIUM,6.0,True,91.824,29.601,37.348,24.875,7.0,1,True,False,True,82.8,8.5,17.91741935483871,23.578709677419354,True,False,False,False,False,True,94.30799999999999,88.43880637152326,5.8691936284767365
2025,Silverstone,R,GAS,10,Alpine,48.0,3.0,MEDIUM,7.0,True,90.751,29.327,36.778,24.646,7.0,1,True,False,True,84.60000000000001,8.5,17.91741935483871,23.578709677419354,True,False,False,False,False,True,93.289,88.43880637152326,4.850193628476745
2025,Silverstone,R,GAS,10,Alpine,49.0,3.0,MEDIUM,8.0,True,90.759,29.209,36.861,24.689,7.0,1,True,False,True,86.4,8.5,17.91741935483871,23.578709677419354,True,False,False,False,False,True,93.351,88.43880637152326,4.912193628476743
2025,Silverstone,R,GAS,10,Alpine,50.0,3.0,MEDIUM,9.0,True,91.002,29.406,36.976,24.62,7.0,1,True,False,True,88.2,8.5,17.91741935483871,23.578709677419354,True,False,False,False,False,True,93.648,88.43880637152326,5.20919362847674
2025,Silverstone,R,GAS,10,Alpine,51.0,3.0,MEDIUM,10.0,True,91.465,29.447,37.356,24.662,7.0,1,True,False,True,90.0,8.5,17.91741935483871,23.578709677419354,True,False,False,False,False,True,94.165,88.43880637152326,5.72619362847675
2025,Silverstone,R,GAS,10,Alpine,52.0,3.0,MEDIUM,11.0,True,91.884,29.149,37.885,24.85,6.0,1,True,False,True,91.8,8.5,17.91741935483871,23.578709677419354,True,False,False,False,False,True,94.638,88.43880637152326,6.199193628476749
2025,Silverstone,R,ANT,12,Mercedes,8.0,2.0,HARD,6.0,True,105.576,33.574,39.634,32.368,14.0,1,True,False,True,12.6,8.5,17.91741935483871,23.578709677419354,True,False,False,False,False,True,105.954,88.854125131038,17.09987486896199
2025,Silverstone,R,ANT,12,Mercedes,11.0,3.0,INTERMEDIATE,2.0,True,108.439,33.719,44.749,29.971,15.0,1,True,False,True,18.0,8.5,17.91741935483871,23.578709677419354,True,False,False,False,False,True,108.979,88.86003991054397,20.118960089456024
2025,Silverstone,R,ANT,12,Mercedes,12.0,3.0,INTERMEDIATE,3.0,True,107.009,33.207,44.121,29.681,15.0,1,True,False,True,19.8,8.5,17.91741935483871,23.578709677419354,True,False,False,False,False,True,107.603,88.86003991054397,18.74296008945602
2025,Silverstone,R,ALO,14,Aston Martin,8.0,1.0,INTERMEDIATE,8.0,True,106.42,32.453,43.657,30.31,6.0,1,True,False,True,12.6,8.5,17.91741935483871,23.578709677419354,True,False,False,False,False,True,106.798,88.86003991054397,17.937960089456027
2025,Silverstone,R,ALO,14,Aston Martin,9.0,1.0,INTERMEDIATE,9.0,True,107.569,32.757,44.149,30.663,6.0,1,True,False,True,14.4,8.5,17.91741935483871,23.578709677419354,True,False,False,False,False,True,108.001,88.86003991054397,19.14096008945603
2025,Silverstone,R,ALO,14,Aston Martin,10.0,1.0,INTERMEDIATE,10.0,True,108.951,33.111,45.151,30.689,7.0,1,True,False,True,16.2,8.5,17.91741935483871,23.578709677419354,True,False,False,False,False,True,109.437,88.86003991054397,20.576960089456023
2025,Silverstone,R,ALO,14,Aston Martin,23.0,2.0,INTERMEDIATE,12.0,True,106.209,33.313,44.092,28.804,8.0,1,True,False,True,39.6,8.5,17.91741935483871,23.578709677419354,True,False,False,False,False,True,107.397,88.86003991054397,18.53696008945603
2025,Silverstone,R,ALO,14,Aston Martin,24.0,2.0,INTERMEDIATE,13.0,True,104.879,32.587,43.913,28.379,8.0,1,True,False,True,41.4,8.5,17.91741935483871,23.578709677419354,True,False,False,False,False,True,106.12100000000001,88.86003991054397,17.260960089456034
2025,Silverstone,R,ALO,14,Aston Martin,25.0,2.0,INTERMEDIATE,14.0,True,104.158,32.273,43.318,28.567,8.0,1,True,False,True,43.2,8.5,17.91741935483871,23.578709677419354,True,False,False,False,False,True,105.45400000000001,88.86003991054397,16.593960089456033
2025,Silverstone,R,ALO,14,Aston Martin,26.0,2.0,INTERMEDIATE,15.0,True,103.977,32.391,43.039,28.547,8.0,1,True,False,True,45.0,8.5,17.91741935483871,23.578709677419354,True,False,False,False,False,True,105.327,88.86003991054397,16.466960089456023
2025,Silverstone,R,ALO,14,Aston Martin,27.0,2.0,INTERMEDIATE,16.0,True,103.527,32.256,43.013,28.258,8.0,1,True,False,True,46.8,8.5,17.91741935483871,23.578709677419354,True,False,False,False,False,True,104.931,88.86003991054397,16.070960089456023
2025,Silverstone,R,ALO,14,Aston Martin,28.0,2.0,INTERMEDIATE,17.0,True,103.779,32.306,42.843,28.63,8.0,1,True,False,True,48.6,8.5,17.91741935483871,23.578709677419354,True,False,False,False,False,True,105.237,88.86003991054397,16.37696008945602
2025,Silverstone,R,ALO,14,Aston Martin,29.0,2.0,INTERMEDIATE,18.0,True,103.763,32.545,42.793,28.425,8.0,1,True,False,True,50.4,8.5,17.91741935483871,23.578709677419354,True,False,False,False,False,True,105.275,88.86003991054397,16.41496008945603
2025,Silverstone,R,ALO,14,Aston Martin,30.0,2.0,INTERMEDIATE,19.0,True,104.281,32.517,43.086,28.678,8.0,1,True,False,True,52.2,8.5,17.91741935483871,23.578709677419354,True,False,False,False,False,True,105.84700000000001,88.86003991054397,16.986960089456034
2025,Silverstone,R,ALO,14,Aston Martin,31.0,2.0,INTERMEDIATE,20.0,True,104.625,32.604,43.226,28.795,8.0,1,True,False,True,54.0,8.5,17.91741935483871,23.578709677419354,True,False,False,False,False,True,106.245,88.86003991054397,17.38496008945603
2025,Silverstone,R,ALO,14,Aston Martin,32.0,2.0,INTERMEDIATE,21.0,True,104.587,32.507,43.42,28.66,8.0,1,True,False,True,55.8,8.5,17.91741935483871,23.578709677419354,True,False,False,False,False,True,106.26100000000001,88.86003991054397,17.400960089456035
2025,Silverstone,R,ALO,14,Aston Martin,33.0,2.0,INTERMEDIATE,22.0,True,104.331,32.42,43.258,28.653,8.0,1,True,False,True,57.6,8.5,17.91741935483871,23.578709677419354,True,False,False,False,False,True,106.059,88.86003991054397,17.198960089456023
2025,Silverstone,R,ALO,14,Aston Martin,34.0,2.0,INTERMEDIATE,23.0,True,104.712,32.634,43.607,28.471,8.0,1,True,False,True,59.4,8.5,17.91741935483871,23.578709677419354,True,False,False,False,False,True,106.494,88.86003991054397,17.633960089456025
2025,Silverstone,R,ALO,14,Aston Martin,35.0,2.0,INTERMEDIATE,24.0,True,103.238,32.243,42.791,28.204,8.0,1,True,False,True,61.2,8.5,17.91741935483871,23.578709677419354,True,False,False,False,False,True,105.074,88.86003991054397,16.213960089456023
2025,Silverstone,R,ALO,14,Aston Martin,36.0,2.0,INTERMEDIATE,25.0,True,102.516,31.861,42.626,28.029,8.0,1,True,False,True,63.0,8.5,17.91741935483871,23.578709677419354,True,False,False,False,False,True,104.406,88.86003991054397,15.545960089456031
2025,Silverstone,R,ALO,14,Aston Martin,44.0,3.0,MEDIUM,8.0,False,93.635,30.306,38.54,24.789,8.0,1,True,False,True,77.4,8.5,17.91741935483871,23.578709677419354,True,False,False,False,False,True,95.95700000000001,88.43880637152326,7.518193628476752
2025,Silverstone,R,ALO,14,Aston Martin,45.0,3.0,MEDIUM,9.0,False,93.119,29.936,38.141,25.042,8.0,1,True,False,True,79.2,8.5,17.91741935483871,23.578709677419354,True,False,False,False,False,True,95.495,88.43880637152326,7.056193628476748
2025,Silverstone,R,ALO,14,Aston Martin,46.0,3.0,MEDIUM,10.0,False,92.4,29.843,37.713,24.844,8.0,1,True,False,True,81.0,8.5,17.91741935483871,23.578709677419354,True,False,False,False,False,True,94.83000000000001,88.43880637152326,6.391193628476756
2025,Silverstone,R,ALO,14,Aston Martin,47.0,3.0,MEDIUM,11.0,False,91.386,29.259,37.367,24.76,8.0,1,True,False,True,82.8,8.5,17.91741935483871,23.578709677419354,True,False,False,False,False,True,93.86999999999999,88.43880637152326,5.431193628476734
2025,Silverstone,R,ALO,14,Aston Martin,48.0,3.0,MEDIUM,12.0,False,90.669,29.114,36.968,24.587,8.0,1,True,False,True,84.60000000000001,8.5,17.91741935483871,23.578709677419354,True,False,False,False,False,True,93.207,88.43880637152326,4.7681936284767374
2025,Silverstone,R,ALO,14,Aston Martin,49.0,3.0,MEDIUM,13.0,False,90.353,29.047,36.638,24.668,8.0,1,True,False,True,86.4,8.5,17.91741935483871,23.578709677419354,True,False,False,False,False,True,92.945,88.43880637152326,4.506193628476737
2025,Silverstone,R,ALO,14,Aston Martin,50.0,3.0,MEDIUM,14.0,False,90.943,29.173,37.039,24.731,8.0,1,True,False,True,88.2,8.5,17.91741935483871,23.578709677419354,True,False,False,False,False,True,93.589,88.43880637152326,5.1501936284767424
2025,Silverstone,R,ALO,14,Aston Martin,51.0,3.0,MEDIUM,15.0,False,90.578,29.142,36.74,24.696,8.0,1,True,False,True,90.0,8.5,17.91741935483871,23.578709677419354,True,False,False,False,False,True,93.278,88.43880637152326,4.83919362847675
2025,Silverstone,R,ALO,14,Aston Martin,52.0,3.0,MEDIUM,16.0,False,92.745,29.31,38.607,24.828,9.0,1,True,False,True,91.8,8.5,17.91741935483871,23.578709677419354,True,False,False,False,False,True,95.49900000000001,88.43880637152326,7.060193628476753
2025,Silverstone,R,LEC,16,Ferrari,8.0,1.0,MEDIUM,8.0,True,104.73,32.95,39.59,32.19,15.0,1,True,False,True,12.6,8.5,17.91741935483871,23.578709677419354,True,False,False,False,False,True,105.108,88.43880637152326,16.669193628476748
2025,Silverstone,R,LEC,16,Ferrari,9.0,1.0,MEDIUM,9.0,True,100.941,32.265,39.013,29.663,15.0,1,True,False,True,14.4,8.5,17.91741935483871,23.578709677419354,True,False,False,False,False,True,101.373,88.43880637152326,12.934193628476748
2025,Silverstone,R,LEC,16,Ferrari,12.0,2.0,INTERMEDIATE,2.0,True,108.142,33.873,44.628,29.641,14.0,1,True,False,True,19.8,8.5,17.91741935483871,23.578709677419354,True,False,False,False,False,True,108.73599999999999,88.86003991054397,19.875960089456015
2025,Silverstone,R,LEC,16,Ferrari,23.0,2.0,INTERMEDIATE,13.0,True,106.291,33.438,43.916,28.937,12.0,1,True,False,True,39.6,8.5,17.91741935483871,23.578709677419354,True,False,False,False,False,True,107.479,88.86003991054397,18.618960089456024
2025,Silverstone,R,LEC,16,Ferrari,24.0,2.0,INTERMEDIATE,14.0,True,104.821,33.081,43.247,28.493,12.0,1,True,False,True,41.4,8.5,17.91741935483871,23.578709677419354,True,False,False,False,False,True,106.063,88.86003991054397,17.202960089456028
2025,Silverstone,R,LEC,16,Ferrari,25.0,2.0,INTERMEDIATE,15.0,True,104.251,32.937,42.836,28.478,12.0,1,True,False,True,43.2,8.5,17.91741935483871,23.578709677419354,True,False,False,False,False,True,105.54700000000001,88.86003991054397,16.686960089456036
2025,Silverstone,R,LEC,16,Ferrari,26.0,2.0,INTERMEDIATE,16.0,True,104.13,32.852,43.059,28.219,12.0,1,True,False,True,45.0,8.5,17.91741935483871,23.578709677419354,True,False,False,False,False,True,105.47999999999999,88.86003991054397,16.619960089456015
2025,Silverstone,R,LEC,16,Ferrari,27.0,2.0,INTERMEDIATE,17.0,True,103.878,32.653,42.684,28.541,12.0,1,True,False,True,46.8,8.5,17.91741935483871,23.578709677419354,True,False,False,False,False,True,105.282,88.86003991054397,16.42196008945602
2025,Silverstone,R,LEC,16,Ferrari,28.0,2.0,INTERMEDIATE,18.0,True,104.728,32.902,42.901,28.925,12.0,1,True,False,True,48.6,8.5,17.91741935483871,23.578709677419354,True,False,False,False,False,True,106.18599999999999,88.86003991054397,17.325960089456018
2025,Silverstone,R,LEC,16,Ferrari,29.0,2.0,INTERMEDIATE,19.0,True,104.472,32.468,43.197,28.807,12.0,1,True,False,True,50.4,8.5,17.91741935483871,23.578709677419354,True,False,False,False,False,True,105.984,88.86003991054397,17.12396008945602
2025,Silverstone,R,LEC,16,Ferrari,30.0,2.0,INTERMEDIATE,20.0,True,104.511,32.605,43.199,28.707,12.0,1,True,False,True,52.2,8.5,17.91741935483871,23.578709677419354,True,False,False,False,False,True,106.077,88.86003991054397,17.216960089456023
2025,Silverstone,R,LEC,16,Ferrari,31.0,2.0,INTERMEDIATE,21.0,True,104.832,32.632,43.447,28.753,12.0,1,True,False,True,54.0,8.5,17.91741935483871,23.578709677419354,True,False,False,False,False,True,106.452,88.86003991054397,17.591960089456023
2025,Silverstone,R,LEC,16,Ferrari,32.0,2.0,INTERMEDIATE,22.0,True,105.187,32.654,44.06,28.473,12.0,1,True,False,True,55.8,8.5,17.91741935483871,23.578709677419354,True,False,False,False,False,True,106.861,88.86003991054397,18.00096008945603
2025,Silverstone,R,LEC,16,Ferrari,33.0,2.0,INTERMEDIATE,23.0,True,104.096,32.469,43.213,28.414,12.0,1,True,False,True,57.6,8.5,17.91741935483871,23.578709677419354,True,False,False,False,False,True,105.824,88.86003991054397,16.963960089456023
2025,Silverstone,R,LEC,16,Ferrari,34.0,2.0,INTERMEDIATE,24.0,True,104.024,32.289,43.087,28.648,12.0,1,True,False,True,59.4,8.5,17.91741935483871,23.578709677419354,True,False,False,False,False,True,105.806,88.86003991054397,16.945960089456023
2025,Silverstone,R,LEC,16,Ferrari,35.0,2.0,INTERMEDIATE,25.0,True,103.415,32.389,42.702,28.324,11.0,1,True,False,True,61.2,8.5,17.91741935483871,23.578709677419354,True,False,False,False,False,True,105.251,88.86003991054397,16.39096008945603
2025,Silverstone,R,LEC,16,Ferrari,36.0,2.0,INTERMEDIATE,26.0,True,102.957,31.923,42.583,28.451,11.0,1,True,False,True,63.0,8.5,17.91741935483871,23.578709677419354,True,False,False,False,False,True,104.847,88.86003991054397,15.98696008945602
2025,Silverstone,R,LEC,16,Ferrari,37.0,2.0,INTERMEDIATE,27.0,True,102.994,31.982,42.887,28.125,11.0,1,True,False,True,64.8,8.5,17.91741935483871,23.578709677419354,True,False,False,False,False,True,104.938,88.86003991054397,16.077960089456028
2025,Silverstone,R,LEC,16,Ferrari,38.0,2.0,INTERMEDIATE,28.0,True,102.457,32.063,42.583,27.811,10.0,1,True,False,True,66.60000000000001,8.5,17.91741935483871,23.578709677419354,True,False,False,False,False,True,104.455,88.86003991054397,15.594960089456023
2025,Silverstone,R,LEC,16,Ferrari,40.0,2.0,INTERMEDIATE,30.0,True,99.633,31.667,41.057,26.909,8.0,1,True,False,True,70.2,8.5,17.91741935483871,23.578709677419354,True,False,False,False,False,True,101.73899999999999,88.86003991054397,12.878960089456015
2025,Silverstone,R,LEC,16,Ferrari,41.0,2.0,INTERMEDIATE,31.0,True,99.616,31.544,40.989,27.083,8.0,1,True,False,True,72.0,8.5,17.91741935483871,23.578709677419354,True,False,False,False,False,True,101.776,88.86003991054397,12.915960089456021
2025,Silverstone,R,LEC,16,Ferrari,45.0,3.0,SOFT,6.0,False,93.731,30.61,37.964,25.157,14.0,1,True,False,True,79.2,8.5,17.91741935483871,23.578709677419354,True,False,False,False,False,True,96.107,89.28718822906774,6.819811770932262
2025,Silverstone,R,LEC,16,Ferrari,46.0,3.0,SOFT,7.0,False,91.961,29.567,37.446,24.948,14.0,1,True,False,True,81.0,8.5,17.91741935483871,23.578709677419354,True,False,False,False,False,True,94.39099999999999,89.28718822906774,5.1038117709322535
2025,Silverstone,R,LEC,16,Ferrari,47.0,3.0,SOFT,8.0,False,91.557,29.433,37.366,24.758,14.0,1,True,False,True,82.8,8.5,17.91741935483871,23.578709677419354,True,False,False,False,False,True,94.041,89.28718822906774,4.753811770932259
2025,Silverstone,R,LEC,16,Ferrari,48.0,3.0,SOFT,9.0,False,91.274,29.254,37.364,24.656,14.0,1,True,False,True,84.60000000000001,8.5,17.91741935483871,23.578709677419354,True,False,False,False,False,True,93.812,89.28718822906774,4.52481177093226
2025,Silverstone,R,LEC,16,Ferrari,49.0,3.0,SOFT,10.0,False,91.17,29.197,37.126,24.847,14.0,1,True,False,True,86.4,8.5,17.91741935483871,23.578709677419354,True,False,False,False,False,True,93.762,89.28718822906774,4.474811770932263
2025,Silverstone,R,LEC,16,Ferrari,50.0,3.0,SOFT,11.0,False,90.819,29.096,37.067,24.656,14.0,1,True,False,True,88.2,8.5,17.91741935483871,23.578709677419354,True,False,False,False,False,True,93.465,89.28718822906774,4.177811770932266
2025,Silverstone,R,LEC,16,Ferrari,51.0,3.0,SOFT,12.0,False,91.24,29.156,37.255,24.829,14.0,1,True,False,True,90.0,8.5,17.91741935483871,23.578709677419354,True,False,False,False,False,True,93.94,89.28718822906774,4.65281177093226
2025,Silverstone,R,LEC,16,Ferrari,52.0,3.0,SOFT,13.0,False,91.629,29.156,37.229,25.244,14.0,1,True,False,True,91.8,8.5,17.91741935483871,23.578709677419354,True,False,False,False,False,True,94.38300000000001,89.28718822906774,5.095811770932272
2025,Silverstone,R,STR,18,Aston Martin,8.0,2.0,SOFT,2.0,True,103.353,32.507,39.439,31.407,12.0,1,True,False,True,12.6,8.5,17.91741935483871,23.578709677419354,True,False,False,False,False,True,103.731,89.28718822906774,14.443811770932257
2025,Silverstone,R,STR,18,Aston Martin,9.0,2.0,SOFT,3.0,True,104.912,32.024,41.072,31.816,11.0,1,True,False,True,14.4,8.5,17.91741935483871,23.578709677419354,True,False,False,False,False,True,105.34400000000001,89.28718822906774,16.05681177093227
2025,Silverstone,R,STR,18,Aston Martin,12.0,3.0,INTERMEDIATE,2.0,True,107.154,33.005,45.064,29.085,5.0,1,True,False,True,19.8,8.5,17.91741935483871,23.578709677419354,True,False,False,False,False,True,107.74799999999999,88.86003991054397,18.887960089456016
2025,Silverstone,R,STR,18,Aston Martin,23.0,3.0,INTERMEDIATE,13.0,True,104.958,33.21,43.659,28.089,3.0,1,True,False,True,39.6,8.5,17.91741935483871,23.578709677419354,True,False,False,False,False,True,106.146,88.86003991054397,17.285960089456026
2025,Silverstone,R,STR,18,Aston Martin,24.0,3.0,INTERMEDIATE,14.0,True,103.673,32.676,42.831,28.166,3.0,1,True,False,True,41.4,8.5,17.91741935483871,23.578709677419354,True,False,False,False,False,True,104.915,88.86003991054397,16.05496008945603
2025,Silverstone,R,STR,18,Aston Martin,25.0,3.0,INTERMEDIATE,15.0,True,103.667,32.622,42.962,28.083,3.0,1,True,False,True,43.2,8.5,17.91741935483871,23.578709677419354,True,False,False,False,False,True,104.96300000000001,88.86003991054397,16.102960089456033
2025,Silverstone,R,STR,18,Aston Martin,26.0,3.0,INTERMEDIATE,16.0,True,103.525,32.267,43.134,28.124,3.0,1,True,False,True,45.0,8.5,17.91741935483871,23.578709677419354,True,False,False,False,False,True,104.875,88.86003991054397,16.014960089456025
2025,Silverstone,R,STR,18,Aston Martin,27.0,3.0,INTERMEDIATE,17.0,True,103.329,32.481,42.814,28.034,3.0,1,True,False,True,46.8,8.5,17.91741935483871,23.578709677419354,True,False,False,False,False,True,104.73299999999999,88.86003991054397,15.872960089456015
2025,Silverstone,R,STR,18,Aston Martin,28.0,3.0,INTERMEDIATE,18.0,True,103.656,32.5,42.979,28.177,3.0,1,True,False,True,48.6,8.5,17.91741935483871,23.578709677419354,True,False,False,False,False,True,105.114,88.86003991054397,16.25396008945603
2025,Silverstone,R,STR,18,Aston Martin,29.0,3.0,INTERMEDIATE,19.0,True,103.467,32.49,42.786,28.191,3.0,1,True,False,True,50.4,8.5,17.91741935483871,23.578709677419354,True,False,False,False,False,True,104.979,88.86003991054397,16.118960089456024
2025,Silverstone,R,STR,18,Aston Martin,30.0,3.0,INTERMEDIATE,20.0,True,104.094,32.575,43.008,28.511,3.0,1,True,False,True,52.2,8.5,17.91741935483871,23.578709677419354,True,False,False,False,False,True,105.66,88.86003991054397,16.79996008945602
2025,Silverstone,R,STR,18,Aston Martin,31.0,3.0,INTERMEDIATE,21.0,True,104.096,32.686,42.968,28.442,3.0,1,True,False,True,54.0,8.5,17.91741935483871,23.578709677419354,True,False,False,False,False,True,105.71600000000001,88.86003991054397,16.855960089456033
2025,Silverstone,R,STR,18,Aston Martin,32.0,3.0,INTERMEDIATE,22.0,True,104.277,32.418,43.271,28.588,3.0,1,True,False,True,55.8,8.5,17.91741935483871,23.578709677419354,True,False,False,False,False,True,105.95100000000001,88.86003991054397,17.090960089456033
2025,Silverstone,R,STR,18,Aston Martin,33.0,3.0,INTERMEDIATE,23.0,True,103.803,32.507,42.953,28.343,3.0,1,True,False,True,57.6,8.5,17.91741935483871,23.578709677419354,True,False,False,False,False,True,105.53099999999999,88.86003991054397,16.670960089456017
2025,Silverstone,R,STR,18,Aston Martin,34.0,3.0,INTERMEDIATE,24.0,True,104.881,32.617,43.077,29.187,4.0,1,True,False,True,59.4,8.5,17.91741935483871,23.578709677419354,True,False,False,False,False,True,106.663,88.86003991054397,17.802960089456022
2025,Silverstone,R,STR,18,Aston Martin,35.0,3.0,INTERMEDIATE,25.0,True,105.225,33.312,43.641,28.272,5.0,1,True,False,True,61.2,8.5,17.91741935483871,23.578709677419354,True,False,False,False,False,True,107.06099999999999,88.86003991054397,18.200960089456018
2025,Silverstone,R,STR,18,Aston Martin,36.0,3.0,INTERMEDIATE,26.0,True,103.139,32.367,42.784,27.988,5.0,1,True,False,True,63.0,8.5,17.91741935483871,23.578709677419354,True,False,False,False,False,True,105.029,88.86003991054397,16.16896008945602
2025,Silverstone,R,STR,18,Aston Martin,37.0,3.0,INTERMEDIATE,27.0,True,102.74,32.246,42.524,27.97,5.0,1,True,False,True,64.8,8.5,17.91741935483871,23.578709677419354,True,False,False,False,False,True,104.684,88.86003991054397,15.823960089456023
2025,Silverstone,R,STR,18,Aston Martin,38.0,3.0,INTERMEDIATE,28.0,True,102.379,32.257,42.32,27.802,5.0,1,True,False,True,66.60000000000001,8.5,17.91741935483871,23.578709677419354,True,False,False,False,False,True,104.37700000000001,88.86003991054397,15.516960089456035
2025,Silverstone,R,STR,18,Aston Martin,45.0,4.0,SOFT,4.0,True,94.035,29.994,38.537,25.504,5.0,1,True,False,True,79.2,8.5,17.91741935483871,23.578709677419354,True,False,False,False,False,True,96.411,89.28718822906774,7.123811770932264
2025,Silverstone,R,STR,18,Aston Martin,46.0,4.0,SOFT,5.0,True,93.059,29.665,37.888,25.506,5.0,1,True,False,True,81.0,8.5,17.91741935483871,23.578709677419354,True,False,False,False,False,True,95.489,89.28718822906774,6.201811770932267
2025,Silverstone,R,STR,18,Aston Martin,47.0,4.0,SOFT,6.0,True,92.273,29.462,37.721,25.09,5.0,1,True,False,True,82.8,8.5,17.91741935483871,23.578709677419354,True,False,False,False,False,True,94.75699999999999,89.28718822906774,5.469811770932253
2025,Silverstone,R,STR,18,Aston Martin,48.0,4.0,SOFT,7.0,True,92.132,29.454,37.717,24.961,5.0,1,True,False,True,84.60000000000001,8.5,17.91741935483871,23.578709677419354,True,False,False,False,False,True,94.67,89.28718822906774,5.382811770932264
2025,Silverstone,R,STR,18,Aston Martin,49.0,4.0,SOFT,8.0,True,93.17,29.103,39.179,24.888,5.0,1,True,False,True,86.4,8.5,17.91741935483871,23.578709677419354,True,False,False,False,False,True,95.762,89.28718822906774,6.474811770932263
2025,Silverstone,R,STR,18,Aston Martin,50.0,4.0,SOFT,9.0,True,92.088,29.678,37.556,24.854,5.0,1,True,False,True,88.2,8.5,17.91741935483871,23.578709677419354,True,False,False,False,False,True,94.734,89.28718822906774,5.446811770932257
2025,Silverstone,R,STR,18,Aston Martin,51.0,4.0,SOFT,10.0,True,93.653,30.534,38.198,24.921,6.0,1,True,False,True,90.0,8.5,17.91741935483871,23.578709677419354,True,False,False,False,False,True,96.35300000000001,89.28718822906774,7.065811770932271
2025,Silverstone,R,STR,18,Aston Martin,52.0,4.0,SOFT,11.0,True,93.247,29.46,37.905,25.882,7.0,1,True,False,True,91.8,8.5,17.91741935483871,23.578709677419354,True,False,False,False,False,True,96.001,89.28718822906774,6.713811770932267
2025,Silverstone,R,TSU,22,Red Bull Racing,8.0,1.0,INTERMEDIATE,8.0,True,106.957,32.643,44.022,30.292,9.0,1,True,False,True,12.6,8.5,17.91741935483871,23.578709677419354,True,False,False,False,False,True,107.335,88.86003991054397,18.47496008945602
2025,Silverstone,R,TSU,22,Red Bull Racing,9.0,1.0,INTERMEDIATE,9.0,True,109.0,33.264,44.752,30.984,10.0,1,True,False,True,14.4,8.5,17.91741935483871,23.578709677419354,True,False,False,False,False,True,109.432,88.86003991054397,20.571960089456027
2025,Silverstone,R,TSU,22,Red Bull Racing,10.0,1.0,INTERMEDIATE,10.0,True,110.083,33.442,45.635,31.006,11.0,1,True,False,True,16.2,8.5,17.91741935483871,23.578709677419354,True,False,False,False,False,True,110.569,88.86003991054397,21.708960089456028
2025,Silverstone,R,TSU,22,Red Bull Racing,23.0,2.0,INTERMEDIATE,12.0,True,107.784,33.964,44.983,28.837,14.0,1,True,False,True,39.6,8.5,17.91741935483871,23.578709677419354,True,False,False,False,False,True,108.97200000000001,88.86003991054397,20.111960089456034
2025,Silverstone,R,TSU,22,Red Bull Racing,24.0,2.0,INTERMEDIATE,13.0,True,105.467,32.739,43.716,29.012,14.0,1,True,False,True,41.4,8.5,17.91741935483871,23.578709677419354,True,False,False,False,False,True,106.709,88.86003991054397,17.84896008945603
2025,Silverstone,R,TSU,22,Red Bull Racing,25.0,2.0,INTERMEDIATE,14.0,True,104.662,32.708,43.416,28.538,14.0,1,True,False,True,43.2,8.5,17.91741935483871,23.578709677419354,True,False,False,False,False,True,105.95800000000001,88.86003991054397,17.097960089456038
2025,Silverstone,R,TSU,22,Red Bull Racing,26.0,2.0,INTERMEDIATE,15.0,True,106.003,33.06,44.474,28.469,15.0,1,True,False,True,45.0,8.5,17.91741935483871,23.578709677419354,True,False,False,False,False,True,107.353,88.86003991054397,18.49296008945602
2025,Silverstone,R,TSU,22,Red Bull Racing,27.0,2.0,INTERMEDIATE,16.0,True,104.288,32.719,43.226,28.343,15.0,1,True,False,True,46.8,8.5,17.91741935483871,23.578709677419354,True,False,False,False,False,True,105.692,88.86003991054397,16.831960089456018
2025,Silverstone,R,TSU,22,Red Bull Racing,28.0,2.0,INTERMEDIATE,17.0,True,105.522,32.676,43.988,28.858,15.0,1,True,False,True,48.6,8.5,17.91741935483871,23.578709677419354,True,False,False,False,False,True,106.98,88.86003991054397,18.11996008945603
2025,Silverstone,R,TSU,22,Red Bull Racing,29.0,2.0,INTERMEDIATE,18.0,True,104.551,32.757,43.367,28.427,15.0,1,True,False,True,50.4,8.5,17.91741935483871,23.578709677419354,True,False,False,False,False,True,106.063,88.86003991054397,17.202960089456028
2025,Silverstone,R,TSU,22,Red Bull Racing,30.0,2.0,INTERMEDIATE,19.0,True,104.388,32.609,43.298,28.481,15.0,1,True,False,True,52.2,8.5,17.91741935483871,23.578709677419354,True,False,False,False,False,True,105.95400000000001,88.86003991054397,17.093960089456033
2025,Silverstone,R,TSU,22,Red Bull Racing,31.0,2.0,INTERMEDIATE,20.0,True,104.794,32.721,43.593,28.48,15.0,1,True,False,True,54.0,8.5,17.91741935483871,23.578709677419354,True,False,False,False,False,True,106.414,88.86003991054397,17.553960089456027
2025,Silverstone,R,TSU,22,Red Bull Racing,32.0,2.0,INTERMEDIATE,21.0,True,104.939,32.944,43.635,28.36,15.0,1,True,False,True,55.8,8.5,17.91741935483871,23.578709677419354,True,False,False,False,False,True,106.613,88.86003991054397,17.752960089456025
2025,Silverstone,R,TSU,22,Red Bull Racing,33.0,2.0,INTERMEDIATE,22.0,True,105.663,32.944,43.942,28.777,15.0,1,True,False,True,57.6,8.5,17.91741935483871,23.578709677419354,True,False,False,False,False,True,107.39099999999999,88.86003991054397,18.530960089456016
2025,Silverstone,R,TSU,22,Red Bull Racing,34.0,2.0,INTERMEDIATE,23.0,True,105.52,33.002,43.658,28.86,15.0,1,True,False,True,59.4,8.5,17.91741935483871,23.578709677419354,True,False,False,False,False,True,107.30199999999999,88.86003991054397,18.441960089456018
2025,Silverstone,R,TSU,22,Red Bull Racing,35.0,2.0,INTERMEDIATE,24.0,True,105.239,32.838,43.635,28.766,15.0,1,True,False,True,61.2,8.5,17.91741935483871,23.578709677419354,True,False,False,False,False,True,107.075,88.86003991054397,18.214960089456028
2025,Silverstone,R,TSU,22,Red Bull Racing,36.0,2.0,INTERMEDIATE,25.0,True,104.526,32.837,43.118,28.571,15.0,1,True,False,True,63.0,8.5,17.91741935483871,23.578709677419354,True,False,False,False,False,True,106.416,88.86003991054397,17.555960089456022
2025,Silverstone,R,TSU,22,Red Bull Racing,37.0,2.0,INTERMEDIATE,26.0,True,104.616,32.927,43.159,28.53,15.0,1,True,False,True,64.8,8.5,17.91741935483871,23.578709677419354,True,False,False,False,False,True,106.56,88.86003991054397,17.699960089456027
2025,Silverstone,R,TSU,22,Red Bull Racing,38.0,2.0,INTERMEDIATE,27.0,True,104.811,33.066,43.512,28.233,14.0,1,True,False,True,66.60000000000001,8.5,17.91741935483871,23.578709677419354,True,False,False,False,False,True,106.80900000000001,88.86003991054397,17.948960089456037
2025,Silverstone,R,TSU,22,Red Bull Racing,40.0,2.0,INTERMEDIATE,29.0,True,104.432,32.755,43.168,28.509,13.0,1,True,False,True,70.2,8.5,17.91741935483871,23.578709677419354,True,False,False,False,False,True,106.538,88.86003991054397,17.677960089456022
2025,Silverstone,R,TSU,22,Red Bull Racing,45.0,3.0,MEDIUM,4.0,True,95.637,29.941,39.91,25.786,15.0,1,True,False,True,79.2,8.5,17.91741935483871,23.578709677419354,True,False,False,False,False,True,98.013,88.43880637152326,9.574193628476749
2025,Silverstone,R,TSU,22,Red Bull Racing,46.0,3.0,MEDIUM,5.0,True,94.49,29.724,39.201,25.565,15.0,1,True,False,True,81.0,8.5,17.91741935483871,23.578709677419354,True,False,False,False,False,True,96.91999999999999,88.43880637152326,8.481193628476731
2025,Silverstone,R,TSU,22,Red Bull Racing,47.0,3.0,MEDIUM,6.0,True,92.976,29.235,38.466,25.275,15.0,1,True,False,True,82.8,8.5,17.91741935483871,23.578709677419354,True,False,False,False,False,True,95.46,88.43880637152326,7.021193628476738
2025,Silverstone,R,TSU,22,Red Bull Racing,48.0,3.0,MEDIUM,7.0,True,91.665,28.964,37.779,24.922,15.0,1,True,False,True,84.60000000000001,8.5,17.91741935483871,23.578709677419354,True,False,False,False,False,True,94.203,88.43880637152326,5.764193628476747
2025,Silverstone,R,TSU,22,Red Bull Racing,49.0,3.0,MEDIUM,8.0,True,90.873,28.841,37.311,24.721,15.0,1,True,False,True,86.4,8.5,17.91741935483871,23.578709677419354,True,False,False,False,False,True,93.465,88.43880637152326,5.026193628476747
2025,Silverstone,R,TSU,22,Red Bull Racing,50.0,3.0,MEDIUM,9.0,True,91.649,29.075,37.605,24.969,15.0,1,True,False,True,88.2,8.5,17.91741935483871,23.578709677419354,True,False,False,False,False,True,94.295,88.43880637152326,5.8561936284767455
2025,Silverstone,R,TSU,22,Red Bull Racing,51.0,3.0,MEDIUM,10.0,True,91.565,29.104,37.398,25.063,15.0,1,True,False,True,90.0,8.5,17.91741935483871,23.578709677419354,True,False,False,False,False,True,94.265,88.43880637152326,5.826193628476744
2025,Silverstone,R,ALB,23,Williams,8.0,1.0,INTERMEDIATE,8.0,True,106.496,32.551,43.511,30.434,8.0,1,True,False,True,12.6,8.5,17.91741935483871,23.578709677419354,True,False,False,False,False,True,106.874,88.86003991054397,18.01396008945602
2025,Silverstone,R,ALB,23,Williams,9.0,1.0,INTERMEDIATE,9.0,True,108.888,33.399,44.888,30.601,9.0,1,True,False,True,14.4,8.5,17.91741935483871,23.578709677419354,True,False,False,False,False,True,109.32000000000001,88.86003991054397,20.459960089456033
2025,Silverstone,R,ALB,23,Williams,10.0,1.0,INTERMEDIATE,10.0,True,109.218,33.367,45.322,30.529,9.0,1,True,False,True,16.2,8.5,17.91741935483871,23.578709677419354,True,False,False,False,False,True,109.70400000000001,88.86003991054397,20.843960089456033
2025,Silverstone,R,ALB,23,Williams,11.0,1.0,INTERMEDIATE,11.0,True,111.991,33.505,47.734,30.752,8.0,1,True,False,True,18.0,8.5,17.91741935483871,23.578709677419354,True,False,False,False,False,True,112.531,88.86003991054397,23.67096008945603
2025,Silverstone,R,ALB,23,Williams,23.0,2.0,INTERMEDIATE,11.0,True,106.294,33.421,44.013,28.86,11.0,1,True,False,True,39.6,8.5,17.91741935483871,23.578709677419354,True,False,False,False,False,True,107.482,88.86003991054397,18.621960089456024
2025,Silverstone,R,ALB,23,Williams,24.0,2.0,INTERMEDIATE,12.0,True,104.946,32.786,43.512,28.648,11.0,1,True,False,True,41.4,8.5,17.91741935483871,23.578709677419354,True,False,False,False,False,True,106.188,88.86003991054397,17.327960089456028
2025,Silverstone,R,ALB,23,Williams,25.0,2.0,INTERMEDIATE,13.0,True,104.01,32.533,43.11,28.367,11.0,1,True,False,True,43.2,8.5,17.91741935483871,23.578709677419354,True,False,False,False,False,True,105.30600000000001,88.86003991054397,16.445960089456037
2025,Silverstone,R,ALB,23,Williams,26.0,2.0,INTERMEDIATE,14.0,True,104.357,32.748,43.096,28.513,11.0,1,True,False,True,45.0,8.5,17.91741935483871,23.578709677419354,True,False,False,False,False,True,105.707,88.86003991054397,16.84696008945602
2025,Silverstone,R,ALB,23,Williams,27.0,2.0,INTERMEDIATE,15.0,True,104.082,32.502,43.084,28.496,11.0,1,True,False,True,46.8,8.5,17.91741935483871,23.578709677419354,True,False,False,False,False,True,105.48599999999999,88.86003991054397,16.625960089456015
2025,Silverstone,R,ALB,23,Williams,28.0,2.0,INTERMEDIATE,16.0,True,104.367,32.586,43.132,28.649,11.0,1,True,False,True,48.6,8.5,17.91741935483871,23.578709677419354,True,False,False,False,False,True,105.825,88.86003991054397,16.964960089456028
2025,Silverstone,R,ALB,23,Williams,29.0,2.0,INTERMEDIATE,17.0,True,104.591,32.552,43.239,28.8,11.0,1,True,False,True,50.4,8.5,17.91741935483871,23.578709677419354,True,False,False,False,False,True,106.103,88.86003991054397,17.24296008945602
2025,Silverstone,R,ALB,23,Williams,30.0,2.0,INTERMEDIATE,18.0,True,104.618,32.677,43.093,28.848,11.0,1,True,False,True,52.2,8.5,17.91741935483871,23.578709677419354,True,False,False,False,False,True,106.184,88.86003991054397,17.323960089456023
2025,Silverstone,R,ALB,23,Williams,31.0,2.0,INTERMEDIATE,19.0,True,104.761,32.5,43.452,28.809,11.0,1,True,False,True,54.0,8.5,17.91741935483871,23.578709677419354,True,False,False,False,False,True,106.381,88.86003991054397,17.520960089456025
2025,Silverstone,R,ALB,23,Williams,32.0,2.0,INTERMEDIATE,20.0,True,105.126,32.672,43.841,28.613,11.0,1,True,False,True,55.8,8.5,17.91741935483871,23.578709677419354,True,False,False,False,False,True,106.80000000000001,88.86003991054397,17.939960089456036
2025,Silverstone,R,ALB,23,Williams,33.0,2.0,INTERMEDIATE,21.0,True,104.063,32.491,43.087,28.485,11.0,1,True,False,True,57.6,8.5,17.91741935483871,23.578709677419354,True,False,False,False,False,True,105.791,88.86003991054397,16.930960089456022
2025,Silverstone,R,ALB,23,Williams,34.0,2.0,INTERMEDIATE,22.0,True,104.29,32.282,43.22,28.788,11.0,1,True,False,True,59.4,8.5,17.91741935483871,23.578709677419354,True,False,False,False,False,True,106.072,88.86003991054397,17.211960089456028
2025,Silverstone,R,ALB,23,Williams,35.0,2.0,INTERMEDIATE,23.0,True,105.664,33.615,43.41,28.639,12.0,1,True,False,True,61.2,8.5,17.91741935483871,23.578709677419354,True,False,False,False,False,True,107.5,88.86003991054397,18.639960089456025
2025,Silverstone,R,ALB,23,Williams,36.0,2.0,INTERMEDIATE,24.0,True,102.965,32.306,42.473,28.186,12.0,1,True,False,True,63.0,8.5,17.91741935483871,23.578709677419354,True,False,False,False,False,True,104.855,88.86003991054397,15.994960089456029
2025,Silverstone,R,ALB,23,Williams,37.0,2.0,INTERMEDIATE,25.0,True,102.684,32.181,42.431,28.072,12.0,1,True,False,True,64.8,8.5,17.91741935483871,23.578709677419354,True,False,False,False,False,True,104.628,88.86003991054397,15.767960089456025
2025,Silverstone,R,ALB,23,Williams,38.0,2.0,INTERMEDIATE,26.0,True,102.667,32.366,42.202,28.099,11.0,1,True,False,True,66.60000000000001,8.5,17.91741935483871,23.578709677419354,True,False,False,False,False,True,104.665,88.86003991054397,15.804960089456031
2025,Silverstone,R,ALB,23,Williams,40.0,2.0,INTERMEDIATE,28.0,True,102.225,32.095,42.273,27.857,10.0,1,True,False,True,70.2,8.5,17.91741935483871,23.578709677419354,True,False,False,False,False,True,104.33099999999999,88.86003991054397,15.470960089456014
2025,Silverstone,R,ALB,23,Williams,41.0,2.0,INTERMEDIATE,29.0,True,101.5,31.955,42.108,27.437,11.0,1,True,False,True,72.0,8.5,17.91741935483871,23.578709677419354,True,False,False,False,False,True,103.66,88.86003991054397,14.799960089456022
2025,Silverstone,R,ALB,23,Williams,44.0,3.0,MEDIUM,2.0,True,95.273,30.574,38.965,25.734,9.0,1,True,False,True,77.4,8.5,17.91741935483871,23.578709677419354,True,False,False,False,False,True,97.595,88.43880637152326,9.156193628476743
2025,Silverstone,R,ALB,23,Williams,45.0,3.0,MEDIUM,3.0,True,94.663,30.107,39.529,25.027,9.0,1,True,False,True,79.2,8.5,17.91741935483871,23.578709677419354,True,False,False,False,False,True,97.039,88.43880637152326,8.600193628476745
2025,Silverstone,R,ALB,23,Williams,46.0,3.0,MEDIUM,4.0,True,92.681,29.639,38.122,24.92,9.0,1,True,False,True,81.0,8.5,17.91741935483871,23.578709677419354,True,False,False,False,False,True,95.11099999999999,88.43880637152326,6.672193628476734
2025,Silverstone,R,ALB,23,Williams,47.0,3.0,MEDIUM,5.0,True,91.309,28.994,37.597,24.718,9.0,1,True,False,True,82.8,8.5,17.91741935483871,23.578709677419354,True,False,False,False,False,True,93.79299999999999,88.43880637152326,5.354193628476736
2025,Silverstone,R,ALB,23,Williams,48.0,3.0,MEDIUM,6.0,True,90.327,28.742,37.037,24.548,9.0,1,True,False,True,84.60000000000001,8.5,17.91741935483871,23.578709677419354,True,False,False,False,False,True,92.865,88.43880637152326,4.426193628476739
2025,Silverstone,R,ALB,23,Williams,49.0,3.0,MEDIUM,7.0,True,90.148,28.932,36.707,24.509,9.0,1,True,False,True,86.4,8.5,17.91741935483871,23.578709677419354,True,False,False,False,False,True,92.74,88.43880637152326,4.301193628476739
2025,Silverstone,R,ALB,23,Williams,50.0,3.0,MEDIUM,8.0,True,90.047,28.779,36.685,24.583,9.0,1,True,False,True,88.2,8.5,17.91741935483871,23.578709677419354,True,False,False,False,False,True,92.693,88.43880637152326,4.254193628476742
2025,Silverstone,R,ALB,23,Williams,51.0,3.0,MEDIUM,9.0,True,90.12,28.834,36.986,24.3,9.0,1,True,False,True,90.0,8.5,17.91741935483871,23.578709677419354,True,False,False,False,False,True,92.82000000000001,88.43880637152326,4.381193628476751
2025,Silverstone,R,ALB,23,Williams,52.0,3.0,MEDIUM,10.0,True,90.452,28.891,37.161,24.4,8.0,1,True,False,True,91.8,8.5,17.91741935483871,23.578709677419354,True,False,False,False,False,True,93.206,88.43880637152326,4.767193628476747
2025,Silverstone,R,HUL,27,Kick Sauber,8.0,1.0,INTERMEDIATE,8.0,True,106.517,32.566,43.773,30.178,10.0,1,True,False,True,12.6,8.5,17.91741935483871,23.578709677419354,True,False,False,False,False,True,106.895,88.86003991054397,18.03496008945602
2025,Silverstone,R,HUL,27,Kick Sauber,11.0,2.0,INTERMEDIATE,2.0,True,105.789,32.22,44.209,29.36,12.0,1,True,False,True,18.0,8.5,17.91741935483871,23.578709677419354,True,False,False,False,False,True,106.32900000000001,88.86003991054397,17.468960089456033
2025,Silverstone,R,HUL,27,Kick Sauber,12.0,2.0,INTERMEDIATE,3.0,True,107.347,33.179,44.867,29.301,6.0,1,True,False,True,19.8,8.5,17.91741935483871,23.578709677419354,True,False,False,False,False,True,107.94099999999999,88.86003991054397,19.080960089456013
2025,Silverstone,R,HUL,27,Kick Sauber,23.0,2.0,INTERMEDIATE,14.0,True,105.226,33.375,43.472,28.379,4.0,1,True,False,True,39.6,8.5,17.91741935483871,23.578709677419354,True,False,False,False,False,True,106.414,88.86003991054397,17.553960089456027
2025,Silverstone,R,HUL,27,Kick Sauber,24.0,2.0,INTERMEDIATE,15.0,True,103.475,32.715,42.676,28.084,4.0,1,True,False,True,41.4,8.5,17.91741935483871,23.578709677419354,True,False,False,False,False,True,104.717,88.86003991054397,15.856960089456024
2025,Silverstone,R,HUL,27,Kick Sauber,25.0,2.0,INTERMEDIATE,16.0,True,103.716,32.51,43.008,28.198,4.0,1,True,False,True,43.2,8.5,17.91741935483871,23.578709677419354,True,False,False,False,False,True,105.012,88.86003991054397,16.151960089456026
2025,Silverstone,R,HUL,27,Kick Sauber,26.0,2.0,INTERMEDIATE,17.0,True,103.905,32.397,43.138,28.37,4.0,1,True,False,True,45.0,8.5,17.91741935483871,23.578709677419354,True,False,False,False,False,True,105.255,88.86003991054397,16.39496008945602
2025,Silverstone,R,HUL,27,Kick Sauber,27.0,2.0,INTERMEDIATE,18.0,True,103.748,32.452,42.664,28.632,4.0,1,True,False,True,46.8,8.5,17.91741935483871,23.578709677419354,True,False,False,False,False,True,105.152,88.86003991054397,16.291960089456026
2025,Silverstone,R,HUL,27,Kick Sauber,28.0,2.0,INTERMEDIATE,19.0,True,103.414,32.408,42.858,28.148,4.0,1,True,False,True,48.6,8.5,17.91741935483871,23.578709677419354,True,False,False,False,False,True,104.872,88.86003991054397,16.011960089456025
2025,Silverstone,R,HUL,27,Kick Sauber,29.0,2.0,INTERMEDIATE,20.0,True,103.643,32.429,42.691,28.523,4.0,1,True,False,True,50.4,8.5,17.91741935483871,23.578709677419354,True,False,False,False,False,True,105.155,88.86003991054397,16.294960089456026
2025,Silverstone,R,HUL,27,Kick Sauber,30.0,2.0,INTERMEDIATE,21.0,True,103.379,32.536,42.515,28.328,4.0,1,True,False,True,52.2,8.5,17.91741935483871,23.578709677419354,True,False,False,False,False,True,104.94500000000001,88.86003991054397,16.084960089456033
2025,Silverstone,R,HUL,27,Kick Sauber,31.0,2.0,INTERMEDIATE,22.0,True,103.832,32.567,42.853,28.412,4.0,1,True,False,True,54.0,8.5,17.91741935483871,23.578709677419354,True,False,False,False,False,True,105.452,88.86003991054397,16.591960089456023
2025,Silverstone,R,HUL,27,Kick Sauber,32.0,2.0,INTERMEDIATE,23.0,True,103.946,32.55,42.788,28.608,4.0,1,True,False,True,55.8,8.5,17.91741935483871,23.578709677419354,True,False,False,False,False,True,105.62,88.86003991054397,16.75996008945603
2025,Silverstone,R,HUL,27,Kick Sauber,33.0,2.0,INTERMEDIATE,24.0,True,103.882,32.418,42.974,28.49,4.0,1,True,False,True,57.6,8.5,17.91741935483871,23.578709677419354,True,False,False,False,False,True,105.61,88.86003991054397,16.749960089456025
2025,Silverstone,R,HUL,27,Kick Sauber,34.0,2.0,INTERMEDIATE,25.0,True,103.089,32.49,42.965,27.634,3.0,1,True,False,True,59.4,8.5,17.91741935483871,23.578709677419354,True,False,False,False,False,True,104.871,88.86003991054397,16.01096008945602
2025,Silverstone,R,HUL,27,Kick Sauber,35.0,2.0,INTERMEDIATE,26.0,True,101.463,32.151,41.559,27.753,3.0,1,True,False,True,61.2,8.5,17.91741935483871,23.578709677419354,True,False,False,False,False,True,103.29899999999999,88.86003991054397,14.438960089456017
2025,Silverstone,R,HUL,27,Kick Sauber,36.0,2.0,INTERMEDIATE,27.0,True,101.519,32.185,41.764,27.57,3.0,1,True,False,True,63.0,8.5,17.91741935483871,23.578709677419354,True,False,False,False,False,True,103.409,88.86003991054397,14.548960089456031
2025,Silverstone,R,HUL,27,Kick Sauber,37.0,2.0,INTERMEDIATE,28.0,True,101.009,32.114,41.539,27.356,3.0,1,True,False,True,64.8,8.5,17.91741935483871,23.578709677419354,True,False,False,False,False,True,102.953,88.86003991054397,14.092960089456028
2025,Silverstone,R,HUL,27,Kick Sauber,38.0,2.0,INTERMEDIATE,29.0,True,101.023,32.244,41.527,27.252,3.0,1,True,False,True,66.60000000000001,8.5,17.91741935483871,23.578709677419354,True,False,False,False,False,True,103.021,88.86003991054397,14.160960089456026
2025,Silverstone,R,HUL,27,Kick Sauber,39.0,2.0,INTERMEDIATE,30.0,True,100.101,31.914,41.087,27.1,3.0,1,True,False,True,68.4,8.5,17.91741935483871,23.578709677419354,True,False,False,False,False,True,102.153,88.86003991054397,13.292960089456031
2025,Silverstone,R,HUL,27,Kick Sauber,41.0,2.0,INTERMEDIATE,32.0,True,100.716,32.16,41.235,27.321,3.0,1,True,False,True,72.0,8.5,17.91741935483871,23.578709677419354,True,False,False,False,False,True,102.87599999999999,88.86003991054397,14.015960089456016
2025,Silverstone,R,HUL,27,Kick Sauber,45.0,3.0,MEDIUM,3.0,True,93.473,30.127,38.299,25.047,3.0,1,True,False,True,79.2,8.5,17.91741935483871,23.578709677419354,True,False,False,False,False,True,95.849,88.43880637152326,7.410193628476748
2025,Silverstone,R,HUL,27,Kick Sauber,46.0,3.0,MEDIUM,4.0,True,92.695,30.077,37.781,24.837,3.0,1,True,False,True,81.0,8.5,17.91741935483871,23.578709677419354,True,False,False,False,False,True,95.125,88.43880637152326,6.686193628476744
2025,Silverstone,R,HUL,27,Kick Sauber,47.0,3.0,MEDIUM,5.0,True,91.93,29.703,37.269,24.958,3.0,1,True,False,True,82.8,8.5,17.91741935483871,23.578709677419354,True,False,False,False,False,True,94.414,88.43880637152326,5.975193628476745
2025,Silverstone,R,HUL,27,Kick Sauber,48.0,3.0,MEDIUM,6.0,True,91.468,29.404,37.274,24.79,3.0,1,True,False,True,84.60000000000001,8.5,17.91741935483871,23.578709677419354,True,False,False,False,False,True,94.006,88.43880637152326,5.567193628476744
2025,Silverstone,R,HUL,27,Kick Sauber,49.0,3.0,MEDIUM,7.0,True,91.081,29.28,37.115,24.686,3.0,1,True,False,True,86.4,8.5,17.91741935483871,23.578709677419354,True,False,False,False,False,True,93.673,88.43880637152326,5.234193628476746
2025,Silverstone,R,HUL,27,Kick Sauber,50.0,3.0,MEDIUM,8.0,True,90.983,29.121,37.17,24.692,3.0,1,True,False,True,88.2,8.5,17.91741935483871,23.578709677419354,True,False,False,False,False,True,93.629,88.43880637152326,5.190193628476749
2025,Silverstone,R,HUL,27,Kick Sauber,51.0,3.0,MEDIUM,9.0,True,90.933,29.47,36.82,24.643,3.0,1,True,False,True,90.0,8.5,17.91741935483871,23.578709677419354,True,False,False,False,False,True,93.63300000000001,88.43880637152326,5.194193628476754
2025,Silverstone,R,HUL,27,Kick Sauber,52.0,3.0,MEDIUM,10.0,True,91.705,29.341,37.271,25.093,3.0,1,True,False,True,91.8,8.5,17.91741935483871,23.578709677419354,True,False,False,False,False,True,94.459,88.43880637152326,6.020193628476747
2025,Silverstone,R,OCO,31,Haas F1 Team,8.0,1.0,INTERMEDIATE,8.0,True,107.293,32.632,44.249,30.412,11.0,1,True,False,True,12.6,8.5,17.91741935483871,23.578709677419354,True,False,False,False,False,True,107.671,88.86003991054397,18.81096008945603
2025,Silverstone,R,OCO,31,Haas F1 Team,9.0,1.0,INTERMEDIATE,9.0,True,109.361,33.553,45.191,30.617,12.0,1,True,False,True,14.4,8.5,17.91741935483871,23.578709677419354,True,False,False,False,False,True,109.793,88.86003991054397,20.93296008945603
2025,Silverstone,R,OCO,31,Haas F1 Team,10.0,1.0,INTERMEDIATE,10.0,True,109.77,33.766,45.506,30.498,12.0,1,True,False,True,16.2,8.5,17.91741935483871,23.578709677419354,True,False,False,False,False,True,110.256,88.86003991054397,21.395960089456025
2025,Silverstone,R,OCO,31,Haas F1 Team,11.0,1.0,INTERMEDIATE,11.0,True,111.866,34.081,47.41,30.375,10.0,1,True,False,True,18.0,8.5,17.91741935483871,23.578709677419354,True,False,False,False,False,True,112.406,88.86003991054397,23.54596008945603
2025,Silverstone,R,OCO,31,Haas F1 Team,12.0,1.0,INTERMEDIATE,12.0,True,110.786,33.98,46.13,30.676,7.0,1,True,False,True,19.8,8.5,17.91741935483871,23.578709677419354,True,False,False,False,False,True,111.38,88.86003991054397,22.51996008945602
2025,Silverstone,R,OCO,31,Haas F1 Team,23.0,2.0,INTERMEDIATE,5.0,True,105.993,33.343,43.959,28.691,13.0,1,True,False,True,39.6,8.5,17.91741935483871,23.578709677419354,True,False,False,False,False,True,107.181,88.86003991054397,18.320960089456023
2025,Silverstone,R,OCO,31,Haas F1 Team,24.0,2.0,INTERMEDIATE,6.0,True,104.602,32.97,43.326,28.306,13.0,1,True,False,True,41.4,8.5,17.91741935483871,23.578709677419354,True,False,False,False,False,True,105.84400000000001,88.86003991054397,16.983960089456033
2025,Silverstone,R,OCO,31,Haas F1 Team,25.0,2.0,INTERMEDIATE,7.0,True,104.235,32.716,43.164,28.355,13.0,1,True,False,True,43.2,8.5,17.91741935483871,23.578709677419354,True,False,False,False,False,True,105.531,88.86003991054397,16.67096008945603
2025,Silverstone,R,OCO,31,Haas F1 Team,26.0,2.0,INTERMEDIATE,8.0,True,104.236,32.675,43.328,28.233,13.0,1,True,False,True,45.0,8.5,17.91741935483871,23.578709677419354,True,False,False,False,False,True,105.586,88.86003991054397,16.725960089456024
2025,Silverstone,R,OCO,31,Haas F1 Team,27.0,2.0,INTERMEDIATE,9.0,True,103.925,32.425,43.054,28.446,13.0,1,True,False,True,46.8,8.5,17.91741935483871,23.578709677419354,True,False,False,False,False,True,105.329,88.86003991054397,16.46896008945602
2025,Silverstone,R,OCO,31,Haas F1 Team,28.0,2.0,INTERMEDIATE,10.0,True,104.874,32.497,43.234,29.143,13.0,1,True,False,True,48.6,8.5,17.91741935483871,23.578709677419354,True,False,False,False,False,True,106.332,88.86003991054397,17.47196008945602
2025,Silverstone,R,OCO,31,Haas F1 Team,29.0,2.0,INTERMEDIATE,11.0,True,105.498,32.758,43.632,29.108,13.0,1,True,False,True,50.4,8.5,17.91741935483871,23.578709677419354,True,False,False,False,False,True,107.01,88.86003991054397,18.14996008945603
2025,Silverstone,R,OCO,31,Haas F1 Team,30.0,2.0,INTERMEDIATE,12.0,True,106.803,33.675,44.28,28.848,14.0,1,True,False,True,52.2,8.5,17.91741935483871,23.578709677419354,True,False,False,False,False,True,108.369,88.86003991054397,19.508960089456025
2025,Silverstone,R,OCO,31,Haas F1 Team,31.0,2.0,INTERMEDIATE,13.0,True,104.509,32.464,43.598,28.447,14.0,1,True,False,True,54.0,8.5,17.91741935483871,23.578709677419354,True,False,False,False,False,True,106.129,88.86003991054397,17.26896008945603
2025,Silverstone,R,OCO,31,Haas F1 Team,32.0,2.0,INTERMEDIATE,14.0,True,103.911,32.566,42.937,28.408,14.0,1,True,False,True,55.8,8.5,17.91741935483871,23.578709677419354,True,False,False,False,False,True,105.58500000000001,88.86003991054397,16.724960089456033
2025,Silverstone,R,OCO,31,Haas F1 Team,33.0,2.0,INTERMEDIATE,15.0,True,103.97,32.672,43.108,28.19,14.0,1,True,False,True,57.6,8.5,17.91741935483871,23.578709677419354,True,False,False,False,False,True,105.698,88.86003991054397,16.83796008945602
2025,Silverstone,R,OCO,31,Haas F1 Team,34.0,2.0,INTERMEDIATE,16.0,True,104.039,32.441,43.222,28.376,14.0,1,True,False,True,59.4,8.5,17.91741935483871,23.578709677419354,True,False,False,False,False,True,105.821,88.86003991054397,16.960960089456023
2025,Silverstone,R,OCO,31,Haas F1 Team,35.0,2.0,INTERMEDIATE,17.0,True,103.436,32.411,43.013,28.012,14.0,1,True,False,True,61.2,8.5,17.91741935483871,23.578709677419354,True,False,False,False,False,True,105.272,88.86003991054397,16.41196008945603
2025,Silverstone,R,OCO,31,Haas F1 Team,36.0,2.0,INTERMEDIATE,18.0,True,102.888,32.44,42.479,27.969,14.0,1,True,False,True,63.0,8.5,17.91741935483871,23.578709677419354,True,False,False,False,False,True,104.778,88.86003991054397,15.917960089456031
2025,Silverstone,R,OCO,31,Haas F1 Team,37.0,2.0,INTERMEDIATE,19.0,True,102.966,32.358,42.586,28.022,14.0,1,True,False,True,64.8,8.5,17.91741935483871,23.578709677419354,True,False,False,False,False,True,104.91,88.86003991054397,16.04996008945602
2025,Silverstone,R,OCO,31,Haas F1 Team,38.0,2.0,INTERMEDIATE,20.0,True,102.672,32.272,42.448,27.952,13.0,1,True,False,True,66.60000000000001,8.5,17.91741935483871,23.578709677419354,True,False,False,False,False,True,104.67,88.86003991054397,15.809960089456027
2025,Silverstone,R,OCO,31,Haas F1 Team,40.0,2.0,INTERMEDIATE,22.0,True,101.975,32.321,42.228,27.426,12.0,1,True,False,True,70.2,8.5,17.91741935483871,23.578709677419354,True,False,False,False,False,True,104.08099999999999,88.86003991054397,15.220960089456014
2025,Silverstone,R,OCO,31,Haas F1 Team,41.0,2.0,INTERMEDIATE,23.0,True,102.031,32.041,42.487,27.503,12.0,1,True,False,True,72.0,8.5,17.91741935483871,23.578709677419354,True,False,False,False,False,True,104.191,88.86003991054397,15.330960089456028
2025,Silverstone,R,OCO,31,Haas F1 Team,44.0,3.0,MEDIUM,2.0,True,96.001,30.492,39.588,25.921,13.0,1,True,False,True,77.4,8.5,17.91741935483871,23.578709677419354,True,False,False,False,False,True,98.32300000000001,88.43880637152326,9.884193628476751
2025,Silverstone,R,OCO,31,Haas F1 Team,45.0,3.0,MEDIUM,3.0,True,92.673,29.498,38.096,25.079,13.0,1,True,False,True,79.2,8.5,17.91741935483871,23.578709677419354,True,False,False,False,False,True,95.049,88.43880637152326,6.61019362847675
2025,Silverstone,R,OCO,31,Haas F1 Team,46.0,3.0,MEDIUM,4.0,True,92.56,29.4,37.954,25.206,13.0,1,True,False,True,81.0,8.5,17.91741935483871,23.578709677419354,True,False,False,False,False,True,94.99000000000001,88.43880637152326,6.551193628476753
2025,Silverstone,R,OCO,31,Haas F1 Team,47.0,3.0,MEDIUM,5.0,True,91.422,29.282,37.237,24.903,13.0,1,True,False,True,82.8,8.5,17.91741935483871,23.578709677419354,True,False,False,False,False,True,93.90599999999999,88.43880637152326,5.4671936284767355
2025,Silverstone,R,OCO,31,Haas F1 Team,48.0,3.0,MEDIUM,6.0,True,90.823,28.944,37.037,24.842,13.0,1,True,False,True,84.60000000000001,8.5,17.91741935483871,23.578709677419354,True,False,False,False,False,True,93.36099999999999,88.43880637152326,4.922193628476734
2025,Silverstone,R,OCO,31,Haas F1 Team,49.0,3.0,MEDIUM,7.0,True,90.948,29.173,36.958,24.817,13.0,1,True,False,True,86.4,8.5,17.91741935483871,23.578709677419354,True,False,False,False,False,True,93.53999999999999,88.43880637152326,5.101193628476736
2025,Silverstone,R,OCO,31,Haas F1 Team,50.0,3.0,MEDIUM,8.0,True,91.216,29.038,37.361,24.817,13.0,1,True,False,True,88.2,8.5,17.91741935483871,23.578709677419354,True,False,False,False,False,True,93.862,88.43880637152326,5.423193628476739
2025,Silverstone,R,OCO,31,Haas F1 Team,51.0,3.0,MEDIUM,9.0,True,91.029,29.075,37.093,24.861,13.0,1,True,False,True,90.0,8.5,17.91741935483871,23.578709677419354,True,False,False,False,False,True,93.729,88.43880637152326,5.290193628476743
2025,Silverstone,R,OCO,31,Haas F1 Team,52.0,3.0,MEDIUM,10.0,True,90.818,28.864,36.941,25.013,13.0,1,True,False,True,91.8,8.5,17.91741935483871,23.578709677419354,True,False,False,False,False,True,93.572,88.43880637152326,5.1331936284767465
2025,Silverstone,R,NOR,4,McLaren,8.0,1.0,INTERMEDIATE,8.0,True,104.869,32.657,42.786,29.426,3.0,1,True,False,True,12.6,8.5,17.91741935483871,23.578709677419354,True,False,False,False,False,True,105.247,88.86003991054397,16.386960089456025
2025,Silverstone,R,NOR,4,McLaren,9.0,1.0,INTERMEDIATE,9.0,True,105.595,32.526,43.325,29.744,3.0,1,True,False,True,14.4,8.5,17.91741935483871,23.578709677419354,True,False,False,False,False,True,106.027,88.86003991054397,17.166960089456026
2025,Silverstone,R,NOR,4,McLaren,10.0,1.0,INTERMEDIATE,10.0,True,105.857,32.396,43.819,29.642,3.0,1,True,False,True,16.2,8.5,17.91741935483871,23.578709677419354,True,False,False,False,False,True,106.343,88.86003991054397,17.48296008945603
2025,Silverstone,R,NOR,4,McLaren,23.0,2.0,INTERMEDIATE,12.0,True,102.383,32.364,42.16,27.859,2.0,1,True,False,True,39.6,8.5,17.91741935483871,23.578709677419354,True,False,False,False,False,True,103.571,88.86003991054397,14.710960089456023
2025,Silverstone,R,NOR,4,McLaren,24.0,2.0,INTERMEDIATE,13.0,True,101.834,32.087,41.871,27.876,2.0,1,True,False,True,41.4,8.5,17.91741935483871,23.578709677419354,True,False,False,False,False,True,103.07600000000001,88.86003991054397,14.215960089456033
2025,Silverstone,R,NOR,4,McLaren,25.0,2.0,INTERMEDIATE,14.0,True,102.017,31.971,42.11,27.936,2.0,1,True,False,True,43.2,8.5,17.91741935483871,23.578709677419354,True,False,False,False,False,True,103.313,88.86003991054397,14.452960089456028
2025,Silverstone,R,NOR,4,McLaren,26.0,2.0,INTERMEDIATE,15.0,True,102.004,32.026,42.045,27.933,2.0,1,True,False,True,45.0,8.5,17.91741935483871,23.578709677419354,True,False,False,False,False,True,103.354,88.86003991054397,14.493960089456024
2025,Silverstone,R,NOR,4,McLaren,27.0,2.0,INTERMEDIATE,16.0,True,102.096,31.862,42.047,28.187,2.0,1,True,False,True,46.8,8.5,17.91741935483871,23.578709677419354,True,False,False,False,False,True,103.5,88.86003991054397,14.639960089456025
2025,Silverstone,R,NOR,4,McLaren,28.0,2.0,INTERMEDIATE,17.0,True,102.362,31.994,42.051,28.317,2.0,1,True,False,True,48.6,8.5,17.91741935483871,23.578709677419354,True,False,False,False,False,True,103.82,88.86003991054397,14.959960089456018
2025,Silverstone,R,NOR,4,McLaren,29.0,2.0,INTERMEDIATE,18.0,True,102.634,32.082,42.298,28.254,2.0,1,True,False,True,50.4,8.5,17.91741935483871,23.578709677419354,True,False,False,False,False,True,104.146,88.86003991054397,15.285960089456026
2025,Silverstone,R,NOR,4,McLaren,30.0,2.0,INTERMEDIATE,19.0,True,102.403,32.014,42.095,28.294,2.0,1,True,False,True,52.2,8.5,17.91741935483871,23.578709677419354,True,False,False,False,False,True,103.96900000000001,88.86003991054397,15.108960089456033
2025,Silverstone,R,NOR,4,McLaren,31.0,2.0,INTERMEDIATE,20.0,True,102.087,31.974,42.14,27.973,2.0,1,True,False,True,54.0,8.5,17.91741935483871,23.578709677419354,True,False,False,False,False,True,103.70700000000001,88.86003991054397,14.846960089456033
2025,Silverstone,R,NOR,4,McLaren,32.0,2.0,INTERMEDIATE,21.0,True,101.925,31.92,41.948,28.057,2.0,1,True,False,True,55.8,8.5,17.91741935483871,23.578709677419354,True,False,False,False,False,True,103.599,88.86003991054397,14.738960089456029
2025,Silverstone,R,NOR,4,McLaren,33.0,2.0,INTERMEDIATE,22.0,True,101.411,31.961,41.733,27.717,2.0,1,True,False,True,57.6,8.5,17.91741935483871,23.578709677419354,True,False,False,False,False,True,103.139,88.86003991054397,14.278960089456021
2025,Silverstone,R,NOR,4,McLaren,34.0,2.0,INTERMEDIATE,23.0,True,101.136,31.952,41.696,27.488,2.0,1,True,False,True,59.4,8.5,17.91741935483871,23.578709677419354,True,False,False,False,False,True,102.91799999999999,88.86003991054397,14.057960089456017
2025,Silverstone,R,NOR,4,McLaren,35.0,2.0,INTERMEDIATE,24.0,True,101.103,31.757,41.819,27.527,2.0,1,True,False,True,61.2,8.5,17.91741935483871,23.578709677419354,True,False,False,False,False,True,102.939,88.86003991054397,14.078960089456018
2025,Silverstone,R,NOR,4,McLaren,36.0,2.0,INTERMEDIATE,25.0,True,100.71,31.889,41.323,27.498,2.0,1,True,False,True,63.0,8.5,17.91741935483871,23.578709677419354,True,False,False,False,False,True,102.6,88.86003991054397,13.73996008945602
2025,Silverstone,R,NOR,4,McLaren,37.0,2.0,INTERMEDIATE,26.0,True,100.803,31.943,41.518,27.342,2.0,1,True,False,True,64.8,8.5,17.91741935483871,23.578709677419354,True,False,False,False,False,True,102.747,88.86003991054397,13.886960089456025
2025,Silverstone,R,NOR,4,McLaren,38.0,2.0,INTERMEDIATE,27.0,True,99.668,31.754,41.103,26.811,2.0,1,True,False,True,66.60000000000001,8.5,17.91741935483871,23.578709677419354,True,False,False,False,False,True,101.66600000000001,88.86003991054397,12.805960089456036
2025,Silverstone,R,NOR,4,McLaren,39.0,2.0,INTERMEDIATE,28.0,True,99.55,31.646,41.063,26.841,2.0,1,True,False,True,68.4,8.5,17.91741935483871,23.578709677419354,True,False,False,False,False,True,101.602,88.86003991054397,12.741960089456029
2025,Silverstone,R,NOR,4,McLaren,41.0,2.0,INTERMEDIATE,30.0,True,99.297,31.556,41.023,26.718,2.0,1,True,False,True,72.0,8.5,17.91741935483871,23.578709677419354,True,False,False,False,False,True,101.457,88.86003991054397,12.596960089456019
2025,Silverstone,R,NOR,4,McLaren,42.0,2.0,INTERMEDIATE,31.0,True,98.778,31.697,40.554,26.527,2.0,1,True,False,True,73.8,8.5,17.91741935483871,23.578709677419354,True,False,False,False,False,True,100.992,88.86003991054397,12.13196008945603
2025,Silverstone,R,NOR,4,McLaren,46.0,3.0,MEDIUM,2.0,True,91.777,29.904,37.422,24.451,1.0,1,True,False,True,81.0,8.5,17.91741935483871,23.578709677419354,True,False,False,False,False,True,94.207,88.43880637152326,5.7681936284767374
2025,Silverstone,R,NOR,4,McLaren,47.0,3.0,MEDIUM,3.0,True,90.035,28.822,36.828,24.385,1.0,1,True,False,True,82.8,8.5,17.91741935483871,23.578709677419354,True,False,False,False,False,True,92.51899999999999,88.43880637152326,4.080193628476735
2025,Silverstone,R,NOR,4,McLaren,48.0,3.0,MEDIUM,4.0,True,89.734,28.748,36.674,24.312,1.0,1,True,False,True,84.60000000000001,8.5,17.91741935483871,23.578709677419354,True,False,False,False,False,True,92.27199999999999,88.43880637152326,3.833193628476735
2025,Silverstone,R,NOR,4,McLaren,49.0,3.0,MEDIUM,5.0,True,90.235,28.701,37.042,24.492,1.0,1,True,False,True,86.4,8.5,17.91741935483871,23.578709677419354,True,False,False,False,False,True,92.827,88.43880637152326,4.388193628476742
2025,Silverstone,R,NOR,4,McLaren,50.0,3.0,MEDIUM,6.0,True,89.921,28.791,36.732,24.398,1.0,1,True,False,True,88.2,8.5,17.91741935483871,23.578709677419354,True,False,False,False,False,True,92.56700000000001,88.43880637152326,4.128193628476751
2025,Silverstone,R,NOR,4,McLaren,51.0,3.0,MEDIUM,7.0,True,90.269,28.71,37.048,24.511,1.0,1,True,False,True,90.0,8.5,17.91741935483871,23.578709677419354,True,False,False,False,False,True,92.96900000000001,88.43880637152326,4.530193628476752
2025,Silverstone,R,NOR,4,McLaren,52.0,3.0,MEDIUM,8.0,True,90.69,28.812,36.855,25.023,1.0,1,True,False,True,91.8,8.5,17.91741935483871,23.578709677419354,True,False,False,False,False,True,93.444,88.43880637152326,5.005193628476746
2025,Silverstone,R,HAM,44,Ferrari,8.0,1.0,INTERMEDIATE,8.0,True,106.102,32.457,43.174,30.471,4.0,1,True,False,True,12.6,8.5,17.91741935483871,23.578709677419354,True,False,False,False,False,True,106.48,88.86003991054397,17.61996008945603
2025,Silverstone,R,HAM,44,Ferrari,9.0,1.0,INTERMEDIATE,9.0,True,108.049,33.149,44.203,30.697,4.0,1,True,False,True,14.4,8.5,17.91741935483871,23.578709677419354,True,False,False,False,False,True,108.48100000000001,88.86003991054397,19.620960089456034
2025,Silverstone,R,HAM,44,Ferrari,10.0,1.0,INTERMEDIATE,10.0,True,108.242,32.745,44.528,30.969,4.0,1,True,False,True,16.2,8.5,17.91741935483871,23.578709677419354,True,False,False,False,False,True,108.72800000000001,88.86003991054397,19.867960089456034
2025,Silverstone,R,HAM,44,Ferrari,23.0,2.0,INTERMEDIATE,12.0,True,105.518,33.136,43.544,28.838,6.0,1,True,False,True,39.6,8.5,17.91741935483871,23.578709677419354,True,False,False,False,False,True,106.706,88.86003991054397,17.845960089456028
2025,Silverstone,R,HAM,44,Ferrari,24.0,2.0,INTERMEDIATE,13.0,True,105.853,32.664,44.641,28.548,7.0,1,True,False,True,41.4,8.5,17.91741935483871,23.578709677419354,True,False,False,False,False,True,107.095,88.86003991054397,18.234960089456024
2025,Silverstone,R,HAM,44,Ferrari,25.0,2.0,INTERMEDIATE,14.0,True,103.72,32.092,43.236,28.392,7.0,1,True,False,True,43.2,8.5,17.91741935483871,23.578709677419354,True,False,False,False,False,True,105.016,88.86003991054397,16.15596008945603
2025,Silverstone,R,HAM,44,Ferrari,26.0,2.0,INTERMEDIATE,15.0,True,103.735,32.32,43.057,28.358,6.0,1,True,False,True,45.0,8.5,17.91741935483871,23.578709677419354,True,False,False,False,False,True,105.085,88.86003991054397,16.22496008945602
2025,Silverstone,R,HAM,44,Ferrari,27.0,2.0,INTERMEDIATE,16.0,True,102.922,31.885,42.601,28.436,6.0,1,True,False,True,46.8,8.5,17.91741935483871,23.578709677419354,True,False,False,False,False,True,104.326,88.86003991054397,15.465960089456019
2025,Silverstone,R,HAM,44,Ferrari,28.0,2.0,INTERMEDIATE,17.0,True,103.668,31.925,42.851,28.892,6.0,1,True,False,True,48.6,8.5,17.91741935483871,23.578709677419354,True,False,False,False,False,True,105.126,88.86003991054397,16.26596008945603
2025,Silverstone,R,HAM,44,Ferrari,29.0,2.0,INTERMEDIATE,18.0,True,103.851,32.204,43.082,28.565,5.0,1,True,False,True,50.4,8.5,17.91741935483871,23.578709677419354,True,False,False,False,False,True,105.363,88.86003991054397,16.502960089456025
2025,Silverstone,R,HAM,44,Ferrari,30.0,2.0,INTERMEDIATE,19.0,True,103.57,32.208,42.719,28.643,5.0,1,True,False,True,52.2,8.5,17.91741935483871,23.578709677419354,True,False,False,False,False,True,105.136,88.86003991054397,16.27596008945602
2025,Silverstone,R,HAM,44,Ferrari,31.0,2.0,INTERMEDIATE,20.0,True,103.59,32.197,42.802,28.591,5.0,1,True,False,True,54.0,8.5,17.91741935483871,23.578709677419354,True,False,False,False,False,True,105.21000000000001,88.86003991054397,16.349960089456033
2025,Silverstone,R,HAM,44,Ferrari,32.0,2.0,INTERMEDIATE,21.0,True,103.029,32.154,42.291,28.584,5.0,1,True,False,True,55.8,8.5,17.91741935483871,23.578709677419354,True,False,False,False,False,True,104.703,88.86003991054397,15.842960089456028
2025,Silverstone,R,HAM,44,Ferrari,33.0,2.0,INTERMEDIATE,22.0,True,102.567,32.049,42.267,28.251,5.0,1,True,False,True,57.6,8.5,17.91741935483871,23.578709677419354,True,False,False,False,False,True,104.29499999999999,88.86003991054397,15.434960089456013
2025,Silverstone,R,HAM,44,Ferrari,34.0,2.0,INTERMEDIATE,23.0,True,103.044,31.879,42.677,28.488,5.0,1,True,False,True,59.4,8.5,17.91741935483871,23.578709677419354,True,False,False,False,False,True,104.826,88.86003991054397,15.965960089456019
2025,Silverstone,R,HAM,44,Ferrari,35.0,2.0,INTERMEDIATE,24.0,True,101.444,32.229,41.588,27.627,4.0,1,True,False,True,61.2,8.5,17.91741935483871,23.578709677419354,True,False,False,False,False,True,103.28,88.86003991054397,14.419960089456026
2025,Silverstone,R,HAM,44,Ferrari,36.0,2.0,INTERMEDIATE,25.0,True,101.354,31.633,41.726,27.995,4.0,1,True,False,True,63.0,8.5,17.91741935483871,23.578709677419354,True,False,False,False,False,True,103.244,88.86003991054397,14.383960089456025
2025,Silverstone,R,HAM,44,Ferrari,37.0,2.0,INTERMEDIATE,26.0,True,100.507,31.667,41.518,27.322,4.0,1,True,False,True,64.8,8.5,17.91741935483871,23.578709677419354,True,False,False,False,False,True,102.45100000000001,88.86003991054397,13.590960089456033
2025,Silverstone,R,HAM,44,Ferrari,38.0,2.0,INTERMEDIATE,27.0,True,101.149,31.612,42.056,27.481,4.0,1,True,False,True,66.60000000000001,8.5,17.91741935483871,23.578709677419354,True,False,False,False,False,True,103.147,88.86003991054397,14.28696008945603
2025,Silverstone,R,HAM,44,Ferrari,39.0,2.0,INTERMEDIATE,28.0,True,100.836,31.647,41.69,27.499,4.0,1,True,False,True,68.4,8.5,17.91741935483871,23.578709677419354,True,False,False,False,False,True,102.888,88.86003991054397,14.02796008945603
2025,Silverstone,R,HAM,44,Ferrari,45.0,3.0,SOFT,7.0,False,93.938,30.56,38.22,25.158,4.0,1,True,False,True,79.2,8.5,17.91741935483871,23.578709677419354,True,False,False,False,False,True,96.31400000000001,89.28718822906774,7.0268117709322695
2025,Silverstone,R,HAM,44,Ferrari,46.0,3.0,SOFT,8.0,False,91.328,29.56,37.279,24.489,4.0,1,True,False,True,81.0,8.5,17.91741935483871,23.578709677419354,True,False,False,False,False,True,93.75800000000001,89.28718822906774,4.470811770932272
2025,Silverstone,R,HAM,44,Ferrari,47.0,3.0,SOFT,9.0,False,93.108,29.075,38.708,25.325,4.0,1,True,False,True,82.8,8.5,17.91741935483871,23.578709677419354,True,False,False,False,False,True,95.592,89.28718822906774,6.304811770932261
2025,Silverstone,R,HAM,44,Ferrari,48.0,3.0,SOFT,10.0,False,90.785,29.155,37.105,24.525,4.0,1,True,False,True,84.60000000000001,8.5,17.91741935483871,23.578709677419354,True,False,False,False,False,True,93.323,89.28718822906774,4.035811770932256
2025,Silverstone,R,HAM,44,Ferrari,49.0,3.0,SOFT,11.0,False,90.016,28.909,36.74,24.367,4.0,1,True,False,True,86.4,8.5,17.91741935483871,23.578709677419354,True,False,False,False,False,True,92.608,89.28718822906774,3.3208117709322664
2025,Silverstone,R,HAM,44,Ferrari,50.0,3.0,SOFT,12.0,False,90.775,29.002,37.106,24.667,4.0,1,True,False,True,88.2,8.5,17.91741935483871,23.578709677419354,True,False,False,False,False,True,93.421,89.28718822906774,4.133811770932269
2025,Silverstone,R,HAM,44,Ferrari,51.0,3.0,SOFT,13.0,False,90.664,29.14,37.015,24.509,4.0,1,True,False,True,90.0,8.5,17.91741935483871,23.578709677419354,True,False,False,False,False,True,93.364,89.28718822906774,4.076811770932267
2025,Silverstone,R,HAM,44,Ferrari,52.0,3.0,SOFT,14.0,False,91.662,29.278,37.354,25.03,4.0,1,True,False,True,91.8,8.5,17.91741935483871,23.578709677419354,True,False,False,False,False,True,94.41600000000001,89.28718822906774,5.128811770932273
2025,Silverstone,R,SAI,55,Williams,8.0,1.0,INTERMEDIATE,8.0,True,106.227,32.323,43.458,30.446,7.0,1,True,False,True,12.6,8.5,17.91741935483871,23.578709677419354,True,False,False,False,False,True,106.605,88.86003991054397,17.74496008945603
2025,Silverstone,R,SAI,55,Williams,9.0,1.0,INTERMEDIATE,9.0,True,107.819,32.922,44.35,30.547,7.0,1,True,False,True,14.4,8.5,17.91741935483871,23.578709677419354,True,False,False,False,False,True,108.251,88.86003991054397,19.39096008945603
2025,Silverstone,R,SAI,55,Williams,10.0,1.0,INTERMEDIATE,10.0,True,108.531,33.07,44.821,30.64,8.0,1,True,False,True,16.2,8.5,17.91741935483871,23.578709677419354,True,False,False,False,False,True,109.01700000000001,88.86003991054397,20.156960089456035
2025,Silverstone,R,SAI,55,Williams,23.0,2.0,INTERMEDIATE,12.0,True,105.893,33.174,43.973,28.746,9.0,1,True,False,True,39.6,8.5,17.91741935483871,23.578709677419354,True,False,False,False,False,True,107.081,88.86003991054397,18.220960089456028
2025,Silverstone,R,SAI,55,Williams,24.0,2.0,INTERMEDIATE,13.0,True,104.859,32.569,43.736,28.554,9.0,1,True,False,True,41.4,8.5,17.91741935483871,23.578709677419354,True,False,False,False,False,True,106.101,88.86003991054397,17.240960089456024
2025,Silverstone,R,SAI,55,Williams,25.0,2.0,INTERMEDIATE,14.0,True,104.229,32.396,43.332,28.501,9.0,1,True,False,True,43.2,8.5,17.91741935483871,23.578709677419354,True,False,False,False,False,True,105.525,88.86003991054397,16.66496008945603
2025,Silverstone,R,SAI,55,Williams,26.0,2.0,INTERMEDIATE,15.0,True,104.287,32.451,43.298,28.538,9.0,1,True,False,True,45.0,8.5,17.91741935483871,23.578709677419354,True,False,False,False,False,True,105.637,88.86003991054397,16.776960089456026
2025,Silverstone,R,SAI,55,Williams,27.0,2.0,INTERMEDIATE,16.0,True,103.772,32.231,43.073,28.468,9.0,1,True,False,True,46.8,8.5,17.91741935483871,23.578709677419354,True,False,False,False,False,True,105.176,88.86003991054397,16.315960089456027
2025,Silverstone,R,SAI,55,Williams,28.0,2.0,INTERMEDIATE,17.0,True,104.265,32.356,43.235,28.674,9.0,1,True,False,True,48.6,8.5,17.91741935483871,23.578709677419354,True,False,False,False,False,True,105.723,88.86003991054397,16.862960089456024
2025,Silverstone,R,SAI,55,Williams,29.0,2.0,INTERMEDIATE,18.0,True,104.379,32.469,43.196,28.714,9.0,1,True,False,True,50.4,8.5,17.91741935483871,23.578709677419354,True,False,False,False,False,True,105.891,88.86003991054397,17.03096008945603
2025,Silverstone,R,SAI,55,Williams,30.0,2.0,INTERMEDIATE,19.0,True,104.712,32.602,43.417,28.693,9.0,1,True,False,True,52.2,8.5,17.91741935483871,23.578709677419354,True,False,False,False,False,True,106.278,88.86003991054397,17.41796008945603
2025,Silverstone,R,SAI,55,Williams,31.0,2.0,INTERMEDIATE,20.0,True,104.747,32.558,43.458,28.731,9.0,1,True,False,True,54.0,8.5,17.91741935483871,23.578709677419354,True,False,False,False,False,True,106.367,88.86003991054397,17.50696008945603
2025,Silverstone,R,SAI,55,Williams,32.0,2.0,INTERMEDIATE,21.0,True,105.107,32.771,43.682,28.654,9.0,1,True,False,True,55.8,8.5,17.91741935483871,23.578709677419354,True,False,False,False,False,True,106.781,88.86003991054397,17.92096008945603
2025,Silverstone,R,SAI,55,Williams,33.0,2.0,INTERMEDIATE,22.0,True,104.414,32.536,43.294,28.584,9.0,1,True,False,True,57.6,8.5,17.91741935483871,23.578709677419354,True,False,False,False,False,True,106.142,88.86003991054397,17.28196008945602
2025,Silverstone,R,SAI,55,Williams,34.0,2.0,INTERMEDIATE,23.0,True,105.146,32.402,43.282,29.462,10.0,1,True,False,True,59.4,8.5,17.91741935483871,23.578709677419354,True,False,False,False,False,True,106.928,88.86003991054397,18.067960089456022
2025,Silverstone,R,SAI,55,Williams,35.0,2.0,INTERMEDIATE,24.0,True,104.475,32.91,43.248,28.317,10.0,1,True,False,True,61.2,8.5,17.91741935483871,23.578709677419354,True,False,False,False,False,True,106.31099999999999,88.86003991054397,17.450960089456018
2025,Silverstone,R,SAI,55,Williams,36.0,2.0,INTERMEDIATE,25.0,True,103.152,32.264,42.745,28.143,10.0,1,True,False,True,63.0,8.5,17.91741935483871,23.578709677419354,True,False,False,False,False,True,105.042,88.86003991054397,16.181960089456027
2025,Silverstone,R,SAI,55,Williams,37.0,2.0,INTERMEDIATE,26.0,True,103.057,32.305,42.797,27.955,10.0,1,True,False,True,64.8,8.5,17.91741935483871,23.578709677419354,True,False,False,False,False,True,105.001,88.86003991054397,16.14096008945603
2025,Silverstone,R,SAI,55,Williams,38.0,2.0,INTERMEDIATE,27.0,True,102.692,32.224,42.545,27.923,9.0,1,True,False,True,66.60000000000001,8.5,17.91741935483871,23.578709677419354,True,False,False,False,False,True,104.69,88.86003991054397,15.829960089456023
2025,Silverstone,R,SAI,55,Williams,40.0,2.0,INTERMEDIATE,29.0,True,102.143,32.352,42.285,27.506,9.0,1,True,False,True,70.2,8.5,17.91741935483871,23.578709677419354,True,False,False,False,False,True,104.249,88.86003991054397,15.38896008945602
2025,Silverstone,R,SAI,55,Williams,44.0,3.0,MEDIUM,3.0,True,96.504,30.791,39.911,25.802,12.0,1,True,False,True,77.4,8.5,17.91741935483871,23.578709677419354,True,False,False,False,False,True,98.82600000000001,88.43880637152326,10.387193628476751
2025,Silverstone,R,SAI,55,Williams,45.0,3.0,MEDIUM,4.0,True,93.517,29.711,38.632,25.174,12.0,1,True,False,True,79.2,8.5,17.91741935483871,23.578709677419354,True,False,False,False,False,True,95.893,88.43880637152326,7.4541936284767445
2025,Silverstone,R,SAI,55,Williams,46.0,3.0,MEDIUM,5.0,True,94.08,29.392,39.62,25.068,12.0,1,True,False,True,81.0,8.5,17.91741935483871,23.578709677419354,True,False,False,False,False,True,96.50999999999999,88.43880637152326,8.071193628476735
2025,Silverstone,R,SAI,55,Williams,47.0,3.0,MEDIUM,6.0,True,91.822,29.118,37.929,24.775,12.0,1,True,False,True,82.8,8.5,17.91741935483871,23.578709677419354,True,False,False,False,False,True,94.306,88.43880637152326,5.867193628476741
2025,Silverstone,R,SAI,55,Williams,48.0,3.0,MEDIUM,7.0,True,91.07,28.996,37.444,24.63,12.0,1,True,False,True,84.60000000000001,8.5,17.91741935483871,23.578709677419354,True,False,False,False,False,True,93.60799999999999,88.43880637152326,5.169193628476734
2025,Silverstone,R,SAI,55,Williams,49.0,3.0,MEDIUM,8.0,True,90.952,29.045,37.284,24.623,12.0,1,True,False,True,86.4,8.5,17.91741935483871,23.578709677419354,True,False,False,False,False,True,93.544,88.43880637152326,5.105193628476741
2025,Silverstone,R,SAI,55,Williams,50.0,3.0,MEDIUM,9.0,True,91.965,29.867,37.265,24.833,12.0,1,True,False,True,88.2,8.5,17.91741935483871,23.578709677419354,True,False,False,False,False,True,94.611,88.43880637152326,6.172193628476748
2025,Silverstone,R,SAI,55,Williams,51.0,3.0,MEDIUM,10.0,True,91.017,29.168,37.039,24.81,12.0,1,True,False,True,90.0,8.5,17.91741935483871,23.578709677419354,True,False,False,False,False,True,93.717,88.43880637152326,5.278193628476743
2025,Silverstone,R,SAI,55,Williams,52.0,3.0,MEDIUM,11.0,True,90.645,28.927,36.976,24.742,12.0,1,True,False,True,91.8,8.5,17.91741935483871,23.578709677419354,True,False,False,False,False,True,93.399,88.43880637152326,4.960193628476745
2025,Silverstone,R,HAD,6,Racing Bulls,8.0,1.0,MEDIUM,8.0,True,103.759,33.559,38.899,31.301,16.0,1,True,False,True,12.6,8.5,17.91741935483871,23.578709677419354,True,False,False,False,False,True,104.137,88.43880637152326,15.698193628476744
2025,Silverstone,R,HAD,6,Racing Bulls,9.0,1.0,MEDIUM,9.0,True,101.705,32.709,38.545,30.451,16.0,1,True,False,True,14.4,8.5,17.91741935483871,23.578709677419354,True,False,False,False,False,True,102.137,88.43880637152326,13.698193628476744
2025,Silverstone,R,HAD,6,Racing Bulls,12.0,2.0,INTERMEDIATE,2.0,True,108.339,33.888,44.272,30.179,16.0,1,True,False,True,19.8,8.5,17.91741935483871,23.578709677419354,True,False,False,False,False,True,108.93299999999999,88.86003991054397,20.072960089456018
2025,Silverstone,R,RUS,63,Mercedes,8.0,1.0,HARD,8.0,True,101.287,31.912,38.915,30.46,13.0,1,True,False,True,12.6,8.5,17.91741935483871,23.578709677419354,True,False,False,False,False,True,101.665,88.854125131038,12.810874868962003
2025,Silverstone,R,RUS,63,Mercedes,9.0,1.0,HARD,9.0,True,101.503,31.324,38.957,31.222,13.0,1,True,False,True,14.4,8.5,17.91741935483871,23.578709677419354,True,False,False,False,False,True,101.935,88.854125131038,13.080874868961999
2025,Silverstone,R,RUS,63,Mercedes,12.0,2.0,INTERMEDIATE,2.0,True,107.571,32.83,45.089,29.652,11.0,1,True,False,True,19.8,8.5,17.91741935483871,23.578709677419354,True,False,False,False,False,True,108.16499999999999,88.86003991054397,19.304960089456017
2025,Silverstone,R,RUS,63,Mercedes,23.0,2.0,INTERMEDIATE,13.0,True,105.37,32.932,43.933,28.505,7.0,1,True,False,True,39.6,8.5,17.91741935483871,23.578709677419354,True,False,False,False,False,True,106.558,88.86003991054397,17.697960089456032
2025,Silverstone,R,RUS,63,Mercedes,24.0,2.0,INTERMEDIATE,14.0,True,104.023,32.574,43.337,28.112,6.0,1,True,False,True,41.4,8.5,17.91741935483871,23.578709677419354,True,False,False,False,False,True,105.265,88.86003991054397,16.404960089456026
2025,Silverstone,R,RUS,63,Mercedes,25.0,2.0,INTERMEDIATE,15.0,True,104.303,32.245,43.464,28.594,6.0,1,True,False,True,43.2,8.5,17.91741935483871,23.578709677419354,True,False,False,False,False,True,105.599,88.86003991054397,16.73896008945603
2025,Silverstone,R,RUS,63,Mercedes,26.0,2.0,INTERMEDIATE,16.0,True,104.89,32.417,43.44,29.033,7.0,1,True,False,True,45.0,8.5,17.91741935483871,23.578709677419354,True,False,False,False,False,True,106.24,88.86003991054397,17.37996008945602
2025,Silverstone,R,RUS,63,Mercedes,27.0,2.0,INTERMEDIATE,17.0,True,103.854,32.288,42.96,28.606,7.0,1,True,False,True,46.8,8.5,17.91741935483871,23.578709677419354,True,False,False,False,False,True,105.258,88.86003991054397,16.39796008945602
2025,Silverstone,R,RUS,63,Mercedes,28.0,2.0,INTERMEDIATE,18.0,True,103.669,32.295,42.763,28.611,7.0,1,True,False,True,48.6,8.5,17.91741935483871,23.578709677419354,True,False,False,False,False,True,105.127,88.86003991054397,16.26696008945602
2025,Silverstone,R,RUS,63,Mercedes,29.0,2.0,INTERMEDIATE,19.0,True,103.869,32.294,42.904,28.671,7.0,1,True,False,True,50.4,8.5,17.91741935483871,23.578709677419354,True,False,False,False,False,True,105.381,88.86003991054397,16.520960089456025
2025,Silverstone,R,RUS,63,Mercedes,30.0,2.0,INTERMEDIATE,20.0,True,104.714,32.581,43.329,28.804,7.0,1,True,False,True,52.2,8.5,17.91741935483871,23.578709677419354,True,False,False,False,False,True,106.28,88.86003991054397,17.419960089456026
2025,Silverstone,R,RUS,63,Mercedes,31.0,2.0,INTERMEDIATE,21.0,True,104.706,32.473,43.362,28.871,7.0,1,True,False,True,54.0,8.5,17.91741935483871,23.578709677419354,True,False,False,False,False,True,106.32600000000001,88.86003991054397,17.465960089456033
2025,Silverstone,R,RUS,63,Mercedes,32.0,2.0,INTERMEDIATE,22.0,True,104.186,32.464,43.019,28.703,7.0,1,True,False,True,55.8,8.5,17.91741935483871,23.578709677419354,True,False,False,False,False,True,105.86000000000001,88.86003991054397,16.99996008945604
2025,Silverstone,R,RUS,63,Mercedes,33.0,2.0,INTERMEDIATE,23.0,True,104.928,32.259,43.664,29.005,7.0,1,True,False,True,57.6,8.5,17.91741935483871,23.578709677419354,True,False,False,False,False,True,106.65599999999999,88.86003991054397,17.795960089456017
2025,Silverstone,R,RUS,63,Mercedes,34.0,2.0,INTERMEDIATE,24.0,True,104.359,32.311,43.74,28.308,7.0,1,True,False,True,59.4,8.5,17.91741935483871,23.578709677419354,True,False,False,False,False,True,106.14099999999999,88.86003991054397,17.280960089456016
2025,Silverstone,R,RUS,63,Mercedes,35.0,2.0,INTERMEDIATE,25.0,True,102.795,32.079,42.637,28.079,7.0,1,True,False,True,61.2,8.5,17.91741935483871,23.578709677419354,True,False,False,False,False,True,104.631,88.86003991054397,15.770960089456025
2025,Silverstone,R,RUS,63,Mercedes,36.0,2.0,INTERMEDIATE,26.0,True,102.502,32.073,42.571,27.858,7.0,1,True,False,True,63.0,8.5,17.91741935483871,23.578709677419354,True,False,False,False,False,True,104.392,88.86003991054397,15.531960089456021
2025,Silverstone,R,RUS,63,Mercedes,37.0,2.0,INTERMEDIATE,27.0,True,101.85,31.954,42.202,27.694,8.0,1,True,False,True,64.8,8.5,17.91741935483871,23.578709677419354,True,False,False,False,False,True,103.794,88.86003991054397,14.933960089456022
2025,Silverstone,R,RUS,63,Mercedes,44.0,3.0,HARD,6.0,True,95.71,30.268,39.811,25.631,10.0,1,True,False,True,77.4,8.5,17.91741935483871,23.578709677419354,True,False,False,False,False,True,98.032,88.854125131038,9.177874868961993
2025,Silverstone,R,RUS,63,Mercedes,45.0,3.0,HARD,7.0,True,93.795,29.818,38.906,25.071,10.0,1,True,False,True,79.2,8.5,17.91741935483871,23.578709677419354,True,False,False,False,False,True,96.171,88.854125131038,7.316874868962003
2025,Silverstone,R,RUS,63,Mercedes,46.0,3.0,HARD,8.0,True,92.141,29.166,38.171,24.804,10.0,1,True,False,True,81.0,8.5,17.91741935483871,23.578709677419354,True,False,False,False,False,True,94.571,88.854125131038,5.716874868961995
2025,Silverstone,R,RUS,63,Mercedes,47.0,3.0,HARD,9.0,True,91.926,29.151,37.831,24.944,10.0,1,True,False,True,82.8,8.5,17.91741935483871,23.578709677419354,True,False,False,False,False,True,94.41,88.854125131038,5.555874868961993
2025,Silverstone,R,RUS,63,Mercedes,48.0,3.0,HARD,10.0,True,91.239,29.048,37.382,24.809,10.0,1,True,False,True,84.60000000000001,8.5,17.91741935483871,23.578709677419354,True,False,False,False,False,True,93.777,88.854125131038,4.922874868961998
2025,Silverstone,R,RUS,63,Mercedes,49.0,3.0,HARD,11.0,True,91.315,29.062,37.374,24.879,10.0,1,True,False,True,86.4,8.5,17.91741935483871,23.578709677419354,True,False,False,False,False,True,93.907,88.854125131038,5.052874868961993
2025,Silverstone,R,RUS,63,Mercedes,50.0,3.0,HARD,12.0,True,90.956,29.004,37.135,24.817,10.0,1,True,False,True,88.2,8.5,17.91741935483871,23.578709677419354,True,False,False,False,False,True,93.602,88.854125131038,4.7478748689620005
2025,Silverstone,R,RUS,63,Mercedes,51.0,3.0,HARD,13.0,True,90.869,29.021,36.896,24.952,10.0,1,True,False,True,90.0,8.5,17.91741935483871,23.578709677419354,True,False,False,False,False,True,93.569,88.854125131038,4.714874868961999
2025,Silverstone,R,RUS,63,Mercedes,52.0,3.0,HARD,14.0,True,91.9,28.998,37.424,25.478,10.0,1,True,False,True,91.8,8.5,17.91741935483871,23.578709677419354,True,False,False,False,False,True,94.65400000000001,88.854125131038,5.799874868962007
2025,Silverstone,R,PIA,81,McLaren,8.0,1.0,INTERMEDIATE,8.0,True,104.171,31.681,43.106,29.384,1.0,1,True,False,True,12.6,8.5,17.91741935483871,23.578709677419354,True,False,False,False,False,True,104.549,88.86003991054397,15.688960089456032
2025,Silverstone,R,PIA,81,McLaren,9.0,1.0,INTERMEDIATE,9.0,True,104.393,32.311,42.336,29.746,1.0,1,True,False,True,14.4,8.5,17.91741935483871,23.578709677419354,True,False,False,False,False,True,104.825,88.86003991054397,15.964960089456028
2025,Silverstone,R,PIA,81,McLaren,10.0,1.0,INTERMEDIATE,10.0,True,104.89,32.185,43.284,29.421,1.0,1,True,False,True,16.2,8.5,17.91741935483871,23.578709677419354,True,False,False,False,False,True,105.376,88.86003991054397,16.51596008945603
2025,Silverstone,R,PIA,81,McLaren,23.0,2.0,INTERMEDIATE,12.0,True,102.3,32.244,41.849,28.207,1.0,1,True,False,True,39.6,8.5,17.91741935483871,23.578709677419354,True,False,False,False,False,True,103.488,88.86003991054397,14.627960089456025
2025,Silverstone,R,PIA,81,McLaren,24.0,2.0,INTERMEDIATE,13.0,True,101.978,32.135,41.59,28.253,1.0,1,True,False,True,41.4,8.5,17.91741935483871,23.578709677419354,True,False,False,False,False,True,103.22,88.86003991054397,14.359960089456024
2025,Silverstone,R,PIA,81,McLaren,25.0,2.0,INTERMEDIATE,14.0,True,101.581,31.977,41.713,27.891,1.0,1,True,False,True,43.2,8.5,17.91741935483871,23.578709677419354,True,False,False,False,False,True,102.87700000000001,88.86003991054397,14.016960089456035
2025,Silverstone,R,PIA,81,McLaren,26.0,2.0,INTERMEDIATE,15.0,True,101.646,31.823,41.962,27.861,1.0,1,True,False,True,45.0,8.5,17.91741935483871,23.578709677419354,True,False,False,False,False,True,102.996,88.86003991054397,14.13596008945602
2025,Silverstone,R,PIA,81,McLaren,27.0,2.0,INTERMEDIATE,16.0,True,102.133,31.792,42.311,28.03,1.0,1,True,False,True,46.8,8.5,17.91741935483871,23.578709677419354,True,False,False,False,False,True,103.53699999999999,88.86003991054397,14.676960089456017
2025,Silverstone,R,PIA,81,McLaren,28.0,2.0,INTERMEDIATE,17.0,True,102.428,32.004,42.272,28.152,1.0,1,True,False,True,48.6,8.5,17.91741935483871,23.578709677419354,True,False,False,False,False,True,103.886,88.86003991054397,15.02596008945602
2025,Silverstone,R,PIA,81,McLaren,29.0,2.0,INTERMEDIATE,18.0,True,102.815,32.093,42.455,28.267,1.0,1,True,False,True,50.4,8.5,17.91741935483871,23.578709677419354,True,False,False,False,False,True,104.327,88.86003991054397,15.466960089456023
2025,Silverstone,R,PIA,81,McLaren,30.0,2.0,INTERMEDIATE,19.0,True,102.887,32.008,42.543,28.336,1.0,1,True,False,True,52.2,8.5,17.91741935483871,23.578709677419354,True,False,False,False,False,True,104.453,88.86003991054397,15.592960089456028
2025,Silverstone,R,PIA,81,McLaren,31.0,2.0,INTERMEDIATE,20.0,True,102.642,32.061,42.638,27.943,1.0,1,True,False,True,54.0,8.5,17.91741935483871,23.578709677419354,True,False,False,False,False,True,104.262,88.86003991054397,15.401960089456026
2025,Silverstone,R,PIA,81,McLaren,32.0,2.0,INTERMEDIATE,21.0,True,102.01,31.913,42.163,27.934,1.0,1,True,False,True,55.8,8.5,17.91741935483871,23.578709677419354,True,False,False,False,False,True,103.68400000000001,88.86003991054397,14.823960089456037
2025,Silverstone,R,PIA,81,McLaren,33.0,2.0,INTERMEDIATE,22.0,True,101.663,31.885,41.893,27.885,1.0,1,True,False,True,57.6,8.5,17.91741935483871,23.578709677419354,True,False,False,False,False,True,103.39099999999999,88.86003991054397,14.530960089456016
2025,Silverstone,R,PIA,81,McLaren,34.0,2.0,INTERMEDIATE,23.0,True,101.386,31.863,41.864,27.659,1.0,1,True,False,True,59.4,8.5,17.91741935483871,23.578709677419354,True,False,False,False,False,True,103.16799999999999,88.86003991054397,14.307960089456017
2025,Silverstone,R,PIA,81,McLaren,35.0,2.0,INTERMEDIATE,24.0,True,101.091,31.824,41.694,27.573,1.0,1,True,False,True,61.2,8.5,17.91741935483871,23.578709677419354,True,False,False,False,False,True,102.92699999999999,88.86003991054397,14.066960089456018
2025,Silverstone,R,PIA,81,McLaren,36.0,2.0,INTERMEDIATE,25.0,True,100.97,31.707,41.63,27.633,1.0,1,True,False,True,63.0,8.5,17.91741935483871,23.578709677419354,True,False,False,False,False,True,102.86,88.86003991054397,13.999960089456025
2025,Silverstone,R,PIA,81,McLaren,37.0,2.0,INTERMEDIATE,26.0,True,100.351,31.79,41.242,27.319,1.0,1,True,False,True,64.8,8.5,17.91741935483871,23.578709677419354,True,False,False,False,False,True,102.295,88.86003991054397,13.434960089456027
2025,Silverstone,R,PIA,81,McLaren,38.0,2.0,INTERMEDIATE,27.0,True,100.127,31.558,41.292,27.277,1.0,1,True,False,True,66.60000000000001,8.5,17.91741935483871,23.578709677419354,True,False,False,False,False,True,102.125,88.86003991054397,13.264960089456025
2025,Silverstone,R,PIA,81,McLaren,39.0,2.0,INTERMEDIATE,28.0,True,99.8,31.658,41.125,27.017,1.0,1,True,False,True,68.4,8.5,17.91741935483871,23.578709677419354,True,False,False,False,False,True,101.852,88.86003991054397,12.991960089456029
2025,Silverstone,R,PIA,81,McLaren,41.0,2.0,INTERMEDIATE,30.0,True,99.273,31.453,40.804,27.016,1.0,1,True,False,True,72.0,8.5,17.91741935483871,23.578709677419354,True,False,False,False,False,True,101.43299999999999,88.86003991054397,12.572960089456018
2025,Silverstone,R,PIA,81,McLaren,42.0,2.0,INTERMEDIATE,31.0,True,98.87,31.535,40.363,26.972,1.0,1,True,False,True,73.8,8.5,17.91741935483871,23.578709677419354,True,False,False,False,False,True,101.084,88.86003991054397,12.223960089456028
2025,Silverstone,R,PIA,81,McLaren,45.0,3.0,MEDIUM,2.0,True,94.87,29.98,39.219,25.671,2.0,1,True,False,True,79.2,8.5,17.91741935483871,23.578709677419354,True,False,False,False,False,True,97.24600000000001,88.43880637152326,8.807193628476753
2025,Silverstone,R,PIA,81,McLaren,46.0,3.0,MEDIUM,3.0,True,91.673,29.556,37.438,24.679,2.0,1,True,False,True,81.0,8.5,17.91741935483871,23.578709677419354,True,False,False,False,False,True,94.10300000000001,88.43880637152326,5.6641936284767525
2025,Silverstone,R,PIA,81,McLaren,47.0,3.0,MEDIUM,4.0,True,90.609,29.19,36.888,24.531,2.0,1,True,False,True,82.8,8.5,17.91741935483871,23.578709677419354,True,False,False,False,False,True,93.09299999999999,88.43880637152326,4.654193628476733
2025,Silverstone,R,PIA,81,McLaren,48.0,3.0,MEDIUM,5.0,True,90.817,29.194,37.126,24.497,2.0,1,True,False,True,84.60000000000001,8.5,17.91741935483871,23.578709677419354,True,False,False,False,False,True,93.35499999999999,88.43880637152326,4.916193628476734
2025,Silverstone,R,PIA,81,McLaren,49.0,3.0,MEDIUM,6.0,True,90.209,28.878,36.828,24.503,2.0,1,True,False,True,86.4,8.5,17.91741935483871,23.578709677419354,True,False,False,False,False,True,92.801,88.43880637152326,4.362193628476746
2025,Silverstone,R,PIA,81,McLaren,50.0,3.0,MEDIUM,7.0,True,89.686,28.864,36.518,24.304,2.0,1,True,False,True,88.2,8.5,17.91741935483871,23.578709677419354,True,False,False,False,False,True,92.33200000000001,88.43880637152326,3.8931936284767517
2025,Silverstone,R,PIA,81,McLaren,51.0,3.0,MEDIUM,8.0,True,89.337,28.705,36.333,24.299,2.0,1,True,False,True,90.0,8.5,17.91741935483871,23.578709677419354,True,False,False,False,False,True,92.037,88.43880637152326,3.59819362847675
2025,Silverstone,R,PIA,81,McLaren,52.0,3.0,MEDIUM,9.0,True,92.34,28.768,38.663,24.909,2.0,1,True,False,True,91.8,8.5,17.91741935483871,23.578709677419354,True,False,False,False,False,True,95.09400000000001,88.43880637152326,6.655193628476752
2025,Silverstone,R,BEA,87,Haas F1 Team,8.0,1.0,HARD,8.0,True,104.011,33.383,38.878,31.75,17.0,1,True,False,True,12.6,8.5,17.91741935483871,23.578709677419354,True,False,False,False,False,True,104.389,88.854125131038,15.534874868961992
2025,Silverstone,R,BEA,87,Haas F1 Team,9.0,1.0,HARD,9.0,True,102.431,32.593,38.763,31.075,17.0,1,True,False,True,14.4,8.5,17.91741935483871,23.578709677419354,True,False,False,False,False,True,102.863,88.854125131038,14.008874868961996
2025,Silverstone,R,BEA,87,Haas F1 Team,12.0,2.0,INTERMEDIATE,2.0,True,108.51,34.01,44.576,29.924,17.0,1,True,False,True,19.8,8.5,17.91741935483871,23.578709677419354,True,False,False,False,False,True,109.104,88.86003991054397,20.243960089456024
2025,Silverstone,R,BEA,87,Haas F1 Team,23.0,2.0,INTERMEDIATE,13.0,True,107.955,33.811,44.782,29.362,15.0,1,True,False,True,39.6,8.5,17.91741935483871,23.578709677419354,True,False,False,False,False,True,109.143,88.86003991054397,20.282960089456026
2025,Silverstone,R,BEA,87,Haas F1 Team,24.0,2.0,INTERMEDIATE,14.0,True,105.308,32.77,43.329,29.209,15.0,1,True,False,True,41.4,8.5,17.91741935483871,23.578709677419354,True,False,False,False,False,True,106.55000000000001,88.86003991054397,17.689960089456036
2025,Silverstone,R,BEA,87,Haas F1 Team,25.0,2.0,INTERMEDIATE,15.0,True,104.627,32.492,43.29,28.845,15.0,1,True,False,True,43.2,8.5,17.91741935483871,23.578709677419354,True,False,False,False,False,True,105.923,88.86003991054397,17.062960089456027
2025,Silverstone,R,BEA,87,Haas F1 Team,26.0,2.0,INTERMEDIATE,16.0,True,103.157,32.451,42.487,28.219,14.0,1,True,False,True,45.0,8.5,17.91741935483871,23.578709677419354,True,False,False,False,False,True,104.50699999999999,88.86003991054397,15.646960089456016
2025,Silverstone,R,BEA,87,Haas F1 Team,27.0,2.0,INTERMEDIATE,17.0,True,102.738,32.057,42.097,28.584,14.0,1,True,False,True,46.8,8.5,17.91741935483871,23.578709677419354,True,False,False,False,False,True,104.142,88.86003991054397,15.281960089456021
2025,Silverstone,R,BEA,87,Haas F1 Team,28.0,2.0,INTERMEDIATE,18.0,True,103.912,32.415,42.648,28.849,14.0,1,True,False,True,48.6,8.5,17.91741935483871,23.578709677419354,True,False,False,False,False,True,105.37,88.86003991054397,16.50996008945603
2025,Silverstone,R,BEA,87,Haas F1 Team,29.0,2.0,INTERMEDIATE,19.0,True,104.926,32.721,43.165,29.04,14.0,1,True,False,True,50.4,8.5,17.91741935483871,23.578709677419354,True,False,False,False,False,True,106.438,88.86003991054397,17.577960089456028
2025,Silverstone,R,BEA,87,Haas F1 Team,30.0,2.0,INTERMEDIATE,20.0,True,104.269,32.802,42.796,28.671,13.0,1,True,False,True,52.2,8.5,17.91741935483871,23.578709677419354,True,False,False,False,False,True,105.83500000000001,88.86003991054397,16.974960089456033
2025,Silverstone,R,BEA,87,Haas F1 Team,31.0,2.0,INTERMEDIATE,21.0,True,104.0,32.65,42.843,28.507,13.0,1,True,False,True,54.0,8.5,17.91741935483871,23.578709677419354,True,False,False,False,False,True,105.62,88.86003991054397,16.75996008945603
2025,Silverstone,R,BEA,87,Haas F1 Team,32.0,2.0,INTERMEDIATE,22.0,True,103.978,32.594,43.04,28.344,13.0,1,True,False,True,55.8,8.5,17.91741935483871,23.578709677419354,True,False,False,False,False,True,105.652,88.86003991054397,16.791960089456026
2025,Silverstone,R,BEA,87,Haas F1 Team,33.0,2.0,INTERMEDIATE,23.0,True,103.937,32.576,42.987,28.374,13.0,1,True,False,True,57.6,8.5,17.91741935483871,23.578709677419354,True,False,False,False,False,True,105.66499999999999,88.86003991054397,16.804960089456017
2025,Silverstone,R,BEA,87,Haas F1 Team,34.0,2.0,INTERMEDIATE,24.0,True,103.948,32.528,43.004,28.416,13.0,1,True,False,True,59.4,8.5,17.91741935483871,23.578709677419354,True,False,False,False,False,True,105.72999999999999,88.86003991054397,16.869960089456015
2025,Silverstone,R,BEA,87,Haas F1 Team,35.0,2.0,INTERMEDIATE,25.0,True,104.439,32.516,43.479,28.444,13.0,1,True,False,True,61.2,8.5,17.91741935483871,23.578709677419354,True,False,False,False,False,True,106.27499999999999,88.86003991054397,17.414960089456017
2025,Silverstone,R,BEA,87,Haas F1 Team,36.0,2.0,INTERMEDIATE,26.0,True,102.937,32.293,42.61,28.034,13.0,1,True,False,True,63.0,8.5,17.91741935483871,23.578709677419354,True,False,False,False,False,True,104.827,88.86003991054397,15.966960089456023
2025,Silverstone,R,BEA,87,Haas F1 Team,37.0,2.0,INTERMEDIATE,27.0,True,103.169,32.253,42.514,28.402,13.0,1,True,False,True,64.8,8.5,17.91741935483871,23.578709677419354,True,False,False,False,False,True,105.113,88.86003991054397,16.252960089456025
2025,Silverstone,R,BEA,87,Haas F1 Team,38.0,2.0,INTERMEDIATE,28.0,True,102.626,32.469,42.129,28.028,12.0,1,True,False,True,66.60000000000001,8.5,17.91741935483871,23.578709677419354,True,False,False,False,False,True,104.62400000000001,88.86003991054397,15.763960089456035
2025,Silverstone,R,BEA,87,Haas F1 Team,40.0,2.0,INTERMEDIATE,30.0,True,102.278,32.01,42.352,27.916,11.0,1,True,False,True,70.2,8.5,17.91741935483871,23.578709677419354,True,False,False,False,False,True,104.384,88.86003991054397,15.523960089456025
2025,Silverstone,R,BEA,87,Haas F1 Team,44.0,3.0,MEDIUM,3.0,True,94.874,30.124,39.106,25.644,11.0,1,True,False,True,77.4,8.5,17.91741935483871,23.578709677419354,True,False,False,False,False,True,97.196,88.43880637152326,8.757193628476742
2025,Silverstone,R,BEA,87,Haas F1 Team,45.0,3.0,MEDIUM,4.0,True,93.735,29.412,39.086,25.237,11.0,1,True,False,True,79.2,8.5,17.91741935483871,23.578709677419354,True,False,False,False,False,True,96.111,88.43880637152326,7.672193628476748
2025,Silverstone,R,BEA,87,Haas F1 Team,46.0,3.0,MEDIUM,5.0,True,92.102,29.222,37.831,25.049,11.0,1,True,False,True,81.0,8.5,17.91741935483871,23.578709677419354,True,False,False,False,False,True,94.53200000000001,88.43880637152326,6.0931936284767545
2025,Silverstone,R,BEA,87,Haas F1 Team,47.0,3.0,MEDIUM,6.0,True,92.098,29.435,37.53,25.133,11.0,1,True,False,True,82.8,8.5,17.91741935483871,23.578709677419354,True,False,False,False,False,True,94.582,88.43880637152326,6.1431936284767374
2025,Silverstone,R,BEA,87,Haas F1 Team,48.0,3.0,MEDIUM,7.0,True,91.041,29.191,37.115,24.735,11.0,1,True,False,True,84.60000000000001,8.5,17.91741935483871,23.578709677419354,True,False,False,False,False,True,93.579,88.43880637152326,5.140193628476737
2025,Silverstone,R,BEA,87,Haas F1 Team,49.0,3.0,MEDIUM,8.0,True,91.273,29.03,37.237,25.006,11.0,1,True,False,True,86.4,8.5,17.91741935483871,23.578709677419354,True,False,False,False,False,True,93.865,88.43880637152326,5.426193628476739
2025,Silverstone,R,BEA,87,Haas F1 Team,50.0,3.0,MEDIUM,9.0,True,90.921,29.104,37.062,24.755,11.0,1,True,False,True,88.2,8.5,17.91741935483871,23.578709677419354,True,False,False,False,False,True,93.56700000000001,88.43880637152326,5.128193628476751
2025,Silverstone,R,BEA,87,Haas F1 Team,51.0,3.0,MEDIUM,10.0,True,91.121,29.159,36.99,24.972,11.0,1,True,False,True,90.0,8.5,17.91741935483871,23.578709677419354,True,False,False,False,False,True,93.821,88.43880637152326,5.382193628476742
2025,Silverstone,R,BEA,87,Haas F1 Team,52.0,3.0,MEDIUM,11.0,True,92.585,29.012,38.59,24.983,11.0,1,True,False,True,91.8,8.5,17.91741935483871,23.578709677419354,True,False,False,False,False,True,95.339,88.43880637152326,6.9001936284767424
2025,Imola,R,VER,1,Red Bull Racing,2.0,1.0,MEDIUM,2.0,True,81.131,26.069,28.244,26.818,1.0,1,True,False,True,1.8,8.5,23.964666666666663,42.664,False,False,False,False,False,True,81.185,82.06481747475915,-0.8798174747591503
2025,Imola,R,VER,1,Red Bull Racing,3.0,1.0,MEDIUM,3.0,True,81.258,26.064,28.332,26.862,1.0,1,True,False,True,3.6,8.5,23.964666666666663,42.664,False,False,False,False,False,True,81.366,82.06481747475915,-0.6988174747591529
2025,Imola,R,VER,1,Red Bull Racing,4.0,1.0,MEDIUM,4.0,True,81.218,26.005,28.236,26.977,1.0,1,True,False,True,5.4,8.5,23.964666666666663,42.664,False,False,False,False,False,True,81.38000000000001,82.06481747475915,-0.6848174747591429
2025,Imola,R,VER,1,Red Bull Racing,5.0,1.0,MEDIUM,5.0,True,81.228,26.032,28.192,27.004,1.0,1,True,False,True,7.2,8.5,23.964666666666663,42.664,False,False,False,False,False,True,81.44399999999999,82.06481747475915,-0.6208174747591642
2025,Imola,R,VER,1,Red Bull Racing,6.0,1.0,MEDIUM,6.0,True,80.977,25.832,28.253,26.892,1.0,1,True,False,True,9.0,8.5,23.964666666666663,42.664,False,False,False,False,False,True,81.247,82.06481747475915,-0.8178174747591527
2025,Imola,R,VER,1,Red Bull Racing,7.0,1.0,MEDIUM,7.0,True,81.496,26.129,28.213,27.154,1.0,1,True,False,True,10.8,8.5,23.964666666666663,42.664,False,False,False,False,False,True,81.82,82.06481747475915,-0.24481747475915938
2025,Imola,R,VER,1,Red Bull Racing,8.0,1.0,MEDIUM,8.0,True,81.206,25.941,28.294,26.971,1.0,1,True,False,True,12.6,8.5,23.964666666666663,42.664,False,False,False,False,False,True,81.584,82.06481747475915,-0.4808174747591494
2025,Imola,R,VER,1,Red Bull Racing,9.0,1.0,MEDIUM,9.0,True,81.194,25.92,28.216,27.058,1.0,1,True,False,True,14.4,8.5,23.964666666666663,42.664,False,False,False,False,False,True,81.626,82.06481747475915,-0.4388174747591478
2025,Imola,R,VER,1,Red Bull Racing,10.0,1.0,MEDIUM,10.0,True,81.257,25.969,28.27,27.018,1.0,1,True,False,True,16.2,8.5,23.964666666666663,42.664,False,False,False,False,False,True,81.74300000000001,82.06481747475915,-0.32181747475914335
2025,Imola,R,VER,1,Red Bull Racing,11.0,1.0,MEDIUM,11.0,True,81.289,25.949,28.178,27.162,1.0,1,True,False,True,18.0,8.5,23.964666666666663,42.664,False,False,False,False,False,True,81.82900000000001,82.06481747475915,-0.23581747475914483
2025,Imola,R,VER,1,Red Bull Racing,12.0,1.0,MEDIUM,12.0,True,81.51,26.025,28.331,27.154,1.0,1,True,False,True,19.8,8.5,23.964666666666663,42.664,False,False,False,False,False,True,82.104,82.06481747475915,0.039182525240846644
2025,Imola,R,VER,1,Red Bull Racing,13.0,1.0,MEDIUM,13.0,True,81.435,25.951,28.336,27.148,1.0,1,True,False,True,21.6,8.5,23.964666666666663,42.664,False,False,False,False,False,True,82.083,82.06481747475915,0.018182525240845848
2025,Imola,R,VER,1,Red Bull Racing,14.0,1.0,MEDIUM,14.0,True,81.402,25.887,28.363,27.152,1.0,1,True,False,True,23.4,8.5,23.964666666666663,42.664,False,False,False,False,False,True,82.104,82.06481747475915,0.039182525240846644
2025,Imola,R,VER,1,Red Bull Racing,15.0,1.0,MEDIUM,15.0,True,81.231,25.844,28.255,27.132,1.0,1,True,False,True,25.2,8.5,23.964666666666663,42.664,False,False,False,False,False,True,81.987,82.06481747475915,-0.07781747475915779
2025,Imola,R,VER,1,Red Bull Racing,16.0,1.0,MEDIUM,16.0,True,81.276,25.803,28.346,27.127,1.0,1,True,False,True,27.0,8.5,23.964666666666663,42.664,False,False,False,False,False,True,82.086,82.06481747475915,0.021182525240845962
2025,Imola,R,VER,1,Red Bull Racing,17.0,1.0,MEDIUM,17.0,True,81.024,25.73,28.149,27.145,1.0,1,True,False,True,28.8,8.5,23.964666666666663,42.664,False,False,False,False,False,True,81.888,82.06481747475915,-0.17681747475914733
2025,Imola,R,VER,1,Red Bull Racing,18.0,1.0,MEDIUM,18.0,True,80.856,25.47,28.194,27.192,1.0,1,True,False,True,30.6,8.5,23.964666666666663,42.664,False,False,False,False,False,True,81.774,82.06481747475915,-0.29081747475915165
2025,Imola,R,VER,1,Red Bull Racing,19.0,1.0,MEDIUM,19.0,True,81.255,25.757,28.324,27.174,1.0,1,True,False,True,32.4,8.5,23.964666666666663,42.664,False,False,False,False,False,True,82.22699999999999,82.06481747475915,0.1621825252408371
2025,Imola,R,VER,1,Red Bull Racing,20.0,1.0,MEDIUM,20.0,True,81.206,25.624,28.349,27.233,1.0,1,True,False,True,34.2,8.5,23.964666666666663,42.664,False,False,False,False,False,True,82.232,82.06481747475915,0.16718252524084676
2025,Imola,R,VER,1,Red Bull Racing,21.0,1.0,MEDIUM,21.0,True,81.115,25.571,28.263,27.281,1.0,1,True,False,True,36.0,8.5,23.964666666666663,42.664,False,False,False,False,False,True,82.195,82.06481747475915,0.13018252524084062
2025,Imola,R,VER,1,Red Bull Racing,22.0,1.0,MEDIUM,22.0,True,81.161,25.609,28.278,27.274,1.0,1,True,False,True,37.8,8.5,23.964666666666663,42.664,False,False,False,False,False,True,82.295,82.06481747475915,0.23018252524084915
2025,Imola,R,VER,1,Red Bull Racing,23.0,1.0,MEDIUM,23.0,True,81.464,25.645,28.43,27.389,1.0,1,True,False,True,39.6,8.5,23.964666666666663,42.664,False,False,False,False,False,True,82.652,82.06481747475915,0.5871825252408485
2025,Imola,R,VER,1,Red Bull Racing,24.0,1.0,MEDIUM,24.0,True,81.254,25.69,28.28,27.284,1.0,1,True,False,True,41.4,8.5,23.964666666666663,42.664,False,False,False,False,False,True,82.49600000000001,82.06481747475915,0.43118252524085676
2025,Imola,R,VER,1,Red Bull Racing,25.0,1.0,MEDIUM,25.0,True,81.36,25.688,28.328,27.344,1.0,1,True,False,True,43.2,8.5,23.964666666666663,42.664,False,False,False,False,False,True,82.656,82.06481747475915,0.5911825252408534
2025,Imola,R,VER,1,Red Bull Racing,26.0,1.0,MEDIUM,26.0,True,81.079,25.524,28.223,27.332,1.0,1,True,False,True,45.0,8.5,23.964666666666663,42.664,False,False,False,False,False,True,82.42899999999999,82.06481747475915,0.3641825252408353
2025,Imola,R,VER,1,Red Bull Racing,27.0,1.0,MEDIUM,27.0,True,81.316,25.603,28.211,27.502,1.0,1,True,False,True,46.8,8.5,23.964666666666663,42.664,False,False,False,False,False,True,82.72,82.06481747475915,0.6551825252408463
2025,Imola,R,VER,1,Red Bull Racing,28.0,1.0,MEDIUM,28.0,True,81.579,25.731,28.414,27.434,1.0,1,True,False,True,48.6,8.5,23.964666666666663,42.664,False,False,False,False,False,True,83.03699999999999,82.06481747475915,0.9721825252408394
2025,Imola,R,VER,1,Red Bull Racing,32.0,2.0,HARD,3.0,True,80.33,25.835,27.8,26.695,1.0,1,True,False,True,55.8,8.5,23.964666666666663,42.664,False,False,False,False,False,True,82.004,82.48013623427389,-0.47613623427388063
2025,Imola,R,VER,1,Red Bull Racing,33.0,2.0,HARD,4.0,True,80.347,25.75,27.934,26.663,1.0,1,True,False,True,57.6,8.5,23.964666666666663,42.664,False,False,False,False,False,True,82.07499999999999,82.48013623427389,-0.4051362342738969
2025,Imola,R,VER,1,Red Bull Racing,34.0,2.0,HARD,5.0,True,80.271,25.521,27.984,26.766,1.0,1,True,False,True,59.4,8.5,23.964666666666663,42.664,False,False,False,False,False,True,82.053,82.48013623427389,-0.42713623427388825
2025,Imola,R,VER,1,Red Bull Racing,35.0,2.0,HARD,6.0,True,80.12,25.587,27.802,26.731,1.0,1,True,False,True,61.2,8.5,23.964666666666663,42.664,False,False,False,False,False,True,81.956,82.48013623427389,-0.5241362342738825
2025,Imola,R,VER,1,Red Bull Racing,36.0,2.0,HARD,7.0,True,79.96,25.489,27.847,26.624,1.0,1,True,False,True,63.0,8.5,23.964666666666663,42.664,False,False,False,False,False,True,81.85,82.48013623427389,-0.6301362342738912
2025,Imola,R,VER,1,Red Bull Racing,37.0,2.0,HARD,8.0,True,79.706,25.242,27.812,26.652,1.0,1,True,False,True,64.8,8.5,23.964666666666663,42.664,False,False,False,False,False,True,81.65,82.48013623427389,-0.8301362342738798
2025,Imola,R,VER,1,Red Bull Racing,38.0,2.0,HARD,9.0,True,79.788,25.297,27.828,26.663,1.0,1,True,False,True,66.60000000000001,8.5,23.964666666666663,42.664,False,False,False,False,False,True,81.786,82.48013623427389,-0.6941362342738842
2025,Imola,R,VER,1,Red Bull Racing,39.0,2.0,HARD,10.0,True,79.755,25.354,27.708,26.693,1.0,1,True,False,True,68.4,8.5,23.964666666666663,42.664,False,False,False,False,False,True,81.807,82.48013623427389,-0.6731362342738834
2025,Imola,R,VER,1,Red Bull Racing,40.0,2.0,HARD,11.0,True,79.653,25.292,27.749,26.612,1.0,1,True,False,True,70.2,8.5,23.964666666666663,42.664,False,False,False,False,False,True,81.759,82.48013623427389,-0.7211362342738852
2025,Imola,R,VER,1,Red Bull Racing,41.0,2.0,HARD,12.0,True,79.639,25.233,27.738,26.668,1.0,1,True,False,True,72.0,8.5,23.964666666666663,42.664,False,False,False,False,False,True,81.79899999999999,82.48013623427389,-0.6811362342738931
2025,Imola,R,VER,1,Red Bull Racing,42.0,2.0,HARD,13.0,True,79.513,25.071,27.788,26.654,1.0,1,True,False,True,73.8,8.5,23.964666666666663,42.664,False,False,False,False,False,True,81.727,82.48013623427389,-0.7531362342738817
2025,Imola,R,VER,1,Red Bull Racing,43.0,2.0,HARD,14.0,True,79.553,25.174,27.726,26.653,1.0,1,True,False,True,75.60000000000001,8.5,23.964666666666663,42.664,False,False,False,False,False,True,81.821,82.48013623427389,-0.6591362342738876
2025,Imola,R,VER,1,Red Bull Racing,44.0,2.0,HARD,15.0,True,79.79,25.27,27.684,26.836,1.0,1,True,False,True,77.4,8.5,23.964666666666663,42.664,False,False,False,False,False,True,82.11200000000001,82.48013623427389,-0.36813623427387654
2025,Imola,R,VER,1,Red Bull Racing,45.0,2.0,HARD,16.0,True,80.167,25.221,27.927,27.019,1.0,1,True,False,True,79.2,8.5,23.964666666666663,42.664,False,False,False,False,False,True,82.543,82.48013623427389,0.06286376572612085
2025,Imola,R,VER,1,Red Bull Racing,54.0,3.0,HARD,8.0,True,78.611,25.076,27.305,26.23,1.0,1,True,False,True,95.4,8.5,23.964666666666663,42.664,False,False,False,False,False,True,81.473,82.48013623427389,-1.0071362342738865
2025,Imola,R,VER,1,Red Bull Racing,55.0,3.0,HARD,9.0,True,78.214,25.048,27.096,26.07,1.0,1,True,False,True,97.2,8.5,23.964666666666663,42.664,False,False,False,False,False,True,81.13,82.48013623427389,-1.35013623427389
2025,Imola,R,VER,1,Red Bull Racing,56.0,3.0,HARD,10.0,True,78.101,24.96,27.054,26.087,1.0,1,True,False,True,99.0,8.5,23.964666666666663,42.664,False,False,False,False,False,True,81.071,82.48013623427389,-1.4091362342738876
2025,Imola,R,VER,1,Red Bull Racing,57.0,3.0,HARD,11.0,True,78.22,24.921,27.129,26.17,1.0,1,True,False,True,100.8,8.5,23.964666666666663,42.664,False,False,False,False,False,True,81.244,82.48013623427389,-1.2361362342738857
2025,Imola,R,VER,1,Red Bull Racing,58.0,3.0,HARD,12.0,True,77.988,24.823,26.986,26.179,1.0,1,True,False,True,102.6,8.5,23.964666666666663,42.664,False,False,False,False,False,True,81.066,82.48013623427389,-1.414136234273883
2025,Imola,R,VER,1,Red Bull Racing,59.0,3.0,HARD,13.0,True,78.037,24.77,26.965,26.302,1.0,1,True,False,True,104.4,8.5,23.964666666666663,42.664,False,False,False,False,False,True,81.16900000000001,82.48013623427389,-1.3111362342738744
2025,Imola,R,VER,1,Red Bull Racing,60.0,3.0,HARD,14.0,True,78.439,25.036,27.197,26.206,1.0,1,True,False,True,106.2,8.5,23.964666666666663,42.664,False,False,False,False,False,True,81.625,82.48013623427389,-0.8551362342738855
2025,Imola,R,VER,1,Red Bull Racing,61.0,3.0,HARD,15.0,True,78.399,24.939,27.107,26.353,1.0,1,True,False,True,108.0,8.5,23.964666666666663,42.664,False,False,False,False,False,True,81.639,82.48013623427389,-0.8411362342738897
2025,Imola,R,VER,1,Red Bull Racing,62.0,3.0,HARD,16.0,True,78.597,24.972,27.214,26.411,1.0,1,True,False,True,109.8,8.5,23.964666666666663,42.664,False,False,False,False,False,True,81.89099999999999,82.48013623427389,-0.5891362342738944
2025,Imola,R,VER,1,Red Bull Racing,63.0,3.0,HARD,17.0,True,78.589,24.997,27.202,26.39,1.0,1,True,False,True,111.6,8.5,23.964666666666663,42.664,False,False,False,False,False,True,81.937,82.48013623427389,-0.5431362342738879
2025,Imola,R,GAS,10,Alpine,2.0,1.0,MEDIUM,2.0,True,82.771,26.788,28.72,27.263,9.0,1,True,False,True,1.8,8.5,23.964666666666663,42.664,False,False,False,False,False,True,82.825,82.06481747475915,0.7601825252408503
2025,Imola,R,GAS,10,Alpine,3.0,1.0,MEDIUM,3.0,True,85.766,25.818,32.256,27.692,14.0,1,True,False,True,3.6,8.5,23.964666666666663,42.664,False,False,False,False,False,True,85.87400000000001,82.06481747475915,3.809182525240857
2025,Imola,R,GAS,10,Alpine,4.0,1.0,MEDIUM,4.0,True,81.805,25.869,28.615,27.321,14.0,1,True,False,True,5.4,8.5,23.964666666666663,42.664,False,False,False,False,False,True,81.96700000000001,82.06481747475915,-0.0978174747591396
2025,Imola,R,GAS,10,Alpine,5.0,1.0,MEDIUM,5.0,True,81.668,25.827,28.54,27.301,14.0,1,True,False,True,7.2,8.5,23.964666666666663,42.664,False,False,False,False,False,True,81.884,82.06481747475915,-0.18081747475915222
2025,Imola,R,GAS,10,Alpine,6.0,1.0,MEDIUM,6.0,True,81.541,25.751,28.665,27.125,14.0,1,True,False,True,9.0,8.5,23.964666666666663,42.664,False,False,False,False,False,True,81.81099999999999,82.06481747475915,-0.2538174747591597
2025,Imola,R,GAS,10,Alpine,7.0,1.0,MEDIUM,7.0,True,82.462,25.762,28.607,28.093,14.0,1,True,False,True,10.8,8.5,23.964666666666663,42.664,False,False,False,False,False,True,82.786,82.06481747475915,0.7211825252408488
2025,Imola,R,GAS,10,Alpine,8.0,1.0,MEDIUM,8.0,True,81.926,25.797,28.631,27.498,14.0,1,True,False,True,12.6,8.5,23.964666666666663,42.664,False,False,False,False,False,True,82.304,82.06481747475915,0.2391825252408495
2025,Imola,R,GAS,10,Alpine,11.0,2.0,HARD,2.0,True,81.243,26.193,28.043,27.007,19.0,1,True,False,True,18.0,8.5,23.964666666666663,42.664,False,False,False,False,False,True,81.783,82.48013623427389,-0.6971362342738843
2025,Imola,R,GAS,10,Alpine,12.0,2.0,HARD,3.0,True,81.321,25.847,28.326,27.148,19.0,1,True,False,True,19.8,8.5,23.964666666666663,42.664,False,False,False,False,False,True,81.91499999999999,82.48013623427389,-0.5651362342738935
2025,Imola,R,GAS,10,Alpine,13.0,2.0,HARD,4.0,True,82.193,26.012,28.683,27.498,18.0,1,True,False,True,21.6,8.5,23.964666666666663,42.664,False,False,False,False,False,True,82.841,82.48013623427389,0.36086376572610845
2025,Imola,R,GAS,10,Alpine,14.0,2.0,HARD,5.0,True,81.439,25.476,28.709,27.254,17.0,1,True,False,True,23.4,8.5,23.964666666666663,42.664,False,False,False,False,False,True,82.14099999999999,82.48013623427389,-0.3391362342738944
2025,Imola,R,GAS,10,Alpine,15.0,2.0,HARD,6.0,True,81.584,25.918,28.486,27.18,16.0,1,True,False,True,25.2,8.5,23.964666666666663,42.664,False,False,False,False,False,True,82.34,82.48013623427389,-0.1401362342738821
2025,Imola,R,GAS,10,Alpine,16.0,2.0,HARD,7.0,True,83.007,26.606,28.896,27.505,17.0,1,True,False,True,27.0,8.5,23.964666666666663,42.664,False,False,False,False,False,True,83.81700000000001,82.48013623427389,1.3368637657261218
2025,Imola,R,GAS,10,Alpine,17.0,2.0,HARD,8.0,True,82.184,25.911,28.802,27.471,17.0,1,True,False,True,28.8,8.5,23.964666666666663,42.664,False,False,False,False,False,True,83.048,82.48013623427389,0.5678637657261163
2025,Imola,R,GAS,10,Alpine,18.0,2.0,HARD,9.0,True,81.98,26.034,28.607,27.339,17.0,1,True,False,True,30.6,8.5,23.964666666666663,42.664,False,False,False,False,False,True,82.89800000000001,82.48013623427389,0.4178637657261248
2025,Imola,R,GAS,10,Alpine,19.0,2.0,HARD,10.0,True,81.99,25.958,28.72,27.312,17.0,1,True,False,True,32.4,8.5,23.964666666666663,42.664,False,False,False,False,False,True,82.96199999999999,82.48013623427389,0.48186376572610357
2025,Imola,R,GAS,10,Alpine,20.0,2.0,HARD,11.0,True,81.984,25.901,28.712,27.371,17.0,1,True,False,True,34.2,8.5,23.964666666666663,42.664,False,False,False,False,False,True,83.00999999999999,82.48013623427389,0.5298637657261054
2025,Imola,R,GAS,10,Alpine,21.0,2.0,HARD,12.0,True,82.5,26.132,28.818,27.55,17.0,1,True,False,True,36.0,8.5,23.964666666666663,42.664,False,False,False,False,False,True,83.58,82.48013623427389,1.0998637657261128
2025,Imola,R,GAS,10,Alpine,22.0,2.0,HARD,13.0,True,82.317,26.06,28.811,27.446,17.0,1,True,False,True,37.8,8.5,23.964666666666663,42.664,False,False,False,False,False,True,83.451,82.48013623427389,0.9708637657261079
2025,Imola,R,GAS,10,Alpine,23.0,2.0,HARD,14.0,True,82.353,26.115,28.695,27.543,16.0,1,True,False,True,39.6,8.5,23.964666666666663,42.664,False,False,False,False,False,True,83.541,82.48013623427389,1.0608637657261113
2025,Imola,R,GAS,10,Alpine,24.0,2.0,HARD,15.0,True,82.325,25.992,28.741,27.592,16.0,1,True,False,True,41.4,8.5,23.964666666666663,42.664,False,False,False,False,False,True,83.56700000000001,82.48013623427389,1.0868637657261218
2025,Imola,R,GAS,10,Alpine,25.0,2.0,HARD,16.0,True,82.475,25.936,28.891,27.648,16.0,1,True,False,True,43.2,8.5,23.964666666666663,42.664,False,False,False,False,False,True,83.771,82.48013623427389,1.2908637657261153
2025,Imola,R,GAS,10,Alpine,26.0,2.0,HARD,17.0,True,82.602,26.064,28.801,27.737,16.0,1,True,False,True,45.0,8.5,23.964666666666663,42.664,False,False,False,False,False,True,83.952,82.48013623427389,1.4718637657261127
2025,Imola,R,GAS,10,Alpine,27.0,2.0,HARD,18.0,True,82.654,26.083,28.809,27.762,16.0,1,True,False,True,46.8,8.5,23.964666666666663,42.664,False,False,False,False,False,True,84.05799999999999,82.48013623427389,1.5778637657261072
2025,Imola,R,GAS,10,Alpine,31.0,3.0,HARD,2.0,True,81.074,26.074,28.266,26.734,17.0,1,True,False,True,54.0,8.5,23.964666666666663,42.664,False,False,False,False,False,True,82.694,82.48013623427389,0.2138637657261171
2025,Imola,R,GAS,10,Alpine,32.0,3.0,HARD,3.0,True,81.137,25.882,28.245,27.01,16.0,1,True,False,True,55.8,8.5,23.964666666666663,42.664,False,False,False,False,False,True,82.811,82.48013623427389,0.33086376572612153
2025,Imola,R,GAS,10,Alpine,33.0,3.0,HARD,4.0,True,81.254,25.773,28.389,27.092,16.0,1,True,False,True,57.6,8.5,23.964666666666663,42.664,False,False,False,False,False,True,82.982,82.48013623427389,0.5018637657261138
2025,Imola,R,GAS,10,Alpine,34.0,3.0,HARD,5.0,True,80.859,25.71,28.167,26.982,16.0,1,True,False,True,59.4,8.5,23.964666666666663,42.664,False,False,False,False,False,True,82.64099999999999,82.48013623427389,0.1608637657261056
2025,Imola,R,GAS,10,Alpine,35.0,3.0,HARD,6.0,True,81.008,25.752,28.218,27.038,16.0,1,True,False,True,61.2,8.5,23.964666666666663,42.664,False,False,False,False,False,True,82.844,82.48013623427389,0.36386376572610857
2025,Imola,R,GAS,10,Alpine,36.0,3.0,HARD,7.0,True,80.77,25.66,28.187,26.923,16.0,1,True,False,True,63.0,8.5,23.964666666666663,42.664,False,False,False,False,False,True,82.66,82.48013623427389,0.17986376572611107
2025,Imola,R,GAS,10,Alpine,37.0,3.0,HARD,8.0,True,80.794,25.623,28.183,26.988,16.0,1,True,False,True,64.8,8.5,23.964666666666663,42.664,False,False,False,False,False,True,82.738,82.48013623427389,0.257863765726114
2025,Imola,R,GAS,10,Alpine,38.0,3.0,HARD,9.0,True,81.038,25.651,28.252,27.135,16.0,1,True,False,True,66.60000000000001,8.5,23.964666666666663,42.664,False,False,False,False,False,True,83.036,82.48013623427389,0.5558637657261158
2025,Imola,R,GAS,10,Alpine,39.0,3.0,HARD,10.0,True,81.331,25.691,28.493,27.147,16.0,1,True,False,True,68.4,8.5,23.964666666666663,42.664,False,False,False,False,False,True,83.38300000000001,82.48013623427389,0.9028637657261243
2025,Imola,R,GAS,10,Alpine,40.0,3.0,HARD,11.0,True,81.215,25.68,28.405,27.13,16.0,1,True,False,True,70.2,8.5,23.964666666666663,42.664,False,False,False,False,False,True,83.321,82.48013623427389,0.8408637657261124
2025,Imola,R,GAS,10,Alpine,41.0,3.0,HARD,12.0,True,81.355,25.705,28.488,27.162,16.0,1,True,False,True,72.0,8.5,23.964666666666663,42.664,False,False,False,False,False,True,83.515,82.48013623427389,1.034863765726115
2025,Imola,R,GAS,10,Alpine,42.0,3.0,HARD,13.0,True,81.39,25.668,28.42,27.302,16.0,1,True,False,True,73.8,8.5,23.964666666666663,42.664,False,False,False,False,False,True,83.604,82.48013623427389,1.1238637657261137
2025,Imola,R,GAS,10,Alpine,43.0,3.0,HARD,14.0,True,81.785,25.8,28.527,27.458,15.0,1,True,False,True,75.60000000000001,8.5,23.964666666666663,42.664,False,False,False,False,False,True,84.053,82.48013623427389,1.5728637657261118
2025,Imola,R,GAS,10,Alpine,44.0,3.0,HARD,15.0,True,81.708,25.875,28.35,27.483,15.0,1,True,False,True,77.4,8.5,23.964666666666663,42.664,False,False,False,False,False,True,84.03,82.48013623427389,1.5498637657261156
2025,Imola,R,GAS,10,Alpine,54.0,3.0,HARD,25.0,True,82.624,26.296,28.815,27.513,12.0,1,True,False,True,95.4,8.5,23.964666666666663,42.664,False,False,False,False,False,True,85.48599999999999,82.48013623427389,3.0058637657261045
2025,Imola,R,GAS,10,Alpine,55.0,3.0,HARD,26.0,True,81.211,25.876,28.364,26.971,12.0,1,True,False,True,97.2,8.5,23.964666666666663,42.664,False,False,False,False,False,True,84.127,82.48013623427389,1.6468637657261098
2025,Imola,R,GAS,10,Alpine,56.0,3.0,HARD,27.0,True,80.607,25.368,28.192,27.047,12.0,1,True,False,True,99.0,8.5,23.964666666666663,42.664,False,False,False,False,False,True,83.577,82.48013623427389,1.0968637657261127
2025,Imola,R,GAS,10,Alpine,57.0,3.0,HARD,28.0,True,81.685,25.374,29.034,27.277,13.0,1,True,False,True,100.8,8.5,23.964666666666663,42.664,False,False,False,False,False,True,84.709,82.48013623427389,2.2288637657261177
2025,Imola,R,GAS,10,Alpine,58.0,3.0,HARD,29.0,True,80.398,25.179,28.09,27.129,13.0,1,True,False,True,102.6,8.5,23.964666666666663,42.664,False,False,False,False,False,True,83.476,82.48013623427389,0.9958637657261136
2025,Imola,R,GAS,10,Alpine,59.0,3.0,HARD,30.0,True,80.797,25.399,28.24,27.158,13.0,1,True,False,True,104.4,8.5,23.964666666666663,42.664,False,False,False,False,False,True,83.929,82.48013623427389,1.4488637657261165
2025,Imola,R,GAS,10,Alpine,60.0,3.0,HARD,31.0,True,80.528,25.241,28.107,27.18,13.0,1,True,False,True,106.2,8.5,23.964666666666663,42.664,False,False,False,False,False,True,83.714,82.48013623427389,1.2338637657261131
2025,Imola,R,GAS,10,Alpine,61.0,3.0,HARD,32.0,True,80.774,25.169,28.199,27.406,13.0,1,True,False,True,108.0,8.5,23.964666666666663,42.664,False,False,False,False,False,True,84.014,82.48013623427389,1.5338637657261103
2025,Imola,R,GAS,10,Alpine,62.0,3.0,HARD,33.0,True,80.702,25.283,28.147,27.272,13.0,1,True,False,True,109.8,8.5,23.964666666666663,42.664,False,False,False,False,False,True,83.996,82.48013623427389,1.5158637657261096
2025,Imola,R,GAS,10,Alpine,63.0,3.0,HARD,34.0,True,80.814,25.349,28.244,27.221,13.0,1,True,False,True,111.6,8.5,23.964666666666663,42.664,False,False,False,False,False,True,84.16199999999999,82.48013623427389,1.6818637657261064
2025,Imola,R,ANT,12,Mercedes,2.0,1.0,HARD,2.0,True,83.293,26.647,29.038,27.608,12.0,1,True,False,True,1.8,8.5,23.964666666666663,42.664,False,False,False,False,False,True,83.34700000000001,82.48013623427389,0.8668637657261229
2025,Imola,R,ANT,12,Mercedes,3.0,1.0,HARD,3.0,True,81.788,25.669,28.671,27.448,11.0,1,True,False,True,3.6,8.5,23.964666666666663,42.664,False,False,False,False,False,True,81.896,82.48013623427389,-0.5841362342738847
2025,Imola,R,ANT,12,Mercedes,4.0,1.0,HARD,4.0,True,81.239,25.606,28.453,27.18,11.0,1,True,False,True,5.4,8.5,23.964666666666663,42.664,False,False,False,False,False,True,81.40100000000001,82.48013623427389,-1.079136234273875
2025,Imola,R,ANT,12,Mercedes,5.0,1.0,HARD,5.0,True,81.526,25.442,28.653,27.431,11.0,1,True,False,True,7.2,8.5,23.964666666666663,42.664,False,False,False,False,False,True,81.74199999999999,82.48013623427389,-0.7381362342738953
2025,Imola,R,ANT,12,Mercedes,6.0,1.0,HARD,6.0,True,81.723,25.522,28.638,27.563,11.0,1,True,False,True,9.0,8.5,23.964666666666663,42.664,False,False,False,False,False,True,81.993,82.48013623427389,-0.4871362342738905
2025,Imola,R,ANT,12,Mercedes,7.0,1.0,HARD,7.0,True,81.994,25.557,28.665,27.772,11.0,1,True,False,True,10.8,8.5,23.964666666666663,42.664,False,False,False,False,False,True,82.318,82.48013623427389,-0.16213623427388768
2025,Imola,R,ANT,12,Mercedes,8.0,1.0,HARD,8.0,True,82.376,25.982,28.724,27.67,11.0,1,True,False,True,12.6,8.5,23.964666666666663,42.664,False,False,False,False,False,True,82.754,82.48013623427389,0.27386376572611937
2025,Imola,R,ANT,12,Mercedes,9.0,1.0,HARD,9.0,True,81.653,25.64,28.615,27.398,11.0,1,True,False,True,14.4,8.5,23.964666666666663,42.664,False,False,False,False,False,True,82.08500000000001,82.48013623427389,-0.39513623427387756
2025,Imola,R,ANT,12,Mercedes,10.0,1.0,HARD,10.0,True,81.96,25.633,28.681,27.646,10.0,1,True,False,True,16.2,8.5,23.964666666666663,42.664,False,False,False,False,False,True,82.446,82.48013623427389,-0.03413623427388757
2025,Imola,R,ANT,12,Mercedes,11.0,1.0,HARD,11.0,True,82.753,25.759,29.023,27.971,8.0,1,True,False,True,18.0,8.5,23.964666666666663,42.664,False,False,False,False,False,True,83.293,82.48013623427389,0.8128637657261208
2025,Imola,R,ANT,12,Mercedes,12.0,1.0,HARD,12.0,True,83.074,25.99,29.27,27.814,7.0,1,True,False,True,19.8,8.5,23.964666666666663,42.664,False,False,False,False,False,True,83.66799999999999,82.48013623427389,1.1878637657261066
2025,Imola,R,ANT,12,Mercedes,13.0,1.0,HARD,13.0,True,82.661,25.949,29.033,27.679,7.0,1,True,False,True,21.6,8.5,23.964666666666663,42.664,False,False,False,False,False,True,83.309,82.48013623427389,0.828863765726112
2025,Imola,R,ANT,12,Mercedes,14.0,1.0,HARD,14.0,True,82.513,25.994,28.942,27.577,5.0,1,True,False,True,23.4,8.5,23.964666666666663,42.664,False,False,False,False,False,True,83.215,82.48013623427389,0.7348637657261179
2025,Imola,R,ANT,12,Mercedes,15.0,1.0,HARD,15.0,True,82.198,25.768,28.927,27.503,5.0,1,True,False,True,25.2,8.5,23.964666666666663,42.664,False,False,False,False,False,True,82.954,82.48013623427389,0.473863765726108
2025,Imola,R,ANT,12,Mercedes,16.0,1.0,HARD,16.0,True,82.42,26.193,28.828,27.399,5.0,1,True,False,True,27.0,8.5,23.964666666666663,42.664,False,False,False,False,False,True,83.23,82.48013623427389,0.7498637657261185
2025,Imola,R,ANT,12,Mercedes,17.0,1.0,HARD,17.0,True,82.265,26.035,28.778,27.452,5.0,1,True,False,True,28.8,8.5,23.964666666666663,42.664,False,False,False,False,False,True,83.129,82.48013623427389,0.6488637657261194
2025,Imola,R,ANT,12,Mercedes,18.0,1.0,HARD,18.0,True,82.242,25.997,28.838,27.407,5.0,1,True,False,True,30.6,8.5,23.964666666666663,42.664,False,False,False,False,False,True,83.16000000000001,82.48013623427389,0.6798637657261253
2025,Imola,R,ANT,12,Mercedes,19.0,1.0,HARD,19.0,True,82.431,26.127,28.779,27.525,5.0,1,True,False,True,32.4,8.5,23.964666666666663,42.664,False,False,False,False,False,True,83.40299999999999,82.48013623427389,0.9228637657261061
2025,Imola,R,ANT,12,Mercedes,20.0,1.0,HARD,20.0,True,82.604,26.313,28.792,27.499,5.0,1,True,False,True,34.2,8.5,23.964666666666663,42.664,False,False,False,False,False,True,83.63,82.48013623427389,1.14986376572611
2025,Imola,R,ANT,12,Mercedes,21.0,1.0,HARD,21.0,True,82.252,26.044,28.76,27.448,5.0,1,True,False,True,36.0,8.5,23.964666666666663,42.664,False,False,False,False,False,True,83.332,82.48013623427389,0.8518637657261081
2025,Imola,R,ANT,12,Mercedes,22.0,1.0,HARD,22.0,True,82.437,26.083,28.836,27.518,5.0,1,True,False,True,37.8,8.5,23.964666666666663,42.664,False,False,False,False,False,True,83.571,82.48013623427389,1.0908637657261124
2025,Imola,R,ANT,12,Mercedes,23.0,1.0,HARD,23.0,True,82.336,26.024,28.864,27.448,5.0,1,True,False,True,39.6,8.5,23.964666666666663,42.664,False,False,False,False,False,True,83.524,82.48013623427389,1.0438637657261154
2025,Imola,R,ANT,12,Mercedes,24.0,1.0,HARD,24.0,True,82.5,26.23,28.843,27.427,5.0,1,True,False,True,41.4,8.5,23.964666666666663,42.664,False,False,False,False,False,True,83.742,82.48013623427389,1.261863765726119
2025,Imola,R,ANT,12,Mercedes,25.0,1.0,HARD,25.0,True,82.314,26.159,28.782,27.373,5.0,1,True,False,True,43.2,8.5,23.964666666666663,42.664,False,False,False,False,False,True,83.61,82.48013623427389,1.129863765726114
2025,Imola,R,ANT,12,Mercedes,26.0,1.0,HARD,26.0,True,82.28,25.997,28.783,27.5,5.0,1,True,False,True,45.0,8.5,23.964666666666663,42.664,False,False,False,False,False,True,83.63,82.48013623427389,1.14986376572611
2025,Imola,R,ANT,12,Mercedes,27.0,1.0,HARD,27.0,True,82.861,26.633,28.873,27.355,6.0,1,True,False,True,46.8,8.5,23.964666666666663,42.664,False,False,False,False,False,True,84.265,82.48013623427389,1.784863765726115
2025,Imola,R,ANT,12,Mercedes,28.0,1.0,HARD,28.0,True,82.397,25.865,28.92,27.612,6.0,1,True,False,True,48.6,8.5,23.964666666666663,42.664,False,False,False,False,False,True,83.855,82.48013623427389,1.3748637657261185
2025,Imola,R,ANT,12,Mercedes,32.0,2.0,MEDIUM,3.0,True,81.661,25.98,28.608,27.073,6.0,1,True,False,True,55.8,8.5,23.964666666666663,42.664,False,False,False,False,False,True,83.33500000000001,82.06481747475915,1.2701825252408554
2025,Imola,R,ANT,12,Mercedes,33.0,2.0,MEDIUM,4.0,True,80.62,25.79,28.084,26.746,6.0,1,True,False,True,57.6,8.5,23.964666666666663,42.664,False,False,False,False,False,True,82.348,82.06481747475915,0.2831825252408464
2025,Imola,R,ANT,12,Mercedes,34.0,2.0,MEDIUM,5.0,True,81.868,26.162,28.655,27.051,7.0,1,True,False,True,59.4,8.5,23.964666666666663,42.664,False,False,False,False,False,True,83.64999999999999,82.06481747475915,1.585182525240839
2025,Imola,R,ANT,12,Mercedes,35.0,2.0,MEDIUM,6.0,True,81.178,25.778,28.523,26.877,7.0,1,True,False,True,61.2,8.5,23.964666666666663,42.664,False,False,False,False,False,True,83.014,82.06481747475915,0.9491825252408432
2025,Imola,R,ANT,12,Mercedes,36.0,2.0,MEDIUM,7.0,True,80.822,25.738,28.236,26.848,7.0,1,True,False,True,63.0,8.5,23.964666666666663,42.664,False,False,False,False,False,True,82.712,82.06481747475915,0.6471825252408507
2025,Imola,R,ANT,12,Mercedes,37.0,2.0,MEDIUM,8.0,True,81.086,25.835,28.354,26.897,7.0,1,True,False,True,64.8,8.5,23.964666666666663,42.664,False,False,False,False,False,True,83.03,82.06481747475915,0.9651825252408486
2025,Imola,R,ANT,12,Mercedes,38.0,2.0,MEDIUM,9.0,True,81.944,26.282,28.675,26.987,8.0,1,True,False,True,66.60000000000001,8.5,23.964666666666663,42.664,False,False,False,False,False,True,83.94200000000001,82.06481747475915,1.8771825252408547
2025,Imola,R,ANT,12,Mercedes,39.0,2.0,MEDIUM,10.0,True,81.181,25.689,28.388,27.104,8.0,1,True,False,True,68.4,8.5,23.964666666666663,42.664,False,False,False,False,False,True,83.233,82.06481747475915,1.1681825252408515
2025,Imola,R,ANT,12,Mercedes,40.0,2.0,MEDIUM,11.0,True,80.956,25.675,28.286,26.995,8.0,1,True,False,True,70.2,8.5,23.964666666666663,42.664,False,False,False,False,False,True,83.062,82.06481747475915,0.997182525240845
2025,Imola,R,ANT,12,Mercedes,41.0,2.0,MEDIUM,12.0,True,80.986,25.648,28.293,27.045,8.0,1,True,False,True,72.0,8.5,23.964666666666663,42.664,False,False,False,False,False,True,83.146,82.06481747475915,1.0811825252408482
2025,Imola,R,ANT,12,Mercedes,42.0,2.0,MEDIUM,13.0,True,81.019,25.661,28.294,27.064,8.0,1,True,False,True,73.8,8.5,23.964666666666663,42.664,False,False,False,False,False,True,83.233,82.06481747475915,1.1681825252408515
2025,Imola,R,ANT,12,Mercedes,43.0,2.0,MEDIUM,14.0,True,80.621,25.584,28.204,26.833,8.0,1,True,False,True,75.60000000000001,8.5,23.964666666666663,42.664,False,False,False,False,False,True,82.889,82.06481747475915,0.8241825252408432
2025,Imola,R,ANT,12,Mercedes,44.0,2.0,MEDIUM,15.0,True,80.834,25.46,28.418,26.956,8.0,1,True,False,True,77.4,8.5,23.964666666666663,42.664,False,False,False,False,False,True,83.156,82.06481747475915,1.0911825252408534
2025,Imola,R,ALO,14,Aston Martin,2.0,1.0,MEDIUM,5.0,False,82.15,26.433,28.372,27.345,5.0,1,True,False,True,1.8,8.5,23.964666666666663,42.664,False,False,False,False,False,True,82.20400000000001,82.06481747475915,0.13918252524085517
2025,Imola,R,ALO,14,Aston Martin,3.0,1.0,MEDIUM,6.0,False,81.609,25.7,28.481,27.428,5.0,1,True,False,True,3.6,8.5,23.964666666666663,42.664,False,False,False,False,False,True,81.717,82.06481747475915,-0.3478174747591538
2025,Imola,R,ALO,14,Aston Martin,4.0,1.0,MEDIUM,7.0,False,81.643,25.754,28.523,27.366,5.0,1,True,False,True,5.4,8.5,23.964666666666663,42.664,False,False,False,False,False,True,81.805,82.06481747475915,-0.25981747475914574
2025,Imola,R,ALO,14,Aston Martin,5.0,1.0,MEDIUM,8.0,False,81.401,25.566,28.491,27.344,5.0,1,True,False,True,7.2,8.5,23.964666666666663,42.664,False,False,False,False,False,True,81.61699999999999,82.06481747475915,-0.44781747475916234
2025,Imola,R,ALO,14,Aston Martin,6.0,1.0,MEDIUM,9.0,False,81.728,25.663,28.703,27.362,5.0,1,True,False,True,9.0,8.5,23.964666666666663,42.664,False,False,False,False,False,True,81.99799999999999,82.06481747475915,-0.06681747475916211
2025,Imola,R,ALO,14,Aston Martin,7.0,1.0,MEDIUM,10.0,False,81.655,25.466,28.524,27.665,5.0,1,True,False,True,10.8,8.5,23.964666666666663,42.664,False,False,False,False,False,True,81.979,82.06481747475915,-0.08581747475915336
2025,Imola,R,ALO,14,Aston Martin,8.0,1.0,MEDIUM,11.0,False,81.947,26.133,28.433,27.381,5.0,1,True,False,True,12.6,8.5,23.964666666666663,42.664,False,False,False,False,False,True,82.325,82.06481747475915,0.2601825252408503
2025,Imola,R,ALO,14,Aston Martin,9.0,1.0,MEDIUM,12.0,False,81.988,25.741,28.667,27.58,5.0,1,True,False,True,14.4,8.5,23.964666666666663,42.664,False,False,False,False,False,True,82.42,82.06481747475915,0.35518252524084915
2025,Imola,R,ALO,14,Aston Martin,10.0,1.0,MEDIUM,13.0,False,82.828,25.789,29.12,27.919,5.0,1,True,False,True,16.2,8.5,23.964666666666663,42.664,False,False,False,False,False,True,83.31400000000001,82.06481747475915,1.2491825252408546
2025,Imola,R,ALO,14,Aston Martin,11.0,1.0,MEDIUM,14.0,False,84.04,26.036,29.747,28.257,4.0,1,True,False,True,18.0,8.5,23.964666666666663,42.664,False,False,False,False,False,True,84.58000000000001,82.06481747475915,2.51518252524086
2025,Imola,R,ALO,14,Aston Martin,14.0,2.0,HARD,3.0,False,83.043,26.855,28.74,27.448,16.0,1,True,False,True,23.4,8.5,23.964666666666663,42.664,False,False,False,False,False,True,83.745,82.48013623427389,1.264863765726119
2025,Imola,R,ALO,14,Aston Martin,15.0,2.0,HARD,4.0,False,82.334,26.274,28.795,27.265,15.0,1,True,False,True,25.2,8.5,23.964666666666663,42.664,False,False,False,False,False,True,83.09,82.48013623427389,0.6098637657261179
2025,Imola,R,ALO,14,Aston Martin,16.0,2.0,HARD,5.0,False,81.563,25.929,28.395,27.239,15.0,1,True,False,True,27.0,8.5,23.964666666666663,42.664,False,False,False,False,False,True,82.373,82.48013623427389,-0.10713623427388086
2025,Imola,R,ALO,14,Aston Martin,17.0,2.0,HARD,6.0,False,81.7,25.803,28.452,27.445,15.0,1,True,False,True,28.8,8.5,23.964666666666663,42.664,False,False,False,False,False,True,82.56400000000001,82.48013623427389,0.08386376572612164
2025,Imola,R,ALO,14,Aston Martin,18.0,2.0,HARD,7.0,False,81.935,25.869,28.568,27.498,15.0,1,True,False,True,30.6,8.5,23.964666666666663,42.664,False,False,False,False,False,True,82.85300000000001,82.48013623427389,0.3728637657261231
2025,Imola,R,ALO,14,Aston Martin,19.0,2.0,HARD,8.0,False,81.724,25.713,28.577,27.434,15.0,1,True,False,True,32.4,8.5,23.964666666666663,42.664,False,False,False,False,False,True,82.696,82.48013623427389,0.21586376572611243
2025,Imola,R,ALO,14,Aston Martin,20.0,2.0,HARD,9.0,False,82.087,25.725,28.791,27.571,15.0,1,True,False,True,34.2,8.5,23.964666666666663,42.664,False,False,False,False,False,True,83.113,82.48013623427389,0.632863765726114
2025,Imola,R,ALO,14,Aston Martin,21.0,2.0,HARD,10.0,False,82.407,25.965,28.695,27.747,15.0,1,True,False,True,36.0,8.5,23.964666666666663,42.664,False,False,False,False,False,True,83.487,82.48013623427389,1.0068637657261092
2025,Imola,R,ALO,14,Aston Martin,22.0,2.0,HARD,11.0,False,81.786,25.815,28.576,27.395,15.0,1,True,False,True,37.8,8.5,23.964666666666663,42.664,False,False,False,False,False,True,82.92,82.48013623427389,0.4398637657261162
2025,Imola,R,ALO,14,Aston Martin,23.0,2.0,HARD,12.0,False,81.864,25.889,28.626,27.349,14.0,1,True,False,True,39.6,8.5,23.964666666666663,42.664,False,False,False,False,False,True,83.052,82.48013623427389,0.5718637657261212
2025,Imola,R,ALO,14,Aston Martin,24.0,2.0,HARD,13.0,False,82.047,25.86,28.658,27.529,14.0,1,True,False,True,41.4,8.5,23.964666666666663,42.664,False,False,False,False,False,True,83.289,82.48013623427389,0.808863765726116
2025,Imola,R,ALO,14,Aston Martin,25.0,2.0,HARD,14.0,False,82.575,25.98,28.983,27.612,14.0,1,True,False,True,43.2,8.5,23.964666666666663,42.664,False,False,False,False,False,True,83.87100000000001,82.48013623427389,1.3908637657261238
2025,Imola,R,ALO,14,Aston Martin,26.0,2.0,HARD,15.0,False,82.451,25.874,28.977,27.6,14.0,1,True,False,True,45.0,8.5,23.964666666666663,42.664,False,False,False,False,False,True,83.80099999999999,82.48013623427389,1.3208637657261022
2025,Imola,R,ALO,14,Aston Martin,27.0,2.0,HARD,16.0,False,82.318,25.945,28.842,27.531,14.0,1,True,False,True,46.8,8.5,23.964666666666663,42.664,False,False,False,False,False,True,83.722,82.48013623427389,1.2418637657261087
2025,Imola,R,ALO,14,Aston Martin,32.0,2.0,HARD,21.0,False,82.179,25.919,28.844,27.416,8.0,1,True,False,True,55.8,8.5,23.964666666666663,42.664,False,False,False,False,False,True,83.85300000000001,82.48013623427389,1.3728637657261231
2025,Imola,R,ALO,14,Aston Martin,33.0,2.0,HARD,22.0,False,84.275,27.045,29.509,27.721,9.0,1,True,False,True,57.6,8.5,23.964666666666663,42.664,False,False,False,False,False,True,86.003,82.48013623427389,3.5228637657261146
2025,Imola,R,ALO,14,Aston Martin,34.0,2.0,HARD,23.0,False,82.272,26.343,28.401,27.528,9.0,1,True,False,True,59.4,8.5,23.964666666666663,42.664,False,False,False,False,False,True,84.054,82.48013623427389,1.5738637657261165
2025,Imola,R,ALO,14,Aston Martin,35.0,2.0,HARD,24.0,False,82.815,26.04,28.907,27.868,9.0,1,True,False,True,61.2,8.5,23.964666666666663,42.664,False,False,False,False,False,True,84.651,82.48013623427389,2.1708637657261107
2025,Imola,R,ALO,14,Aston Martin,36.0,2.0,HARD,25.0,False,82.819,26.487,29.143,27.189,10.0,1,True,False,True,63.0,8.5,23.964666666666663,42.664,False,False,False,False,False,True,84.709,82.48013623427389,2.2288637657261177
2025,Imola,R,ALO,14,Aston Martin,37.0,2.0,HARD,26.0,False,81.969,26.29,28.568,27.111,10.0,1,True,False,True,64.8,8.5,23.964666666666663,42.664,False,False,False,False,False,True,83.913,82.48013623427389,1.4328637657261112
2025,Imola,R,ALO,14,Aston Martin,38.0,2.0,HARD,27.0,False,81.809,25.958,28.608,27.243,10.0,1,True,False,True,66.60000000000001,8.5,23.964666666666663,42.664,False,False,False,False,False,True,83.807,82.48013623427389,1.3268637657261166
2025,Imola,R,ALO,14,Aston Martin,39.0,2.0,HARD,28.0,False,82.372,26.346,28.637,27.389,11.0,1,True,False,True,68.4,8.5,23.964666666666663,42.664,False,False,False,False,False,True,84.424,82.48013623427389,1.943863765726121
2025,Imola,R,ALO,14,Aston Martin,40.0,2.0,HARD,29.0,False,82.775,26.32,28.871,27.584,12.0,1,True,False,True,70.2,8.5,23.964666666666663,42.664,False,False,False,False,False,True,84.881,82.48013623427389,2.4008637657261147
2025,Imola,R,ALO,14,Aston Martin,41.0,2.0,HARD,30.0,False,82.795,26.164,28.975,27.656,12.0,1,True,False,True,72.0,8.5,23.964666666666663,42.664,False,False,False,False,False,True,84.955,82.48013623427389,2.4748637657261128
2025,Imola,R,ALO,14,Aston Martin,42.0,2.0,HARD,31.0,False,83.003,26.522,28.963,27.518,13.0,1,True,False,True,73.8,8.5,23.964666666666663,42.664,False,False,False,False,False,True,85.217,82.48013623427389,2.7368637657261132
2025,Imola,R,ALO,14,Aston Martin,43.0,2.0,HARD,32.0,False,81.367,25.668,28.316,27.383,13.0,1,True,False,True,75.60000000000001,8.5,23.964666666666663,42.664,False,False,False,False,False,True,83.635,82.48013623427389,1.1548637657261196
2025,Imola,R,ALO,14,Aston Martin,44.0,2.0,HARD,33.0,False,81.407,25.644,28.364,27.399,13.0,1,True,False,True,77.4,8.5,23.964666666666663,42.664,False,False,False,False,False,True,83.729,82.48013623427389,1.2488637657261137
2025,Imola,R,ALO,14,Aston Martin,54.0,3.0,MEDIUM,12.0,False,82.758,26.288,28.987,27.483,14.0,1,True,False,True,95.4,8.5,23.964666666666663,42.664,False,False,False,False,False,True,85.61999999999999,82.06481747475915,3.5551825252408378
2025,Imola,R,ALO,14,Aston Martin,55.0,3.0,MEDIUM,13.0,False,81.135,25.934,28.245,26.956,13.0,1,True,False,True,97.2,8.5,23.964666666666663,42.664,False,False,False,False,False,True,84.051,82.06481747475915,1.9861825252408494
2025,Imola,R,ALO,14,Aston Martin,56.0,3.0,MEDIUM,14.0,False,80.242,25.087,28.198,26.957,13.0,1,True,False,True,99.0,8.5,23.964666666666663,42.664,False,False,False,False,False,True,83.212,82.06481747475915,1.1471825252408507
2025,Imola,R,ALO,14,Aston Martin,57.0,3.0,MEDIUM,15.0,False,80.307,25.241,28.191,26.875,12.0,1,True,False,True,100.8,8.5,23.964666666666663,42.664,False,False,False,False,False,True,83.331,82.06481747475915,1.2661825252408505
2025,Imola,R,ALO,14,Aston Martin,58.0,3.0,MEDIUM,16.0,False,80.279,24.898,28.279,27.102,12.0,1,True,False,True,102.6,8.5,23.964666666666663,42.664,False,False,False,False,False,True,83.357,82.06481747475915,1.2921825252408468
2025,Imola,R,ALO,14,Aston Martin,59.0,3.0,MEDIUM,17.0,False,79.901,25.025,28.039,26.837,11.0,1,True,False,True,104.4,8.5,23.964666666666663,42.664,False,False,False,False,False,True,83.033,82.06481747475915,0.9681825252408487
2025,Imola,R,ALO,14,Aston Martin,60.0,3.0,MEDIUM,18.0,False,79.941,25.333,27.897,26.711,11.0,1,True,False,True,106.2,8.5,23.964666666666663,42.664,False,False,False,False,False,True,83.12700000000001,82.06481747475915,1.062182525240857
2025,Imola,R,ALO,14,Aston Martin,61.0,3.0,MEDIUM,19.0,False,79.894,24.982,28.023,26.889,11.0,1,True,False,True,108.0,8.5,23.964666666666663,42.664,False,False,False,False,False,True,83.134,82.06481747475915,1.0691825252408478
2025,Imola,R,ALO,14,Aston Martin,62.0,3.0,MEDIUM,20.0,False,80.064,25.39,27.896,26.778,11.0,1,True,False,True,109.8,8.5,23.964666666666663,42.664,False,False,False,False,False,True,83.35799999999999,82.06481747475915,1.2931825252408373
2025,Imola,R,ALO,14,Aston Martin,63.0,3.0,MEDIUM,21.0,False,80.775,25.692,28.132,26.951,11.0,1,True,False,True,111.6,8.5,23.964666666666663,42.664,False,False,False,False,False,True,84.123,82.06481747475915,2.058182525240852
2025,Imola,R,LEC,16,Ferrari,2.0,1.0,MEDIUM,2.0,True,82.899,26.724,28.979,27.196,10.0,1,True,False,True,1.8,8.5,23.964666666666663,42.664,False,False,False,False,False,True,82.953,82.06481747475915,0.8881825252408504
2025,Imola,R,LEC,16,Ferrari,3.0,1.0,MEDIUM,3.0,True,81.571,25.619,28.892,27.06,9.0,1,True,False,True,3.6,8.5,23.964666666666663,42.664,False,False,False,False,False,True,81.679,82.06481747475915,-0.3858174747591505
2025,Imola,R,LEC,16,Ferrari,4.0,1.0,MEDIUM,4.0,True,81.428,25.65,28.343,27.435,9.0,1,True,False,True,5.4,8.5,23.964666666666663,42.664,False,False,False,False,False,True,81.59,82.06481747475915,-0.47481747475914915
2025,Imola,R,LEC,16,Ferrari,5.0,1.0,MEDIUM,5.0,True,81.706,25.474,28.75,27.482,9.0,1,True,False,True,7.2,8.5,23.964666666666663,42.664,False,False,False,False,False,True,81.922,82.06481747475915,-0.14281747475915552
2025,Imola,R,LEC,16,Ferrari,6.0,1.0,MEDIUM,6.0,True,81.621,25.242,28.815,27.564,9.0,1,True,False,True,9.0,8.5,23.964666666666663,42.664,False,False,False,False,False,True,81.89099999999999,82.06481747475915,-0.17381747475916143
2025,Imola,R,LEC,16,Ferrari,7.0,1.0,MEDIUM,7.0,True,82.162,25.491,28.71,27.961,9.0,1,True,False,True,10.8,8.5,23.964666666666663,42.664,False,False,False,False,False,True,82.486,82.06481747475915,0.42118252524085165
2025,Imola,R,LEC,16,Ferrari,8.0,1.0,MEDIUM,8.0,True,81.81,25.778,28.712,27.32,9.0,1,True,False,True,12.6,8.5,23.964666666666663,42.664,False,False,False,False,False,True,82.188,82.06481747475915,0.12318252524084983
2025,Imola,R,LEC,16,Ferrari,9.0,1.0,MEDIUM,9.0,True,81.713,25.388,28.753,27.572,9.0,1,True,False,True,14.4,8.5,23.964666666666663,42.664,False,False,False,False,False,True,82.145,82.06481747475915,0.08018252524084346
2025,Imola,R,LEC,16,Ferrari,12.0,2.0,HARD,2.0,True,80.505,25.69,28.034,26.781,15.0,1,True,False,True,19.8,8.5,23.964666666666663,42.664,False,False,False,False,False,True,81.09899999999999,82.48013623427389,-1.381136234273896
2025,Imola,R,LEC,16,Ferrari,13.0,2.0,HARD,3.0,True,81.117,25.891,28.109,27.117,13.0,1,True,False,True,21.6,8.5,23.964666666666663,42.664,False,False,False,False,False,True,81.765,82.48013623427389,-0.715136234273885
2025,Imola,R,LEC,16,Ferrari,14.0,2.0,HARD,4.0,True,81.056,25.88,28.181,26.995,13.0,1,True,False,True,23.4,8.5,23.964666666666663,42.664,False,False,False,False,False,True,81.758,82.48013623427389,-0.72213623427389
2025,Imola,R,LEC,16,Ferrari,15.0,2.0,HARD,5.0,True,81.056,25.675,28.325,27.056,12.0,1,True,False,True,25.2,8.5,23.964666666666663,42.664,False,False,False,False,False,True,81.812,82.48013623427389,-0.6681362342738879
2025,Imola,R,LEC,16,Ferrari,16.0,2.0,HARD,6.0,True,80.958,25.618,28.334,27.006,12.0,1,True,False,True,27.0,8.5,23.964666666666663,42.664,False,False,False,False,False,True,81.768,82.48013623427389,-0.7121362342738848
2025,Imola,R,LEC,16,Ferrari,17.0,2.0,HARD,7.0,True,80.721,25.419,28.235,27.067,12.0,1,True,False,True,28.8,8.5,23.964666666666663,42.664,False,False,False,False,False,True,81.58500000000001,82.48013623427389,-0.8951362342738776
2025,Imola,R,LEC,16,Ferrari,18.0,2.0,HARD,8.0,True,81.498,25.657,28.604,27.237,12.0,1,True,False,True,30.6,8.5,23.964666666666663,42.664,False,False,False,False,False,True,82.41600000000001,82.48013623427389,-0.06413623427387449
2025,Imola,R,LEC,16,Ferrari,19.0,2.0,HARD,9.0,True,81.351,25.541,28.525,27.285,12.0,1,True,False,True,32.4,8.5,23.964666666666663,42.664,False,False,False,False,False,True,82.323,82.48013623427389,-0.15713623427389223
2025,Imola,R,LEC,16,Ferrari,20.0,2.0,HARD,10.0,True,83.289,26.265,29.209,27.815,12.0,1,True,False,True,34.2,8.5,23.964666666666663,42.664,False,False,False,False,False,True,84.315,82.48013623427389,1.8348637657261122
2025,Imola,R,LEC,16,Ferrari,21.0,2.0,HARD,11.0,True,81.802,25.368,28.883,27.551,11.0,1,True,False,True,36.0,8.5,23.964666666666663,42.664,False,False,False,False,False,True,82.882,82.48013623427389,0.4018637657261195
2025,Imola,R,LEC,16,Ferrari,22.0,2.0,HARD,12.0,True,82.724,25.82,29.257,27.647,10.0,1,True,False,True,37.8,8.5,23.964666666666663,42.664,False,False,False,False,False,True,83.858,82.48013623427389,1.3778637657261186
2025,Imola,R,LEC,16,Ferrari,23.0,2.0,HARD,13.0,True,80.876,25.539,28.299,27.038,9.0,1,True,False,True,39.6,8.5,23.964666666666663,42.664,False,False,False,False,False,True,82.06400000000001,82.48013623427389,-0.41613623427387836
2025,Imola,R,LEC,16,Ferrari,24.0,2.0,HARD,14.0,True,81.154,25.7,28.308,27.146,9.0,1,True,False,True,41.4,8.5,23.964666666666663,42.664,False,False,False,False,False,True,82.396,82.48013623427389,-0.08413623427388472
2025,Imola,R,LEC,16,Ferrari,25.0,2.0,HARD,15.0,True,81.808,25.84,28.621,27.347,9.0,1,True,False,True,43.2,8.5,23.964666666666663,42.664,False,False,False,False,False,True,83.10400000000001,82.48013623427389,0.6238637657261279
2025,Imola,R,LEC,16,Ferrari,26.0,2.0,HARD,16.0,True,82.166,25.755,28.802,27.609,9.0,1,True,False,True,45.0,8.5,23.964666666666663,42.664,False,False,False,False,False,True,83.51599999999999,82.48013623427389,1.0358637657261056
2025,Imola,R,LEC,16,Ferrari,27.0,2.0,HARD,17.0,True,80.68,25.123,28.526,27.031,8.0,1,True,False,True,46.8,8.5,23.964666666666663,42.664,False,False,False,False,False,True,82.084,82.48013623427389,-0.39613623427388234
2025,Imola,R,LEC,16,Ferrari,28.0,2.0,HARD,18.0,True,81.157,25.585,28.433,27.139,8.0,1,True,False,True,48.6,8.5,23.964666666666663,42.664,False,False,False,False,False,True,82.615,82.48013623427389,0.13486376572610936
2025,Imola,R,LEC,16,Ferrari,32.0,3.0,HARD,3.0,True,80.01,25.199,28.225,26.586,9.0,1,True,False,True,55.8,8.5,23.964666666666663,42.664,False,False,False,False,False,True,81.68400000000001,82.48013623427389,-0.7961362342738738
2025,Imola,R,LEC,16,Ferrari,33.0,3.0,HARD,4.0,True,80.393,25.545,28.088,26.76,8.0,1,True,False,True,57.6,8.5,23.964666666666663,42.664,False,False,False,False,False,True,82.121,82.48013623427389,-0.3591362342738904
2025,Imola,R,LEC,16,Ferrari,34.0,3.0,HARD,5.0,True,79.953,25.309,27.938,26.706,8.0,1,True,False,True,59.4,8.5,23.964666666666663,42.664,False,False,False,False,False,True,81.735,82.48013623427389,-0.7451362342738861
2025,Imola,R,LEC,16,Ferrari,35.0,3.0,HARD,6.0,True,79.816,25.397,27.797,26.622,8.0,1,True,False,True,61.2,8.5,23.964666666666663,42.664,False,False,False,False,False,True,81.652,82.48013623427389,-0.8281362342738845
2025,Imola,R,LEC,16,Ferrari,36.0,3.0,HARD,7.0,True,80.133,25.516,27.984,26.633,8.0,1,True,False,True,63.0,8.5,23.964666666666663,42.664,False,False,False,False,False,True,82.023,82.48013623427389,-0.4571362342738894
2025,Imola,R,LEC,16,Ferrari,37.0,3.0,HARD,8.0,True,80.825,25.524,28.447,26.854,8.0,1,True,False,True,64.8,8.5,23.964666666666663,42.664,False,False,False,False,False,True,82.769,82.48013623427389,0.28886376572611994
2025,Imola,R,LEC,16,Ferrari,38.0,3.0,HARD,9.0,True,79.848,24.828,28.263,26.757,7.0,1,True,False,True,66.60000000000001,8.5,23.964666666666663,42.664,False,False,False,False,False,True,81.846,82.48013623427389,-0.6341362342738819
2025,Imola,R,LEC,16,Ferrari,39.0,3.0,HARD,10.0,True,80.503,25.529,28.173,26.801,7.0,1,True,False,True,68.4,8.5,23.964666666666663,42.664,False,False,False,False,False,True,82.555,82.48013623427389,0.0748637657261213
2025,Imola,R,LEC,16,Ferrari,40.0,3.0,HARD,11.0,True,80.524,25.353,28.34,26.831,7.0,1,True,False,True,70.2,8.5,23.964666666666663,42.664,False,False,False,False,False,True,82.63,82.48013623427389,0.14986376572610993
2025,Imola,R,LEC,16,Ferrari,41.0,3.0,HARD,12.0,True,79.703,24.893,28.044,26.766,6.0,1,True,False,True,72.0,8.5,23.964666666666663,42.664,False,False,False,False,False,True,81.863,82.48013623427389,-0.617136234273886
2025,Imola,R,LEC,16,Ferrari,42.0,3.0,HARD,13.0,True,79.71,25.206,27.955,26.549,6.0,1,True,False,True,73.8,8.5,23.964666666666663,42.664,False,False,False,False,False,True,81.92399999999999,82.48013623427389,-0.5561362342738931
2025,Imola,R,LEC,16,Ferrari,43.0,3.0,HARD,14.0,True,79.955,25.292,27.95,26.713,6.0,1,True,False,True,75.60000000000001,8.5,23.964666666666663,42.664,False,False,False,False,False,True,82.223,82.48013623427389,-0.25713623427388654
2025,Imola,R,LEC,16,Ferrari,44.0,3.0,HARD,15.0,True,79.875,25.147,27.922,26.806,6.0,1,True,False,True,77.4,8.5,23.964666666666663,42.664,False,False,False,False,False,True,82.197,82.48013623427389,-0.2831362342738828
2025,Imola,R,LEC,16,Ferrari,54.0,3.0,HARD,25.0,True,80.588,25.967,28.131,26.49,4.0,1,True,False,True,95.4,8.5,23.964666666666663,42.664,False,False,False,False,False,True,83.44999999999999,82.48013623427389,0.9698637657261031
2025,Imola,R,LEC,16,Ferrari,55.0,3.0,HARD,26.0,True,79.416,25.185,27.75,26.481,4.0,1,True,False,True,97.2,8.5,23.964666666666663,42.664,False,False,False,False,False,True,82.332,82.48013623427389,-0.1481362342738919
2025,Imola,R,LEC,16,Ferrari,56.0,3.0,HARD,27.0,True,79.048,25.013,27.623,26.412,4.0,1,True,False,True,99.0,8.5,23.964666666666663,42.664,False,False,False,False,False,True,82.018,82.48013623427389,-0.46213623427388484
2025,Imola,R,LEC,16,Ferrari,57.0,3.0,HARD,28.0,True,79.14,24.862,27.812,26.466,4.0,1,True,False,True,100.8,8.5,23.964666666666663,42.664,False,False,False,False,False,True,82.164,82.48013623427389,-0.31613623427388404
2025,Imola,R,LEC,16,Ferrari,58.0,3.0,HARD,29.0,True,80.32,25.439,28.141,26.74,4.0,1,True,False,True,102.6,8.5,23.964666666666663,42.664,False,False,False,False,False,True,83.398,82.48013623427389,0.9178637657261106
2025,Imola,R,LEC,16,Ferrari,59.0,3.0,HARD,30.0,True,80.139,25.538,27.869,26.732,4.0,1,True,False,True,104.4,8.5,23.964666666666663,42.664,False,False,False,False,False,True,83.271,82.48013623427389,0.7908637657261153
2025,Imola,R,LEC,16,Ferrari,60.0,3.0,HARD,31.0,True,80.68,25.899,28.039,26.742,4.0,1,True,False,True,106.2,8.5,23.964666666666663,42.664,False,False,False,False,False,True,83.86600000000001,82.48013623427389,1.3858637657261283
2025,Imola,R,LEC,16,Ferrari,61.0,3.0,HARD,32.0,True,80.613,25.71,28.069,26.834,5.0,1,True,False,True,108.0,8.5,23.964666666666663,42.664,False,False,False,False,False,True,83.853,82.48013623427389,1.372863765726109
2025,Imola,R,LEC,16,Ferrari,62.0,3.0,HARD,33.0,True,81.003,25.72,28.452,26.831,5.0,1,True,False,True,109.8,8.5,23.964666666666663,42.664,False,False,False,False,False,True,84.297,82.48013623427389,1.8168637657261115
2025,Imola,R,LEC,16,Ferrari,63.0,3.0,HARD,34.0,True,81.576,25.91,28.413,27.253,6.0,1,True,False,True,111.6,8.5,23.964666666666663,42.664,False,False,False,False,False,True,84.92399999999999,82.48013623427389,2.443863765726107
2025,Imola,R,STR,18,Aston Martin,2.0,1.0,MEDIUM,5.0,False,82.497,26.591,28.601,27.305,8.0,1,True,False,True,1.8,8.5,23.964666666666663,42.664,False,False,False,False,False,True,82.551,82.06481747475915,0.4861825252408494
2025,Imola,R,STR,18,Aston Martin,3.0,1.0,MEDIUM,6.0,False,81.83,25.681,28.693,27.456,8.0,1,True,False,True,3.6,8.5,23.964666666666663,42.664,False,False,False,False,False,True,81.938,82.06481747475915,-0.12681747475915017
2025,Imola,R,STR,18,Aston Martin,4.0,1.0,MEDIUM,7.0,False,81.939,25.944,28.634,27.361,8.0,1,True,False,True,5.4,8.5,23.964666666666663,42.664,False,False,False,False,False,True,82.101,82.06481747475915,0.03618252524084653
2025,Imola,R,STR,18,Aston Martin,5.0,1.0,MEDIUM,8.0,False,81.527,25.507,28.667,27.353,8.0,1,True,False,True,7.2,8.5,23.964666666666663,42.664,False,False,False,False,False,True,81.743,82.06481747475915,-0.32181747475915756
2025,Imola,R,STR,18,Aston Martin,6.0,1.0,MEDIUM,9.0,False,81.727,25.463,28.767,27.497,8.0,1,True,False,True,9.0,8.5,23.964666666666663,42.664,False,False,False,False,False,True,81.997,82.06481747475915,-0.06781747475915267
2025,Imola,R,STR,18,Aston Martin,7.0,1.0,MEDIUM,10.0,False,81.675,25.63,28.61,27.435,8.0,1,True,False,True,10.8,8.5,23.964666666666663,42.664,False,False,False,False,False,True,81.999,82.06481747475915,-0.06581747475915734
2025,Imola,R,STR,18,Aston Martin,8.0,1.0,MEDIUM,11.0,False,82.084,25.791,28.741,27.552,8.0,1,True,False,True,12.6,8.5,23.964666666666663,42.664,False,False,False,False,False,True,82.462,82.06481747475915,0.39718252524085074
2025,Imola,R,STR,18,Aston Martin,9.0,1.0,MEDIUM,12.0,False,81.84,25.579,28.64,27.621,8.0,1,True,False,True,14.4,8.5,23.964666666666663,42.664,False,False,False,False,False,True,82.272,82.06481747475915,0.207182525240853
2025,Imola,R,STR,18,Aston Martin,10.0,1.0,MEDIUM,13.0,False,82.467,25.695,28.888,27.884,8.0,1,True,False,True,16.2,8.5,23.964666666666663,42.664,False,False,False,False,False,True,82.953,82.06481747475915,0.8881825252408504
2025,Imola,R,STR,18,Aston Martin,11.0,1.0,MEDIUM,14.0,False,83.475,25.965,29.232,28.278,6.0,1,True,False,True,18.0,8.5,23.964666666666663,42.664,False,False,False,False,False,True,84.015,82.06481747475915,1.950182525240848
2025,Imola,R,STR,18,Aston Martin,12.0,1.0,MEDIUM,15.0,False,82.753,25.969,28.976,27.808,5.0,1,True,False,True,19.8,8.5,23.964666666666663,42.664,False,False,False,False,False,True,83.347,82.06481747475915,1.2821825252408416
2025,Imola,R,STR,18,Aston Martin,13.0,1.0,MEDIUM,16.0,False,82.268,25.91,28.633,27.725,5.0,1,True,False,True,21.6,8.5,23.964666666666663,42.664,False,False,False,False,False,True,82.916,82.06481747475915,0.8511825252408443
2025,Imola,R,STR,18,Aston Martin,16.0,2.0,HARD,3.0,False,81.553,25.5,28.682,27.371,16.0,1,True,False,True,27.0,8.5,23.964666666666663,42.664,False,False,False,False,False,True,82.363,82.48013623427389,-0.11713623427388598
2025,Imola,R,STR,18,Aston Martin,17.0,2.0,HARD,4.0,False,81.969,26.143,28.365,27.461,16.0,1,True,False,True,28.8,8.5,23.964666666666663,42.664,False,False,False,False,False,True,82.833,82.48013623427389,0.3528637657261129
2025,Imola,R,STR,18,Aston Martin,18.0,2.0,HARD,5.0,False,81.938,26.243,28.349,27.346,16.0,1,True,False,True,30.6,8.5,23.964666666666663,42.664,False,False,False,False,False,True,82.85600000000001,82.48013623427389,0.37586376572612323
2025,Imola,R,STR,18,Aston Martin,19.0,2.0,HARD,6.0,False,82.046,25.97,28.54,27.536,16.0,1,True,False,True,32.4,8.5,23.964666666666663,42.664,False,False,False,False,False,True,83.018,82.48013623427389,0.5378637657261152
2025,Imola,R,STR,18,Aston Martin,20.0,2.0,HARD,7.0,False,81.912,25.968,28.581,27.363,16.0,1,True,False,True,34.2,8.5,23.964666666666663,42.664,False,False,False,False,False,True,82.938,82.48013623427389,0.45786376572611687
2025,Imola,R,STR,18,Aston Martin,21.0,2.0,HARD,8.0,False,82.312,26.019,28.736,27.557,16.0,1,True,False,True,36.0,8.5,23.964666666666663,42.664,False,False,False,False,False,True,83.392,82.48013623427389,0.9118637657261104
2025,Imola,R,STR,18,Aston Martin,22.0,2.0,HARD,9.0,False,82.133,26.004,28.69,27.439,16.0,1,True,False,True,37.8,8.5,23.964666666666663,42.664,False,False,False,False,False,True,83.267,82.48013623427389,0.7868637657261104
2025,Imola,R,STR,18,Aston Martin,23.0,2.0,HARD,10.0,False,82.155,26.001,28.756,27.398,15.0,1,True,False,True,39.6,8.5,23.964666666666663,42.664,False,False,False,False,False,True,83.343,82.48013623427389,0.862863765726118
2025,Imola,R,STR,18,Aston Martin,24.0,2.0,HARD,11.0,False,81.933,25.898,28.531,27.504,15.0,1,True,False,True,41.4,8.5,23.964666666666663,42.664,False,False,False,False,False,True,83.17500000000001,82.48013623427389,0.6948637657261258
2025,Imola,R,STR,18,Aston Martin,25.0,2.0,HARD,12.0,False,82.223,25.969,28.512,27.742,15.0,1,True,False,True,43.2,8.5,23.964666666666663,42.664,False,False,False,False,False,True,83.519,82.48013623427389,1.03886376572612
2025,Imola,R,STR,18,Aston Martin,26.0,2.0,HARD,13.0,False,82.409,26.026,28.605,27.778,15.0,1,True,False,True,45.0,8.5,23.964666666666663,42.664,False,False,False,False,False,True,83.759,82.48013623427389,1.2788637657261148
2025,Imola,R,STR,18,Aston Martin,27.0,2.0,HARD,14.0,False,82.632,26.235,28.65,27.747,15.0,1,True,False,True,46.8,8.5,23.964666666666663,42.664,False,False,False,False,False,True,84.036,82.48013623427389,1.5558637657261158
2025,Imola,R,STR,18,Aston Martin,32.0,2.0,HARD,19.0,False,82.511,26.223,28.689,27.599,10.0,1,True,False,True,55.8,8.5,23.964666666666663,42.664,False,False,False,False,False,True,84.185,82.48013623427389,1.7048637657261168
2025,Imola,R,STR,18,Aston Martin,33.0,2.0,HARD,20.0,False,82.101,26.035,28.667,27.399,10.0,1,True,False,True,57.6,8.5,23.964666666666663,42.664,False,False,False,False,False,True,83.829,82.48013623427389,1.348863765726108
2025,Imola,R,STR,18,Aston Martin,34.0,2.0,HARD,21.0,False,82.559,26.247,28.768,27.544,10.0,1,True,False,True,59.4,8.5,23.964666666666663,42.664,False,False,False,False,False,True,84.341,82.48013623427389,1.8608637657261085
2025,Imola,R,STR,18,Aston Martin,35.0,2.0,HARD,22.0,False,83.274,26.526,29.094,27.654,11.0,1,True,False,True,61.2,8.5,23.964666666666663,42.664,False,False,False,False,False,True,85.11,82.48013623427389,2.629863765726114
2025,Imola,R,STR,18,Aston Martin,36.0,2.0,HARD,23.0,False,83.401,26.774,29.021,27.606,12.0,1,True,False,True,63.0,8.5,23.964666666666663,42.664,False,False,False,False,False,True,85.291,82.48013623427389,2.8108637657261113
2025,Imola,R,STR,18,Aston Martin,37.0,2.0,HARD,24.0,False,83.025,26.614,28.96,27.451,13.0,1,True,False,True,64.8,8.5,23.964666666666663,42.664,False,False,False,False,False,True,84.96900000000001,82.48013623427389,2.488863765726123
2025,Imola,R,STR,18,Aston Martin,38.0,2.0,HARD,25.0,False,82.969,26.654,28.706,27.609,14.0,1,True,False,True,66.60000000000001,8.5,23.964666666666663,42.664,False,False,False,False,False,True,84.967,82.48013623427389,2.4868637657261132
2025,Imola,R,STR,18,Aston Martin,39.0,2.0,HARD,26.0,False,81.94,25.978,28.474,27.488,14.0,1,True,False,True,68.4,8.5,23.964666666666663,42.664,False,False,False,False,False,True,83.992,82.48013623427389,1.511863765726119
2025,Imola,R,STR,18,Aston Martin,40.0,2.0,HARD,27.0,False,82.337,25.983,28.701,27.653,14.0,1,True,False,True,70.2,8.5,23.964666666666663,42.664,False,False,False,False,False,True,84.443,82.48013623427389,1.9628637657261123
2025,Imola,R,STR,18,Aston Martin,41.0,2.0,HARD,28.0,False,82.207,25.999,28.665,27.543,14.0,1,True,False,True,72.0,8.5,23.964666666666663,42.664,False,False,False,False,False,True,84.36699999999999,82.48013623427389,1.8868637657261047
2025,Imola,R,STR,18,Aston Martin,42.0,2.0,HARD,29.0,False,82.352,25.856,28.826,27.67,14.0,1,True,False,True,73.8,8.5,23.964666666666663,42.664,False,False,False,False,False,True,84.566,82.48013623427389,2.085863765726117
2025,Imola,R,STR,18,Aston Martin,43.0,2.0,HARD,30.0,False,81.851,25.875,28.46,27.516,14.0,1,True,False,True,75.60000000000001,8.5,23.964666666666663,42.664,False,False,False,False,False,True,84.119,82.48013623427389,1.6388637657261143
2025,Imola,R,STR,18,Aston Martin,44.0,2.0,HARD,31.0,False,81.883,25.962,28.496,27.425,14.0,1,True,False,True,77.4,8.5,23.964666666666663,42.664,False,False,False,False,False,True,84.205,82.48013623427389,1.7248637657261128
2025,Imola,R,STR,18,Aston Martin,54.0,3.0,MEDIUM,14.0,False,82.744,26.273,29.018,27.453,15.0,1,True,False,True,95.4,8.5,23.964666666666663,42.664,False,False,False,False,False,True,85.606,82.06481747475915,3.541182525240842
2025,Imola,R,STR,18,Aston Martin,55.0,3.0,MEDIUM,15.0,False,82.083,26.012,28.555,27.516,15.0,1,True,False,True,97.2,8.5,23.964666666666663,42.664,False,False,False,False,False,True,84.999,82.06481747475915,2.9341825252408427
2025,Imola,R,STR,18,Aston Martin,56.0,3.0,MEDIUM,16.0,False,80.933,25.638,28.293,27.002,15.0,1,True,False,True,99.0,8.5,23.964666666666663,42.664,False,False,False,False,False,True,83.903,82.06481747475915,1.8381825252408532
2025,Imola,R,STR,18,Aston Martin,57.0,3.0,MEDIUM,17.0,False,80.657,25.338,28.074,27.245,15.0,1,True,False,True,100.8,8.5,23.964666666666663,42.664,False,False,False,False,False,True,83.681,82.06481747475915,1.6161825252408448
2025,Imola,R,STR,18,Aston Martin,58.0,3.0,MEDIUM,18.0,False,80.501,25.179,28.272,27.05,15.0,1,True,False,True,102.6,8.5,23.964666666666663,42.664,False,False,False,False,False,True,83.57900000000001,82.06481747475915,1.5141825252408552
2025,Imola,R,STR,18,Aston Martin,59.0,3.0,MEDIUM,19.0,False,80.716,25.296,28.232,27.188,15.0,1,True,False,True,104.4,8.5,23.964666666666663,42.664,False,False,False,False,False,True,83.848,82.06481747475915,1.7831825252408464
2025,Imola,R,STR,18,Aston Martin,60.0,3.0,MEDIUM,20.0,False,80.547,25.255,28.264,27.028,15.0,1,True,False,True,106.2,8.5,23.964666666666663,42.664,False,False,False,False,False,True,83.733,82.06481747475915,1.6681825252408515
2025,Imola,R,STR,18,Aston Martin,61.0,3.0,MEDIUM,21.0,False,80.695,24.987,28.428,27.28,15.0,1,True,False,True,108.0,8.5,23.964666666666663,42.664,False,False,False,False,False,True,83.93499999999999,82.06481747475915,1.8701825252408355
2025,Imola,R,STR,18,Aston Martin,62.0,3.0,MEDIUM,22.0,False,80.847,25.18,28.42,27.247,15.0,1,True,False,True,109.8,8.5,23.964666666666663,42.664,False,False,False,False,False,True,84.14099999999999,82.06481747475915,2.0761825252408386
2025,Imola,R,STR,18,Aston Martin,63.0,3.0,MEDIUM,23.0,False,80.926,25.019,28.478,27.429,15.0,1,True,False,True,111.6,8.5,23.964666666666663,42.664,False,False,False,False,False,True,84.274,82.06481747475915,2.2091825252408483
2025,Imola,R,TSU,22,Red Bull Racing,2.0,1.0,HARD,2.0,True,82.726,26.628,28.763,27.335,19.0,1,True,False,True,1.8,8.5,23.964666666666663,42.664,False,False,False,False,False,True,82.78,82.48013623427389,0.2998637657261156
2025,Imola,R,TSU,22,Red Bull Racing,3.0,1.0,HARD,3.0,True,82.262,26.228,28.595,27.439,19.0,1,True,False,True,3.6,8.5,23.964666666666663,42.664,False,False,False,False,False,True,82.37,82.48013623427389,-0.11013623427388097
2025,Imola,R,TSU,22,Red Bull Racing,4.0,1.0,HARD,4.0,True,82.502,26.153,28.803,27.546,19.0,1,True,False,True,5.4,8.5,23.964666666666663,42.664,False,False,False,False,False,True,82.664,82.48013623427389,0.18386376572611596
2025,Imola,R,TSU,22,Red Bull Racing,5.0,1.0,HARD,5.0,True,82.265,26.02,28.794,27.451,19.0,1,True,False,True,7.2,8.5,23.964666666666663,42.664,False,False,False,False,False,True,82.481,82.48013623427389,0.0008637657261090226
2025,Imola,R,TSU,22,Red Bull Racing,6.0,1.0,HARD,6.0,True,82.086,25.946,28.655,27.485,19.0,1,True,False,True,9.0,8.5,23.964666666666663,42.664,False,False,False,False,False,True,82.356,82.48013623427389,-0.12413623427389098
2025,Imola,R,TSU,22,Red Bull Racing,7.0,1.0,HARD,7.0,True,82.179,25.952,28.903,27.324,19.0,1,True,False,True,10.8,8.5,23.964666666666663,42.664,False,False,False,False,False,True,82.503,82.48013623427389,0.022863765726114593
2025,Imola,R,TSU,22,Red Bull Racing,8.0,1.0,HARD,8.0,True,82.509,26.359,28.747,27.403,19.0,1,True,False,True,12.6,8.5,23.964666666666663,42.664,False,False,False,False,False,True,82.887,82.48013623427389,0.40686376572611493
2025,Imola,R,TSU,22,Red Bull Racing,9.0,1.0,HARD,9.0,True,82.26,25.886,28.845,27.529,19.0,1,True,False,True,14.4,8.5,23.964666666666663,42.664,False,False,False,False,False,True,82.69200000000001,82.48013623427389,0.21186376572612176
2025,Imola,R,TSU,22,Red Bull Racing,10.0,1.0,HARD,10.0,True,82.472,26.324,28.649,27.499,18.0,1,True,False,True,16.2,8.5,23.964666666666663,42.664,False,False,False,False,False,True,82.958,82.48013623427389,0.4778637657261129
2025,Imola,R,TSU,22,Red Bull Racing,11.0,1.0,HARD,11.0,True,81.993,25.852,28.623,27.518,16.0,1,True,False,True,18.0,8.5,23.964666666666663,42.664,False,False,False,False,False,True,82.533,82.48013623427389,0.05286376572611573
2025,Imola,R,TSU,22,Red Bull Racing,12.0,1.0,HARD,12.0,True,82.44,25.952,28.788,27.7,14.0,1,True,False,True,19.8,8.5,23.964666666666663,42.664,False,False,False,False,False,True,83.03399999999999,82.48013623427389,0.5538637657261063
2025,Imola,R,TSU,22,Red Bull Racing,13.0,1.0,HARD,13.0,True,82.619,26.029,28.902,27.688,12.0,1,True,False,True,21.6,8.5,23.964666666666663,42.664,False,False,False,False,False,True,83.267,82.48013623427389,0.7868637657261104
2025,Imola,R,TSU,22,Red Bull Racing,14.0,1.0,HARD,14.0,True,82.874,26.09,28.888,27.896,11.0,1,True,False,True,23.4,8.5,23.964666666666663,42.664,False,False,False,False,False,True,83.576,82.48013623427389,1.0958637657261079
2025,Imola,R,TSU,22,Red Bull Racing,15.0,1.0,HARD,15.0,True,82.856,26.01,28.942,27.904,10.0,1,True,False,True,25.2,8.5,23.964666666666663,42.664,False,False,False,False,False,True,83.612,82.48013623427389,1.1318637657261092
2025,Imola,R,TSU,22,Red Bull Racing,16.0,1.0,HARD,16.0,True,82.732,25.933,28.955,27.844,10.0,1,True,False,True,27.0,8.5,23.964666666666663,42.664,False,False,False,False,False,True,83.542,82.48013623427389,1.061863765726116
2025,Imola,R,TSU,22,Red Bull Racing,17.0,1.0,HARD,17.0,True,82.552,25.951,28.831,27.77,10.0,1,True,False,True,28.8,8.5,23.964666666666663,42.664,False,False,False,False,False,True,83.41600000000001,82.48013623427389,0.9358637657261255
2025,Imola,R,TSU,22,Red Bull Racing,18.0,1.0,HARD,18.0,True,83.625,26.504,29.141,27.98,11.0,1,True,False,True,30.6,8.5,23.964666666666663,42.664,False,False,False,False,False,True,84.543,82.48013623427389,2.062863765726121
2025,Imola,R,TSU,22,Red Bull Racing,19.0,1.0,HARD,19.0,True,82.674,26.061,28.889,27.724,11.0,1,True,False,True,32.4,8.5,23.964666666666663,42.664,False,False,False,False,False,True,83.646,82.48013623427389,1.1658637657261153
2025,Imola,R,TSU,22,Red Bull Racing,20.0,1.0,HARD,20.0,True,83.226,26.222,29.077,27.927,11.0,1,True,False,True,34.2,8.5,23.964666666666663,42.664,False,False,False,False,False,True,84.252,82.48013623427389,1.7718637657261098
2025,Imola,R,TSU,22,Red Bull Racing,21.0,1.0,HARD,21.0,True,83.623,26.714,29.009,27.9,12.0,1,True,False,True,36.0,8.5,23.964666666666663,42.664,False,False,False,False,False,True,84.703,82.48013623427389,2.2228637657261174
2025,Imola,R,TSU,22,Red Bull Racing,22.0,1.0,HARD,22.0,True,82.714,26.114,28.915,27.685,11.0,1,True,False,True,37.8,8.5,23.964666666666663,42.664,False,False,False,False,False,True,83.848,82.48013623427389,1.3678637657261135
2025,Imola,R,TSU,22,Red Bull Racing,23.0,1.0,HARD,23.0,True,82.731,26.242,28.821,27.668,11.0,1,True,False,True,39.6,8.5,23.964666666666663,42.664,False,False,False,False,False,True,83.919,82.48013623427389,1.4388637657261114
2025,Imola,R,TSU,22,Red Bull Racing,24.0,1.0,HARD,24.0,True,82.306,25.915,28.629,27.762,11.0,1,True,False,True,41.4,8.5,23.964666666666663,42.664,False,False,False,False,False,True,83.548,82.48013623427389,1.0678637657261163
2025,Imola,R,TSU,22,Red Bull Racing,25.0,1.0,HARD,25.0,True,83.528,26.891,28.919,27.718,12.0,1,True,False,True,43.2,8.5,23.964666666666663,42.664,False,False,False,False,False,True,84.82400000000001,82.48013623427389,2.3438637657261268
2025,Imola,R,TSU,22,Red Bull Racing,26.0,1.0,HARD,26.0,True,82.524,26.115,28.715,27.694,12.0,1,True,False,True,45.0,8.5,23.964666666666663,42.664,False,False,False,False,False,True,83.874,82.48013623427389,1.3938637657261097
2025,Imola,R,TSU,22,Red Bull Racing,27.0,1.0,HARD,27.0,True,82.457,26.076,28.757,27.624,12.0,1,True,False,True,46.8,8.5,23.964666666666663,42.664,False,False,False,False,False,True,83.86099999999999,82.48013623427389,1.3808637657261045
2025,Imola,R,TSU,22,Red Bull Racing,31.0,2.0,MEDIUM,2.0,True,81.646,26.522,28.335,26.789,13.0,1,True,False,True,54.0,8.5,23.964666666666663,42.664,False,False,False,False,False,True,83.266,82.06481747475915,1.2011825252408528
2025,Imola,R,TSU,22,Red Bull Racing,32.0,2.0,MEDIUM,3.0,True,82.697,27.34,28.389,26.968,14.0,1,True,False,True,55.8,8.5,23.964666666666663,42.664,False,False,False,False,False,True,84.37100000000001,82.06481747475915,2.3061825252408568
2025,Imola,R,TSU,22,Red Bull Racing,33.0,2.0,MEDIUM,4.0,True,81.146,25.8,28.343,27.003,14.0,1,True,False,True,57.6,8.5,23.964666666666663,42.664,False,False,False,False,False,True,82.874,82.06481747475915,0.8091825252408427
2025,Imola,R,TSU,22,Red Bull Racing,34.0,2.0,MEDIUM,5.0,True,81.366,26.146,28.211,27.009,14.0,1,True,False,True,59.4,8.5,23.964666666666663,42.664,False,False,False,False,False,True,83.148,82.06481747475915,1.0831825252408436
2025,Imola,R,TSU,22,Red Bull Racing,35.0,2.0,MEDIUM,6.0,True,81.286,26.069,28.11,27.107,14.0,1,True,False,True,61.2,8.5,23.964666666666663,42.664,False,False,False,False,False,True,83.122,82.06481747475915,1.0571825252408473
2025,Imola,R,TSU,22,Red Bull Racing,36.0,2.0,MEDIUM,7.0,True,81.27,25.982,28.139,27.149,14.0,1,True,False,True,63.0,8.5,23.964666666666663,42.664,False,False,False,False,False,True,83.16,82.06481747475915,1.095182525240844
2025,Imola,R,TSU,22,Red Bull Racing,37.0,2.0,MEDIUM,8.0,True,81.951,25.915,28.648,27.388,14.0,1,True,False,True,64.8,8.5,23.964666666666663,42.664,False,False,False,False,False,True,83.895,82.06481747475915,1.8301825252408435
2025,Imola,R,TSU,22,Red Bull Racing,38.0,2.0,MEDIUM,9.0,True,81.134,25.632,28.343,27.159,13.0,1,True,False,True,66.60000000000001,8.5,23.964666666666663,42.664,False,False,False,False,False,True,83.132,82.06481747475915,1.0671825252408524
2025,Imola,R,TSU,22,Red Bull Racing,39.0,2.0,MEDIUM,10.0,True,81.469,26.028,28.273,27.168,13.0,1,True,False,True,68.4,8.5,23.964666666666663,42.664,False,False,False,False,False,True,83.521,82.06481747475915,1.4561825252408482
2025,Imola,R,TSU,22,Red Bull Racing,40.0,2.0,MEDIUM,11.0,True,81.612,25.909,28.405,27.298,13.0,1,True,False,True,70.2,8.5,23.964666666666663,42.664,False,False,False,False,False,True,83.71799999999999,82.06481747475915,1.6531825252408368
2025,Imola,R,TSU,22,Red Bull Racing,41.0,2.0,MEDIUM,12.0,True,82.339,25.979,28.844,27.516,13.0,1,True,False,True,72.0,8.5,23.964666666666663,42.664,False,False,False,False,False,True,84.499,82.06481747475915,2.4341825252408427
2025,Imola,R,TSU,22,Red Bull Racing,42.0,2.0,MEDIUM,13.0,True,80.824,25.593,28.239,26.992,12.0,1,True,False,True,73.8,8.5,23.964666666666663,42.664,False,False,False,False,False,True,83.038,82.06481747475915,0.9731825252408441
2025,Imola,R,TSU,22,Red Bull Racing,43.0,2.0,MEDIUM,14.0,True,81.088,25.883,28.223,26.982,12.0,1,True,False,True,75.60000000000001,8.5,23.964666666666663,42.664,False,False,False,False,False,True,83.356,82.06481747475915,1.291182525240842
2025,Imola,R,TSU,22,Red Bull Racing,44.0,2.0,MEDIUM,15.0,True,81.178,25.882,28.227,27.069,12.0,1,True,False,True,77.4,8.5,23.964666666666663,42.664,False,False,False,False,False,True,83.5,82.06481747475915,1.4351825252408474
2025,Imola,R,TSU,22,Red Bull Racing,54.0,2.0,MEDIUM,25.0,True,81.849,26.176,28.457,27.216,10.0,1,True,False,True,95.4,8.5,23.964666666666663,42.664,False,False,False,False,False,True,84.711,82.06481747475915,2.646182525240846
2025,Imola,R,TSU,22,Red Bull Racing,55.0,2.0,MEDIUM,26.0,True,80.83,25.817,28.108,26.905,10.0,1,True,False,True,97.2,8.5,23.964666666666663,42.664,False,False,False,False,False,True,83.746,82.06481747475915,1.6811825252408426
2025,Imola,R,TSU,22,Red Bull Racing,56.0,2.0,MEDIUM,27.0,True,80.516,25.634,27.954,26.928,10.0,1,True,False,True,99.0,8.5,23.964666666666663,42.664,False,False,False,False,False,True,83.486,82.06481747475915,1.4211825252408516
2025,Imola,R,TSU,22,Red Bull Racing,57.0,2.0,MEDIUM,28.0,True,80.649,25.72,27.963,26.966,10.0,1,True,False,True,100.8,8.5,23.964666666666663,42.664,False,False,False,False,False,True,83.673,82.06481747475915,1.6081825252408493
2025,Imola,R,TSU,22,Red Bull Racing,58.0,2.0,MEDIUM,29.0,True,80.412,25.438,28.042,26.932,10.0,1,True,False,True,102.6,8.5,23.964666666666663,42.664,False,False,False,False,False,True,83.49000000000001,82.06481747475915,1.4251825252408565
2025,Imola,R,TSU,22,Red Bull Racing,59.0,2.0,MEDIUM,30.0,True,80.457,25.499,27.98,26.978,10.0,1,True,False,True,104.4,8.5,23.964666666666663,42.664,False,False,False,False,False,True,83.589,82.06481747475915,1.524182525240846
2025,Imola,R,TSU,22,Red Bull Racing,60.0,2.0,MEDIUM,31.0,True,80.039,25.369,27.9,26.77,10.0,1,True,False,True,106.2,8.5,23.964666666666663,42.664,False,False,False,False,False,True,83.225,82.06481747475915,1.1601825252408418
2025,Imola,R,TSU,22,Red Bull Racing,61.0,2.0,MEDIUM,32.0,True,80.081,25.361,27.843,26.877,10.0,1,True,False,True,108.0,8.5,23.964666666666663,42.664,False,False,False,False,False,True,83.321,82.06481747475915,1.2561825252408454
2025,Imola,R,TSU,22,Red Bull Racing,62.0,2.0,MEDIUM,33.0,True,80.238,25.708,27.783,26.747,10.0,1,True,False,True,109.8,8.5,23.964666666666663,42.664,False,False,False,False,False,True,83.532,82.06481747475915,1.467182525240844
2025,Imola,R,TSU,22,Red Bull Racing,63.0,2.0,MEDIUM,34.0,True,80.47,25.631,27.902,26.937,10.0,1,True,False,True,111.6,8.5,23.964666666666663,42.664,False,False,False,False,False,True,83.818,82.06481747475915,1.7531825252408453
2025,Imola,R,ALB,23,Williams,2.0,1.0,MEDIUM,2.0,True,82.323,26.503,28.561,27.259,7.0,1,True,False,True,1.8,8.5,23.964666666666663,42.664,False,False,False,False,False,True,82.377,82.06481747475915,0.3121825252408428
2025,Imola,R,ALB,23,Williams,3.0,1.0,MEDIUM,3.0,True,81.774,25.734,28.594,27.446,7.0,1,True,False,True,3.6,8.5,23.964666666666663,42.664,False,False,False,False,False,True,81.882,82.06481747475915,-0.18281747475914756
2025,Imola,R,ALB,23,Williams,4.0,1.0,MEDIUM,4.0,True,81.753,25.743,28.649,27.361,7.0,1,True,False,True,5.4,8.5,23.964666666666663,42.664,False,False,False,False,False,True,81.915,82.06481747475915,-0.1498174747591463
2025,Imola,R,ALB,23,Williams,5.0,1.0,MEDIUM,5.0,True,81.615,25.576,28.607,27.432,7.0,1,True,False,True,7.2,8.5,23.964666666666663,42.664,False,False,False,False,False,True,81.83099999999999,82.06481747475915,-0.2338174747591637
2025,Imola,R,ALB,23,Williams,6.0,1.0,MEDIUM,6.0,True,81.666,25.406,28.76,27.5,7.0,1,True,False,True,9.0,8.5,23.964666666666663,42.664,False,False,False,False,False,True,81.93599999999999,82.06481747475915,-0.12881747475915972
2025,Imola,R,ALB,23,Williams,7.0,1.0,MEDIUM,7.0,True,81.583,25.594,28.537,27.452,7.0,1,True,False,True,10.8,8.5,23.964666666666663,42.664,False,False,False,False,False,True,81.907,82.06481747475915,-0.15781747475915608
2025,Imola,R,ALB,23,Williams,8.0,1.0,MEDIUM,8.0,True,81.953,25.74,28.69,27.523,7.0,1,True,False,True,12.6,8.5,23.964666666666663,42.664,False,False,False,False,False,True,82.331,82.06481747475915,0.2661825252408505
2025,Imola,R,ALB,23,Williams,9.0,1.0,MEDIUM,9.0,True,81.974,25.527,28.805,27.642,7.0,1,True,False,True,14.4,8.5,23.964666666666663,42.664,False,False,False,False,False,True,82.406,82.06481747475915,0.34118252524085335
2025,Imola,R,ALB,23,Williams,10.0,1.0,MEDIUM,10.0,True,82.603,25.685,28.956,27.962,7.0,1,True,False,True,16.2,8.5,23.964666666666663,42.664,False,False,False,False,False,True,83.089,82.06481747475915,1.024182525240846
2025,Imola,R,ALB,23,Williams,11.0,1.0,MEDIUM,11.0,True,83.71,25.885,29.409,28.416,5.0,1,True,False,True,18.0,8.5,23.964666666666663,42.664,False,False,False,False,False,True,84.25,82.06481747475915,2.1851825252408474
2025,Imola,R,ALB,23,Williams,12.0,1.0,MEDIUM,12.0,True,82.292,25.735,28.897,27.66,4.0,1,True,False,True,19.8,8.5,23.964666666666663,42.664,False,False,False,False,False,True,82.886,82.06481747475915,0.8211825252408431
2025,Imola,R,ALB,23,Williams,13.0,1.0,MEDIUM,13.0,True,81.758,25.949,28.347,27.462,4.0,1,True,False,True,21.6,8.5,23.964666666666663,42.664,False,False,False,False,False,True,82.40599999999999,82.06481747475915,0.34118252524083914
2025,Imola,R,ALB,23,Williams,14.0,1.0,MEDIUM,14.0,True,81.979,25.993,28.47,27.516,3.0,1,True,False,True,23.4,8.5,23.964666666666663,42.664,False,False,False,False,False,True,82.681,82.06481747475915,0.6161825252408448
2025,Imola,R,ALB,23,Williams,15.0,1.0,MEDIUM,15.0,True,82.018,25.885,28.551,27.582,3.0,1,True,False,True,25.2,8.5,23.964666666666663,42.664,False,False,False,False,False,True,82.774,82.06481747475915,0.7091825252408483
2025,Imola,R,ALB,23,Williams,16.0,1.0,MEDIUM,16.0,True,81.788,25.789,28.461,27.538,3.0,1,True,False,True,27.0,8.5,23.964666666666663,42.664,False,False,False,False,False,True,82.598,82.06481747475915,0.5331825252408464
2025,Imola,R,ALB,23,Williams,17.0,1.0,MEDIUM,17.0,True,81.798,25.789,28.441,27.568,3.0,1,True,False,True,28.8,8.5,23.964666666666663,42.664,False,False,False,False,False,True,82.662,82.06481747475915,0.5971825252408536
2025,Imola,R,ALB,23,Williams,18.0,1.0,MEDIUM,18.0,True,81.82,25.734,28.568,27.518,3.0,1,True,False,True,30.6,8.5,23.964666666666663,42.664,False,False,False,False,False,True,82.738,82.06481747475915,0.673182525240847
2025,Imola,R,ALB,23,Williams,19.0,1.0,MEDIUM,19.0,True,81.779,25.749,28.43,27.6,3.0,1,True,False,True,32.4,8.5,23.964666666666663,42.664,False,False,False,False,False,True,82.75099999999999,82.06481747475915,0.686182525240838
2025,Imola,R,ALB,23,Williams,20.0,1.0,MEDIUM,20.0,True,81.975,25.77,28.519,27.686,3.0,1,True,False,True,34.2,8.5,23.964666666666663,42.664,False,False,False,False,False,True,83.00099999999999,82.06481747475915,0.936182525240838
2025,Imola,R,ALB,23,Williams,21.0,1.0,MEDIUM,21.0,True,82.002,25.698,28.635,27.669,3.0,1,True,False,True,36.0,8.5,23.964666666666663,42.664,False,False,False,False,False,True,83.082,82.06481747475915,1.017182525240841
2025,Imola,R,ALB,23,Williams,22.0,1.0,MEDIUM,22.0,True,81.812,25.766,28.561,27.485,3.0,1,True,False,True,37.8,8.5,23.964666666666663,42.664,False,False,False,False,False,True,82.946,82.06481747475915,0.8811825252408454
2025,Imola,R,ALB,23,Williams,23.0,1.0,MEDIUM,23.0,True,81.801,25.767,28.507,27.527,3.0,1,True,False,True,39.6,8.5,23.964666666666663,42.664,False,False,False,False,False,True,82.989,82.06481747475915,0.9241825252408518
2025,Imola,R,ALB,23,Williams,24.0,1.0,MEDIUM,24.0,True,81.84,25.785,28.496,27.559,3.0,1,True,False,True,41.4,8.5,23.964666666666663,42.664,False,False,False,False,False,True,83.08200000000001,82.06481747475915,1.0171825252408553
2025,Imola,R,ALB,23,Williams,25.0,1.0,MEDIUM,25.0,True,82.239,25.913,28.68,27.646,3.0,1,True,False,True,43.2,8.5,23.964666666666663,42.664,False,False,False,False,False,True,83.53500000000001,82.06481747475915,1.4701825252408582
2025,Imola,R,ALB,23,Williams,26.0,1.0,MEDIUM,26.0,True,82.456,25.854,28.784,27.818,3.0,1,True,False,True,45.0,8.5,23.964666666666663,42.664,False,False,False,False,False,True,83.806,82.06481747475915,1.7411825252408448
2025,Imola,R,ALB,23,Williams,27.0,1.0,MEDIUM,27.0,True,82.058,25.803,28.635,27.62,3.0,1,True,False,True,46.8,8.5,23.964666666666663,42.664,False,False,False,False,False,True,83.462,82.06481747475915,1.3971825252408507
2025,Imola,R,ALB,23,Williams,28.0,1.0,MEDIUM,28.0,True,82.457,25.826,28.853,27.778,3.0,1,True,False,True,48.6,8.5,23.964666666666663,42.664,False,False,False,False,False,True,83.91499999999999,82.06481747475915,1.8501825252408395
2025,Imola,R,ALB,23,Williams,32.0,2.0,HARD,3.0,True,80.384,25.704,27.938,26.742,3.0,1,True,False,True,55.8,8.5,23.964666666666663,42.664,False,False,False,False,False,True,82.058,82.48013623427389,-0.4221362342738786
2025,Imola,R,ALB,23,Williams,33.0,2.0,HARD,4.0,True,80.686,25.756,28.029,26.901,3.0,1,True,False,True,57.6,8.5,23.964666666666663,42.664,False,False,False,False,False,True,82.414,82.48013623427389,-0.06613623427388404
2025,Imola,R,ALB,23,Williams,34.0,2.0,HARD,5.0,True,80.824,25.751,28.061,27.012,3.0,1,True,False,True,59.4,8.5,23.964666666666663,42.664,False,False,False,False,False,True,82.606,82.48013623427389,0.12586376572610902
2025,Imola,R,ALB,23,Williams,35.0,2.0,HARD,6.0,True,80.722,25.68,28.043,26.999,3.0,1,True,False,True,61.2,8.5,23.964666666666663,42.664,False,False,False,False,False,True,82.55799999999999,82.48013623427389,0.0778637657261072
2025,Imola,R,ALB,23,Williams,36.0,2.0,HARD,7.0,True,80.692,25.672,28.081,26.939,3.0,1,True,False,True,63.0,8.5,23.964666666666663,42.664,False,False,False,False,False,True,82.582,82.48013623427389,0.10186376572610811
2025,Imola,R,ALB,23,Williams,37.0,2.0,HARD,8.0,True,80.695,25.675,28.056,26.964,3.0,1,True,False,True,64.8,8.5,23.964666666666663,42.664,False,False,False,False,False,True,82.639,82.48013623427389,0.15886376572611027
2025,Imola,R,ALB,23,Williams,38.0,2.0,HARD,9.0,True,80.694,25.642,28.149,26.903,3.0,1,True,False,True,66.60000000000001,8.5,23.964666666666663,42.664,False,False,False,False,False,True,82.69200000000001,82.48013623427389,0.21186376572612176
2025,Imola,R,ALB,23,Williams,39.0,2.0,HARD,10.0,True,80.518,25.563,27.997,26.958,3.0,1,True,False,True,68.4,8.5,23.964666666666663,42.664,False,False,False,False,False,True,82.57000000000001,82.48013623427389,0.08986376572612187
2025,Imola,R,ALB,23,Williams,40.0,2.0,HARD,11.0,True,81.525,26.113,28.331,27.081,4.0,1,True,False,True,70.2,8.5,23.964666666666663,42.664,False,False,False,False,False,True,83.631,82.48013623427389,1.1508637657261147
2025,Imola,R,ALB,23,Williams,41.0,2.0,HARD,12.0,True,80.744,25.636,28.083,27.025,4.0,1,True,False,True,72.0,8.5,23.964666666666663,42.664,False,False,False,False,False,True,82.904,82.48013623427389,0.42386376572611084
2025,Imola,R,ALB,23,Williams,42.0,2.0,HARD,13.0,True,80.544,25.422,28.148,26.974,4.0,1,True,False,True,73.8,8.5,23.964666666666663,42.664,False,False,False,False,False,True,82.758,82.48013623427389,0.27786376572611005
2025,Imola,R,ALB,23,Williams,43.0,2.0,HARD,14.0,True,80.388,25.365,28.025,26.998,4.0,1,True,False,True,75.60000000000001,8.5,23.964666666666663,42.664,False,False,False,False,False,True,82.656,82.48013623427389,0.1758637657261204
2025,Imola,R,ALB,23,Williams,44.0,2.0,HARD,15.0,True,80.416,25.42,27.897,27.099,4.0,1,True,False,True,77.4,8.5,23.964666666666663,42.664,False,False,False,False,False,True,82.738,82.48013623427389,0.257863765726114
2025,Imola,R,ALB,23,Williams,54.0,3.0,HARD,7.0,True,80.657,25.824,28.159,26.674,5.0,1,True,False,True,95.4,8.5,23.964666666666663,42.664,False,False,False,False,False,True,83.51899999999999,82.48013623427389,1.0388637657261057
2025,Imola,R,ALB,23,Williams,55.0,3.0,HARD,8.0,True,79.649,25.349,27.647,26.653,5.0,1,True,False,True,97.2,8.5,23.964666666666663,42.664,False,False,False,False,False,True,82.565,82.48013623427389,0.0848637657261122
2025,Imola,R,ALB,23,Williams,56.0,3.0,HARD,9.0,True,78.872,24.729,27.648,26.495,5.0,1,True,False,True,99.0,8.5,23.964666666666663,42.664,False,False,False,False,False,True,81.842,82.48013623427389,-0.6381362342738868
2025,Imola,R,ALB,23,Williams,57.0,3.0,HARD,10.0,True,79.019,24.746,27.703,26.57,5.0,1,True,False,True,100.8,8.5,23.964666666666663,42.664,False,False,False,False,False,True,82.043,82.48013623427389,-0.43713623427387915
2025,Imola,R,ALB,23,Williams,58.0,3.0,HARD,11.0,True,80.287,25.295,28.18,26.812,5.0,1,True,False,True,102.6,8.5,23.964666666666663,42.664,False,False,False,False,False,True,83.36500000000001,82.48013623427389,0.8848637657261236
2025,Imola,R,ALB,23,Williams,59.0,3.0,HARD,12.0,True,80.099,25.402,27.943,26.754,5.0,1,True,False,True,104.4,8.5,23.964666666666663,42.664,False,False,False,False,False,True,83.23100000000001,82.48013623427389,0.7508637657261232
2025,Imola,R,ALB,23,Williams,60.0,3.0,HARD,13.0,True,81.386,26.633,27.924,26.829,6.0,1,True,False,True,106.2,8.5,23.964666666666663,42.664,False,False,False,False,False,True,84.572,82.48013623427389,2.091863765726117
2025,Imola,R,ALB,23,Williams,61.0,3.0,HARD,14.0,True,79.964,24.863,28.198,26.903,6.0,1,True,False,True,108.0,8.5,23.964666666666663,42.664,False,False,False,False,False,True,83.204,82.48013623427389,0.723863765726108
2025,Imola,R,ALB,23,Williams,62.0,3.0,HARD,15.0,True,80.928,25.455,28.571,26.902,6.0,1,True,False,True,109.8,8.5,23.964666666666663,42.664,False,False,False,False,False,True,84.222,82.48013623427389,1.7418637657261087
2025,Imola,R,ALB,23,Williams,63.0,3.0,HARD,16.0,True,78.289,24.599,27.406,26.284,5.0,1,True,False,True,111.6,8.5,23.964666666666663,42.664,False,False,False,False,False,True,81.637,82.48013623427389,-0.8431362342738851
2025,Imola,R,HUL,27,Kick Sauber,2.0,1.0,HARD,2.0,True,83.279,26.625,28.951,27.703,16.0,1,True,False,True,1.8,8.5,23.964666666666663,42.664,False,False,False,False,False,True,83.333,82.48013623427389,0.8528637657261129
2025,Imola,R,HUL,27,Kick Sauber,3.0,1.0,HARD,3.0,True,82.67,25.975,29.045,27.65,16.0,1,True,False,True,3.6,8.5,23.964666666666663,42.664,False,False,False,False,False,True,82.778,82.48013623427389,0.2978637657261203
2025,Imola,R,HUL,27,Kick Sauber,4.0,1.0,HARD,4.0,True,82.434,26.096,28.77,27.568,16.0,1,True,False,True,5.4,8.5,23.964666666666663,42.664,False,False,False,False,False,True,82.596,82.48013623427389,0.11586376572611812
2025,Imola,R,HUL,27,Kick Sauber,5.0,1.0,HARD,5.0,True,81.922,25.762,28.694,27.466,16.0,1,True,False,True,7.2,8.5,23.964666666666663,42.664,False,False,False,False,False,True,82.13799999999999,82.48013623427389,-0.3421362342738945
2025,Imola,R,HUL,27,Kick Sauber,6.0,1.0,HARD,6.0,True,82.171,25.925,28.87,27.376,16.0,1,True,False,True,9.0,8.5,23.964666666666663,42.664,False,False,False,False,False,True,82.441,82.48013623427389,-0.03913623427388302
2025,Imola,R,HUL,27,Kick Sauber,7.0,1.0,HARD,7.0,True,82.228,26.251,28.54,27.437,16.0,1,True,False,True,10.8,8.5,23.964666666666663,42.664,False,False,False,False,False,True,82.55199999999999,82.48013623427389,0.07186376572610698
2025,Imola,R,HUL,27,Kick Sauber,8.0,1.0,HARD,8.0,True,82.284,26.134,28.641,27.509,16.0,1,True,False,True,12.6,8.5,23.964666666666663,42.664,False,False,False,False,False,True,82.662,82.48013623427389,0.18186376572612062
2025,Imola,R,HUL,27,Kick Sauber,9.0,1.0,HARD,9.0,True,82.135,26.09,28.607,27.438,15.0,1,True,False,True,14.4,8.5,23.964666666666663,42.664,False,False,False,False,False,True,82.56700000000001,82.48013623427389,0.08686376572612176
2025,Imola,R,HUL,27,Kick Sauber,10.0,1.0,HARD,10.0,True,82.034,26.041,28.634,27.359,14.0,1,True,False,True,16.2,8.5,23.964666666666663,42.664,False,False,False,False,False,True,82.52000000000001,82.48013623427389,0.03986376572612471
2025,Imola,R,HUL,27,Kick Sauber,11.0,1.0,HARD,11.0,True,82.417,26.111,28.804,27.502,13.0,1,True,False,True,18.0,8.5,23.964666666666663,42.664,False,False,False,False,False,True,82.95700000000001,82.48013623427389,0.4768637657261223
2025,Imola,R,HUL,27,Kick Sauber,12.0,1.0,HARD,12.0,True,82.715,26.207,28.843,27.665,10.0,1,True,False,True,19.8,8.5,23.964666666666663,42.664,False,False,False,False,False,True,83.309,82.48013623427389,0.828863765726112
2025,Imola,R,HUL,27,Kick Sauber,13.0,1.0,HARD,13.0,True,82.468,26.122,28.785,27.561,9.0,1,True,False,True,21.6,8.5,23.964666666666663,42.664,False,False,False,False,False,True,83.116,82.48013623427389,0.6358637657261141
2025,Imola,R,HUL,27,Kick Sauber,14.0,1.0,HARD,14.0,True,82.597,26.231,28.833,27.533,8.0,1,True,False,True,23.4,8.5,23.964666666666663,42.664,False,False,False,False,False,True,83.29899999999999,82.48013623427389,0.8188637657261069
2025,Imola,R,HUL,27,Kick Sauber,15.0,1.0,HARD,15.0,True,82.467,26.078,28.802,27.587,7.0,1,True,False,True,25.2,8.5,23.964666666666663,42.664,False,False,False,False,False,True,83.223,82.48013623427389,0.7428637657261135
2025,Imola,R,HUL,27,Kick Sauber,16.0,1.0,HARD,16.0,True,82.271,25.928,28.753,27.59,7.0,1,True,False,True,27.0,8.5,23.964666666666663,42.664,False,False,False,False,False,True,83.081,82.48013623427389,0.6008637657261175
2025,Imola,R,HUL,27,Kick Sauber,17.0,1.0,HARD,17.0,True,82.371,25.968,28.767,27.636,7.0,1,True,False,True,28.8,8.5,23.964666666666663,42.664,False,False,False,False,False,True,83.235,82.48013623427389,0.7548637657261139
2025,Imola,R,HUL,27,Kick Sauber,18.0,1.0,HARD,18.0,True,82.325,25.918,28.811,27.596,7.0,1,True,False,True,30.6,8.5,23.964666666666663,42.664,False,False,False,False,False,True,83.24300000000001,82.48013623427389,0.7628637657261237
2025,Imola,R,HUL,27,Kick Sauber,19.0,1.0,HARD,19.0,True,82.431,26.041,28.797,27.593,7.0,1,True,False,True,32.4,8.5,23.964666666666663,42.664,False,False,False,False,False,True,83.40299999999999,82.48013623427389,0.9228637657261061
2025,Imola,R,HUL,27,Kick Sauber,20.0,1.0,HARD,20.0,True,82.868,26.105,28.892,27.871,7.0,1,True,False,True,34.2,8.5,23.964666666666663,42.664,False,False,False,False,False,True,83.89399999999999,82.48013623427389,1.4138637657261057
2025,Imola,R,HUL,27,Kick Sauber,21.0,1.0,HARD,21.0,True,82.644,26.11,28.892,27.642,7.0,1,True,False,True,36.0,8.5,23.964666666666663,42.664,False,False,False,False,False,True,83.724,82.48013623427389,1.2438637657261182
2025,Imola,R,HUL,27,Kick Sauber,22.0,1.0,HARD,22.0,True,83.742,26.95,29.208,27.584,8.0,1,True,False,True,37.8,8.5,23.964666666666663,42.664,False,False,False,False,False,True,84.876,82.48013623427389,2.3958637657261193
2025,Imola,R,HUL,27,Kick Sauber,23.0,1.0,HARD,23.0,True,82.55,26.084,28.91,27.556,8.0,1,True,False,True,39.6,8.5,23.964666666666663,42.664,False,False,False,False,False,True,83.738,82.48013623427389,1.257863765726114
2025,Imola,R,HUL,27,Kick Sauber,24.0,1.0,HARD,24.0,True,82.342,25.988,28.728,27.626,8.0,1,True,False,True,41.4,8.5,23.964666666666663,42.664,False,False,False,False,False,True,83.584,82.48013623427389,1.1038637657261177
2025,Imola,R,HUL,27,Kick Sauber,25.0,1.0,HARD,25.0,True,82.343,26.018,28.689,27.636,8.0,1,True,False,True,43.2,8.5,23.964666666666663,42.664,False,False,False,False,False,True,83.63900000000001,82.48013623427389,1.1588637657261245
2025,Imola,R,HUL,27,Kick Sauber,26.0,1.0,HARD,26.0,True,82.726,25.941,29.001,27.784,8.0,1,True,False,True,45.0,8.5,23.964666666666663,42.664,False,False,False,False,False,True,84.076,82.48013623427389,1.5958637657261079
2025,Imola,R,HUL,27,Kick Sauber,27.0,1.0,HARD,27.0,True,83.464,26.562,29.184,27.718,9.0,1,True,False,True,46.8,8.5,23.964666666666663,42.664,False,False,False,False,False,True,84.868,82.48013623427389,2.3878637657261095
2025,Imola,R,HUL,27,Kick Sauber,32.0,2.0,MEDIUM,3.0,True,81.609,25.937,28.449,27.223,11.0,1,True,False,True,55.8,8.5,23.964666666666663,42.664,False,False,False,False,False,True,83.283,82.06481747475915,1.2181825252408487
2025,Imola,R,HUL,27,Kick Sauber,33.0,2.0,MEDIUM,4.0,True,82.487,26.33,28.786,27.371,12.0,1,True,False,True,57.6,8.5,23.964666666666663,42.664,False,False,False,False,False,True,84.21499999999999,82.06481747475915,2.1501825252408366
2025,Imola,R,HUL,27,Kick Sauber,34.0,2.0,MEDIUM,5.0,True,82.363,25.858,29.159,27.346,12.0,1,True,False,True,59.4,8.5,23.964666666666663,42.664,False,False,False,False,False,True,84.145,82.06481747475915,2.0801825252408435
2025,Imola,R,HUL,27,Kick Sauber,35.0,2.0,MEDIUM,6.0,True,82.644,25.936,29.143,27.565,12.0,1,True,False,True,61.2,8.5,23.964666666666663,42.664,False,False,False,False,False,True,84.48,82.06481747475915,2.4151825252408514
2025,Imola,R,HUL,27,Kick Sauber,36.0,2.0,MEDIUM,7.0,True,81.62,25.611,28.795,27.214,11.0,1,True,False,True,63.0,8.5,23.964666666666663,42.664,False,False,False,False,False,True,83.51,82.06481747475915,1.4451825252408526
2025,Imola,R,HUL,27,Kick Sauber,37.0,2.0,MEDIUM,8.0,True,82.024,26.115,28.8,27.109,11.0,1,True,False,True,64.8,8.5,23.964666666666663,42.664,False,False,False,False,False,True,83.968,82.06481747475915,1.903182525240851
2025,Imola,R,HUL,27,Kick Sauber,38.0,2.0,MEDIUM,9.0,True,81.522,25.747,28.756,27.019,11.0,1,True,False,True,66.60000000000001,8.5,23.964666666666663,42.664,False,False,False,False,False,True,83.52000000000001,82.06481747475915,1.4551825252408577
2025,Imola,R,HUL,27,Kick Sauber,39.0,2.0,MEDIUM,10.0,True,80.482,25.319,28.207,26.956,10.0,1,True,False,True,68.4,8.5,23.964666666666663,42.664,False,False,False,False,False,True,82.534,82.06481747475915,0.46918252524085347
2025,Imola,R,HUL,27,Kick Sauber,40.0,2.0,MEDIUM,11.0,True,81.452,26.036,28.399,27.017,10.0,1,True,False,True,70.2,8.5,23.964666666666663,42.664,False,False,False,False,False,True,83.55799999999999,82.06481747475915,1.4931825252408402
2025,Imola,R,HUL,27,Kick Sauber,41.0,2.0,MEDIUM,12.0,True,81.475,25.902,28.41,27.163,10.0,1,True,False,True,72.0,8.5,23.964666666666663,42.664,False,False,False,False,False,True,83.63499999999999,82.06481747475915,1.5701825252408383
2025,Imola,R,HUL,27,Kick Sauber,42.0,2.0,MEDIUM,13.0,True,82.395,26.472,28.706,27.217,11.0,1,True,False,True,73.8,8.5,23.964666666666663,42.664,False,False,False,False,False,True,84.609,82.06481747475915,2.544182525240842
2025,Imola,R,HUL,27,Kick Sauber,43.0,2.0,MEDIUM,14.0,True,81.66,25.872,28.55,27.238,11.0,1,True,False,True,75.60000000000001,8.5,23.964666666666663,42.664,False,False,False,False,False,True,83.928,82.06481747475915,1.8631825252408447
2025,Imola,R,HUL,27,Kick Sauber,44.0,2.0,MEDIUM,15.0,True,81.474,25.865,28.461,27.148,11.0,1,True,False,True,77.4,8.5,23.964666666666663,42.664,False,False,False,False,False,True,83.796,82.06481747475915,1.731182525240854
2025,Imola,R,HUL,27,Kick Sauber,54.0,2.0,MEDIUM,25.0,True,82.931,26.26,29.435,27.236,11.0,1,True,False,True,95.4,8.5,23.964666666666663,42.664,False,False,False,False,False,True,85.79299999999999,82.06481747475915,3.7281825252408396
2025,Imola,R,HUL,27,Kick Sauber,55.0,2.0,MEDIUM,26.0,True,81.045,25.777,28.355,26.913,11.0,1,True,False,True,97.2,8.5,23.964666666666663,42.664,False,False,False,False,False,True,83.961,82.06481747475915,1.896182525240846
2025,Imola,R,HUL,27,Kick Sauber,56.0,2.0,MEDIUM,27.0,True,80.584,25.417,28.182,26.985,11.0,1,True,False,True,99.0,8.5,23.964666666666663,42.664,False,False,False,False,False,True,83.554,82.06481747475915,1.4891825252408495
2025,Imola,R,HUL,27,Kick Sauber,57.0,2.0,MEDIUM,28.0,True,80.479,25.426,28.116,26.937,11.0,1,True,False,True,100.8,8.5,23.964666666666663,42.664,False,False,False,False,False,True,83.503,82.06481747475915,1.4381825252408476
2025,Imola,R,HUL,27,Kick Sauber,58.0,2.0,MEDIUM,29.0,True,80.614,25.351,28.178,27.085,11.0,1,True,False,True,102.6,8.5,23.964666666666663,42.664,False,False,False,False,False,True,83.69200000000001,82.06481747475915,1.6271825252408547
2025,Imola,R,HUL,27,Kick Sauber,59.0,2.0,MEDIUM,30.0,True,81.455,25.266,28.961,27.228,12.0,1,True,False,True,104.4,8.5,23.964666666666663,42.664,False,False,False,False,False,True,84.587,82.06481747475915,2.5221825252408507
2025,Imola,R,HUL,27,Kick Sauber,60.0,2.0,MEDIUM,31.0,True,80.432,25.252,28.19,26.99,12.0,1,True,False,True,106.2,8.5,23.964666666666663,42.664,False,False,False,False,False,True,83.618,82.06481747475915,1.5531825252408424
2025,Imola,R,HUL,27,Kick Sauber,61.0,2.0,MEDIUM,32.0,True,80.924,25.481,28.271,27.172,12.0,1,True,False,True,108.0,8.5,23.964666666666663,42.664,False,False,False,False,False,True,84.164,82.06481747475915,2.099182525240849
2025,Imola,R,HUL,27,Kick Sauber,62.0,2.0,MEDIUM,33.0,True,80.401,25.418,28.04,26.943,12.0,1,True,False,True,109.8,8.5,23.964666666666663,42.664,False,False,False,False,False,True,83.695,82.06481747475915,1.6301825252408406
2025,Imola,R,HUL,27,Kick Sauber,63.0,2.0,MEDIUM,34.0,True,80.915,25.552,28.199,27.164,12.0,1,True,False,True,111.6,8.5,23.964666666666663,42.664,False,False,False,False,False,True,84.263,82.06481747475915,2.1981825252408527
2025,Imola,R,LAW,30,Racing Bulls,2.0,1.0,MEDIUM,2.0,True,83.63,26.919,28.964,27.747,15.0,1,True,False,True,1.8,8.5,23.964666666666663,42.664,False,False,False,False,False,True,83.684,82.06481747475915,1.619182525240845
2025,Imola,R,LAW,30,Racing Bulls,3.0,1.0,MEDIUM,3.0,True,82.737,25.982,28.794,27.961,15.0,1,True,False,True,3.6,8.5,23.964666666666663,42.664,False,False,False,False,False,True,82.845,82.06481747475915,0.7801825252408463
2025,Imola,R,LAW,30,Racing Bulls,4.0,1.0,MEDIUM,4.0,True,82.11,26.167,28.609,27.334,15.0,1,True,False,True,5.4,8.5,23.964666666666663,42.664,False,False,False,False,False,True,82.272,82.06481747475915,0.207182525240853
2025,Imola,R,LAW,30,Racing Bulls,5.0,1.0,MEDIUM,5.0,True,81.917,25.975,28.557,27.385,15.0,1,True,False,True,7.2,8.5,23.964666666666663,42.664,False,False,False,False,False,True,82.133,82.06481747475915,0.068182525240843
2025,Imola,R,LAW,30,Racing Bulls,6.0,1.0,MEDIUM,6.0,True,81.798,26.17,28.395,27.233,15.0,1,True,False,True,9.0,8.5,23.964666666666663,42.664,False,False,False,False,False,True,82.068,82.06481747475915,0.0031825252408452798
2025,Imola,R,LAW,30,Racing Bulls,7.0,1.0,MEDIUM,7.0,True,82.064,26.246,28.378,27.44,15.0,1,True,False,True,10.8,8.5,23.964666666666663,42.664,False,False,False,False,False,True,82.38799999999999,82.06481747475915,0.32318252524083846
2025,Imola,R,LAW,30,Racing Bulls,8.0,1.0,MEDIUM,8.0,True,82.111,26.27,28.436,27.405,15.0,1,True,False,True,12.6,8.5,23.964666666666663,42.664,False,False,False,False,False,True,82.489,82.06481747475915,0.42418252524085176
2025,Imola,R,LAW,30,Racing Bulls,9.0,1.0,MEDIUM,9.0,True,82.127,26.117,28.687,27.323,14.0,1,True,False,True,14.4,8.5,23.964666666666663,42.664,False,False,False,False,False,True,82.559,82.06481747475915,0.49418252524084494
2025,Imola,R,LAW,30,Racing Bulls,12.0,2.0,HARD,2.0,True,81.703,26.208,28.279,27.216,20.0,1,True,False,True,19.8,8.5,23.964666666666663,42.664,False,False,False,False,False,True,82.297,82.48013623427389,-0.18313623427388848
2025,Imola,R,LAW,30,Racing Bulls,13.0,2.0,HARD,3.0,True,81.245,25.898,28.198,27.149,19.0,1,True,False,True,21.6,8.5,23.964666666666663,42.664,False,False,False,False,False,True,81.893,82.48013623427389,-0.5871362342738848
2025,Imola,R,LAW,30,Racing Bulls,14.0,2.0,HARD,4.0,True,82.482,26.082,28.652,27.748,19.0,1,True,False,True,23.4,8.5,23.964666666666663,42.664,False,False,False,False,False,True,83.184,82.48013623427389,0.703863765726112
2025,Imola,R,LAW,30,Racing Bulls,15.0,2.0,HARD,5.0,True,82.217,26.037,28.755,27.425,18.0,1,True,False,True,25.2,8.5,23.964666666666663,42.664,False,False,False,False,False,True,82.973,82.48013623427389,0.49286376572611346
2025,Imola,R,LAW,30,Racing Bulls,16.0,2.0,HARD,6.0,True,81.992,26.035,28.489,27.468,18.0,1,True,False,True,27.0,8.5,23.964666666666663,42.664,False,False,False,False,False,True,82.802,82.48013623427389,0.3218637657261212
2025,Imola,R,LAW,30,Racing Bulls,17.0,2.0,HARD,7.0,True,82.129,26.114,28.58,27.435,18.0,1,True,False,True,28.8,8.5,23.964666666666663,42.664,False,False,False,False,False,True,82.99300000000001,82.48013623427389,0.5128637657261237
2025,Imola,R,LAW,30,Racing Bulls,18.0,2.0,HARD,8.0,True,82.003,26.049,28.52,27.434,18.0,1,True,False,True,30.6,8.5,23.964666666666663,42.664,False,False,False,False,False,True,82.921,82.48013623427389,0.44086376572612096
2025,Imola,R,LAW,30,Racing Bulls,19.0,2.0,HARD,9.0,True,81.977,26.024,28.526,27.427,18.0,1,True,False,True,32.4,8.5,23.964666666666663,42.664,False,False,False,False,False,True,82.949,82.48013623427389,0.46886376572611255
2025,Imola,R,LAW,30,Racing Bulls,20.0,2.0,HARD,10.0,True,82.167,26.039,28.734,27.394,18.0,1,True,False,True,34.2,8.5,23.964666666666663,42.664,False,False,False,False,False,True,83.193,82.48013623427389,0.7128637657261123
2025,Imola,R,LAW,30,Racing Bulls,21.0,2.0,HARD,11.0,True,82.153,25.978,28.656,27.519,18.0,1,True,False,True,36.0,8.5,23.964666666666663,42.664,False,False,False,False,False,True,83.233,82.48013623427389,0.7528637657261186
2025,Imola,R,LAW,30,Racing Bulls,22.0,2.0,HARD,12.0,True,82.063,25.981,28.606,27.476,18.0,1,True,False,True,37.8,8.5,23.964666666666663,42.664,False,False,False,False,False,True,83.197,82.48013623427389,0.7168637657261172
2025,Imola,R,LAW,30,Racing Bulls,23.0,2.0,HARD,13.0,True,82.447,26.033,28.894,27.52,17.0,1,True,False,True,39.6,8.5,23.964666666666663,42.664,False,False,False,False,False,True,83.635,82.48013623427389,1.1548637657261196
2025,Imola,R,LAW,30,Racing Bulls,24.0,2.0,HARD,14.0,True,82.154,25.975,28.693,27.486,17.0,1,True,False,True,41.4,8.5,23.964666666666663,42.664,False,False,False,False,False,True,83.396,82.48013623427389,0.9158637657261153
2025,Imola,R,LAW,30,Racing Bulls,25.0,2.0,HARD,15.0,True,82.499,26.031,28.847,27.621,17.0,1,True,False,True,43.2,8.5,23.964666666666663,42.664,False,False,False,False,False,True,83.795,82.48013623427389,1.3148637657261162
2025,Imola,R,LAW,30,Racing Bulls,26.0,2.0,HARD,16.0,True,82.724,26.087,28.883,27.754,17.0,1,True,False,True,45.0,8.5,23.964666666666663,42.664,False,False,False,False,False,True,84.074,82.48013623427389,1.5938637657261125
2025,Imola,R,LAW,30,Racing Bulls,27.0,2.0,HARD,17.0,True,82.879,26.131,28.969,27.779,17.0,1,True,False,True,46.8,8.5,23.964666666666663,42.664,False,False,False,False,False,True,84.283,82.48013623427389,1.8028637657261157
2025,Imola,R,LAW,30,Racing Bulls,31.0,3.0,HARD,2.0,True,81.274,25.991,28.356,26.927,18.0,1,True,False,True,54.0,8.5,23.964666666666663,42.664,False,False,False,False,False,True,82.894,82.48013623427389,0.41386376572611994
2025,Imola,R,LAW,30,Racing Bulls,32.0,3.0,HARD,3.0,True,80.9,25.828,27.992,27.08,17.0,1,True,False,True,55.8,8.5,23.964666666666663,42.664,False,False,False,False,False,True,82.57400000000001,82.48013623427389,0.09386376572612676
2025,Imola,R,LAW,30,Racing Bulls,33.0,3.0,HARD,4.0,True,81.159,25.775,28.214,27.17,17.0,1,True,False,True,57.6,8.5,23.964666666666663,42.664,False,False,False,False,False,True,82.887,82.48013623427389,0.40686376572611493
2025,Imola,R,LAW,30,Racing Bulls,34.0,3.0,HARD,5.0,True,81.108,25.861,28.163,27.084,17.0,1,True,False,True,59.4,8.5,23.964666666666663,42.664,False,False,False,False,False,True,82.89,82.48013623427389,0.40986376572611505
2025,Imola,R,LAW,30,Racing Bulls,35.0,3.0,HARD,6.0,True,81.125,25.814,28.185,27.126,17.0,1,True,False,True,61.2,8.5,23.964666666666663,42.664,False,False,False,False,False,True,82.961,82.48013623427389,0.480863765726113
2025,Imola,R,LAW,30,Racing Bulls,36.0,3.0,HARD,7.0,True,81.077,25.795,28.172,27.11,17.0,1,True,False,True,63.0,8.5,23.964666666666663,42.664,False,False,False,False,False,True,82.967,82.48013623427389,0.48686376572611323
2025,Imola,R,LAW,30,Racing Bulls,37.0,3.0,HARD,8.0,True,80.993,25.713,28.139,27.141,17.0,1,True,False,True,64.8,8.5,23.964666666666663,42.664,False,False,False,False,False,True,82.937,82.48013623427389,0.4568637657261121
2025,Imola,R,LAW,30,Racing Bulls,38.0,3.0,HARD,9.0,True,81.109,25.754,28.276,27.079,17.0,1,True,False,True,66.60000000000001,8.5,23.964666666666663,42.664,False,False,False,False,False,True,83.107,82.48013623427389,0.6268637657261138
2025,Imola,R,LAW,30,Racing Bulls,39.0,3.0,HARD,10.0,True,81.033,25.739,28.219,27.075,17.0,1,True,False,True,68.4,8.5,23.964666666666663,42.664,False,False,False,False,False,True,83.08500000000001,82.48013623427389,0.6048637657261224
2025,Imola,R,LAW,30,Racing Bulls,40.0,3.0,HARD,11.0,True,81.218,25.79,28.345,27.083,17.0,1,True,False,True,70.2,8.5,23.964666666666663,42.664,False,False,False,False,False,True,83.324,82.48013623427389,0.8438637657261125
2025,Imola,R,LAW,30,Racing Bulls,41.0,3.0,HARD,12.0,True,81.417,25.816,28.416,27.185,17.0,1,True,False,True,72.0,8.5,23.964666666666663,42.664,False,False,False,False,False,True,83.577,82.48013623427389,1.0968637657261127
2025,Imola,R,LAW,30,Racing Bulls,42.0,3.0,HARD,13.0,True,81.034,25.736,28.249,27.049,17.0,1,True,False,True,73.8,8.5,23.964666666666663,42.664,False,False,False,False,False,True,83.248,82.48013623427389,0.7678637657261191
2025,Imola,R,LAW,30,Racing Bulls,43.0,3.0,HARD,14.0,True,82.025,25.926,28.664,27.435,17.0,1,True,False,True,75.60000000000001,8.5,23.964666666666663,42.664,False,False,False,False,False,True,84.293,82.48013623427389,1.8128637657261208
2025,Imola,R,LAW,30,Racing Bulls,44.0,3.0,HARD,15.0,True,83.089,25.843,29.695,27.551,17.0,1,True,False,True,77.4,8.5,23.964666666666663,42.664,False,False,False,False,False,True,85.411,82.48013623427389,2.930863765726116
2025,Imola,R,LAW,30,Racing Bulls,54.0,3.0,HARD,25.0,True,82.707,26.292,28.855,27.56,13.0,1,True,False,True,95.4,8.5,23.964666666666663,42.664,False,False,False,False,False,True,85.56899999999999,82.48013623427389,3.088863765726103
2025,Imola,R,LAW,30,Racing Bulls,55.0,3.0,HARD,26.0,True,82.477,26.013,29.085,27.379,14.0,1,True,False,True,97.2,8.5,23.964666666666663,42.664,False,False,False,False,False,True,85.393,82.48013623427389,2.912863765726115
2025,Imola,R,LAW,30,Racing Bulls,56.0,3.0,HARD,27.0,True,80.583,25.584,28.139,26.86,14.0,1,True,False,True,99.0,8.5,23.964666666666663,42.664,False,False,False,False,False,True,83.553,82.48013623427389,1.0728637657261118
2025,Imola,R,LAW,30,Racing Bulls,57.0,3.0,HARD,28.0,True,80.762,25.552,28.057,27.153,14.0,1,True,False,True,100.8,8.5,23.964666666666663,42.664,False,False,False,False,False,True,83.786,82.48013623427389,1.3058637657261158
2025,Imola,R,LAW,30,Racing Bulls,58.0,3.0,HARD,29.0,True,80.565,25.278,28.214,27.073,14.0,1,True,False,True,102.6,8.5,23.964666666666663,42.664,False,False,False,False,False,True,83.643,82.48013623427389,1.1628637657261152
2025,Imola,R,LAW,30,Racing Bulls,59.0,3.0,HARD,30.0,True,80.757,25.256,28.339,27.162,14.0,1,True,False,True,104.4,8.5,23.964666666666663,42.664,False,False,False,False,False,True,83.88900000000001,82.48013623427389,1.4088637657261245
2025,Imola,R,LAW,30,Racing Bulls,60.0,3.0,HARD,31.0,True,80.473,25.292,28.099,27.082,14.0,1,True,False,True,106.2,8.5,23.964666666666663,42.664,False,False,False,False,False,True,83.65899999999999,82.48013623427389,1.1788637657261063
2025,Imola,R,LAW,30,Racing Bulls,61.0,3.0,HARD,32.0,True,80.687,25.13,28.235,27.322,14.0,1,True,False,True,108.0,8.5,23.964666666666663,42.664,False,False,False,False,False,True,83.92699999999999,82.48013623427389,1.446863765726107
2025,Imola,R,LAW,30,Racing Bulls,62.0,3.0,HARD,33.0,True,80.861,25.317,28.391,27.153,14.0,1,True,False,True,109.8,8.5,23.964666666666663,42.664,False,False,False,False,False,True,84.155,82.48013623427389,1.6748637657261156
2025,Imola,R,LAW,30,Racing Bulls,63.0,3.0,HARD,34.0,True,80.949,25.206,28.32,27.423,14.0,1,True,False,True,111.6,8.5,23.964666666666663,42.664,False,False,False,False,False,True,84.297,82.48013623427389,1.8168637657261115
2025,Imola,R,OCO,31,Haas F1 Team,3.0,2.0,HARD,2.0,True,81.413,25.985,28.121,27.307,20.0,1,True,False,True,3.6,8.5,23.964666666666663,42.664,False,False,False,False,False,True,81.521,82.48013623427389,-0.9591362342738847
2025,Imola,R,OCO,31,Haas F1 Team,4.0,2.0,HARD,3.0,True,81.423,26.027,28.279,27.117,20.0,1,True,False,True,5.4,8.5,23.964666666666663,42.664,False,False,False,False,False,True,81.58500000000001,82.48013623427389,-0.8951362342738776
2025,Imola,R,OCO,31,Haas F1 Team,5.0,2.0,HARD,4.0,True,81.651,26.009,28.358,27.284,20.0,1,True,False,True,7.2,8.5,23.964666666666663,42.664,False,False,False,False,False,True,81.86699999999999,82.48013623427389,-0.6131362342738953
2025,Imola,R,OCO,31,Haas F1 Team,6.0,2.0,HARD,5.0,True,81.609,26.108,28.328,27.173,20.0,1,True,False,True,9.0,8.5,23.964666666666663,42.664,False,False,False,False,False,True,81.87899999999999,82.48013623427389,-0.6011362342738948
2025,Imola,R,OCO,31,Haas F1 Team,7.0,2.0,HARD,6.0,True,81.798,26.038,28.416,27.344,20.0,1,True,False,True,10.8,8.5,23.964666666666663,42.664,False,False,False,False,False,True,82.122,82.48013623427389,-0.35813623427388563
2025,Imola,R,OCO,31,Haas F1 Team,8.0,2.0,HARD,7.0,True,81.796,26.086,28.439,27.271,20.0,1,True,False,True,12.6,8.5,23.964666666666663,42.664,False,False,False,False,False,True,82.174,82.48013623427389,-0.3061362342738789
2025,Imola,R,OCO,31,Haas F1 Team,9.0,2.0,HARD,8.0,True,81.885,26.095,28.458,27.332,20.0,1,True,False,True,14.4,8.5,23.964666666666663,42.664,False,False,False,False,False,True,82.31700000000001,82.48013623427389,-0.16313623427387824
2025,Imola,R,OCO,31,Haas F1 Team,10.0,2.0,HARD,9.0,True,82.205,26.242,28.503,27.46,19.0,1,True,False,True,16.2,8.5,23.964666666666663,42.664,False,False,False,False,False,True,82.691,82.48013623427389,0.21086376572611698
2025,Imola,R,OCO,31,Haas F1 Team,11.0,2.0,HARD,10.0,True,82.226,26.328,28.475,27.423,18.0,1,True,False,True,18.0,8.5,23.964666666666663,42.664,False,False,False,False,False,True,82.766,82.48013623427389,0.2858637657261198
2025,Imola,R,OCO,31,Haas F1 Team,12.0,2.0,HARD,11.0,True,82.524,26.221,28.643,27.66,18.0,1,True,False,True,19.8,8.5,23.964666666666663,42.664,False,False,False,False,False,True,83.118,82.48013623427389,0.6378637657261095
2025,Imola,R,OCO,31,Haas F1 Team,13.0,2.0,HARD,12.0,True,82.85,26.192,28.928,27.73,17.0,1,True,False,True,21.6,8.5,23.964666666666663,42.664,False,False,False,False,False,True,83.49799999999999,82.48013623427389,1.017863765726105
2025,Imola,R,OCO,31,Haas F1 Team,14.0,2.0,HARD,13.0,True,83.867,26.843,29.189,27.835,18.0,1,True,False,True,23.4,8.5,23.964666666666663,42.664,False,False,False,False,False,True,84.569,82.48013623427389,2.088863765726117
2025,Imola,R,OCO,31,Haas F1 Team,15.0,2.0,HARD,14.0,True,84.079,26.985,29.132,27.962,19.0,1,True,False,True,25.2,8.5,23.964666666666663,42.664,False,False,False,False,False,True,84.835,82.48013623427389,2.3548637657261082
2025,Imola,R,OCO,31,Haas F1 Team,16.0,2.0,HARD,15.0,True,83.956,26.742,29.299,27.915,20.0,1,True,False,True,27.0,8.5,23.964666666666663,42.664,False,False,False,False,False,True,84.766,82.48013623427389,2.28586376572612
2025,Imola,R,OCO,31,Haas F1 Team,17.0,2.0,HARD,16.0,True,82.838,26.2,28.87,27.768,20.0,1,True,False,True,28.8,8.5,23.964666666666663,42.664,False,False,False,False,False,True,83.702,82.48013623427389,1.2218637657261127
2025,Imola,R,OCO,31,Haas F1 Team,18.0,2.0,HARD,17.0,True,82.716,26.144,28.913,27.659,20.0,1,True,False,True,30.6,8.5,23.964666666666663,42.664,False,False,False,False,False,True,83.634,82.48013623427389,1.1538637657261148
2025,Imola,R,OCO,31,Haas F1 Team,19.0,2.0,HARD,18.0,True,82.432,26.038,28.806,27.588,20.0,1,True,False,True,32.4,8.5,23.964666666666663,42.664,False,False,False,False,False,True,83.404,82.48013623427389,0.9238637657261108
2025,Imola,R,OCO,31,Haas F1 Team,20.0,2.0,HARD,19.0,True,82.736,26.179,28.992,27.565,20.0,1,True,False,True,34.2,8.5,23.964666666666663,42.664,False,False,False,False,False,True,83.762,82.48013623427389,1.281863765726115
2025,Imola,R,OCO,31,Haas F1 Team,21.0,2.0,HARD,20.0,True,82.166,25.999,28.669,27.498,20.0,1,True,False,True,36.0,8.5,23.964666666666663,42.664,False,False,False,False,False,True,83.246,82.48013623427389,0.7658637657261096
2025,Imola,R,OCO,31,Haas F1 Team,22.0,2.0,HARD,21.0,True,82.651,26.124,28.902,27.625,20.0,1,True,False,True,37.8,8.5,23.964666666666663,42.664,False,False,False,False,False,True,83.785,82.48013623427389,1.304863765726111
2025,Imola,R,OCO,31,Haas F1 Team,23.0,2.0,HARD,22.0,True,82.434,26.124,28.642,27.668,19.0,1,True,False,True,39.6,8.5,23.964666666666663,42.664,False,False,False,False,False,True,83.622,82.48013623427389,1.1418637657261144
2025,Imola,R,OCO,31,Haas F1 Team,24.0,2.0,HARD,23.0,True,82.396,26.18,28.659,27.557,19.0,1,True,False,True,41.4,8.5,23.964666666666663,42.664,False,False,False,False,False,True,83.638,82.48013623427389,1.1578637657261197
2025,Imola,R,OCO,31,Haas F1 Team,25.0,2.0,HARD,24.0,True,82.594,26.051,28.815,27.728,19.0,1,True,False,True,43.2,8.5,23.964666666666663,42.664,False,False,False,False,False,True,83.89,82.48013623427389,1.409863765726115
2025,Imola,R,OCO,31,Haas F1 Team,26.0,2.0,HARD,25.0,True,82.714,26.122,28.912,27.68,19.0,1,True,False,True,45.0,8.5,23.964666666666663,42.664,False,False,False,False,False,True,84.064,82.48013623427389,1.5838637657261074
2025,Imola,R,OCO,31,Haas F1 Team,27.0,2.0,HARD,26.0,True,82.392,26.062,28.72,27.61,19.0,1,True,False,True,46.8,8.5,23.964666666666663,42.664,False,False,False,False,False,True,83.79599999999999,82.48013623427389,1.3158637657261067
2025,Imola,R,NOR,4,McLaren,2.0,1.0,MEDIUM,2.0,True,81.819,26.26,28.394,27.165,4.0,1,True,False,True,1.8,8.5,23.964666666666663,42.664,False,False,False,False,False,True,81.873,82.06481747475915,-0.1918174747591479
2025,Imola,R,NOR,4,McLaren,3.0,1.0,MEDIUM,3.0,True,81.462,25.832,28.381,27.249,4.0,1,True,False,True,3.6,8.5,23.964666666666663,42.664,False,False,False,False,False,True,81.57000000000001,82.06481747475915,-0.49481747475914517
2025,Imola,R,NOR,4,McLaren,4.0,1.0,MEDIUM,4.0,True,81.647,25.973,28.444,27.23,4.0,1,True,False,True,5.4,8.5,23.964666666666663,42.664,False,False,False,False,False,True,81.80900000000001,82.06481747475915,-0.25581747475914085
2025,Imola,R,NOR,4,McLaren,5.0,1.0,MEDIUM,5.0,True,81.581,25.885,28.307,27.389,4.0,1,True,False,True,7.2,8.5,23.964666666666663,42.664,False,False,False,False,False,True,81.797,82.06481747475915,-0.2678174747591555
2025,Imola,R,NOR,4,McLaren,6.0,1.0,MEDIUM,6.0,True,81.518,25.782,28.525,27.211,4.0,1,True,False,True,9.0,8.5,23.964666666666663,42.664,False,False,False,False,False,True,81.788,82.06481747475915,-0.27681747475915586
2025,Imola,R,NOR,4,McLaren,7.0,1.0,MEDIUM,7.0,True,81.347,25.752,28.381,27.214,4.0,1,True,False,True,10.8,8.5,23.964666666666663,42.664,False,False,False,False,False,True,81.67099999999999,82.06481747475915,-0.3938174747591603
2025,Imola,R,NOR,4,McLaren,8.0,1.0,MEDIUM,8.0,True,81.71,25.884,28.609,27.217,4.0,1,True,False,True,12.6,8.5,23.964666666666663,42.664,False,False,False,False,False,True,82.088,82.06481747475915,0.0231825252408413
2025,Imola,R,NOR,4,McLaren,9.0,1.0,MEDIUM,9.0,True,82.486,26.208,28.952,27.326,4.0,1,True,False,True,14.4,8.5,23.964666666666663,42.664,False,False,False,False,False,True,82.918,82.06481747475915,0.8531825252408538
2025,Imola,R,NOR,4,McLaren,10.0,1.0,MEDIUM,10.0,True,82.982,26.292,29.04,27.65,4.0,1,True,False,True,16.2,8.5,23.964666666666663,42.664,False,False,False,False,False,True,83.468,82.06481747475915,1.403182525240851
2025,Imola,R,NOR,4,McLaren,11.0,1.0,MEDIUM,11.0,True,83.05,26.482,29.08,27.488,3.0,1,True,False,True,18.0,8.5,23.964666666666663,42.664,False,False,False,False,False,True,83.59,82.06481747475915,1.5251825252408509
2025,Imola,R,NOR,4,McLaren,12.0,1.0,MEDIUM,12.0,True,82.021,26.049,28.644,27.328,3.0,1,True,False,True,19.8,8.5,23.964666666666663,42.664,False,False,False,False,False,True,82.615,82.06481747475915,0.5501825252408423
2025,Imola,R,NOR,4,McLaren,13.0,1.0,MEDIUM,13.0,True,81.292,25.683,28.189,27.42,3.0,1,True,False,True,21.6,8.5,23.964666666666663,42.664,False,False,False,False,False,True,81.94,82.06481747475915,-0.12481747475915483
2025,Imola,R,NOR,4,McLaren,14.0,1.0,MEDIUM,14.0,True,81.322,25.851,28.174,27.297,2.0,1,True,False,True,23.4,8.5,23.964666666666663,42.664,False,False,False,False,False,True,82.024,82.06481747475915,-0.04081747475915165
2025,Imola,R,NOR,4,McLaren,15.0,1.0,MEDIUM,15.0,True,81.056,25.713,28.137,27.206,2.0,1,True,False,True,25.2,8.5,23.964666666666663,42.664,False,False,False,False,False,True,81.812,82.06481747475915,-0.25281747475915495
2025,Imola,R,NOR,4,McLaren,16.0,1.0,MEDIUM,16.0,True,80.829,25.598,28.065,27.166,2.0,1,True,False,True,27.0,8.5,23.964666666666663,42.664,False,False,False,False,False,True,81.639,82.06481747475915,-0.42581747475915677
2025,Imola,R,NOR,4,McLaren,17.0,1.0,MEDIUM,17.0,True,80.833,25.516,28.089,27.228,2.0,1,True,False,True,28.8,8.5,23.964666666666663,42.664,False,False,False,False,False,True,81.697,82.06481747475915,-0.36781747475914983
2025,Imola,R,NOR,4,McLaren,18.0,1.0,MEDIUM,18.0,True,81.122,25.524,28.309,27.289,2.0,1,True,False,True,30.6,8.5,23.964666666666663,42.664,False,False,False,False,False,True,82.04,82.06481747475915,-0.024817474759146307
2025,Imola,R,NOR,4,McLaren,19.0,1.0,MEDIUM,19.0,True,80.946,25.533,28.183,27.23,2.0,1,True,False,True,32.4,8.5,23.964666666666663,42.664,False,False,False,False,False,True,81.91799999999999,82.06481747475915,-0.1468174747591604
2025,Imola,R,NOR,4,McLaren,20.0,1.0,MEDIUM,20.0,True,81.171,25.614,28.265,27.292,2.0,1,True,False,True,34.2,8.5,23.964666666666663,42.664,False,False,False,False,False,True,82.197,82.06481747475915,0.13218252524085017
2025,Imola,R,NOR,4,McLaren,21.0,1.0,MEDIUM,21.0,True,81.243,25.551,28.416,27.276,2.0,1,True,False,True,36.0,8.5,23.964666666666663,42.664,False,False,False,False,False,True,82.323,82.06481747475915,0.25818252524084073
2025,Imola,R,NOR,4,McLaren,22.0,1.0,MEDIUM,22.0,True,80.918,25.523,28.212,27.183,2.0,1,True,False,True,37.8,8.5,23.964666666666663,42.664,False,False,False,False,False,True,82.052,82.06481747475915,-0.012817474759145853
2025,Imola,R,NOR,4,McLaren,23.0,1.0,MEDIUM,23.0,True,81.188,25.617,28.345,27.226,2.0,1,True,False,True,39.6,8.5,23.964666666666663,42.664,False,False,False,False,False,True,82.376,82.06481747475915,0.3111825252408522
2025,Imola,R,NOR,4,McLaren,24.0,1.0,MEDIUM,24.0,True,81.267,25.615,28.272,27.38,2.0,1,True,False,True,41.4,8.5,23.964666666666663,42.664,False,False,False,False,False,True,82.509,82.06481747475915,0.4441825252408478
2025,Imola,R,NOR,4,McLaren,25.0,1.0,MEDIUM,25.0,True,81.558,25.734,28.419,27.405,2.0,1,True,False,True,43.2,8.5,23.964666666666663,42.664,False,False,False,False,False,True,82.85400000000001,82.06481747475915,0.7891825252408609
2025,Imola,R,NOR,4,McLaren,26.0,1.0,MEDIUM,26.0,True,81.297,25.513,28.311,27.473,2.0,1,True,False,True,45.0,8.5,23.964666666666663,42.664,False,False,False,False,False,True,82.64699999999999,82.06481747475915,0.5821825252408388
2025,Imola,R,NOR,4,McLaren,27.0,1.0,MEDIUM,27.0,True,81.492,25.581,28.439,27.472,2.0,1,True,False,True,46.8,8.5,23.964666666666663,42.664,False,False,False,False,False,True,82.896,82.06481747475915,0.8311825252408482
2025,Imola,R,NOR,4,McLaren,32.0,2.0,HARD,4.0,True,79.816,25.469,27.677,26.67,2.0,1,True,False,True,55.8,8.5,23.964666666666663,42.664,False,False,False,False,False,True,81.49000000000001,82.48013623427389,-0.9901362342738764
2025,Imola,R,NOR,4,McLaren,33.0,2.0,HARD,5.0,True,80.04,25.598,27.771,26.671,2.0,1,True,False,True,57.6,8.5,23.964666666666663,42.664,False,False,False,False,False,True,81.768,82.48013623427389,-0.7121362342738848
2025,Imola,R,NOR,4,McLaren,34.0,2.0,HARD,6.0,True,80.048,25.454,27.854,26.74,2.0,1,True,False,True,59.4,8.5,23.964666666666663,42.664,False,False,False,False,False,True,81.83,82.48013623427389,-0.6501362342738872
2025,Imola,R,NOR,4,McLaren,35.0,2.0,HARD,7.0,True,79.944,25.429,27.777,26.738,2.0,1,True,False,True,61.2,8.5,23.964666666666663,42.664,False,False,False,False,False,True,81.78,82.48013623427389,-0.7001362342738844
2025,Imola,R,NOR,4,McLaren,36.0,2.0,HARD,8.0,True,79.853,25.285,27.882,26.686,2.0,1,True,False,True,63.0,8.5,23.964666666666663,42.664,False,False,False,False,False,True,81.743,82.48013623427389,-0.7371362342738905
2025,Imola,R,NOR,4,McLaren,37.0,2.0,HARD,9.0,True,79.628,25.29,27.759,26.579,2.0,1,True,False,True,64.8,8.5,23.964666666666663,42.664,False,False,False,False,False,True,81.572,82.48013623427389,-0.9081362342738828
2025,Imola,R,NOR,4,McLaren,38.0,2.0,HARD,10.0,True,79.546,25.252,27.709,26.585,2.0,1,True,False,True,66.60000000000001,8.5,23.964666666666663,42.664,False,False,False,False,False,True,81.54400000000001,82.48013623427389,-0.9361362342738744
2025,Imola,R,NOR,4,McLaren,39.0,2.0,HARD,11.0,True,79.645,25.259,27.725,26.661,2.0,1,True,False,True,68.4,8.5,23.964666666666663,42.664,False,False,False,False,False,True,81.697,82.48013623427389,-0.7831362342738828
2025,Imola,R,NOR,4,McLaren,40.0,2.0,HARD,12.0,True,79.512,25.275,27.68,26.557,2.0,1,True,False,True,70.2,8.5,23.964666666666663,42.664,False,False,False,False,False,True,81.618,82.48013623427389,-0.8621362342738905
2025,Imola,R,NOR,4,McLaren,41.0,2.0,HARD,13.0,True,79.466,25.288,27.645,26.533,2.0,1,True,False,True,72.0,8.5,23.964666666666663,42.664,False,False,False,False,False,True,81.62599999999999,82.48013623427389,-0.854136234273895
2025,Imola,R,NOR,4,McLaren,42.0,2.0,HARD,14.0,True,79.636,25.152,27.817,26.667,2.0,1,True,False,True,73.8,8.5,23.964666666666663,42.664,False,False,False,False,False,True,81.85,82.48013623427389,-0.6301362342738912
2025,Imola,R,NOR,4,McLaren,43.0,2.0,HARD,15.0,True,79.753,25.272,27.883,26.598,2.0,1,True,False,True,75.60000000000001,8.5,23.964666666666663,42.664,False,False,False,False,False,True,82.021,82.48013623427389,-0.4591362342738847
2025,Imola,R,NOR,4,McLaren,44.0,2.0,HARD,16.0,True,79.782,25.213,27.674,26.895,2.0,1,True,False,True,77.4,8.5,23.964666666666663,42.664,False,False,False,False,False,True,82.104,82.48013623427389,-0.3761362342738863
2025,Imola,R,NOR,4,McLaren,45.0,2.0,HARD,17.0,True,80.402,25.366,27.989,27.047,2.0,1,True,False,True,79.2,8.5,23.964666666666663,42.664,False,False,False,False,False,True,82.778,82.48013623427389,0.2978637657261203
2025,Imola,R,NOR,4,McLaren,54.0,3.0,HARD,9.0,False,79.799,25.735,27.551,26.513,3.0,1,True,False,True,95.4,8.5,23.964666666666663,42.664,False,False,False,False,False,True,82.661,82.48013623427389,0.18086376572611584
2025,Imola,R,NOR,4,McLaren,55.0,3.0,HARD,10.0,False,79.218,25.27,27.617,26.331,3.0,1,True,False,True,97.2,8.5,23.964666666666663,42.664,False,False,False,False,False,True,82.134,82.48013623427389,-0.3461362342738852
2025,Imola,R,NOR,4,McLaren,56.0,3.0,HARD,11.0,False,78.804,24.898,27.481,26.425,3.0,1,True,False,True,99.0,8.5,23.964666666666663,42.664,False,False,False,False,False,True,81.774,82.48013623427389,-0.7061362342738846
2025,Imola,R,NOR,4,McLaren,57.0,3.0,HARD,12.0,False,78.946,24.988,27.596,26.362,3.0,1,True,False,True,100.8,8.5,23.964666666666663,42.664,False,False,False,False,False,True,81.97,82.48013623427389,-0.5101362342738867
2025,Imola,R,NOR,4,McLaren,58.0,3.0,HARD,13.0,False,78.68,25.251,27.29,26.139,2.0,1,True,False,True,102.6,8.5,23.964666666666663,42.664,False,False,False,False,False,True,81.75800000000001,82.48013623427389,-0.7221362342738757
2025,Imola,R,NOR,4,McLaren,59.0,3.0,HARD,14.0,False,78.432,24.91,27.224,26.298,2.0,1,True,False,True,104.4,8.5,23.964666666666663,42.664,False,False,False,False,False,True,81.56400000000001,82.48013623427389,-0.9161362342738784
2025,Imola,R,NOR,4,McLaren,60.0,3.0,HARD,15.0,False,78.48,25.002,27.271,26.207,2.0,1,True,False,True,106.2,8.5,23.964666666666663,42.664,False,False,False,False,False,True,81.666,82.48013623427389,-0.8141362342738887
2025,Imola,R,NOR,4,McLaren,61.0,3.0,HARD,16.0,False,78.864,24.956,27.398,26.51,2.0,1,True,False,True,108.0,8.5,23.964666666666663,42.664,False,False,False,False,False,True,82.104,82.48013623427389,-0.3761362342738863
2025,Imola,R,NOR,4,McLaren,62.0,3.0,HARD,17.0,False,78.685,25.105,27.259,26.321,2.0,1,True,False,True,109.8,8.5,23.964666666666663,42.664,False,False,False,False,False,True,81.979,82.48013623427389,-0.5011362342738863
2025,Imola,R,NOR,4,McLaren,63.0,3.0,HARD,18.0,False,78.311,25.029,27.11,26.172,2.0,1,True,False,True,111.6,8.5,23.964666666666663,42.664,False,False,False,False,False,True,81.659,82.48013623427389,-0.8211362342738795
2025,Imola,R,COL,43,Alpine,2.0,1.0,MEDIUM,2.0,True,83.357,26.983,28.743,27.631,17.0,1,True,False,True,1.8,8.5,23.964666666666663,42.664,False,False,False,False,False,True,83.411,82.06481747475915,1.3461825252408488
2025,Imola,R,COL,43,Alpine,3.0,1.0,MEDIUM,3.0,True,82.869,26.135,29.076,27.658,17.0,1,True,False,True,3.6,8.5,23.964666666666663,42.664,False,False,False,False,False,True,82.977,82.06481747475915,0.9121825252408513
2025,Imola,R,COL,43,Alpine,4.0,1.0,MEDIUM,4.0,True,82.452,25.956,28.995,27.501,17.0,1,True,False,True,5.4,8.5,23.964666666666663,42.664,False,False,False,False,False,True,82.614,82.06481747475915,0.5491825252408518
2025,Imola,R,COL,43,Alpine,5.0,1.0,MEDIUM,5.0,True,82.052,25.67,28.869,27.513,17.0,1,True,False,True,7.2,8.5,23.964666666666663,42.664,False,False,False,False,False,True,82.268,82.06481747475915,0.20318252524084812
2025,Imola,R,COL,43,Alpine,6.0,1.0,MEDIUM,6.0,True,82.083,25.728,28.974,27.381,17.0,1,True,False,True,9.0,8.5,23.964666666666663,42.664,False,False,False,False,False,True,82.353,82.06481747475915,0.28818252524084187
2025,Imola,R,COL,43,Alpine,7.0,1.0,MEDIUM,7.0,True,82.245,26.051,28.653,27.541,17.0,1,True,False,True,10.8,8.5,23.964666666666663,42.664,False,False,False,False,False,True,82.569,82.06481747475915,0.50418252524085
2025,Imola,R,COL,43,Alpine,8.0,1.0,MEDIUM,8.0,True,82.308,25.871,28.821,27.616,17.0,1,True,False,True,12.6,8.5,23.964666666666663,42.664,False,False,False,False,False,True,82.686,82.06481747475915,0.6211825252408545
2025,Imola,R,COL,43,Alpine,9.0,1.0,MEDIUM,9.0,True,81.914,25.822,28.809,27.283,16.0,1,True,False,True,14.4,8.5,23.964666666666663,42.664,False,False,False,False,False,True,82.346,82.06481747475915,0.2811825252408511
2025,Imola,R,COL,43,Alpine,10.0,1.0,MEDIUM,10.0,True,82.507,25.983,28.903,27.621,15.0,1,True,False,True,16.2,8.5,23.964666666666663,42.664,False,False,False,False,False,True,82.99300000000001,82.06481747475915,0.9281825252408566
2025,Imola,R,COL,43,Alpine,11.0,1.0,MEDIUM,11.0,True,82.103,25.701,28.826,27.576,14.0,1,True,False,True,18.0,8.5,23.964666666666663,42.664,False,False,False,False,False,True,82.643,82.06481747475915,0.5781825252408481
2025,Imola,R,COL,43,Alpine,12.0,1.0,MEDIUM,12.0,True,82.903,25.912,29.333,27.658,11.0,1,True,False,True,19.8,8.5,23.964666666666663,42.664,False,False,False,False,False,True,83.497,82.06481747475915,1.4321825252408473
2025,Imola,R,COL,43,Alpine,13.0,1.0,MEDIUM,13.0,True,82.435,25.82,28.949,27.666,10.0,1,True,False,True,21.6,8.5,23.964666666666663,42.664,False,False,False,False,False,True,83.083,82.06481747475915,1.0181825252408458
2025,Imola,R,COL,43,Alpine,14.0,1.0,MEDIUM,14.0,True,82.809,26.03,29.116,27.663,9.0,1,True,False,True,23.4,8.5,23.964666666666663,42.664,False,False,False,False,False,True,83.511,82.06481747475915,1.4461825252408431
2025,Imola,R,COL,43,Alpine,15.0,1.0,MEDIUM,15.0,True,82.779,26.203,29.008,27.568,8.0,1,True,False,True,25.2,8.5,23.964666666666663,42.664,False,False,False,False,False,True,83.535,82.06481747475915,1.470182525240844
2025,Imola,R,COL,43,Alpine,16.0,1.0,MEDIUM,16.0,True,82.606,25.939,28.945,27.722,8.0,1,True,False,True,27.0,8.5,23.964666666666663,42.664,False,False,False,False,False,True,83.416,82.06481747475915,1.3511825252408443
2025,Imola,R,COL,43,Alpine,17.0,1.0,MEDIUM,17.0,True,82.45,25.939,28.831,27.68,8.0,1,True,False,True,28.8,8.5,23.964666666666663,42.664,False,False,False,False,False,True,83.31400000000001,82.06481747475915,1.2491825252408546
2025,Imola,R,COL,43,Alpine,18.0,1.0,MEDIUM,18.0,True,82.905,25.89,29.207,27.808,8.0,1,True,False,True,30.6,8.5,23.964666666666663,42.664,False,False,False,False,False,True,83.82300000000001,82.06481747475915,1.758182525240855
2025,Imola,R,COL,43,Alpine,19.0,1.0,MEDIUM,19.0,True,83.061,26.136,29.017,27.908,8.0,1,True,False,True,32.4,8.5,23.964666666666663,42.664,False,False,False,False,False,True,84.033,82.06481747475915,1.9681825252408487
2025,Imola,R,COL,43,Alpine,20.0,1.0,MEDIUM,20.0,True,83.692,26.561,29.241,27.89,9.0,1,True,False,True,34.2,8.5,23.964666666666663,42.664,False,False,False,False,False,True,84.71799999999999,82.06481747475915,2.6531825252408368
2025,Imola,R,COL,43,Alpine,21.0,1.0,MEDIUM,21.0,True,82.944,26.135,29.073,27.736,9.0,1,True,False,True,36.0,8.5,23.964666666666663,42.664,False,False,False,False,False,True,84.024,82.06481747475915,1.9591825252408483
2025,Imola,R,COL,43,Alpine,24.0,2.0,HARD,2.0,True,80.823,25.66,28.208,26.955,20.0,1,True,False,True,41.4,8.5,23.964666666666663,42.664,False,False,False,False,False,True,82.065,82.48013623427389,-0.4151362342738878
2025,Imola,R,COL,43,Alpine,25.0,2.0,HARD,3.0,True,80.798,25.559,28.229,27.01,20.0,1,True,False,True,43.2,8.5,23.964666666666663,42.664,False,False,False,False,False,True,82.09400000000001,82.48013623427389,-0.3861362342738772
2025,Imola,R,COL,43,Alpine,26.0,2.0,HARD,4.0,True,81.731,25.763,28.68,27.288,20.0,1,True,False,True,45.0,8.5,23.964666666666663,42.664,False,False,False,False,False,True,83.08099999999999,82.48013623427389,0.6008637657261033
2025,Imola,R,COL,43,Alpine,27.0,2.0,HARD,5.0,True,81.605,25.883,28.554,27.168,20.0,1,True,False,True,46.8,8.5,23.964666666666663,42.664,False,False,False,False,False,True,83.009,82.48013623427389,0.5288637657261148
2025,Imola,R,COL,43,Alpine,31.0,2.0,HARD,9.0,True,82.419,26.47,28.597,27.352,15.0,1,True,False,True,54.0,8.5,23.964666666666663,42.664,False,False,False,False,False,True,84.039,82.48013623427389,1.558863765726116
2025,Imola,R,COL,43,Alpine,32.0,2.0,HARD,10.0,True,81.448,25.732,28.312,27.404,15.0,1,True,False,True,55.8,8.5,23.964666666666663,42.664,False,False,False,False,False,True,83.122,82.48013623427389,0.6418637657261144
2025,Imola,R,COL,43,Alpine,33.0,2.0,HARD,11.0,True,81.564,25.878,28.398,27.288,15.0,1,True,False,True,57.6,8.5,23.964666666666663,42.664,False,False,False,False,False,True,83.29199999999999,82.48013623427389,0.8118637657261019
2025,Imola,R,COL,43,Alpine,34.0,2.0,HARD,12.0,True,81.305,25.578,28.539,27.188,15.0,1,True,False,True,59.4,8.5,23.964666666666663,42.664,False,False,False,False,False,True,83.087,82.48013623427389,0.6068637657261178
2025,Imola,R,COL,43,Alpine,35.0,2.0,HARD,13.0,True,81.167,25.612,28.311,27.244,15.0,1,True,False,True,61.2,8.5,23.964666666666663,42.664,False,False,False,False,False,True,83.003,82.48013623427389,0.5228637657261146
2025,Imola,R,COL,43,Alpine,36.0,2.0,HARD,14.0,True,80.98,25.51,28.305,27.165,15.0,1,True,False,True,63.0,8.5,23.964666666666663,42.664,False,False,False,False,False,True,82.87,82.48013623427389,0.389863765726119
2025,Imola,R,COL,43,Alpine,37.0,2.0,HARD,15.0,True,81.788,25.579,28.64,27.569,15.0,1,True,False,True,64.8,8.5,23.964666666666663,42.664,False,False,False,False,False,True,83.732,82.48013623427389,1.2518637657261138
2025,Imola,R,COL,43,Alpine,38.0,2.0,HARD,16.0,True,82.117,25.672,28.878,27.567,15.0,1,True,False,True,66.60000000000001,8.5,23.964666666666663,42.664,False,False,False,False,False,True,84.11500000000001,82.48013623427389,1.6348637657261236
2025,Imola,R,COL,43,Alpine,39.0,2.0,HARD,17.0,True,82.797,26.076,28.954,27.767,15.0,1,True,False,True,68.4,8.5,23.964666666666663,42.664,False,False,False,False,False,True,84.849,82.48013623427389,2.3688637657261182
2025,Imola,R,COL,43,Alpine,40.0,2.0,HARD,18.0,True,82.763,26.061,28.97,27.732,15.0,1,True,False,True,70.2,8.5,23.964666666666663,42.664,False,False,False,False,False,True,84.869,82.48013623427389,2.3888637657261143
2025,Imola,R,COL,43,Alpine,41.0,2.0,HARD,19.0,True,82.252,25.814,28.912,27.526,15.0,1,True,False,True,72.0,8.5,23.964666666666663,42.664,False,False,False,False,False,True,84.41199999999999,82.48013623427389,1.9318637657261064
2025,Imola,R,COL,43,Alpine,42.0,2.0,HARD,20.0,True,81.885,25.642,28.604,27.639,15.0,1,True,False,True,73.8,8.5,23.964666666666663,42.664,False,False,False,False,False,True,84.099,82.48013623427389,1.6188637657261182
2025,Imola,R,COL,43,Alpine,43.0,2.0,HARD,21.0,True,83.96,27.576,28.938,27.446,16.0,1,True,False,True,75.60000000000001,8.5,23.964666666666663,42.664,False,False,False,False,False,True,86.228,82.48013623427389,3.747863765726109
2025,Imola,R,COL,43,Alpine,44.0,2.0,HARD,22.0,True,83.245,25.849,28.806,28.59,16.0,1,True,False,True,77.4,8.5,23.964666666666663,42.664,False,False,False,False,False,True,85.56700000000001,82.48013623427389,3.0868637657261218
2025,Imola,R,COL,43,Alpine,54.0,3.0,HARD,8.0,True,82.756,26.155,28.983,27.618,16.0,1,True,False,True,95.4,8.5,23.964666666666663,42.664,False,False,False,False,False,True,85.618,82.48013623427389,3.1378637657261095
2025,Imola,R,COL,43,Alpine,55.0,3.0,HARD,9.0,True,82.104,25.889,28.613,27.602,16.0,1,True,False,True,97.2,8.5,23.964666666666663,42.664,False,False,False,False,False,True,85.02,82.48013623427389,2.5398637657261105
2025,Imola,R,COL,43,Alpine,56.0,3.0,HARD,10.0,True,81.047,25.444,28.561,27.042,16.0,1,True,False,True,99.0,8.5,23.964666666666663,42.664,False,False,False,False,False,True,84.017,82.48013623427389,1.5368637657261104
2025,Imola,R,COL,43,Alpine,57.0,3.0,HARD,11.0,True,80.345,25.082,28.28,26.983,16.0,1,True,False,True,100.8,8.5,23.964666666666663,42.664,False,False,False,False,False,True,83.369,82.48013623427389,0.8888637657261143
2025,Imola,R,COL,43,Alpine,58.0,3.0,HARD,12.0,True,80.773,25.153,28.386,27.234,16.0,1,True,False,True,102.6,8.5,23.964666666666663,42.664,False,False,False,False,False,True,83.851,82.48013623427389,1.3708637657261136
2025,Imola,R,COL,43,Alpine,59.0,3.0,HARD,13.0,True,80.504,25.047,28.322,27.135,16.0,1,True,False,True,104.4,8.5,23.964666666666663,42.664,False,False,False,False,False,True,83.63600000000001,82.48013623427389,1.1558637657261244
2025,Imola,R,COL,43,Alpine,60.0,3.0,HARD,14.0,True,80.644,25.207,28.409,27.028,16.0,1,True,False,True,106.2,8.5,23.964666666666663,42.664,False,False,False,False,False,True,83.83000000000001,82.48013623427389,1.349863765726127
2025,Imola,R,COL,43,Alpine,61.0,3.0,HARD,15.0,True,80.58,24.764,28.563,27.253,16.0,1,True,False,True,108.0,8.5,23.964666666666663,42.664,False,False,False,False,False,True,83.82,82.48013623427389,1.3398637657261077
2025,Imola,R,COL,43,Alpine,62.0,3.0,HARD,16.0,True,80.895,25.141,28.578,27.176,16.0,1,True,False,True,109.8,8.5,23.964666666666663,42.664,False,False,False,False,False,True,84.189,82.48013623427389,1.7088637657261074
2025,Imola,R,COL,43,Alpine,63.0,3.0,HARD,17.0,True,80.911,24.917,28.474,27.52,16.0,1,True,False,True,111.6,8.5,23.964666666666663,42.664,False,False,False,False,False,True,84.259,82.48013623427389,1.7788637657261148
2025,Imola,R,HAM,44,Ferrari,2.0,1.0,HARD,2.0,True,83.062,26.715,28.983,27.364,13.0,1,True,False,True,1.8,8.5,23.964666666666663,42.664,False,False,False,False,False,True,83.116,82.48013623427389,0.6358637657261141
2025,Imola,R,HAM,44,Ferrari,3.0,1.0,HARD,3.0,True,82.08,26.042,28.655,27.383,12.0,1,True,False,True,3.6,8.5,23.964666666666663,42.664,False,False,False,False,False,True,82.188,82.48013623427389,-0.29213623427388313
2025,Imola,R,HAM,44,Ferrari,4.0,1.0,HARD,4.0,True,81.23,25.664,28.489,27.077,12.0,1,True,False,True,5.4,8.5,23.964666666666663,42.664,False,False,False,False,False,True,81.39200000000001,82.48013623427389,-1.0881362342738754
2025,Imola,R,HAM,44,Ferrari,5.0,1.0,HARD,5.0,True,81.439,25.546,28.574,27.319,12.0,1,True,False,True,7.2,8.5,23.964666666666663,42.664,False,False,False,False,False,True,81.65499999999999,82.48013623427389,-0.8251362342738986
2025,Imola,R,HAM,44,Ferrari,6.0,1.0,HARD,6.0,True,81.649,25.619,28.675,27.355,12.0,1,True,False,True,9.0,8.5,23.964666666666663,42.664,False,False,False,False,False,True,81.919,82.48013623427389,-0.5611362342738886
2025,Imola,R,HAM,44,Ferrari,7.0,1.0,HARD,7.0,True,81.95,25.712,28.681,27.557,12.0,1,True,False,True,10.8,8.5,23.964666666666663,42.664,False,False,False,False,False,True,82.274,82.48013623427389,-0.2061362342738846
2025,Imola,R,HAM,44,Ferrari,8.0,1.0,HARD,8.0,True,82.418,26.102,28.751,27.565,12.0,1,True,False,True,12.6,8.5,23.964666666666663,42.664,False,False,False,False,False,True,82.796,82.48013623427389,0.31586376572612096
2025,Imola,R,HAM,44,Ferrari,9.0,1.0,HARD,9.0,True,81.908,25.791,28.703,27.414,12.0,1,True,False,True,14.4,8.5,23.964666666666663,42.664,False,False,False,False,False,True,82.34,82.48013623427389,-0.1401362342738821
2025,Imola,R,HAM,44,Ferrari,10.0,1.0,HARD,10.0,True,82.05,25.704,28.739,27.607,11.0,1,True,False,True,16.2,8.5,23.964666666666663,42.664,False,False,False,False,False,True,82.536,82.48013623427389,0.055863765726115844
2025,Imola,R,HAM,44,Ferrari,11.0,1.0,HARD,11.0,True,82.551,25.61,29.069,27.872,9.0,1,True,False,True,18.0,8.5,23.964666666666663,42.664,False,False,False,False,False,True,83.09100000000001,82.48013623427389,0.6108637657261227
2025,Imola,R,HAM,44,Ferrari,12.0,1.0,HARD,12.0,True,83.117,26.13,29.185,27.802,8.0,1,True,False,True,19.8,8.5,23.964666666666663,42.664,False,False,False,False,False,True,83.711,82.48013623427389,1.230863765726113
2025,Imola,R,HAM,44,Ferrari,13.0,1.0,HARD,13.0,True,82.655,25.98,28.973,27.702,8.0,1,True,False,True,21.6,8.5,23.964666666666663,42.664,False,False,False,False,False,True,83.303,82.48013623427389,0.8228637657261118
2025,Imola,R,HAM,44,Ferrari,14.0,1.0,HARD,14.0,True,82.611,25.903,29.028,27.68,6.0,1,True,False,True,23.4,8.5,23.964666666666663,42.664,False,False,False,False,False,True,83.313,82.48013623427389,0.8328637657261169
2025,Imola,R,HAM,44,Ferrari,15.0,1.0,HARD,15.0,True,82.191,25.674,28.973,27.544,6.0,1,True,False,True,25.2,8.5,23.964666666666663,42.664,False,False,False,False,False,True,82.947,82.48013623427389,0.4668637657261172
2025,Imola,R,HAM,44,Ferrari,16.0,1.0,HARD,16.0,True,82.555,26.098,28.985,27.472,6.0,1,True,False,True,27.0,8.5,23.964666666666663,42.664,False,False,False,False,False,True,83.36500000000001,82.48013623427389,0.8848637657261236
2025,Imola,R,HAM,44,Ferrari,17.0,1.0,HARD,17.0,True,82.22,25.82,28.758,27.642,6.0,1,True,False,True,28.8,8.5,23.964666666666663,42.664,False,False,False,False,False,True,83.084,82.48013623427389,0.6038637657261177
2025,Imola,R,HAM,44,Ferrari,18.0,1.0,HARD,18.0,True,82.378,25.85,28.932,27.596,6.0,1,True,False,True,30.6,8.5,23.964666666666663,42.664,False,False,False,False,False,True,83.296,82.48013623427389,0.815863765726121
2025,Imola,R,HAM,44,Ferrari,19.0,1.0,HARD,19.0,True,82.197,25.854,28.859,27.484,6.0,1,True,False,True,32.4,8.5,23.964666666666663,42.664,False,False,False,False,False,True,83.169,82.48013623427389,0.6888637657261114
2025,Imola,R,HAM,44,Ferrari,20.0,1.0,HARD,20.0,True,82.66,26.167,28.916,27.577,6.0,1,True,False,True,34.2,8.5,23.964666666666663,42.664,False,False,False,False,False,True,83.68599999999999,82.48013623427389,1.2058637657261073
2025,Imola,R,HAM,44,Ferrari,21.0,1.0,HARD,21.0,True,82.598,26.07,28.929,27.599,6.0,1,True,False,True,36.0,8.5,23.964666666666663,42.664,False,False,False,False,False,True,83.678,82.48013623427389,1.1978637657261118
2025,Imola,R,HAM,44,Ferrari,22.0,1.0,HARD,22.0,True,82.404,25.857,28.946,27.601,6.0,1,True,False,True,37.8,8.5,23.964666666666663,42.664,False,False,False,False,False,True,83.538,82.48013623427389,1.0578637657261112
2025,Imola,R,HAM,44,Ferrari,23.0,1.0,HARD,23.0,True,82.228,25.782,28.929,27.517,6.0,1,True,False,True,39.6,8.5,23.964666666666663,42.664,False,False,False,False,False,True,83.416,82.48013623427389,0.9358637657261113
2025,Imola,R,HAM,44,Ferrari,24.0,1.0,HARD,24.0,True,82.27,25.938,28.799,27.533,6.0,1,True,False,True,41.4,8.5,23.964666666666663,42.664,False,False,False,False,False,True,83.512,82.48013623427389,1.031863765726115
2025,Imola,R,HAM,44,Ferrari,25.0,1.0,HARD,25.0,True,82.564,26.205,28.888,27.471,6.0,1,True,False,True,43.2,8.5,23.964666666666663,42.664,False,False,False,False,False,True,83.86,82.48013623427389,1.379863765726114
2025,Imola,R,HAM,44,Ferrari,26.0,1.0,HARD,26.0,True,82.846,26.233,29.043,27.57,7.0,1,True,False,True,45.0,8.5,23.964666666666663,42.664,False,False,False,False,False,True,84.196,82.48013623427389,1.7158637657261124
2025,Imola,R,HAM,44,Ferrari,27.0,1.0,HARD,27.0,True,82.153,25.743,28.965,27.445,7.0,1,True,False,True,46.8,8.5,23.964666666666663,42.664,False,False,False,False,False,True,83.557,82.48013623427389,1.0768637657261166
2025,Imola,R,HAM,44,Ferrari,28.0,1.0,HARD,28.0,True,82.597,25.882,29.049,27.666,7.0,1,True,False,True,48.6,8.5,23.964666666666663,42.664,False,False,False,False,False,True,84.05499999999999,82.48013623427389,1.574863765726107
2025,Imola,R,HAM,44,Ferrari,32.0,2.0,MEDIUM,3.0,True,81.598,26.045,28.603,26.95,7.0,1,True,False,True,55.8,8.5,23.964666666666663,42.664,False,False,False,False,False,True,83.272,82.06481747475915,1.207182525240853
2025,Imola,R,HAM,44,Ferrari,33.0,2.0,MEDIUM,4.0,True,80.084,25.621,27.912,26.551,7.0,1,True,False,True,57.6,8.5,23.964666666666663,42.664,False,False,False,False,False,True,81.812,82.06481747475915,-0.25281747475915495
2025,Imola,R,HAM,44,Ferrari,34.0,2.0,MEDIUM,5.0,True,79.473,24.94,27.886,26.647,6.0,1,True,False,True,59.4,8.5,23.964666666666663,42.664,False,False,False,False,False,True,81.255,82.06481747475915,-0.8098174747591571
2025,Imola,R,HAM,44,Ferrari,35.0,2.0,MEDIUM,6.0,True,80.282,25.347,28.17,26.765,6.0,1,True,False,True,61.2,8.5,23.964666666666663,42.664,False,False,False,False,False,True,82.118,82.06481747475915,0.05318252524084244
2025,Imola,R,HAM,44,Ferrari,36.0,2.0,MEDIUM,7.0,True,80.204,25.015,28.184,27.005,5.0,1,True,False,True,63.0,8.5,23.964666666666663,42.664,False,False,False,False,False,True,82.094,82.06481747475915,0.029182525240841528
2025,Imola,R,HAM,44,Ferrari,37.0,2.0,MEDIUM,8.0,True,81.223,26.112,28.201,26.91,5.0,1,True,False,True,64.8,8.5,23.964666666666663,42.664,False,False,False,False,False,True,83.167,82.06481747475915,1.102182525240849
2025,Imola,R,HAM,44,Ferrari,38.0,2.0,MEDIUM,9.0,True,80.825,25.826,28.164,26.835,5.0,1,True,False,True,66.60000000000001,8.5,23.964666666666663,42.664,False,False,False,False,False,True,82.82300000000001,82.06481747475915,0.7581825252408549
2025,Imola,R,HAM,44,Ferrari,39.0,2.0,MEDIUM,10.0,True,80.914,25.949,27.995,26.97,5.0,1,True,False,True,68.4,8.5,23.964666666666663,42.664,False,False,False,False,False,True,82.96600000000001,82.06481747475915,0.9011825252408556
2025,Imola,R,HAM,44,Ferrari,40.0,2.0,MEDIUM,11.0,True,80.254,25.728,27.829,26.697,5.0,1,True,False,True,70.2,8.5,23.964666666666663,42.664,False,False,False,False,False,True,82.36,82.06481747475915,0.29518252524084687
2025,Imola,R,HAM,44,Ferrari,41.0,2.0,MEDIUM,12.0,True,80.233,25.505,27.911,26.817,5.0,1,True,False,True,72.0,8.5,23.964666666666663,42.664,False,False,False,False,False,True,82.393,82.06481747475915,0.3281825252408481
2025,Imola,R,HAM,44,Ferrari,42.0,2.0,MEDIUM,13.0,True,80.258,25.592,27.958,26.708,5.0,1,True,False,True,73.8,8.5,23.964666666666663,42.664,False,False,False,False,False,True,82.472,82.06481747475915,0.40718252524084164
2025,Imola,R,HAM,44,Ferrari,43.0,2.0,MEDIUM,14.0,True,79.816,25.278,27.801,26.737,5.0,1,True,False,True,75.60000000000001,8.5,23.964666666666663,42.664,False,False,False,False,False,True,82.084,82.06481747475915,0.019182525240850623
2025,Imola,R,HAM,44,Ferrari,44.0,2.0,MEDIUM,15.0,True,80.033,25.39,27.773,26.87,5.0,1,True,False,True,77.4,8.5,23.964666666666663,42.664,False,False,False,False,False,True,82.355,82.06481747475915,0.2901825252408514
2025,Imola,R,HAM,44,Ferrari,54.0,3.0,HARD,8.0,True,81.55,26.107,28.617,26.826,7.0,1,True,False,True,95.4,8.5,23.964666666666663,42.664,False,False,False,False,False,True,84.41199999999999,82.48013623427389,1.9318637657261064
2025,Imola,R,HAM,44,Ferrari,55.0,3.0,HARD,9.0,True,79.731,25.398,27.743,26.59,7.0,1,True,False,True,97.2,8.5,23.964666666666663,42.664,False,False,False,False,False,True,82.64699999999999,82.48013623427389,0.16686376572610584
2025,Imola,R,HAM,44,Ferrari,56.0,3.0,HARD,10.0,True,80.847,25.336,28.509,27.002,7.0,1,True,False,True,99.0,8.5,23.964666666666663,42.664,False,False,False,False,False,True,83.817,82.48013623427389,1.3368637657261075
2025,Imola,R,HAM,44,Ferrari,57.0,3.0,HARD,11.0,True,78.446,24.576,27.397,26.473,6.0,1,True,False,True,100.8,8.5,23.964666666666663,42.664,False,False,False,False,False,True,81.47,82.48013623427389,-1.0101362342738867
2025,Imola,R,HAM,44,Ferrari,58.0,3.0,HARD,12.0,True,78.78,25.032,27.385,26.363,6.0,1,True,False,True,102.6,8.5,23.964666666666663,42.664,False,False,False,False,False,True,81.858,82.48013623427389,-0.6221362342738814
2025,Imola,R,HAM,44,Ferrari,59.0,3.0,HARD,13.0,True,79.423,25.074,27.701,26.648,6.0,1,True,False,True,104.4,8.5,23.964666666666663,42.664,False,False,False,False,False,True,82.555,82.48013623427389,0.0748637657261213
2025,Imola,R,HAM,44,Ferrari,60.0,3.0,HARD,14.0,True,79.881,25.483,27.775,26.623,5.0,1,True,False,True,106.2,8.5,23.964666666666663,42.664,False,False,False,False,False,True,83.06700000000001,82.48013623427389,0.5868637657261218
2025,Imola,R,HAM,44,Ferrari,61.0,3.0,HARD,15.0,True,78.265,24.534,27.48,26.251,4.0,1,True,False,True,108.0,8.5,23.964666666666663,42.664,False,False,False,False,False,True,81.505,82.48013623427389,-0.9751362342738901
2025,Imola,R,HAM,44,Ferrari,62.0,3.0,HARD,16.0,True,78.845,25.114,27.435,26.296,4.0,1,True,False,True,109.8,8.5,23.964666666666663,42.664,False,False,False,False,False,True,82.139,82.48013623427389,-0.3411362342738897
2025,Imola,R,HAM,44,Ferrari,63.0,3.0,HARD,17.0,True,79.249,25.051,27.681,26.517,4.0,1,True,False,True,111.6,8.5,23.964666666666663,42.664,False,False,False,False,False,True,82.597,82.48013623427389,0.11686376572610868
2025,Imola,R,BOR,5,Kick Sauber,2.0,1.0,MEDIUM,2.0,True,83.419,26.752,29.082,27.585,14.0,1,True,False,True,1.8,8.5,23.964666666666663,42.664,False,False,False,False,False,True,83.473,82.06481747475915,1.4081825252408464
2025,Imola,R,BOR,5,Kick Sauber,3.0,1.0,MEDIUM,3.0,True,82.237,25.835,28.804,27.598,13.0,1,True,False,True,3.6,8.5,23.964666666666663,42.664,False,False,False,False,False,True,82.345,82.06481747475915,0.2801825252408463
2025,Imola,R,BOR,5,Kick Sauber,4.0,1.0,MEDIUM,4.0,True,81.582,25.647,28.517,27.418,13.0,1,True,False,True,5.4,8.5,23.964666666666663,42.664,False,False,False,False,False,True,81.744,82.06481747475915,-0.3208174747591528
2025,Imola,R,BOR,5,Kick Sauber,5.0,1.0,MEDIUM,5.0,True,81.812,25.925,28.491,27.396,13.0,1,True,False,True,7.2,8.5,23.964666666666663,42.664,False,False,False,False,False,True,82.02799999999999,82.06481747475915,-0.03681747475916097
2025,Imola,R,BOR,5,Kick Sauber,6.0,1.0,MEDIUM,6.0,True,81.675,25.853,28.595,27.227,13.0,1,True,False,True,9.0,8.5,23.964666666666663,42.664,False,False,False,False,False,True,81.945,82.06481747475915,-0.11981747475915938
2025,Imola,R,BOR,5,Kick Sauber,7.0,1.0,MEDIUM,7.0,True,81.865,25.852,28.52,27.493,13.0,1,True,False,True,10.8,8.5,23.964666666666663,42.664,False,False,False,False,False,True,82.189,82.06481747475915,0.12418252524084039
2025,Imola,R,BOR,5,Kick Sauber,8.0,1.0,MEDIUM,8.0,True,82.252,25.91,28.659,27.683,13.0,1,True,False,True,12.6,8.5,23.964666666666663,42.664,False,False,False,False,False,True,82.63,82.06481747475915,0.5651825252408429
2025,Imola,R,BOR,5,Kick Sauber,9.0,1.0,MEDIUM,9.0,True,82.188,25.882,28.644,27.662,13.0,1,True,False,True,14.4,8.5,23.964666666666663,42.664,False,False,False,False,False,True,82.62,82.06481747475915,0.555182525240852
2025,Imola,R,BOR,5,Kick Sauber,10.0,1.0,MEDIUM,10.0,True,82.601,26.009,28.692,27.9,12.0,1,True,False,True,16.2,8.5,23.964666666666663,42.664,False,False,False,False,False,True,83.087,82.06481747475915,1.0221825252408507
2025,Imola,R,BOR,5,Kick Sauber,11.0,1.0,MEDIUM,11.0,True,82.854,26.154,28.86,27.84,12.0,1,True,False,True,18.0,8.5,23.964666666666663,42.664,False,False,False,False,False,True,83.394,82.06481747475915,1.329182525240853
2025,Imola,R,BOR,5,Kick Sauber,14.0,2.0,HARD,2.0,True,81.886,25.888,28.45,27.548,20.0,1,True,False,True,23.4,8.5,23.964666666666663,42.664,False,False,False,False,False,True,82.588,82.48013623427389,0.10786376572610834
2025,Imola,R,BOR,5,Kick Sauber,15.0,2.0,HARD,3.0,True,82.438,26.025,28.713,27.7,20.0,1,True,False,True,25.2,8.5,23.964666666666663,42.664,False,False,False,False,False,True,83.194,82.48013623427389,0.7138637657261171
2025,Imola,R,BOR,5,Kick Sauber,16.0,2.0,HARD,4.0,True,82.079,25.601,28.786,27.692,19.0,1,True,False,True,27.0,8.5,23.964666666666663,42.664,False,False,False,False,False,True,82.889,82.48013623427389,0.4088637657261103
2025,Imola,R,BOR,5,Kick Sauber,17.0,2.0,HARD,5.0,True,82.289,26.064,28.71,27.515,19.0,1,True,False,True,28.8,8.5,23.964666666666663,42.664,False,False,False,False,False,True,83.153,82.48013623427389,0.6728637657261203
2025,Imola,R,BOR,5,Kick Sauber,18.0,2.0,HARD,6.0,True,82.256,25.992,28.75,27.514,19.0,1,True,False,True,30.6,8.5,23.964666666666663,42.664,False,False,False,False,False,True,83.174,82.48013623427389,0.6938637657261211
2025,Imola,R,BOR,5,Kick Sauber,19.0,2.0,HARD,7.0,True,82.141,25.924,28.71,27.507,19.0,1,True,False,True,32.4,8.5,23.964666666666663,42.664,False,False,False,False,False,True,83.113,82.48013623427389,0.632863765726114
2025,Imola,R,BOR,5,Kick Sauber,20.0,2.0,HARD,8.0,True,82.405,26.007,28.742,27.656,19.0,1,True,False,True,34.2,8.5,23.964666666666663,42.664,False,False,False,False,False,True,83.431,82.48013623427389,0.9508637657261119
2025,Imola,R,BOR,5,Kick Sauber,21.0,2.0,HARD,9.0,True,82.044,26.045,28.52,27.479,19.0,1,True,False,True,36.0,8.5,23.964666666666663,42.664,False,False,False,False,False,True,83.124,82.48013623427389,0.6438637657261097
2025,Imola,R,BOR,5,Kick Sauber,22.0,2.0,HARD,10.0,True,81.98,25.91,28.541,27.529,19.0,1,True,False,True,37.8,8.5,23.964666666666663,42.664,False,False,False,False,False,True,83.114,82.48013623427389,0.6338637657261188
2025,Imola,R,BOR,5,Kick Sauber,23.0,2.0,HARD,11.0,True,82.024,25.856,28.569,27.599,18.0,1,True,False,True,39.6,8.5,23.964666666666663,42.664,False,False,False,False,False,True,83.212,82.48013623427389,0.7318637657261178
2025,Imola,R,BOR,5,Kick Sauber,24.0,2.0,HARD,12.0,True,82.219,25.956,28.714,27.549,18.0,1,True,False,True,41.4,8.5,23.964666666666663,42.664,False,False,False,False,False,True,83.461,82.48013623427389,0.980863765726113
2025,Imola,R,BOR,5,Kick Sauber,25.0,2.0,HARD,13.0,True,82.407,25.894,28.719,27.794,18.0,1,True,False,True,43.2,8.5,23.964666666666663,42.664,False,False,False,False,False,True,83.703,82.48013623427389,1.2228637657261174
2025,Imola,R,BOR,5,Kick Sauber,26.0,2.0,HARD,14.0,True,82.813,25.94,29.054,27.819,18.0,1,True,False,True,45.0,8.5,23.964666666666663,42.664,False,False,False,False,False,True,84.163,82.48013623427389,1.6828637657261112
2025,Imola,R,BOR,5,Kick Sauber,27.0,2.0,HARD,15.0,True,82.637,26.061,28.827,27.749,18.0,1,True,False,True,46.8,8.5,23.964666666666663,42.664,False,False,False,False,False,True,84.041,82.48013623427389,1.5608637657261113
2025,Imola,R,BOR,5,Kick Sauber,31.0,3.0,HARD,2.0,True,81.789,26.006,28.554,27.229,19.0,1,True,False,True,54.0,8.5,23.964666666666663,42.664,False,False,False,False,False,True,83.409,82.48013623427389,0.9288637657261205
2025,Imola,R,BOR,5,Kick Sauber,32.0,3.0,HARD,3.0,True,81.542,25.844,28.312,27.386,18.0,1,True,False,True,55.8,8.5,23.964666666666663,42.664,False,False,False,False,False,True,83.21600000000001,82.48013623427389,0.7358637657261227
2025,Imola,R,BOR,5,Kick Sauber,33.0,3.0,HARD,4.0,True,81.186,25.666,28.144,27.376,18.0,1,True,False,True,57.6,8.5,23.964666666666663,42.664,False,False,False,False,False,True,82.914,82.48013623427389,0.43386376572611596
2025,Imola,R,BOR,5,Kick Sauber,34.0,3.0,HARD,5.0,True,81.079,25.726,28.19,27.163,18.0,1,True,False,True,59.4,8.5,23.964666666666663,42.664,False,False,False,False,False,True,82.86099999999999,82.48013623427389,0.3808637657261045
2025,Imola,R,BOR,5,Kick Sauber,35.0,3.0,HARD,6.0,True,81.181,25.722,28.189,27.27,18.0,1,True,False,True,61.2,8.5,23.964666666666663,42.664,False,False,False,False,False,True,83.017,82.48013623427389,0.5368637657261104
2025,Imola,R,BOR,5,Kick Sauber,36.0,3.0,HARD,7.0,True,81.392,25.731,28.385,27.276,18.0,1,True,False,True,63.0,8.5,23.964666666666663,42.664,False,False,False,False,False,True,83.282,82.48013623427389,0.801863765726111
2025,Imola,R,BOR,5,Kick Sauber,37.0,3.0,HARD,8.0,True,81.039,25.542,28.284,27.213,18.0,1,True,False,True,64.8,8.5,23.964666666666663,42.664,False,False,False,False,False,True,82.983,82.48013623427389,0.5028637657261186
2025,Imola,R,BOR,5,Kick Sauber,38.0,3.0,HARD,9.0,True,81.213,25.563,28.283,27.367,18.0,1,True,False,True,66.60000000000001,8.5,23.964666666666663,42.664,False,False,False,False,False,True,83.211,82.48013623427389,0.730863765726113
2025,Imola,R,BOR,5,Kick Sauber,39.0,3.0,HARD,10.0,True,81.109,25.686,28.145,27.278,18.0,1,True,False,True,68.4,8.5,23.964666666666663,42.664,False,False,False,False,False,True,83.161,82.48013623427389,0.6808637657261158
2025,Imola,R,BOR,5,Kick Sauber,40.0,3.0,HARD,11.0,True,81.378,25.713,28.485,27.18,18.0,1,True,False,True,70.2,8.5,23.964666666666663,42.664,False,False,False,False,False,True,83.484,82.48013623427389,1.0038637657261091
2025,Imola,R,BOR,5,Kick Sauber,41.0,3.0,HARD,12.0,True,81.278,25.588,28.316,27.374,18.0,1,True,False,True,72.0,8.5,23.964666666666663,42.664,False,False,False,False,False,True,83.438,82.48013623427389,0.9578637657261169
2025,Imola,R,BOR,5,Kick Sauber,42.0,3.0,HARD,13.0,True,83.018,25.604,30.035,27.379,18.0,1,True,False,True,73.8,8.5,23.964666666666663,42.664,False,False,False,False,False,True,85.232,82.48013623427389,2.751863765726114
2025,Imola,R,BOR,5,Kick Sauber,43.0,3.0,HARD,14.0,True,81.046,25.535,28.341,27.17,18.0,1,True,False,True,75.60000000000001,8.5,23.964666666666663,42.664,False,False,False,False,False,True,83.31400000000001,82.48013623427389,0.8338637657261216
2025,Imola,R,BOR,5,Kick Sauber,44.0,3.0,HARD,15.0,True,81.059,25.521,28.268,27.27,18.0,1,True,False,True,77.4,8.5,23.964666666666663,42.664,False,False,False,False,False,True,83.381,82.48013623427389,0.9008637657261147
2025,Imola,R,BOR,5,Kick Sauber,54.0,4.0,MEDIUM,20.0,False,82.918,26.186,29.191,27.541,17.0,1,True,False,True,95.4,8.5,23.964666666666663,42.664,False,False,False,False,False,True,85.78,82.06481747475915,3.7151825252408486
2025,Imola,R,BOR,5,Kick Sauber,55.0,4.0,MEDIUM,21.0,False,82.203,25.945,28.664,27.594,17.0,1,True,False,True,97.2,8.5,23.964666666666663,42.664,False,False,False,False,False,True,85.119,82.06481747475915,3.054182525240847
2025,Imola,R,BOR,5,Kick Sauber,56.0,4.0,MEDIUM,22.0,False,81.309,25.354,28.597,27.358,17.0,1,True,False,True,99.0,8.5,23.964666666666663,42.664,False,False,False,False,False,True,84.279,82.06481747475915,2.214182525240844
2025,Imola,R,BOR,5,Kick Sauber,57.0,4.0,MEDIUM,23.0,False,80.63,25.186,28.39,27.054,17.0,1,True,False,True,100.8,8.5,23.964666666666663,42.664,False,False,False,False,False,True,83.654,82.06481747475915,1.5891825252408438
2025,Imola,R,BOR,5,Kick Sauber,58.0,4.0,MEDIUM,24.0,False,82.106,26.112,28.701,27.293,18.0,1,True,False,True,102.6,8.5,23.964666666666663,42.664,False,False,False,False,False,True,85.184,82.06481747475915,3.119182525240845
2025,Imola,R,BOR,5,Kick Sauber,59.0,4.0,MEDIUM,25.0,False,81.35,25.658,28.477,27.215,18.0,1,True,False,True,104.4,8.5,23.964666666666663,42.664,False,False,False,False,False,True,84.482,82.06481747475915,2.4171825252408468
2025,Imola,R,BOR,5,Kick Sauber,60.0,4.0,MEDIUM,26.0,False,81.166,25.619,28.385,27.162,18.0,1,True,False,True,106.2,8.5,23.964666666666663,42.664,False,False,False,False,False,True,84.352,82.06481747475915,2.2871825252408513
2025,Imola,R,BOR,5,Kick Sauber,61.0,4.0,MEDIUM,27.0,False,80.938,25.426,28.294,27.218,18.0,1,True,False,True,108.0,8.5,23.964666666666663,42.664,False,False,False,False,False,True,84.178,82.06481747475915,2.1131825252408447
2025,Imola,R,BOR,5,Kick Sauber,62.0,4.0,MEDIUM,28.0,False,81.351,25.811,28.276,27.264,18.0,1,True,False,True,109.8,8.5,23.964666666666663,42.664,False,False,False,False,False,True,84.645,82.06481747475915,2.5801825252408435
2025,Imola,R,BOR,5,Kick Sauber,63.0,4.0,MEDIUM,29.0,False,81.306,25.596,28.306,27.404,18.0,1,True,False,True,111.6,8.5,23.964666666666663,42.664,False,False,False,False,False,True,84.654,82.06481747475915,2.589182525240844
2025,Imola,R,SAI,55,Williams,2.0,1.0,MEDIUM,2.0,True,82.2,26.412,28.288,27.5,6.0,1,True,False,True,1.8,8.5,23.964666666666663,42.664,False,False,False,False,False,True,82.254,82.06481747475915,0.18918252524085233
2025,Imola,R,SAI,55,Williams,3.0,1.0,MEDIUM,3.0,True,81.656,25.691,28.506,27.459,6.0,1,True,False,True,3.6,8.5,23.964666666666663,42.664,False,False,False,False,False,True,81.76400000000001,82.06481747475915,-0.30081747475914256
2025,Imola,R,SAI,55,Williams,4.0,1.0,MEDIUM,4.0,True,81.507,25.8,28.475,27.232,6.0,1,True,False,True,5.4,8.5,23.964666666666663,42.664,False,False,False,False,False,True,81.66900000000001,82.06481747475915,-0.3958174747591414
2025,Imola,R,SAI,55,Williams,5.0,1.0,MEDIUM,5.0,True,81.708,25.694,28.632,27.382,6.0,1,True,False,True,7.2,8.5,23.964666666666663,42.664,False,False,False,False,False,True,81.92399999999999,82.06481747475915,-0.14081747475916018
2025,Imola,R,SAI,55,Williams,6.0,1.0,MEDIUM,6.0,True,81.759,25.536,28.758,27.465,6.0,1,True,False,True,9.0,8.5,23.964666666666663,42.664,False,False,False,False,False,True,82.029,82.06481747475915,-0.0358174747591562
2025,Imola,R,SAI,55,Williams,7.0,1.0,MEDIUM,7.0,True,81.38,25.47,28.512,27.398,6.0,1,True,False,True,10.8,8.5,23.964666666666663,42.664,False,False,False,False,False,True,81.704,82.06481747475915,-0.36081747475915904
2025,Imola,R,SAI,55,Williams,8.0,1.0,MEDIUM,8.0,True,82.162,26.08,28.575,27.507,6.0,1,True,False,True,12.6,8.5,23.964666666666663,42.664,False,False,False,False,False,True,82.54,82.06481747475915,0.4751825252408537
2025,Imola,R,SAI,55,Williams,9.0,1.0,MEDIUM,9.0,True,82.042,25.67,28.705,27.667,6.0,1,True,False,True,14.4,8.5,23.964666666666663,42.664,False,False,False,False,False,True,82.474,82.06481747475915,0.4091825252408512
2025,Imola,R,SAI,55,Williams,10.0,1.0,MEDIUM,10.0,True,82.751,25.609,29.122,28.02,6.0,1,True,False,True,16.2,8.5,23.964666666666663,42.664,False,False,False,False,False,True,83.23700000000001,82.06481747475915,1.1721825252408564
2025,Imola,R,SAI,55,Williams,13.0,2.0,HARD,2.0,True,82.192,26.653,28.486,27.053,16.0,1,True,False,True,21.6,8.5,23.964666666666663,42.664,False,False,False,False,False,True,82.83999999999999,82.48013623427389,0.3598637657261037
2025,Imola,R,SAI,55,Williams,14.0,2.0,HARD,3.0,True,81.268,25.64,28.43,27.198,15.0,1,True,False,True,23.4,8.5,23.964666666666663,42.664,False,False,False,False,False,True,81.97,82.48013623427389,-0.5101362342738867
2025,Imola,R,SAI,55,Williams,15.0,2.0,HARD,4.0,True,81.564,25.705,28.532,27.327,14.0,1,True,False,True,25.2,8.5,23.964666666666663,42.664,False,False,False,False,False,True,82.32,82.48013623427389,-0.16013623427389234
2025,Imola,R,SAI,55,Williams,16.0,2.0,HARD,5.0,True,81.289,25.746,28.358,27.185,14.0,1,True,False,True,27.0,8.5,23.964666666666663,42.664,False,False,False,False,False,True,82.099,82.48013623427389,-0.38113623427388177
2025,Imola,R,SAI,55,Williams,17.0,2.0,HARD,6.0,True,81.43,25.614,28.523,27.293,14.0,1,True,False,True,28.8,8.5,23.964666666666663,42.664,False,False,False,False,False,True,82.29400000000001,82.48013623427389,-0.18613623427387438
2025,Imola,R,SAI,55,Williams,18.0,2.0,HARD,7.0,True,81.458,25.636,28.523,27.299,14.0,1,True,False,True,30.6,8.5,23.964666666666663,42.664,False,False,False,False,False,True,82.376,82.48013623427389,-0.10413623427388075
2025,Imola,R,SAI,55,Williams,19.0,2.0,HARD,8.0,True,81.626,25.643,28.653,27.33,14.0,1,True,False,True,32.4,8.5,23.964666666666663,42.664,False,False,False,False,False,True,82.598,82.48013623427389,0.11786376572611346
2025,Imola,R,SAI,55,Williams,20.0,2.0,HARD,9.0,True,81.526,25.544,28.578,27.404,14.0,1,True,False,True,34.2,8.5,23.964666666666663,42.664,False,False,False,False,False,True,82.55199999999999,82.48013623427389,0.07186376572610698
2025,Imola,R,SAI,55,Williams,21.0,2.0,HARD,10.0,True,81.872,25.748,28.568,27.556,14.0,1,True,False,True,36.0,8.5,23.964666666666663,42.664,False,False,False,False,False,True,82.952,82.48013623427389,0.47186376572611266
2025,Imola,R,SAI,55,Williams,22.0,2.0,HARD,11.0,True,81.91,25.688,28.728,27.494,14.0,1,True,False,True,37.8,8.5,23.964666666666663,42.664,False,False,False,False,False,True,83.044,82.48013623427389,0.5638637657261114
2025,Imola,R,SAI,55,Williams,23.0,2.0,HARD,12.0,True,82.356,25.776,28.858,27.722,13.0,1,True,False,True,39.6,8.5,23.964666666666663,42.664,False,False,False,False,False,True,83.544,82.48013623427389,1.0638637657261114
2025,Imola,R,SAI,55,Williams,24.0,2.0,HARD,13.0,True,82.324,25.767,28.857,27.7,13.0,1,True,False,True,41.4,8.5,23.964666666666663,42.664,False,False,False,False,False,True,83.566,82.48013623427389,1.085863765726117
2025,Imola,R,SAI,55,Williams,25.0,2.0,HARD,14.0,True,82.704,26.04,28.937,27.727,13.0,1,True,False,True,43.2,8.5,23.964666666666663,42.664,False,False,False,False,False,True,84.0,82.48013623427389,1.5198637657261145
2025,Imola,R,SAI,55,Williams,26.0,2.0,HARD,15.0,True,82.46,25.896,28.924,27.64,13.0,1,True,False,True,45.0,8.5,23.964666666666663,42.664,False,False,False,False,False,True,83.80999999999999,82.48013623427389,1.3298637657261025
2025,Imola,R,SAI,55,Williams,27.0,2.0,HARD,16.0,True,82.242,25.833,28.843,27.566,13.0,1,True,False,True,46.8,8.5,23.964666666666663,42.664,False,False,False,False,False,True,83.646,82.48013623427389,1.1658637657261153
2025,Imola,R,SAI,55,Williams,31.0,3.0,HARD,2.0,True,81.182,26.12,28.232,26.83,14.0,1,True,False,True,54.0,8.5,23.964666666666663,42.664,False,False,False,False,False,True,82.802,82.48013623427389,0.3218637657261212
2025,Imola,R,SAI,55,Williams,32.0,3.0,HARD,3.0,True,81.184,26.066,28.209,26.909,13.0,1,True,False,True,55.8,8.5,23.964666666666663,42.664,False,False,False,False,False,True,82.858,82.48013623427389,0.3778637657261186
2025,Imola,R,SAI,55,Williams,33.0,3.0,HARD,4.0,True,80.867,25.727,28.081,27.059,13.0,1,True,False,True,57.6,8.5,23.964666666666663,42.664,False,False,False,False,False,True,82.595,82.48013623427389,0.11486376572611334
2025,Imola,R,SAI,55,Williams,34.0,3.0,HARD,5.0,True,81.183,25.617,28.416,27.15,13.0,1,True,False,True,59.4,8.5,23.964666666666663,42.664,False,False,False,False,False,True,82.965,82.48013623427389,0.4848637657261179
2025,Imola,R,SAI,55,Williams,35.0,3.0,HARD,6.0,True,81.323,25.682,28.353,27.288,13.0,1,True,False,True,61.2,8.5,23.964666666666663,42.664,False,False,False,False,False,True,83.15899999999999,82.48013623427389,0.6788637657261063
2025,Imola,R,SAI,55,Williams,36.0,3.0,HARD,7.0,True,81.568,25.681,28.561,27.326,13.0,1,True,False,True,63.0,8.5,23.964666666666663,42.664,False,False,False,False,False,True,83.458,82.48013623427389,0.9778637657261129
2025,Imola,R,SAI,55,Williams,37.0,3.0,HARD,8.0,True,81.306,25.506,28.706,27.094,12.0,1,True,False,True,64.8,8.5,23.964666666666663,42.664,False,False,False,False,False,True,83.25,82.48013623427389,0.7698637657261145
2025,Imola,R,SAI,55,Williams,38.0,3.0,HARD,9.0,True,81.252,25.481,28.462,27.309,12.0,1,True,False,True,66.60000000000001,8.5,23.964666666666663,42.664,False,False,False,False,False,True,83.25,82.48013623427389,0.7698637657261145
2025,Imola,R,SAI,55,Williams,39.0,3.0,HARD,10.0,True,81.593,25.656,28.568,27.369,12.0,1,True,False,True,68.4,8.5,23.964666666666663,42.664,False,False,False,False,False,True,83.64500000000001,82.48013623427389,1.1648637657261247
2025,Imola,R,SAI,55,Williams,40.0,3.0,HARD,11.0,True,80.587,25.131,28.416,27.04,11.0,1,True,False,True,70.2,8.5,23.964666666666663,42.664,False,False,False,False,False,True,82.693,82.48013623427389,0.21286376572611232
2025,Imola,R,SAI,55,Williams,41.0,3.0,HARD,12.0,True,81.038,25.644,28.239,27.155,11.0,1,True,False,True,72.0,8.5,23.964666666666663,42.664,False,False,False,False,False,True,83.198,82.48013623427389,0.7178637657261078
2025,Imola,R,SAI,55,Williams,42.0,3.0,HARD,13.0,True,80.157,25.111,28.148,26.898,10.0,1,True,False,True,73.8,8.5,23.964666666666663,42.664,False,False,False,False,False,True,82.371,82.48013623427389,-0.10913623427389041
2025,Imola,R,SAI,55,Williams,43.0,3.0,HARD,14.0,True,80.424,25.439,28.091,26.894,10.0,1,True,False,True,75.60000000000001,8.5,23.964666666666663,42.664,False,False,False,False,False,True,82.69200000000001,82.48013623427389,0.21186376572612176
2025,Imola,R,SAI,55,Williams,44.0,3.0,HARD,15.0,True,80.404,25.417,28.142,26.845,10.0,1,True,False,True,77.4,8.5,23.964666666666663,42.664,False,False,False,False,False,True,82.726,82.48013623427389,0.24586376572611357
2025,Imola,R,SAI,55,Williams,54.0,3.0,HARD,25.0,True,81.77,26.109,28.452,27.209,8.0,1,True,False,True,95.4,8.5,23.964666666666663,42.664,False,False,False,False,False,True,84.63199999999999,82.48013623427389,2.1518637657261053
2025,Imola,R,SAI,55,Williams,55.0,3.0,HARD,26.0,True,79.997,25.452,27.876,26.669,8.0,1,True,False,True,97.2,8.5,23.964666666666663,42.664,False,False,False,False,False,True,82.913,82.48013623427389,0.4328637657261112
2025,Imola,R,SAI,55,Williams,56.0,3.0,HARD,27.0,True,80.613,25.11,28.344,27.159,8.0,1,True,False,True,99.0,8.5,23.964666666666663,42.664,False,False,False,False,False,True,83.583,82.48013623427389,1.1028637657261129
2025,Imola,R,SAI,55,Williams,57.0,3.0,HARD,28.0,True,80.122,25.143,27.982,26.997,8.0,1,True,False,True,100.8,8.5,23.964666666666663,42.664,False,False,False,False,False,True,83.146,82.48013623427389,0.6658637657261153
2025,Imola,R,SAI,55,Williams,58.0,3.0,HARD,29.0,True,79.836,25.075,27.958,26.803,8.0,1,True,False,True,102.6,8.5,23.964666666666663,42.664,False,False,False,False,False,True,82.914,82.48013623427389,0.43386376572611596
2025,Imola,R,SAI,55,Williams,59.0,3.0,HARD,30.0,True,80.152,25.15,27.946,27.056,8.0,1,True,False,True,104.4,8.5,23.964666666666663,42.664,False,False,False,False,False,True,83.284,82.48013623427389,0.8038637657261205
2025,Imola,R,SAI,55,Williams,60.0,3.0,HARD,31.0,True,79.945,24.947,28.022,26.976,8.0,1,True,False,True,106.2,8.5,23.964666666666663,42.664,False,False,False,False,False,True,83.131,82.48013623427389,0.6508637657261147
2025,Imola,R,SAI,55,Williams,61.0,3.0,HARD,32.0,True,79.984,24.793,28.258,26.933,8.0,1,True,False,True,108.0,8.5,23.964666666666663,42.664,False,False,False,False,False,True,83.22399999999999,82.48013623427389,0.743863765726104
2025,Imola,R,SAI,55,Williams,62.0,3.0,HARD,33.0,True,80.316,25.215,27.984,27.117,8.0,1,True,False,True,109.8,8.5,23.964666666666663,42.664,False,False,False,False,False,True,83.61,82.48013623427389,1.129863765726114
2025,Imola,R,SAI,55,Williams,63.0,3.0,HARD,34.0,True,80.304,25.107,28.016,27.181,8.0,1,True,False,True,111.6,8.5,23.964666666666663,42.664,False,False,False,False,False,True,83.652,82.48013623427389,1.1718637657261155
2025,Imola,R,HAD,6,Racing Bulls,2.0,1.0,MEDIUM,2.0,True,82.976,26.865,28.832,27.279,11.0,1,True,False,True,1.8,8.5,23.964666666666663,42.664,False,False,False,False,False,True,83.03,82.06481747475915,0.9651825252408486
2025,Imola,R,HAD,6,Racing Bulls,3.0,1.0,MEDIUM,3.0,True,81.933,25.741,28.896,27.296,10.0,1,True,False,True,3.6,8.5,23.964666666666663,42.664,False,False,False,False,False,True,82.04100000000001,82.06481747475915,-0.023817474759141533
2025,Imola,R,HAD,6,Racing Bulls,4.0,1.0,MEDIUM,4.0,True,81.233,25.577,28.284,27.372,10.0,1,True,False,True,5.4,8.5,23.964666666666663,42.664,False,False,False,False,False,True,81.39500000000001,82.06481747475915,-0.6698174747591423
2025,Imola,R,HAD,6,Racing Bulls,5.0,1.0,MEDIUM,5.0,True,81.599,25.565,28.458,27.576,10.0,1,True,False,True,7.2,8.5,23.964666666666663,42.664,False,False,False,False,False,True,81.815,82.06481747475915,-0.24981747475915483
2025,Imola,R,HAD,6,Racing Bulls,6.0,1.0,MEDIUM,6.0,True,81.646,25.419,28.54,27.687,10.0,1,True,False,True,9.0,8.5,23.964666666666663,42.664,False,False,False,False,False,True,81.916,82.06481747475915,-0.14881747475915574
2025,Imola,R,HAD,6,Racing Bulls,7.0,1.0,MEDIUM,7.0,True,82.207,25.467,28.763,27.977,10.0,1,True,False,True,10.8,8.5,23.964666666666663,42.664,False,False,False,False,False,True,82.53099999999999,82.06481747475915,0.46618252524083914
2025,Imola,R,HAD,6,Racing Bulls,8.0,1.0,MEDIUM,8.0,True,82.087,25.854,28.612,27.621,10.0,1,True,False,True,12.6,8.5,23.964666666666663,42.664,False,False,False,False,False,True,82.465,82.06481747475915,0.40018252524085085
2025,Imola,R,HAD,6,Racing Bulls,9.0,1.0,MEDIUM,9.0,True,81.633,25.467,28.674,27.492,10.0,1,True,False,True,14.4,8.5,23.964666666666663,42.664,False,False,False,False,False,True,82.065,82.06481747475915,0.00018252524084516608
2025,Imola,R,HAD,6,Racing Bulls,10.0,1.0,MEDIUM,10.0,True,82.214,25.499,28.891,27.824,9.0,1,True,False,True,16.2,8.5,23.964666666666663,42.664,False,False,False,False,False,True,82.7,82.06481747475915,0.6351825252408503
2025,Imola,R,HAD,6,Racing Bulls,11.0,1.0,MEDIUM,11.0,True,82.779,25.568,29.026,28.185,7.0,1,True,False,True,18.0,8.5,23.964666666666663,42.664,False,False,False,False,False,True,83.319,82.06481747475915,1.25418252524085
2025,Imola,R,HAD,6,Racing Bulls,12.0,1.0,MEDIUM,12.0,True,83.006,26.014,29.062,27.93,6.0,1,True,False,True,19.8,8.5,23.964666666666663,42.664,False,False,False,False,False,True,83.6,82.06481747475915,1.5351825252408418
2025,Imola,R,HAD,6,Racing Bulls,13.0,1.0,MEDIUM,13.0,True,82.462,25.798,28.851,27.813,6.0,1,True,False,True,21.6,8.5,23.964666666666663,42.664,False,False,False,False,False,True,83.11,82.06481747475915,1.0451825252408469
2025,Imola,R,HAD,6,Racing Bulls,14.0,1.0,MEDIUM,14.0,True,82.484,26.023,28.738,27.723,4.0,1,True,False,True,23.4,8.5,23.964666666666663,42.664,False,False,False,False,False,True,83.18599999999999,82.06481747475915,1.1211825252408403
2025,Imola,R,HAD,6,Racing Bulls,15.0,1.0,MEDIUM,15.0,True,82.036,25.485,28.834,27.717,4.0,1,True,False,True,25.2,8.5,23.964666666666663,42.664,False,False,False,False,False,True,82.792,82.06481747475915,0.727182525240849
2025,Imola,R,HAD,6,Racing Bulls,16.0,1.0,MEDIUM,16.0,True,82.331,25.943,28.784,27.604,4.0,1,True,False,True,27.0,8.5,23.964666666666663,42.664,False,False,False,False,False,True,83.141,82.06481747475915,1.0761825252408528
2025,Imola,R,HAD,6,Racing Bulls,17.0,1.0,MEDIUM,17.0,True,82.091,25.819,28.629,27.643,4.0,1,True,False,True,28.8,8.5,23.964666666666663,42.664,False,False,False,False,False,True,82.955,82.06481747475915,0.8901825252408457
2025,Imola,R,HAD,6,Racing Bulls,18.0,1.0,MEDIUM,18.0,True,82.486,25.95,28.798,27.738,4.0,1,True,False,True,30.6,8.5,23.964666666666663,42.664,False,False,False,False,False,True,83.40400000000001,82.06481747475915,1.339182525240858
2025,Imola,R,HAD,6,Racing Bulls,19.0,1.0,MEDIUM,19.0,True,82.441,25.996,28.667,27.778,4.0,1,True,False,True,32.4,8.5,23.964666666666663,42.664,False,False,False,False,False,True,83.413,82.06481747475915,1.3481825252408441
2025,Imola,R,HAD,6,Racing Bulls,20.0,1.0,MEDIUM,20.0,True,82.42,25.875,28.769,27.776,4.0,1,True,False,True,34.2,8.5,23.964666666666663,42.664,False,False,False,False,False,True,83.446,82.06481747475915,1.3811825252408454
2025,Imola,R,HAD,6,Racing Bulls,21.0,1.0,MEDIUM,21.0,True,82.399,25.998,28.713,27.688,4.0,1,True,False,True,36.0,8.5,23.964666666666663,42.664,False,False,False,False,False,True,83.479,82.06481747475915,1.4141825252408466
2025,Imola,R,HAD,6,Racing Bulls,22.0,1.0,MEDIUM,22.0,True,82.252,25.916,28.645,27.691,4.0,1,True,False,True,37.8,8.5,23.964666666666663,42.664,False,False,False,False,False,True,83.386,82.06481747475915,1.3211825252408431
2025,Imola,R,HAD,6,Racing Bulls,23.0,1.0,MEDIUM,23.0,True,82.392,25.916,28.777,27.699,4.0,1,True,False,True,39.6,8.5,23.964666666666663,42.664,False,False,False,False,False,True,83.58,82.06481747475915,1.5151825252408457
2025,Imola,R,HAD,6,Racing Bulls,24.0,1.0,MEDIUM,24.0,True,82.27,25.94,28.639,27.691,4.0,1,True,False,True,41.4,8.5,23.964666666666663,42.664,False,False,False,False,False,True,83.512,82.06481747475915,1.447182525240848
2025,Imola,R,HAD,6,Racing Bulls,25.0,1.0,MEDIUM,25.0,True,82.331,25.959,28.631,27.741,4.0,1,True,False,True,43.2,8.5,23.964666666666663,42.664,False,False,False,False,False,True,83.62700000000001,82.06481747475915,1.562182525240857
2025,Imola,R,HAD,6,Racing Bulls,26.0,1.0,MEDIUM,26.0,True,82.213,25.843,28.61,27.76,4.0,1,True,False,True,45.0,8.5,23.964666666666663,42.664,False,False,False,False,False,True,83.56299999999999,82.06481747475915,1.4981825252408356
2025,Imola,R,HAD,6,Racing Bulls,27.0,1.0,MEDIUM,27.0,True,82.301,26.063,28.597,27.641,4.0,1,True,False,True,46.8,8.5,23.964666666666663,42.664,False,False,False,False,False,True,83.705,82.06481747475915,1.6401825252408457
2025,Imola,R,HAD,6,Racing Bulls,28.0,1.0,MEDIUM,28.0,True,83.448,26.581,28.969,27.898,5.0,1,True,False,True,48.6,8.5,23.964666666666663,42.664,False,False,False,False,False,True,84.90599999999999,82.06481747475915,2.841182525240839
2025,Imola,R,HAD,6,Racing Bulls,32.0,2.0,HARD,3.0,True,80.944,25.956,28.07,26.918,5.0,1,True,False,True,55.8,8.5,23.964666666666663,42.664,False,False,False,False,False,True,82.61800000000001,82.48013623427389,0.1378637657261237
2025,Imola,R,HAD,6,Racing Bulls,33.0,2.0,HARD,4.0,True,80.732,25.641,28.051,27.04,5.0,1,True,False,True,57.6,8.5,23.964666666666663,42.664,False,False,False,False,False,True,82.46,82.48013623427389,-0.020136234273891773
2025,Imola,R,HAD,6,Racing Bulls,34.0,2.0,HARD,5.0,True,80.295,25.53,27.997,26.768,5.0,1,True,False,True,59.4,8.5,23.964666666666663,42.664,False,False,False,False,False,True,82.077,82.48013623427389,-0.40313623427388734
2025,Imola,R,HAD,6,Racing Bulls,35.0,2.0,HARD,6.0,True,80.525,25.657,27.972,26.896,5.0,1,True,False,True,61.2,8.5,23.964666666666663,42.664,False,False,False,False,False,True,82.361,82.48013623427389,-0.11913623427388131
2025,Imola,R,HAD,6,Racing Bulls,36.0,2.0,HARD,7.0,True,82.095,26.214,28.703,27.178,6.0,1,True,False,True,63.0,8.5,23.964666666666663,42.664,False,False,False,False,False,True,83.985,82.48013623427389,1.504863765726114
2025,Imola,R,HAD,6,Racing Bulls,37.0,2.0,HARD,8.0,True,81.189,25.805,28.191,27.193,6.0,1,True,False,True,64.8,8.5,23.964666666666663,42.664,False,False,False,False,False,True,83.133,82.48013623427389,0.65286376572611
2025,Imola,R,HAD,6,Racing Bulls,38.0,2.0,HARD,9.0,True,81.018,25.718,28.24,27.06,6.0,1,True,False,True,66.60000000000001,8.5,23.964666666666663,42.664,False,False,False,False,False,True,83.016,82.48013623427389,0.5358637657261198
2025,Imola,R,HAD,6,Racing Bulls,39.0,2.0,HARD,10.0,True,80.998,25.733,28.237,27.028,6.0,1,True,False,True,68.4,8.5,23.964666666666663,42.664,False,False,False,False,False,True,83.05000000000001,82.48013623427389,0.5698637657261258
2025,Imola,R,HAD,6,Racing Bulls,40.0,2.0,HARD,11.0,True,80.709,25.636,27.994,27.079,6.0,1,True,False,True,70.2,8.5,23.964666666666663,42.664,False,False,False,False,False,True,82.815,82.48013623427389,0.3348637657261122
2025,Imola,R,HAD,6,Racing Bulls,41.0,2.0,HARD,12.0,True,81.748,26.13,28.332,27.286,7.0,1,True,False,True,72.0,8.5,23.964666666666663,42.664,False,False,False,False,False,True,83.908,82.48013623427389,1.4278637657261157
2025,Imola,R,HAD,6,Racing Bulls,42.0,2.0,HARD,13.0,True,80.815,25.485,28.132,27.198,7.0,1,True,False,True,73.8,8.5,23.964666666666663,42.664,False,False,False,False,False,True,83.029,82.48013623427389,0.5488637657261108
2025,Imola,R,HAD,6,Racing Bulls,43.0,2.0,HARD,14.0,True,80.82,25.668,28.102,27.05,7.0,1,True,False,True,75.60000000000001,8.5,23.964666666666663,42.664,False,False,False,False,False,True,83.088,82.48013623427389,0.6078637657261083
2025,Imola,R,HAD,6,Racing Bulls,44.0,2.0,HARD,15.0,True,80.699,25.569,28.011,27.119,7.0,1,True,False,True,77.4,8.5,23.964666666666663,42.664,False,False,False,False,False,True,83.021,82.48013623427389,0.5408637657261153
2025,Imola,R,HAD,6,Racing Bulls,54.0,3.0,HARD,8.0,True,81.759,26.095,28.449,27.215,9.0,1,True,False,True,95.4,8.5,23.964666666666663,42.664,False,False,False,False,False,True,84.621,82.48013623427389,2.1408637657261096
2025,Imola,R,HAD,6,Racing Bulls,55.0,3.0,HARD,9.0,True,80.206,25.587,27.965,26.654,9.0,1,True,False,True,97.2,8.5,23.964666666666663,42.664,False,False,False,False,False,True,83.122,82.48013623427389,0.6418637657261144
2025,Imola,R,HAD,6,Racing Bulls,56.0,3.0,HARD,10.0,True,80.343,25.059,28.135,27.149,9.0,1,True,False,True,99.0,8.5,23.964666666666663,42.664,False,False,False,False,False,True,83.313,82.48013623427389,0.8328637657261169
2025,Imola,R,HAD,6,Racing Bulls,57.0,3.0,HARD,11.0,True,80.375,25.421,27.951,27.003,9.0,1,True,False,True,100.8,8.5,23.964666666666663,42.664,False,False,False,False,False,True,83.399,82.48013623427389,0.9188637657261154
2025,Imola,R,HAD,6,Racing Bulls,58.0,3.0,HARD,12.0,True,80.606,25.523,28.0,27.083,9.0,1,True,False,True,102.6,8.5,23.964666666666663,42.664,False,False,False,False,False,True,83.684,82.48013623427389,1.203863765726112
2025,Imola,R,HAD,6,Racing Bulls,59.0,3.0,HARD,13.0,True,80.246,25.351,28.057,26.838,9.0,1,True,False,True,104.4,8.5,23.964666666666663,42.664,False,False,False,False,False,True,83.378,82.48013623427389,0.8978637657261146
2025,Imola,R,HAD,6,Racing Bulls,60.0,3.0,HARD,14.0,True,79.473,25.13,27.672,26.671,9.0,1,True,False,True,106.2,8.5,23.964666666666663,42.664,False,False,False,False,False,True,82.65899999999999,82.48013623427389,0.1788637657261063
2025,Imola,R,HAD,6,Racing Bulls,61.0,3.0,HARD,15.0,True,79.645,24.92,27.627,27.098,9.0,1,True,False,True,108.0,8.5,23.964666666666663,42.664,False,False,False,False,False,True,82.88499999999999,82.48013623427389,0.4048637657261054
2025,Imola,R,HAD,6,Racing Bulls,62.0,3.0,HARD,16.0,True,80.08,25.111,27.949,27.02,9.0,1,True,False,True,109.8,8.5,23.964666666666663,42.664,False,False,False,False,False,True,83.374,82.48013623427389,0.8938637657261097
2025,Imola,R,HAD,6,Racing Bulls,63.0,3.0,HARD,17.0,True,80.601,25.142,28.616,26.843,9.0,1,True,False,True,111.6,8.5,23.964666666666663,42.664,False,False,False,False,False,True,83.949,82.48013623427389,1.4688637657261125
2025,Imola,R,RUS,63,Mercedes,2.0,1.0,MEDIUM,5.0,False,81.596,26.157,28.386,27.053,3.0,1,True,False,True,1.8,8.5,23.964666666666663,42.664,False,False,False,False,False,True,81.65,82.06481747475915,-0.4148174747591469
2025,Imola,R,RUS,63,Mercedes,3.0,1.0,MEDIUM,6.0,False,81.618,25.973,28.523,27.122,3.0,1,True,False,True,3.6,8.5,23.964666666666663,42.664,False,False,False,False,False,True,81.726,82.06481747475915,-0.33881747475915347
2025,Imola,R,RUS,63,Mercedes,4.0,1.0,MEDIUM,7.0,False,81.707,26.121,28.562,27.024,3.0,1,True,False,True,5.4,8.5,23.964666666666663,42.664,False,False,False,False,False,True,81.869,82.06481747475915,-0.1958174747591528
2025,Imola,R,RUS,63,Mercedes,5.0,1.0,MEDIUM,8.0,False,81.385,25.902,28.408,27.075,3.0,1,True,False,True,7.2,8.5,23.964666666666663,42.664,False,False,False,False,False,True,81.601,82.06481747475915,-0.46381747475915347
2025,Imola,R,RUS,63,Mercedes,6.0,1.0,MEDIUM,9.0,False,81.773,25.879,28.641,27.253,3.0,1,True,False,True,9.0,8.5,23.964666666666663,42.664,False,False,False,False,False,True,82.04299999999999,82.06481747475915,-0.021817474759160405
2025,Imola,R,RUS,63,Mercedes,7.0,1.0,MEDIUM,10.0,False,81.505,25.886,28.32,27.299,3.0,1,True,False,True,10.8,8.5,23.964666666666663,42.664,False,False,False,False,False,True,81.829,82.06481747475915,-0.23581747475915904
2025,Imola,R,RUS,63,Mercedes,8.0,1.0,MEDIUM,11.0,False,81.744,26.012,28.639,27.093,3.0,1,True,False,True,12.6,8.5,23.964666666666663,42.664,False,False,False,False,False,True,82.122,82.06481747475915,0.057182525240847326
2025,Imola,R,RUS,63,Mercedes,9.0,1.0,MEDIUM,12.0,False,82.495,26.326,28.969,27.2,3.0,1,True,False,True,14.4,8.5,23.964666666666663,42.664,False,False,False,False,False,True,82.927,82.06481747475915,0.8621825252408541
2025,Imola,R,RUS,63,Mercedes,10.0,1.0,MEDIUM,13.0,False,83.096,26.386,29.081,27.629,3.0,1,True,False,True,16.2,8.5,23.964666666666663,42.664,False,False,False,False,False,True,83.58200000000001,82.06481747475915,1.5171825252408553
2025,Imola,R,RUS,63,Mercedes,13.0,2.0,HARD,2.0,True,81.334,25.756,28.382,27.196,14.0,1,True,False,True,21.6,8.5,23.964666666666663,42.664,False,False,False,False,False,True,81.982,82.48013623427389,-0.4981362342738862
2025,Imola,R,RUS,63,Mercedes,14.0,2.0,HARD,3.0,True,81.41,25.981,28.346,27.083,14.0,1,True,False,True,23.4,8.5,23.964666666666663,42.664,False,False,False,False,False,True,82.112,82.48013623427389,-0.36813623427389075
2025,Imola,R,RUS,63,Mercedes,15.0,2.0,HARD,4.0,True,81.356,25.899,28.395,27.062,13.0,1,True,False,True,25.2,8.5,23.964666666666663,42.664,False,False,False,False,False,True,82.112,82.48013623427389,-0.36813623427389075
2025,Imola,R,RUS,63,Mercedes,16.0,2.0,HARD,5.0,True,81.57,25.822,28.424,27.324,13.0,1,True,False,True,27.0,8.5,23.964666666666663,42.664,False,False,False,False,False,True,82.38,82.48013623427389,-0.10013623427389007
2025,Imola,R,RUS,63,Mercedes,17.0,2.0,HARD,6.0,True,81.663,25.807,28.577,27.279,13.0,1,True,False,True,28.8,8.5,23.964666666666663,42.664,False,False,False,False,False,True,82.527,82.48013623427389,0.0468637657261155
2025,Imola,R,RUS,63,Mercedes,18.0,2.0,HARD,7.0,True,81.556,25.928,28.36,27.268,13.0,1,True,False,True,30.6,8.5,23.964666666666663,42.664,False,False,False,False,False,True,82.474,82.48013623427389,-0.006136234273881769
2025,Imola,R,RUS,63,Mercedes,19.0,2.0,HARD,8.0,True,81.534,25.765,28.462,27.307,13.0,1,True,False,True,32.4,8.5,23.964666666666663,42.664,False,False,False,False,False,True,82.506,82.48013623427389,0.025863765726114707
2025,Imola,R,RUS,63,Mercedes,20.0,2.0,HARD,9.0,True,82.08,25.779,28.7,27.601,13.0,1,True,False,True,34.2,8.5,23.964666666666663,42.664,False,False,False,False,False,True,83.106,82.48013623427389,0.625863765726109
2025,Imola,R,RUS,63,Mercedes,21.0,2.0,HARD,10.0,True,81.948,25.912,28.553,27.483,13.0,1,True,False,True,36.0,8.5,23.964666666666663,42.664,False,False,False,False,False,True,83.02799999999999,82.48013623427389,0.5478637657261061
2025,Imola,R,RUS,63,Mercedes,22.0,2.0,HARD,11.0,True,81.643,25.764,28.647,27.232,12.0,1,True,False,True,37.8,8.5,23.964666666666663,42.664,False,False,False,False,False,True,82.777,82.48013623427389,0.2968637657261155
2025,Imola,R,RUS,63,Mercedes,23.0,2.0,HARD,12.0,True,82.576,26.02,29.024,27.532,12.0,1,True,False,True,39.6,8.5,23.964666666666663,42.664,False,False,False,False,False,True,83.764,82.48013623427389,1.2838637657261103
2025,Imola,R,RUS,63,Mercedes,24.0,2.0,HARD,13.0,True,82.149,25.872,28.73,27.547,12.0,1,True,False,True,41.4,8.5,23.964666666666663,42.664,False,False,False,False,False,True,83.391,82.48013623427389,0.9108637657261198
2025,Imola,R,RUS,63,Mercedes,25.0,2.0,HARD,14.0,True,81.552,25.631,28.669,27.252,11.0,1,True,False,True,43.2,8.5,23.964666666666663,42.664,False,False,False,False,False,True,82.84800000000001,82.48013623427389,0.36786376572612767
2025,Imola,R,RUS,63,Mercedes,26.0,2.0,HARD,15.0,True,81.727,25.639,28.687,27.401,11.0,1,True,False,True,45.0,8.5,23.964666666666663,42.664,False,False,False,False,False,True,83.077,82.48013623427389,0.5968637657261127
2025,Imola,R,RUS,63,Mercedes,27.0,2.0,HARD,16.0,True,81.414,25.609,28.498,27.307,11.0,1,True,False,True,46.8,8.5,23.964666666666663,42.664,False,False,False,False,False,True,82.818,82.48013623427389,0.3378637657261123
2025,Imola,R,RUS,63,Mercedes,31.0,3.0,HARD,2.0,True,81.258,26.137,28.086,27.035,12.0,1,True,False,True,54.0,8.5,23.964666666666663,42.664,False,False,False,False,False,True,82.878,82.48013623427389,0.3978637657261146
2025,Imola,R,RUS,63,Mercedes,32.0,3.0,HARD,3.0,True,80.688,25.521,28.061,27.106,12.0,1,True,False,True,55.8,8.5,23.964666666666663,42.664,False,False,False,False,False,True,82.36200000000001,82.48013623427389,-0.11813623427387654
2025,Imola,R,RUS,63,Mercedes,33.0,3.0,HARD,4.0,True,81.267,25.342,28.577,27.348,11.0,1,True,False,True,57.6,8.5,23.964666666666663,42.664,False,False,False,False,False,True,82.99499999999999,82.48013623427389,0.5148637657261048
2025,Imola,R,RUS,63,Mercedes,34.0,3.0,HARD,5.0,True,82.475,26.158,29.027,27.29,11.0,1,True,False,True,59.4,8.5,23.964666666666663,42.664,False,False,False,False,False,True,84.25699999999999,82.48013623427389,1.7768637657261053
2025,Imola,R,RUS,63,Mercedes,35.0,3.0,HARD,6.0,True,81.852,25.653,28.65,27.549,10.0,1,True,False,True,61.2,8.5,23.964666666666663,42.664,False,False,False,False,False,True,83.688,82.48013623427389,1.2078637657261169
2025,Imola,R,RUS,63,Mercedes,36.0,3.0,HARD,7.0,True,80.675,25.375,28.327,26.973,9.0,1,True,False,True,63.0,8.5,23.964666666666663,42.664,False,False,False,False,False,True,82.565,82.48013623427389,0.0848637657261122
2025,Imola,R,RUS,63,Mercedes,37.0,3.0,HARD,8.0,True,80.544,25.517,28.157,26.87,9.0,1,True,False,True,64.8,8.5,23.964666666666663,42.664,False,False,False,False,False,True,82.488,82.48013623427389,0.007863765726114025
2025,Imola,R,RUS,63,Mercedes,38.0,3.0,HARD,9.0,True,80.462,25.551,28.113,26.798,9.0,1,True,False,True,66.60000000000001,8.5,23.964666666666663,42.664,False,False,False,False,False,True,82.46000000000001,82.48013623427389,-0.020136234273877562
2025,Imola,R,RUS,63,Mercedes,39.0,3.0,HARD,10.0,True,80.514,25.556,28.097,26.861,9.0,1,True,False,True,68.4,8.5,23.964666666666663,42.664,False,False,False,False,False,True,82.566,82.48013623427389,0.08586376572611698
2025,Imola,R,RUS,63,Mercedes,40.0,3.0,HARD,11.0,True,80.114,25.348,27.958,26.808,9.0,1,True,False,True,70.2,8.5,23.964666666666663,42.664,False,False,False,False,False,True,82.22,82.48013623427389,-0.26013623427388666
2025,Imola,R,RUS,63,Mercedes,41.0,3.0,HARD,12.0,True,80.516,25.544,28.003,26.969,9.0,1,True,False,True,72.0,8.5,23.964666666666663,42.664,False,False,False,False,False,True,82.676,82.48013623427389,0.1958637657261164
2025,Imola,R,RUS,63,Mercedes,42.0,3.0,HARD,13.0,True,80.309,25.427,27.953,26.929,9.0,1,True,False,True,73.8,8.5,23.964666666666663,42.664,False,False,False,False,False,True,82.523,82.48013623427389,0.042863765726110614
2025,Imola,R,RUS,63,Mercedes,43.0,3.0,HARD,14.0,True,80.277,25.335,27.989,26.953,9.0,1,True,False,True,75.60000000000001,8.5,23.964666666666663,42.664,False,False,False,False,False,True,82.545,82.48013623427389,0.06486376572611618
2025,Imola,R,RUS,63,Mercedes,44.0,3.0,HARD,15.0,True,80.211,25.429,27.888,26.894,9.0,1,True,False,True,77.4,8.5,23.964666666666663,42.664,False,False,False,False,False,True,82.533,82.48013623427389,0.05286376572611573
2025,Imola,R,RUS,63,Mercedes,54.0,3.0,HARD,25.0,True,81.275,26.027,28.502,26.746,6.0,1,True,False,True,95.4,8.5,23.964666666666663,42.664,False,False,False,False,False,True,84.137,82.48013623427389,1.656863765726115
2025,Imola,R,RUS,63,Mercedes,55.0,3.0,HARD,26.0,True,79.733,25.246,27.958,26.529,6.0,1,True,False,True,97.2,8.5,23.964666666666663,42.664,False,False,False,False,False,True,82.649,82.48013623427389,0.1688637657261154
2025,Imola,R,RUS,63,Mercedes,56.0,3.0,HARD,27.0,True,80.938,25.502,28.614,26.822,6.0,1,True,False,True,99.0,8.5,23.964666666666663,42.664,False,False,False,False,False,True,83.908,82.48013623427389,1.4278637657261157
2025,Imola,R,RUS,63,Mercedes,57.0,3.0,HARD,28.0,True,80.517,25.726,28.022,26.769,7.0,1,True,False,True,100.8,8.5,23.964666666666663,42.664,False,False,False,False,False,True,83.541,82.48013623427389,1.0608637657261113
2025,Imola,R,RUS,63,Mercedes,58.0,3.0,HARD,29.0,True,79.867,25.199,27.819,26.849,7.0,1,True,False,True,102.6,8.5,23.964666666666663,42.664,False,False,False,False,False,True,82.94500000000001,82.48013623427389,0.46486376572612187
2025,Imola,R,RUS,63,Mercedes,59.0,3.0,HARD,30.0,True,79.983,25.277,27.813,26.893,7.0,1,True,False,True,104.4,8.5,23.964666666666663,42.664,False,False,False,False,False,True,83.11500000000001,82.48013623427389,0.6348637657261236
2025,Imola,R,RUS,63,Mercedes,60.0,3.0,HARD,31.0,True,79.821,25.202,27.907,26.712,7.0,1,True,False,True,106.2,8.5,23.964666666666663,42.664,False,False,False,False,False,True,83.007,82.48013623427389,0.5268637657261195
2025,Imola,R,RUS,63,Mercedes,61.0,3.0,HARD,32.0,True,79.841,25.03,27.935,26.876,7.0,1,True,False,True,108.0,8.5,23.964666666666663,42.664,False,False,False,False,False,True,83.08099999999999,82.48013623427389,0.6008637657261033
2025,Imola,R,RUS,63,Mercedes,62.0,3.0,HARD,33.0,True,80.479,25.394,28.162,26.923,7.0,1,True,False,True,109.8,8.5,23.964666666666663,42.664,False,False,False,False,False,True,83.773,82.48013623427389,1.2928637657261106
2025,Imola,R,RUS,63,Mercedes,63.0,3.0,HARD,34.0,True,80.464,25.316,28.123,27.025,7.0,1,True,False,True,111.6,8.5,23.964666666666663,42.664,False,False,False,False,False,True,83.812,82.48013623427389,1.331863765726112
2025,Imola,R,PIA,81,McLaren,2.0,1.0,MEDIUM,2.0,True,81.601,26.377,28.158,27.066,2.0,1,True,False,True,1.8,8.5,23.964666666666663,42.664,False,False,False,False,False,True,81.655,82.06481747475915,-0.4098174747591514
2025,Imola,R,PIA,81,McLaren,3.0,1.0,MEDIUM,3.0,True,81.345,26.003,28.283,27.059,2.0,1,True,False,True,3.6,8.5,23.964666666666663,42.664,False,False,False,False,False,True,81.453,82.06481747475915,-0.6118174747591496
2025,Imola,R,PIA,81,McLaren,4.0,1.0,MEDIUM,4.0,True,81.29,25.965,28.306,27.019,2.0,1,True,False,True,5.4,8.5,23.964666666666663,42.664,False,False,False,False,False,True,81.45200000000001,82.06481747475915,-0.6128174747591402
2025,Imola,R,PIA,81,McLaren,5.0,1.0,MEDIUM,5.0,True,81.096,25.881,28.231,26.984,2.0,1,True,False,True,7.2,8.5,23.964666666666663,42.664,False,False,False,False,False,True,81.312,82.06481747475915,-0.752817474759155
2025,Imola,R,PIA,81,McLaren,6.0,1.0,MEDIUM,6.0,True,81.316,25.846,28.405,27.065,2.0,1,True,False,True,9.0,8.5,23.964666666666663,42.664,False,False,False,False,False,True,81.586,82.06481747475915,-0.47881747475915404
2025,Imola,R,PIA,81,McLaren,7.0,1.0,MEDIUM,7.0,True,81.407,25.906,28.232,27.269,2.0,1,True,False,True,10.8,8.5,23.964666666666663,42.664,False,False,False,False,False,True,81.731,82.06481747475915,-0.333817474759158
2025,Imola,R,PIA,81,McLaren,8.0,1.0,MEDIUM,8.0,True,81.178,25.867,28.222,27.089,2.0,1,True,False,True,12.6,8.5,23.964666666666663,42.664,False,False,False,False,False,True,81.556,82.06481747475915,-0.5088174747591552
2025,Imola,R,PIA,81,McLaren,9.0,1.0,MEDIUM,9.0,True,81.168,25.964,28.143,27.061,2.0,1,True,False,True,14.4,8.5,23.964666666666663,42.664,False,False,False,False,False,True,81.60000000000001,82.06481747475915,-0.46481747475914403
2025,Imola,R,PIA,81,McLaren,10.0,1.0,MEDIUM,10.0,True,81.742,26.078,28.357,27.307,2.0,1,True,False,True,16.2,8.5,23.964666666666663,42.664,False,False,False,False,False,True,82.22800000000001,82.06481747475915,0.16318252524085608
2025,Imola,R,PIA,81,McLaren,11.0,1.0,MEDIUM,11.0,True,81.741,25.906,28.359,27.476,2.0,1,True,False,True,18.0,8.5,23.964666666666663,42.664,False,False,False,False,False,True,82.281,82.06481747475915,0.21618252524085335
2025,Imola,R,PIA,81,McLaren,12.0,1.0,MEDIUM,12.0,True,81.68,25.908,28.362,27.41,2.0,1,True,False,True,19.8,8.5,23.964666666666663,42.664,False,False,False,False,False,True,82.274,82.06481747475915,0.20918252524084835
2025,Imola,R,PIA,81,McLaren,15.0,2.0,HARD,2.0,True,80.954,25.822,28.08,27.052,11.0,1,True,False,True,25.2,8.5,23.964666666666663,42.664,False,False,False,False,False,True,81.71,82.48013623427389,-0.7701362342738918
2025,Imola,R,PIA,81,McLaren,16.0,2.0,HARD,3.0,True,80.885,25.629,28.091,27.165,11.0,1,True,False,True,27.0,8.5,23.964666666666663,42.664,False,False,False,False,False,True,81.69500000000001,82.48013623427389,-0.7851362342738781
2025,Imola,R,PIA,81,McLaren,17.0,2.0,HARD,4.0,True,81.908,25.674,28.715,27.519,11.0,1,True,False,True,28.8,8.5,23.964666666666663,42.664,False,False,False,False,False,True,82.772,82.48013623427389,0.29186376572612005
2025,Imola,R,PIA,81,McLaren,18.0,2.0,HARD,5.0,True,82.16,25.829,28.934,27.397,10.0,1,True,False,True,30.6,8.5,23.964666666666663,42.664,False,False,False,False,False,True,83.078,82.48013623427389,0.5978637657261174
2025,Imola,R,PIA,81,McLaren,19.0,2.0,HARD,6.0,True,81.572,25.528,28.674,27.37,9.0,1,True,False,True,32.4,8.5,23.964666666666663,42.664,False,False,False,False,False,True,82.544,82.48013623427389,0.06386376572611141
2025,Imola,R,PIA,81,McLaren,20.0,2.0,HARD,7.0,True,81.553,25.555,28.557,27.441,8.0,1,True,False,True,34.2,8.5,23.964666666666663,42.664,False,False,False,False,False,True,82.579,82.48013623427389,0.098863765726108
2025,Imola,R,PIA,81,McLaren,21.0,2.0,HARD,8.0,True,81.403,25.77,28.452,27.181,8.0,1,True,False,True,36.0,8.5,23.964666666666663,42.664,False,False,False,False,False,True,82.483,82.48013623427389,0.0028637657261185723
2025,Imola,R,PIA,81,McLaren,22.0,2.0,HARD,9.0,True,80.939,25.598,28.228,27.113,7.0,1,True,False,True,37.8,8.5,23.964666666666663,42.664,False,False,False,False,False,True,82.073,82.48013623427389,-0.40713623427389223
2025,Imola,R,PIA,81,McLaren,23.0,2.0,HARD,10.0,True,80.74,25.613,28.098,27.029,7.0,1,True,False,True,39.6,8.5,23.964666666666663,42.664,False,False,False,False,False,True,81.928,82.48013623427389,-0.5521362342738882
2025,Imola,R,PIA,81,McLaren,24.0,2.0,HARD,11.0,True,80.698,25.409,28.106,27.183,7.0,1,True,False,True,41.4,8.5,23.964666666666663,42.664,False,False,False,False,False,True,81.94,82.48013623427389,-0.5401362342738878
2025,Imola,R,PIA,81,McLaren,25.0,2.0,HARD,12.0,True,81.516,25.586,28.672,27.258,7.0,1,True,False,True,43.2,8.5,23.964666666666663,42.664,False,False,False,False,False,True,82.81200000000001,82.48013623427389,0.3318637657261263
2025,Imola,R,PIA,81,McLaren,26.0,2.0,HARD,13.0,True,81.605,25.505,28.791,27.309,6.0,1,True,False,True,45.0,8.5,23.964666666666663,42.664,False,False,False,False,False,True,82.955,82.48013623427389,0.4748637657261128
2025,Imola,R,PIA,81,McLaren,27.0,2.0,HARD,14.0,True,80.942,25.326,28.523,27.093,5.0,1,True,False,True,46.8,8.5,23.964666666666663,42.664,False,False,False,False,False,True,82.34599999999999,82.48013623427389,-0.1341362342738961
2025,Imola,R,PIA,81,McLaren,28.0,2.0,HARD,15.0,True,81.203,25.373,28.397,27.433,4.0,1,True,False,True,48.6,8.5,23.964666666666663,42.664,False,False,False,False,False,True,82.661,82.48013623427389,0.18086376572611584
2025,Imola,R,PIA,81,McLaren,32.0,3.0,HARD,2.0,True,79.952,25.547,27.683,26.722,4.0,1,True,False,True,55.8,8.5,23.964666666666663,42.664,False,False,False,False,False,True,81.626,82.48013623427389,-0.8541362342738807
2025,Imola,R,PIA,81,McLaren,33.0,3.0,HARD,3.0,True,79.769,25.324,27.667,26.778,4.0,1,True,False,True,57.6,8.5,23.964666666666663,42.664,False,False,False,False,False,True,81.497,82.48013623427389,-0.9831362342738856
2025,Imola,R,PIA,81,McLaren,34.0,3.0,HARD,4.0,True,79.774,25.358,27.691,26.725,4.0,1,True,False,True,59.4,8.5,23.964666666666663,42.664,False,False,False,False,False,True,81.556,82.48013623427389,-0.9241362342738881
2025,Imola,R,PIA,81,McLaren,35.0,3.0,HARD,5.0,True,79.656,25.426,27.611,26.619,4.0,1,True,False,True,61.2,8.5,23.964666666666663,42.664,False,False,False,False,False,True,81.492,82.48013623427389,-0.9881362342738811
2025,Imola,R,PIA,81,McLaren,36.0,3.0,HARD,6.0,True,79.741,25.297,27.731,26.713,4.0,1,True,False,True,63.0,8.5,23.964666666666663,42.664,False,False,False,False,False,True,81.631,82.48013623427389,-0.8491362342738853
2025,Imola,R,PIA,81,McLaren,37.0,3.0,HARD,7.0,True,79.583,25.206,27.65,26.727,4.0,1,True,False,True,64.8,8.5,23.964666666666663,42.664,False,False,False,False,False,True,81.527,82.48013623427389,-0.9531362342738845
2025,Imola,R,PIA,81,McLaren,38.0,3.0,HARD,8.0,True,79.743,25.164,27.91,26.669,4.0,1,True,False,True,66.60000000000001,8.5,23.964666666666663,42.664,False,False,False,False,False,True,81.741,82.48013623427389,-0.7391362342738859
2025,Imola,R,PIA,81,McLaren,39.0,3.0,HARD,9.0,True,80.061,25.397,27.904,26.76,4.0,1,True,False,True,68.4,8.5,23.964666666666663,42.664,False,False,False,False,False,True,82.11300000000001,82.48013623427389,-0.36713623427387176
2025,Imola,R,PIA,81,McLaren,40.0,3.0,HARD,10.0,True,79.398,24.808,27.898,26.692,3.0,1,True,False,True,70.2,8.5,23.964666666666663,42.664,False,False,False,False,False,True,81.50399999999999,82.48013623427389,-0.9761362342738948
2025,Imola,R,PIA,81,McLaren,41.0,3.0,HARD,11.0,True,80.458,25.492,27.871,27.095,3.0,1,True,False,True,72.0,8.5,23.964666666666663,42.664,False,False,False,False,False,True,82.618,82.48013623427389,0.13786376572610948
2025,Imola,R,PIA,81,McLaren,42.0,3.0,HARD,12.0,True,79.959,25.246,27.853,26.86,3.0,1,True,False,True,73.8,8.5,23.964666666666663,42.664,False,False,False,False,False,True,82.173,82.48013623427389,-0.3071362342738837
2025,Imola,R,PIA,81,McLaren,43.0,3.0,HARD,13.0,True,79.231,25.091,27.523,26.617,3.0,1,True,False,True,75.60000000000001,8.5,23.964666666666663,42.664,False,False,False,False,False,True,81.499,82.48013623427389,-0.9811362342738903
2025,Imola,R,PIA,81,McLaren,44.0,3.0,HARD,14.0,True,79.849,25.028,27.804,27.017,3.0,1,True,False,True,77.4,8.5,23.964666666666663,42.664,False,False,False,False,False,True,82.171,82.48013623427389,-0.30913623427387904
2025,Imola,R,PIA,81,McLaren,45.0,3.0,HARD,15.0,True,80.339,25.258,27.915,27.166,3.0,1,True,False,True,79.2,8.5,23.964666666666663,42.664,False,False,False,False,False,True,82.715,82.48013623427389,0.2348637657261179
2025,Imola,R,PIA,81,McLaren,54.0,3.0,HARD,24.0,True,79.451,25.427,27.549,26.475,2.0,1,True,False,True,95.4,8.5,23.964666666666663,42.664,False,False,False,False,False,True,82.31299999999999,82.48013623427389,-0.16713623427389734
2025,Imola,R,PIA,81,McLaren,55.0,3.0,HARD,25.0,True,79.106,25.173,27.376,26.557,2.0,1,True,False,True,97.2,8.5,23.964666666666663,42.664,False,False,False,False,False,True,82.02199999999999,82.48013623427389,-0.45813623427389416
2025,Imola,R,PIA,81,McLaren,56.0,3.0,HARD,26.0,True,78.894,25.087,27.411,26.396,2.0,1,True,False,True,99.0,8.5,23.964666666666663,42.664,False,False,False,False,False,True,81.864,82.48013623427389,-0.6161362342738812
2025,Imola,R,PIA,81,McLaren,57.0,3.0,HARD,27.0,True,79.191,25.18,27.51,26.501,2.0,1,True,False,True,100.8,8.5,23.964666666666663,42.664,False,False,False,False,False,True,82.215,82.48013623427389,-0.2651362342738821
2025,Imola,R,PIA,81,McLaren,58.0,3.0,HARD,28.0,True,81.102,26.413,27.868,26.821,3.0,1,True,False,True,102.6,8.5,23.964666666666663,42.664,False,False,False,False,False,True,84.18,82.48013623427389,1.6998637657261213
2025,Imola,R,PIA,81,McLaren,59.0,3.0,HARD,29.0,True,79.629,25.094,27.687,26.848,3.0,1,True,False,True,104.4,8.5,23.964666666666663,42.664,False,False,False,False,False,True,82.76100000000001,82.48013623427389,0.28086376572612437
2025,Imola,R,PIA,81,McLaren,60.0,3.0,HARD,30.0,True,79.483,25.121,27.738,26.624,3.0,1,True,False,True,106.2,8.5,23.964666666666663,42.664,False,False,False,False,False,True,82.66900000000001,82.48013623427389,0.18886376572612562
2025,Imola,R,PIA,81,McLaren,61.0,3.0,HARD,31.0,True,79.725,25.223,27.664,26.838,3.0,1,True,False,True,108.0,8.5,23.964666666666663,42.664,False,False,False,False,False,True,82.96499999999999,82.48013623427389,0.4848637657261037
2025,Imola,R,PIA,81,McLaren,62.0,3.0,HARD,32.0,True,79.349,25.14,27.497,26.712,3.0,1,True,False,True,109.8,8.5,23.964666666666663,42.664,False,False,False,False,False,True,82.643,82.48013623427389,0.16286376572611516
2025,Imola,R,PIA,81,McLaren,63.0,3.0,HARD,33.0,True,79.546,25.084,27.647,26.815,3.0,1,True,False,True,111.6,8.5,23.964666666666663,42.664,False,False,False,False,False,True,82.894,82.48013623427389,0.41386376572611994
2025,Imola,R,BEA,87,Haas F1 Team,2.0,1.0,HARD,2.0,True,83.836,27.095,29.087,27.654,18.0,1,True,False,True,1.8,8.5,23.964666666666663,42.664,False,False,False,False,False,True,83.89,82.48013623427389,1.409863765726115
2025,Imola,R,BEA,87,Haas F1 Team,3.0,1.0,HARD,3.0,True,82.619,26.261,28.889,27.469,18.0,1,True,False,True,3.6,8.5,23.964666666666663,42.664,False,False,False,False,False,True,82.727,82.48013623427389,0.24686376572611834
2025,Imola,R,BEA,87,Haas F1 Team,4.0,1.0,HARD,4.0,True,82.341,25.958,28.895,27.488,18.0,1,True,False,True,5.4,8.5,23.964666666666663,42.664,False,False,False,False,False,True,82.503,82.48013623427389,0.022863765726114593
2025,Imola,R,BEA,87,Haas F1 Team,5.0,1.0,HARD,5.0,True,82.267,25.923,28.819,27.525,18.0,1,True,False,True,7.2,8.5,23.964666666666663,42.664,False,False,False,False,False,True,82.48299999999999,82.48013623427389,0.0028637657261043614
2025,Imola,R,BEA,87,Haas F1 Team,6.0,1.0,HARD,6.0,True,82.045,25.784,28.771,27.49,18.0,1,True,False,True,9.0,8.5,23.964666666666663,42.664,False,False,False,False,False,True,82.315,82.48013623427389,-0.1651362342738878
2025,Imola,R,BEA,87,Haas F1 Team,7.0,1.0,HARD,7.0,True,82.45,26.043,28.868,27.539,18.0,1,True,False,True,10.8,8.5,23.964666666666663,42.664,False,False,False,False,False,True,82.774,82.48013623427389,0.2938637657261154
2025,Imola,R,BEA,87,Haas F1 Team,8.0,1.0,HARD,8.0,True,82.268,26.378,28.508,27.382,18.0,1,True,False,True,12.6,8.5,23.964666666666663,42.664,False,False,False,False,False,True,82.646,82.48013623427389,0.16586376572611528
2025,Imola,R,BEA,87,Haas F1 Team,9.0,1.0,HARD,9.0,True,82.406,26.11,28.889,27.407,18.0,1,True,False,True,14.4,8.5,23.964666666666663,42.664,False,False,False,False,False,True,82.83800000000001,82.48013623427389,0.35786376572612255
2025,Imola,R,BEA,87,Haas F1 Team,10.0,1.0,HARD,10.0,True,82.072,26.118,28.624,27.33,16.0,1,True,False,True,16.2,8.5,23.964666666666663,42.664,False,False,False,False,False,True,82.558,82.48013623427389,0.07786376572612141
2025,Imola,R,BEA,87,Haas F1 Team,11.0,1.0,HARD,11.0,True,82.019,25.919,28.696,27.404,15.0,1,True,False,True,18.0,8.5,23.964666666666663,42.664,False,False,False,False,False,True,82.55900000000001,82.48013623427389,0.07886376572612619
2025,Imola,R,BEA,87,Haas F1 Team,12.0,1.0,HARD,12.0,True,82.593,25.977,28.861,27.755,12.0,1,True,False,True,19.8,8.5,23.964666666666663,42.664,False,False,False,False,False,True,83.187,82.48013623427389,0.7068637657261121
2025,Imola,R,BEA,87,Haas F1 Team,13.0,1.0,HARD,13.0,True,82.474,25.861,28.989,27.624,11.0,1,True,False,True,21.6,8.5,23.964666666666663,42.664,False,False,False,False,False,True,83.122,82.48013623427389,0.6418637657261144
2025,Imola,R,BEA,87,Haas F1 Team,14.0,1.0,HARD,14.0,True,82.871,26.005,29.231,27.635,10.0,1,True,False,True,23.4,8.5,23.964666666666663,42.664,False,False,False,False,False,True,83.573,82.48013623427389,1.0928637657261078
2025,Imola,R,BEA,87,Haas F1 Team,15.0,1.0,HARD,15.0,True,82.897,25.995,29.18,27.722,9.0,1,True,False,True,25.2,8.5,23.964666666666663,42.664,False,False,False,False,False,True,83.653,82.48013623427389,1.1728637657261203
2025,Imola,R,BEA,87,Haas F1 Team,16.0,1.0,HARD,16.0,True,82.664,25.952,28.963,27.749,9.0,1,True,False,True,27.0,8.5,23.964666666666663,42.664,False,False,False,False,False,True,83.474,82.48013623427389,0.9938637657261182
2025,Imola,R,BEA,87,Haas F1 Team,17.0,1.0,HARD,17.0,True,82.666,26.071,28.926,27.669,9.0,1,True,False,True,28.8,8.5,23.964666666666663,42.664,False,False,False,False,False,True,83.53,82.48013623427389,1.0498637657261156
2025,Imola,R,BEA,87,Haas F1 Team,18.0,1.0,HARD,18.0,True,82.959,26.06,29.007,27.892,9.0,1,True,False,True,30.6,8.5,23.964666666666663,42.664,False,False,False,False,False,True,83.87700000000001,82.48013623427389,1.396863765726124
2025,Imola,R,BEA,87,Haas F1 Team,19.0,1.0,HARD,19.0,True,83.244,26.648,29.022,27.574,10.0,1,True,False,True,32.4,8.5,23.964666666666663,42.664,False,False,False,False,False,True,84.216,82.48013623427389,1.7358637657261085
2025,Imola,R,BEA,87,Haas F1 Team,20.0,1.0,HARD,20.0,True,82.972,26.012,29.066,27.894,10.0,1,True,False,True,34.2,8.5,23.964666666666663,42.664,False,False,False,False,False,True,83.99799999999999,82.48013623427389,1.517863765726105
2025,Imola,R,BEA,87,Haas F1 Team,21.0,1.0,HARD,21.0,True,82.896,26.023,29.117,27.756,10.0,1,True,False,True,36.0,8.5,23.964666666666663,42.664,False,False,False,False,False,True,83.976,82.48013623427389,1.4958637657261136
2025,Imola,R,BEA,87,Haas F1 Team,22.0,1.0,HARD,22.0,True,82.871,25.901,29.198,27.772,9.0,1,True,False,True,37.8,8.5,23.964666666666663,42.664,False,False,False,False,False,True,84.005,82.48013623427389,1.52486376572611
2025,Imola,R,BEA,87,Haas F1 Team,23.0,1.0,HARD,23.0,True,83.377,26.968,28.931,27.478,10.0,1,True,False,True,39.6,8.5,23.964666666666663,42.664,False,False,False,False,False,True,84.565,82.48013623427389,2.084863765726112
2025,Imola,R,BEA,87,Haas F1 Team,24.0,1.0,HARD,24.0,True,81.885,25.87,28.475,27.54,10.0,1,True,False,True,41.4,8.5,23.964666666666663,42.664,False,False,False,False,False,True,83.12700000000001,82.48013623427389,0.646863765726124
2025,Imola,R,BEA,87,Haas F1 Team,25.0,1.0,HARD,25.0,True,81.979,26.159,28.525,27.295,10.0,1,True,False,True,43.2,8.5,23.964666666666663,42.664,False,False,False,False,False,True,83.275,82.48013623427389,0.7948637657261202
2025,Imola,R,BEA,87,Haas F1 Team,26.0,1.0,HARD,26.0,True,81.934,25.883,28.559,27.492,10.0,1,True,False,True,45.0,8.5,23.964666666666663,42.664,False,False,False,False,False,True,83.28399999999999,82.48013623427389,0.8038637657261063
2025,Imola,R,BEA,87,Haas F1 Team,27.0,1.0,HARD,27.0,True,81.948,25.906,28.57,27.472,10.0,1,True,False,True,46.8,8.5,23.964666666666663,42.664,False,False,False,False,False,True,83.35199999999999,82.48013623427389,0.8718637657261041
2025,Imola,R,BEA,87,Haas F1 Team,33.0,3.0,HARD,2.0,True,80.04,25.463,27.775,26.802,19.0,1,True,False,True,57.6,8.5,23.964666666666663,42.664,False,False,False,False,False,True,81.768,82.48013623427389,-0.7121362342738848
2025,Imola,R,BEA,87,Haas F1 Team,34.0,3.0,HARD,3.0,True,80.348,25.611,27.889,26.848,19.0,1,True,False,True,59.4,8.5,23.964666666666663,42.664,False,False,False,False,False,True,82.13,82.48013623427389,-0.35013623427389007
2025,Imola,R,BEA,87,Haas F1 Team,35.0,3.0,HARD,4.0,True,80.124,25.52,27.867,26.737,19.0,1,True,False,True,61.2,8.5,23.964666666666663,42.664,False,False,False,False,False,True,81.96,82.48013623427389,-0.5201362342738918
2025,Imola,R,BEA,87,Haas F1 Team,36.0,3.0,HARD,5.0,True,80.251,25.439,27.937,26.875,19.0,1,True,False,True,63.0,8.5,23.964666666666663,42.664,False,False,False,False,False,True,82.141,82.48013623427389,-0.3391362342738802
2025,Imola,R,BEA,87,Haas F1 Team,37.0,3.0,HARD,6.0,True,80.149,25.444,27.889,26.816,19.0,1,True,False,True,64.8,8.5,23.964666666666663,42.664,False,False,False,False,False,True,82.093,82.48013623427389,-0.387136234273882
2025,Imola,R,BEA,87,Haas F1 Team,38.0,3.0,HARD,7.0,True,79.885,25.297,27.81,26.778,19.0,1,True,False,True,66.60000000000001,8.5,23.964666666666663,42.664,False,False,False,False,False,True,81.88300000000001,82.48013623427389,-0.5971362342738757
2025,Imola,R,BEA,87,Haas F1 Team,39.0,3.0,HARD,8.0,True,79.96,25.325,27.883,26.752,19.0,1,True,False,True,68.4,8.5,23.964666666666663,42.664,False,False,False,False,False,True,82.012,82.48013623427389,-0.46813623427388507
2025,Imola,R,BEA,87,Haas F1 Team,40.0,3.0,HARD,9.0,True,79.649,25.284,27.6,26.765,19.0,1,True,False,True,70.2,8.5,23.964666666666663,42.664,False,False,False,False,False,True,81.755,82.48013623427389,-0.7251362342738901
2025,Imola,R,BEA,87,Haas F1 Team,41.0,3.0,HARD,10.0,True,80.211,25.115,27.991,27.105,19.0,1,True,False,True,72.0,8.5,23.964666666666663,42.664,False,False,False,False,False,True,82.371,82.48013623427389,-0.10913623427389041
2025,Imola,R,BEA,87,Haas F1 Team,42.0,3.0,HARD,11.0,True,80.051,25.146,28.044,26.861,19.0,1,True,False,True,73.8,8.5,23.964666666666663,42.664,False,False,False,False,False,True,82.265,82.48013623427389,-0.21513623427388495
2025,Imola,R,BEA,87,Haas F1 Team,43.0,3.0,HARD,12.0,True,80.233,25.271,27.952,27.01,19.0,1,True,False,True,75.60000000000001,8.5,23.964666666666663,42.664,False,False,False,False,False,True,82.501,82.48013623427389,0.020863765726119254
2025,Imola,R,BEA,87,Haas F1 Team,44.0,3.0,HARD,13.0,True,80.394,25.356,28.127,26.911,19.0,1,True,False,True,77.4,8.5,23.964666666666663,42.664,False,False,False,False,False,True,82.71600000000001,82.48013623427389,0.23586376572612267
2025,Imola,R,BEA,87,Haas F1 Team,54.0,3.0,HARD,23.0,True,82.952,26.5,28.723,27.729,18.0,1,True,False,True,95.4,8.5,23.964666666666663,42.664,False,False,False,False,False,True,85.814,82.48013623427389,3.3338637657261074
2025,Imola,R,BEA,87,Haas F1 Team,55.0,3.0,HARD,24.0,True,82.096,26.039,28.583,27.474,18.0,1,True,False,True,97.2,8.5,23.964666666666663,42.664,False,False,False,False,False,True,85.012,82.48013623427389,2.531863765726115
2025,Imola,R,BEA,87,Haas F1 Team,56.0,3.0,HARD,25.0,True,81.396,25.54,28.566,27.29,18.0,1,True,False,True,99.0,8.5,23.964666666666663,42.664,False,False,False,False,False,True,84.366,82.48013623427389,1.8858637657261141
2025,Imola,R,BEA,87,Haas F1 Team,57.0,3.0,HARD,26.0,True,80.713,25.334,28.335,27.044,18.0,1,True,False,True,100.8,8.5,23.964666666666663,42.664,False,False,False,False,False,True,83.737,82.48013623427389,1.2568637657261092
2025,Imola,R,BEA,87,Haas F1 Team,58.0,3.0,HARD,27.0,True,80.42,24.987,28.302,27.131,17.0,1,True,False,True,102.6,8.5,23.964666666666663,42.664,False,False,False,False,False,True,83.498,82.48013623427389,1.0178637657261191
2025,Imola,R,BEA,87,Haas F1 Team,59.0,3.0,HARD,28.0,True,80.165,25.171,28.015,26.979,17.0,1,True,False,True,104.4,8.5,23.964666666666663,42.664,False,False,False,False,False,True,83.29700000000001,82.48013623427389,0.8168637657261257
2025,Imola,R,BEA,87,Haas F1 Team,60.0,3.0,HARD,29.0,True,80.325,25.261,28.057,27.007,17.0,1,True,False,True,106.2,8.5,23.964666666666663,42.664,False,False,False,False,False,True,83.511,82.48013623427389,1.0308637657261102
2025,Imola,R,BEA,87,Haas F1 Team,61.0,3.0,HARD,30.0,True,80.419,24.972,28.182,27.265,17.0,1,True,False,True,108.0,8.5,23.964666666666663,42.664,False,False,False,False,False,True,83.65899999999999,82.48013623427389,1.1788637657261063
2025,Imola,R,BEA,87,Haas F1 Team,62.0,3.0,HARD,31.0,True,80.871,25.111,28.596,27.164,17.0,1,True,False,True,109.8,8.5,23.964666666666663,42.664,False,False,False,False,False,True,84.16499999999999,82.48013623427389,1.6848637657261065
2025,Imola,R,BEA,87,Haas F1 Team,63.0,3.0,HARD,32.0,True,80.756,24.949,28.299,27.508,17.0,1,True,False,True,111.6,8.5,23.964666666666663,42.664,False,False,False,False,False,True,84.104,82.48013623427389,1.6238637657261137
2025,Monza,R,VER,1,Red Bull Racing,2.0,1.0,MEDIUM,2.0,True,84.859,28.457,28.843,27.559,2.0,1,True,False,True,1.8,5.0,26.76111111111111,43.28819444444444,False,False,False,False,False,True,84.913,85.36690226114654,-0.4539022611465384
2025,Monza,R,VER,1,Red Bull Racing,3.0,1.0,MEDIUM,3.0,True,83.512,27.212,28.713,27.587,2.0,1,True,False,True,3.6,5.0,26.76111111111111,43.28819444444444,False,False,False,False,False,True,83.62,85.36690226114654,-1.7469022611465306
2025,Monza,R,VER,1,Red Bull Racing,4.0,1.0,MEDIUM,4.0,True,83.262,27.375,28.455,27.432,1.0,1,True,False,True,5.4,5.0,26.76111111111111,43.28819444444444,False,False,False,False,False,True,83.424,85.36690226114654,-1.9429022611465285
2025,Monza,R,VER,1,Red Bull Racing,5.0,1.0,MEDIUM,5.0,True,83.588,27.52,28.427,27.641,1.0,1,True,False,True,7.2,5.0,26.76111111111111,43.28819444444444,False,False,False,False,False,True,83.80399999999999,85.36690226114654,-1.5629022611465473
2025,Monza,R,VER,1,Red Bull Racing,6.0,1.0,MEDIUM,6.0,True,83.576,27.434,28.496,27.646,1.0,1,True,False,True,9.0,5.0,26.76111111111111,43.28819444444444,False,False,False,False,False,True,83.84599999999999,85.36690226114654,-1.5209022611465457
2025,Monza,R,VER,1,Red Bull Racing,7.0,1.0,MEDIUM,7.0,True,83.31,27.458,28.306,27.546,1.0,1,True,False,True,10.8,5.0,26.76111111111111,43.28819444444444,False,False,False,False,False,True,83.634,85.36690226114654,-1.7329022611465348
2025,Monza,R,VER,1,Red Bull Racing,8.0,1.0,MEDIUM,8.0,True,83.139,27.411,28.318,27.41,1.0,1,True,False,True,12.6,5.0,26.76111111111111,43.28819444444444,False,False,False,False,False,True,83.517,85.36690226114654,-1.8499022611465392
2025,Monza,R,VER,1,Red Bull Racing,9.0,1.0,MEDIUM,9.0,True,83.101,27.292,28.355,27.454,1.0,1,True,False,True,14.4,5.0,26.76111111111111,43.28819444444444,False,False,False,False,False,True,83.533,85.36690226114654,-1.8339022611465339
2025,Monza,R,VER,1,Red Bull Racing,10.0,1.0,MEDIUM,10.0,True,83.088,27.369,28.37,27.349,1.0,1,True,False,True,16.2,5.0,26.76111111111111,43.28819444444444,False,False,False,False,False,True,83.574,85.36690226114654,-1.792902261146537
2025,Monza,R,VER,1,Red Bull Racing,11.0,1.0,MEDIUM,11.0,True,83.066,27.378,28.3,27.388,1.0,1,True,False,True,18.0,5.0,26.76111111111111,43.28819444444444,False,False,False,False,False,True,83.60600000000001,85.36690226114654,-1.7609022611465264
2025,Monza,R,VER,1,Red Bull Racing,12.0,1.0,MEDIUM,12.0,True,83.014,27.338,28.354,27.322,1.0,1,True,False,True,19.8,5.0,26.76111111111111,43.28819444444444,False,False,False,False,False,True,83.60799999999999,85.36690226114654,-1.7589022611465452
2025,Monza,R,VER,1,Red Bull Racing,13.0,1.0,MEDIUM,13.0,True,83.254,27.35,28.463,27.441,1.0,1,True,False,True,21.6,5.0,26.76111111111111,43.28819444444444,False,False,False,False,False,True,83.902,85.36690226114654,-1.464902261146534
2025,Monza,R,VER,1,Red Bull Racing,14.0,1.0,MEDIUM,14.0,True,83.118,27.446,28.319,27.353,1.0,1,True,False,True,23.4,5.0,26.76111111111111,43.28819444444444,False,False,False,False,False,True,83.82,85.36690226114654,-1.546902261146542
2025,Monza,R,VER,1,Red Bull Racing,15.0,1.0,MEDIUM,15.0,True,83.077,27.386,28.238,27.453,1.0,1,True,False,True,25.2,5.0,26.76111111111111,43.28819444444444,False,False,False,False,False,True,83.833,85.36690226114654,-1.5339022611465367
2025,Monza,R,VER,1,Red Bull Racing,16.0,1.0,MEDIUM,16.0,True,83.001,27.4,28.202,27.399,1.0,1,True,False,True,27.0,5.0,26.76111111111111,43.28819444444444,False,False,False,False,False,True,83.811,85.36690226114654,-1.555902261146528
2025,Monza,R,VER,1,Red Bull Racing,17.0,1.0,MEDIUM,17.0,True,82.89,27.317,28.234,27.339,1.0,1,True,False,True,28.8,5.0,26.76111111111111,43.28819444444444,False,False,False,False,False,True,83.754,85.36690226114654,-1.6129022611465302
2025,Monza,R,VER,1,Red Bull Racing,18.0,1.0,MEDIUM,18.0,True,82.727,27.301,28.154,27.272,1.0,1,True,False,True,30.6,5.0,26.76111111111111,43.28819444444444,False,False,False,False,False,True,83.64500000000001,85.36690226114654,-1.721902261146525
2025,Monza,R,VER,1,Red Bull Racing,19.0,1.0,MEDIUM,19.0,True,82.838,27.357,28.19,27.291,1.0,1,True,False,True,32.4,5.0,26.76111111111111,43.28819444444444,False,False,False,False,False,True,83.80999999999999,85.36690226114654,-1.556902261146547
2025,Monza,R,VER,1,Red Bull Racing,20.0,1.0,MEDIUM,20.0,True,82.857,27.37,28.167,27.32,1.0,1,True,False,True,34.2,5.0,26.76111111111111,43.28819444444444,False,False,False,False,False,True,83.883,85.36690226114654,-1.4839022611465396
2025,Monza,R,VER,1,Red Bull Racing,21.0,1.0,MEDIUM,21.0,True,82.919,27.413,28.215,27.291,1.0,1,True,False,True,36.0,5.0,26.76111111111111,43.28819444444444,False,False,False,False,False,True,83.999,85.36690226114654,-1.36790226114654
2025,Monza,R,VER,1,Red Bull Racing,22.0,1.0,MEDIUM,22.0,True,82.733,27.271,28.138,27.324,1.0,1,True,False,True,37.8,5.0,26.76111111111111,43.28819444444444,False,False,False,False,False,True,83.867,85.36690226114654,-1.4999022611465307
2025,Monza,R,VER,1,Red Bull Racing,23.0,1.0,MEDIUM,23.0,True,82.782,27.317,28.188,27.277,1.0,1,True,False,True,39.6,5.0,26.76111111111111,43.28819444444444,False,False,False,False,False,True,83.97,85.36690226114654,-1.3969022611465363
2025,Monza,R,VER,1,Red Bull Racing,24.0,1.0,MEDIUM,24.0,True,82.817,27.335,28.171,27.311,1.0,1,True,False,True,41.4,5.0,26.76111111111111,43.28819444444444,False,False,False,False,False,True,84.059,85.36690226114654,-1.3079022611465376
2025,Monza,R,VER,1,Red Bull Racing,25.0,1.0,MEDIUM,25.0,True,82.97,27.336,28.216,27.418,1.0,1,True,False,True,43.2,5.0,26.76111111111111,43.28819444444444,False,False,False,False,False,True,84.266,85.36690226114654,-1.1009022611465298
2025,Monza,R,VER,1,Red Bull Racing,26.0,1.0,MEDIUM,26.0,True,82.937,27.39,28.218,27.329,1.0,1,True,False,True,45.0,5.0,26.76111111111111,43.28819444444444,False,False,False,False,False,True,84.28699999999999,85.36690226114654,-1.0799022611465432
2025,Monza,R,VER,1,Red Bull Racing,27.0,1.0,MEDIUM,27.0,True,83.015,27.447,28.229,27.339,1.0,1,True,False,True,46.8,5.0,26.76111111111111,43.28819444444444,False,False,False,False,False,True,84.419,85.36690226114654,-0.9479022611465382
2025,Monza,R,VER,1,Red Bull Racing,28.0,1.0,MEDIUM,28.0,True,83.031,27.457,28.265,27.309,1.0,1,True,False,True,48.6,5.0,26.76111111111111,43.28819444444444,False,False,False,False,False,True,84.489,85.36690226114654,-0.8779022611465308
2025,Monza,R,VER,1,Red Bull Racing,29.0,1.0,MEDIUM,29.0,True,82.811,27.382,28.222,27.207,1.0,1,True,False,True,50.4,5.0,26.76111111111111,43.28819444444444,False,False,False,False,False,True,84.32300000000001,85.36690226114654,-1.0439022611465276
2025,Monza,R,VER,1,Red Bull Racing,30.0,1.0,MEDIUM,30.0,True,82.928,27.447,28.294,27.187,1.0,1,True,False,True,52.2,5.0,26.76111111111111,43.28819444444444,False,False,False,False,False,True,84.494,85.36690226114654,-0.8729022611465354
2025,Monza,R,VER,1,Red Bull Racing,31.0,1.0,MEDIUM,31.0,True,82.941,27.307,28.21,27.424,1.0,1,True,False,True,54.0,5.0,26.76111111111111,43.28819444444444,False,False,False,False,False,True,84.561,85.36690226114654,-0.8059022611465281
2025,Monza,R,VER,1,Red Bull Racing,32.0,1.0,MEDIUM,32.0,True,82.89,27.403,28.196,27.291,1.0,1,True,False,True,55.8,5.0,26.76111111111111,43.28819444444444,False,False,False,False,False,True,84.56400000000001,85.36690226114654,-0.802902261146528
2025,Monza,R,VER,1,Red Bull Racing,33.0,1.0,MEDIUM,33.0,True,82.943,27.385,28.257,27.301,1.0,1,True,False,True,57.6,5.0,26.76111111111111,43.28819444444444,False,False,False,False,False,True,84.67099999999999,85.36690226114654,-0.6959022611465429
2025,Monza,R,VER,1,Red Bull Racing,34.0,1.0,MEDIUM,34.0,True,82.795,27.318,28.25,27.227,1.0,1,True,False,True,59.4,5.0,26.76111111111111,43.28819444444444,False,False,False,False,False,True,84.577,85.36690226114654,-0.7899022611465369
2025,Monza,R,VER,1,Red Bull Racing,35.0,1.0,MEDIUM,35.0,True,82.651,27.355,28.119,27.177,1.0,1,True,False,True,61.2,5.0,26.76111111111111,43.28819444444444,False,False,False,False,False,True,84.487,85.36690226114654,-0.8799022611465404
2025,Monza,R,VER,1,Red Bull Racing,36.0,1.0,MEDIUM,36.0,True,82.699,27.404,28.118,27.177,1.0,1,True,False,True,63.0,5.0,26.76111111111111,43.28819444444444,False,False,False,False,False,True,84.589,85.36690226114654,-0.7779022611465365
2025,Monza,R,VER,1,Red Bull Racing,39.0,2.0,HARD,2.0,True,81.402,26.948,27.641,26.813,3.0,1,True,False,True,68.4,5.0,26.76111111111111,43.28819444444444,False,False,False,False,False,True,83.45400000000001,85.78222102066128,-2.3282210206612746
2025,Monza,R,VER,1,Red Bull Racing,42.0,2.0,HARD,5.0,True,81.445,26.898,27.654,26.893,3.0,1,True,False,True,73.8,5.0,26.76111111111111,43.28819444444444,False,False,False,False,False,True,83.65899999999999,85.78222102066128,-2.1232210206612905
2025,Monza,R,VER,1,Red Bull Racing,43.0,2.0,HARD,6.0,True,81.32,27.013,27.52,26.787,3.0,1,True,False,True,75.60000000000001,5.0,26.76111111111111,43.28819444444444,False,False,False,False,False,True,83.588,85.78222102066128,-2.1942210206612884
2025,Monza,R,VER,1,Red Bull Racing,44.0,2.0,HARD,7.0,True,81.289,26.934,27.623,26.732,3.0,1,True,False,True,77.4,5.0,26.76111111111111,43.28819444444444,False,False,False,False,False,True,83.611,85.78222102066128,-2.171221020661278
2025,Monza,R,VER,1,Red Bull Racing,45.0,2.0,HARD,8.0,True,81.353,27.033,27.59,26.73,3.0,1,True,False,True,79.2,5.0,26.76111111111111,43.28819444444444,False,False,False,False,False,True,83.729,85.78222102066128,-2.053221020661283
2025,Monza,R,VER,1,Red Bull Racing,46.0,2.0,HARD,9.0,True,81.325,26.974,27.565,26.786,2.0,1,True,False,True,81.0,5.0,26.76111111111111,43.28819444444444,False,False,False,False,False,True,83.755,85.78222102066128,-2.027221020661287
2025,Monza,R,VER,1,Red Bull Racing,47.0,2.0,HARD,10.0,True,81.336,27.153,27.536,26.647,1.0,1,True,False,True,82.8,5.0,26.76111111111111,43.28819444444444,False,False,False,False,False,True,83.82,85.78222102066128,-1.9622210206612891
2025,Monza,R,VER,1,Red Bull Racing,48.0,2.0,HARD,11.0,True,81.316,27.088,27.533,26.695,1.0,1,True,False,True,84.60000000000001,5.0,26.76111111111111,43.28819444444444,False,False,False,False,False,True,83.854,85.78222102066128,-1.928221020661283
2025,Monza,R,VER,1,Red Bull Racing,49.0,2.0,HARD,12.0,True,81.328,26.925,27.674,26.729,1.0,1,True,False,True,86.4,5.0,26.76111111111111,43.28819444444444,False,False,False,False,False,True,83.92,85.78222102066128,-1.8622210206612806
2025,Monza,R,VER,1,Red Bull Racing,50.0,2.0,HARD,13.0,True,81.297,26.934,27.544,26.819,1.0,1,True,False,True,88.2,5.0,26.76111111111111,43.28819444444444,False,False,False,False,False,True,83.943,85.78222102066128,-1.8392210206612845
2025,Monza,R,VER,1,Red Bull Racing,51.0,2.0,HARD,14.0,True,81.749,27.306,27.69,26.753,1.0,1,True,False,True,90.0,5.0,26.76111111111111,43.28819444444444,False,False,False,False,False,True,84.449,85.78222102066128,-1.3332210206612842
2025,Monza,R,VER,1,Red Bull Racing,52.0,2.0,HARD,15.0,True,81.003,26.927,27.512,26.564,1.0,1,True,False,True,91.8,5.0,26.76111111111111,43.28819444444444,False,False,False,False,False,True,83.757,85.78222102066128,-2.0252210206612773
2025,Monza,R,VER,1,Red Bull Racing,53.0,2.0,HARD,16.0,True,81.1,26.987,27.527,26.586,1.0,1,True,False,True,93.6,5.0,26.76111111111111,43.28819444444444,False,False,False,False,False,True,83.90799999999999,85.78222102066128,-1.8742210206612953
2025,Monza,R,NOR,4,McLaren,2.0,1.0,MEDIUM,2.0,True,83.889,27.675,28.557,27.657,1.0,1,True,False,True,1.8,5.0,26.76111111111111,43.28819444444444,False,False,False,False,False,True,83.943,85.36690226114654,-1.4239022611465373
2025,Monza,R,NOR,4,McLaren,3.0,1.0,MEDIUM,3.0,True,83.674,27.624,28.43,27.62,1.0,1,True,False,True,3.6,5.0,26.76111111111111,43.28819444444444,False,False,False,False,False,True,83.78200000000001,85.36690226114654,-1.5849022611465244
2025,Monza,R,NOR,4,McLaren,4.0,1.0,MEDIUM,4.0,True,84.819,28.346,28.762,27.711,2.0,1,True,False,True,5.4,5.0,26.76111111111111,43.28819444444444,False,False,False,False,False,True,84.98100000000001,85.36690226114654,-0.38590226114652637
2025,Monza,R,NOR,4,McLaren,5.0,1.0,MEDIUM,5.0,True,84.238,27.645,28.659,27.934,2.0,1,True,False,True,7.2,5.0,26.76111111111111,43.28819444444444,False,False,False,False,False,True,84.454,85.36690226114654,-0.9129022611465416
2025,Monza,R,NOR,4,McLaren,6.0,1.0,MEDIUM,6.0,True,83.887,27.407,28.595,27.885,2.0,1,True,False,True,9.0,5.0,26.76111111111111,43.28819444444444,False,False,False,False,False,True,84.157,85.36690226114654,-1.2099022611465386
2025,Monza,R,NOR,4,McLaren,7.0,1.0,MEDIUM,7.0,True,83.538,27.4,28.426,27.712,2.0,1,True,False,True,10.8,5.0,26.76111111111111,43.28819444444444,False,False,False,False,False,True,83.862,85.36690226114654,-1.5049022611465404
2025,Monza,R,NOR,4,McLaren,8.0,1.0,MEDIUM,8.0,True,83.518,27.424,28.333,27.761,2.0,1,True,False,True,12.6,5.0,26.76111111111111,43.28819444444444,False,False,False,False,False,True,83.896,85.36690226114654,-1.4709022611465343
2025,Monza,R,NOR,4,McLaren,9.0,1.0,MEDIUM,9.0,True,83.477,27.397,28.356,27.724,2.0,1,True,False,True,14.4,5.0,26.76111111111111,43.28819444444444,False,False,False,False,False,True,83.909,85.36690226114654,-1.457902261146529
2025,Monza,R,NOR,4,McLaren,10.0,1.0,MEDIUM,10.0,True,83.416,27.42,28.351,27.645,2.0,1,True,False,True,16.2,5.0,26.76111111111111,43.28819444444444,False,False,False,False,False,True,83.902,85.36690226114654,-1.464902261146534
2025,Monza,R,NOR,4,McLaren,11.0,1.0,MEDIUM,11.0,True,83.36,27.415,28.315,27.63,2.0,1,True,False,True,18.0,5.0,26.76111111111111,43.28819444444444,False,False,False,False,False,True,83.9,85.36690226114654,-1.4669022611465294
2025,Monza,R,NOR,4,McLaren,12.0,1.0,MEDIUM,12.0,True,83.294,27.388,28.246,27.66,2.0,1,True,False,True,19.8,5.0,26.76111111111111,43.28819444444444,False,False,False,False,False,True,83.88799999999999,85.36690226114654,-1.478902261146544
2025,Monza,R,NOR,4,McLaren,13.0,1.0,MEDIUM,13.0,True,83.293,27.372,28.292,27.629,2.0,1,True,False,True,21.6,5.0,26.76111111111111,43.28819444444444,False,False,False,False,False,True,83.941,85.36690226114654,-1.4259022611465326
2025,Monza,R,NOR,4,McLaren,14.0,1.0,MEDIUM,14.0,True,83.509,27.443,28.39,27.676,2.0,1,True,False,True,23.4,5.0,26.76111111111111,43.28819444444444,False,False,False,False,False,True,84.211,85.36690226114654,-1.1559022611465366
2025,Monza,R,NOR,4,McLaren,15.0,1.0,MEDIUM,15.0,True,83.059,27.359,28.176,27.524,2.0,1,True,False,True,25.2,5.0,26.76111111111111,43.28819444444444,False,False,False,False,False,True,83.815,85.36690226114654,-1.5519022611465374
2025,Monza,R,NOR,4,McLaren,16.0,1.0,MEDIUM,16.0,True,83.089,27.325,28.191,27.573,2.0,1,True,False,True,27.0,5.0,26.76111111111111,43.28819444444444,False,False,False,False,False,True,83.899,85.36690226114654,-1.4679022611465342
2025,Monza,R,NOR,4,McLaren,17.0,1.0,MEDIUM,17.0,True,83.232,27.369,28.33,27.533,2.0,1,True,False,True,28.8,5.0,26.76111111111111,43.28819444444444,False,False,False,False,False,True,84.096,85.36690226114654,-1.2709022611465315
2025,Monza,R,NOR,4,McLaren,18.0,1.0,MEDIUM,18.0,True,83.189,27.378,28.26,27.551,2.0,1,True,False,True,30.6,5.0,26.76111111111111,43.28819444444444,False,False,False,False,False,True,84.107,85.36690226114654,-1.2599022611465358
2025,Monza,R,NOR,4,McLaren,19.0,1.0,MEDIUM,19.0,True,83.289,27.463,28.271,27.555,2.0,1,True,False,True,32.4,5.0,26.76111111111111,43.28819444444444,False,False,False,False,False,True,84.261,85.36690226114654,-1.1059022611465394
2025,Monza,R,NOR,4,McLaren,20.0,1.0,MEDIUM,20.0,True,83.049,27.373,28.181,27.495,2.0,1,True,False,True,34.2,5.0,26.76111111111111,43.28819444444444,False,False,False,False,False,True,84.075,85.36690226114654,-1.2919022611465323
2025,Monza,R,NOR,4,McLaren,21.0,1.0,MEDIUM,21.0,True,82.998,27.322,28.18,27.496,2.0,1,True,False,True,36.0,5.0,26.76111111111111,43.28819444444444,False,False,False,False,False,True,84.078,85.36690226114654,-1.2889022611465322
2025,Monza,R,NOR,4,McLaren,22.0,1.0,MEDIUM,22.0,True,82.965,27.303,28.211,27.451,2.0,1,True,False,True,37.8,5.0,26.76111111111111,43.28819444444444,False,False,False,False,False,True,84.099,85.36690226114654,-1.2679022611465314
2025,Monza,R,NOR,4,McLaren,23.0,1.0,MEDIUM,23.0,True,82.892,27.333,28.127,27.432,2.0,1,True,False,True,39.6,5.0,26.76111111111111,43.28819444444444,False,False,False,False,False,True,84.08,85.36690226114654,-1.2869022611465368
2025,Monza,R,NOR,4,McLaren,24.0,1.0,MEDIUM,24.0,True,82.967,27.303,28.17,27.494,2.0,1,True,False,True,41.4,5.0,26.76111111111111,43.28819444444444,False,False,False,False,False,True,84.209,85.36690226114654,-1.157902261146532
2025,Monza,R,NOR,4,McLaren,25.0,1.0,MEDIUM,25.0,True,83.082,27.328,28.136,27.618,2.0,1,True,False,True,43.2,5.0,26.76111111111111,43.28819444444444,False,False,False,False,False,True,84.378,85.36690226114654,-0.988902261146535
2025,Monza,R,NOR,4,McLaren,26.0,1.0,MEDIUM,26.0,True,82.841,27.295,28.092,27.454,2.0,1,True,False,True,45.0,5.0,26.76111111111111,43.28819444444444,False,False,False,False,False,True,84.19099999999999,85.36690226114654,-1.1759022611465468
2025,Monza,R,NOR,4,McLaren,27.0,1.0,MEDIUM,27.0,True,82.835,27.299,28.152,27.384,2.0,1,True,False,True,46.8,5.0,26.76111111111111,43.28819444444444,False,False,False,False,False,True,84.23899999999999,85.36690226114654,-1.127902261146545
2025,Monza,R,NOR,4,McLaren,28.0,1.0,MEDIUM,28.0,True,83.072,27.401,28.201,27.47,2.0,1,True,False,True,48.6,5.0,26.76111111111111,43.28819444444444,False,False,False,False,False,True,84.53,85.36690226114654,-0.836902261146534
2025,Monza,R,NOR,4,McLaren,29.0,1.0,MEDIUM,29.0,True,82.757,27.403,28.076,27.278,2.0,1,True,False,True,50.4,5.0,26.76111111111111,43.28819444444444,False,False,False,False,False,True,84.269,85.36690226114654,-1.0979022611465297
2025,Monza,R,NOR,4,McLaren,30.0,1.0,MEDIUM,30.0,True,82.639,27.274,28.098,27.267,2.0,1,True,False,True,52.2,5.0,26.76111111111111,43.28819444444444,False,False,False,False,False,True,84.205,85.36690226114654,-1.1619022611465368
2025,Monza,R,NOR,4,McLaren,31.0,1.0,MEDIUM,31.0,True,83.189,27.283,28.559,27.347,2.0,1,True,False,True,54.0,5.0,26.76111111111111,43.28819444444444,False,False,False,False,False,True,84.809,85.36690226114654,-0.5579022611465376
2025,Monza,R,NOR,4,McLaren,32.0,1.0,MEDIUM,32.0,True,82.776,27.34,28.078,27.358,2.0,1,True,False,True,55.8,5.0,26.76111111111111,43.28819444444444,False,False,False,False,False,True,84.45,85.36690226114654,-0.9169022611465323
2025,Monza,R,NOR,4,McLaren,33.0,1.0,MEDIUM,33.0,True,82.655,27.31,28.052,27.293,2.0,1,True,False,True,57.6,5.0,26.76111111111111,43.28819444444444,False,False,False,False,False,True,84.383,85.36690226114654,-0.9839022611465396
2025,Monza,R,NOR,4,McLaren,34.0,1.0,MEDIUM,34.0,True,82.554,27.279,28.032,27.243,2.0,1,True,False,True,59.4,5.0,26.76111111111111,43.28819444444444,False,False,False,False,False,True,84.336,85.36690226114654,-1.0309022611465366
2025,Monza,R,NOR,4,McLaren,35.0,1.0,MEDIUM,35.0,True,82.647,27.325,28.104,27.218,2.0,1,True,False,True,61.2,5.0,26.76111111111111,43.28819444444444,False,False,False,False,False,True,84.483,85.36690226114654,-0.883902261146531
2025,Monza,R,NOR,4,McLaren,36.0,1.0,MEDIUM,36.0,True,82.638,27.305,27.978,27.355,2.0,1,True,False,True,63.0,5.0,26.76111111111111,43.28819444444444,False,False,False,False,False,True,84.528,85.36690226114654,-0.8389022611465293
2025,Monza,R,NOR,4,McLaren,37.0,1.0,MEDIUM,37.0,True,82.48,27.19,28.027,27.263,2.0,1,True,False,True,64.8,5.0,26.76111111111111,43.28819444444444,False,False,False,False,False,True,84.424,85.36690226114654,-0.9429022611465285
2025,Monza,R,NOR,4,McLaren,38.0,1.0,MEDIUM,38.0,True,82.809,27.325,28.166,27.318,1.0,1,True,False,True,66.60000000000001,5.0,26.76111111111111,43.28819444444444,False,False,False,False,False,True,84.807,85.36690226114654,-0.559902261146533
2025,Monza,R,NOR,4,McLaren,39.0,1.0,MEDIUM,39.0,True,82.691,27.255,28.124,27.312,1.0,1,True,False,True,68.4,5.0,26.76111111111111,43.28819444444444,False,False,False,False,False,True,84.74300000000001,85.36690226114654,-0.6239022611465259
2025,Monza,R,NOR,4,McLaren,40.0,1.0,MEDIUM,40.0,True,82.621,27.283,28.154,27.184,1.0,1,True,False,True,70.2,5.0,26.76111111111111,43.28819444444444,False,False,False,False,False,True,84.72699999999999,85.36690226114654,-0.6399022611465455
2025,Monza,R,NOR,4,McLaren,42.0,1.0,MEDIUM,42.0,True,82.59,27.188,28.172,27.23,1.0,1,True,False,True,73.8,5.0,26.76111111111111,43.28819444444444,False,False,False,False,False,True,84.804,85.36690226114654,-0.5629022611465331
2025,Monza,R,NOR,4,McLaren,43.0,1.0,MEDIUM,43.0,True,82.904,27.31,28.285,27.309,1.0,1,True,False,True,75.60000000000001,5.0,26.76111111111111,43.28819444444444,False,False,False,False,False,True,85.172,85.36690226114654,-0.19490226114653808
2025,Monza,R,NOR,4,McLaren,44.0,1.0,MEDIUM,44.0,True,82.388,27.25,27.955,27.183,1.0,1,True,False,True,77.4,5.0,26.76111111111111,43.28819444444444,False,False,False,False,False,True,84.71000000000001,85.36690226114654,-0.6569022611465272
2025,Monza,R,NOR,4,McLaren,45.0,1.0,MEDIUM,45.0,True,82.781,27.334,28.182,27.265,1.0,1,True,False,True,79.2,5.0,26.76111111111111,43.28819444444444,False,False,False,False,False,True,85.15700000000001,85.36690226114654,-0.20990226114652444
2025,Monza,R,NOR,4,McLaren,48.0,2.0,SOFT,4.0,False,81.038,26.902,27.314,26.822,3.0,1,True,False,True,84.60000000000001,5.0,26.76111111111111,43.28819444444444,False,False,False,False,False,True,83.576,86.215284118691,-2.639284118691009
2025,Monza,R,NOR,4,McLaren,49.0,2.0,SOFT,5.0,False,81.154,26.989,27.391,26.774,2.0,1,True,False,True,86.4,5.0,26.76111111111111,43.28819444444444,False,False,False,False,False,True,83.746,86.215284118691,-2.4692841186910073
2025,Monza,R,NOR,4,McLaren,50.0,2.0,SOFT,6.0,False,81.123,27.009,27.252,26.862,2.0,1,True,False,True,88.2,5.0,26.76111111111111,43.28819444444444,False,False,False,False,False,True,83.769,86.215284118691,-2.446284118690997
2025,Monza,R,NOR,4,McLaren,51.0,2.0,SOFT,7.0,False,81.315,27.018,27.346,26.951,2.0,1,True,False,True,90.0,5.0,26.76111111111111,43.28819444444444,False,False,False,False,False,True,84.015,86.215284118691,-2.200284118691002
2025,Monza,R,NOR,4,McLaren,52.0,2.0,SOFT,8.0,False,81.259,27.019,27.406,26.834,2.0,1,True,False,True,91.8,5.0,26.76111111111111,43.28819444444444,False,False,False,False,False,True,84.013,86.215284118691,-2.202284118690997
2025,Monza,R,NOR,4,McLaren,53.0,2.0,SOFT,9.0,False,80.901,26.81,27.381,26.71,2.0,1,True,False,True,93.6,5.0,26.76111111111111,43.28819444444444,False,False,False,False,False,True,83.709,86.215284118691,-2.506284118690999
2025,Monza,R,PIA,81,McLaren,2.0,1.0,MEDIUM,2.0,True,85.759,27.817,29.686,28.256,4.0,1,True,False,True,1.8,5.0,26.76111111111111,43.28819444444444,False,False,False,False,False,True,85.813,85.36690226114654,0.44609773885346726
2025,Monza,R,PIA,81,McLaren,3.0,1.0,MEDIUM,3.0,True,85.117,28.424,28.647,28.046,4.0,1,True,False,True,3.6,5.0,26.76111111111111,43.28819444444444,False,False,False,False,False,True,85.22500000000001,85.36690226114654,-0.1419022611465266
2025,Monza,R,PIA,81,McLaren,4.0,1.0,MEDIUM,4.0,True,84.567,27.516,29.12,27.931,4.0,1,True,False,True,5.4,5.0,26.76111111111111,43.28819444444444,False,False,False,False,False,True,84.729,85.36690226114654,-0.6379022611465359
2025,Monza,R,PIA,81,McLaren,5.0,1.0,MEDIUM,5.0,True,84.358,27.39,28.967,28.001,4.0,1,True,False,True,7.2,5.0,26.76111111111111,43.28819444444444,False,False,False,False,False,True,84.574,85.36690226114654,-0.7929022611465371
2025,Monza,R,PIA,81,McLaren,6.0,1.0,MEDIUM,6.0,True,83.679,27.322,28.515,27.842,3.0,1,True,False,True,9.0,5.0,26.76111111111111,43.28819444444444,False,False,False,False,False,True,83.949,85.36690226114654,-1.417902261146537
2025,Monza,R,PIA,81,McLaren,7.0,1.0,MEDIUM,7.0,True,83.738,27.487,28.495,27.756,3.0,1,True,False,True,10.8,5.0,26.76111111111111,43.28819444444444,False,False,False,False,False,True,84.062,85.36690226114654,-1.3049022611465375
2025,Monza,R,PIA,81,McLaren,8.0,1.0,MEDIUM,8.0,True,83.949,27.442,28.551,27.956,3.0,1,True,False,True,12.6,5.0,26.76111111111111,43.28819444444444,False,False,False,False,False,True,84.327,85.36690226114654,-1.039902261146537
2025,Monza,R,PIA,81,McLaren,9.0,1.0,MEDIUM,9.0,True,83.685,27.47,28.473,27.742,3.0,1,True,False,True,14.4,5.0,26.76111111111111,43.28819444444444,False,False,False,False,False,True,84.117,85.36690226114654,-1.2499022611465307
2025,Monza,R,PIA,81,McLaren,10.0,1.0,MEDIUM,10.0,True,83.461,27.43,28.274,27.757,3.0,1,True,False,True,16.2,5.0,26.76111111111111,43.28819444444444,False,False,False,False,False,True,83.947,85.36690226114654,-1.4199022611465324
2025,Monza,R,PIA,81,McLaren,11.0,1.0,MEDIUM,11.0,True,83.897,27.38,28.518,27.999,3.0,1,True,False,True,18.0,5.0,26.76111111111111,43.28819444444444,False,False,False,False,False,True,84.43700000000001,85.36690226114654,-0.9299022611465233
2025,Monza,R,PIA,81,McLaren,12.0,1.0,MEDIUM,12.0,True,83.486,27.356,28.412,27.718,3.0,1,True,False,True,19.8,5.0,26.76111111111111,43.28819444444444,False,False,False,False,False,True,84.08,85.36690226114654,-1.2869022611465368
2025,Monza,R,PIA,81,McLaren,13.0,1.0,MEDIUM,13.0,True,83.598,27.402,28.484,27.712,3.0,1,True,False,True,21.6,5.0,26.76111111111111,43.28819444444444,False,False,False,False,False,True,84.246,85.36690226114654,-1.12090226114654
2025,Monza,R,PIA,81,McLaren,14.0,1.0,MEDIUM,14.0,True,83.662,27.42,28.494,27.748,3.0,1,True,False,True,23.4,5.0,26.76111111111111,43.28819444444444,False,False,False,False,False,True,84.364,85.36690226114654,-1.0029022611465308
2025,Monza,R,PIA,81,McLaren,15.0,1.0,MEDIUM,15.0,True,83.385,27.321,28.299,27.765,3.0,1,True,False,True,25.2,5.0,26.76111111111111,43.28819444444444,False,False,False,False,False,True,84.141,85.36690226114654,-1.2259022611465298
2025,Monza,R,PIA,81,McLaren,16.0,1.0,MEDIUM,16.0,True,83.137,27.317,28.271,27.549,3.0,1,True,False,True,27.0,5.0,26.76111111111111,43.28819444444444,False,False,False,False,False,True,83.947,85.36690226114654,-1.4199022611465324
2025,Monza,R,PIA,81,McLaren,17.0,1.0,MEDIUM,17.0,True,83.336,27.334,28.405,27.597,3.0,1,True,False,True,28.8,5.0,26.76111111111111,43.28819444444444,False,False,False,False,False,True,84.2,85.36690226114654,-1.1669022611465323
2025,Monza,R,PIA,81,McLaren,18.0,1.0,MEDIUM,18.0,True,83.259,27.317,28.266,27.676,3.0,1,True,False,True,30.6,5.0,26.76111111111111,43.28819444444444,False,False,False,False,False,True,84.177,85.36690226114654,-1.1899022611465284
2025,Monza,R,PIA,81,McLaren,19.0,1.0,MEDIUM,19.0,True,83.359,27.365,28.341,27.653,3.0,1,True,False,True,32.4,5.0,26.76111111111111,43.28819444444444,False,False,False,False,False,True,84.33099999999999,85.36690226114654,-1.0359022611465463
2025,Monza,R,PIA,81,McLaren,20.0,1.0,MEDIUM,20.0,True,83.225,27.357,28.355,27.513,3.0,1,True,False,True,34.2,5.0,26.76111111111111,43.28819444444444,False,False,False,False,False,True,84.25099999999999,85.36690226114654,-1.1159022611465446
2025,Monza,R,PIA,81,McLaren,21.0,1.0,MEDIUM,21.0,True,82.956,27.299,28.243,27.414,3.0,1,True,False,True,36.0,5.0,26.76111111111111,43.28819444444444,False,False,False,False,False,True,84.036,85.36690226114654,-1.3309022611465338
2025,Monza,R,PIA,81,McLaren,22.0,1.0,MEDIUM,22.0,True,82.883,27.278,28.117,27.488,3.0,1,True,False,True,37.8,5.0,26.76111111111111,43.28819444444444,False,False,False,False,False,True,84.017,85.36690226114654,-1.3499022611465392
2025,Monza,R,PIA,81,McLaren,23.0,1.0,MEDIUM,23.0,True,82.957,27.308,28.117,27.532,3.0,1,True,False,True,39.6,5.0,26.76111111111111,43.28819444444444,False,False,False,False,False,True,84.145,85.36690226114654,-1.221902261146539
2025,Monza,R,PIA,81,McLaren,24.0,1.0,MEDIUM,24.0,True,82.744,27.272,28.043,27.429,3.0,1,True,False,True,41.4,5.0,26.76111111111111,43.28819444444444,False,False,False,False,False,True,83.986,85.36690226114654,-1.380902261146531
2025,Monza,R,PIA,81,McLaren,25.0,1.0,MEDIUM,25.0,True,83.27,27.261,28.308,27.701,3.0,1,True,False,True,43.2,5.0,26.76111111111111,43.28819444444444,False,False,False,False,False,True,84.566,85.36690226114654,-0.8009022611465326
2025,Monza,R,PIA,81,McLaren,26.0,1.0,MEDIUM,26.0,True,83.047,27.354,28.218,27.475,3.0,1,True,False,True,45.0,5.0,26.76111111111111,43.28819444444444,False,False,False,False,False,True,84.39699999999999,85.36690226114654,-0.9699022611465438
2025,Monza,R,PIA,81,McLaren,27.0,1.0,MEDIUM,27.0,True,82.796,27.285,28.087,27.424,3.0,1,True,False,True,46.8,5.0,26.76111111111111,43.28819444444444,False,False,False,False,False,True,84.2,85.36690226114654,-1.1669022611465323
2025,Monza,R,PIA,81,McLaren,28.0,1.0,MEDIUM,28.0,True,82.845,27.37,28.102,27.373,3.0,1,True,False,True,48.6,5.0,26.76111111111111,43.28819444444444,False,False,False,False,False,True,84.303,85.36690226114654,-1.0639022611465379
2025,Monza,R,PIA,81,McLaren,29.0,1.0,MEDIUM,29.0,True,82.7,27.302,28.101,27.297,3.0,1,True,False,True,50.4,5.0,26.76111111111111,43.28819444444444,False,False,False,False,False,True,84.212,85.36690226114654,-1.1549022611465318
2025,Monza,R,PIA,81,McLaren,30.0,1.0,MEDIUM,30.0,True,82.92,27.315,28.074,27.531,3.0,1,True,False,True,52.2,5.0,26.76111111111111,43.28819444444444,False,False,False,False,False,True,84.486,85.36690226114654,-0.8809022611465309
2025,Monza,R,PIA,81,McLaren,31.0,1.0,MEDIUM,31.0,True,82.816,27.389,28.045,27.382,3.0,1,True,False,True,54.0,5.0,26.76111111111111,43.28819444444444,False,False,False,False,False,True,84.436,85.36690226114654,-0.9309022611465281
2025,Monza,R,PIA,81,McLaren,32.0,1.0,MEDIUM,32.0,True,82.576,27.293,27.942,27.341,3.0,1,True,False,True,55.8,5.0,26.76111111111111,43.28819444444444,False,False,False,False,False,True,84.25,85.36690226114654,-1.1169022611465351
2025,Monza,R,PIA,81,McLaren,33.0,1.0,MEDIUM,33.0,True,83.271,27.219,28.542,27.51,3.0,1,True,False,True,57.6,5.0,26.76111111111111,43.28819444444444,False,False,False,False,False,True,84.999,85.36690226114654,-0.3679022611465399
2025,Monza,R,PIA,81,McLaren,34.0,1.0,MEDIUM,34.0,True,82.669,27.305,28.033,27.331,3.0,1,True,False,True,59.4,5.0,26.76111111111111,43.28819444444444,False,False,False,False,False,True,84.451,85.36690226114654,-0.9159022611465417
2025,Monza,R,PIA,81,McLaren,35.0,1.0,MEDIUM,35.0,True,82.588,27.309,28.049,27.23,3.0,1,True,False,True,61.2,5.0,26.76111111111111,43.28819444444444,False,False,False,False,False,True,84.42399999999999,85.36690226114654,-0.9429022611465427
2025,Monza,R,PIA,81,McLaren,36.0,1.0,MEDIUM,36.0,True,82.232,27.188,27.922,27.122,3.0,1,True,False,True,63.0,5.0,26.76111111111111,43.28819444444444,False,False,False,False,False,True,84.122,85.36690226114654,-1.2449022611465352
2025,Monza,R,PIA,81,McLaren,37.0,1.0,MEDIUM,37.0,True,82.425,27.215,27.984,27.226,3.0,1,True,False,True,64.8,5.0,26.76111111111111,43.28819444444444,False,False,False,False,False,True,84.369,85.36690226114654,-0.9979022611465354
2025,Monza,R,PIA,81,McLaren,38.0,1.0,MEDIUM,38.0,True,82.558,27.161,28.063,27.334,2.0,1,True,False,True,66.60000000000001,5.0,26.76111111111111,43.28819444444444,False,False,False,False,False,True,84.55600000000001,85.36690226114654,-0.8109022611465235
2025,Monza,R,PIA,81,McLaren,39.0,1.0,MEDIUM,39.0,True,82.402,27.203,27.929,27.27,2.0,1,True,False,True,68.4,5.0,26.76111111111111,43.28819444444444,False,False,False,False,False,True,84.45400000000001,85.36690226114654,-0.9129022611465274
2025,Monza,R,PIA,81,McLaren,40.0,1.0,MEDIUM,40.0,True,82.296,27.157,27.864,27.275,2.0,1,True,False,True,70.2,5.0,26.76111111111111,43.28819444444444,False,False,False,False,False,True,84.402,85.36690226114654,-0.9649022611465341
2025,Monza,R,PIA,81,McLaren,42.0,1.0,MEDIUM,42.0,True,82.419,27.045,28.114,27.26,2.0,1,True,False,True,73.8,5.0,26.76111111111111,43.28819444444444,False,False,False,False,False,True,84.633,85.36690226114654,-0.7339022611465396
2025,Monza,R,PIA,81,McLaren,43.0,1.0,MEDIUM,43.0,True,82.369,27.097,27.933,27.339,2.0,1,True,False,True,75.60000000000001,5.0,26.76111111111111,43.28819444444444,False,False,False,False,False,True,84.637,85.36690226114654,-0.7299022611465347
2025,Monza,R,PIA,81,McLaren,44.0,1.0,MEDIUM,44.0,True,82.404,27.211,27.951,27.242,2.0,1,True,False,True,77.4,5.0,26.76111111111111,43.28819444444444,False,False,False,False,False,True,84.726,85.36690226114654,-0.640902261146536
2025,Monza,R,PIA,81,McLaren,47.0,2.0,SOFT,5.0,False,81.245,26.964,27.407,26.874,2.0,1,True,False,True,82.8,5.0,26.76111111111111,43.28819444444444,False,False,False,False,False,True,83.729,86.215284118691,-2.486284118691003
2025,Monza,R,PIA,81,McLaren,48.0,2.0,SOFT,6.0,False,81.783,27.263,27.402,27.118,2.0,1,True,False,True,84.60000000000001,5.0,26.76111111111111,43.28819444444444,False,False,False,False,False,True,84.321,86.215284118691,-1.8942841186910044
2025,Monza,R,PIA,81,McLaren,49.0,2.0,SOFT,7.0,False,83.484,28.929,27.646,26.909,3.0,1,True,False,True,86.4,5.0,26.76111111111111,43.28819444444444,False,False,False,False,False,True,86.076,86.215284118691,-0.13928411869100898
2025,Monza,R,PIA,81,McLaren,50.0,2.0,SOFT,8.0,False,81.508,26.897,27.592,27.019,3.0,1,True,False,True,88.2,5.0,26.76111111111111,43.28819444444444,False,False,False,False,False,True,84.154,86.215284118691,-2.061284118691006
2025,Monza,R,PIA,81,McLaren,51.0,2.0,SOFT,9.0,False,81.477,26.992,27.443,27.042,3.0,1,True,False,True,90.0,5.0,26.76111111111111,43.28819444444444,False,False,False,False,False,True,84.177,86.215284118691,-2.0382841186909957
2025,Monza,R,PIA,81,McLaren,52.0,2.0,SOFT,10.0,False,81.386,26.885,27.534,26.967,3.0,1,True,False,True,91.8,5.0,26.76111111111111,43.28819444444444,False,False,False,False,False,True,84.14,86.215284118691,-2.075284118691002
2025,Monza,R,PIA,81,McLaren,53.0,2.0,SOFT,11.0,False,81.371,26.867,27.52,26.984,3.0,1,True,False,True,93.6,5.0,26.76111111111111,43.28819444444444,False,False,False,False,False,True,84.179,86.215284118691,-2.0362841186910003
2025,Monza,R,LEC,16,Ferrari,2.0,1.0,MEDIUM,2.0,True,85.178,27.47,29.358,28.35,3.0,1,True,False,True,1.8,5.0,26.76111111111111,43.28819444444444,False,False,False,False,False,True,85.232,85.36690226114654,-0.1349022611465358
2025,Monza,R,LEC,16,Ferrari,3.0,1.0,MEDIUM,3.0,True,84.965,27.995,29.025,27.945,3.0,1,True,False,True,3.6,5.0,26.76111111111111,43.28819444444444,False,False,False,False,False,True,85.07300000000001,85.36690226114654,-0.2939022611465276
2025,Monza,R,LEC,16,Ferrari,4.0,1.0,MEDIUM,4.0,True,84.525,27.653,29.02,27.852,3.0,1,True,False,True,5.4,5.0,26.76111111111111,43.28819444444444,False,False,False,False,False,True,84.68700000000001,85.36690226114654,-0.6799022611465233
2025,Monza,R,LEC,16,Ferrari,5.0,1.0,MEDIUM,5.0,True,84.441,27.531,28.968,27.942,3.0,1,True,False,True,7.2,5.0,26.76111111111111,43.28819444444444,False,False,False,False,False,True,84.657,85.36690226114654,-0.7099022611465386
2025,Monza,R,LEC,16,Ferrari,6.0,1.0,MEDIUM,6.0,True,84.858,27.986,28.969,27.903,4.0,1,True,False,True,9.0,5.0,26.76111111111111,43.28819444444444,False,False,False,False,False,True,85.128,85.36690226114654,-0.238902261146535
2025,Monza,R,LEC,16,Ferrari,7.0,1.0,MEDIUM,7.0,True,83.974,27.478,28.744,27.752,4.0,1,True,False,True,10.8,5.0,26.76111111111111,43.28819444444444,False,False,False,False,False,True,84.298,85.36690226114654,-1.0689022611465333
2025,Monza,R,LEC,16,Ferrari,8.0,1.0,MEDIUM,8.0,True,84.041,27.508,28.746,27.787,4.0,1,True,False,True,12.6,5.0,26.76111111111111,43.28819444444444,False,False,False,False,False,True,84.419,85.36690226114654,-0.9479022611465382
2025,Monza,R,LEC,16,Ferrari,9.0,1.0,MEDIUM,9.0,True,84.052,27.413,28.811,27.828,4.0,1,True,False,True,14.4,5.0,26.76111111111111,43.28819444444444,False,False,False,False,False,True,84.48400000000001,85.36690226114654,-0.8829022611465263
2025,Monza,R,LEC,16,Ferrari,10.0,1.0,MEDIUM,10.0,True,84.14,27.535,28.793,27.812,4.0,1,True,False,True,16.2,5.0,26.76111111111111,43.28819444444444,False,False,False,False,False,True,84.626,85.36690226114654,-0.7409022611465303
2025,Monza,R,LEC,16,Ferrari,11.0,1.0,MEDIUM,11.0,True,84.036,27.383,28.78,27.873,4.0,1,True,False,True,18.0,5.0,26.76111111111111,43.28819444444444,False,False,False,False,False,True,84.57600000000001,85.36690226114654,-0.7909022611465275
2025,Monza,R,LEC,16,Ferrari,12.0,1.0,MEDIUM,12.0,True,83.893,27.412,28.684,27.797,4.0,1,True,False,True,19.8,5.0,26.76111111111111,43.28819444444444,False,False,False,False,False,True,84.487,85.36690226114654,-0.8799022611465404
2025,Monza,R,LEC,16,Ferrari,13.0,1.0,MEDIUM,13.0,True,83.683,27.337,28.665,27.681,4.0,1,True,False,True,21.6,5.0,26.76111111111111,43.28819444444444,False,False,False,False,False,True,84.331,85.36690226114654,-1.035902261146532
2025,Monza,R,LEC,16,Ferrari,14.0,1.0,MEDIUM,14.0,True,83.637,27.297,28.666,27.674,4.0,1,True,False,True,23.4,5.0,26.76111111111111,43.28819444444444,False,False,False,False,False,True,84.339,85.36690226114654,-1.0279022611465365
2025,Monza,R,LEC,16,Ferrari,15.0,1.0,MEDIUM,15.0,True,83.635,27.43,28.54,27.665,4.0,1,True,False,True,25.2,5.0,26.76111111111111,43.28819444444444,False,False,False,False,False,True,84.391,85.36690226114654,-0.9759022611465298
2025,Monza,R,LEC,16,Ferrari,16.0,1.0,MEDIUM,16.0,True,83.595,27.245,28.594,27.756,4.0,1,True,False,True,27.0,5.0,26.76111111111111,43.28819444444444,False,False,False,False,False,True,84.405,85.36690226114654,-0.961902261146534
2025,Monza,R,LEC,16,Ferrari,17.0,1.0,MEDIUM,17.0,True,83.67,27.332,28.668,27.67,4.0,1,True,False,True,28.8,5.0,26.76111111111111,43.28819444444444,False,False,False,False,False,True,84.534,85.36690226114654,-0.8329022611465291
2025,Monza,R,LEC,16,Ferrari,18.0,1.0,MEDIUM,18.0,True,83.449,27.349,28.443,27.657,4.0,1,True,False,True,30.6,5.0,26.76111111111111,43.28819444444444,False,False,False,False,False,True,84.367,85.36690226114654,-0.9999022611465307
2025,Monza,R,LEC,16,Ferrari,19.0,1.0,MEDIUM,19.0,True,83.491,27.361,28.424,27.706,4.0,1,True,False,True,32.4,5.0,26.76111111111111,43.28819444444444,False,False,False,False,False,True,84.463,85.36690226114654,-0.9039022611465413
2025,Monza,R,LEC,16,Ferrari,20.0,1.0,MEDIUM,20.0,True,83.49,27.411,28.472,27.607,4.0,1,True,False,True,34.2,5.0,26.76111111111111,43.28819444444444,False,False,False,False,False,True,84.51599999999999,85.36690226114654,-0.850902261146544
2025,Monza,R,LEC,16,Ferrari,21.0,1.0,MEDIUM,21.0,True,83.494,27.317,28.516,27.661,4.0,1,True,False,True,36.0,5.0,26.76111111111111,43.28819444444444,False,False,False,False,False,True,84.574,85.36690226114654,-0.7929022611465371
2025,Monza,R,LEC,16,Ferrari,22.0,1.0,MEDIUM,22.0,True,83.313,27.348,28.45,27.515,4.0,1,True,False,True,37.8,5.0,26.76111111111111,43.28819444444444,False,False,False,False,False,True,84.447,85.36690226114654,-0.9199022611465324
2025,Monza,R,LEC,16,Ferrari,23.0,1.0,MEDIUM,23.0,True,83.152,27.243,28.354,27.555,4.0,1,True,False,True,39.6,5.0,26.76111111111111,43.28819444444444,False,False,False,False,False,True,84.34,85.36690226114654,-1.0269022611465317
2025,Monza,R,LEC,16,Ferrari,24.0,1.0,MEDIUM,24.0,True,83.263,27.41,28.33,27.523,4.0,1,True,False,True,41.4,5.0,26.76111111111111,43.28819444444444,False,False,False,False,False,True,84.50500000000001,85.36690226114654,-0.8619022611465255
2025,Monza,R,LEC,16,Ferrari,25.0,1.0,MEDIUM,25.0,True,83.111,27.296,28.31,27.505,4.0,1,True,False,True,43.2,5.0,26.76111111111111,43.28819444444444,False,False,False,False,False,True,84.40700000000001,85.36690226114654,-0.9599022611465244
2025,Monza,R,LEC,16,Ferrari,26.0,1.0,MEDIUM,26.0,True,83.374,27.437,28.438,27.499,4.0,1,True,False,True,45.0,5.0,26.76111111111111,43.28819444444444,False,False,False,False,False,True,84.72399999999999,85.36690226114654,-0.6429022611465456
2025,Monza,R,LEC,16,Ferrari,27.0,1.0,MEDIUM,27.0,True,82.98,27.327,28.242,27.411,4.0,1,True,False,True,46.8,5.0,26.76111111111111,43.28819444444444,False,False,False,False,False,True,84.384,85.36690226114654,-0.9829022611465348
2025,Monza,R,LEC,16,Ferrari,28.0,1.0,MEDIUM,28.0,True,83.093,27.377,28.225,27.491,4.0,1,True,False,True,48.6,5.0,26.76111111111111,43.28819444444444,False,False,False,False,False,True,84.551,85.36690226114654,-0.8159022611465332
2025,Monza,R,LEC,16,Ferrari,29.0,1.0,MEDIUM,29.0,True,82.736,27.232,28.215,27.289,4.0,1,True,False,True,50.4,5.0,26.76111111111111,43.28819444444444,False,False,False,False,False,True,84.248,85.36690226114654,-1.1189022611465305
2025,Monza,R,LEC,16,Ferrari,30.0,1.0,MEDIUM,30.0,True,82.972,27.316,28.281,27.375,4.0,1,True,False,True,52.2,5.0,26.76111111111111,43.28819444444444,False,False,False,False,False,True,84.538,85.36690226114654,-0.8289022611465384
2025,Monza,R,LEC,16,Ferrari,31.0,1.0,MEDIUM,31.0,True,82.857,27.314,28.133,27.41,4.0,1,True,False,True,54.0,5.0,26.76111111111111,43.28819444444444,False,False,False,False,False,True,84.477,85.36690226114654,-0.8899022611465313
2025,Monza,R,LEC,16,Ferrari,32.0,1.0,MEDIUM,32.0,True,82.975,27.279,28.197,27.499,4.0,1,True,False,True,55.8,5.0,26.76111111111111,43.28819444444444,False,False,False,False,False,True,84.649,85.36690226114654,-0.7179022611465342
2025,Monza,R,LEC,16,Ferrari,35.0,2.0,HARD,2.0,True,82.17,27.134,27.818,27.218,6.0,1,True,False,True,61.2,5.0,26.76111111111111,43.28819444444444,False,False,False,False,False,True,84.006,85.78222102066128,-1.776221020661282
2025,Monza,R,LEC,16,Ferrari,36.0,2.0,HARD,3.0,True,82.361,27.131,28.028,27.202,6.0,1,True,False,True,63.0,5.0,26.76111111111111,43.28819444444444,False,False,False,False,False,True,84.251,85.78222102066128,-1.5312210206612775
2025,Monza,R,LEC,16,Ferrari,37.0,2.0,HARD,4.0,True,82.374,27.15,28.004,27.22,6.0,1,True,False,True,64.8,5.0,26.76111111111111,43.28819444444444,False,False,False,False,False,True,84.318,85.78222102066128,-1.4642210206612845
2025,Monza,R,LEC,16,Ferrari,38.0,2.0,HARD,5.0,True,82.125,27.066,27.938,27.121,6.0,1,True,False,True,66.60000000000001,5.0,26.76111111111111,43.28819444444444,False,False,False,False,False,True,84.123,85.78222102066128,-1.6592210206612776
2025,Monza,R,LEC,16,Ferrari,39.0,2.0,HARD,6.0,True,82.431,27.122,28.053,27.256,5.0,1,True,False,True,68.4,5.0,26.76111111111111,43.28819444444444,False,False,False,False,False,True,84.483,85.78222102066128,-1.2992210206612782
2025,Monza,R,LEC,16,Ferrari,41.0,2.0,HARD,8.0,True,82.272,26.991,28.015,27.266,4.0,1,True,False,True,72.0,5.0,26.76111111111111,43.28819444444444,False,False,False,False,False,True,84.432,85.78222102066128,-1.3502210206612801
2025,Monza,R,LEC,16,Ferrari,42.0,2.0,HARD,9.0,True,82.035,27.08,27.854,27.101,4.0,1,True,False,True,73.8,5.0,26.76111111111111,43.28819444444444,False,False,False,False,False,True,84.249,85.78222102066128,-1.533221020661287
2025,Monza,R,LEC,16,Ferrari,43.0,2.0,HARD,10.0,True,81.818,27.094,27.743,26.981,4.0,1,True,False,True,75.60000000000001,5.0,26.76111111111111,43.28819444444444,False,False,False,False,False,True,84.086,85.78222102066128,-1.6962210206612838
2025,Monza,R,LEC,16,Ferrari,44.0,2.0,HARD,11.0,True,81.738,27.037,27.683,27.018,4.0,1,True,False,True,77.4,5.0,26.76111111111111,43.28819444444444,False,False,False,False,False,True,84.06,85.78222102066128,-1.72222102066128
2025,Monza,R,LEC,16,Ferrari,45.0,2.0,HARD,12.0,True,81.673,26.998,27.708,26.967,4.0,1,True,False,True,79.2,5.0,26.76111111111111,43.28819444444444,False,False,False,False,False,True,84.049,85.78222102066128,-1.7332210206612757
2025,Monza,R,LEC,16,Ferrari,46.0,2.0,HARD,13.0,True,81.975,27.034,27.926,27.015,4.0,1,True,False,True,81.0,5.0,26.76111111111111,43.28819444444444,False,False,False,False,False,True,84.405,85.78222102066128,-1.3772210206612812
2025,Monza,R,LEC,16,Ferrari,47.0,2.0,HARD,14.0,True,81.846,27.047,27.755,27.044,4.0,1,True,False,True,82.8,5.0,26.76111111111111,43.28819444444444,False,False,False,False,False,True,84.33,85.78222102066128,-1.452221020661284
2025,Monza,R,LEC,16,Ferrari,48.0,2.0,HARD,15.0,True,81.586,26.902,27.719,26.965,4.0,1,True,False,True,84.60000000000001,5.0,26.76111111111111,43.28819444444444,False,False,False,False,False,True,84.124,85.78222102066128,-1.658221020661287
2025,Monza,R,LEC,16,Ferrari,49.0,2.0,HARD,16.0,True,82.219,27.281,27.846,27.092,4.0,1,True,False,True,86.4,5.0,26.76111111111111,43.28819444444444,False,False,False,False,False,True,84.81099999999999,85.78222102066128,-0.9712210206612895
2025,Monza,R,LEC,16,Ferrari,50.0,2.0,HARD,17.0,True,81.575,26.898,27.712,26.965,4.0,1,True,False,True,88.2,5.0,26.76111111111111,43.28819444444444,False,False,False,False,False,True,84.221,85.78222102066128,-1.5612210206612787
2025,Monza,R,LEC,16,Ferrari,51.0,2.0,HARD,18.0,True,81.901,27.022,27.726,27.153,4.0,1,True,False,True,90.0,5.0,26.76111111111111,43.28819444444444,False,False,False,False,False,True,84.601,85.78222102066128,-1.1812210206612832
2025,Monza,R,LEC,16,Ferrari,52.0,2.0,HARD,19.0,True,81.913,27.031,27.73,27.152,4.0,1,True,False,True,91.8,5.0,26.76111111111111,43.28819444444444,False,False,False,False,False,True,84.667,85.78222102066128,-1.1152210206612807
2025,Monza,R,LEC,16,Ferrari,53.0,2.0,HARD,20.0,True,81.294,26.839,27.546,26.909,4.0,1,True,False,True,93.6,5.0,26.76111111111111,43.28819444444444,False,False,False,False,False,True,84.102,85.78222102066128,-1.6802210206612784
2025,Monza,R,RUS,63,Mercedes,2.0,1.0,MEDIUM,2.0,True,85.309,27.677,29.339,28.293,5.0,1,True,False,True,1.8,5.0,26.76111111111111,43.28819444444444,False,False,False,False,False,True,85.363,85.36690226114654,-0.0039022611465355794
2025,Monza,R,RUS,63,Mercedes,3.0,1.0,MEDIUM,3.0,True,85.346,28.305,29.054,27.987,5.0,1,True,False,True,3.6,5.0,26.76111111111111,43.28819444444444,False,False,False,False,False,True,85.45400000000001,85.36690226114654,0.0870977388534726
2025,Monza,R,RUS,63,Mercedes,4.0,1.0,MEDIUM,4.0,True,84.513,27.405,29.093,28.015,5.0,1,True,False,True,5.4,5.0,26.76111111111111,43.28819444444444,False,False,False,False,False,True,84.67500000000001,85.36690226114654,-0.6919022611465238
2025,Monza,R,RUS,63,Mercedes,5.0,1.0,MEDIUM,5.0,True,84.344,27.428,28.862,28.054,5.0,1,True,False,True,7.2,5.0,26.76111111111111,43.28819444444444,False,False,False,False,False,True,84.55999999999999,85.36690226114654,-0.8069022611465471
2025,Monza,R,RUS,63,Mercedes,6.0,1.0,MEDIUM,6.0,True,84.457,27.492,28.842,28.123,5.0,1,True,False,True,9.0,5.0,26.76111111111111,43.28819444444444,False,False,False,False,False,True,84.72699999999999,85.36690226114654,-0.6399022611465455
2025,Monza,R,RUS,63,Mercedes,7.0,1.0,MEDIUM,7.0,True,83.94,27.355,28.744,27.841,5.0,1,True,False,True,10.8,5.0,26.76111111111111,43.28819444444444,False,False,False,False,False,True,84.264,85.36690226114654,-1.1029022611465393
2025,Monza,R,RUS,63,Mercedes,8.0,1.0,MEDIUM,8.0,True,83.88,27.538,28.622,27.72,5.0,1,True,False,True,12.6,5.0,26.76111111111111,43.28819444444444,False,False,False,False,False,True,84.258,85.36690226114654,-1.1089022611465396
2025,Monza,R,RUS,63,Mercedes,9.0,1.0,MEDIUM,9.0,True,84.068,27.399,28.738,27.931,5.0,1,True,False,True,14.4,5.0,26.76111111111111,43.28819444444444,False,False,False,False,False,True,84.5,85.36690226114654,-0.8669022611465351
2025,Monza,R,RUS,63,Mercedes,10.0,1.0,MEDIUM,10.0,True,84.347,27.309,29.084,27.954,5.0,1,True,False,True,16.2,5.0,26.76111111111111,43.28819444444444,False,False,False,False,False,True,84.833,85.36690226114654,-0.5339022611465367
2025,Monza,R,RUS,63,Mercedes,11.0,1.0,MEDIUM,11.0,True,84.124,27.537,28.76,27.827,5.0,1,True,False,True,18.0,5.0,26.76111111111111,43.28819444444444,False,False,False,False,False,True,84.664,85.36690226114654,-0.7029022611465336
2025,Monza,R,RUS,63,Mercedes,12.0,1.0,MEDIUM,12.0,True,83.83,27.421,28.577,27.832,5.0,1,True,False,True,19.8,5.0,26.76111111111111,43.28819444444444,False,False,False,False,False,True,84.42399999999999,85.36690226114654,-0.9429022611465427
2025,Monza,R,RUS,63,Mercedes,13.0,1.0,MEDIUM,13.0,True,83.569,27.362,28.492,27.715,5.0,1,True,False,True,21.6,5.0,26.76111111111111,43.28819444444444,False,False,False,False,False,True,84.217,85.36690226114654,-1.1499022611465364
2025,Monza,R,RUS,63,Mercedes,14.0,1.0,MEDIUM,14.0,True,83.932,27.427,28.653,27.852,5.0,1,True,False,True,23.4,5.0,26.76111111111111,43.28819444444444,False,False,False,False,False,True,84.634,85.36690226114654,-0.7329022611465348
2025,Monza,R,RUS,63,Mercedes,15.0,1.0,MEDIUM,15.0,True,83.837,27.415,28.686,27.736,5.0,1,True,False,True,25.2,5.0,26.76111111111111,43.28819444444444,False,False,False,False,False,True,84.593,85.36690226114654,-0.7739022611465316
2025,Monza,R,RUS,63,Mercedes,16.0,1.0,MEDIUM,16.0,True,83.876,27.364,28.616,27.896,5.0,1,True,False,True,27.0,5.0,26.76111111111111,43.28819444444444,False,False,False,False,False,True,84.686,85.36690226114654,-0.6809022611465281
2025,Monza,R,RUS,63,Mercedes,17.0,1.0,MEDIUM,17.0,True,83.786,27.409,28.565,27.812,5.0,1,True,False,True,28.8,5.0,26.76111111111111,43.28819444444444,False,False,False,False,False,True,84.65,85.36690226114654,-0.7169022611465294
2025,Monza,R,RUS,63,Mercedes,18.0,1.0,MEDIUM,18.0,True,83.656,27.445,28.558,27.653,5.0,1,True,False,True,30.6,5.0,26.76111111111111,43.28819444444444,False,False,False,False,False,True,84.57400000000001,85.36690226114654,-0.7929022611465228
2025,Monza,R,RUS,63,Mercedes,19.0,1.0,MEDIUM,19.0,True,83.756,27.43,28.573,27.753,5.0,1,True,False,True,32.4,5.0,26.76111111111111,43.28819444444444,False,False,False,False,False,True,84.728,85.36690226114654,-0.6389022611465407
2025,Monza,R,RUS,63,Mercedes,20.0,1.0,MEDIUM,20.0,True,83.588,27.415,28.547,27.626,5.0,1,True,False,True,34.2,5.0,26.76111111111111,43.28819444444444,False,False,False,False,False,True,84.61399999999999,85.36690226114654,-0.752902261146545
2025,Monza,R,RUS,63,Mercedes,21.0,1.0,MEDIUM,21.0,True,83.432,27.407,28.487,27.538,5.0,1,True,False,True,36.0,5.0,26.76111111111111,43.28819444444444,False,False,False,False,False,True,84.512,85.36690226114654,-0.8549022611465347
2025,Monza,R,RUS,63,Mercedes,22.0,1.0,MEDIUM,22.0,True,83.479,27.409,28.421,27.649,5.0,1,True,False,True,37.8,5.0,26.76111111111111,43.28819444444444,False,False,False,False,False,True,84.613,85.36690226114654,-0.7539022611465356
2025,Monza,R,RUS,63,Mercedes,23.0,1.0,MEDIUM,23.0,True,83.641,27.384,28.526,27.731,5.0,1,True,False,True,39.6,5.0,26.76111111111111,43.28819444444444,False,False,False,False,False,True,84.82900000000001,85.36690226114654,-0.5379022611465274
2025,Monza,R,RUS,63,Mercedes,24.0,1.0,MEDIUM,24.0,True,83.638,27.437,28.516,27.685,5.0,1,True,False,True,41.4,5.0,26.76111111111111,43.28819444444444,False,False,False,False,False,True,84.88000000000001,85.36690226114654,-0.48690226114652546
2025,Monza,R,RUS,63,Mercedes,25.0,1.0,MEDIUM,25.0,True,83.765,27.487,28.621,27.657,5.0,1,True,False,True,43.2,5.0,26.76111111111111,43.28819444444444,False,False,False,False,False,True,85.061,85.36690226114654,-0.3059022611465281
2025,Monza,R,RUS,63,Mercedes,26.0,1.0,MEDIUM,26.0,True,83.98,27.56,28.69,27.73,5.0,1,True,False,True,45.0,5.0,26.76111111111111,43.28819444444444,False,False,False,False,False,True,85.33,85.36690226114654,-0.03690226114653683
2025,Monza,R,RUS,63,Mercedes,29.0,2.0,HARD,2.0,True,82.421,27.121,28.019,27.281,11.0,1,True,False,True,50.4,5.0,26.76111111111111,43.28819444444444,False,False,False,False,False,True,83.933,85.78222102066128,-1.8492210206612754
2025,Monza,R,RUS,63,Mercedes,30.0,2.0,HARD,3.0,True,82.601,27.277,28.084,27.24,11.0,1,True,False,True,52.2,5.0,26.76111111111111,43.28819444444444,False,False,False,False,False,True,84.167,85.78222102066128,-1.6152210206612807
2025,Monza,R,RUS,63,Mercedes,31.0,2.0,HARD,4.0,True,82.659,27.268,28.089,27.302,10.0,1,True,False,True,54.0,5.0,26.76111111111111,43.28819444444444,False,False,False,False,False,True,84.27900000000001,85.78222102066128,-1.5032210206612717
2025,Monza,R,RUS,63,Mercedes,32.0,2.0,HARD,5.0,True,82.701,27.273,28.127,27.301,9.0,1,True,False,True,55.8,5.0,26.76111111111111,43.28819444444444,False,False,False,False,False,True,84.375,85.78222102066128,-1.4072210206612823
2025,Monza,R,RUS,63,Mercedes,33.0,2.0,HARD,6.0,True,82.473,27.182,28.026,27.265,9.0,1,True,False,True,57.6,5.0,26.76111111111111,43.28819444444444,False,False,False,False,False,True,84.201,85.78222102066128,-1.581221020661289
2025,Monza,R,RUS,63,Mercedes,34.0,2.0,HARD,7.0,True,82.49,27.19,27.995,27.305,9.0,1,True,False,True,59.4,5.0,26.76111111111111,43.28819444444444,False,False,False,False,False,True,84.27199999999999,85.78222102066128,-1.510221020661291
2025,Monza,R,RUS,63,Mercedes,35.0,2.0,HARD,8.0,True,82.847,27.359,28.187,27.301,8.0,1,True,False,True,61.2,5.0,26.76111111111111,43.28819444444444,False,False,False,False,False,True,84.68299999999999,85.78222102066128,-1.0992210206612896
2025,Monza,R,RUS,63,Mercedes,36.0,2.0,HARD,9.0,True,82.248,26.963,28.098,27.187,7.0,1,True,False,True,63.0,5.0,26.76111111111111,43.28819444444444,False,False,False,False,False,True,84.138,85.78222102066128,-1.644221020661277
2025,Monza,R,RUS,63,Mercedes,37.0,2.0,HARD,10.0,True,82.562,27.269,28.107,27.186,7.0,1,True,False,True,64.8,5.0,26.76111111111111,43.28819444444444,False,False,False,False,False,True,84.506,85.78222102066128,-1.276221020661282
2025,Monza,R,RUS,63,Mercedes,38.0,2.0,HARD,11.0,True,82.43,27.299,27.953,27.178,7.0,1,True,False,True,66.60000000000001,5.0,26.76111111111111,43.28819444444444,False,False,False,False,False,True,84.42800000000001,85.78222102066128,-1.3542210206612708
2025,Monza,R,RUS,63,Mercedes,39.0,2.0,HARD,12.0,True,82.341,27.253,27.915,27.173,6.0,1,True,False,True,68.4,5.0,26.76111111111111,43.28819444444444,False,False,False,False,False,True,84.393,85.78222102066128,-1.3892210206612816
2025,Monza,R,RUS,63,Mercedes,41.0,2.0,HARD,14.0,True,82.008,27.204,27.773,27.031,6.0,1,True,False,True,72.0,5.0,26.76111111111111,43.28819444444444,False,False,False,False,False,True,84.16799999999999,85.78222102066128,-1.6142210206612901
2025,Monza,R,RUS,63,Mercedes,42.0,2.0,HARD,15.0,True,81.912,27.13,27.749,27.033,5.0,1,True,False,True,73.8,5.0,26.76111111111111,43.28819444444444,False,False,False,False,False,True,84.126,85.78222102066128,-1.6562210206612775
2025,Monza,R,RUS,63,Mercedes,43.0,2.0,HARD,16.0,True,81.984,27.155,27.734,27.095,5.0,1,True,False,True,75.60000000000001,5.0,26.76111111111111,43.28819444444444,False,False,False,False,False,True,84.252,85.78222102066128,-1.530221020661287
2025,Monza,R,RUS,63,Mercedes,44.0,2.0,HARD,17.0,True,82.048,27.125,27.838,27.085,5.0,1,True,False,True,77.4,5.0,26.76111111111111,43.28819444444444,False,False,False,False,False,True,84.37,85.78222102066128,-1.4122210206612777
2025,Monza,R,RUS,63,Mercedes,45.0,2.0,HARD,18.0,True,81.8,27.082,27.722,26.996,5.0,1,True,False,True,79.2,5.0,26.76111111111111,43.28819444444444,False,False,False,False,False,True,84.176,85.78222102066128,-1.6062210206612804
2025,Monza,R,RUS,63,Mercedes,46.0,2.0,HARD,19.0,True,81.922,27.147,27.649,27.126,5.0,1,True,False,True,81.0,5.0,26.76111111111111,43.28819444444444,False,False,False,False,False,True,84.352,85.78222102066128,-1.4302210206612784
2025,Monza,R,RUS,63,Mercedes,47.0,2.0,HARD,20.0,True,81.813,27.159,27.676,26.978,5.0,1,True,False,True,82.8,5.0,26.76111111111111,43.28819444444444,False,False,False,False,False,True,84.297,85.78222102066128,-1.4852210206612853
2025,Monza,R,RUS,63,Mercedes,48.0,2.0,HARD,21.0,True,82.496,27.43,27.978,27.088,5.0,1,True,False,True,84.60000000000001,5.0,26.76111111111111,43.28819444444444,False,False,False,False,False,True,85.03399999999999,85.78222102066128,-0.7482210206612905
2025,Monza,R,RUS,63,Mercedes,49.0,2.0,HARD,22.0,True,81.965,27.219,27.675,27.071,5.0,1,True,False,True,86.4,5.0,26.76111111111111,43.28819444444444,False,False,False,False,False,True,84.557,85.78222102066128,-1.2252210206612801
2025,Monza,R,RUS,63,Mercedes,50.0,2.0,HARD,23.0,True,81.961,27.196,27.752,27.013,5.0,1,True,False,True,88.2,5.0,26.76111111111111,43.28819444444444,False,False,False,False,False,True,84.607,85.78222102066128,-1.175221020661283
2025,Monza,R,RUS,63,Mercedes,51.0,2.0,HARD,24.0,True,82.311,27.278,27.862,27.171,5.0,1,True,False,True,90.0,5.0,26.76111111111111,43.28819444444444,False,False,False,False,False,True,85.01100000000001,85.78222102066128,-0.7712210206612724
2025,Monza,R,RUS,63,Mercedes,52.0,2.0,HARD,25.0,True,82.072,27.131,27.796,27.145,5.0,1,True,False,True,91.8,5.0,26.76111111111111,43.28819444444444,False,False,False,False,False,True,84.82600000000001,85.78222102066128,-0.9562210206612747
2025,Monza,R,RUS,63,Mercedes,53.0,2.0,HARD,26.0,True,81.888,27.146,27.761,26.981,5.0,1,True,False,True,93.6,5.0,26.76111111111111,43.28819444444444,False,False,False,False,False,True,84.696,85.78222102066128,-1.0862210206612843
2025,Monza,R,HAM,44,Ferrari,2.0,1.0,MEDIUM,2.0,True,85.502,27.501,29.625,28.376,8.0,1,True,False,True,1.8,5.0,26.76111111111111,43.28819444444444,False,False,False,False,False,True,85.556,85.36690226114654,0.18909773885346226
2025,Monza,R,HAM,44,Ferrari,3.0,1.0,MEDIUM,3.0,True,85.486,27.463,29.717,28.306,8.0,1,True,False,True,3.6,5.0,26.76111111111111,43.28819444444444,False,False,False,False,False,True,85.59400000000001,85.36690226114654,0.22709773885347317
2025,Monza,R,HAM,44,Ferrari,4.0,1.0,MEDIUM,4.0,True,84.744,27.415,29.339,27.99,8.0,1,True,False,True,5.4,5.0,26.76111111111111,43.28819444444444,False,False,False,False,False,True,84.906,85.36690226114654,-0.4609022611465292
2025,Monza,R,HAM,44,Ferrari,5.0,1.0,MEDIUM,5.0,True,83.942,26.922,29.052,27.968,7.0,1,True,False,True,7.2,5.0,26.76111111111111,43.28819444444444,False,False,False,False,False,True,84.15799999999999,85.36690226114654,-1.208902261146548
2025,Monza,R,HAM,44,Ferrari,6.0,1.0,MEDIUM,6.0,True,84.175,27.175,28.891,28.109,7.0,1,True,False,True,9.0,5.0,26.76111111111111,43.28819444444444,False,False,False,False,False,True,84.445,85.36690226114654,-0.921902261146542
2025,Monza,R,HAM,44,Ferrari,7.0,1.0,MEDIUM,7.0,True,84.057,26.956,28.949,28.152,6.0,1,True,False,True,10.8,5.0,26.76111111111111,43.28819444444444,False,False,False,False,False,True,84.381,85.36690226114654,-0.9859022611465349
2025,Monza,R,HAM,44,Ferrari,8.0,1.0,MEDIUM,8.0,True,84.646,27.378,29.043,28.225,6.0,1,True,False,True,12.6,5.0,26.76111111111111,43.28819444444444,False,False,False,False,False,True,85.024,85.36690226114654,-0.3429022611465342
2025,Monza,R,HAM,44,Ferrari,9.0,1.0,MEDIUM,9.0,True,83.894,27.281,28.742,27.871,6.0,1,True,False,True,14.4,5.0,26.76111111111111,43.28819444444444,False,False,False,False,False,True,84.32600000000001,85.36690226114654,-1.0409022611465275
2025,Monza,R,HAM,44,Ferrari,10.0,1.0,MEDIUM,10.0,True,83.824,27.292,28.601,27.931,6.0,1,True,False,True,16.2,5.0,26.76111111111111,43.28819444444444,False,False,False,False,False,True,84.31,85.36690226114654,-1.0569022611465329
2025,Monza,R,HAM,44,Ferrari,11.0,1.0,MEDIUM,11.0,True,83.876,27.302,28.721,27.853,6.0,1,True,False,True,18.0,5.0,26.76111111111111,43.28819444444444,False,False,False,False,False,True,84.41600000000001,85.36690226114654,-0.9509022611465241
2025,Monza,R,HAM,44,Ferrari,12.0,1.0,MEDIUM,12.0,True,84.336,27.19,29.13,28.016,6.0,1,True,False,True,19.8,5.0,26.76111111111111,43.28819444444444,False,False,False,False,False,True,84.92999999999999,85.36690226114654,-0.4369022611465425
2025,Monza,R,HAM,44,Ferrari,13.0,1.0,MEDIUM,13.0,True,84.591,27.642,28.932,28.017,6.0,1,True,False,True,21.6,5.0,26.76111111111111,43.28819444444444,False,False,False,False,False,True,85.23899999999999,85.36690226114654,-0.12790226114654502
2025,Monza,R,HAM,44,Ferrari,14.0,1.0,MEDIUM,14.0,True,83.879,27.329,28.646,27.904,6.0,1,True,False,True,23.4,5.0,26.76111111111111,43.28819444444444,False,False,False,False,False,True,84.581,85.36690226114654,-0.785902261146532
2025,Monza,R,HAM,44,Ferrari,15.0,1.0,MEDIUM,15.0,True,83.54,27.185,28.574,27.781,6.0,1,True,False,True,25.2,5.0,26.76111111111111,43.28819444444444,False,False,False,False,False,True,84.296,85.36690226114654,-1.0709022611465286
2025,Monza,R,HAM,44,Ferrari,16.0,1.0,MEDIUM,16.0,True,83.743,27.213,28.646,27.884,6.0,1,True,False,True,27.0,5.0,26.76111111111111,43.28819444444444,False,False,False,False,False,True,84.553,85.36690226114654,-0.8139022611465379
2025,Monza,R,HAM,44,Ferrari,17.0,1.0,MEDIUM,17.0,True,83.689,27.327,28.653,27.709,6.0,1,True,False,True,28.8,5.0,26.76111111111111,43.28819444444444,False,False,False,False,False,True,84.553,85.36690226114654,-0.8139022611465379
2025,Monza,R,HAM,44,Ferrari,18.0,1.0,MEDIUM,18.0,True,83.702,27.272,28.633,27.797,6.0,1,True,False,True,30.6,5.0,26.76111111111111,43.28819444444444,False,False,False,False,False,True,84.62,85.36690226114654,-0.7469022611465306
2025,Monza,R,HAM,44,Ferrari,19.0,1.0,MEDIUM,19.0,True,83.513,27.259,28.542,27.712,6.0,1,True,False,True,32.4,5.0,26.76111111111111,43.28819444444444,False,False,False,False,False,True,84.485,85.36690226114654,-0.8819022611465357
2025,Monza,R,HAM,44,Ferrari,20.0,1.0,MEDIUM,20.0,True,83.408,27.232,28.548,27.628,6.0,1,True,False,True,34.2,5.0,26.76111111111111,43.28819444444444,False,False,False,False,False,True,84.434,85.36690226114654,-0.9329022611465376
2025,Monza,R,HAM,44,Ferrari,21.0,1.0,MEDIUM,21.0,True,83.472,27.259,28.512,27.701,6.0,1,True,False,True,36.0,5.0,26.76111111111111,43.28819444444444,False,False,False,False,False,True,84.55199999999999,85.36690226114654,-0.8149022611465426
2025,Monza,R,HAM,44,Ferrari,22.0,1.0,MEDIUM,22.0,True,83.446,27.195,28.489,27.762,6.0,1,True,False,True,37.8,5.0,26.76111111111111,43.28819444444444,False,False,False,False,False,True,84.58,85.36690226114654,-0.7869022611465368
2025,Monza,R,HAM,44,Ferrari,23.0,1.0,MEDIUM,23.0,True,83.406,27.238,28.463,27.705,6.0,1,True,False,True,39.6,5.0,26.76111111111111,43.28819444444444,False,False,False,False,False,True,84.59400000000001,85.36690226114654,-0.7729022611465268
2025,Monza,R,HAM,44,Ferrari,24.0,1.0,MEDIUM,24.0,True,83.675,27.28,28.596,27.799,6.0,1,True,False,True,41.4,5.0,26.76111111111111,43.28819444444444,False,False,False,False,False,True,84.917,85.36690226114654,-0.44990226114653353
2025,Monza,R,HAM,44,Ferrari,25.0,1.0,MEDIUM,25.0,True,83.518,27.263,28.526,27.729,6.0,1,True,False,True,43.2,5.0,26.76111111111111,43.28819444444444,False,False,False,False,False,True,84.81400000000001,85.36690226114654,-0.552902261146528
2025,Monza,R,HAM,44,Ferrari,26.0,1.0,MEDIUM,26.0,True,83.961,27.347,28.813,27.801,6.0,1,True,False,True,45.0,5.0,26.76111111111111,43.28819444444444,False,False,False,False,False,True,85.31099999999999,85.36690226114654,-0.05590226114654229
2025,Monza,R,HAM,44,Ferrari,27.0,1.0,MEDIUM,27.0,True,83.412,27.386,28.431,27.595,5.0,1,True,False,True,46.8,5.0,26.76111111111111,43.28819444444444,False,False,False,False,False,True,84.816,85.36690226114654,-0.5509022611465326
2025,Monza,R,HAM,44,Ferrari,28.0,1.0,MEDIUM,28.0,True,83.398,27.393,28.349,27.656,5.0,1,True,False,True,48.6,5.0,26.76111111111111,43.28819444444444,False,False,False,False,False,True,84.856,85.36690226114654,-0.5109022611465406
2025,Monza,R,HAM,44,Ferrari,29.0,1.0,MEDIUM,29.0,True,83.044,27.242,28.294,27.508,5.0,1,True,False,True,50.4,5.0,26.76111111111111,43.28819444444444,False,False,False,False,False,True,84.556,85.36690226114654,-0.8109022611465377
2025,Monza,R,HAM,44,Ferrari,30.0,1.0,MEDIUM,30.0,True,83.463,27.352,28.513,27.598,5.0,1,True,False,True,52.2,5.0,26.76111111111111,43.28819444444444,False,False,False,False,False,True,85.029,85.36690226114654,-0.33790226114653876
2025,Monza,R,HAM,44,Ferrari,31.0,1.0,MEDIUM,31.0,True,83.636,27.504,28.46,27.672,5.0,1,True,False,True,54.0,5.0,26.76111111111111,43.28819444444444,False,False,False,False,False,True,85.256,85.36690226114654,-0.1109022611465349
2025,Monza,R,HAM,44,Ferrari,32.0,1.0,MEDIUM,32.0,True,83.208,27.345,28.302,27.561,5.0,1,True,False,True,55.8,5.0,26.76111111111111,43.28819444444444,False,False,False,False,False,True,84.882,85.36690226114654,-0.4849022611465301
2025,Monza,R,HAM,44,Ferrari,33.0,1.0,MEDIUM,33.0,True,83.01,27.322,28.251,27.437,5.0,1,True,False,True,57.6,5.0,26.76111111111111,43.28819444444444,False,False,False,False,False,True,84.738,85.36690226114654,-0.6289022611465356
2025,Monza,R,HAM,44,Ferrari,34.0,1.0,MEDIUM,34.0,True,83.291,27.341,28.41,27.54,4.0,1,True,False,True,59.4,5.0,26.76111111111111,43.28819444444444,False,False,False,False,False,True,85.073,85.36690226114654,-0.29390226114654183
2025,Monza,R,HAM,44,Ferrari,35.0,1.0,MEDIUM,35.0,True,82.992,27.297,28.189,27.506,4.0,1,True,False,True,61.2,5.0,26.76111111111111,43.28819444444444,False,False,False,False,False,True,84.828,85.36690226114654,-0.5389022611465322
2025,Monza,R,HAM,44,Ferrari,36.0,1.0,MEDIUM,36.0,True,82.99,27.25,28.266,27.474,4.0,1,True,False,True,63.0,5.0,26.76111111111111,43.28819444444444,False,False,False,False,False,True,84.88,85.36690226114654,-0.48690226114653967
2025,Monza,R,HAM,44,Ferrari,37.0,1.0,MEDIUM,37.0,True,82.878,27.195,28.127,27.556,4.0,1,True,False,True,64.8,5.0,26.76111111111111,43.28819444444444,False,False,False,False,False,True,84.822,85.36690226114654,-0.5449022611465324
2025,Monza,R,HAM,44,Ferrari,41.0,2.0,HARD,3.0,True,82.308,26.817,28.118,27.373,8.0,1,True,False,True,72.0,5.0,26.76111111111111,43.28819444444444,False,False,False,False,False,True,84.468,85.78222102066128,-1.3142210206612788
2025,Monza,R,HAM,44,Ferrari,42.0,2.0,HARD,4.0,True,81.898,26.794,27.931,27.173,6.0,1,True,False,True,73.8,5.0,26.76111111111111,43.28819444444444,False,False,False,False,False,True,84.112,85.78222102066128,-1.6702210206612875
2025,Monza,R,HAM,44,Ferrari,43.0,2.0,HARD,5.0,True,81.917,27.008,27.77,27.139,6.0,1,True,False,True,75.60000000000001,5.0,26.76111111111111,43.28819444444444,False,False,False,False,False,True,84.185,85.78222102066128,-1.59722102066128
2025,Monza,R,HAM,44,Ferrari,44.0,2.0,HARD,6.0,True,82.037,27.034,27.858,27.145,6.0,1,True,False,True,77.4,5.0,26.76111111111111,43.28819444444444,False,False,False,False,False,True,84.35900000000001,85.78222102066128,-1.4232210206612734
2025,Monza,R,HAM,44,Ferrari,45.0,2.0,HARD,7.0,True,81.83,26.941,27.801,27.088,6.0,1,True,False,True,79.2,5.0,26.76111111111111,43.28819444444444,False,False,False,False,False,True,84.206,85.78222102066128,-1.5762210206612792
2025,Monza,R,HAM,44,Ferrari,46.0,2.0,HARD,8.0,True,81.775,26.965,27.822,26.988,6.0,1,True,False,True,81.0,5.0,26.76111111111111,43.28819444444444,False,False,False,False,False,True,84.20500000000001,85.78222102066128,-1.5772210206612698
2025,Monza,R,HAM,44,Ferrari,47.0,2.0,HARD,9.0,True,81.657,27.049,27.657,26.951,6.0,1,True,False,True,82.8,5.0,26.76111111111111,43.28819444444444,False,False,False,False,False,True,84.14099999999999,85.78222102066128,-1.6412210206612912
2025,Monza,R,HAM,44,Ferrari,48.0,2.0,HARD,10.0,True,81.612,26.961,27.665,26.986,6.0,1,True,False,True,84.60000000000001,5.0,26.76111111111111,43.28819444444444,False,False,False,False,False,True,84.14999999999999,85.78222102066128,-1.6322210206612908
2025,Monza,R,HAM,44,Ferrari,49.0,2.0,HARD,11.0,True,81.701,27.052,27.634,27.015,6.0,1,True,False,True,86.4,5.0,26.76111111111111,43.28819444444444,False,False,False,False,False,True,84.29299999999999,85.78222102066128,-1.4892210206612901
2025,Monza,R,HAM,44,Ferrari,50.0,2.0,HARD,12.0,True,81.546,26.965,27.585,26.996,6.0,1,True,False,True,88.2,5.0,26.76111111111111,43.28819444444444,False,False,False,False,False,True,84.19200000000001,85.78222102066128,-1.590221020661275
2025,Monza,R,HAM,44,Ferrari,51.0,2.0,HARD,13.0,True,81.906,26.93,27.928,27.048,6.0,1,True,False,True,90.0,5.0,26.76111111111111,43.28819444444444,False,False,False,False,False,True,84.60600000000001,85.78222102066128,-1.1762210206612735
2025,Monza,R,HAM,44,Ferrari,52.0,2.0,HARD,14.0,True,81.743,26.905,27.793,27.045,6.0,1,True,False,True,91.8,5.0,26.76111111111111,43.28819444444444,False,False,False,False,False,True,84.497,85.78222102066128,-1.2852210206612824
2025,Monza,R,HAM,44,Ferrari,53.0,2.0,HARD,15.0,True,81.857,26.838,27.827,27.192,6.0,1,True,False,True,93.6,5.0,26.76111111111111,43.28819444444444,False,False,False,False,False,True,84.66499999999999,85.78222102066128,-1.1172210206612903
2025,Monza,R,ALB,23,Williams,2.0,1.0,HARD,2.0,True,85.762,27.809,29.38,28.573,13.0,1,True,False,True,1.8,5.0,26.76111111111111,43.28819444444444,False,False,False,False,False,True,85.816,85.78222102066128,0.033778979338720205
2025,Monza,R,ALB,23,Williams,3.0,1.0,HARD,3.0,True,85.238,27.41,29.424,28.404,13.0,1,True,False,True,3.6,5.0,26.76111111111111,43.28819444444444,False,False,False,False,False,True,85.346,85.78222102066128,-0.43622102066127866
2025,Monza,R,ALB,23,Williams,4.0,1.0,HARD,4.0,True,85.427,27.608,29.388,28.431,13.0,1,True,False,True,5.4,5.0,26.76111111111111,43.28819444444444,False,False,False,False,False,True,85.58900000000001,85.78222102066128,-0.19322102066126945
2025,Monza,R,ALB,23,Williams,5.0,1.0,HARD,5.0,True,84.598,27.17,29.072,28.356,13.0,1,True,False,True,7.2,5.0,26.76111111111111,43.28819444444444,False,False,False,False,False,True,84.814,85.78222102066128,-0.9682210206612893
2025,Monza,R,ALB,23,Williams,6.0,1.0,HARD,6.0,True,84.743,27.261,29.151,28.331,13.0,1,True,False,True,9.0,5.0,26.76111111111111,43.28819444444444,False,False,False,False,False,True,85.01299999999999,85.78222102066128,-0.7692210206612913
2025,Monza,R,ALB,23,Williams,7.0,1.0,HARD,7.0,True,84.736,27.422,29.028,28.286,13.0,1,True,False,True,10.8,5.0,26.76111111111111,43.28819444444444,False,False,False,False,False,True,85.06,85.78222102066128,-0.72222102066128
2025,Monza,R,ALB,23,Williams,8.0,1.0,HARD,8.0,True,84.553,27.502,28.825,28.226,13.0,1,True,False,True,12.6,5.0,26.76111111111111,43.28819444444444,False,False,False,False,False,True,84.931,85.78222102066128,-0.8512210206612849
2025,Monza,R,ALB,23,Williams,9.0,1.0,HARD,9.0,True,84.647,27.329,29.057,28.261,13.0,1,True,False,True,14.4,5.0,26.76111111111111,43.28819444444444,False,False,False,False,False,True,85.07900000000001,85.78222102066128,-0.7032210206612746
2025,Monza,R,ALB,23,Williams,10.0,1.0,HARD,10.0,True,84.453,27.291,28.873,28.289,13.0,1,True,False,True,16.2,5.0,26.76111111111111,43.28819444444444,False,False,False,False,False,True,84.93900000000001,85.78222102066128,-0.8432210206612751
2025,Monza,R,ALB,23,Williams,11.0,1.0,HARD,11.0,True,84.514,27.301,28.943,28.27,13.0,1,True,False,True,18.0,5.0,26.76111111111111,43.28819444444444,False,False,False,False,False,True,85.054,85.78222102066128,-0.7282210206612802
2025,Monza,R,ALB,23,Williams,12.0,1.0,HARD,12.0,True,84.559,27.34,28.945,28.274,13.0,1,True,False,True,19.8,5.0,26.76111111111111,43.28819444444444,False,False,False,False,False,True,85.15299999999999,85.78222102066128,-0.6292210206612907
2025,Monza,R,ALB,23,Williams,13.0,1.0,HARD,13.0,True,84.413,27.179,28.983,28.251,13.0,1,True,False,True,21.6,5.0,26.76111111111111,43.28819444444444,False,False,False,False,False,True,85.06099999999999,85.78222102066128,-0.7212210206612895
2025,Monza,R,ALB,23,Williams,14.0,1.0,HARD,14.0,True,84.212,27.215,28.863,28.134,13.0,1,True,False,True,23.4,5.0,26.76111111111111,43.28819444444444,False,False,False,False,False,True,84.914,85.78222102066128,-0.8682210206612808
2025,Monza,R,ALB,23,Williams,15.0,1.0,HARD,15.0,True,84.431,27.331,28.974,28.126,13.0,1,True,False,True,25.2,5.0,26.76111111111111,43.28819444444444,False,False,False,False,False,True,85.187,85.78222102066128,-0.5952210206612847
2025,Monza,R,ALB,23,Williams,16.0,1.0,HARD,16.0,True,84.499,27.216,28.982,28.301,13.0,1,True,False,True,27.0,5.0,26.76111111111111,43.28819444444444,False,False,False,False,False,True,85.309,85.78222102066128,-0.4732210206612848
2025,Monza,R,ALB,23,Williams,17.0,1.0,HARD,17.0,True,84.422,27.378,28.808,28.236,13.0,1,True,False,True,28.8,5.0,26.76111111111111,43.28819444444444,False,False,False,False,False,True,85.286,85.78222102066128,-0.49622102066128093
2025,Monza,R,ALB,23,Williams,18.0,1.0,HARD,18.0,True,84.738,27.301,29.115,28.322,12.0,1,True,False,True,30.6,5.0,26.76111111111111,43.28819444444444,False,False,False,False,False,True,85.656,85.78222102066128,-0.12622102066127638
2025,Monza,R,ALB,23,Williams,19.0,1.0,HARD,19.0,True,84.251,27.321,28.795,28.135,11.0,1,True,False,True,32.4,5.0,26.76111111111111,43.28819444444444,False,False,False,False,False,True,85.223,85.78222102066128,-0.5592210206612833
2025,Monza,R,ALB,23,Williams,20.0,1.0,HARD,20.0,True,84.239,27.23,28.76,28.249,11.0,1,True,False,True,34.2,5.0,26.76111111111111,43.28819444444444,False,False,False,False,False,True,85.265,85.78222102066128,-0.5172210206612817
2025,Monza,R,ALB,23,Williams,21.0,1.0,HARD,21.0,True,83.815,27.227,28.671,27.917,9.0,1,True,False,True,36.0,5.0,26.76111111111111,43.28819444444444,False,False,False,False,False,True,84.895,85.78222102066128,-0.8872210206612863
2025,Monza,R,ALB,23,Williams,22.0,1.0,HARD,22.0,True,83.738,27.25,28.586,27.902,9.0,1,True,False,True,37.8,5.0,26.76111111111111,43.28819444444444,False,False,False,False,False,True,84.872,85.78222102066128,-0.9102210206612824
2025,Monza,R,ALB,23,Williams,23.0,1.0,HARD,23.0,True,83.781,27.235,28.51,28.036,9.0,1,True,False,True,39.6,5.0,26.76111111111111,43.28819444444444,False,False,False,False,False,True,84.96900000000001,85.78222102066128,-0.813221020661274
2025,Monza,R,ALB,23,Williams,24.0,1.0,HARD,24.0,True,83.867,27.323,28.554,27.99,9.0,1,True,False,True,41.4,5.0,26.76111111111111,43.28819444444444,False,False,False,False,False,True,85.10900000000001,85.78222102066128,-0.6732210206612734
2025,Monza,R,ALB,23,Williams,25.0,1.0,HARD,25.0,True,83.726,27.292,28.635,27.799,8.0,1,True,False,True,43.2,5.0,26.76111111111111,43.28819444444444,False,False,False,False,False,True,85.022,85.78222102066128,-0.7602210206612767
2025,Monza,R,ALB,23,Williams,26.0,1.0,HARD,26.0,True,83.246,27.158,28.359,27.729,8.0,1,True,False,True,45.0,5.0,26.76111111111111,43.28819444444444,False,False,False,False,False,True,84.59599999999999,85.78222102066128,-1.1862210206612929
2025,Monza,R,ALB,23,Williams,27.0,1.0,HARD,27.0,True,83.723,27.489,28.484,27.75,8.0,1,True,False,True,46.8,5.0,26.76111111111111,43.28819444444444,False,False,False,False,False,True,85.127,85.78222102066128,-0.655221020661287
2025,Monza,R,ALB,23,Williams,28.0,1.0,HARD,28.0,True,83.349,27.348,28.35,27.651,6.0,1,True,False,True,48.6,5.0,26.76111111111111,43.28819444444444,False,False,False,False,False,True,84.807,85.78222102066128,-0.9752210206612801
2025,Monza,R,ALB,23,Williams,29.0,1.0,HARD,29.0,True,83.229,27.34,28.325,27.564,6.0,1,True,False,True,50.4,5.0,26.76111111111111,43.28819444444444,False,False,False,False,False,True,84.741,85.78222102066128,-1.0412210206612826
2025,Monza,R,ALB,23,Williams,30.0,1.0,HARD,30.0,True,83.129,27.261,28.315,27.553,6.0,1,True,False,True,52.2,5.0,26.76111111111111,43.28819444444444,False,False,False,False,False,True,84.69500000000001,85.78222102066128,-1.087221020661275
2025,Monza,R,ALB,23,Williams,31.0,1.0,HARD,31.0,True,83.005,27.302,28.148,27.555,6.0,1,True,False,True,54.0,5.0,26.76111111111111,43.28819444444444,False,False,False,False,False,True,84.625,85.78222102066128,-1.1572210206612823
2025,Monza,R,ALB,23,Williams,32.0,1.0,HARD,32.0,True,83.149,27.322,28.232,27.595,6.0,1,True,False,True,55.8,5.0,26.76111111111111,43.28819444444444,False,False,False,False,False,True,84.82300000000001,85.78222102066128,-0.9592210206612748
2025,Monza,R,ALB,23,Williams,33.0,1.0,HARD,33.0,True,82.995,27.208,28.145,27.642,6.0,1,True,False,True,57.6,5.0,26.76111111111111,43.28819444444444,False,False,False,False,False,True,84.723,85.78222102066128,-1.0592210206612833
2025,Monza,R,ALB,23,Williams,34.0,1.0,HARD,34.0,True,82.906,27.318,28.137,27.451,5.0,1,True,False,True,59.4,5.0,26.76111111111111,43.28819444444444,False,False,False,False,False,True,84.688,85.78222102066128,-1.09422102066128
2025,Monza,R,ALB,23,Williams,35.0,1.0,HARD,35.0,True,82.497,27.145,28.04,27.312,5.0,1,True,False,True,61.2,5.0,26.76111111111111,43.28819444444444,False,False,False,False,False,True,84.333,85.78222102066128,-1.4492210206612839
2025,Monza,R,ALB,23,Williams,36.0,1.0,HARD,36.0,True,82.609,27.24,28.092,27.277,5.0,1,True,False,True,63.0,5.0,26.76111111111111,43.28819444444444,False,False,False,False,False,True,84.499,85.78222102066128,-1.283221020661287
2025,Monza,R,ALB,23,Williams,37.0,1.0,HARD,37.0,True,82.729,27.241,28.068,27.42,5.0,1,True,False,True,64.8,5.0,26.76111111111111,43.28819444444444,False,False,False,False,False,True,84.673,85.78222102066128,-1.1092210206612805
2025,Monza,R,ALB,23,Williams,38.0,1.0,HARD,38.0,True,82.658,27.19,28.05,27.418,5.0,1,True,False,True,66.60000000000001,5.0,26.76111111111111,43.28819444444444,False,False,False,False,False,True,84.656,85.78222102066128,-1.1262210206612764
2025,Monza,R,ALB,23,Williams,39.0,1.0,HARD,39.0,True,82.673,27.182,28.129,27.362,4.0,1,True,False,True,68.4,5.0,26.76111111111111,43.28819444444444,False,False,False,False,False,True,84.72500000000001,85.78222102066128,-1.0572210206612738
2025,Monza,R,ALB,23,Williams,43.0,2.0,MEDIUM,2.0,True,81.899,26.841,27.758,27.3,10.0,1,True,False,True,75.60000000000001,5.0,26.76111111111111,43.28819444444444,False,False,False,False,False,True,84.167,85.36690226114654,-1.1999022611465335
2025,Monza,R,ALB,23,Williams,44.0,2.0,MEDIUM,3.0,True,82.126,27.122,27.76,27.244,9.0,1,True,False,True,77.4,5.0,26.76111111111111,43.28819444444444,False,False,False,False,False,True,84.44800000000001,85.36690226114654,-0.9189022611465276
2025,Monza,R,ALB,23,Williams,45.0,2.0,MEDIUM,4.0,True,82.034,27.055,27.747,27.232,9.0,1,True,False,True,79.2,5.0,26.76111111111111,43.28819444444444,False,False,False,False,False,True,84.41000000000001,85.36690226114654,-0.9569022611465243
2025,Monza,R,ALB,23,Williams,46.0,2.0,MEDIUM,5.0,True,81.745,26.924,27.648,27.173,9.0,1,True,False,True,81.0,5.0,26.76111111111111,43.28819444444444,False,False,False,False,False,True,84.17500000000001,85.36690226114654,-1.1919022611465238
2025,Monza,R,ALB,23,Williams,47.0,2.0,MEDIUM,6.0,True,81.63,26.927,27.65,27.053,9.0,1,True,False,True,82.8,5.0,26.76111111111111,43.28819444444444,False,False,False,False,False,True,84.11399999999999,85.36690226114654,-1.252902261146545
2025,Monza,R,ALB,23,Williams,48.0,2.0,MEDIUM,7.0,True,81.96,27.02,27.751,27.189,9.0,1,True,False,True,84.60000000000001,5.0,26.76111111111111,43.28819444444444,False,False,False,False,False,True,84.49799999999999,85.36690226114654,-0.8689022611465447
2025,Monza,R,ALB,23,Williams,49.0,2.0,MEDIUM,8.0,True,82.693,27.003,27.819,27.871,8.0,1,True,False,True,86.4,5.0,26.76111111111111,43.28819444444444,False,False,False,False,False,True,85.285,85.36690226114654,-0.08190226114653854
2025,Monza,R,ALB,23,Williams,50.0,2.0,MEDIUM,9.0,True,81.727,26.827,27.731,27.169,8.0,1,True,False,True,88.2,5.0,26.76111111111111,43.28819444444444,False,False,False,False,False,True,84.373,85.36690226114654,-0.9939022611465305
2025,Monza,R,ALB,23,Williams,51.0,2.0,MEDIUM,10.0,True,82.053,26.978,27.852,27.223,7.0,1,True,False,True,90.0,5.0,26.76111111111111,43.28819444444444,False,False,False,False,False,True,84.753,85.36690226114654,-0.613902261146535
2025,Monza,R,ALB,23,Williams,52.0,2.0,MEDIUM,11.0,True,81.848,26.8,27.909,27.139,7.0,1,True,False,True,91.8,5.0,26.76111111111111,43.28819444444444,False,False,False,False,False,True,84.602,85.36690226114654,-0.7649022611465313
2025,Monza,R,ALB,23,Williams,53.0,2.0,MEDIUM,12.0,True,81.368,26.863,27.678,26.827,7.0,1,True,False,True,93.6,5.0,26.76111111111111,43.28819444444444,False,False,False,False,False,True,84.17599999999999,85.36690226114654,-1.1909022611465474
2025,Monza,R,BOR,5,Kick Sauber,2.0,1.0,MEDIUM,2.0,True,84.823,27.588,28.937,28.298,6.0,1,True,False,True,1.8,5.0,26.76111111111111,43.28819444444444,False,False,False,False,False,True,84.877,85.36690226114654,-0.4899022611465398
2025,Monza,R,BOR,5,Kick Sauber,3.0,1.0,MEDIUM,3.0,True,85.354,27.553,29.583,28.218,6.0,1,True,False,True,3.6,5.0,26.76111111111111,43.28819444444444,False,False,False,False,False,True,85.462,85.36690226114654,0.09509773885346817
2025,Monza,R,BOR,5,Kick Sauber,4.0,1.0,MEDIUM,4.0,True,84.744,27.484,29.009,28.251,6.0,1,True,False,True,5.4,5.0,26.76111111111111,43.28819444444444,False,False,False,False,False,True,84.906,85.36690226114654,-0.4609022611465292
2025,Monza,R,BOR,5,Kick Sauber,5.0,1.0,MEDIUM,5.0,True,84.329,27.524,28.79,28.015,6.0,1,True,False,True,7.2,5.0,26.76111111111111,43.28819444444444,False,False,False,False,False,True,84.54499999999999,85.36690226114654,-0.8219022611465476
2025,Monza,R,BOR,5,Kick Sauber,6.0,1.0,MEDIUM,6.0,True,84.602,27.473,28.841,28.288,6.0,1,True,False,True,9.0,5.0,26.76111111111111,43.28819444444444,False,False,False,False,False,True,84.872,85.36690226114654,-0.49490226114653524
2025,Monza,R,BOR,5,Kick Sauber,7.0,1.0,MEDIUM,7.0,True,85.041,27.824,29.009,28.208,7.0,1,True,False,True,10.8,5.0,26.76111111111111,43.28819444444444,False,False,False,False,False,True,85.365,85.36690226114654,-0.0019022611465402406
2025,Monza,R,BOR,5,Kick Sauber,8.0,1.0,MEDIUM,8.0,True,84.729,27.585,28.901,28.243,7.0,1,True,False,True,12.6,5.0,26.76111111111111,43.28819444444444,False,False,False,False,False,True,85.107,85.36690226114654,-0.2599022611465358
2025,Monza,R,BOR,5,Kick Sauber,9.0,1.0,MEDIUM,9.0,True,84.431,27.405,28.944,28.082,7.0,1,True,False,True,14.4,5.0,26.76111111111111,43.28819444444444,False,False,False,False,False,True,84.863,85.36690226114654,-0.5039022611465356
2025,Monza,R,BOR,5,Kick Sauber,10.0,1.0,MEDIUM,10.0,True,84.517,27.729,28.736,28.052,7.0,1,True,False,True,16.2,5.0,26.76111111111111,43.28819444444444,False,False,False,False,False,True,85.003,85.36690226114654,-0.363902261146535
2025,Monza,R,BOR,5,Kick Sauber,11.0,1.0,MEDIUM,11.0,True,84.549,27.589,28.775,28.185,7.0,1,True,False,True,18.0,5.0,26.76111111111111,43.28819444444444,False,False,False,False,False,True,85.08900000000001,85.36690226114654,-0.2779022611465223
2025,Monza,R,BOR,5,Kick Sauber,12.0,1.0,MEDIUM,12.0,True,84.529,27.604,28.843,28.082,7.0,1,True,False,True,19.8,5.0,26.76111111111111,43.28819444444444,False,False,False,False,False,True,85.12299999999999,85.36690226114654,-0.24390226114654467
2025,Monza,R,BOR,5,Kick Sauber,13.0,1.0,MEDIUM,13.0,True,84.638,27.608,28.877,28.153,7.0,1,True,False,True,21.6,5.0,26.76111111111111,43.28819444444444,False,False,False,False,False,True,85.286,85.36690226114654,-0.08090226114653376
2025,Monza,R,BOR,5,Kick Sauber,14.0,1.0,MEDIUM,14.0,True,84.327,27.531,28.759,28.037,7.0,1,True,False,True,23.4,5.0,26.76111111111111,43.28819444444444,False,False,False,False,False,True,85.029,85.36690226114654,-0.33790226114653876
2025,Monza,R,BOR,5,Kick Sauber,15.0,1.0,MEDIUM,15.0,True,84.385,27.489,28.761,28.135,7.0,1,True,False,True,25.2,5.0,26.76111111111111,43.28819444444444,False,False,False,False,False,True,85.141,85.36690226114654,-0.22590226114652978
2025,Monza,R,BOR,5,Kick Sauber,16.0,1.0,MEDIUM,16.0,True,84.127,27.412,28.74,27.975,7.0,1,True,False,True,27.0,5.0,26.76111111111111,43.28819444444444,False,False,False,False,False,True,84.937,85.36690226114654,-0.4299022611465375
2025,Monza,R,BOR,5,Kick Sauber,17.0,1.0,MEDIUM,17.0,True,84.202,27.485,28.682,28.035,7.0,1,True,False,True,28.8,5.0,26.76111111111111,43.28819444444444,False,False,False,False,False,True,85.066,85.36690226114654,-0.3009022611465326
2025,Monza,R,BOR,5,Kick Sauber,18.0,1.0,MEDIUM,18.0,True,84.241,27.554,28.682,28.005,7.0,1,True,False,True,30.6,5.0,26.76111111111111,43.28819444444444,False,False,False,False,False,True,85.159,85.36690226114654,-0.2079022611465291
2025,Monza,R,BOR,5,Kick Sauber,19.0,1.0,MEDIUM,19.0,True,84.232,27.528,28.702,28.002,7.0,1,True,False,True,32.4,5.0,26.76111111111111,43.28819444444444,False,False,False,False,False,True,85.204,85.36690226114654,-0.1629022611465416
2025,Monza,R,BOR,5,Kick Sauber,22.0,2.0,HARD,2.0,True,83.917,27.364,28.691,27.862,16.0,1,True,False,True,37.8,5.0,26.76111111111111,43.28819444444444,False,False,False,False,False,True,85.051,85.78222102066128,-0.7312210206612804
2025,Monza,R,BOR,5,Kick Sauber,23.0,2.0,HARD,3.0,True,83.815,27.473,28.486,27.856,16.0,1,True,False,True,39.6,5.0,26.76111111111111,43.28819444444444,False,False,False,False,False,True,85.003,85.78222102066128,-0.7792210206612822
2025,Monza,R,BOR,5,Kick Sauber,24.0,2.0,HARD,4.0,True,83.884,27.391,28.509,27.984,15.0,1,True,False,True,41.4,5.0,26.76111111111111,43.28819444444444,False,False,False,False,False,True,85.126,85.78222102066128,-0.6562210206612775
2025,Monza,R,BOR,5,Kick Sauber,25.0,2.0,HARD,5.0,True,84.07,27.491,28.62,27.959,15.0,1,True,False,True,43.2,5.0,26.76111111111111,43.28819444444444,False,False,False,False,False,True,85.366,85.78222102066128,-0.41622102066128264
2025,Monza,R,BOR,5,Kick Sauber,26.0,2.0,HARD,6.0,True,83.973,27.642,28.587,27.744,15.0,1,True,False,True,45.0,5.0,26.76111111111111,43.28819444444444,False,False,False,False,False,True,85.323,85.78222102066128,-0.459221020661289
2025,Monza,R,BOR,5,Kick Sauber,27.0,2.0,HARD,7.0,True,83.192,27.427,28.262,27.503,15.0,1,True,False,True,46.8,5.0,26.76111111111111,43.28819444444444,False,False,False,False,False,True,84.59599999999999,85.78222102066128,-1.1862210206612929
2025,Monza,R,BOR,5,Kick Sauber,28.0,2.0,HARD,8.0,True,82.981,27.4,28.173,27.408,15.0,1,True,False,True,48.6,5.0,26.76111111111111,43.28819444444444,False,False,False,False,False,True,84.439,85.78222102066128,-1.3432210206612893
2025,Monza,R,BOR,5,Kick Sauber,29.0,2.0,HARD,9.0,True,83.717,27.405,28.5,27.812,15.0,1,True,False,True,50.4,5.0,26.76111111111111,43.28819444444444,False,False,False,False,False,True,85.229,85.78222102066128,-0.5532210206612831
2025,Monza,R,BOR,5,Kick Sauber,30.0,2.0,HARD,10.0,True,83.343,27.406,28.325,27.612,15.0,1,True,False,True,52.2,5.0,26.76111111111111,43.28819444444444,False,False,False,False,False,True,84.909,85.78222102066128,-0.8732210206612763
2025,Monza,R,BOR,5,Kick Sauber,31.0,2.0,HARD,11.0,True,83.008,27.307,28.299,27.402,14.0,1,True,False,True,54.0,5.0,26.76111111111111,43.28819444444444,False,False,False,False,False,True,84.628,85.78222102066128,-1.1542210206612822
2025,Monza,R,BOR,5,Kick Sauber,32.0,2.0,HARD,12.0,True,83.04,27.344,28.23,27.466,14.0,1,True,False,True,55.8,5.0,26.76111111111111,43.28819444444444,False,False,False,False,False,True,84.71400000000001,85.78222102066128,-1.0682210206612694
2025,Monza,R,BOR,5,Kick Sauber,33.0,2.0,HARD,13.0,True,83.243,27.375,28.318,27.55,13.0,1,True,False,True,57.6,5.0,26.76111111111111,43.28819444444444,False,False,False,False,False,True,84.97099999999999,85.78222102066128,-0.8112210206612929
2025,Monza,R,BOR,5,Kick Sauber,34.0,2.0,HARD,14.0,True,82.819,27.339,28.128,27.352,12.0,1,True,False,True,59.4,5.0,26.76111111111111,43.28819444444444,False,False,False,False,False,True,84.601,85.78222102066128,-1.1812210206612832
2025,Monza,R,BOR,5,Kick Sauber,35.0,2.0,HARD,15.0,True,82.878,27.271,28.255,27.352,12.0,1,True,False,True,61.2,5.0,26.76111111111111,43.28819444444444,False,False,False,False,False,True,84.714,85.78222102066128,-1.0682210206612837
2025,Monza,R,BOR,5,Kick Sauber,36.0,2.0,HARD,16.0,True,82.49,27.218,28.051,27.221,12.0,1,True,False,True,63.0,5.0,26.76111111111111,43.28819444444444,False,False,False,False,False,True,84.38,85.78222102066128,-1.4022210206612868
2025,Monza,R,BOR,5,Kick Sauber,37.0,2.0,HARD,17.0,True,82.815,27.234,28.21,27.371,12.0,1,True,False,True,64.8,5.0,26.76111111111111,43.28819444444444,False,False,False,False,False,True,84.759,85.78222102066128,-1.023221020661282
2025,Monza,R,BOR,5,Kick Sauber,38.0,2.0,HARD,18.0,True,82.537,27.149,28.102,27.286,12.0,1,True,False,True,66.60000000000001,5.0,26.76111111111111,43.28819444444444,False,False,False,False,False,True,84.53500000000001,85.78222102066128,-1.2472210206612715
2025,Monza,R,BOR,5,Kick Sauber,39.0,2.0,HARD,19.0,True,82.938,27.155,28.12,27.663,12.0,1,True,False,True,68.4,5.0,26.76111111111111,43.28819444444444,False,False,False,False,False,True,84.99000000000001,85.78222102066128,-0.7922210206612732
2025,Monza,R,BOR,5,Kick Sauber,41.0,2.0,HARD,21.0,True,82.738,27.016,28.352,27.37,11.0,1,True,False,True,72.0,5.0,26.76111111111111,43.28819444444444,False,False,False,False,False,True,84.898,85.78222102066128,-0.8842210206612862
2025,Monza,R,BOR,5,Kick Sauber,42.0,2.0,HARD,22.0,True,83.172,27.159,28.468,27.545,11.0,1,True,False,True,73.8,5.0,26.76111111111111,43.28819444444444,False,False,False,False,False,True,85.386,85.78222102066128,-0.3962210206612866
2025,Monza,R,BOR,5,Kick Sauber,43.0,2.0,HARD,23.0,True,82.825,27.239,28.239,27.347,11.0,1,True,False,True,75.60000000000001,5.0,26.76111111111111,43.28819444444444,False,False,False,False,False,True,85.093,85.78222102066128,-0.6892210206612788
2025,Monza,R,BOR,5,Kick Sauber,44.0,2.0,HARD,24.0,True,82.836,27.324,28.12,27.392,11.0,1,True,False,True,77.4,5.0,26.76111111111111,43.28819444444444,False,False,False,False,False,True,85.158,85.78222102066128,-0.624221020661281
2025,Monza,R,BOR,5,Kick Sauber,45.0,2.0,HARD,25.0,True,82.61,27.168,28.145,27.297,11.0,1,True,False,True,79.2,5.0,26.76111111111111,43.28819444444444,False,False,False,False,False,True,84.986,85.78222102066128,-0.7962210206612781
2025,Monza,R,BOR,5,Kick Sauber,46.0,2.0,HARD,26.0,True,82.418,27.246,27.905,27.267,11.0,1,True,False,True,81.0,5.0,26.76111111111111,43.28819444444444,False,False,False,False,False,True,84.84800000000001,85.78222102066128,-0.9342210206612691
2025,Monza,R,BOR,5,Kick Sauber,47.0,2.0,HARD,27.0,True,82.467,27.166,28.02,27.281,11.0,1,True,False,True,82.8,5.0,26.76111111111111,43.28819444444444,False,False,False,False,False,True,84.951,85.78222102066128,-0.8312210206612889
2025,Monza,R,BOR,5,Kick Sauber,48.0,2.0,HARD,28.0,True,82.35,27.159,28.047,27.144,11.0,1,True,False,True,84.60000000000001,5.0,26.76111111111111,43.28819444444444,False,False,False,False,False,True,84.88799999999999,85.78222102066128,-0.8942210206612913
2025,Monza,R,BOR,5,Kick Sauber,49.0,2.0,HARD,29.0,True,82.414,27.129,28.103,27.182,11.0,1,True,False,True,86.4,5.0,26.76111111111111,43.28819444444444,False,False,False,False,False,True,85.006,85.78222102066128,-0.7762210206612821
2025,Monza,R,BOR,5,Kick Sauber,50.0,2.0,HARD,30.0,True,82.151,27.092,27.89,27.169,10.0,1,True,False,True,88.2,5.0,26.76111111111111,43.28819444444444,False,False,False,False,False,True,84.797,85.78222102066128,-0.9852210206612853
2025,Monza,R,BOR,5,Kick Sauber,51.0,2.0,HARD,31.0,True,82.139,26.996,27.988,27.155,10.0,1,True,False,True,90.0,5.0,26.76111111111111,43.28819444444444,False,False,False,False,False,True,84.839,85.78222102066128,-0.9432210206612837
2025,Monza,R,BOR,5,Kick Sauber,52.0,2.0,HARD,32.0,True,82.619,27.274,28.131,27.214,9.0,1,True,False,True,91.8,5.0,26.76111111111111,43.28819444444444,False,False,False,False,False,True,85.373,85.78222102066128,-0.40922102066127763
2025,Monza,R,BOR,5,Kick Sauber,53.0,2.0,HARD,33.0,True,82.32,27.042,28.042,27.236,9.0,1,True,False,True,93.6,5.0,26.76111111111111,43.28819444444444,False,False,False,False,False,True,85.12799999999999,85.78222102066128,-0.6542210206612964
2025,Monza,R,ANT,12,Mercedes,2.0,1.0,MEDIUM,2.0,True,85.453,27.625,29.637,28.191,10.0,1,True,False,True,1.8,5.0,26.76111111111111,43.28819444444444,False,False,False,False,False,True,85.507,85.36690226114654,0.14009773885346988
2025,Monza,R,ANT,12,Mercedes,3.0,1.0,MEDIUM,3.0,True,85.461,27.462,29.648,28.351,10.0,1,True,False,True,3.6,5.0,26.76111111111111,43.28819444444444,False,False,False,False,False,True,85.569,85.36690226114654,0.2020977388534675
2025,Monza,R,ANT,12,Mercedes,4.0,1.0,MEDIUM,4.0,True,84.841,27.359,29.466,28.016,10.0,1,True,False,True,5.4,5.0,26.76111111111111,43.28819444444444,False,False,False,False,False,True,85.003,85.36690226114654,-0.363902261146535
2025,Monza,R,ANT,12,Mercedes,5.0,1.0,MEDIUM,5.0,True,84.65,27.253,29.309,28.088,10.0,1,True,False,True,7.2,5.0,26.76111111111111,43.28819444444444,False,False,False,False,False,True,84.866,85.36690226114654,-0.5009022611465355
2025,Monza,R,ANT,12,Mercedes,6.0,1.0,MEDIUM,6.0,True,85.08,27.114,29.695,28.271,10.0,1,True,False,True,9.0,5.0,26.76111111111111,43.28819444444444,False,False,False,False,False,True,85.35,85.36690226114654,-0.01690226114654081
2025,Monza,R,ANT,12,Mercedes,7.0,1.0,MEDIUM,7.0,True,84.501,27.509,29.028,27.964,10.0,1,True,False,True,10.8,5.0,26.76111111111111,43.28819444444444,False,False,False,False,False,True,84.825,85.36690226114654,-0.5419022611465323
2025,Monza,R,ANT,12,Mercedes,8.0,1.0,MEDIUM,8.0,True,84.398,27.352,29.08,27.966,10.0,1,True,False,True,12.6,5.0,26.76111111111111,43.28819444444444,False,False,False,False,False,True,84.776,85.36690226114654,-0.5909022611465389
2025,Monza,R,ANT,12,Mercedes,9.0,1.0,MEDIUM,9.0,True,84.566,27.38,29.168,28.018,10.0,1,True,False,True,14.4,5.0,26.76111111111111,43.28819444444444,False,False,False,False,False,True,84.998,85.36690226114654,-0.36890226114653046
2025,Monza,R,ANT,12,Mercedes,10.0,1.0,MEDIUM,10.0,True,84.571,27.321,29.201,28.049,10.0,1,True,False,True,16.2,5.0,26.76111111111111,43.28819444444444,False,False,False,False,False,True,85.057,85.36690226114654,-0.30990226114653296
2025,Monza,R,ANT,12,Mercedes,11.0,1.0,MEDIUM,11.0,True,84.51,27.407,29.11,27.993,10.0,1,True,False,True,18.0,5.0,26.76111111111111,43.28819444444444,False,False,False,False,False,True,85.05000000000001,85.36690226114654,-0.31690226114652376
2025,Monza,R,ANT,12,Mercedes,12.0,1.0,MEDIUM,12.0,True,84.447,27.407,28.904,28.136,10.0,1,True,False,True,19.8,5.0,26.76111111111111,43.28819444444444,False,False,False,False,False,True,85.041,85.36690226114654,-0.3259022611465383
2025,Monza,R,ANT,12,Mercedes,13.0,1.0,MEDIUM,13.0,True,84.535,27.218,29.106,28.211,10.0,1,True,False,True,21.6,5.0,26.76111111111111,43.28819444444444,False,False,False,False,False,True,85.18299999999999,85.36690226114654,-0.1839022611465424
2025,Monza,R,ANT,12,Mercedes,14.0,1.0,MEDIUM,14.0,True,84.382,27.199,29.015,28.168,10.0,1,True,False,True,23.4,5.0,26.76111111111111,43.28819444444444,False,False,False,False,False,True,85.084,85.36690226114654,-0.28290226114653194
2025,Monza,R,ANT,12,Mercedes,15.0,1.0,MEDIUM,15.0,True,84.456,27.243,29.025,28.188,10.0,1,True,False,True,25.2,5.0,26.76111111111111,43.28819444444444,False,False,False,False,False,True,85.212,85.36690226114654,-0.15490226114653183
2025,Monza,R,ANT,12,Mercedes,16.0,1.0,MEDIUM,16.0,True,84.516,27.281,29.095,28.14,10.0,1,True,False,True,27.0,5.0,26.76111111111111,43.28819444444444,False,False,False,False,False,True,85.32600000000001,85.36690226114654,-0.04090226114652751
2025,Monza,R,ANT,12,Mercedes,17.0,1.0,MEDIUM,17.0,True,84.227,27.267,29.08,27.88,10.0,1,True,False,True,28.8,5.0,26.76111111111111,43.28819444444444,False,False,False,False,False,True,85.09100000000001,85.36690226114654,-0.27590226114652694
2025,Monza,R,ANT,12,Mercedes,18.0,1.0,MEDIUM,18.0,True,83.979,27.272,28.7,28.007,9.0,1,True,False,True,30.6,5.0,26.76111111111111,43.28819444444444,False,False,False,False,False,True,84.897,85.36690226114654,-0.46990226114652955
2025,Monza,R,ANT,12,Mercedes,19.0,1.0,MEDIUM,19.0,True,83.94,27.344,28.709,27.887,9.0,1,True,False,True,32.4,5.0,26.76111111111111,43.28819444444444,False,False,False,False,False,True,84.91199999999999,85.36690226114654,-0.4549022611465432
2025,Monza,R,ANT,12,Mercedes,20.0,1.0,MEDIUM,20.0,True,83.746,27.31,28.591,27.845,7.0,1,True,False,True,34.2,5.0,26.76111111111111,43.28819444444444,False,False,False,False,False,True,84.77199999999999,85.36690226114654,-0.5949022611465438
2025,Monza,R,ANT,12,Mercedes,21.0,1.0,MEDIUM,21.0,True,83.688,27.322,28.578,27.788,7.0,1,True,False,True,36.0,5.0,26.76111111111111,43.28819444444444,False,False,False,False,False,True,84.768,85.36690226114654,-0.5989022611465344
2025,Monza,R,ANT,12,Mercedes,22.0,1.0,MEDIUM,22.0,True,83.295,27.295,28.439,27.561,7.0,1,True,False,True,37.8,5.0,26.76111111111111,43.28819444444444,False,False,False,False,False,True,84.429,85.36690226114654,-0.9379022611465331
2025,Monza,R,ANT,12,Mercedes,23.0,1.0,MEDIUM,23.0,True,83.671,27.257,28.65,27.764,7.0,1,True,False,True,39.6,5.0,26.76111111111111,43.28819444444444,False,False,False,False,False,True,84.85900000000001,85.36690226114654,-0.5079022611465263
2025,Monza,R,ANT,12,Mercedes,24.0,1.0,MEDIUM,24.0,True,83.515,27.369,28.484,27.662,7.0,1,True,False,True,41.4,5.0,26.76111111111111,43.28819444444444,False,False,False,False,False,True,84.757,85.36690226114654,-0.6099022611465301
2025,Monza,R,ANT,12,Mercedes,25.0,1.0,MEDIUM,25.0,True,83.449,27.265,28.475,27.709,7.0,1,True,False,True,43.2,5.0,26.76111111111111,43.28819444444444,False,False,False,False,False,True,84.745,85.36690226114654,-0.6219022611465306
2025,Monza,R,ANT,12,Mercedes,26.0,1.0,MEDIUM,26.0,True,84.699,27.984,28.946,27.769,7.0,1,True,False,True,45.0,5.0,26.76111111111111,43.28819444444444,False,False,False,False,False,True,86.04899999999999,85.36690226114654,0.6820977388534573
2025,Monza,R,ANT,12,Mercedes,27.0,1.0,MEDIUM,27.0,True,83.7,27.452,28.663,27.585,7.0,1,True,False,True,46.8,5.0,26.76111111111111,43.28819444444444,False,False,False,False,False,True,85.104,85.36690226114654,-0.2629022611465359
2025,Monza,R,ANT,12,Mercedes,30.0,2.0,HARD,2.0,True,82.775,27.217,28.099,27.459,14.0,1,True,False,True,52.2,5.0,26.76111111111111,43.28819444444444,False,False,False,False,False,True,84.34100000000001,85.78222102066128,-1.441221020661274
2025,Monza,R,ANT,12,Mercedes,31.0,2.0,HARD,3.0,True,82.663,27.219,28.037,27.407,13.0,1,True,False,True,54.0,5.0,26.76111111111111,43.28819444444444,False,False,False,False,False,True,84.283,85.78222102066128,-1.499221020661281
2025,Monza,R,ANT,12,Mercedes,32.0,2.0,HARD,4.0,True,82.852,27.311,28.06,27.481,13.0,1,True,False,True,55.8,5.0,26.76111111111111,43.28819444444444,False,False,False,False,False,True,84.52600000000001,85.78222102066128,-1.2562210206612718
2025,Monza,R,ANT,12,Mercedes,33.0,2.0,HARD,5.0,True,82.705,27.174,28.21,27.321,11.0,1,True,False,True,57.6,5.0,26.76111111111111,43.28819444444444,False,False,False,False,False,True,84.43299999999999,85.78222102066128,-1.3492210206612896
2025,Monza,R,ANT,12,Mercedes,34.0,2.0,HARD,6.0,True,82.649,27.242,28.106,27.301,11.0,1,True,False,True,59.4,5.0,26.76111111111111,43.28819444444444,False,False,False,False,False,True,84.431,85.78222102066128,-1.351221020661285
2025,Monza,R,ANT,12,Mercedes,35.0,2.0,HARD,7.0,True,82.653,27.146,28.138,27.369,11.0,1,True,False,True,61.2,5.0,26.76111111111111,43.28819444444444,False,False,False,False,False,True,84.489,85.78222102066128,-1.293221020661278
2025,Monza,R,ANT,12,Mercedes,36.0,2.0,HARD,8.0,True,82.953,27.276,28.288,27.389,11.0,1,True,False,True,63.0,5.0,26.76111111111111,43.28819444444444,False,False,False,False,False,True,84.843,85.78222102066128,-0.9392210206612788
2025,Monza,R,ANT,12,Mercedes,37.0,2.0,HARD,9.0,True,82.982,27.131,28.371,27.48,11.0,1,True,False,True,64.8,5.0,26.76111111111111,43.28819444444444,False,False,False,False,False,True,84.926,85.78222102066128,-0.8562210206612804
2025,Monza,R,ANT,12,Mercedes,38.0,2.0,HARD,10.0,True,83.01,27.04,28.459,27.511,11.0,1,True,False,True,66.60000000000001,5.0,26.76111111111111,43.28819444444444,False,False,False,False,False,True,85.00800000000001,85.78222102066128,-0.7742210206612725
2025,Monza,R,ANT,12,Mercedes,39.0,2.0,HARD,11.0,True,84.154,27.483,28.495,28.176,10.0,1,True,False,True,68.4,5.0,26.76111111111111,43.28819444444444,False,False,False,False,False,True,86.206,85.78222102066128,0.4237789793387208
2025,Monza,R,ANT,12,Mercedes,41.0,2.0,HARD,13.0,True,82.503,27.181,28.052,27.27,10.0,1,True,False,True,72.0,5.0,26.76111111111111,43.28819444444444,False,False,False,False,False,True,84.663,85.78222102066128,-1.1192210206612856
2025,Monza,R,ANT,12,Mercedes,42.0,2.0,HARD,14.0,True,82.255,27.091,28.046,27.118,9.0,1,True,False,True,73.8,5.0,26.76111111111111,43.28819444444444,False,False,False,False,False,True,84.469,85.78222102066128,-1.3132210206612882
2025,Monza,R,ANT,12,Mercedes,43.0,2.0,HARD,15.0,True,82.322,27.122,27.931,27.269,9.0,1,True,False,True,75.60000000000001,5.0,26.76111111111111,43.28819444444444,False,False,False,False,False,True,84.59,85.78222102066128,-1.1922210206612789
2025,Monza,R,ANT,12,Mercedes,44.0,2.0,HARD,16.0,True,83.848,27.538,28.684,27.626,10.0,1,True,False,True,77.4,5.0,26.76111111111111,43.28819444444444,False,False,False,False,False,True,86.17,85.78222102066128,0.3877789793387194
2025,Monza,R,ANT,12,Mercedes,45.0,2.0,HARD,17.0,True,82.651,27.125,28.16,27.366,10.0,1,True,False,True,79.2,5.0,26.76111111111111,43.28819444444444,False,False,False,False,False,True,85.027,85.78222102066128,-0.7552210206612813
2025,Monza,R,ANT,12,Mercedes,46.0,2.0,HARD,18.0,True,82.366,27.144,28.014,27.208,10.0,1,True,False,True,81.0,5.0,26.76111111111111,43.28819444444444,False,False,False,False,False,True,84.79599999999999,85.78222102066128,-0.98622102066129
2025,Monza,R,ANT,12,Mercedes,47.0,2.0,HARD,19.0,True,82.327,27.146,27.959,27.222,10.0,1,True,False,True,82.8,5.0,26.76111111111111,43.28819444444444,False,False,False,False,False,True,84.81099999999999,85.78222102066128,-0.9712210206612895
2025,Monza,R,ANT,12,Mercedes,48.0,2.0,HARD,20.0,True,82.201,27.112,27.939,27.15,10.0,1,True,False,True,84.60000000000001,5.0,26.76111111111111,43.28819444444444,False,False,False,False,False,True,84.73899999999999,85.78222102066128,-1.0432210206612922
2025,Monza,R,ANT,12,Mercedes,49.0,2.0,HARD,21.0,True,82.174,27.095,27.962,27.117,9.0,1,True,False,True,86.4,5.0,26.76111111111111,43.28819444444444,False,False,False,False,False,True,84.766,85.78222102066128,-1.016221020661277
2025,Monza,R,ANT,12,Mercedes,50.0,2.0,HARD,22.0,True,81.997,27.043,27.841,27.113,9.0,1,True,False,True,88.2,5.0,26.76111111111111,43.28819444444444,False,False,False,False,False,True,84.643,85.78222102066128,-1.1392210206612816
2025,Monza,R,ANT,12,Mercedes,51.0,2.0,HARD,23.0,True,82.207,27.108,27.935,27.164,8.0,1,True,False,True,90.0,5.0,26.76111111111111,43.28819444444444,False,False,False,False,False,True,84.907,85.78222102066128,-0.8752210206612858
2025,Monza,R,ANT,12,Mercedes,52.0,2.0,HARD,24.0,True,82.108,27.047,27.979,27.082,8.0,1,True,False,True,91.8,5.0,26.76111111111111,43.28819444444444,False,False,False,False,False,True,84.86200000000001,85.78222102066128,-0.9202210206612733
2025,Monza,R,ANT,12,Mercedes,53.0,2.0,HARD,25.0,True,81.968,27.095,27.877,26.996,8.0,1,True,False,True,93.6,5.0,26.76111111111111,43.28819444444444,False,False,False,False,False,True,84.77600000000001,85.78222102066128,-1.0062210206612718
2025,Monza,R,HAD,6,Racing Bulls,2.0,1.0,HARD,3.0,False,86.732,28.158,30.04,28.534,18.0,1,True,False,True,1.8,5.0,26.76111111111111,43.28819444444444,False,False,False,False,False,True,86.786,85.78222102066128,1.003778979338719
2025,Monza,R,HAD,6,Racing Bulls,3.0,1.0,HARD,4.0,False,85.467,27.609,29.65,28.208,18.0,1,True,False,True,3.6,5.0,26.76111111111111,43.28819444444444,False,False,False,False,False,True,85.575,85.78222102066128,-0.20722102066127945
2025,Monza,R,HAD,6,Racing Bulls,4.0,1.0,HARD,5.0,False,85.218,27.616,29.235,28.367,18.0,1,True,False,True,5.4,5.0,26.76111111111111,43.28819444444444,False,False,False,False,False,True,85.38000000000001,85.78222102066128,-0.40222102066127263
2025,Monza,R,HAD,6,Racing Bulls,5.0,1.0,HARD,6.0,False,84.887,27.34,29.36,28.187,18.0,1,True,False,True,7.2,5.0,26.76111111111111,43.28819444444444,False,False,False,False,False,True,85.103,85.78222102066128,-0.6792210206612879
2025,Monza,R,HAD,6,Racing Bulls,6.0,1.0,HARD,7.0,False,84.924,27.407,29.369,28.148,18.0,1,True,False,True,9.0,5.0,26.76111111111111,43.28819444444444,False,False,False,False,False,True,85.194,85.78222102066128,-0.5882210206612797
2025,Monza,R,HAD,6,Racing Bulls,7.0,1.0,HARD,8.0,False,84.606,27.494,28.929,28.183,18.0,1,True,False,True,10.8,5.0,26.76111111111111,43.28819444444444,False,False,False,False,False,True,84.92999999999999,85.78222102066128,-0.8522210206612897
2025,Monza,R,HAD,6,Racing Bulls,8.0,1.0,HARD,9.0,False,85.728,28.656,29.041,28.031,18.0,1,True,False,True,12.6,5.0,26.76111111111111,43.28819444444444,False,False,False,False,False,True,86.106,85.78222102066128,0.32377897933871225
2025,Monza,R,HAD,6,Racing Bulls,9.0,1.0,HARD,10.0,False,84.167,27.403,28.666,28.098,17.0,1,True,False,True,14.4,5.0,26.76111111111111,43.28819444444444,False,False,False,False,False,True,84.599,85.78222102066128,-1.1832210206612785
2025,Monza,R,HAD,6,Racing Bulls,10.0,1.0,HARD,11.0,False,84.864,27.505,29.292,28.067,17.0,1,True,False,True,16.2,5.0,26.76111111111111,43.28819444444444,False,False,False,False,False,True,85.35000000000001,85.78222102066128,-0.43222102066127377
2025,Monza,R,HAD,6,Racing Bulls,11.0,1.0,HARD,12.0,False,84.649,27.595,28.82,28.234,17.0,1,True,False,True,18.0,5.0,26.76111111111111,43.28819444444444,False,False,False,False,False,True,85.18900000000001,85.78222102066128,-0.5932210206612751
2025,Monza,R,HAD,6,Racing Bulls,12.0,1.0,HARD,13.0,False,84.595,27.546,28.975,28.074,17.0,1,True,False,True,19.8,5.0,26.76111111111111,43.28819444444444,False,False,False,False,False,True,85.189,85.78222102066128,-0.5932210206612893
2025,Monza,R,HAD,6,Racing Bulls,13.0,1.0,HARD,14.0,False,84.081,27.378,28.714,27.989,16.0,1,True,False,True,21.6,5.0,26.76111111111111,43.28819444444444,False,False,False,False,False,True,84.729,85.78222102066128,-1.053221020661283
2025,Monza,R,HAD,6,Racing Bulls,14.0,1.0,HARD,15.0,False,84.182,27.452,28.77,27.96,16.0,1,True,False,True,23.4,5.0,26.76111111111111,43.28819444444444,False,False,False,False,False,True,84.884,85.78222102066128,-0.898221020661282
2025,Monza,R,HAD,6,Racing Bulls,15.0,1.0,HARD,16.0,False,84.036,27.411,28.754,27.871,16.0,1,True,False,True,25.2,5.0,26.76111111111111,43.28819444444444,False,False,False,False,False,True,84.792,85.78222102066128,-0.9902210206612807
2025,Monza,R,HAD,6,Racing Bulls,16.0,1.0,HARD,17.0,False,84.287,27.456,28.783,28.048,16.0,1,True,False,True,27.0,5.0,26.76111111111111,43.28819444444444,False,False,False,False,False,True,85.09700000000001,85.78222102066128,-0.6852210206612739
2025,Monza,R,HAD,6,Racing Bulls,17.0,1.0,HARD,18.0,False,84.447,27.463,28.77,28.214,16.0,1,True,False,True,28.8,5.0,26.76111111111111,43.28819444444444,False,False,False,False,False,True,85.311,85.78222102066128,-0.47122102066127525
2025,Monza,R,HAD,6,Racing Bulls,18.0,1.0,HARD,19.0,False,84.032,27.39,28.77,27.872,15.0,1,True,False,True,30.6,5.0,26.76111111111111,43.28819444444444,False,False,False,False,False,True,84.95,85.78222102066128,-0.8322210206612795
2025,Monza,R,HAD,6,Racing Bulls,19.0,1.0,HARD,20.0,False,84.242,27.372,28.781,28.089,15.0,1,True,False,True,32.4,5.0,26.76111111111111,43.28819444444444,False,False,False,False,False,True,85.214,85.78222102066128,-0.5682210206612837
2025,Monza,R,HAD,6,Racing Bulls,20.0,1.0,HARD,21.0,False,84.14,27.465,28.682,27.993,14.0,1,True,False,True,34.2,5.0,26.76111111111111,43.28819444444444,False,False,False,False,False,True,85.166,85.78222102066128,-0.6162210206612855
2025,Monza,R,HAD,6,Racing Bulls,21.0,1.0,HARD,22.0,False,84.122,27.438,28.723,27.961,12.0,1,True,False,True,36.0,5.0,26.76111111111111,43.28819444444444,False,False,False,False,False,True,85.202,85.78222102066128,-0.5802210206612841
2025,Monza,R,HAD,6,Racing Bulls,22.0,1.0,HARD,23.0,False,83.844,27.368,28.576,27.9,12.0,1,True,False,True,37.8,5.0,26.76111111111111,43.28819444444444,False,False,False,False,False,True,84.978,85.78222102066128,-0.8042210206612879
2025,Monza,R,HAD,6,Racing Bulls,23.0,1.0,HARD,24.0,False,83.973,27.383,28.695,27.895,12.0,1,True,False,True,39.6,5.0,26.76111111111111,43.28819444444444,False,False,False,False,False,True,85.161,85.78222102066128,-0.6212210206612809
2025,Monza,R,HAD,6,Racing Bulls,24.0,1.0,HARD,25.0,False,83.801,27.421,28.585,27.795,12.0,1,True,False,True,41.4,5.0,26.76111111111111,43.28819444444444,False,False,False,False,False,True,85.043,85.78222102066128,-0.7392210206612759
2025,Monza,R,HAD,6,Racing Bulls,25.0,1.0,HARD,26.0,False,83.882,27.355,28.692,27.835,12.0,1,True,False,True,43.2,5.0,26.76111111111111,43.28819444444444,False,False,False,False,False,True,85.17800000000001,85.78222102066128,-0.6042210206612708
2025,Monza,R,HAD,6,Racing Bulls,26.0,1.0,HARD,27.0,False,84.026,27.335,28.707,27.984,12.0,1,True,False,True,45.0,5.0,26.76111111111111,43.28819444444444,False,False,False,False,False,True,85.37599999999999,85.78222102066128,-0.40622102066129173
2025,Monza,R,HAD,6,Racing Bulls,27.0,1.0,HARD,28.0,False,83.885,27.363,28.743,27.779,12.0,1,True,False,True,46.8,5.0,26.76111111111111,43.28819444444444,False,False,False,False,False,True,85.289,85.78222102066128,-0.4932210206612808
2025,Monza,R,HAD,6,Racing Bulls,28.0,1.0,HARD,29.0,False,83.686,27.39,28.558,27.738,11.0,1,True,False,True,48.6,5.0,26.76111111111111,43.28819444444444,False,False,False,False,False,True,85.144,85.78222102066128,-0.6382210206612768
2025,Monza,R,HAD,6,Racing Bulls,29.0,1.0,HARD,30.0,False,83.389,27.271,28.313,27.805,10.0,1,True,False,True,50.4,5.0,26.76111111111111,43.28819444444444,False,False,False,False,False,True,84.901,85.78222102066128,-0.881221020661286
2025,Monza,R,HAD,6,Racing Bulls,30.0,1.0,HARD,31.0,False,83.701,27.312,28.622,27.767,9.0,1,True,False,True,52.2,5.0,26.76111111111111,43.28819444444444,False,False,False,False,False,True,85.267,85.78222102066128,-0.5152210206612864
2025,Monza,R,HAD,6,Racing Bulls,31.0,1.0,HARD,32.0,False,83.431,27.163,28.48,27.788,9.0,1,True,False,True,54.0,5.0,26.76111111111111,43.28819444444444,False,False,False,False,False,True,85.051,85.78222102066128,-0.7312210206612804
2025,Monza,R,HAD,6,Racing Bulls,34.0,2.0,MEDIUM,2.0,True,82.657,27.387,27.946,27.324,15.0,1,True,False,True,59.4,5.0,26.76111111111111,43.28819444444444,False,False,False,False,False,True,84.439,85.36690226114654,-0.9279022611465422
2025,Monza,R,HAD,6,Racing Bulls,35.0,2.0,MEDIUM,3.0,True,82.581,27.198,28.047,27.336,15.0,1,True,False,True,61.2,5.0,26.76111111111111,43.28819444444444,False,False,False,False,False,True,84.417,85.36690226114654,-0.9499022611465335
2025,Monza,R,HAD,6,Racing Bulls,36.0,2.0,MEDIUM,4.0,True,82.702,27.214,28.042,27.446,15.0,1,True,False,True,63.0,5.0,26.76111111111111,43.28819444444444,False,False,False,False,False,True,84.592,85.36690226114654,-0.7749022611465364
2025,Monza,R,HAD,6,Racing Bulls,37.0,2.0,MEDIUM,5.0,True,82.998,27.218,28.348,27.432,15.0,1,True,False,True,64.8,5.0,26.76111111111111,43.28819444444444,False,False,False,False,False,True,84.94200000000001,85.36690226114654,-0.42490226114652785
2025,Monza,R,HAD,6,Racing Bulls,38.0,2.0,MEDIUM,6.0,True,83.082,27.32,28.351,27.411,15.0,1,True,False,True,66.60000000000001,5.0,26.76111111111111,43.28819444444444,False,False,False,False,False,True,85.08,85.36690226114654,-0.28690226114653683
2025,Monza,R,HAD,6,Racing Bulls,39.0,2.0,MEDIUM,7.0,True,82.745,27.273,28.007,27.465,15.0,1,True,False,True,68.4,5.0,26.76111111111111,43.28819444444444,False,False,False,False,False,True,84.79700000000001,85.36690226114654,-0.5699022611465239
2025,Monza,R,HAD,6,Racing Bulls,41.0,2.0,MEDIUM,9.0,True,82.525,27.23,28.063,27.232,13.0,1,True,False,True,72.0,5.0,26.76111111111111,43.28819444444444,False,False,False,False,False,True,84.685,85.36690226114654,-0.6819022611465329
2025,Monza,R,HAD,6,Racing Bulls,42.0,2.0,MEDIUM,10.0,True,82.595,27.277,28.063,27.255,13.0,1,True,False,True,73.8,5.0,26.76111111111111,43.28819444444444,False,False,False,False,False,True,84.809,85.36690226114654,-0.5579022611465376
2025,Monza,R,HAD,6,Racing Bulls,43.0,2.0,MEDIUM,11.0,True,82.448,27.259,27.937,27.252,13.0,1,True,False,True,75.60000000000001,5.0,26.76111111111111,43.28819444444444,False,False,False,False,False,True,84.716,85.36690226114654,-0.6509022611465412
2025,Monza,R,HAD,6,Racing Bulls,44.0,2.0,MEDIUM,12.0,True,82.427,27.204,28.006,27.217,13.0,1,True,False,True,77.4,5.0,26.76111111111111,43.28819444444444,False,False,False,False,False,True,84.74900000000001,85.36690226114654,-0.6179022611465257
2025,Monza,R,HAD,6,Racing Bulls,45.0,2.0,MEDIUM,13.0,True,82.33,27.2,27.999,27.131,13.0,1,True,False,True,79.2,5.0,26.76111111111111,43.28819444444444,False,False,False,False,False,True,84.706,85.36690226114654,-0.660902261146532
2025,Monza,R,HAD,6,Racing Bulls,46.0,2.0,MEDIUM,14.0,True,82.133,27.184,27.867,27.082,13.0,1,True,False,True,81.0,5.0,26.76111111111111,43.28819444444444,False,False,False,False,False,True,84.56299999999999,85.36690226114654,-0.803902261146547
2025,Monza,R,HAD,6,Racing Bulls,47.0,2.0,MEDIUM,15.0,True,82.209,27.266,27.854,27.089,13.0,1,True,False,True,82.8,5.0,26.76111111111111,43.28819444444444,False,False,False,False,False,True,84.693,85.36690226114654,-0.6739022611465373
2025,Monza,R,HAD,6,Racing Bulls,48.0,2.0,MEDIUM,16.0,True,82.239,27.132,27.988,27.119,13.0,1,True,False,True,84.60000000000001,5.0,26.76111111111111,43.28819444444444,False,False,False,False,False,True,84.777,85.36690226114654,-0.5899022611465341
2025,Monza,R,HAD,6,Racing Bulls,49.0,2.0,MEDIUM,17.0,True,82.269,27.123,27.927,27.219,12.0,1,True,False,True,86.4,5.0,26.76111111111111,43.28819444444444,False,False,False,False,False,True,84.861,85.36690226114654,-0.5059022611465309
2025,Monza,R,HAD,6,Racing Bulls,50.0,2.0,MEDIUM,18.0,True,82.311,27.241,27.917,27.153,11.0,1,True,False,True,88.2,5.0,26.76111111111111,43.28819444444444,False,False,False,False,False,True,84.95700000000001,85.36690226114654,-0.4099022611465273
2025,Monza,R,HAD,6,Racing Bulls,51.0,2.0,MEDIUM,19.0,True,82.226,27.235,27.92,27.071,11.0,1,True,False,True,90.0,5.0,26.76111111111111,43.28819444444444,False,False,False,False,False,True,84.926,85.36690226114654,-0.4409022611465332
2025,Monza,R,HAD,6,Racing Bulls,52.0,2.0,MEDIUM,20.0,True,82.215,27.238,27.877,27.1,10.0,1,True,False,True,91.8,5.0,26.76111111111111,43.28819444444444,False,False,False,False,False,True,84.96900000000001,85.36690226114654,-0.3979022611465268
2025,Monza,R,HAD,6,Racing Bulls,53.0,2.0,MEDIUM,21.0,True,82.536,27.306,28.104,27.126,10.0,1,True,False,True,93.6,5.0,26.76111111111111,43.28819444444444,False,False,False,False,False,True,85.344,85.36690226114654,-0.022902261146541036
2025,Monza,R,SAI,55,Williams,2.0,1.0,MEDIUM,2.0,True,85.628,27.813,29.35,28.465,12.0,1,True,False,True,1.8,5.0,26.76111111111111,43.28819444444444,False,False,False,False,False,True,85.682,85.36690226114654,0.31509773885346704
2025,Monza,R,SAI,55,Williams,3.0,1.0,MEDIUM,3.0,True,85.414,27.502,29.5,28.412,12.0,1,True,False,True,3.6,5.0,26.76111111111111,43.28819444444444,False,False,False,False,False,True,85.522,85.36690226114654,0.15509773885347045
2025,Monza,R,SAI,55,Williams,4.0,1.0,MEDIUM,4.0,True,85.204,27.578,29.394,28.232,12.0,1,True,False,True,5.4,5.0,26.76111111111111,43.28819444444444,False,False,False,False,False,True,85.366,85.36690226114654,-0.0009022611465354657
2025,Monza,R,SAI,55,Williams,5.0,1.0,MEDIUM,5.0,True,84.727,27.287,29.181,28.259,12.0,1,True,False,True,7.2,5.0,26.76111111111111,43.28819444444444,False,False,False,False,False,True,84.943,85.36690226114654,-0.4239022611465373
2025,Monza,R,SAI,55,Williams,6.0,1.0,MEDIUM,6.0,True,84.704,27.233,29.066,28.405,12.0,1,True,False,True,9.0,5.0,26.76111111111111,43.28819444444444,False,False,False,False,False,True,84.97399999999999,85.36690226114654,-0.3929022611465456
2025,Monza,R,SAI,55,Williams,7.0,1.0,MEDIUM,7.0,True,84.676,27.339,29.145,28.192,12.0,1,True,False,True,10.8,5.0,26.76111111111111,43.28819444444444,False,False,False,False,False,True,85.0,85.36690226114654,-0.3669022611465351
2025,Monza,R,SAI,55,Williams,8.0,1.0,MEDIUM,8.0,True,84.704,27.59,28.784,28.33,12.0,1,True,False,True,12.6,5.0,26.76111111111111,43.28819444444444,False,False,False,False,False,True,85.082,85.36690226114654,-0.2849022611465415
2025,Monza,R,SAI,55,Williams,9.0,1.0,MEDIUM,9.0,True,84.389,27.357,28.941,28.091,12.0,1,True,False,True,14.4,5.0,26.76111111111111,43.28819444444444,False,False,False,False,False,True,84.821,85.36690226114654,-0.5459022611465372
2025,Monza,R,SAI,55,Williams,10.0,1.0,MEDIUM,10.0,True,84.483,27.391,28.918,28.174,12.0,1,True,False,True,16.2,5.0,26.76111111111111,43.28819444444444,False,False,False,False,False,True,84.96900000000001,85.36690226114654,-0.3979022611465268
2025,Monza,R,SAI,55,Williams,11.0,1.0,MEDIUM,11.0,True,84.592,27.458,29.028,28.106,12.0,1,True,False,True,18.0,5.0,26.76111111111111,43.28819444444444,False,False,False,False,False,True,85.132,85.36690226114654,-0.23490226114653012
2025,Monza,R,SAI,55,Williams,12.0,1.0,MEDIUM,12.0,True,84.557,27.325,29.041,28.191,12.0,1,True,False,True,19.8,5.0,26.76111111111111,43.28819444444444,False,False,False,False,False,True,85.151,85.36690226114654,-0.21590226114653888
2025,Monza,R,SAI,55,Williams,13.0,1.0,MEDIUM,13.0,True,84.449,27.351,28.924,28.174,12.0,1,True,False,True,21.6,5.0,26.76111111111111,43.28819444444444,False,False,False,False,False,True,85.097,85.36690226114654,-0.2699022611465409
2025,Monza,R,SAI,55,Williams,14.0,1.0,MEDIUM,14.0,True,84.327,27.274,28.818,28.235,12.0,1,True,False,True,23.4,5.0,26.76111111111111,43.28819444444444,False,False,False,False,False,True,85.029,85.36690226114654,-0.33790226114653876
2025,Monza,R,SAI,55,Williams,15.0,1.0,MEDIUM,15.0,True,84.395,27.285,28.886,28.224,12.0,1,True,False,True,25.2,5.0,26.76111111111111,43.28819444444444,False,False,False,False,False,True,85.151,85.36690226114654,-0.21590226114653888
2025,Monza,R,SAI,55,Williams,16.0,1.0,MEDIUM,16.0,True,84.478,27.337,28.898,28.243,12.0,1,True,False,True,27.0,5.0,26.76111111111111,43.28819444444444,False,False,False,False,False,True,85.288,85.36690226114654,-0.07890226114653842
2025,Monza,R,SAI,55,Williams,17.0,1.0,MEDIUM,17.0,True,84.342,27.308,28.982,28.052,12.0,1,True,False,True,28.8,5.0,26.76111111111111,43.28819444444444,False,False,False,False,False,True,85.206,85.36690226114654,-0.16090226114653206
2025,Monza,R,SAI,55,Williams,18.0,1.0,MEDIUM,18.0,True,84.788,27.502,29.132,28.154,11.0,1,True,False,True,30.6,5.0,26.76111111111111,43.28819444444444,False,False,False,False,False,True,85.706,85.36690226114654,0.33909773885346794
2025,Monza,R,SAI,55,Williams,19.0,1.0,MEDIUM,19.0,True,84.162,27.484,28.702,27.976,10.0,1,True,False,True,32.4,5.0,26.76111111111111,43.28819444444444,False,False,False,False,False,True,85.134,85.36690226114654,-0.23290226114653478
2025,Monza,R,SAI,55,Williams,20.0,1.0,MEDIUM,20.0,True,84.213,27.422,28.891,27.9,8.0,1,True,False,True,34.2,5.0,26.76111111111111,43.28819444444444,False,False,False,False,False,True,85.23899999999999,85.36690226114654,-0.12790226114654502
2025,Monza,R,SAI,55,Williams,21.0,1.0,MEDIUM,21.0,True,83.814,27.301,28.698,27.815,8.0,1,True,False,True,36.0,5.0,26.76111111111111,43.28819444444444,False,False,False,False,False,True,84.89399999999999,85.36690226114654,-0.4729022611465439
2025,Monza,R,SAI,55,Williams,22.0,1.0,MEDIUM,22.0,True,83.702,27.387,28.626,27.689,8.0,1,True,False,True,37.8,5.0,26.76111111111111,43.28819444444444,False,False,False,False,False,True,84.836,85.36690226114654,-0.5309022611465366
2025,Monza,R,SAI,55,Williams,23.0,1.0,MEDIUM,23.0,True,83.827,27.372,28.646,27.809,8.0,1,True,False,True,39.6,5.0,26.76111111111111,43.28819444444444,False,False,False,False,False,True,85.015,85.36690226114654,-0.35190226114653456
2025,Monza,R,SAI,55,Williams,24.0,1.0,MEDIUM,24.0,True,83.837,27.363,28.643,27.831,8.0,1,True,False,True,41.4,5.0,26.76111111111111,43.28819444444444,False,False,False,False,False,True,85.07900000000001,85.36690226114654,-0.2879022611465274
2025,Monza,R,SAI,55,Williams,25.0,1.0,MEDIUM,25.0,True,85.082,27.937,29.227,27.918,9.0,1,True,False,True,43.2,5.0,26.76111111111111,43.28819444444444,False,False,False,False,False,True,86.378,85.36690226114654,1.011097738853465
2025,Monza,R,SAI,55,Williams,26.0,1.0,MEDIUM,26.0,True,83.886,27.3,28.691,27.895,9.0,1,True,False,True,45.0,5.0,26.76111111111111,43.28819444444444,False,False,False,False,False,True,85.23599999999999,85.36690226114654,-0.13090226114654513
2025,Monza,R,SAI,55,Williams,27.0,1.0,MEDIUM,27.0,True,83.968,27.359,28.798,27.811,9.0,1,True,False,True,46.8,5.0,26.76111111111111,43.28819444444444,False,False,False,False,False,True,85.372,85.36690226114654,0.005097738853464762
2025,Monza,R,SAI,55,Williams,28.0,1.0,MEDIUM,28.0,True,83.552,27.35,28.549,27.653,8.0,1,True,False,True,48.6,5.0,26.76111111111111,43.28819444444444,False,False,False,False,False,True,85.01,85.36690226114654,-0.35690226114653
2025,Monza,R,SAI,55,Williams,29.0,1.0,MEDIUM,29.0,True,83.857,27.366,28.674,27.817,7.0,1,True,False,True,50.4,5.0,26.76111111111111,43.28819444444444,False,False,False,False,False,True,85.369,85.36690226114654,0.002097738853464648
2025,Monza,R,SAI,55,Williams,32.0,2.0,HARD,2.0,True,82.625,27.179,27.976,27.47,16.0,1,True,False,True,55.8,5.0,26.76111111111111,43.28819444444444,False,False,False,False,False,True,84.299,85.78222102066128,-1.4832210206612757
2025,Monza,R,SAI,55,Williams,33.0,2.0,HARD,3.0,True,82.515,27.092,28.05,27.373,15.0,1,True,False,True,57.6,5.0,26.76111111111111,43.28819444444444,False,False,False,False,False,True,84.243,85.78222102066128,-1.5392210206612873
2025,Monza,R,SAI,55,Williams,34.0,2.0,HARD,4.0,True,82.465,27.144,27.921,27.4,14.0,1,True,False,True,59.4,5.0,26.76111111111111,43.28819444444444,False,False,False,False,False,True,84.247,85.78222102066128,-1.5352210206612824
2025,Monza,R,SAI,55,Williams,35.0,2.0,HARD,5.0,True,82.68,27.128,28.072,27.48,14.0,1,True,False,True,61.2,5.0,26.76111111111111,43.28819444444444,False,False,False,False,False,True,84.516,85.78222102066128,-1.266221020661277
2025,Monza,R,SAI,55,Williams,36.0,2.0,HARD,6.0,True,82.635,27.228,28.095,27.312,14.0,1,True,False,True,63.0,5.0,26.76111111111111,43.28819444444444,False,False,False,False,False,True,84.525,85.78222102066128,-1.2572210206612766
2025,Monza,R,SAI,55,Williams,37.0,2.0,HARD,7.0,True,82.821,27.204,28.209,27.408,14.0,1,True,False,True,64.8,5.0,26.76111111111111,43.28819444444444,False,False,False,False,False,True,84.765,85.78222102066128,-1.0172210206612817
2025,Monza,R,SAI,55,Williams,38.0,2.0,HARD,8.0,True,82.564,27.156,28.016,27.392,14.0,1,True,False,True,66.60000000000001,5.0,26.76111111111111,43.28819444444444,False,False,False,False,False,True,84.562,85.78222102066128,-1.2202210206612847
2025,Monza,R,SAI,55,Williams,39.0,2.0,HARD,9.0,True,82.991,27.244,28.038,27.709,14.0,1,True,False,True,68.4,5.0,26.76111111111111,43.28819444444444,False,False,False,False,False,True,85.043,85.78222102066128,-0.7392210206612759
2025,Monza,R,SAI,55,Williams,41.0,2.0,HARD,11.0,True,82.738,27.203,28.107,27.428,14.0,1,True,False,True,72.0,5.0,26.76111111111111,43.28819444444444,False,False,False,False,False,True,84.898,85.78222102066128,-0.8842210206612862
2025,Monza,R,SAI,55,Williams,42.0,2.0,HARD,12.0,True,82.482,27.137,28.008,27.337,14.0,1,True,False,True,73.8,5.0,26.76111111111111,43.28819444444444,False,False,False,False,False,True,84.696,85.78222102066128,-1.0862210206612843
2025,Monza,R,SAI,55,Williams,43.0,2.0,HARD,13.0,True,82.524,27.104,28.036,27.384,14.0,1,True,False,True,75.60000000000001,5.0,26.76111111111111,43.28819444444444,False,False,False,False,False,True,84.792,85.78222102066128,-0.9902210206612807
2025,Monza,R,SAI,55,Williams,44.0,2.0,HARD,14.0,True,82.523,27.199,27.988,27.336,14.0,1,True,False,True,77.4,5.0,26.76111111111111,43.28819444444444,False,False,False,False,False,True,84.845,85.78222102066128,-0.9372210206612834
2025,Monza,R,SAI,55,Williams,45.0,2.0,HARD,15.0,True,82.323,27.105,27.989,27.229,14.0,1,True,False,True,79.2,5.0,26.76111111111111,43.28819444444444,False,False,False,False,False,True,84.699,85.78222102066128,-1.0832210206612842
2025,Monza,R,SAI,55,Williams,46.0,2.0,HARD,16.0,True,82.101,27.104,27.841,27.156,14.0,1,True,False,True,81.0,5.0,26.76111111111111,43.28819444444444,False,False,False,False,False,True,84.531,85.78222102066128,-1.2512210206612764
2025,Monza,R,SAI,55,Williams,47.0,2.0,HARD,17.0,True,81.74,27.018,27.591,27.131,14.0,1,True,False,True,82.8,5.0,26.76111111111111,43.28819444444444,False,False,False,False,False,True,84.22399999999999,85.78222102066128,-1.5582210206612928
2025,Monza,R,SAI,55,Williams,48.0,2.0,HARD,18.0,True,82.364,27.079,27.997,27.288,14.0,1,True,False,True,84.60000000000001,5.0,26.76111111111111,43.28819444444444,False,False,False,False,False,True,84.902,85.78222102066128,-0.8802210206612813
2025,Monza,R,SAI,55,Williams,49.0,2.0,HARD,19.0,True,82.155,26.997,27.982,27.176,13.0,1,True,False,True,86.4,5.0,26.76111111111111,43.28819444444444,False,False,False,False,False,True,84.747,85.78222102066128,-1.0352210206612824
2025,Monza,R,SAI,55,Williams,50.0,2.0,HARD,20.0,True,82.379,27.103,27.993,27.283,12.0,1,True,False,True,88.2,5.0,26.76111111111111,43.28819444444444,False,False,False,False,False,True,85.025,85.78222102066128,-0.7572210206612766
2025,Monza,R,SAI,55,Williams,51.0,2.0,HARD,21.0,True,82.198,27.086,27.92,27.192,12.0,1,True,False,True,90.0,5.0,26.76111111111111,43.28819444444444,False,False,False,False,False,True,84.898,85.78222102066128,-0.8842210206612862
2025,Monza,R,SAI,55,Williams,52.0,2.0,HARD,22.0,True,82.048,27.123,27.863,27.062,11.0,1,True,False,True,91.8,5.0,26.76111111111111,43.28819444444444,False,False,False,False,False,True,84.802,85.78222102066128,-0.9802210206612756
2025,Monza,R,SAI,55,Williams,53.0,2.0,HARD,23.0,True,82.382,27.146,28.159,27.077,11.0,1,True,False,True,93.6,5.0,26.76111111111111,43.28819444444444,False,False,False,False,False,True,85.19,85.78222102066128,-0.5922210206612846
2025,Monza,R,BEA,87,Haas F1 Team,2.0,1.0,MEDIUM,2.0,True,85.671,27.91,29.363,28.398,11.0,1,True,False,True,1.8,5.0,26.76111111111111,43.28819444444444,False,False,False,False,False,True,85.72500000000001,85.36690226114654,0.3580977388534734
2025,Monza,R,BEA,87,Haas F1 Team,3.0,1.0,MEDIUM,3.0,True,85.42,27.504,29.406,28.51,11.0,1,True,False,True,3.6,5.0,26.76111111111111,43.28819444444444,False,False,False,False,False,True,85.528,85.36690226114654,0.16109773885347067
2025,Monza,R,BEA,87,Haas F1 Team,4.0,1.0,MEDIUM,4.0,True,84.885,27.563,29.162,28.16,11.0,1,True,False,True,5.4,5.0,26.76111111111111,43.28819444444444,False,False,False,False,False,True,85.04700000000001,85.36690226114654,-0.31990226114652387
2025,Monza,R,BEA,87,Haas F1 Team,5.0,1.0,MEDIUM,5.0,True,84.829,27.591,29.143,28.095,11.0,1,True,False,True,7.2,5.0,26.76111111111111,43.28819444444444,False,False,False,False,False,True,85.04499999999999,85.36690226114654,-0.32190226114654763
2025,Monza,R,BEA,87,Haas F1 Team,6.0,1.0,MEDIUM,6.0,True,84.745,27.447,29.068,28.23,11.0,1,True,False,True,9.0,5.0,26.76111111111111,43.28819444444444,False,False,False,False,False,True,85.015,85.36690226114654,-0.35190226114653456
2025,Monza,R,BEA,87,Haas F1 Team,7.0,1.0,MEDIUM,7.0,True,84.625,27.633,28.919,28.073,11.0,1,True,False,True,10.8,5.0,26.76111111111111,43.28819444444444,False,False,False,False,False,True,84.949,85.36690226114654,-0.41790226114653706
2025,Monza,R,BEA,87,Haas F1 Team,8.0,1.0,MEDIUM,8.0,True,84.494,27.518,28.916,28.06,11.0,1,True,False,True,12.6,5.0,26.76111111111111,43.28819444444444,False,False,False,False,False,True,84.872,85.36690226114654,-0.49490226114653524
2025,Monza,R,BEA,87,Haas F1 Team,9.0,1.0,MEDIUM,9.0,True,84.52,27.649,28.879,27.992,11.0,1,True,False,True,14.4,5.0,26.76111111111111,43.28819444444444,False,False,False,False,False,True,84.952,85.36690226114654,-0.41490226114653694
2025,Monza,R,BEA,87,Haas F1 Team,10.0,1.0,MEDIUM,10.0,True,84.534,27.517,28.93,28.087,11.0,1,True,False,True,16.2,5.0,26.76111111111111,43.28819444444444,False,False,False,False,False,True,85.02000000000001,85.36690226114654,-0.3469022611465249
2025,Monza,R,BEA,87,Haas F1 Team,11.0,1.0,MEDIUM,11.0,True,84.662,27.558,28.962,28.142,11.0,1,True,False,True,18.0,5.0,26.76111111111111,43.28819444444444,False,False,False,False,False,True,85.20200000000001,85.36690226114654,-0.16490226114652273
2025,Monza,R,BEA,87,Haas F1 Team,12.0,1.0,MEDIUM,12.0,True,84.559,27.46,28.875,28.224,11.0,1,True,False,True,19.8,5.0,26.76111111111111,43.28819444444444,False,False,False,False,False,True,85.15299999999999,85.36690226114654,-0.21390226114654354
2025,Monza,R,BEA,87,Haas F1 Team,13.0,1.0,MEDIUM,13.0,True,84.423,27.367,28.796,28.26,11.0,1,True,False,True,21.6,5.0,26.76111111111111,43.28819444444444,False,False,False,False,False,True,85.071,85.36690226114654,-0.29590226114653717
2025,Monza,R,BEA,87,Haas F1 Team,14.0,1.0,MEDIUM,14.0,True,84.296,27.316,28.816,28.164,11.0,1,True,False,True,23.4,5.0,26.76111111111111,43.28819444444444,False,False,False,False,False,True,84.998,85.36690226114654,-0.36890226114653046
2025,Monza,R,BEA,87,Haas F1 Team,15.0,1.0,MEDIUM,15.0,True,84.514,27.446,28.876,28.192,11.0,1,True,False,True,25.2,5.0,26.76111111111111,43.28819444444444,False,False,False,False,False,True,85.27,85.36690226114654,-0.0969022611465391
2025,Monza,R,BEA,87,Haas F1 Team,16.0,1.0,MEDIUM,16.0,True,84.385,27.353,28.837,28.195,11.0,1,True,False,True,27.0,5.0,26.76111111111111,43.28819444444444,False,False,False,False,False,True,85.19500000000001,85.36690226114654,-0.17190226114652774
2025,Monza,R,BEA,87,Haas F1 Team,17.0,1.0,MEDIUM,17.0,True,84.301,27.359,28.903,28.039,11.0,1,True,False,True,28.8,5.0,26.76111111111111,43.28819444444444,False,False,False,False,False,True,85.165,85.36690226114654,-0.20190226114652887
2025,Monza,R,BEA,87,Haas F1 Team,20.0,2.0,HARD,2.0,True,83.028,27.144,28.301,27.583,18.0,1,True,False,True,34.2,5.0,26.76111111111111,43.28819444444444,False,False,False,False,False,True,84.054,85.78222102066128,-1.7282210206612802
2025,Monza,R,BEA,87,Haas F1 Team,21.0,2.0,HARD,3.0,True,84.118,27.54,28.684,27.894,18.0,1,True,False,True,36.0,5.0,26.76111111111111,43.28819444444444,False,False,False,False,False,True,85.198,85.78222102066128,-0.584221020661289
2025,Monza,R,BEA,87,Haas F1 Team,22.0,2.0,HARD,4.0,True,84.474,27.316,29.081,28.077,18.0,1,True,False,True,37.8,5.0,26.76111111111111,43.28819444444444,False,False,False,False,False,True,85.608,85.78222102066128,-0.1742210206612782
2025,Monza,R,BEA,87,Haas F1 Team,23.0,2.0,HARD,5.0,True,84.261,27.431,28.887,27.943,18.0,1,True,False,True,39.6,5.0,26.76111111111111,43.28819444444444,False,False,False,False,False,True,85.449,85.78222102066128,-0.33322102066128423
2025,Monza,R,BEA,87,Haas F1 Team,24.0,2.0,HARD,6.0,True,84.118,27.383,28.82,27.915,17.0,1,True,False,True,41.4,5.0,26.76111111111111,43.28819444444444,False,False,False,False,False,True,85.36,85.78222102066128,-0.42222102066128286
2025,Monza,R,BEA,87,Haas F1 Team,25.0,2.0,HARD,7.0,True,83.952,27.441,28.721,27.79,16.0,1,True,False,True,43.2,5.0,26.76111111111111,43.28819444444444,False,False,False,False,False,True,85.248,85.78222102066128,-0.5342210206612776
2025,Monza,R,BEA,87,Haas F1 Team,26.0,2.0,HARD,8.0,True,83.879,27.541,28.68,27.658,16.0,1,True,False,True,45.0,5.0,26.76111111111111,43.28819444444444,False,False,False,False,False,True,85.229,85.78222102066128,-0.5532210206612831
2025,Monza,R,BEA,87,Haas F1 Team,27.0,2.0,HARD,9.0,True,83.514,27.516,28.459,27.539,16.0,1,True,False,True,46.8,5.0,26.76111111111111,43.28819444444444,False,False,False,False,False,True,84.91799999999999,85.78222102066128,-0.8642210206612901
2025,Monza,R,BEA,87,Haas F1 Team,28.0,2.0,HARD,10.0,True,83.334,27.56,28.317,27.457,16.0,1,True,False,True,48.6,5.0,26.76111111111111,43.28819444444444,False,False,False,False,False,True,84.792,85.78222102066128,-0.9902210206612807
2025,Monza,R,BEA,87,Haas F1 Team,29.0,2.0,HARD,11.0,True,83.368,27.529,28.255,27.584,16.0,1,True,False,True,50.4,5.0,26.76111111111111,43.28819444444444,False,False,False,False,False,True,84.88,85.78222102066128,-0.9022210206612868
2025,Monza,R,BEA,87,Haas F1 Team,30.0,2.0,HARD,12.0,True,83.22,27.439,28.228,27.553,16.0,1,True,False,True,52.2,5.0,26.76111111111111,43.28819444444444,False,False,False,False,False,True,84.786,85.78222102066128,-0.9962210206612809
2025,Monza,R,BEA,87,Haas F1 Team,31.0,2.0,HARD,13.0,True,83.182,27.433,28.307,27.442,15.0,1,True,False,True,54.0,5.0,26.76111111111111,43.28819444444444,False,False,False,False,False,True,84.802,85.78222102066128,-0.9802210206612756
2025,Monza,R,BEA,87,Haas F1 Team,32.0,2.0,HARD,14.0,True,83.182,27.417,28.21,27.555,15.0,1,True,False,True,55.8,5.0,26.76111111111111,43.28819444444444,False,False,False,False,False,True,84.85600000000001,85.78222102066128,-0.9262210206612735
2025,Monza,R,BEA,87,Haas F1 Team,33.0,2.0,HARD,15.0,True,83.055,27.384,28.342,27.329,14.0,1,True,False,True,57.6,5.0,26.76111111111111,43.28819444444444,False,False,False,False,False,True,84.783,85.78222102066128,-0.999221020661281
2025,Monza,R,BEA,87,Haas F1 Team,34.0,2.0,HARD,16.0,True,82.911,27.45,28.099,27.362,13.0,1,True,False,True,59.4,5.0,26.76111111111111,43.28819444444444,False,False,False,False,False,True,84.693,85.78222102066128,-1.0892210206612845
2025,Monza,R,BEA,87,Haas F1 Team,35.0,2.0,HARD,17.0,True,82.936,27.334,28.095,27.507,13.0,1,True,False,True,61.2,5.0,26.76111111111111,43.28819444444444,False,False,False,False,False,True,84.772,85.78222102066128,-1.0102210206612767
2025,Monza,R,BEA,87,Haas F1 Team,36.0,2.0,HARD,18.0,True,82.645,27.266,28.111,27.268,13.0,1,True,False,True,63.0,5.0,26.76111111111111,43.28819444444444,False,False,False,False,False,True,84.535,85.78222102066128,-1.2472210206612857
2025,Monza,R,BEA,87,Haas F1 Team,37.0,2.0,HARD,19.0,True,82.581,27.261,27.989,27.331,13.0,1,True,False,True,64.8,5.0,26.76111111111111,43.28819444444444,False,False,False,False,False,True,84.525,85.78222102066128,-1.2572210206612766
2025,Monza,R,BEA,87,Haas F1 Team,38.0,2.0,HARD,20.0,True,82.803,27.282,28.055,27.466,13.0,1,True,False,True,66.60000000000001,5.0,26.76111111111111,43.28819444444444,False,False,False,False,False,True,84.801,85.78222102066128,-0.9812210206612804
2025,Monza,R,BEA,87,Haas F1 Team,39.0,2.0,HARD,21.0,True,83.186,27.245,28.098,27.843,13.0,1,True,False,True,68.4,5.0,26.76111111111111,43.28819444444444,False,False,False,False,False,True,85.23800000000001,85.78222102066128,-0.5442210206612685
2025,Monza,R,BEA,87,Haas F1 Team,41.0,2.0,HARD,23.0,True,82.926,27.259,28.228,27.439,15.0,1,True,False,True,72.0,5.0,26.76111111111111,43.28819444444444,False,False,False,False,False,True,85.086,85.78222102066128,-0.6962210206612838
2025,Monza,R,BEA,87,Haas F1 Team,42.0,2.0,HARD,24.0,True,82.82,27.263,28.126,27.431,15.0,1,True,False,True,73.8,5.0,26.76111111111111,43.28819444444444,False,False,False,False,False,True,85.03399999999999,85.78222102066128,-0.7482210206612905
2025,Monza,R,BEA,87,Haas F1 Team,43.0,2.0,HARD,25.0,True,82.518,27.262,27.902,27.354,15.0,1,True,False,True,75.60000000000001,5.0,26.76111111111111,43.28819444444444,False,False,False,False,False,True,84.786,85.78222102066128,-0.9962210206612809
2025,Monza,R,BEA,87,Haas F1 Team,44.0,2.0,HARD,26.0,True,82.709,27.278,28.181,27.25,15.0,1,True,False,True,77.4,5.0,26.76111111111111,43.28819444444444,False,False,False,False,False,True,85.031,85.78222102066128,-0.7512210206612764
2025,Monza,R,BEA,87,Haas F1 Team,45.0,2.0,HARD,27.0,True,82.616,27.365,27.991,27.26,15.0,1,True,False,True,79.2,5.0,26.76111111111111,43.28819444444444,False,False,False,False,False,True,84.992,85.78222102066128,-0.7902210206612779
2025,Monza,R,BEA,87,Haas F1 Team,46.0,2.0,HARD,28.0,True,82.319,27.229,27.835,27.255,15.0,1,True,False,True,81.0,5.0,26.76111111111111,43.28819444444444,False,False,False,False,False,True,84.749,85.78222102066128,-1.033221020661287
2025,Monza,R,BEA,87,Haas F1 Team,47.0,2.0,HARD,29.0,True,82.403,27.241,27.917,27.245,15.0,1,True,False,True,82.8,5.0,26.76111111111111,43.28819444444444,False,False,False,False,False,True,84.887,85.78222102066128,-0.8952210206612818
2025,Monza,R,BEA,87,Haas F1 Team,48.0,2.0,HARD,30.0,True,82.378,27.155,27.998,27.225,15.0,1,True,False,True,84.60000000000001,5.0,26.76111111111111,43.28819444444444,False,False,False,False,False,True,84.916,85.78222102066128,-0.8662210206612855
2025,Monza,R,BEA,87,Haas F1 Team,49.0,2.0,HARD,31.0,True,82.511,27.404,27.884,27.223,15.0,1,True,False,True,86.4,5.0,26.76111111111111,43.28819444444444,False,False,False,False,False,True,85.103,85.78222102066128,-0.6792210206612879
2025,Monza,R,BEA,87,Haas F1 Team,50.0,2.0,HARD,32.0,True,82.066,27.136,27.738,27.192,13.0,1,True,False,True,88.2,5.0,26.76111111111111,43.28819444444444,False,False,False,False,False,True,84.712,85.78222102066128,-1.070221020661279
2025,Monza,R,BEA,87,Haas F1 Team,51.0,2.0,HARD,33.0,True,82.128,27.166,27.837,27.125,13.0,1,True,False,True,90.0,5.0,26.76111111111111,43.28819444444444,False,False,False,False,False,True,84.828,85.78222102066128,-0.9542210206612793
2025,Monza,R,BEA,87,Haas F1 Team,52.0,2.0,HARD,34.0,True,82.159,27.198,27.797,27.164,12.0,1,True,False,True,91.8,5.0,26.76111111111111,43.28819444444444,False,False,False,False,False,True,84.91300000000001,85.78222102066128,-0.8692210206612714
2025,Monza,R,BEA,87,Haas F1 Team,53.0,2.0,HARD,35.0,True,81.82,27.055,27.796,26.969,12.0,1,True,False,True,93.6,5.0,26.76111111111111,43.28819444444444,False,False,False,False,False,True,84.62799999999999,85.78222102066128,-1.1542210206612964
2025,Monza,R,TSU,22,Red Bull Racing,2.0,1.0,MEDIUM,2.0,True,85.349,27.805,29.267,28.277,9.0,1,True,False,True,1.8,5.0,26.76111111111111,43.28819444444444,False,False,False,False,False,True,85.403,85.36690226114654,0.03609773885347067
2025,Monza,R,TSU,22,Red Bull Racing,3.0,1.0,MEDIUM,3.0,True,85.526,27.68,29.478,28.368,9.0,1,True,False,True,3.6,5.0,26.76111111111111,43.28819444444444,False,False,False,False,False,True,85.634,85.36690226114654,0.2670977388534652
2025,Monza,R,TSU,22,Red Bull Racing,4.0,1.0,MEDIUM,4.0,True,84.871,27.607,29.192,28.072,9.0,1,True,False,True,5.4,5.0,26.76111111111111,43.28819444444444,False,False,False,False,False,True,85.033,85.36690226114654,-0.3339022611465339
2025,Monza,R,TSU,22,Red Bull Racing,5.0,1.0,MEDIUM,5.0,True,84.594,27.424,29.067,28.103,9.0,1,True,False,True,7.2,5.0,26.76111111111111,43.28819444444444,False,False,False,False,False,True,84.80999999999999,85.36690226114654,-0.5569022611465471
2025,Monza,R,TSU,22,Red Bull Racing,6.0,1.0,MEDIUM,6.0,True,84.897,27.516,29.248,28.133,9.0,1,True,False,True,9.0,5.0,26.76111111111111,43.28819444444444,False,False,False,False,False,True,85.167,85.36690226114654,-0.19990226114653353
2025,Monza,R,TSU,22,Red Bull Racing,7.0,1.0,MEDIUM,7.0,True,84.656,27.626,28.973,28.057,9.0,1,True,False,True,10.8,5.0,26.76111111111111,43.28819444444444,False,False,False,False,False,True,84.98,85.36690226114654,-0.38690226114653115
2025,Monza,R,TSU,22,Red Bull Racing,8.0,1.0,MEDIUM,8.0,True,84.453,27.502,28.976,27.975,9.0,1,True,False,True,12.6,5.0,26.76111111111111,43.28819444444444,False,False,False,False,False,True,84.831,85.36690226114654,-0.535902261146532
2025,Monza,R,TSU,22,Red Bull Racing,9.0,1.0,MEDIUM,9.0,True,84.53,27.531,28.874,28.125,9.0,1,True,False,True,14.4,5.0,26.76111111111111,43.28819444444444,False,False,False,False,False,True,84.962,85.36690226114654,-0.40490226114653183
2025,Monza,R,TSU,22,Red Bull Racing,10.0,1.0,MEDIUM,10.0,True,84.449,27.599,28.911,27.939,9.0,1,True,False,True,16.2,5.0,26.76111111111111,43.28819444444444,False,False,False,False,False,True,84.935,85.36690226114654,-0.43190226114653285
2025,Monza,R,TSU,22,Red Bull Racing,11.0,1.0,MEDIUM,11.0,True,84.414,27.572,28.861,27.981,9.0,1,True,False,True,18.0,5.0,26.76111111111111,43.28819444444444,False,False,False,False,False,True,84.95400000000001,85.36690226114654,-0.4129022611465274
2025,Monza,R,TSU,22,Red Bull Racing,12.0,1.0,MEDIUM,12.0,True,84.483,27.529,28.901,28.053,9.0,1,True,False,True,19.8,5.0,26.76111111111111,43.28819444444444,False,False,False,False,False,True,85.077,85.36690226114654,-0.28990226114653694
2025,Monza,R,TSU,22,Red Bull Racing,13.0,1.0,MEDIUM,13.0,True,84.506,27.428,29.046,28.032,9.0,1,True,False,True,21.6,5.0,26.76111111111111,43.28819444444444,False,False,False,False,False,True,85.154,85.36690226114654,-0.21290226114653876
2025,Monza,R,TSU,22,Red Bull Racing,14.0,1.0,MEDIUM,14.0,True,84.493,27.374,29.101,28.018,9.0,1,True,False,True,23.4,5.0,26.76111111111111,43.28819444444444,False,False,False,False,False,True,85.195,85.36690226114654,-0.17190226114654195
2025,Monza,R,TSU,22,Red Bull Racing,15.0,1.0,MEDIUM,15.0,True,84.395,27.406,28.914,28.075,9.0,1,True,False,True,25.2,5.0,26.76111111111111,43.28819444444444,False,False,False,False,False,True,85.151,85.36690226114654,-0.21590226114653888
2025,Monza,R,TSU,22,Red Bull Racing,16.0,1.0,MEDIUM,16.0,True,84.526,27.552,28.977,27.997,9.0,1,True,False,True,27.0,5.0,26.76111111111111,43.28819444444444,False,False,False,False,False,True,85.336,85.36690226114654,-0.030902261146536603
2025,Monza,R,TSU,22,Red Bull Racing,17.0,1.0,MEDIUM,17.0,True,84.35,27.471,28.984,27.895,9.0,1,True,False,True,28.8,5.0,26.76111111111111,43.28819444444444,False,False,False,False,False,True,85.214,85.36690226114654,-0.1529022611465365
2025,Monza,R,TSU,22,Red Bull Racing,18.0,1.0,MEDIUM,18.0,True,85.287,28.079,29.19,28.018,10.0,1,True,False,True,30.6,5.0,26.76111111111111,43.28819444444444,False,False,False,False,False,True,86.20500000000001,85.36690226114654,0.8380977388534774
2025,Monza,R,TSU,22,Red Bull Racing,21.0,2.0,HARD,2.0,True,83.884,27.5,28.66,27.724,19.0,1,True,False,True,36.0,5.0,26.76111111111111,43.28819444444444,False,False,False,False,False,True,84.964,85.78222102066128,-0.8182210206612837
2025,Monza,R,TSU,22,Red Bull Racing,22.0,2.0,HARD,3.0,True,84.099,27.449,28.724,27.926,19.0,1,True,False,True,37.8,5.0,26.76111111111111,43.28819444444444,False,False,False,False,False,True,85.233,85.78222102066128,-0.5492210206612782
2025,Monza,R,TSU,22,Red Bull Racing,23.0,2.0,HARD,4.0,True,84.256,27.565,28.815,27.876,19.0,1,True,False,True,39.6,5.0,26.76111111111111,43.28819444444444,False,False,False,False,False,True,85.444,85.78222102066128,-0.3382210206612797
2025,Monza,R,TSU,22,Red Bull Racing,24.0,2.0,HARD,5.0,True,84.238,27.388,28.833,28.017,18.0,1,True,False,True,41.4,5.0,26.76111111111111,43.28819444444444,False,False,False,False,False,True,85.48,85.78222102066128,-0.3022210206612783
2025,Monza,R,TSU,22,Red Bull Racing,25.0,2.0,HARD,6.0,True,84.722,27.597,29.096,28.029,18.0,1,True,False,True,43.2,5.0,26.76111111111111,43.28819444444444,False,False,False,False,False,True,86.018,85.78222102066128,0.2357789793387184
2025,Monza,R,TSU,22,Red Bull Racing,26.0,2.0,HARD,7.0,True,84.384,27.765,28.719,27.9,18.0,1,True,False,True,45.0,5.0,26.76111111111111,43.28819444444444,False,False,False,False,False,True,85.734,85.78222102066128,-0.04822102066128764
2025,Monza,R,TSU,22,Red Bull Racing,27.0,2.0,HARD,8.0,True,86.182,27.337,30.491,28.354,17.0,1,True,False,True,46.8,5.0,26.76111111111111,43.28819444444444,False,False,False,False,False,True,87.586,85.78222102066128,1.8037789793387162
2025,Monza,R,TSU,22,Red Bull Racing,28.0,2.0,HARD,9.0,True,84.258,27.789,28.773,27.696,17.0,1,True,False,True,48.6,5.0,26.76111111111111,43.28819444444444,False,False,False,False,False,True,85.716,85.78222102066128,-0.06622102066128832
2025,Monza,R,TSU,22,Red Bull Racing,29.0,2.0,HARD,10.0,True,83.884,27.661,28.54,27.683,17.0,1,True,False,True,50.4,5.0,26.76111111111111,43.28819444444444,False,False,False,False,False,True,85.396,85.78222102066128,-0.3862210206612815
2025,Monza,R,TSU,22,Red Bull Racing,30.0,2.0,HARD,11.0,True,83.732,27.584,28.497,27.651,17.0,1,True,False,True,52.2,5.0,26.76111111111111,43.28819444444444,False,False,False,False,False,True,85.298,85.78222102066128,-0.4842210206612805
2025,Monza,R,TSU,22,Red Bull Racing,31.0,2.0,HARD,12.0,True,83.732,27.544,28.41,27.778,17.0,1,True,False,True,54.0,5.0,26.76111111111111,43.28819444444444,False,False,False,False,False,True,85.352,85.78222102066128,-0.43022102066127843
2025,Monza,R,TSU,22,Red Bull Racing,32.0,2.0,HARD,13.0,True,83.682,27.524,28.501,27.657,17.0,1,True,False,True,55.8,5.0,26.76111111111111,43.28819444444444,False,False,False,False,False,True,85.35600000000001,85.78222102066128,-0.42622102066127354
2025,Monza,R,TSU,22,Red Bull Racing,33.0,2.0,HARD,14.0,True,83.505,27.336,28.536,27.633,17.0,1,True,False,True,57.6,5.0,26.76111111111111,43.28819444444444,False,False,False,False,False,True,85.23299999999999,85.78222102066128,-0.5492210206612924
2025,Monza,R,TSU,22,Red Bull Racing,34.0,2.0,HARD,15.0,True,83.647,27.631,28.417,27.599,16.0,1,True,False,True,59.4,5.0,26.76111111111111,43.28819444444444,False,False,False,False,False,True,85.429,85.78222102066128,-0.35322102066128025
2025,Monza,R,TSU,22,Red Bull Racing,35.0,2.0,HARD,16.0,True,83.501,27.467,28.442,27.592,16.0,1,True,False,True,61.2,5.0,26.76111111111111,43.28819444444444,False,False,False,False,False,True,85.337,85.78222102066128,-0.445221020661279
2025,Monza,R,TSU,22,Red Bull Racing,36.0,2.0,HARD,17.0,True,83.619,27.531,28.429,27.659,16.0,1,True,False,True,63.0,5.0,26.76111111111111,43.28819444444444,False,False,False,False,False,True,85.509,85.78222102066128,-0.27322102066128195
2025,Monza,R,TSU,22,Red Bull Racing,37.0,2.0,HARD,18.0,True,83.34,27.453,28.383,27.504,16.0,1,True,False,True,64.8,5.0,26.76111111111111,43.28819444444444,False,False,False,False,False,True,85.284,85.78222102066128,-0.49822102066127627
2025,Monza,R,TSU,22,Red Bull Racing,38.0,2.0,HARD,19.0,True,83.793,27.524,28.701,27.568,16.0,1,True,False,True,66.60000000000001,5.0,26.76111111111111,43.28819444444444,False,False,False,False,False,True,85.79100000000001,85.78222102066128,0.008778979338728732
2025,Monza,R,TSU,22,Red Bull Racing,39.0,2.0,HARD,20.0,True,83.403,27.46,28.411,27.532,16.0,1,True,False,True,68.4,5.0,26.76111111111111,43.28819444444444,False,False,False,False,False,True,85.45500000000001,85.78222102066128,-0.3272210206612698
2025,Monza,R,TSU,22,Red Bull Racing,41.0,2.0,HARD,22.0,True,83.26,27.395,28.365,27.5,16.0,1,True,False,True,72.0,5.0,26.76111111111111,43.28819444444444,False,False,False,False,False,True,85.42,85.78222102066128,-0.3622210206612806
2025,Monza,R,TSU,22,Red Bull Racing,42.0,2.0,HARD,23.0,True,83.277,27.393,28.369,27.515,16.0,1,True,False,True,73.8,5.0,26.76111111111111,43.28819444444444,False,False,False,False,False,True,85.491,85.78222102066128,-0.29122102066128264
2025,Monza,R,TSU,22,Red Bull Racing,43.0,2.0,HARD,24.0,True,83.048,27.439,28.131,27.478,16.0,1,True,False,True,75.60000000000001,5.0,26.76111111111111,43.28819444444444,False,False,False,False,False,True,85.316,85.78222102066128,-0.4662210206612798
2025,Monza,R,TSU,22,Red Bull Racing,44.0,2.0,HARD,25.0,True,83.091,27.331,28.27,27.49,16.0,1,True,False,True,77.4,5.0,26.76111111111111,43.28819444444444,False,False,False,False,False,True,85.413,85.78222102066128,-0.3692210206612856
2025,Monza,R,TSU,22,Red Bull Racing,45.0,2.0,HARD,26.0,True,83.037,27.454,28.214,27.369,16.0,1,True,False,True,79.2,5.0,26.76111111111111,43.28819444444444,False,False,False,False,False,True,85.41300000000001,85.78222102066128,-0.3692210206612714
2025,Monza,R,TSU,22,Red Bull Racing,46.0,2.0,HARD,27.0,True,83.236,27.42,28.426,27.39,16.0,1,True,False,True,81.0,5.0,26.76111111111111,43.28819444444444,False,False,False,False,False,True,85.666,85.78222102066128,-0.11622102066128548
2025,Monza,R,TSU,22,Red Bull Racing,47.0,2.0,HARD,28.0,True,83.031,27.418,28.243,27.37,16.0,1,True,False,True,82.8,5.0,26.76111111111111,43.28819444444444,False,False,False,False,False,True,85.515,85.78222102066128,-0.2672210206612817
2025,Monza,R,TSU,22,Red Bull Racing,48.0,2.0,HARD,29.0,True,82.8,27.3,28.155,27.345,16.0,1,True,False,True,84.60000000000001,5.0,26.76111111111111,43.28819444444444,False,False,False,False,False,True,85.338,85.78222102066128,-0.44422102066128843
2025,Monza,R,TSU,22,Red Bull Racing,49.0,2.0,HARD,30.0,True,82.946,27.365,28.212,27.369,16.0,1,True,False,True,86.4,5.0,26.76111111111111,43.28819444444444,False,False,False,False,False,True,85.538,85.78222102066128,-0.2442210206612856
2025,Monza,R,TSU,22,Red Bull Racing,50.0,2.0,HARD,31.0,True,82.83,27.336,28.11,27.384,14.0,1,True,False,True,88.2,5.0,26.76111111111111,43.28819444444444,False,False,False,False,False,True,85.476,85.78222102066128,-0.3062210206612832
2025,Monza,R,TSU,22,Red Bull Racing,51.0,2.0,HARD,32.0,True,82.997,27.358,28.265,27.374,14.0,1,True,False,True,90.0,5.0,26.76111111111111,43.28819444444444,False,False,False,False,False,True,85.697,85.78222102066128,-0.08522102066127957
2025,Monza,R,TSU,22,Red Bull Racing,52.0,2.0,HARD,33.0,True,82.712,27.316,28.073,27.323,13.0,1,True,False,True,91.8,5.0,26.76111111111111,43.28819444444444,False,False,False,False,False,True,85.46600000000001,85.78222102066128,-0.3162210206612741
2025,Monza,R,TSU,22,Red Bull Racing,53.0,2.0,HARD,34.0,True,83.125,27.413,28.264,27.448,13.0,1,True,False,True,93.6,5.0,26.76111111111111,43.28819444444444,False,False,False,False,False,True,85.93299999999999,85.78222102066128,0.15077897933871043
2025,Monza,R,LAW,30,Racing Bulls,2.0,1.0,SOFT,2.0,True,86.251,28.289,29.65,28.312,15.0,1,True,False,True,1.8,5.0,26.76111111111111,43.28819444444444,False,False,False,False,False,True,86.305,86.215284118691,0.08971588130900443
2025,Monza,R,LAW,30,Racing Bulls,3.0,1.0,SOFT,3.0,True,84.942,27.394,29.194,28.354,15.0,1,True,False,True,3.6,5.0,26.76111111111111,43.28819444444444,False,False,False,False,False,True,85.05,86.215284118691,-1.1652841186910052
2025,Monza,R,LAW,30,Racing Bulls,4.0,1.0,SOFT,4.0,True,85.404,27.594,29.348,28.462,15.0,1,True,False,True,5.4,5.0,26.76111111111111,43.28819444444444,False,False,False,False,False,True,85.566,86.215284118691,-0.6492841186909999
2025,Monza,R,LAW,30,Racing Bulls,5.0,1.0,SOFT,5.0,True,84.828,27.397,29.118,28.313,15.0,1,True,False,True,7.2,5.0,26.76111111111111,43.28819444444444,False,False,False,False,False,True,85.044,86.215284118691,-1.1712841186910055
2025,Monza,R,LAW,30,Racing Bulls,6.0,1.0,SOFT,6.0,True,84.656,27.329,29.095,28.232,15.0,1,True,False,True,9.0,5.0,26.76111111111111,43.28819444444444,False,False,False,False,False,True,84.926,86.215284118691,-1.2892841186910005
2025,Monza,R,LAW,30,Racing Bulls,7.0,1.0,SOFT,7.0,True,84.85,27.429,29.162,28.259,15.0,1,True,False,True,10.8,5.0,26.76111111111111,43.28819444444444,False,False,False,False,False,True,85.17399999999999,86.215284118691,-1.04128411869101
2025,Monza,R,LAW,30,Racing Bulls,8.0,1.0,SOFT,8.0,True,84.725,27.534,29.056,28.135,15.0,1,True,False,True,12.6,5.0,26.76111111111111,43.28819444444444,False,False,False,False,False,True,85.103,86.215284118691,-1.112284118691008
2025,Monza,R,LAW,30,Racing Bulls,11.0,2.0,HARD,2.0,True,83.879,27.5,28.517,27.862,19.0,1,True,False,True,18.0,5.0,26.76111111111111,43.28819444444444,False,False,False,False,False,True,84.41900000000001,85.78222102066128,-1.3632210206612712
2025,Monza,R,LAW,30,Racing Bulls,12.0,2.0,HARD,3.0,True,84.214,27.524,28.814,27.876,19.0,1,True,False,True,19.8,5.0,26.76111111111111,43.28819444444444,False,False,False,False,False,True,84.80799999999999,85.78222102066128,-0.9742210206612896
2025,Monza,R,LAW,30,Racing Bulls,13.0,2.0,HARD,4.0,True,83.95,27.478,28.597,27.875,19.0,1,True,False,True,21.6,5.0,26.76111111111111,43.28819444444444,False,False,False,False,False,True,84.598,85.78222102066128,-1.1842210206612833
2025,Monza,R,LAW,30,Racing Bulls,14.0,2.0,HARD,5.0,True,83.849,27.438,28.591,27.82,19.0,1,True,False,True,23.4,5.0,26.76111111111111,43.28819444444444,False,False,False,False,False,True,84.551,85.78222102066128,-1.2312210206612804
2025,Monza,R,LAW,30,Racing Bulls,15.0,2.0,HARD,6.0,True,83.949,27.489,28.718,27.742,19.0,1,True,False,True,25.2,5.0,26.76111111111111,43.28819444444444,False,False,False,False,False,True,84.705,85.78222102066128,-1.077221020661284
2025,Monza,R,LAW,30,Racing Bulls,16.0,2.0,HARD,7.0,True,83.753,27.497,28.534,27.722,19.0,1,True,False,True,27.0,5.0,26.76111111111111,43.28819444444444,False,False,False,False,False,True,84.563,85.78222102066128,-1.21922102066128
2025,Monza,R,LAW,30,Racing Bulls,17.0,2.0,HARD,8.0,True,83.821,27.53,28.522,27.769,19.0,1,True,False,True,28.8,5.0,26.76111111111111,43.28819444444444,False,False,False,False,False,True,84.685,85.78222102066128,-1.09722102066128
2025,Monza,R,LAW,30,Racing Bulls,18.0,2.0,HARD,9.0,True,84.044,27.55,28.647,27.847,19.0,1,True,False,True,30.6,5.0,26.76111111111111,43.28819444444444,False,False,False,False,False,True,84.962,85.78222102066128,-0.820221020661279
2025,Monza,R,LAW,30,Racing Bulls,19.0,2.0,HARD,10.0,True,83.877,27.484,28.644,27.749,18.0,1,True,False,True,32.4,5.0,26.76111111111111,43.28819444444444,False,False,False,False,False,True,84.84899999999999,85.78222102066128,-0.9332210206612928
2025,Monza,R,LAW,30,Racing Bulls,20.0,2.0,HARD,11.0,True,83.764,27.466,28.547,27.751,17.0,1,True,False,True,34.2,5.0,26.76111111111111,43.28819444444444,False,False,False,False,False,True,84.78999999999999,85.78222102066128,-0.9922210206612903
2025,Monza,R,LAW,30,Racing Bulls,21.0,2.0,HARD,12.0,True,84.735,27.781,29.142,27.812,16.0,1,True,False,True,36.0,5.0,26.76111111111111,43.28819444444444,False,False,False,False,False,True,85.815,85.78222102066128,0.03277897933871543
2025,Monza,R,LAW,30,Racing Bulls,22.0,2.0,HARD,13.0,True,85.2,27.906,29.32,27.974,17.0,1,True,False,True,37.8,5.0,26.76111111111111,43.28819444444444,False,False,False,False,False,True,86.334,85.78222102066128,0.5517789793387209
2025,Monza,R,LAW,30,Racing Bulls,23.0,2.0,HARD,14.0,True,84.165,27.448,28.864,27.853,17.0,1,True,False,True,39.6,5.0,26.76111111111111,43.28819444444444,False,False,False,False,False,True,85.35300000000001,85.78222102066128,-0.42922102066127366
2025,Monza,R,LAW,30,Racing Bulls,24.0,2.0,HARD,15.0,True,84.185,27.469,28.843,27.873,16.0,1,True,False,True,41.4,5.0,26.76111111111111,43.28819444444444,False,False,False,False,False,True,85.427,85.78222102066128,-0.3552210206612756
2025,Monza,R,LAW,30,Racing Bulls,25.0,2.0,HARD,16.0,True,85.332,27.925,29.308,28.099,17.0,1,True,False,True,43.2,5.0,26.76111111111111,43.28819444444444,False,False,False,False,False,True,86.628,85.78222102066128,0.8457789793387178
2025,Monza,R,LAW,30,Racing Bulls,26.0,2.0,HARD,17.0,True,84.202,27.527,28.896,27.779,17.0,1,True,False,True,45.0,5.0,26.76111111111111,43.28819444444444,False,False,False,False,False,True,85.55199999999999,85.78222102066128,-0.2302210206612898
2025,Monza,R,LAW,30,Racing Bulls,27.0,2.0,HARD,18.0,True,87.448,28.004,30.635,28.809,18.0,1,True,False,True,46.8,5.0,26.76111111111111,43.28819444444444,False,False,False,False,False,True,88.85199999999999,85.78222102066128,3.0697789793387074
2025,Monza,R,LAW,30,Racing Bulls,28.0,2.0,HARD,19.0,True,84.5,27.697,28.861,27.942,18.0,1,True,False,True,48.6,5.0,26.76111111111111,43.28819444444444,False,False,False,False,False,True,85.958,85.78222102066128,0.1757789793387161
2025,Monza,R,LAW,30,Racing Bulls,29.0,2.0,HARD,20.0,True,83.939,27.516,28.663,27.76,18.0,1,True,False,True,50.4,5.0,26.76111111111111,43.28819444444444,False,False,False,False,False,True,85.451,85.78222102066128,-0.3312210206612889
2025,Monza,R,LAW,30,Racing Bulls,30.0,2.0,HARD,21.0,True,83.69,27.402,28.59,27.698,18.0,1,True,False,True,52.2,5.0,26.76111111111111,43.28819444444444,False,False,False,False,False,True,85.256,85.78222102066128,-0.5262210206612821
2025,Monza,R,LAW,30,Racing Bulls,31.0,2.0,HARD,22.0,True,83.652,27.405,28.539,27.708,18.0,1,True,False,True,54.0,5.0,26.76111111111111,43.28819444444444,False,False,False,False,False,True,85.272,85.78222102066128,-0.5102210206612767
2025,Monza,R,LAW,30,Racing Bulls,32.0,2.0,HARD,23.0,True,83.657,27.282,28.683,27.692,18.0,1,True,False,True,55.8,5.0,26.76111111111111,43.28819444444444,False,False,False,False,False,True,85.331,85.78222102066128,-0.4512210206612792
2025,Monza,R,LAW,30,Racing Bulls,33.0,2.0,HARD,24.0,True,83.656,27.363,28.588,27.705,18.0,1,True,False,True,57.6,5.0,26.76111111111111,43.28819444444444,False,False,False,False,False,True,85.384,85.78222102066128,-0.39822102066128195
2025,Monza,R,LAW,30,Racing Bulls,34.0,2.0,HARD,25.0,True,83.574,27.418,28.532,27.624,17.0,1,True,False,True,59.4,5.0,26.76111111111111,43.28819444444444,False,False,False,False,False,True,85.356,85.78222102066128,-0.42622102066128775
2025,Monza,R,LAW,30,Racing Bulls,35.0,2.0,HARD,26.0,True,83.415,27.333,28.454,27.628,17.0,1,True,False,True,61.2,5.0,26.76111111111111,43.28819444444444,False,False,False,False,False,True,85.251,85.78222102066128,-0.5312210206612775
2025,Monza,R,LAW,30,Racing Bulls,36.0,2.0,HARD,27.0,True,83.615,27.315,28.598,27.702,17.0,1,True,False,True,63.0,5.0,26.76111111111111,43.28819444444444,False,False,False,False,False,True,85.505,85.78222102066128,-0.27722102066128684
2025,Monza,R,LAW,30,Racing Bulls,37.0,2.0,HARD,28.0,True,83.347,27.223,28.538,27.586,17.0,1,True,False,True,64.8,5.0,26.76111111111111,43.28819444444444,False,False,False,False,False,True,85.291,85.78222102066128,-0.4912210206612855
2025,Monza,R,LAW,30,Racing Bulls,38.0,2.0,HARD,29.0,True,83.802,27.233,28.784,27.785,17.0,1,True,False,True,66.60000000000001,5.0,26.76111111111111,43.28819444444444,False,False,False,False,False,True,85.80000000000001,85.78222102066128,0.017778979338729073
2025,Monza,R,LAW,30,Racing Bulls,39.0,2.0,HARD,30.0,True,83.386,27.208,28.61,27.568,17.0,1,True,False,True,68.4,5.0,26.76111111111111,43.28819444444444,False,False,False,False,False,True,85.438,85.78222102066128,-0.3442210206612799
2025,Monza,R,LAW,30,Racing Bulls,41.0,2.0,HARD,32.0,True,83.487,27.162,28.667,27.658,17.0,1,True,False,True,72.0,5.0,26.76111111111111,43.28819444444444,False,False,False,False,False,True,85.64699999999999,85.78222102066128,-0.13522102066129094
2025,Monza,R,LAW,30,Racing Bulls,42.0,2.0,HARD,33.0,True,83.334,27.225,28.472,27.637,17.0,1,True,False,True,73.8,5.0,26.76111111111111,43.28819444444444,False,False,False,False,False,True,85.548,85.78222102066128,-0.23422102066128048
2025,Monza,R,LAW,30,Racing Bulls,43.0,2.0,HARD,34.0,True,82.985,27.189,28.32,27.476,17.0,1,True,False,True,75.60000000000001,5.0,26.76111111111111,43.28819444444444,False,False,False,False,False,True,85.253,85.78222102066128,-0.5292210206612822
2025,Monza,R,LAW,30,Racing Bulls,44.0,2.0,HARD,35.0,True,83.09,27.289,28.297,27.504,17.0,1,True,False,True,77.4,5.0,26.76111111111111,43.28819444444444,False,False,False,False,False,True,85.412,85.78222102066128,-0.37022102066127616
2025,Monza,R,LAW,30,Racing Bulls,45.0,2.0,HARD,36.0,True,83.08,27.277,28.306,27.497,17.0,1,True,False,True,79.2,5.0,26.76111111111111,43.28819444444444,False,False,False,False,False,True,85.456,85.78222102066128,-0.3262210206612792
2025,Monza,R,LAW,30,Racing Bulls,46.0,2.0,HARD,37.0,True,83.189,27.299,28.443,27.447,17.0,1,True,False,True,81.0,5.0,26.76111111111111,43.28819444444444,False,False,False,False,False,True,85.619,85.78222102066128,-0.16322102066128252
2025,Monza,R,LAW,30,Racing Bulls,47.0,2.0,HARD,38.0,True,83.003,27.259,28.332,27.412,17.0,1,True,False,True,82.8,5.0,26.76111111111111,43.28819444444444,False,False,False,False,False,True,85.487,85.78222102066128,-0.2952210206612875
2025,Monza,R,LAW,30,Racing Bulls,48.0,2.0,HARD,39.0,True,82.798,27.14,28.235,27.423,17.0,1,True,False,True,84.60000000000001,5.0,26.76111111111111,43.28819444444444,False,False,False,False,False,True,85.336,85.78222102066128,-0.4462210206612838
2025,Monza,R,LAW,30,Racing Bulls,49.0,2.0,HARD,40.0,True,82.777,27.143,28.305,27.329,17.0,1,True,False,True,86.4,5.0,26.76111111111111,43.28819444444444,False,False,False,False,False,True,85.369,85.78222102066128,-0.4132210206612825
2025,Monza,R,LAW,30,Racing Bulls,50.0,2.0,HARD,41.0,True,83.051,27.295,28.267,27.489,15.0,1,True,False,True,88.2,5.0,26.76111111111111,43.28819444444444,False,False,False,False,False,True,85.697,85.78222102066128,-0.08522102066127957
2025,Monza,R,LAW,30,Racing Bulls,51.0,2.0,HARD,42.0,True,83.059,27.184,28.351,27.524,15.0,1,True,False,True,90.0,5.0,26.76111111111111,43.28819444444444,False,False,False,False,False,True,85.759,85.78222102066128,-0.023221020661281955
2025,Monza,R,LAW,30,Racing Bulls,52.0,2.0,HARD,43.0,True,82.914,27.14,28.372,27.402,14.0,1,True,False,True,91.8,5.0,26.76111111111111,43.28819444444444,False,False,False,False,False,True,85.668,85.78222102066128,-0.11422102066127593
2025,Monza,R,LAW,30,Racing Bulls,53.0,2.0,HARD,44.0,True,83.623,27.364,28.439,27.82,14.0,1,True,False,True,93.6,5.0,26.76111111111111,43.28819444444444,False,False,False,False,False,True,86.43100000000001,85.78222102066128,0.6487789793387293
2025,Monza,R,OCO,31,Haas F1 Team,2.0,1.0,HARD,2.0,True,85.897,28.398,28.92,28.579,14.0,1,True,False,True,1.8,5.0,26.76111111111111,43.28819444444444,False,False,False,False,False,True,85.95100000000001,85.78222102066128,0.16877897933872532
2025,Monza,R,OCO,31,Haas F1 Team,3.0,1.0,HARD,3.0,True,85.155,27.355,29.41,28.39,14.0,1,True,False,True,3.6,5.0,26.76111111111111,43.28819444444444,False,False,False,False,False,True,85.263,85.78222102066128,-0.5192210206612771
2025,Monza,R,OCO,31,Haas F1 Team,4.0,1.0,HARD,4.0,True,85.435,27.582,29.397,28.456,14.0,1,True,False,True,5.4,5.0,26.76111111111111,43.28819444444444,False,False,False,False,False,True,85.59700000000001,85.78222102066128,-0.18522102066127388
2025,Monza,R,OCO,31,Haas F1 Team,5.0,1.0,HARD,5.0,True,84.685,27.331,29.044,28.31,14.0,1,True,False,True,7.2,5.0,26.76111111111111,43.28819444444444,False,False,False,False,False,True,84.901,85.78222102066128,-0.881221020661286
2025,Monza,R,OCO,31,Haas F1 Team,6.0,1.0,HARD,6.0,True,84.65,27.256,29.079,28.315,14.0,1,True,False,True,9.0,5.0,26.76111111111111,43.28819444444444,False,False,False,False,False,True,84.92,85.78222102066128,-0.8622210206612806
2025,Monza,R,OCO,31,Haas F1 Team,7.0,1.0,HARD,7.0,True,84.85,27.447,29.087,28.316,14.0,1,True,False,True,10.8,5.0,26.76111111111111,43.28819444444444,False,False,False,False,False,True,85.17399999999999,85.78222102066128,-0.6082210206612899
2025,Monza,R,OCO,31,Haas F1 Team,8.0,1.0,HARD,8.0,True,84.608,27.471,28.952,28.185,14.0,1,True,False,True,12.6,5.0,26.76111111111111,43.28819444444444,False,False,False,False,False,True,84.986,85.78222102066128,-0.7962210206612781
2025,Monza,R,OCO,31,Haas F1 Team,9.0,1.0,HARD,9.0,True,84.657,27.351,29.06,28.246,14.0,1,True,False,True,14.4,5.0,26.76111111111111,43.28819444444444,False,False,False,False,False,True,85.089,85.78222102066128,-0.6932210206612837
2025,Monza,R,OCO,31,Haas F1 Team,10.0,1.0,HARD,10.0,True,84.466,27.444,28.819,28.203,14.0,1,True,False,True,16.2,5.0,26.76111111111111,43.28819444444444,False,False,False,False,False,True,84.952,85.78222102066128,-0.8302210206612841
2025,Monza,R,OCO,31,Haas F1 Team,11.0,1.0,HARD,11.0,True,84.489,27.438,28.825,28.226,14.0,1,True,False,True,18.0,5.0,26.76111111111111,43.28819444444444,False,False,False,False,False,True,85.02900000000001,85.78222102066128,-0.7532210206612717
2025,Monza,R,OCO,31,Haas F1 Team,12.0,1.0,HARD,12.0,True,84.509,27.423,28.808,28.278,14.0,1,True,False,True,19.8,5.0,26.76111111111111,43.28819444444444,False,False,False,False,False,True,85.103,85.78222102066128,-0.6792210206612879
2025,Monza,R,OCO,31,Haas F1 Team,13.0,1.0,HARD,13.0,True,84.474,27.299,28.986,28.189,14.0,1,True,False,True,21.6,5.0,26.76111111111111,43.28819444444444,False,False,False,False,False,True,85.122,85.78222102066128,-0.6602210206612824
2025,Monza,R,OCO,31,Haas F1 Team,14.0,1.0,HARD,14.0,True,84.203,27.25,28.887,28.066,14.0,1,True,False,True,23.4,5.0,26.76111111111111,43.28819444444444,False,False,False,False,False,True,84.905,85.78222102066128,-0.8772210206612812
2025,Monza,R,OCO,31,Haas F1 Team,15.0,1.0,HARD,15.0,True,84.494,27.433,28.879,28.182,14.0,1,True,False,True,25.2,5.0,26.76111111111111,43.28819444444444,False,False,False,False,False,True,85.25,85.78222102066128,-0.5322210206612823
2025,Monza,R,OCO,31,Haas F1 Team,16.0,1.0,HARD,16.0,True,84.481,27.415,28.849,28.217,14.0,1,True,False,True,27.0,5.0,26.76111111111111,43.28819444444444,False,False,False,False,False,True,85.291,85.78222102066128,-0.4912210206612855
2025,Monza,R,OCO,31,Haas F1 Team,17.0,1.0,HARD,17.0,True,84.394,27.327,28.895,28.172,14.0,1,True,False,True,28.8,5.0,26.76111111111111,43.28819444444444,False,False,False,False,False,True,85.25800000000001,85.78222102066128,-0.5242210206612725
2025,Monza,R,OCO,31,Haas F1 Team,18.0,1.0,HARD,18.0,True,84.639,27.416,28.959,28.264,13.0,1,True,False,True,30.6,5.0,26.76111111111111,43.28819444444444,False,False,False,False,False,True,85.557,85.78222102066128,-0.22522102066128014
2025,Monza,R,OCO,31,Haas F1 Team,19.0,1.0,HARD,19.0,True,84.425,27.414,28.868,28.143,12.0,1,True,False,True,32.4,5.0,26.76111111111111,43.28819444444444,False,False,False,False,False,True,85.39699999999999,85.78222102066128,-0.38522102066129094
2025,Monza,R,OCO,31,Haas F1 Team,20.0,1.0,HARD,20.0,True,84.21,27.337,28.747,28.126,12.0,1,True,False,True,34.2,5.0,26.76111111111111,43.28819444444444,False,False,False,False,False,True,85.23599999999999,85.78222102066128,-0.5462210206612923
2025,Monza,R,OCO,31,Haas F1 Team,21.0,1.0,HARD,21.0,True,84.006,27.365,28.645,27.996,10.0,1,True,False,True,36.0,5.0,26.76111111111111,43.28819444444444,False,False,False,False,False,True,85.086,85.78222102066128,-0.6962210206612838
2025,Monza,R,OCO,31,Haas F1 Team,22.0,1.0,HARD,22.0,True,83.713,27.37,28.518,27.825,10.0,1,True,False,True,37.8,5.0,26.76111111111111,43.28819444444444,False,False,False,False,False,True,84.847,85.78222102066128,-0.9352210206612881
2025,Monza,R,OCO,31,Haas F1 Team,23.0,1.0,HARD,23.0,True,83.79,27.373,28.47,27.947,10.0,1,True,False,True,39.6,5.0,26.76111111111111,43.28819444444444,False,False,False,False,False,True,84.97800000000001,85.78222102066128,-0.8042210206612737
2025,Monza,R,OCO,31,Haas F1 Team,24.0,1.0,HARD,24.0,True,83.998,27.474,28.502,28.022,10.0,1,True,False,True,41.4,5.0,26.76111111111111,43.28819444444444,False,False,False,False,False,True,85.24000000000001,85.78222102066128,-0.5422210206612732
2025,Monza,R,OCO,31,Haas F1 Team,25.0,1.0,HARD,25.0,True,84.249,27.338,28.873,28.038,10.0,1,True,False,True,43.2,5.0,26.76111111111111,43.28819444444444,False,False,False,False,False,True,85.545,85.78222102066128,-0.2372210206612806
2025,Monza,R,OCO,31,Haas F1 Team,26.0,1.0,HARD,26.0,True,83.974,27.315,28.679,27.98,10.0,1,True,False,True,45.0,5.0,26.76111111111111,43.28819444444444,False,False,False,False,False,True,85.324,85.78222102066128,-0.45822102066128423
2025,Monza,R,OCO,31,Haas F1 Team,27.0,1.0,HARD,27.0,True,83.945,27.45,28.53,27.965,10.0,1,True,False,True,46.8,5.0,26.76111111111111,43.28819444444444,False,False,False,False,False,True,85.34899999999999,85.78222102066128,-0.43322102066129275
2025,Monza,R,OCO,31,Haas F1 Team,28.0,1.0,HARD,28.0,True,83.74,27.436,28.455,27.849,9.0,1,True,False,True,48.6,5.0,26.76111111111111,43.28819444444444,False,False,False,False,False,True,85.198,85.78222102066128,-0.584221020661289
2025,Monza,R,OCO,31,Haas F1 Team,29.0,1.0,HARD,29.0,True,83.649,27.48,28.405,27.764,8.0,1,True,False,True,50.4,5.0,26.76111111111111,43.28819444444444,False,False,False,False,False,True,85.161,85.78222102066128,-0.6212210206612809
2025,Monza,R,OCO,31,Haas F1 Team,30.0,1.0,HARD,30.0,True,83.632,27.489,28.39,27.753,7.0,1,True,False,True,52.2,5.0,26.76111111111111,43.28819444444444,False,False,False,False,False,True,85.19800000000001,85.78222102066128,-0.5842210206612748
2025,Monza,R,OCO,31,Haas F1 Team,31.0,1.0,HARD,31.0,True,83.849,27.519,28.558,27.772,7.0,1,True,False,True,54.0,5.0,26.76111111111111,43.28819444444444,False,False,False,False,False,True,85.46900000000001,85.78222102066128,-0.313221020661274
2025,Monza,R,OCO,31,Haas F1 Team,32.0,1.0,HARD,32.0,True,83.916,27.72,28.511,27.685,7.0,1,True,False,True,55.8,5.0,26.76111111111111,43.28819444444444,False,False,False,False,False,True,85.59,85.78222102066128,-0.19222102066127889
2025,Monza,R,OCO,31,Haas F1 Team,33.0,1.0,HARD,33.0,True,83.711,27.596,28.472,27.643,7.0,1,True,False,True,57.6,5.0,26.76111111111111,43.28819444444444,False,False,False,False,False,True,85.439,85.78222102066128,-0.34322102066128934
2025,Monza,R,OCO,31,Haas F1 Team,34.0,1.0,HARD,34.0,True,83.592,27.634,28.417,27.541,7.0,1,True,False,True,59.4,5.0,26.76111111111111,43.28819444444444,False,False,False,False,False,True,85.374,85.78222102066128,-0.40822102066128707
2025,Monza,R,OCO,31,Haas F1 Team,35.0,1.0,HARD,35.0,True,83.408,27.452,28.417,27.539,7.0,1,True,False,True,61.2,5.0,26.76111111111111,43.28819444444444,False,False,False,False,False,True,85.244,85.78222102066128,-0.5382210206612825
2025,Monza,R,OCO,31,Haas F1 Team,36.0,1.0,HARD,36.0,True,83.703,27.754,28.381,27.568,8.0,1,True,False,True,63.0,5.0,26.76111111111111,43.28819444444444,False,False,False,False,False,True,85.593,85.78222102066128,-0.18922102066127877
2025,Monza,R,OCO,31,Haas F1 Team,37.0,1.0,HARD,37.0,True,83.457,27.483,28.475,27.499,8.0,1,True,False,True,64.8,5.0,26.76111111111111,43.28819444444444,False,False,False,False,False,True,85.401,85.78222102066128,-0.38122102066128605
2025,Monza,R,OCO,31,Haas F1 Team,38.0,1.0,HARD,38.0,True,83.384,27.493,28.444,27.447,8.0,1,True,False,True,66.60000000000001,5.0,26.76111111111111,43.28819444444444,False,False,False,False,False,True,85.382,85.78222102066128,-0.4002210206612773
2025,Monza,R,OCO,31,Haas F1 Team,39.0,1.0,HARD,39.0,True,83.377,27.444,28.328,27.605,7.0,1,True,False,True,68.4,5.0,26.76111111111111,43.28819444444444,False,False,False,False,False,True,85.429,85.78222102066128,-0.35322102066128025
2025,Monza,R,OCO,31,Haas F1 Team,41.0,1.0,HARD,41.0,True,83.491,27.457,28.48,27.554,7.0,1,True,False,True,72.0,5.0,26.76111111111111,43.28819444444444,False,False,False,False,False,True,85.651,85.78222102066128,-0.13122102066128605
2025,Monza,R,OCO,31,Haas F1 Team,42.0,1.0,HARD,42.0,True,83.541,27.828,28.153,27.56,7.0,1,True,False,True,73.8,5.0,26.76111111111111,43.28819444444444,False,False,False,False,False,True,85.755,85.78222102066128,-0.027221020661286843
2025,Monza,R,OCO,31,Haas F1 Team,43.0,1.0,HARD,43.0,True,83.187,27.468,28.187,27.532,7.0,1,True,False,True,75.60000000000001,5.0,26.76111111111111,43.28819444444444,False,False,False,False,False,True,85.455,85.78222102066128,-0.327221020661284
2025,Monza,R,OCO,31,Haas F1 Team,44.0,1.0,HARD,44.0,True,83.124,27.431,28.212,27.481,7.0,1,True,False,True,77.4,5.0,26.76111111111111,43.28819444444444,False,False,False,False,False,True,85.446,85.78222102066128,-0.33622102066128434
2025,Monza,R,OCO,31,Haas F1 Team,45.0,1.0,HARD,45.0,True,83.136,27.38,28.326,27.43,7.0,1,True,False,True,79.2,5.0,26.76111111111111,43.28819444444444,False,False,False,False,False,True,85.512,85.78222102066128,-0.27022102066128184
2025,Monza,R,OCO,31,Haas F1 Team,46.0,1.0,HARD,46.0,True,82.997,27.443,28.18,27.374,7.0,1,True,False,True,81.0,5.0,26.76111111111111,43.28819444444444,False,False,False,False,False,True,85.42699999999999,85.78222102066128,-0.3552210206612898
2025,Monza,R,OCO,31,Haas F1 Team,47.0,1.0,HARD,47.0,True,83.121,27.421,28.21,27.49,7.0,1,True,False,True,82.8,5.0,26.76111111111111,43.28819444444444,False,False,False,False,False,True,85.60499999999999,85.78222102066128,-0.17722102066129253
2025,Monza,R,OCO,31,Haas F1 Team,48.0,1.0,HARD,48.0,True,82.892,27.378,28.174,27.34,7.0,1,True,False,True,84.60000000000001,5.0,26.76111111111111,43.28819444444444,False,False,False,False,False,True,85.42999999999999,85.78222102066128,-0.3522210206612897
2025,Monza,R,OCO,31,Haas F1 Team,49.0,1.0,HARD,49.0,True,83.064,27.419,28.18,27.465,7.0,1,True,False,True,86.4,5.0,26.76111111111111,43.28819444444444,False,False,False,False,False,True,85.65599999999999,85.78222102066128,-0.1262210206612906
2025,Monza,R,OCO,31,Haas F1 Team,50.0,1.0,HARD,50.0,True,83.151,27.49,28.062,27.599,7.0,1,True,False,True,88.2,5.0,26.76111111111111,43.28819444444444,False,False,False,False,False,True,85.797,85.78222102066128,0.014778979338714748
2025,Monza,R,GAS,10,Alpine,2.0,1.0,HARD,2.0,True,86.563,28.186,29.769,28.608,19.0,1,True,False,True,1.8,5.0,26.76111111111111,43.28819444444444,False,False,False,False,False,True,86.617,85.78222102066128,0.8347789793387221
2025,Monza,R,GAS,10,Alpine,3.0,1.0,HARD,3.0,True,85.506,27.716,29.646,28.144,19.0,1,True,False,True,3.6,5.0,26.76111111111111,43.28819444444444,False,False,False,False,False,True,85.614,85.78222102066128,-0.16822102066127798
2025,Monza,R,GAS,10,Alpine,4.0,1.0,HARD,4.0,True,85.32,27.402,29.516,28.402,19.0,1,True,False,True,5.4,5.0,26.76111111111111,43.28819444444444,False,False,False,False,False,True,85.482,85.78222102066128,-0.300221020661283
2025,Monza,R,GAS,10,Alpine,5.0,1.0,HARD,5.0,True,85.991,27.542,29.258,29.191,19.0,1,True,False,True,7.2,5.0,26.76111111111111,43.28819444444444,False,False,False,False,False,True,86.207,85.78222102066128,0.42477897933871134
2025,Monza,R,GAS,10,Alpine,6.0,1.0,HARD,6.0,True,84.987,27.609,29.118,28.26,19.0,1,True,False,True,9.0,5.0,26.76111111111111,43.28819444444444,False,False,False,False,False,True,85.25699999999999,85.78222102066128,-0.5252210206612915
2025,Monza,R,GAS,10,Alpine,7.0,1.0,HARD,7.0,True,84.772,27.756,28.944,28.072,19.0,1,True,False,True,10.8,5.0,26.76111111111111,43.28819444444444,False,False,False,False,False,True,85.096,85.78222102066128,-0.6862210206612787
2025,Monza,R,GAS,10,Alpine,8.0,1.0,HARD,8.0,True,85.158,27.673,29.362,28.123,19.0,1,True,False,True,12.6,5.0,26.76111111111111,43.28819444444444,False,False,False,False,False,True,85.536,85.78222102066128,-0.24622102066128093
2025,Monza,R,GAS,10,Alpine,9.0,1.0,HARD,9.0,True,84.868,27.594,29.195,28.079,19.0,1,True,False,True,14.4,5.0,26.76111111111111,43.28819444444444,False,False,False,False,False,True,85.3,85.78222102066128,-0.48222102066128514
2025,Monza,R,GAS,10,Alpine,10.0,1.0,HARD,10.0,True,84.56,27.684,28.875,28.001,18.0,1,True,False,True,16.2,5.0,26.76111111111111,43.28819444444444,False,False,False,False,False,True,85.046,85.78222102066128,-0.7362210206612758
2025,Monza,R,GAS,10,Alpine,11.0,1.0,HARD,11.0,True,84.667,27.653,28.981,28.033,18.0,1,True,False,True,18.0,5.0,26.76111111111111,43.28819444444444,False,False,False,False,False,True,85.20700000000001,85.78222102066128,-0.5752210206612745
2025,Monza,R,GAS,10,Alpine,12.0,1.0,HARD,12.0,True,84.863,27.695,28.997,28.171,18.0,1,True,False,True,19.8,5.0,26.76111111111111,43.28819444444444,False,False,False,False,False,True,85.457,85.78222102066128,-0.32522102066128866
2025,Monza,R,GAS,10,Alpine,13.0,1.0,HARD,13.0,True,84.784,27.678,28.995,28.111,18.0,1,True,False,True,21.6,5.0,26.76111111111111,43.28819444444444,False,False,False,False,False,True,85.432,85.78222102066128,-0.35022102066128014
2025,Monza,R,GAS,10,Alpine,14.0,1.0,HARD,14.0,True,85.114,27.619,29.456,28.039,18.0,1,True,False,True,23.4,5.0,26.76111111111111,43.28819444444444,False,False,False,False,False,True,85.816,85.78222102066128,0.033778979338720205
2025,Monza,R,GAS,10,Alpine,15.0,1.0,HARD,15.0,True,85.448,27.602,29.765,28.081,18.0,1,True,False,True,25.2,5.0,26.76111111111111,43.28819444444444,False,False,False,False,False,True,86.204,85.78222102066128,0.4217789793387112
2025,Monza,R,GAS,10,Alpine,16.0,1.0,HARD,16.0,True,84.524,27.598,28.966,27.96,18.0,1,True,False,True,27.0,5.0,26.76111111111111,43.28819444444444,False,False,False,False,False,True,85.334,85.78222102066128,-0.4482210206612791
2025,Monza,R,GAS,10,Alpine,17.0,1.0,HARD,17.0,True,84.373,27.651,28.915,27.807,18.0,1,True,False,True,28.8,5.0,26.76111111111111,43.28819444444444,False,False,False,False,False,True,85.23700000000001,85.78222102066128,-0.5452210206612733
2025,Monza,R,GAS,10,Alpine,18.0,1.0,HARD,18.0,True,84.841,27.594,29.205,28.042,18.0,1,True,False,True,30.6,5.0,26.76111111111111,43.28819444444444,False,False,False,False,False,True,85.759,85.78222102066128,-0.023221020661281955
2025,Monza,R,GAS,10,Alpine,19.0,1.0,HARD,19.0,True,84.294,27.625,28.814,27.855,17.0,1,True,False,True,32.4,5.0,26.76111111111111,43.28819444444444,False,False,False,False,False,True,85.26599999999999,85.78222102066128,-0.5162210206612912
2025,Monza,R,GAS,10,Alpine,20.0,1.0,HARD,20.0,True,84.249,27.515,28.859,27.875,16.0,1,True,False,True,34.2,5.0,26.76111111111111,43.28819444444444,False,False,False,False,False,True,85.27499999999999,85.78222102066128,-0.5072210206612908
2025,Monza,R,GAS,10,Alpine,21.0,1.0,HARD,21.0,True,84.125,27.629,28.659,27.837,14.0,1,True,False,True,36.0,5.0,26.76111111111111,43.28819444444444,False,False,False,False,False,True,85.205,85.78222102066128,-0.577221020661284
2025,Monza,R,GAS,10,Alpine,22.0,1.0,HARD,22.0,True,84.103,27.529,28.772,27.802,14.0,1,True,False,True,37.8,5.0,26.76111111111111,43.28819444444444,False,False,False,False,False,True,85.237,85.78222102066128,-0.5452210206612875
2025,Monza,R,GAS,10,Alpine,23.0,1.0,HARD,23.0,True,84.419,27.574,28.859,27.986,14.0,1,True,False,True,39.6,5.0,26.76111111111111,43.28819444444444,False,False,False,False,False,True,85.607,85.78222102066128,-0.17522102066128298
2025,Monza,R,GAS,10,Alpine,24.0,1.0,HARD,24.0,True,84.292,27.659,28.723,27.91,14.0,1,True,False,True,41.4,5.0,26.76111111111111,43.28819444444444,False,False,False,False,False,True,85.534,85.78222102066128,-0.24822102066127627
2025,Monza,R,GAS,10,Alpine,25.0,1.0,HARD,25.0,True,84.106,27.471,28.773,27.862,14.0,1,True,False,True,43.2,5.0,26.76111111111111,43.28819444444444,False,False,False,False,False,True,85.402,85.78222102066128,-0.3802210206612813
2025,Monza,R,GAS,10,Alpine,26.0,1.0,HARD,26.0,True,84.113,27.617,28.662,27.834,14.0,1,True,False,True,45.0,5.0,26.76111111111111,43.28819444444444,False,False,False,False,False,True,85.463,85.78222102066128,-0.31922102066128843
2025,Monza,R,GAS,10,Alpine,27.0,1.0,HARD,27.0,True,83.997,27.608,28.705,27.684,14.0,1,True,False,True,46.8,5.0,26.76111111111111,43.28819444444444,False,False,False,False,False,True,85.401,85.78222102066128,-0.38122102066128605
2025,Monza,R,GAS,10,Alpine,28.0,1.0,HARD,28.0,True,84.133,27.747,28.756,27.63,14.0,1,True,False,True,48.6,5.0,26.76111111111111,43.28819444444444,False,False,False,False,False,True,85.591,85.78222102066128,-0.19122102066128832
2025,Monza,R,GAS,10,Alpine,29.0,1.0,HARD,29.0,True,83.927,27.502,28.656,27.769,13.0,1,True,False,True,50.4,5.0,26.76111111111111,43.28819444444444,False,False,False,False,False,True,85.43900000000001,85.78222102066128,-0.34322102066127513
2025,Monza,R,GAS,10,Alpine,30.0,1.0,HARD,30.0,True,83.751,27.34,28.834,27.577,12.0,1,True,False,True,52.2,5.0,26.76111111111111,43.28819444444444,False,False,False,False,False,True,85.31700000000001,85.78222102066128,-0.465221020661275
2025,Monza,R,GAS,10,Alpine,31.0,1.0,HARD,31.0,True,83.893,27.681,28.501,27.711,11.0,1,True,False,True,54.0,5.0,26.76111111111111,43.28819444444444,False,False,False,False,False,True,85.513,85.78222102066128,-0.26922102066127707
2025,Monza,R,GAS,10,Alpine,32.0,1.0,HARD,32.0,True,83.761,27.603,28.491,27.667,11.0,1,True,False,True,55.8,5.0,26.76111111111111,43.28819444444444,False,False,False,False,False,True,85.435,85.78222102066128,-0.34722102066128
2025,Monza,R,GAS,10,Alpine,33.0,1.0,HARD,33.0,True,84.437,27.579,29.141,27.717,10.0,1,True,False,True,57.6,5.0,26.76111111111111,43.28819444444444,False,False,False,False,False,True,86.16499999999999,85.78222102066128,0.38277897933870975
2025,Monza,R,GAS,10,Alpine,34.0,1.0,HARD,34.0,True,83.672,27.644,28.539,27.489,10.0,1,True,False,True,59.4,5.0,26.76111111111111,43.28819444444444,False,False,False,False,False,True,85.454,85.78222102066128,-0.3282210206612888
2025,Monza,R,GAS,10,Alpine,35.0,1.0,HARD,35.0,True,83.32,27.481,28.346,27.493,10.0,1,True,False,True,61.2,5.0,26.76111111111111,43.28819444444444,False,False,False,False,False,True,85.15599999999999,85.78222102066128,-0.6262210206612906
2025,Monza,R,GAS,10,Alpine,36.0,1.0,HARD,36.0,True,83.193,27.5,28.3,27.393,10.0,1,True,False,True,63.0,5.0,26.76111111111111,43.28819444444444,False,False,False,False,False,True,85.083,85.78222102066128,-0.6992210206612839
2025,Monza,R,GAS,10,Alpine,37.0,1.0,HARD,37.0,True,83.394,27.47,28.393,27.531,10.0,1,True,False,True,64.8,5.0,26.76111111111111,43.28819444444444,False,False,False,False,False,True,85.33800000000001,85.78222102066128,-0.4442210206612742
2025,Monza,R,GAS,10,Alpine,38.0,1.0,HARD,38.0,True,83.166,27.417,28.341,27.408,10.0,1,True,False,True,66.60000000000001,5.0,26.76111111111111,43.28819444444444,False,False,False,False,False,True,85.164,85.78222102066128,-0.6182210206612808
2025,Monza,R,GAS,10,Alpine,39.0,1.0,HARD,39.0,True,85.273,28.055,29.341,27.877,11.0,1,True,False,True,68.4,5.0,26.76111111111111,43.28819444444444,False,False,False,False,False,True,87.325,85.78222102066128,1.5427789793387205
2025,Monza,R,GAS,10,Alpine,41.0,1.0,HARD,41.0,True,83.877,27.809,28.692,27.376,12.0,1,True,False,True,72.0,5.0,26.76111111111111,43.28819444444444,False,False,False,False,False,True,86.03699999999999,85.78222102066128,0.25477897933870963
2025,Monza,R,GAS,10,Alpine,42.0,1.0,HARD,42.0,True,83.447,27.264,28.484,27.699,12.0,1,True,False,True,73.8,5.0,26.76111111111111,43.28819444444444,False,False,False,False,False,True,85.661,85.78222102066128,-0.12122102066128093
2025,Monza,R,GAS,10,Alpine,43.0,1.0,HARD,43.0,True,83.363,27.423,28.458,27.482,12.0,1,True,False,True,75.60000000000001,5.0,26.76111111111111,43.28819444444444,False,False,False,False,False,True,85.631,85.78222102066128,-0.15122102066128207
2025,Monza,R,GAS,10,Alpine,44.0,1.0,HARD,44.0,True,83.185,27.396,28.344,27.445,12.0,1,True,False,True,77.4,5.0,26.76111111111111,43.28819444444444,False,False,False,False,False,True,85.507,85.78222102066128,-0.2752210206612773
2025,Monza,R,GAS,10,Alpine,45.0,1.0,HARD,45.0,True,82.9,27.346,28.147,27.407,12.0,1,True,False,True,79.2,5.0,26.76111111111111,43.28819444444444,False,False,False,False,False,True,85.27600000000001,85.78222102066128,-0.5062210206612718
2025,Monza,R,GAS,10,Alpine,46.0,1.0,HARD,46.0,True,82.797,27.389,28.159,27.249,12.0,1,True,False,True,81.0,5.0,26.76111111111111,43.28819444444444,False,False,False,False,False,True,85.227,85.78222102066128,-0.5552210206612784
2025,Monza,R,GAS,10,Alpine,47.0,1.0,HARD,47.0,True,82.951,27.405,28.248,27.298,12.0,1,True,False,True,82.8,5.0,26.76111111111111,43.28819444444444,False,False,False,False,False,True,85.43499999999999,85.78222102066128,-0.34722102066129423
2025,Monza,R,GAS,10,Alpine,48.0,1.0,HARD,48.0,True,82.81,27.422,28.103,27.285,12.0,1,True,False,True,84.60000000000001,5.0,26.76111111111111,43.28819444444444,False,False,False,False,False,True,85.348,85.78222102066128,-0.4342210206612833
2025,Monza,R,GAS,10,Alpine,51.0,2.0,SOFT,2.0,True,82.324,27.013,28.133,27.178,16.0,1,True,False,True,90.0,5.0,26.76111111111111,43.28819444444444,False,False,False,False,False,True,85.024,86.215284118691,-1.1912841186910015
2025,Monza,R,GAS,10,Alpine,52.0,2.0,SOFT,3.0,True,82.185,27.293,27.771,27.121,16.0,1,True,False,True,91.8,5.0,26.76111111111111,43.28819444444444,False,False,False,False,False,True,84.93900000000001,86.215284118691,-1.2762841186909952
2025,Monza,R,COL,43,Alpine,2.0,1.0,MEDIUM,2.0,True,86.775,28.152,30.192,28.431,17.0,1,True,False,True,1.8,5.0,26.76111111111111,43.28819444444444,False,False,False,False,False,True,86.82900000000001,85.36690226114654,1.4620977388534726
2025,Monza,R,COL,43,Alpine,3.0,1.0,MEDIUM,3.0,True,85.346,27.648,29.365,28.333,17.0,1,True,False,True,3.6,5.0,26.76111111111111,43.28819444444444,False,False,False,False,False,True,85.45400000000001,85.36690226114654,0.0870977388534726
2025,Monza,R,COL,43,Alpine,4.0,1.0,MEDIUM,4.0,True,85.04,27.363,29.501,28.176,17.0,1,True,False,True,5.4,5.0,26.76111111111111,43.28819444444444,False,False,False,False,False,True,85.20200000000001,85.36690226114654,-0.16490226114652273
2025,Monza,R,COL,43,Alpine,5.0,1.0,MEDIUM,5.0,True,84.945,27.726,28.972,28.247,17.0,1,True,False,True,7.2,5.0,26.76111111111111,43.28819444444444,False,False,False,False,False,True,85.16099999999999,85.36690226114654,-0.20590226114654797
2025,Monza,R,COL,43,Alpine,6.0,1.0,MEDIUM,6.0,True,84.944,27.594,29.083,28.267,17.0,1,True,False,True,9.0,5.0,26.76111111111111,43.28819444444444,False,False,False,False,False,True,85.214,85.36690226114654,-0.1529022611465365
2025,Monza,R,COL,43,Alpine,7.0,1.0,MEDIUM,7.0,True,84.886,27.589,29.154,28.143,17.0,1,True,False,True,10.8,5.0,26.76111111111111,43.28819444444444,False,False,False,False,False,True,85.21,85.36690226114654,-0.15690226114654138
2025,Monza,R,COL,43,Alpine,8.0,1.0,MEDIUM,8.0,True,85.104,27.847,29.118,28.139,17.0,1,True,False,True,12.6,5.0,26.76111111111111,43.28819444444444,False,False,False,False,False,True,85.482,85.36690226114654,0.1150977388534642
2025,Monza,R,COL,43,Alpine,9.0,1.0,MEDIUM,9.0,True,84.816,27.617,28.93,28.269,16.0,1,True,False,True,14.4,5.0,26.76111111111111,43.28819444444444,False,False,False,False,False,True,85.248,85.36690226114654,-0.11890226114653046
2025,Monza,R,COL,43,Alpine,10.0,1.0,MEDIUM,10.0,True,84.728,27.613,29.239,27.876,16.0,1,True,False,True,16.2,5.0,26.76111111111111,43.28819444444444,False,False,False,False,False,True,85.214,85.36690226114654,-0.1529022611465365
2025,Monza,R,COL,43,Alpine,11.0,1.0,MEDIUM,11.0,True,84.768,27.661,28.925,28.182,16.0,1,True,False,True,18.0,5.0,26.76111111111111,43.28819444444444,False,False,False,False,False,True,85.308,85.36690226114654,-0.05890226114652819
2025,Monza,R,COL,43,Alpine,12.0,1.0,MEDIUM,12.0,True,84.706,27.649,28.96,28.097,16.0,1,True,False,True,19.8,5.0,26.76111111111111,43.28819444444444,False,False,False,False,False,True,85.3,85.36690226114654,-0.06690226114653797
2025,Monza,R,COL,43,Alpine,13.0,1.0,MEDIUM,13.0,True,85.813,28.244,29.366,28.203,17.0,1,True,False,True,21.6,5.0,26.76111111111111,43.28819444444444,False,False,False,False,False,True,86.461,85.36690226114654,1.0940977388534634
2025,Monza,R,COL,43,Alpine,14.0,1.0,MEDIUM,14.0,True,84.952,27.657,29.176,28.119,17.0,1,True,False,True,23.4,5.0,26.76111111111111,43.28819444444444,False,False,False,False,False,True,85.654,85.36690226114654,0.28709773885346124
2025,Monza,R,COL,43,Alpine,15.0,1.0,MEDIUM,15.0,True,84.773,27.591,29.074,28.108,17.0,1,True,False,True,25.2,5.0,26.76111111111111,43.28819444444444,False,False,False,False,False,True,85.529,85.36690226114654,0.16209773885346124
2025,Monza,R,COL,43,Alpine,16.0,1.0,MEDIUM,16.0,True,85.019,27.61,29.113,28.296,17.0,1,True,False,True,27.0,5.0,26.76111111111111,43.28819444444444,False,False,False,False,False,True,85.82900000000001,85.36690226114654,0.4620977388534726
2025,Monza,R,COL,43,Alpine,17.0,1.0,MEDIUM,17.0,True,84.434,27.554,28.812,28.068,17.0,1,True,False,True,28.8,5.0,26.76111111111111,43.28819444444444,False,False,False,False,False,True,85.298,85.36690226114654,-0.0689022611465333
2025,Monza,R,COL,43,Alpine,18.0,1.0,MEDIUM,18.0,True,84.414,27.642,28.805,27.967,17.0,1,True,False,True,30.6,5.0,26.76111111111111,43.28819444444444,False,False,False,False,False,True,85.33200000000001,85.36690226114654,-0.03490226114652728
2025,Monza,R,COL,43,Alpine,19.0,1.0,MEDIUM,19.0,True,84.427,27.64,28.728,28.059,16.0,1,True,False,True,32.4,5.0,26.76111111111111,43.28819444444444,False,False,False,False,False,True,85.399,85.36690226114654,0.032097738853465785
2025,Monza,R,COL,43,Alpine,20.0,1.0,MEDIUM,20.0,True,84.292,27.676,28.737,27.879,15.0,1,True,False,True,34.2,5.0,26.76111111111111,43.28819444444444,False,False,False,False,False,True,85.318,85.36690226114654,-0.048902261146537285
2025,Monza,R,COL,43,Alpine,21.0,1.0,MEDIUM,21.0,True,84.399,27.725,28.745,27.929,13.0,1,True,False,True,36.0,5.0,26.76111111111111,43.28819444444444,False,False,False,False,False,True,85.479,85.36690226114654,0.11209773885346408
2025,Monza,R,COL,43,Alpine,22.0,1.0,MEDIUM,22.0,True,84.111,27.613,28.674,27.824,13.0,1,True,False,True,37.8,5.0,26.76111111111111,43.28819444444444,False,False,False,False,False,True,85.245,85.36690226114654,-0.12190226114653058
2025,Monza,R,COL,43,Alpine,23.0,1.0,MEDIUM,23.0,True,84.458,27.581,28.893,27.984,13.0,1,True,False,True,39.6,5.0,26.76111111111111,43.28819444444444,False,False,False,False,False,True,85.646,85.36690226114654,0.27909773885346567
2025,Monza,R,COL,43,Alpine,24.0,1.0,MEDIUM,24.0,True,84.334,27.635,28.735,27.964,13.0,1,True,False,True,41.4,5.0,26.76111111111111,43.28819444444444,False,False,False,False,False,True,85.57600000000001,85.36690226114654,0.2090977388534725
2025,Monza,R,COL,43,Alpine,25.0,1.0,MEDIUM,25.0,True,84.168,27.642,28.657,27.869,13.0,1,True,False,True,43.2,5.0,26.76111111111111,43.28819444444444,False,False,False,False,False,True,85.46400000000001,85.36690226114654,0.09709773885347772
2025,Monza,R,COL,43,Alpine,26.0,1.0,MEDIUM,26.0,True,84.215,27.643,28.72,27.852,13.0,1,True,False,True,45.0,5.0,26.76111111111111,43.28819444444444,False,False,False,False,False,True,85.565,85.36690226114654,0.1980977388534626
2025,Monza,R,COL,43,Alpine,27.0,1.0,MEDIUM,27.0,True,83.949,27.612,28.542,27.795,13.0,1,True,False,True,46.8,5.0,26.76111111111111,43.28819444444444,False,False,False,False,False,True,85.353,85.36690226114654,-0.013902261146540695
2025,Monza,R,COL,43,Alpine,28.0,1.0,MEDIUM,28.0,True,84.844,27.943,29.095,27.806,13.0,1,True,False,True,48.6,5.0,26.76111111111111,43.28819444444444,False,False,False,False,False,True,86.30199999999999,85.36690226114654,0.9350977388534574
2025,Monza,R,COL,43,Alpine,29.0,1.0,MEDIUM,29.0,True,83.793,27.594,28.548,27.651,12.0,1,True,False,True,50.4,5.0,26.76111111111111,43.28819444444444,False,False,False,False,False,True,85.305,85.36690226114654,-0.061902261146528303
2025,Monza,R,COL,43,Alpine,30.0,1.0,MEDIUM,30.0,True,85.753,28.27,29.469,28.014,13.0,1,True,False,True,52.2,5.0,26.76111111111111,43.28819444444444,False,False,False,False,False,True,87.319,85.36690226114654,1.9520977388534675
2025,Monza,R,COL,43,Alpine,31.0,1.0,MEDIUM,31.0,True,84.216,27.499,28.787,27.93,12.0,1,True,False,True,54.0,5.0,26.76111111111111,43.28819444444444,False,False,False,False,False,True,85.836,85.36690226114654,0.4690977388534634
2025,Monza,R,COL,43,Alpine,32.0,1.0,MEDIUM,32.0,True,84.319,27.734,28.662,27.923,12.0,1,True,False,True,55.8,5.0,26.76111111111111,43.28819444444444,False,False,False,False,False,True,85.99300000000001,85.36690226114654,0.6260977388534741
2025,Monza,R,COL,43,Alpine,35.0,2.0,HARD,2.0,True,83.089,27.502,28.075,27.512,18.0,1,True,False,True,61.2,5.0,26.76111111111111,43.28819444444444,False,False,False,False,False,True,84.925,85.78222102066128,-0.8572210206612851
2025,Monza,R,COL,43,Alpine,36.0,2.0,HARD,3.0,True,82.919,27.399,28.118,27.402,18.0,1,True,False,True,63.0,5.0,26.76111111111111,43.28819444444444,False,False,False,False,False,True,84.809,85.78222102066128,-0.9732210206612848
2025,Monza,R,COL,43,Alpine,37.0,2.0,HARD,4.0,True,83.058,27.483,28.077,27.498,18.0,1,True,False,True,64.8,5.0,26.76111111111111,43.28819444444444,False,False,False,False,False,True,85.00200000000001,85.78222102066128,-0.7802210206612727
2025,Monza,R,COL,43,Alpine,38.0,2.0,HARD,5.0,True,82.894,27.502,28.019,27.373,18.0,1,True,False,True,66.60000000000001,5.0,26.76111111111111,43.28819444444444,False,False,False,False,False,True,84.89200000000001,85.78222102066128,-0.8902210206612722
2025,Monza,R,COL,43,Alpine,39.0,2.0,HARD,6.0,True,85.047,28.881,28.5,27.666,18.0,1,True,False,True,68.4,5.0,26.76111111111111,43.28819444444444,False,False,False,False,False,True,87.099,85.78222102066128,1.3167789793387215
2025,Monza,R,COL,43,Alpine,41.0,2.0,HARD,8.0,True,83.2,27.204,28.517,27.479,18.0,1,True,False,True,72.0,5.0,26.76111111111111,43.28819444444444,False,False,False,False,False,True,85.36,85.78222102066128,-0.42222102066128286
2025,Monza,R,COL,43,Alpine,42.0,2.0,HARD,9.0,True,83.07,27.471,28.144,27.455,18.0,1,True,False,True,73.8,5.0,26.76111111111111,43.28819444444444,False,False,False,False,False,True,85.28399999999999,85.78222102066128,-0.4982210206612905
2025,Monza,R,COL,43,Alpine,43.0,2.0,HARD,10.0,True,82.622,27.381,28.068,27.173,18.0,1,True,False,True,75.60000000000001,5.0,26.76111111111111,43.28819444444444,False,False,False,False,False,True,84.89,85.78222102066128,-0.8922210206612817
2025,Monza,R,COL,43,Alpine,44.0,2.0,HARD,11.0,True,82.64,27.359,28.116,27.165,18.0,1,True,False,True,77.4,5.0,26.76111111111111,43.28819444444444,False,False,False,False,False,True,84.962,85.78222102066128,-0.820221020661279
2025,Monza,R,COL,43,Alpine,45.0,2.0,HARD,12.0,True,82.573,27.426,28.004,27.143,18.0,1,True,False,True,79.2,5.0,26.76111111111111,43.28819444444444,False,False,False,False,False,True,84.949,85.78222102066128,-0.8332210206612842
2025,Monza,R,COL,43,Alpine,46.0,2.0,HARD,13.0,True,82.818,27.518,28.029,27.271,18.0,1,True,False,True,81.0,5.0,26.76111111111111,43.28819444444444,False,False,False,False,False,True,85.24799999999999,85.78222102066128,-0.5342210206612918
2025,Monza,R,COL,43,Alpine,47.0,2.0,HARD,14.0,True,82.833,27.59,27.951,27.292,18.0,1,True,False,True,82.8,5.0,26.76111111111111,43.28819444444444,False,False,False,False,False,True,85.317,85.78222102066128,-0.46522102066128923
2025,Monza,R,COL,43,Alpine,48.0,2.0,HARD,15.0,True,82.239,27.355,27.925,26.959,18.0,1,True,False,True,84.60000000000001,5.0,26.76111111111111,43.28819444444444,False,False,False,False,False,True,84.777,85.78222102066128,-1.0052210206612813
2025,Monza,R,COL,43,Alpine,49.0,2.0,HARD,16.0,True,83.22,27.49,28.103,27.627,18.0,1,True,False,True,86.4,5.0,26.76111111111111,43.28819444444444,False,False,False,False,False,True,85.812,85.78222102066128,0.029778979338715317
2025,Monza,R,COL,43,Alpine,50.0,2.0,HARD,17.0,True,85.035,28.695,28.418,27.922,16.0,1,True,False,True,88.2,5.0,26.76111111111111,43.28819444444444,False,False,False,False,False,True,87.681,85.78222102066128,1.898778979338715
2025,Monza,R,COL,43,Alpine,51.0,2.0,HARD,18.0,True,84.26,27.525,28.569,28.166,17.0,1,True,False,True,90.0,5.0,26.76111111111111,43.28819444444444,False,False,False,False,False,True,86.96000000000001,85.78222102066128,1.1777789793387257
2025,Monza,R,COL,43,Alpine,52.0,2.0,HARD,19.0,True,82.724,27.363,28.096,27.265,17.0,1,True,False,True,91.8,5.0,26.76111111111111,43.28819444444444,False,False,False,False,False,True,85.47800000000001,85.78222102066128,-0.30422102066127366
2025,Monza,R,STR,18,Aston Martin,2.0,1.0,HARD,3.0,False,86.506,27.702,30.488,28.316,16.0,1,True,False,True,1.8,5.0,26.76111111111111,43.28819444444444,False,False,False,False,False,True,86.56,85.78222102066128,0.77777897933872
2025,Monza,R,STR,18,Aston Martin,3.0,1.0,HARD,4.0,False,85.064,27.603,29.126,28.335,16.0,1,True,False,True,3.6,5.0,26.76111111111111,43.28819444444444,False,False,False,False,False,True,85.172,85.78222102066128,-0.6102210206612853
2025,Monza,R,STR,18,Aston Martin,4.0,1.0,HARD,5.0,False,85.209,27.515,29.373,28.321,16.0,1,True,False,True,5.4,5.0,26.76111111111111,43.28819444444444,False,False,False,False,False,True,85.37100000000001,85.78222102066128,-0.411221020661273
2025,Monza,R,STR,18,Aston Martin,5.0,1.0,HARD,6.0,False,84.915,27.56,29.143,28.212,16.0,1,True,False,True,7.2,5.0,26.76111111111111,43.28819444444444,False,False,False,False,False,True,85.131,85.78222102066128,-0.6512210206612821
2025,Monza,R,STR,18,Aston Martin,6.0,1.0,HARD,7.0,False,84.813,27.32,29.081,28.412,16.0,1,True,False,True,9.0,5.0,26.76111111111111,43.28819444444444,False,False,False,False,False,True,85.083,85.78222102066128,-0.6992210206612839
2025,Monza,R,STR,18,Aston Martin,7.0,1.0,HARD,8.0,False,84.678,27.479,28.959,28.24,16.0,1,True,False,True,10.8,5.0,26.76111111111111,43.28819444444444,False,False,False,False,False,True,85.002,85.78222102066128,-0.780221020661287
2025,Monza,R,STR,18,Aston Martin,8.0,1.0,HARD,9.0,False,84.835,27.566,29.007,28.262,16.0,1,True,False,True,12.6,5.0,26.76111111111111,43.28819444444444,False,False,False,False,False,True,85.213,85.78222102066128,-0.5692210206612884
2025,Monza,R,STR,18,Aston Martin,9.0,1.0,HARD,10.0,False,84.541,27.365,28.874,28.302,15.0,1,True,False,True,14.4,5.0,26.76111111111111,43.28819444444444,False,False,False,False,False,True,84.973,85.78222102066128,-0.8092210206612833
2025,Monza,R,STR,18,Aston Martin,10.0,1.0,HARD,11.0,False,84.209,27.347,28.774,28.088,15.0,1,True,False,True,16.2,5.0,26.76111111111111,43.28819444444444,False,False,False,False,False,True,84.69500000000001,85.78222102066128,-1.087221020661275
2025,Monza,R,STR,18,Aston Martin,11.0,1.0,HARD,12.0,False,84.362,27.401,28.787,28.174,15.0,1,True,False,True,18.0,5.0,26.76111111111111,43.28819444444444,False,False,False,False,False,True,84.902,85.78222102066128,-0.8802210206612813
2025,Monza,R,STR,18,Aston Martin,12.0,1.0,HARD,13.0,False,84.528,27.318,29.015,28.195,15.0,1,True,False,True,19.8,5.0,26.76111111111111,43.28819444444444,False,False,False,False,False,True,85.122,85.78222102066128,-0.6602210206612824
2025,Monza,R,STR,18,Aston Martin,13.0,1.0,HARD,14.0,False,84.253,27.27,28.842,28.141,15.0,1,True,False,True,21.6,5.0,26.76111111111111,43.28819444444444,False,False,False,False,False,True,84.901,85.78222102066128,-0.881221020661286
2025,Monza,R,STR,18,Aston Martin,14.0,1.0,HARD,15.0,False,84.301,27.416,28.816,28.069,15.0,1,True,False,True,23.4,5.0,26.76111111111111,43.28819444444444,False,False,False,False,False,True,85.003,85.78222102066128,-0.7792210206612822
2025,Monza,R,STR,18,Aston Martin,15.0,1.0,HARD,16.0,False,84.405,27.378,28.909,28.118,15.0,1,True,False,True,25.2,5.0,26.76111111111111,43.28819444444444,False,False,False,False,False,True,85.161,85.78222102066128,-0.6212210206612809
2025,Monza,R,STR,18,Aston Martin,16.0,1.0,HARD,17.0,False,84.429,27.46,28.864,28.105,15.0,1,True,False,True,27.0,5.0,26.76111111111111,43.28819444444444,False,False,False,False,False,True,85.239,85.78222102066128,-0.543221020661278
2025,Monza,R,STR,18,Aston Martin,17.0,1.0,HARD,18.0,False,84.365,27.415,28.874,28.076,15.0,1,True,False,True,28.8,5.0,26.76111111111111,43.28819444444444,False,False,False,False,False,True,85.229,85.78222102066128,-0.5532210206612831
2025,Monza,R,STR,18,Aston Martin,18.0,1.0,HARD,19.0,False,84.522,27.531,28.837,28.154,14.0,1,True,False,True,30.6,5.0,26.76111111111111,43.28819444444444,False,False,False,False,False,True,85.44000000000001,85.78222102066128,-0.34222102066127036
2025,Monza,R,STR,18,Aston Martin,19.0,1.0,HARD,20.0,False,84.615,27.655,28.764,28.196,13.0,1,True,False,True,32.4,5.0,26.76111111111111,43.28819444444444,False,False,False,False,False,True,85.58699999999999,85.78222102066128,-0.1952210206612932
2025,Monza,R,STR,18,Aston Martin,20.0,1.0,HARD,21.0,False,84.197,27.493,28.615,28.089,13.0,1,True,False,True,34.2,5.0,26.76111111111111,43.28819444444444,False,False,False,False,False,True,85.223,85.78222102066128,-0.5592210206612833
2025,Monza,R,STR,18,Aston Martin,21.0,1.0,HARD,22.0,False,84.116,27.406,28.72,27.99,11.0,1,True,False,True,36.0,5.0,26.76111111111111,43.28819444444444,False,False,False,False,False,True,85.196,85.78222102066128,-0.5862210206612843
2025,Monza,R,STR,18,Aston Martin,22.0,1.0,HARD,23.0,False,83.927,27.325,28.717,27.885,11.0,1,True,False,True,37.8,5.0,26.76111111111111,43.28819444444444,False,False,False,False,False,True,85.061,85.78222102066128,-0.7212210206612752
2025,Monza,R,STR,18,Aston Martin,23.0,1.0,HARD,24.0,False,83.991,27.338,28.704,27.949,11.0,1,True,False,True,39.6,5.0,26.76111111111111,43.28819444444444,False,False,False,False,False,True,85.179,85.78222102066128,-0.6032210206612802
2025,Monza,R,STR,18,Aston Martin,24.0,1.0,HARD,25.0,False,83.878,27.324,28.638,27.916,11.0,1,True,False,True,41.4,5.0,26.76111111111111,43.28819444444444,False,False,False,False,False,True,85.12,85.78222102066128,-0.6622210206612777
2025,Monza,R,STR,18,Aston Martin,25.0,1.0,HARD,26.0,False,83.871,27.314,28.594,27.963,11.0,1,True,False,True,43.2,5.0,26.76111111111111,43.28819444444444,False,False,False,False,False,True,85.167,85.78222102066128,-0.6152210206612807
2025,Monza,R,STR,18,Aston Martin,26.0,1.0,HARD,27.0,False,84.187,27.427,28.717,28.043,11.0,1,True,False,True,45.0,5.0,26.76111111111111,43.28819444444444,False,False,False,False,False,True,85.53699999999999,85.78222102066128,-0.24522102066129037
2025,Monza,R,STR,18,Aston Martin,27.0,1.0,HARD,28.0,False,83.768,27.376,28.544,27.848,11.0,1,True,False,True,46.8,5.0,26.76111111111111,43.28819444444444,False,False,False,False,False,True,85.172,85.78222102066128,-0.6102210206612853
2025,Monza,R,STR,18,Aston Martin,28.0,1.0,HARD,29.0,False,83.861,27.391,28.649,27.821,10.0,1,True,False,True,48.6,5.0,26.76111111111111,43.28819444444444,False,False,False,False,False,True,85.319,85.78222102066128,-0.4632210206612797
2025,Monza,R,STR,18,Aston Martin,29.0,1.0,HARD,30.0,False,83.673,27.354,28.466,27.853,9.0,1,True,False,True,50.4,5.0,26.76111111111111,43.28819444444444,False,False,False,False,False,True,85.185,85.78222102066128,-0.59722102066128
2025,Monza,R,STR,18,Aston Martin,30.0,1.0,HARD,31.0,False,83.585,27.328,28.518,27.739,8.0,1,True,False,True,52.2,5.0,26.76111111111111,43.28819444444444,False,False,False,False,False,True,85.151,85.78222102066128,-0.631221020661286
2025,Monza,R,STR,18,Aston Martin,31.0,1.0,HARD,32.0,False,83.571,27.26,28.632,27.679,8.0,1,True,False,True,54.0,5.0,26.76111111111111,43.28819444444444,False,False,False,False,False,True,85.191,85.78222102066128,-0.5912210206612798
2025,Monza,R,STR,18,Aston Martin,32.0,1.0,HARD,33.0,False,84.081,27.624,28.55,27.907,8.0,1,True,False,True,55.8,5.0,26.76111111111111,43.28819444444444,False,False,False,False,False,True,85.75500000000001,85.78222102066128,-0.027221020661272632
2025,Monza,R,STR,18,Aston Martin,33.0,1.0,HARD,34.0,False,83.719,27.497,28.493,27.729,8.0,1,True,False,True,57.6,5.0,26.76111111111111,43.28819444444444,False,False,False,False,False,True,85.44699999999999,85.78222102066128,-0.3352210206612938
2025,Monza,R,STR,18,Aston Martin,34.0,1.0,HARD,35.0,False,83.459,27.529,28.324,27.606,8.0,1,True,False,True,59.4,5.0,26.76111111111111,43.28819444444444,False,False,False,False,False,True,85.241,85.78222102066128,-0.5412210206612826
2025,Monza,R,STR,18,Aston Martin,35.0,1.0,HARD,36.0,False,84.333,27.899,28.714,27.72,9.0,1,True,False,True,61.2,5.0,26.76111111111111,43.28819444444444,False,False,False,False,False,True,86.169,85.78222102066128,0.38677897933871463
2025,Monza,R,STR,18,Aston Martin,36.0,1.0,HARD,37.0,False,83.589,27.392,28.543,27.654,9.0,1,True,False,True,63.0,5.0,26.76111111111111,43.28819444444444,False,False,False,False,False,True,85.479,85.78222102066128,-0.3032210206612831
2025,Monza,R,STR,18,Aston Martin,37.0,1.0,HARD,38.0,False,83.569,27.45,28.541,27.578,9.0,1,True,False,True,64.8,5.0,26.76111111111111,43.28819444444444,False,False,False,False,False,True,85.513,85.78222102066128,-0.26922102066127707
2025,Monza,R,STR,18,Aston Martin,38.0,1.0,HARD,39.0,False,83.224,27.275,28.377,27.572,9.0,1,True,False,True,66.60000000000001,5.0,26.76111111111111,43.28819444444444,False,False,False,False,False,True,85.22200000000001,85.78222102066128,-0.5602210206612739
2025,Monza,R,STR,18,Aston Martin,39.0,1.0,HARD,40.0,False,83.348,27.297,28.36,27.691,8.0,1,True,False,True,68.4,5.0,26.76111111111111,43.28819444444444,False,False,False,False,False,True,85.4,85.78222102066128,-0.3822210206612766
2025,Monza,R,STR,18,Aston Martin,41.0,1.0,HARD,42.0,False,83.926,27.866,28.405,27.655,9.0,1,True,False,True,72.0,5.0,26.76111111111111,43.28819444444444,False,False,False,False,False,True,86.086,85.78222102066128,0.3037789793387162
2025,Monza,R,STR,18,Aston Martin,42.0,1.0,HARD,43.0,False,83.424,27.356,28.44,27.628,8.0,1,True,False,True,73.8,5.0,26.76111111111111,43.28819444444444,False,False,False,False,False,True,85.638,85.78222102066128,-0.14422102066127707
2025,Monza,R,STR,18,Aston Martin,43.0,1.0,HARD,44.0,False,83.417,27.356,28.373,27.688,8.0,1,True,False,True,75.60000000000001,5.0,26.76111111111111,43.28819444444444,False,False,False,False,False,True,85.685,85.78222102066128,-0.09722102066128002
2025,Monza,R,STR,18,Aston Martin,44.0,1.0,HARD,45.0,False,83.314,27.39,28.262,27.662,8.0,1,True,False,True,77.4,5.0,26.76111111111111,43.28819444444444,False,False,False,False,False,True,85.636,85.78222102066128,-0.14622102066128662
2025,Monza,R,STR,18,Aston Martin,45.0,1.0,HARD,46.0,False,83.11,27.276,28.366,27.468,8.0,1,True,False,True,79.2,5.0,26.76111111111111,43.28819444444444,False,False,False,False,False,True,85.486,85.78222102066128,-0.2962210206612781
2025,Monza,R,STR,18,Aston Martin,46.0,1.0,HARD,47.0,False,83.166,27.377,28.359,27.43,8.0,1,True,False,True,81.0,5.0,26.76111111111111,43.28819444444444,False,False,False,False,False,True,85.596,85.78222102066128,-0.18622102066127866
2025,Monza,R,STR,18,Aston Martin,47.0,1.0,HARD,48.0,False,83.003,27.407,28.185,27.411,8.0,1,True,False,True,82.8,5.0,26.76111111111111,43.28819444444444,False,False,False,False,False,True,85.487,85.78222102066128,-0.2952210206612875
2025,Monza,R,STR,18,Aston Martin,48.0,1.0,HARD,49.0,False,83.123,27.418,28.234,27.471,8.0,1,True,False,True,84.60000000000001,5.0,26.76111111111111,43.28819444444444,False,False,False,False,False,True,85.661,85.78222102066128,-0.12122102066128093
2025,Monza,R,STR,18,Aston Martin,51.0,2.0,SOFT,2.0,True,82.164,27.07,27.867,27.227,18.0,1,True,False,True,90.0,5.0,26.76111111111111,43.28819444444444,False,False,False,False,False,True,84.864,86.215284118691,-1.351284118690998
2025,Monza,R,STR,18,Aston Martin,52.0,2.0,SOFT,3.0,True,82.282,27.127,27.768,27.387,18.0,1,True,False,True,91.8,5.0,26.76111111111111,43.28819444444444,False,False,False,False,False,True,85.036,86.215284118691,-1.179284118691001
2025,Monza,R,ALO,14,Aston Martin,2.0,1.0,MEDIUM,3.0,False,85.926,28.102,29.35,28.474,7.0,1,True,False,True,1.8,5.0,26.76111111111111,43.28819444444444,False,False,False,False,False,True,85.98,85.36690226114654,0.6130977388534689
2025,Monza,R,ALO,14,Aston Martin,3.0,1.0,MEDIUM,4.0,False,85.403,27.618,29.576,28.209,7.0,1,True,False,True,3.6,5.0,26.76111111111111,43.28819444444444,False,False,False,False,False,True,85.51100000000001,85.36690226114654,0.14409773885347477
2025,Monza,R,ALO,14,Aston Martin,4.0,1.0,MEDIUM,5.0,False,84.861,27.621,28.963,28.277,7.0,1,True,False,True,5.4,5.0,26.76111111111111,43.28819444444444,False,False,False,False,False,True,85.02300000000001,85.36690226114654,-0.3439022611465248
2025,Monza,R,ALO,14,Aston Martin,5.0,1.0,MEDIUM,6.0,False,85.129,27.854,29.048,28.227,8.0,1,True,False,True,7.2,5.0,26.76111111111111,43.28819444444444,False,False,False,False,False,True,85.345,85.36690226114654,-0.02190226114653626
2025,Monza,R,ALO,14,Aston Martin,6.0,1.0,MEDIUM,7.0,False,84.196,27.317,28.657,28.222,8.0,1,True,False,True,9.0,5.0,26.76111111111111,43.28819444444444,False,False,False,False,False,True,84.466,85.36690226114654,-0.9009022611465412
2025,Monza,R,ALO,14,Aston Martin,7.0,1.0,MEDIUM,8.0,False,84.623,27.303,29.015,28.305,8.0,1,True,False,True,10.8,5.0,26.76111111111111,43.28819444444444,False,False,False,False,False,True,84.947,85.36690226114654,-0.4199022611465324
2025,Monza,R,ALO,14,Aston Martin,8.0,1.0,MEDIUM,9.0,False,84.724,27.4,29.022,28.302,8.0,1,True,False,True,12.6,5.0,26.76111111111111,43.28819444444444,False,False,False,False,False,True,85.102,85.36690226114654,-0.26490226114653126
2025,Monza,R,ALO,14,Aston Martin,9.0,1.0,MEDIUM,10.0,False,84.485,27.287,28.913,28.285,8.0,1,True,False,True,14.4,5.0,26.76111111111111,43.28819444444444,False,False,False,False,False,True,84.917,85.36690226114654,-0.44990226114653353
2025,Monza,R,ALO,14,Aston Martin,10.0,1.0,MEDIUM,11.0,False,84.506,27.472,28.902,28.132,8.0,1,True,False,True,16.2,5.0,26.76111111111111,43.28819444444444,False,False,False,False,False,True,84.992,85.36690226114654,-0.3749022611465307
2025,Monza,R,ALO,14,Aston Martin,11.0,1.0,MEDIUM,12.0,False,84.46,27.504,28.795,28.161,8.0,1,True,False,True,18.0,5.0,26.76111111111111,43.28819444444444,False,False,False,False,False,True,85.0,85.36690226114654,-0.3669022611465351
2025,Monza,R,ALO,14,Aston Martin,12.0,1.0,MEDIUM,13.0,False,84.624,27.549,28.811,28.264,8.0,1,True,False,True,19.8,5.0,26.76111111111111,43.28819444444444,False,False,False,False,False,True,85.21799999999999,85.36690226114654,-0.1489022611465458
2025,Monza,R,ALO,14,Aston Martin,13.0,1.0,MEDIUM,14.0,False,84.577,27.422,28.874,28.281,8.0,1,True,False,True,21.6,5.0,26.76111111111111,43.28819444444444,False,False,False,False,False,True,85.225,85.36690226114654,-0.1419022611465408
2025,Monza,R,ALO,14,Aston Martin,14.0,1.0,MEDIUM,15.0,False,84.396,27.398,28.875,28.123,8.0,1,True,False,True,23.4,5.0,26.76111111111111,43.28819444444444,False,False,False,False,False,True,85.098,85.36690226114654,-0.26890226114653615
2025,Monza,R,ALO,14,Aston Martin,15.0,1.0,MEDIUM,16.0,False,84.276,27.364,28.745,28.167,8.0,1,True,False,True,25.2,5.0,26.76111111111111,43.28819444444444,False,False,False,False,False,True,85.032,85.36690226114654,-0.33490226114653865
2025,Monza,R,ALO,14,Aston Martin,16.0,1.0,MEDIUM,17.0,False,84.206,27.355,28.648,28.203,8.0,1,True,False,True,27.0,5.0,26.76111111111111,43.28819444444444,False,False,False,False,False,True,85.016,85.36690226114654,-0.3509022611465298
2025,Monza,R,ALO,14,Aston Martin,17.0,1.0,MEDIUM,18.0,False,84.224,27.408,28.672,28.144,8.0,1,True,False,True,28.8,5.0,26.76111111111111,43.28819444444444,False,False,False,False,False,True,85.08800000000001,85.36690226114654,-0.27890226114652705
2025,Monza,R,ALO,14,Aston Martin,18.0,1.0,MEDIUM,19.0,False,84.146,27.469,28.633,28.044,8.0,1,True,False,True,30.6,5.0,26.76111111111111,43.28819444444444,False,False,False,False,False,True,85.06400000000001,85.36690226114654,-0.30290226114652796
2025,Monza,R,ALO,14,Aston Martin,19.0,1.0,MEDIUM,20.0,False,84.185,27.425,28.752,28.008,8.0,1,True,False,True,32.4,5.0,26.76111111111111,43.28819444444444,False,False,False,False,False,True,85.157,85.36690226114654,-0.20990226114653865
2025,Monza,R,ALO,14,Aston Martin,22.0,2.0,HARD,3.0,False,84.078,27.592,28.716,27.77,15.0,1,True,False,True,37.8,5.0,26.76111111111111,43.28819444444444,False,False,False,False,False,True,85.212,85.78222102066128,-0.570221020661279
2025,Monza,R,ALO,14,Aston Martin,23.0,2.0,HARD,4.0,False,83.757,27.558,28.504,27.695,15.0,1,True,False,True,39.6,5.0,26.76111111111111,43.28819444444444,False,False,False,False,False,True,84.94500000000001,85.78222102066128,-0.8372210206612749
