year,event,session,driver,driver_number,team,lap_number,stint,compound,tyre_life,fresh_tyre,lap_time_s,sector1_s,sector2_s,sector3_s,position,track_status,is_accurate,is_pit_lap,is_green,fuel_kg_burned,assumed_harvest_mj,air_temp_c,track_temp_c,rainfall,sess_FP1,sess_FP2,sess_FP3,sess_Q,sess_R,y_fuel_s,a_y_pred,residual_s
2026,Silverstone,R,NOR,1,McLaren,3.0,1.0,MEDIUM,3.0,True,95.241,30.061,38.936,26.244,7.0,1,True,False,True,3.6,8.5,24.758333333333333,40.014102564102565,False,False,False,False,False,True,95.349,91.72335749127973,3.6256425087202757
2026,Silverstone,R,NOR,1,McLaren,4.0,1.0,MEDIUM,4.0,True,95.116,29.899,39.002,26.215,7.0,1,True,False,True,5.4,8.5,24.758333333333333,40.014102564102565,False,False,False,False,False,True,95.278,91.72335749127973,3.5546425087202778
2026,Silverstone,R,NOR,1,McLaren,5.0,1.0,MEDIUM,5.0,True,95.154,29.884,38.996,26.274,7.0,1,True,False,True,7.2,8.5,24.758333333333333,40.014102564102565,False,False,False,False,False,True,95.36999999999999,91.72335749127973,3.6466425087202623
2026,Silverstone,R,NOR,1,McLaren,6.0,1.0,MEDIUM,6.0,True,94.875,29.883,38.807,26.185,7.0,1,True,False,True,9.0,8.5,24.758333333333333,40.014102564102565,False,False,False,False,False,True,95.145,91.72335749127973,3.421642508720268
2026,Silverstone,R,NOR,1,McLaren,7.0,1.0,MEDIUM,7.0,True,95.086,30.129,38.659,26.298,7.0,1,True,False,True,10.8,8.5,24.758333333333333,40.014102564102565,False,False,False,False,False,True,95.41,91.72335749127973,3.6866425087202686
2026,Silverstone,R,NOR,1,McLaren,8.0,1.0,MEDIUM,8.0,True,95.281,30.385,38.638,26.258,7.0,1,True,False,True,12.6,8.5,24.758333333333333,40.014102564102565,False,False,False,False,False,True,95.659,91.72335749127973,3.935642508720278
2026,Silverstone,R,NOR,1,McLaren,9.0,1.0,MEDIUM,9.0,True,95.62,30.516,38.839,26.265,7.0,1,True,False,True,14.4,8.5,24.758333333333333,40.014102564102565,False,False,False,False,False,True,96.052,91.72335749127973,4.328642508720279
2026,Silverstone,R,NOR,1,McLaren,10.0,1.0,MEDIUM,10.0,True,95.286,30.408,38.711,26.167,7.0,1,True,False,True,16.2,8.5,24.758333333333333,40.014102564102565,False,False,False,False,False,True,95.772,91.72335749127973,4.0486425087202775
2026,Silverstone,R,NOR,1,McLaren,11.0,1.0,MEDIUM,11.0,True,95.318,30.259,38.809,26.25,7.0,1,True,False,True,18.0,8.5,24.758333333333333,40.014102564102565,False,False,False,False,False,True,95.858,91.72335749127973,4.134642508720276
2026,Silverstone,R,NOR,1,McLaren,12.0,1.0,MEDIUM,12.0,True,95.442,30.276,38.887,26.279,7.0,1,True,False,True,19.8,8.5,24.758333333333333,40.014102564102565,False,False,False,False,False,True,96.03599999999999,91.72335749127973,4.312642508720259
2026,Silverstone,R,NOR,1,McLaren,13.0,1.0,MEDIUM,13.0,True,95.147,30.217,38.838,26.092,7.0,1,True,False,True,21.6,8.5,24.758333333333333,40.014102564102565,False,False,False,False,False,True,95.795,91.72335749127973,4.071642508720274
2026,Silverstone,R,NOR,1,McLaren,14.0,1.0,MEDIUM,14.0,True,95.09,29.919,38.986,26.185,7.0,1,True,False,True,23.400000000000002,8.5,24.758333333333333,40.014102564102565,False,False,False,False,False,True,95.792,91.72335749127973,4.0686425087202736
2026,Silverstone,R,NOR,1,McLaren,15.0,1.0,MEDIUM,15.0,True,95.14,29.88,39.092,26.168,7.0,1,True,False,True,25.2,8.5,24.758333333333333,40.014102564102565,False,False,False,False,False,True,95.896,91.72335749127973,4.172642508720273
2026,Silverstone,R,NOR,1,McLaren,16.0,1.0,MEDIUM,16.0,True,95.278,30.093,38.939,26.246,7.0,1,True,False,True,27.0,8.5,24.758333333333333,40.014102564102565,False,False,False,False,False,True,96.08800000000001,91.72335749127973,4.36464250872028
2026,Silverstone,R,NOR,1,McLaren,17.0,1.0,MEDIUM,17.0,True,95.716,29.987,39.504,26.225,7.0,1,True,False,True,28.8,8.5,24.758333333333333,40.014102564102565,False,False,False,False,False,True,96.58,91.72335749127973,4.85664250872027
2026,Silverstone,R,NOR,1,McLaren,18.0,1.0,MEDIUM,18.0,True,94.741,29.963,38.567,26.211,6.0,1,True,False,True,30.6,8.5,24.758333333333333,40.014102564102565,False,False,False,False,False,True,95.659,91.72335749127973,3.935642508720278
2026,Silverstone,R,NOR,1,McLaren,19.0,1.0,MEDIUM,19.0,True,94.581,30.031,38.653,25.897,6.0,1,True,False,True,32.4,8.5,24.758333333333333,40.014102564102565,False,False,False,False,False,True,95.553,91.72335749127973,3.8296425087202692
2026,Silverstone,R,NOR,1,McLaren,20.0,1.0,MEDIUM,20.0,True,94.722,30.138,38.431,26.153,5.0,1,True,False,True,34.2,8.5,24.758333333333333,40.014102564102565,False,False,False,False,False,True,95.74799999999999,91.72335749127973,4.024642508720262
2026,Silverstone,R,NOR,1,McLaren,21.0,1.0,MEDIUM,21.0,True,94.58,30.127,38.358,26.095,5.0,1,True,False,True,36.0,8.5,24.758333333333333,40.014102564102565,False,False,False,False,False,True,95.66,91.72335749127973,3.9366425087202686
2026,Silverstone,R,NOR,1,McLaren,23.0,1.0,MEDIUM,23.0,True,94.73,29.988,38.627,26.115,5.0,1,True,False,True,39.6,8.5,24.758333333333333,40.014102564102565,False,False,False,False,False,True,95.918,91.72335749127973,4.194642508720278
2026,Silverstone,R,NOR,1,McLaren,24.0,1.0,MEDIUM,24.0,True,94.882,30.112,38.62,26.15,3.0,1,True,False,True,41.4,8.5,24.758333333333333,40.014102564102565,False,False,False,False,False,True,96.12400000000001,91.72335749127973,4.400642508720281
2026,Silverstone,R,NOR,1,McLaren,25.0,1.0,MEDIUM,25.0,True,94.519,29.96,38.427,26.132,3.0,1,True,False,True,43.2,8.5,24.758333333333333,40.014102564102565,False,False,False,False,False,True,95.81500000000001,91.72335749127973,4.091642508720284
2026,Silverstone,R,NOR,1,McLaren,26.0,1.0,MEDIUM,26.0,True,94.724,29.94,38.729,26.055,3.0,1,True,False,True,45.0,8.5,24.758333333333333,40.014102564102565,False,False,False,False,False,True,96.074,91.72335749127973,4.35064250872027
2026,Silverstone,R,NOR,1,McLaren,27.0,1.0,MEDIUM,27.0,True,94.525,29.967,38.518,26.04,3.0,1,True,False,True,46.800000000000004,8.5,24.758333333333333,40.014102564102565,False,False,False,False,False,True,95.929,91.72335749127973,4.205642508720274
2026,Silverstone,R,NOR,1,McLaren,30.0,2.0,HARD,2.0,True,92.901,29.542,37.804,25.555,6.0,1,True,False,True,52.2,8.5,24.758333333333333,40.014102564102565,False,False,False,False,False,True,94.467,92.13867625079448,2.3283237492055235
2026,Silverstone,R,NOR,1,McLaren,31.0,2.0,HARD,3.0,True,93.454,29.679,38.043,25.732,6.0,1,True,False,True,54.0,8.5,24.758333333333333,40.014102564102565,False,False,False,False,False,True,95.074,92.13867625079448,2.935323749205523
2026,Silverstone,R,NOR,1,McLaren,32.0,2.0,HARD,4.0,True,93.196,29.74,37.777,25.679,6.0,1,True,False,True,55.800000000000004,8.5,24.758333333333333,40.014102564102565,False,False,False,False,False,True,94.87,92.13867625079448,2.7313237492055293
2026,Silverstone,R,NOR,1,McLaren,33.0,2.0,HARD,5.0,True,93.33,29.834,37.713,25.783,6.0,1,True,False,True,57.6,8.5,24.758333333333333,40.014102564102565,False,False,False,False,False,True,95.05799999999999,92.13867625079448,2.9193237492055175
2026,Silverstone,R,NOR,1,McLaren,34.0,2.0,HARD,6.0,True,93.468,29.718,37.892,25.858,6.0,1,True,False,True,59.4,8.5,24.758333333333333,40.014102564102565,False,False,False,False,False,True,95.25,92.13867625079448,3.111323749205525
2026,Silverstone,R,NOR,1,McLaren,35.0,2.0,HARD,7.0,True,93.532,29.893,37.847,25.792,5.0,1,True,False,True,61.2,8.5,24.758333333333333,40.014102564102565,False,False,False,False,False,True,95.368,92.13867625079448,3.22932374920552
2026,Silverstone,R,NOR,1,McLaren,36.0,2.0,HARD,8.0,True,93.514,29.912,37.887,25.715,5.0,1,True,False,True,63.0,8.5,24.758333333333333,40.014102564102565,False,False,False,False,False,True,95.404,92.13867625079448,3.265323749205521
2026,Silverstone,R,NOR,1,McLaren,37.0,2.0,HARD,9.0,True,93.913,29.821,38.265,25.826999999999998,5.0,1,True,False,True,64.8,8.5,24.758333333333333,40.014102564102565,False,False,False,False,False,True,95.857,92.13867625079448,3.718323749205524
2026,Silverstone,R,NOR,1,McLaren,40.0,3.0,MEDIUM,8.0,False,92.759,29.644,37.519,25.596,6.0,1,True,False,True,70.2,8.5,24.758333333333333,40.014102564102565,False,False,False,False,False,True,94.865,91.72335749127973,3.141642508720267
2026,Silverstone,R,NOR,1,McLaren,41.0,3.0,MEDIUM,9.0,False,93.022,29.693,37.646,25.683,6.0,1,True,False,True,72.0,8.5,24.758333333333333,40.014102564102565,False,False,False,False,False,True,95.182,91.72335749127973,3.458642508720274
2026,Silverstone,R,NOR,1,McLaren,42.0,3.0,MEDIUM,10.0,False,93.302,29.649,38.01,25.643,5.0,1,True,False,True,73.8,8.5,24.758333333333333,40.014102564102565,False,False,False,False,False,True,95.516,91.72335749127973,3.7926425087202773
2026,Silverstone,R,NOR,1,McLaren,43.0,3.0,MEDIUM,11.0,False,93.167,29.61,37.964,25.593,5.0,1,True,False,True,75.60000000000001,8.5,24.758333333333333,40.014102564102565,False,False,False,False,False,True,95.435,91.72335749127973,3.7116425087202742
2026,Silverstone,R,NOR,1,McLaren,44.0,3.0,MEDIUM,12.0,False,92.775,29.707,37.526,25.542,5.0,1,True,False,True,77.4,8.5,24.758333333333333,40.014102564102565,False,False,False,False,False,True,95.09700000000001,91.72335749127973,3.3736425087202804
2026,Silverstone,R,NOR,1,McLaren,45.0,3.0,MEDIUM,13.0,False,92.625,29.603,37.49,25.532,5.0,1,True,False,True,79.2,8.5,24.758333333333333,40.014102564102565,False,False,False,False,False,True,95.001,91.72335749127973,3.2776425087202767
2026,Silverstone,R,NOR,1,McLaren,46.0,3.0,MEDIUM,14.0,False,93.028,29.66,37.619,25.749,5.0,1,True,False,True,81.0,8.5,24.758333333333333,40.014102564102565,False,False,False,False,False,True,95.458,91.72335749127973,3.7346425087202704
2026,Silverstone,R,GAS,10,Alpine,3.0,1.0,MEDIUM,3.0,True,96.022,30.552,39.314,26.156,12.0,1,True,False,True,3.6,8.5,24.758333333333333,40.014102564102565,False,False,False,False,False,True,96.13000000000001,91.72335749127973,4.406642508720282
2026,Silverstone,R,GAS,10,Alpine,4.0,1.0,MEDIUM,4.0,True,96.294,30.874,39.105,26.315,12.0,1,True,False,True,5.4,8.5,24.758333333333333,40.014102564102565,False,False,False,False,False,True,96.456,91.72335749127973,4.732642508720275
2026,Silverstone,R,GAS,10,Alpine,5.0,1.0,MEDIUM,5.0,True,97.169,30.573,39.654,26.942,12.0,1,True,False,True,7.2,8.5,24.758333333333333,40.014102564102565,False,False,False,False,False,True,97.38499999999999,91.72335749127973,5.661642508720263
2026,Silverstone,R,GAS,10,Alpine,6.0,1.0,MEDIUM,6.0,True,96.336,30.456,39.57,26.31,11.0,1,True,False,True,9.0,8.5,24.758333333333333,40.014102564102565,False,False,False,False,False,True,96.606,91.72335749127973,4.8826425087202665
2026,Silverstone,R,GAS,10,Alpine,7.0,1.0,MEDIUM,7.0,True,97.056,31.197,39.707,26.152,11.0,1,True,False,True,10.8,8.5,24.758333333333333,40.014102564102565,False,False,False,False,False,True,97.38,91.72335749127973,5.656642508720267
2026,Silverstone,R,GAS,10,Alpine,8.0,1.0,MEDIUM,8.0,True,97.256,31.005,40.012,26.239,11.0,1,True,False,True,12.6,8.5,24.758333333333333,40.014102564102565,False,False,False,False,False,True,97.634,91.72335749127973,5.910642508720272
2026,Silverstone,R,GAS,10,Alpine,9.0,1.0,MEDIUM,9.0,True,96.887,30.905,39.277,26.705,11.0,1,True,False,True,14.4,8.5,24.758333333333333,40.014102564102565,False,False,False,False,False,True,97.319,91.72335749127973,5.595642508720275
2026,Silverstone,R,GAS,10,Alpine,10.0,1.0,MEDIUM,10.0,True,96.162,30.447,39.175,26.54,11.0,1,True,False,True,16.2,8.5,24.758333333333333,40.014102564102565,False,False,False,False,False,True,96.64800000000001,91.72335749127973,4.924642508720282
2026,Silverstone,R,GAS,10,Alpine,11.0,1.0,MEDIUM,11.0,True,96.225,30.573,39.203,26.449,11.0,1,True,False,True,18.0,8.5,24.758333333333333,40.014102564102565,False,False,False,False,False,True,96.765,91.72335749127973,5.0416425087202725
2026,Silverstone,R,GAS,10,Alpine,12.0,1.0,MEDIUM,12.0,True,96.165,30.44,39.183,26.542,11.0,1,True,False,True,19.8,8.5,24.758333333333333,40.014102564102565,False,False,False,False,False,True,96.759,91.72335749127973,5.035642508720272
2026,Silverstone,R,GAS,10,Alpine,13.0,1.0,MEDIUM,13.0,True,96.45,30.571,39.329,26.55,11.0,1,True,False,True,21.6,8.5,24.758333333333333,40.014102564102565,False,False,False,False,False,True,97.098,91.72335749127973,5.374642508720271
2026,Silverstone,R,GAS,10,Alpine,14.0,1.0,MEDIUM,14.0,True,96.146,30.236,39.287,26.623,11.0,1,True,False,True,23.400000000000002,8.5,24.758333333333333,40.014102564102565,False,False,False,False,False,True,96.848,91.72335749127973,5.124642508720271
2026,Silverstone,R,GAS,10,Alpine,15.0,1.0,MEDIUM,15.0,True,95.989,30.292,39.258,26.439,11.0,1,True,False,True,25.2,8.5,24.758333333333333,40.014102564102565,False,False,False,False,False,True,96.745,91.72335749127973,5.0216425087202765
2026,Silverstone,R,GAS,10,Alpine,16.0,1.0,MEDIUM,16.0,True,96.296,30.327,39.316,26.653,11.0,1,True,False,True,27.0,8.5,24.758333333333333,40.014102564102565,False,False,False,False,False,True,97.10600000000001,91.72335749127973,5.382642508720281
2026,Silverstone,R,GAS,10,Alpine,17.0,1.0,MEDIUM,17.0,True,96.175,30.381,39.229,26.565,11.0,1,True,False,True,28.8,8.5,24.758333333333333,40.014102564102565,False,False,False,False,False,True,97.039,91.72335749127973,5.315642508720273
2026,Silverstone,R,GAS,10,Alpine,18.0,1.0,MEDIUM,18.0,True,96.323,30.459,39.154,26.71,11.0,1,True,False,True,30.6,8.5,24.758333333333333,40.014102564102565,False,False,False,False,False,True,97.241,91.72335749127973,5.517642508720272
2026,Silverstone,R,GAS,10,Alpine,19.0,1.0,MEDIUM,19.0,True,95.953,30.322,39.114,26.517,11.0,1,True,False,True,32.4,8.5,24.758333333333333,40.014102564102565,False,False,False,False,False,True,96.925,91.72335749127973,5.201642508720269
2026,Silverstone,R,GAS,10,Alpine,20.0,1.0,MEDIUM,20.0,True,95.675,30.412,38.921,26.342,11.0,1,True,False,True,34.2,8.5,24.758333333333333,40.014102564102565,False,False,False,False,False,True,96.701,91.72335749127973,4.977642508720265
2026,Silverstone,R,GAS,10,Alpine,25.0,2.0,HARD,2.0,True,94.576,29.865,38.529,26.182,13.0,1,True,False,True,43.2,8.5,24.758333333333333,40.014102564102565,False,False,False,False,False,True,95.872,92.13867625079448,3.7333237492055247
2026,Silverstone,R,GAS,10,Alpine,26.0,2.0,HARD,3.0,True,95.614,29.824,39.451,26.339,13.0,1,True,False,True,45.0,8.5,24.758333333333333,40.014102564102565,False,False,False,False,False,True,96.964,92.13867625079448,4.825323749205523
2026,Silverstone,R,GAS,10,Alpine,27.0,2.0,HARD,4.0,True,94.731,30.025,38.438,26.268,12.0,1,True,False,True,46.800000000000004,8.5,24.758333333333333,40.014102564102565,False,False,False,False,False,True,96.13499999999999,92.13867625079448,3.9963237492055157
2026,Silverstone,R,GAS,10,Alpine,28.0,2.0,HARD,5.0,True,94.618,29.951999999999998,38.441,26.225,12.0,1,True,False,True,48.6,8.5,24.758333333333333,40.014102564102565,False,False,False,False,False,True,96.076,92.13867625079448,3.937323749205518
2026,Silverstone,R,GAS,10,Alpine,29.0,2.0,HARD,6.0,True,94.437,29.927,38.271,26.239,12.0,1,True,False,True,50.4,8.5,24.758333333333333,40.014102564102565,False,False,False,False,False,True,95.949,92.13867625079448,3.810323749205523
2026,Silverstone,R,GAS,10,Alpine,30.0,2.0,HARD,7.0,True,94.619,30.057,38.444,26.118,12.0,1,True,False,True,52.2,8.5,24.758333333333333,40.014102564102565,False,False,False,False,False,True,96.185,92.13867625079448,4.046323749205527
2026,Silverstone,R,GAS,10,Alpine,31.0,2.0,HARD,8.0,True,94.721,30.01,38.492,26.219,12.0,1,True,False,True,54.0,8.5,24.758333333333333,40.014102564102565,False,False,False,False,False,True,96.34100000000001,92.13867625079448,4.202323749205533
2026,Silverstone,R,GAS,10,Alpine,32.0,2.0,HARD,9.0,True,95.063,30.287,38.568,26.208,12.0,1,True,False,True,55.800000000000004,8.5,24.758333333333333,40.014102564102565,False,False,False,False,False,True,96.73700000000001,92.13867625079448,4.598323749205534
2026,Silverstone,R,GAS,10,Alpine,33.0,2.0,HARD,10.0,True,94.963,30.137,38.632,26.194,12.0,1,True,False,True,57.6,8.5,24.758333333333333,40.014102564102565,False,False,False,False,False,True,96.69099999999999,92.13867625079448,4.552323749205513
2026,Silverstone,R,GAS,10,Alpine,34.0,2.0,HARD,11.0,True,94.996,30.067,38.548,26.381,12.0,1,True,False,True,59.4,8.5,24.758333333333333,40.014102564102565,False,False,False,False,False,True,96.77799999999999,92.13867625079448,4.639323749205516
2026,Silverstone,R,GAS,10,Alpine,35.0,2.0,HARD,12.0,True,95.558,30.377,38.863,26.318,12.0,1,True,False,True,61.2,8.5,24.758333333333333,40.014102564102565,False,False,False,False,False,True,97.394,92.13867625079448,5.25532374920553
2026,Silverstone,R,GAS,10,Alpine,36.0,2.0,HARD,13.0,True,94.937,30.191,38.489,26.257,12.0,1,True,False,True,63.0,8.5,24.758333333333333,40.014102564102565,False,False,False,False,False,True,96.827,92.13867625079448,4.688323749205523
2026,Silverstone,R,GAS,10,Alpine,39.0,2.0,HARD,16.0,True,94.522,30.15,38.255,26.117,12.0,1,True,False,True,68.4,8.5,24.758333333333333,40.014102564102565,False,False,False,False,False,True,96.57400000000001,92.13867625079448,4.435323749205537
2026,Silverstone,R,GAS,10,Alpine,40.0,2.0,HARD,17.0,True,94.455,29.906,38.476,26.073,12.0,1,True,False,True,70.2,8.5,24.758333333333333,40.014102564102565,False,False,False,False,False,True,96.56099999999999,92.13867625079448,4.422323749205518
2026,Silverstone,R,GAS,10,Alpine,41.0,2.0,HARD,18.0,True,94.312,29.838,38.395,26.079,12.0,1,True,False,True,72.0,8.5,24.758333333333333,40.014102564102565,False,False,False,False,False,True,96.472,92.13867625079448,4.333323749205519
2026,Silverstone,R,GAS,10,Alpine,42.0,2.0,HARD,19.0,True,94.303,29.93,38.316,26.057,12.0,1,True,False,True,73.8,8.5,24.758333333333333,40.014102564102565,False,False,False,False,False,True,96.517,92.13867625079448,4.378323749205521
2026,Silverstone,R,GAS,10,Alpine,43.0,2.0,HARD,20.0,True,94.387,29.799,38.522,26.066,12.0,1,True,False,True,75.60000000000001,8.5,24.758333333333333,40.014102564102565,False,False,False,False,False,True,96.655,92.13867625079448,4.516323749205526
2026,Silverstone,R,GAS,10,Alpine,44.0,2.0,HARD,21.0,True,94.179,29.956,38.2,26.023,12.0,1,True,False,True,77.4,8.5,24.758333333333333,40.014102564102565,False,False,False,False,False,True,96.501,92.13867625079448,4.36232374920553
2026,Silverstone,R,GAS,10,Alpine,45.0,2.0,HARD,22.0,True,94.51,29.984,38.309,26.217,12.0,1,True,False,True,79.2,8.5,24.758333333333333,40.014102564102565,False,False,False,False,False,True,96.88600000000001,92.13867625079448,4.747323749205535
2026,Silverstone,R,GAS,10,Alpine,46.0,2.0,HARD,23.0,True,95.978,31.417,38.712,25.849,12.0,1,True,False,True,81.0,8.5,24.758333333333333,40.014102564102565,False,False,False,False,False,True,98.40799999999999,92.13867625079448,6.269323749205512
2026,Silverstone,R,PER,11,Cadillac,3.0,1.0,MEDIUM,3.0,True,96.934,30.41,39.585,26.939,15.0,1,True,False,True,3.6,8.5,24.758333333333333,40.014102564102565,False,False,False,False,False,True,97.042,91.72335749127973,5.3186425087202736
2026,Silverstone,R,PER,11,Cadillac,4.0,1.0,MEDIUM,4.0,True,97.232,30.533,39.855,26.844,15.0,1,True,False,True,5.4,8.5,24.758333333333333,40.014102564102565,False,False,False,False,False,True,97.394,91.72335749127973,5.670642508720277
2026,Silverstone,R,PER,11,Cadillac,5.0,1.0,MEDIUM,5.0,True,97.229,30.527,39.981,26.721,15.0,1,True,False,True,7.2,8.5,24.758333333333333,40.014102564102565,False,False,False,False,False,True,97.445,91.72335749127973,5.721642508720265
2026,Silverstone,R,PER,11,Cadillac,6.0,1.0,MEDIUM,6.0,True,96.94,30.598,39.641,26.701,15.0,1,True,False,True,9.0,8.5,24.758333333333333,40.014102564102565,False,False,False,False,False,True,97.21,91.72335749127973,5.486642508720266
2026,Silverstone,R,PER,11,Cadillac,7.0,1.0,MEDIUM,7.0,True,97.311,30.723,39.97,26.618,15.0,1,True,False,True,10.8,8.5,24.758333333333333,40.014102564102565,False,False,False,False,False,True,97.635,91.72335749127973,5.911642508720277
2026,Silverstone,R,PER,11,Cadillac,8.0,1.0,MEDIUM,8.0,True,97.54,30.948,39.764,26.828,15.0,1,True,False,True,12.6,8.5,24.758333333333333,40.014102564102565,False,False,False,False,False,True,97.918,91.72335749127973,6.194642508720278
2026,Silverstone,R,PER,11,Cadillac,9.0,1.0,MEDIUM,9.0,True,97.662,30.901,40.02,26.741,15.0,1,True,False,True,14.4,8.5,24.758333333333333,40.014102564102565,False,False,False,False,False,True,98.09400000000001,91.72335749127973,6.37064250872028
2026,Silverstone,R,PER,11,Cadillac,10.0,1.0,MEDIUM,10.0,True,97.773,30.951,40.092,26.73,15.0,1,True,False,True,16.2,8.5,24.758333333333333,40.014102564102565,False,False,False,False,False,True,98.259,91.72335749127973,6.535642508720272
2026,Silverstone,R,PER,11,Cadillac,11.0,1.0,MEDIUM,11.0,True,97.545,30.966,39.785,26.794,15.0,1,True,False,True,18.0,8.5,24.758333333333333,40.014102564102565,False,False,False,False,False,True,98.08500000000001,91.72335749127973,6.36164250872028
2026,Silverstone,R,PER,11,Cadillac,12.0,1.0,MEDIUM,12.0,True,97.825,30.844,40.206,26.775,16.0,1,True,False,True,19.8,8.5,24.758333333333333,40.014102564102565,False,False,False,False,False,True,98.419,91.72335749127973,6.695642508720269
2026,Silverstone,R,PER,11,Cadillac,13.0,1.0,MEDIUM,13.0,True,97.294,30.693,39.892,26.709,16.0,1,True,False,True,21.6,8.5,24.758333333333333,40.014102564102565,False,False,False,False,False,True,97.942,91.72335749127973,6.218642508720265
2026,Silverstone,R,PER,11,Cadillac,14.0,1.0,MEDIUM,14.0,True,97.156,30.579,39.77,26.807,16.0,1,True,False,True,23.400000000000002,8.5,24.758333333333333,40.014102564102565,False,False,False,False,False,True,97.858,91.72335749127973,6.134642508720276
2026,Silverstone,R,PER,11,Cadillac,15.0,1.0,MEDIUM,15.0,True,96.975,30.727,39.731,26.517,16.0,1,True,False,True,25.2,8.5,24.758333333333333,40.014102564102565,False,False,False,False,False,True,97.731,91.72335749127973,6.0076425087202665
2026,Silverstone,R,PER,11,Cadillac,16.0,1.0,MEDIUM,16.0,True,97.265,30.784,39.769,26.712,16.0,1,True,False,True,27.0,8.5,24.758333333333333,40.014102564102565,False,False,False,False,False,True,98.075,91.72335749127973,6.351642508720275
2026,Silverstone,R,PER,11,Cadillac,17.0,1.0,MEDIUM,17.0,True,96.947,30.646,39.721,26.58,16.0,1,True,False,True,28.8,8.5,24.758333333333333,40.014102564102565,False,False,False,False,False,True,97.811,91.72335749127973,6.087642508720279
2026,Silverstone,R,PER,11,Cadillac,18.0,1.0,MEDIUM,18.0,True,97.577,30.828,39.977,26.772,15.0,1,True,False,True,30.6,8.5,24.758333333333333,40.014102564102565,False,False,False,False,False,True,98.495,91.72335749127973,6.7716425087202765
2026,Silverstone,R,PER,11,Cadillac,19.0,1.0,MEDIUM,19.0,True,97.094,30.779,39.607,26.708,15.0,1,True,False,True,32.4,8.5,24.758333333333333,40.014102564102565,False,False,False,False,False,True,98.06599999999999,91.72335749127973,6.34264250872026
2026,Silverstone,R,PER,11,Cadillac,20.0,1.0,MEDIUM,20.0,True,96.721,30.636,39.561,26.524,15.0,1,True,False,True,34.2,8.5,24.758333333333333,40.014102564102565,False,False,False,False,False,True,97.747,91.72335749127973,6.023642508720272
2026,Silverstone,R,PER,11,Cadillac,23.0,2.0,HARD,2.0,True,97.496,32.015,39.167,26.314,18.0,1,True,False,True,39.6,8.5,24.758333333333333,40.014102564102565,False,False,False,False,False,True,98.684,92.13867625079448,6.545323749205522
2026,Silverstone,R,PER,11,Cadillac,24.0,2.0,HARD,3.0,True,97.186,31.45,39.041,26.695,18.0,1,True,False,True,41.4,8.5,24.758333333333333,40.014102564102565,False,False,False,False,False,True,98.42800000000001,92.13867625079448,6.289323749205536
2026,Silverstone,R,PER,11,Cadillac,25.0,2.0,HARD,4.0,True,95.826,30.367,39.232,26.227,17.0,1,True,False,True,43.2,8.5,24.758333333333333,40.014102564102565,False,False,False,False,False,True,97.122,92.13867625079448,4.983323749205525
2026,Silverstone,R,PER,11,Cadillac,26.0,2.0,HARD,5.0,True,95.661,30.229,39.135,26.297,17.0,1,True,False,True,45.0,8.5,24.758333333333333,40.014102564102565,False,False,False,False,False,True,97.011,92.13867625079448,4.8723237492055205
2026,Silverstone,R,PER,11,Cadillac,27.0,2.0,HARD,6.0,True,96.824,30.369,38.921,27.534,18.0,1,True,False,True,46.800000000000004,8.5,24.758333333333333,40.014102564102565,False,False,False,False,False,True,98.228,92.13867625079448,6.089323749205519
2026,Silverstone,R,PER,11,Cadillac,28.0,2.0,HARD,7.0,True,96.534,30.666,39.387,26.481,18.0,1,True,False,True,48.6,8.5,24.758333333333333,40.014102564102565,False,False,False,False,False,True,97.992,92.13867625079448,5.853323749205529
2026,Silverstone,R,PER,11,Cadillac,29.0,2.0,HARD,8.0,True,97.003,30.431,39.341,27.231,18.0,1,True,False,True,50.4,8.5,24.758333333333333,40.014102564102565,False,False,False,False,False,True,98.515,92.13867625079448,6.376323749205525
2026,Silverstone,R,PER,11,Cadillac,30.0,2.0,HARD,9.0,True,96.389,30.485,39.59,26.314,17.0,1,True,False,True,52.2,8.5,24.758333333333333,40.014102564102565,False,False,False,False,False,True,97.955,92.13867625079448,5.816323749205523
2026,Silverstone,R,PER,11,Cadillac,31.0,2.0,HARD,10.0,True,96.666,30.334,39.176,27.156,18.0,1,True,False,True,54.0,8.5,24.758333333333333,40.014102564102565,False,False,False,False,False,True,98.286,92.13867625079448,6.147323749205526
2026,Silverstone,R,PER,11,Cadillac,32.0,2.0,HARD,11.0,True,96.292,30.489,39.482,26.321,18.0,1,True,False,True,55.800000000000004,8.5,24.758333333333333,40.014102564102565,False,False,False,False,False,True,97.96600000000001,92.13867625079448,5.827323749205533
2026,Silverstone,R,PER,11,Cadillac,33.0,2.0,HARD,12.0,True,96.403,30.357,39.408,26.638,18.0,1,True,False,True,57.6,8.5,24.758333333333333,40.014102564102565,False,False,False,False,False,True,98.131,92.13867625079448,5.992323749205525
2026,Silverstone,R,PER,11,Cadillac,34.0,2.0,HARD,13.0,True,98.576,30.481,39.392,28.703,18.0,1,True,False,True,59.4,8.5,24.758333333333333,40.014102564102565,False,False,False,False,False,True,100.35799999999999,92.13867625079448,8.219323749205515
2026,Silverstone,R,PER,11,Cadillac,35.0,2.0,HARD,14.0,True,96.497,30.5,39.441,26.556,18.0,1,True,False,True,61.2,8.5,24.758333333333333,40.014102564102565,False,False,False,False,False,True,98.333,92.13867625079448,6.194323749205523
2026,Silverstone,R,PER,11,Cadillac,36.0,2.0,HARD,15.0,True,96.457,30.52,39.389,26.548000000000002,18.0,1,True,False,True,63.0,8.5,24.758333333333333,40.014102564102565,False,False,False,False,False,True,98.347,92.13867625079448,6.208323749205519
2026,Silverstone,R,PER,11,Cadillac,39.0,2.0,HARD,18.0,True,96.798,30.987,39.421,26.39,17.0,1,True,False,True,68.4,8.5,24.758333333333333,40.014102564102565,False,False,False,False,False,True,98.85000000000001,92.13867625079448,6.711323749205533
2026,Silverstone,R,PER,11,Cadillac,40.0,2.0,HARD,19.0,True,97.296,30.979,39.934,26.383,17.0,1,True,False,True,70.2,8.5,24.758333333333333,40.014102564102565,False,False,False,False,False,True,99.402,92.13867625079448,7.263323749205526
2026,Silverstone,R,PER,11,Cadillac,41.0,2.0,HARD,20.0,True,95.713,30.378,38.942,26.393,17.0,1,True,False,True,72.0,8.5,24.758333333333333,40.014102564102565,False,False,False,False,False,True,97.87299999999999,92.13867625079448,5.734323749205515
2026,Silverstone,R,PER,11,Cadillac,42.0,2.0,HARD,21.0,True,98.281,30.431,41.159,26.691,17.0,1,True,False,True,73.8,8.5,24.758333333333333,40.014102564102565,False,False,False,False,False,True,100.495,92.13867625079448,8.35632374920553
2026,Silverstone,R,PER,11,Cadillac,43.0,2.0,HARD,22.0,True,95.557,30.352,38.896,26.309,17.0,1,True,False,True,75.60000000000001,8.5,24.758333333333333,40.014102564102565,False,False,False,False,False,True,97.825,92.13867625079448,5.686323749205528
2026,Silverstone,R,PER,11,Cadillac,44.0,2.0,HARD,23.0,True,95.52,30.315,38.873,26.332,17.0,1,True,False,True,77.4,8.5,24.758333333333333,40.014102564102565,False,False,False,False,False,True,97.842,92.13867625079448,5.7033237492055235
2026,Silverstone,R,PER,11,Cadillac,45.0,2.0,HARD,24.0,True,96.872,30.277,38.847,27.748,17.0,1,True,False,True,79.2,8.5,24.758333333333333,40.014102564102565,False,False,False,False,False,True,99.248,92.13867625079448,7.1093237492055295
2026,Silverstone,R,ANT,12,Mercedes,3.0,1.0,MEDIUM,3.0,True,94.05,29.661,38.357,26.032,3.0,1,True,False,True,3.6,8.5,24.758333333333333,40.014102564102565,False,False,False,False,False,True,94.158,91.72335749127973,2.434642508720273
2026,Silverstone,R,ANT,12,Mercedes,4.0,1.0,MEDIUM,4.0,True,94.373,29.815,38.584,25.974,3.0,1,True,False,True,5.4,8.5,24.758333333333333,40.014102564102565,False,False,False,False,False,True,94.53500000000001,91.72335749127973,2.8116425087202828
2026,Silverstone,R,ANT,12,Mercedes,5.0,1.0,MEDIUM,5.0,True,94.751,29.993,38.591,26.167,3.0,1,True,False,True,7.2,8.5,24.758333333333333,40.014102564102565,False,False,False,False,False,True,94.967,91.72335749127973,3.2436425087202707
2026,Silverstone,R,ANT,12,Mercedes,6.0,1.0,MEDIUM,6.0,True,94.464,29.966,38.486,26.012,3.0,1,True,False,True,9.0,8.5,24.758333333333333,40.014102564102565,False,False,False,False,False,True,94.734,91.72335749127973,3.0106425087202666
2026,Silverstone,R,ANT,12,Mercedes,7.0,1.0,MEDIUM,7.0,True,94.477,29.818,38.543,26.116,3.0,1,True,False,True,10.8,8.5,24.758333333333333,40.014102564102565,False,False,False,False,False,True,94.801,91.72335749127973,3.077642508720274
2026,Silverstone,R,ANT,12,Mercedes,8.0,1.0,MEDIUM,8.0,True,94.74,30.071,38.59,26.079,3.0,1,True,False,True,12.6,8.5,24.758333333333333,40.014102564102565,False,False,False,False,False,True,95.118,91.72335749127973,3.394642508720267
2026,Silverstone,R,ANT,12,Mercedes,9.0,1.0,MEDIUM,9.0,True,94.965,30.023,38.809,26.133,3.0,1,True,False,True,14.4,8.5,24.758333333333333,40.014102564102565,False,False,False,False,False,True,95.397,91.72335749127973,3.6736425087202775
2026,Silverstone,R,ANT,12,Mercedes,10.0,1.0,MEDIUM,10.0,True,95.017,30.101,38.786,26.13,3.0,1,True,False,True,16.2,8.5,24.758333333333333,40.014102564102565,False,False,False,False,False,True,95.503,91.72335749127973,3.779642508720272
2026,Silverstone,R,ANT,12,Mercedes,11.0,1.0,MEDIUM,11.0,True,94.276,29.798000000000002,38.5,25.978,2.0,1,True,False,True,18.0,8.5,24.758333333333333,40.014102564102565,False,False,False,False,False,True,94.816,91.72335749127973,3.0926425087202745
2026,Silverstone,R,ANT,12,Mercedes,12.0,1.0,MEDIUM,12.0,True,94.488,29.964,38.383,26.141,2.0,1,True,False,True,19.8,8.5,24.758333333333333,40.014102564102565,False,False,False,False,False,True,95.082,91.72335749127973,3.3586425087202656
2026,Silverstone,R,ANT,12,Mercedes,13.0,1.0,MEDIUM,13.0,True,94.592,30.299,38.296,25.997,2.0,1,True,False,True,21.6,8.5,24.758333333333333,40.014102564102565,False,False,False,False,False,True,95.24,91.72335749127973,3.516642508720267
2026,Silverstone,R,ANT,12,Mercedes,14.0,1.0,MEDIUM,14.0,True,94.117,29.946,38.266,25.905,2.0,1,True,False,True,23.400000000000002,8.5,24.758333333333333,40.014102564102565,False,False,False,False,False,True,94.819,91.72335749127973,3.0956425087202746
2026,Silverstone,R,ANT,12,Mercedes,15.0,1.0,MEDIUM,15.0,True,93.91,29.856,38.187,25.867,2.0,1,True,False,True,25.2,8.5,24.758333333333333,40.014102564102565,False,False,False,False,False,True,94.666,91.72335749127973,2.942642508720269
2026,Silverstone,R,ANT,12,Mercedes,16.0,1.0,MEDIUM,16.0,True,94.29,30.088,38.252,25.95,2.0,1,True,False,True,27.0,8.5,24.758333333333333,40.014102564102565,False,False,False,False,False,True,95.10000000000001,91.72335749127973,3.3766425087202805
2026,Silverstone,R,ANT,12,Mercedes,17.0,1.0,MEDIUM,17.0,True,94.544,30.074,38.421,26.049,2.0,1,True,False,True,28.8,8.5,24.758333333333333,40.014102564102565,False,False,False,False,False,True,95.408,91.72335749127973,3.684642508720273
2026,Silverstone,R,ANT,12,Mercedes,18.0,1.0,MEDIUM,18.0,True,94.259,29.921,38.277,26.061,2.0,1,True,False,True,30.6,8.5,24.758333333333333,40.014102564102565,False,False,False,False,False,True,95.177,91.72335749127973,3.4536425087202787
2026,Silverstone,R,ANT,12,Mercedes,19.0,1.0,MEDIUM,19.0,True,94.268,29.978,38.255,26.035,2.0,1,True,False,True,32.4,8.5,24.758333333333333,40.014102564102565,False,False,False,False,False,True,95.24,91.72335749127973,3.516642508720267
2026,Silverstone,R,ANT,12,Mercedes,20.0,1.0,MEDIUM,20.0,True,94.066,29.913,38.291,25.862,2.0,1,True,False,True,34.2,8.5,24.758333333333333,40.014102564102565,False,False,False,False,False,True,95.092,91.72335749127973,3.3686425087202707
2026,Silverstone,R,ANT,12,Mercedes,21.0,1.0,MEDIUM,21.0,True,94.078,30.005,38.157,25.916,2.0,1,True,False,True,36.0,8.5,24.758333333333333,40.014102564102565,False,False,False,False,False,True,95.158,91.72335749127973,3.434642508720273
2026,Silverstone,R,ANT,12,Mercedes,23.0,1.0,MEDIUM,23.0,True,93.914,29.847,38.095,25.972,2.0,1,True,False,True,39.6,8.5,24.758333333333333,40.014102564102565,False,False,False,False,False,True,95.102,91.72335749127973,3.378642508720276
2026,Silverstone,R,ANT,12,Mercedes,24.0,1.0,MEDIUM,24.0,True,93.955,29.888,38.179,25.888,2.0,1,True,False,True,41.4,8.5,24.758333333333333,40.014102564102565,False,False,False,False,False,True,95.197,91.72335749127973,3.4736425087202747
2026,Silverstone,R,ANT,12,Mercedes,25.0,1.0,MEDIUM,25.0,True,94.001,29.822,38.16,26.019,2.0,1,True,False,True,43.2,8.5,24.758333333333333,40.014102564102565,False,False,False,False,False,True,95.29700000000001,91.72335749127973,3.573642508720283
2026,Silverstone,R,ANT,12,Mercedes,26.0,1.0,MEDIUM,26.0,True,93.951,29.89,38.241,25.82,1.0,1,True,False,True,45.0,8.5,24.758333333333333,40.014102564102565,False,False,False,False,False,True,95.30099999999999,91.72335749127973,3.5776425087202597
2026,Silverstone,R,ANT,12,Mercedes,27.0,1.0,MEDIUM,27.0,True,93.686,29.728,38.14,25.818,1.0,1,True,False,True,46.800000000000004,8.5,24.758333333333333,40.014102564102565,False,False,False,False,False,True,95.09,91.72335749127973,3.3666425087202754
2026,Silverstone,R,ANT,12,Mercedes,28.0,1.0,MEDIUM,28.0,True,93.52,29.63,37.902,25.988,1.0,1,True,False,True,48.6,8.5,24.758333333333333,40.014102564102565,False,False,False,False,False,True,94.978,91.72335749127973,3.2546425087202664
2026,Silverstone,R,ANT,12,Mercedes,29.0,1.0,MEDIUM,29.0,True,93.467,29.568,37.98,25.919,1.0,1,True,False,True,50.4,8.5,24.758333333333333,40.014102564102565,False,False,False,False,False,True,94.979,91.72335749127973,3.255642508720271
2026,Silverstone,R,ANT,12,Mercedes,30.0,1.0,MEDIUM,30.0,True,93.72,29.828,38.064,25.828,1.0,1,True,False,True,52.2,8.5,24.758333333333333,40.014102564102565,False,False,False,False,False,True,95.286,91.72335749127973,3.5626425087202733
2026,Silverstone,R,ANT,12,Mercedes,31.0,1.0,MEDIUM,31.0,True,93.772,29.832,38.043,25.897,1.0,1,True,False,True,54.0,8.5,24.758333333333333,40.014102564102565,False,False,False,False,False,True,95.39200000000001,91.72335749127973,3.668642508720282
2026,Silverstone,R,ANT,12,Mercedes,32.0,1.0,MEDIUM,32.0,True,93.451,29.808,38.007,25.636,1.0,1,True,False,True,55.800000000000004,8.5,24.758333333333333,40.014102564102565,False,False,False,False,False,True,95.125,91.72335749127973,3.401642508720272
2026,Silverstone,R,ANT,12,Mercedes,33.0,1.0,MEDIUM,33.0,True,93.601,29.75,38.052,25.799,1.0,1,True,False,True,57.6,8.5,24.758333333333333,40.014102564102565,False,False,False,False,False,True,95.329,91.72335749127973,3.6056425087202655
2026,Silverstone,R,ANT,12,Mercedes,34.0,1.0,MEDIUM,34.0,True,93.725,29.752,38.081,25.892,1.0,1,True,False,True,59.4,8.5,24.758333333333333,40.014102564102565,False,False,False,False,False,True,95.50699999999999,91.72335749127973,3.7836425087202628
2026,Silverstone,R,ANT,12,Mercedes,37.0,2.0,HARD,2.0,True,91.777,29.501,37.119,25.157,2.0,1,True,False,True,64.8,8.5,24.758333333333333,40.014102564102565,False,False,False,False,False,True,93.721,92.13867625079448,1.5823237492055284
2026,Silverstone,R,ANT,12,Mercedes,40.0,2.0,HARD,5.0,True,91.904,29.538,37.17,25.196,2.0,1,True,False,True,70.2,8.5,24.758333333333333,40.014102564102565,False,False,False,False,False,True,94.00999999999999,92.13867625079448,1.8713237492055157
2026,Silverstone,R,ANT,12,Mercedes,45.0,4.0,MEDIUM,10.0,False,93.812,29.709,38.21,25.893,10.0,1,True,False,True,79.2,8.5,24.758333333333333,40.014102564102565,False,False,False,False,False,True,96.188,91.72335749127973,4.464642508720274
2026,Silverstone,R,ANT,12,Mercedes,46.0,4.0,MEDIUM,11.0,False,93.503,29.585,38.161,25.757,10.0,1,True,False,True,81.0,8.5,24.758333333333333,40.014102564102565,False,False,False,False,False,True,95.93299999999999,91.72335749127973,4.209642508720265
2026,Silverstone,R,ALO,14,Aston Martin,3.0,1.0,MEDIUM,3.0,True,98.632,31.286,40.494,26.852,20.0,1,True,False,True,3.6,8.5,24.758333333333333,40.014102564102565,False,False,False,False,False,True,98.74000000000001,91.72335749127973,7.016642508720281
2026,Silverstone,R,ALO,14,Aston Martin,4.0,1.0,MEDIUM,4.0,True,98.775,31.361,40.589,26.825,20.0,1,True,False,True,5.4,8.5,24.758333333333333,40.014102564102565,False,False,False,False,False,True,98.93700000000001,91.72335749127973,7.213642508720284
2026,Silverstone,R,ALO,14,Aston Martin,5.0,1.0,MEDIUM,5.0,True,98.933,31.436,40.543,26.954,20.0,1,True,False,True,7.2,8.5,24.758333333333333,40.014102564102565,False,False,False,False,False,True,99.149,91.72335749127973,7.425642508720273
2026,Silverstone,R,ALO,14,Aston Martin,6.0,1.0,MEDIUM,6.0,True,98.79,31.597,40.295,26.898,20.0,1,True,False,True,9.0,8.5,24.758333333333333,40.014102564102565,False,False,False,False,False,True,99.06,91.72335749127973,7.336642508720274
2026,Silverstone,R,ALO,14,Aston Martin,7.0,1.0,MEDIUM,7.0,True,98.384,31.403,40.13,26.851,20.0,1,True,False,True,10.8,8.5,24.758333333333333,40.014102564102565,False,False,False,False,False,True,98.708,91.72335749127973,6.98464250872027
2026,Silverstone,R,ALO,14,Aston Martin,8.0,1.0,MEDIUM,8.0,True,98.792,31.502,40.359,26.931,20.0,1,True,False,True,12.6,8.5,24.758333333333333,40.014102564102565,False,False,False,False,False,True,99.17,91.72335749127973,7.446642508720274
2026,Silverstone,R,ALO,14,Aston Martin,9.0,1.0,MEDIUM,9.0,True,99.472,31.521,40.849,27.102,20.0,1,True,False,True,14.4,8.5,24.758333333333333,40.014102564102565,False,False,False,False,False,True,99.904,91.72335749127973,8.180642508720268
2026,Silverstone,R,ALO,14,Aston Martin,10.0,1.0,MEDIUM,10.0,True,99.093,31.415,40.618,27.06,20.0,1,True,False,True,16.2,8.5,24.758333333333333,40.014102564102565,False,False,False,False,False,True,99.57900000000001,91.72335749127973,7.85564250872028
2026,Silverstone,R,ALO,14,Aston Martin,11.0,1.0,MEDIUM,11.0,True,99.003,31.209,40.742,27.052,20.0,1,True,False,True,18.0,8.5,24.758333333333333,40.014102564102565,False,False,False,False,False,True,99.543,91.72335749127973,7.819642508720278
2026,Silverstone,R,ALO,14,Aston Martin,12.0,1.0,MEDIUM,12.0,True,99.136,31.424,40.66,27.052,20.0,1,True,False,True,19.8,8.5,24.758333333333333,40.014102564102565,False,False,False,False,False,True,99.72999999999999,91.72335749127973,8.006642508720262
2026,Silverstone,R,ALO,14,Aston Martin,13.0,1.0,MEDIUM,13.0,True,98.877,31.147,40.834,26.896,20.0,1,True,False,True,21.6,8.5,24.758333333333333,40.014102564102565,False,False,False,False,False,True,99.52499999999999,91.72335749127973,7.801642508720263
2026,Silverstone,R,ALO,14,Aston Martin,14.0,1.0,MEDIUM,14.0,True,99.086,31.155,40.96,26.971,20.0,1,True,False,True,23.400000000000002,8.5,24.758333333333333,40.014102564102565,False,False,False,False,False,True,99.788,91.72335749127973,8.064642508720269
2026,Silverstone,R,ALO,14,Aston Martin,15.0,1.0,MEDIUM,15.0,True,99.451,31.282,41.178,26.991,21.0,1,True,False,True,25.2,8.5,24.758333333333333,40.014102564102565,False,False,False,False,False,True,100.207,91.72335749127973,8.483642508720266
2026,Silverstone,R,ALO,14,Aston Martin,16.0,1.0,MEDIUM,16.0,True,99.21,31.11,41.152,26.948,21.0,1,True,False,True,27.0,8.5,24.758333333333333,40.014102564102565,False,False,False,False,False,True,100.02,91.72335749127973,8.296642508720268
2026,Silverstone,R,ALO,14,Aston Martin,17.0,1.0,MEDIUM,17.0,True,99.342,31.49,40.699,27.153,21.0,1,True,False,True,28.8,8.5,24.758333333333333,40.014102564102565,False,False,False,False,False,True,100.206,91.72335749127973,8.482642508720275
2026,Silverstone,R,ALO,14,Aston Martin,18.0,1.0,MEDIUM,18.0,True,99.31,31.238,41.056,27.016,21.0,1,True,False,True,30.6,8.5,24.758333333333333,40.014102564102565,False,False,False,False,False,True,100.22800000000001,91.72335749127973,8.50464250872028
2026,Silverstone,R,ALO,14,Aston Martin,19.0,1.0,MEDIUM,19.0,True,99.415,31.799,40.757,26.859,20.0,1,True,False,True,32.4,8.5,24.758333333333333,40.014102564102565,False,False,False,False,False,True,100.387,91.72335749127973,8.663642508720272
2026,Silverstone,R,ALO,14,Aston Martin,22.0,2.0,HARD,2.0,True,97.414,31.303,39.379,26.732,20.0,1,True,False,True,37.800000000000004,8.5,24.758333333333333,40.014102564102565,False,False,False,False,False,True,98.548,92.13867625079448,6.409323749205527
2026,Silverstone,R,ALO,14,Aston Martin,23.0,2.0,HARD,3.0,True,97.404,31.108,39.66,26.636,20.0,1,True,False,True,39.6,8.5,24.758333333333333,40.014102564102565,False,False,False,False,False,True,98.592,92.13867625079448,6.4533237492055235
2026,Silverstone,R,ALO,14,Aston Martin,24.0,2.0,HARD,4.0,True,99.922,31.384,39.963,28.575,20.0,1,True,False,True,41.4,8.5,24.758333333333333,40.014102564102565,False,False,False,False,False,True,101.164,92.13867625079448,9.025323749205526
2026,Silverstone,R,ALO,14,Aston Martin,25.0,2.0,HARD,5.0,True,98.695,30.81,40.071,27.814,20.0,1,True,False,True,43.2,8.5,24.758333333333333,40.014102564102565,False,False,False,False,False,True,99.991,92.13867625079448,7.8523237492055245
2026,Silverstone,R,ALO,14,Aston Martin,26.0,2.0,HARD,6.0,True,97.375,30.936,39.868,26.571,20.0,1,True,False,True,45.0,8.5,24.758333333333333,40.014102564102565,False,False,False,False,False,True,98.725,92.13867625079448,6.586323749205519
2026,Silverstone,R,ALO,14,Aston Martin,27.0,2.0,HARD,7.0,True,97.736,31.168,39.989,26.579,20.0,1,True,False,True,46.800000000000004,8.5,24.758333333333333,40.014102564102565,False,False,False,False,False,True,99.14,92.13867625079448,7.001323749205525
2026,Silverstone,R,ALO,14,Aston Martin,28.0,2.0,HARD,8.0,True,98.043,31.402,39.949,26.692,20.0,1,True,False,True,48.6,8.5,24.758333333333333,40.014102564102565,False,False,False,False,False,True,99.501,92.13867625079448,7.36232374920553
2026,Silverstone,R,ALO,14,Aston Martin,29.0,2.0,HARD,9.0,True,97.534,31.244,39.701,26.589,20.0,1,True,False,True,50.4,8.5,24.758333333333333,40.014102564102565,False,False,False,False,False,True,99.046,92.13867625079448,6.907323749205531
2026,Silverstone,R,ALO,14,Aston Martin,30.0,2.0,HARD,10.0,True,97.544,31.135,39.708,26.701,20.0,1,True,False,True,52.2,8.5,24.758333333333333,40.014102564102565,False,False,False,False,False,True,99.11,92.13867625079448,6.971323749205524
2026,Silverstone,R,ALO,14,Aston Martin,31.0,2.0,HARD,11.0,True,100.146,31.672,41.824,26.65,20.0,1,True,False,True,54.0,8.5,24.758333333333333,40.014102564102565,False,False,False,False,False,True,101.766,92.13867625079448,9.62732374920553
2026,Silverstone,R,ALO,14,Aston Martin,32.0,2.0,HARD,12.0,True,97.845,31.277,39.928,26.64,20.0,1,True,False,True,55.800000000000004,8.5,24.758333333333333,40.014102564102565,False,False,False,False,False,True,99.519,92.13867625079448,7.38032374920553
2026,Silverstone,R,ALO,14,Aston Martin,33.0,2.0,HARD,13.0,True,97.52,31.14,39.804,26.576,20.0,1,True,False,True,57.6,8.5,24.758333333333333,40.014102564102565,False,False,False,False,False,True,99.24799999999999,92.13867625079448,7.109323749205515
2026,Silverstone,R,ALO,14,Aston Martin,34.0,2.0,HARD,14.0,True,97.891,31.433,39.862,26.596,20.0,1,True,False,True,59.4,8.5,24.758333333333333,40.014102564102565,False,False,False,False,False,True,99.673,92.13867625079448,7.534323749205527
2026,Silverstone,R,ALO,14,Aston Martin,35.0,2.0,HARD,15.0,True,98.76,31.353,40.844,26.563,20.0,1,True,False,True,61.2,8.5,24.758333333333333,40.014102564102565,False,False,False,False,False,True,100.596,92.13867625079448,8.457323749205528
2026,Silverstone,R,ALO,14,Aston Martin,38.0,2.0,HARD,18.0,True,97.33,31.05,39.709,26.571,19.0,1,True,False,True,66.60000000000001,8.5,24.758333333333333,40.014102564102565,False,False,False,False,False,True,99.328,92.13867625079448,7.189323749205528
2026,Silverstone,R,ALO,14,Aston Martin,39.0,2.0,HARD,19.0,True,98.699,31.15,41.068,26.481,19.0,1,True,False,True,68.4,8.5,24.758333333333333,40.014102564102565,False,False,False,False,False,True,100.751,92.13867625079448,8.61232374920553
2026,Silverstone,R,ALO,14,Aston Martin,40.0,2.0,HARD,20.0,True,97.543,31.184,39.886,26.473,19.0,1,True,False,True,70.2,8.5,24.758333333333333,40.014102564102565,False,False,False,False,False,True,99.649,92.13867625079448,7.510323749205526
2026,Silverstone,R,ALO,14,Aston Martin,41.0,2.0,HARD,21.0,True,96.695,30.714,39.511,26.47,19.0,1,True,False,True,72.0,8.5,24.758333333333333,40.014102564102565,False,False,False,False,False,True,98.85499999999999,92.13867625079448,6.716323749205515
2026,Silverstone,R,ALO,14,Aston Martin,42.0,2.0,HARD,22.0,True,97.102,30.961,39.578,26.563,19.0,1,True,False,True,73.8,8.5,24.758333333333333,40.014102564102565,False,False,False,False,False,True,99.316,92.13867625079448,7.177323749205527
2026,Silverstone,R,ALO,14,Aston Martin,43.0,2.0,HARD,23.0,True,97.26,30.955,39.827,26.478,19.0,1,True,False,True,75.60000000000001,8.5,24.758333333333333,40.014102564102565,False,False,False,False,False,True,99.528,92.13867625079448,7.389323749205531
2026,Silverstone,R,ALO,14,Aston Martin,44.0,2.0,HARD,24.0,True,99.391,31.359,41.234,26.798000000000002,19.0,1,True,False,True,77.4,8.5,24.758333333333333,40.014102564102565,False,False,False,False,False,True,101.71300000000001,92.13867625079448,9.574323749205533
2026,Silverstone,R,LEC,16,Ferrari,3.0,1.0,MEDIUM,3.0,True,93.995,29.923000000000002,38.167,25.905,1.0,1,True,False,True,3.6,8.5,24.758333333333333,40.014102564102565,False,False,False,False,False,True,94.10300000000001,91.72335749127973,2.3796425087202806
2026,Silverstone,R,LEC,16,Ferrari,4.0,1.0,MEDIUM,4.0,True,93.737,29.976,38.148,25.613,1.0,1,True,False,True,5.4,8.5,24.758333333333333,40.014102564102565,False,False,False,False,False,True,93.899,91.72335749127973,2.175642508720273
2026,Silverstone,R,LEC,16,Ferrari,5.0,1.0,MEDIUM,5.0,True,94.32,30.039,38.356,25.925,1.0,1,True,False,True,7.2,8.5,24.758333333333333,40.014102564102565,False,False,False,False,False,True,94.53599999999999,91.72335749127973,2.812642508720259
2026,Silverstone,R,LEC,16,Ferrari,6.0,1.0,MEDIUM,6.0,True,94.069,30.025,38.263,25.781,1.0,1,True,False,True,9.0,8.5,24.758333333333333,40.014102564102565,False,False,False,False,False,True,94.339,91.72335749127973,2.6156425087202706
2026,Silverstone,R,LEC,16,Ferrari,7.0,1.0,MEDIUM,7.0,True,94.66,30.072,38.547,26.041,1.0,1,True,False,True,10.8,8.5,24.758333333333333,40.014102564102565,False,False,False,False,False,True,94.984,91.72335749127973,3.2606425087202666
2026,Silverstone,R,LEC,16,Ferrari,8.0,1.0,MEDIUM,8.0,True,94.342,30.205,38.42,25.717,1.0,1,True,False,True,12.6,8.5,24.758333333333333,40.014102564102565,False,False,False,False,False,True,94.72,91.72335749127973,2.996642508720271
2026,Silverstone,R,LEC,16,Ferrari,9.0,1.0,MEDIUM,9.0,True,94.452,30.06,38.435,25.957,1.0,1,True,False,True,14.4,8.5,24.758333333333333,40.014102564102565,False,False,False,False,False,True,94.884,91.72335749127973,3.1606425087202723
2026,Silverstone,R,LEC,16,Ferrari,10.0,1.0,MEDIUM,10.0,True,94.302,30.177,38.43,25.695,1.0,1,True,False,True,16.2,8.5,24.758333333333333,40.014102564102565,False,False,False,False,False,True,94.78800000000001,91.72335749127973,3.064642508720283
2026,Silverstone,R,LEC,16,Ferrari,11.0,1.0,MEDIUM,11.0,True,94.614,30.13,38.578,25.906,1.0,1,True,False,True,18.0,8.5,24.758333333333333,40.014102564102565,False,False,False,False,False,True,95.15400000000001,91.72335749127973,3.4306425087202825
2026,Silverstone,R,LEC,16,Ferrari,12.0,1.0,MEDIUM,12.0,True,94.346,30.044,38.495,25.807,1.0,1,True,False,True,19.8,8.5,24.758333333333333,40.014102564102565,False,False,False,False,False,True,94.94,91.72335749127973,3.2166425087202697
2026,Silverstone,R,LEC,16,Ferrari,13.0,1.0,MEDIUM,13.0,True,94.46,30.108,38.423,25.929,1.0,1,True,False,True,21.6,8.5,24.758333333333333,40.014102564102565,False,False,False,False,False,True,95.10799999999999,91.72335749127973,3.384642508720262
2026,Silverstone,R,LEC,16,Ferrari,14.0,1.0,MEDIUM,14.0,True,94.149,29.947,38.584,25.618,1.0,1,True,False,True,23.400000000000002,8.5,24.758333333333333,40.014102564102565,False,False,False,False,False,True,94.851,91.72335749127973,3.127642508720271
2026,Silverstone,R,LEC,16,Ferrari,15.0,1.0,MEDIUM,15.0,True,93.964,29.844,38.312,25.808,1.0,1,True,False,True,25.2,8.5,24.758333333333333,40.014102564102565,False,False,False,False,False,True,94.72,91.72335749127973,2.996642508720271
2026,Silverstone,R,LEC,16,Ferrari,16.0,1.0,MEDIUM,16.0,True,94.403,30.002,38.428,25.973,1.0,1,True,False,True,27.0,8.5,24.758333333333333,40.014102564102565,False,False,False,False,False,True,95.21300000000001,91.72335749127973,3.48964250872028
2026,Silverstone,R,LEC,16,Ferrari,17.0,1.0,MEDIUM,17.0,True,94.238,29.9,38.45,25.888,1.0,1,True,False,True,28.8,8.5,24.758333333333333,40.014102564102565,False,False,False,False,False,True,95.102,91.72335749127973,3.378642508720276
2026,Silverstone,R,LEC,16,Ferrari,18.0,1.0,MEDIUM,18.0,True,94.567,30.09,38.531,25.946,1.0,1,True,False,True,30.6,8.5,24.758333333333333,40.014102564102565,False,False,False,False,False,True,95.485,91.72335749127973,3.7616425087202714
2026,Silverstone,R,LEC,16,Ferrari,19.0,1.0,MEDIUM,19.0,True,94.66,30.024,38.884,25.752,1.0,1,True,False,True,32.4,8.5,24.758333333333333,40.014102564102565,False,False,False,False,False,True,95.63199999999999,91.72335749127973,3.9086425087202628
2026,Silverstone,R,LEC,16,Ferrari,20.0,1.0,MEDIUM,20.0,True,94.33,29.844,38.443,26.043,1.0,1,True,False,True,34.2,8.5,24.758333333333333,40.014102564102565,False,False,False,False,False,True,95.356,91.72335749127973,3.6326425087202665
2026,Silverstone,R,LEC,16,Ferrari,21.0,1.0,MEDIUM,21.0,True,94.291,30.073,38.34,25.878,1.0,1,True,False,True,36.0,8.5,24.758333333333333,40.014102564102565,False,False,False,False,False,True,95.371,91.72335749127973,3.647642508720267
2026,Silverstone,R,LEC,16,Ferrari,23.0,1.0,MEDIUM,23.0,True,94.457,29.879,38.471,26.107,1.0,1,True,False,True,39.6,8.5,24.758333333333333,40.014102564102565,False,False,False,False,False,True,95.645,91.72335749127973,3.921642508720268
2026,Silverstone,R,LEC,16,Ferrari,24.0,1.0,MEDIUM,24.0,True,94.316,30.082,38.463,25.771,1.0,1,True,False,True,41.4,8.5,24.758333333333333,40.014102564102565,False,False,False,False,False,True,95.558,91.72335749127973,3.834642508720279
2026,Silverstone,R,LEC,16,Ferrari,27.0,2.0,HARD,2.0,True,92.951,28.981,37.864,26.106,2.0,1,True,False,True,46.800000000000004,8.5,24.758333333333333,40.014102564102565,False,False,False,False,False,True,94.35499999999999,92.13867625079448,2.2163237492055146
2026,Silverstone,R,LEC,16,Ferrari,28.0,2.0,HARD,3.0,True,93.427,29.534,37.783,26.11,2.0,1,True,False,True,48.6,8.5,24.758333333333333,40.014102564102565,False,False,False,False,False,True,94.885,92.13867625079448,2.74632374920553
2026,Silverstone,R,LEC,16,Ferrari,29.0,2.0,HARD,4.0,True,93.007,29.642,37.753,25.612,2.0,1,True,False,True,50.4,8.5,24.758333333333333,40.014102564102565,False,False,False,False,False,True,94.519,92.13867625079448,2.3803237492055302
2026,Silverstone,R,LEC,16,Ferrari,30.0,2.0,HARD,5.0,True,93.26,29.649,37.811,25.8,2.0,1,True,False,True,52.2,8.5,24.758333333333333,40.014102564102565,False,False,False,False,False,True,94.82600000000001,92.13867625079448,2.6873237492055324
2026,Silverstone,R,LEC,16,Ferrari,31.0,2.0,HARD,6.0,True,93.347,29.842,37.89,25.615,2.0,1,True,False,True,54.0,8.5,24.758333333333333,40.014102564102565,False,False,False,False,False,True,94.967,92.13867625079448,2.8283237492055235
2026,Silverstone,R,LEC,16,Ferrari,32.0,2.0,HARD,7.0,True,93.072,29.694,37.749,25.629,2.0,1,True,False,True,55.800000000000004,8.5,24.758333333333333,40.014102564102565,False,False,False,False,False,True,94.74600000000001,92.13867625079448,2.607323749205534
2026,Silverstone,R,LEC,16,Ferrari,33.0,2.0,HARD,8.0,True,93.392,29.816,37.856,25.72,2.0,1,True,False,True,57.6,8.5,24.758333333333333,40.014102564102565,False,False,False,False,False,True,95.11999999999999,92.13867625079448,2.981323749205515
2026,Silverstone,R,LEC,16,Ferrari,34.0,2.0,HARD,9.0,True,93.247,29.674,37.767,25.806,2.0,1,True,False,True,59.4,8.5,24.758333333333333,40.014102564102565,False,False,False,False,False,True,95.029,92.13867625079448,2.890323749205521
2026,Silverstone,R,LEC,16,Ferrari,35.0,2.0,HARD,10.0,True,93.335,29.78,37.873,25.682,2.0,1,True,False,True,61.2,8.5,24.758333333333333,40.014102564102565,False,False,False,False,False,True,95.17099999999999,92.13867625079448,3.032323749205517
2026,Silverstone,R,LEC,16,Ferrari,36.0,2.0,HARD,11.0,True,93.448,29.919,37.905,25.624,1.0,1,True,False,True,63.0,8.5,24.758333333333333,40.014102564102565,False,False,False,False,False,True,95.338,92.13867625079448,3.1993237492055187
2026,Silverstone,R,LEC,16,Ferrari,37.0,2.0,HARD,12.0,True,93.449,29.784,38.02,25.645,1.0,1,True,False,True,64.8,8.5,24.758333333333333,40.014102564102565,False,False,False,False,False,True,95.393,92.13867625079448,3.2543237492055255
2026,Silverstone,R,LEC,16,Ferrari,40.0,2.0,HARD,15.0,True,93.101,29.466,37.972,25.663,1.0,1,True,False,True,70.2,8.5,24.758333333333333,40.014102564102565,False,False,False,False,False,True,95.207,92.13867625079448,3.0683237492055184
2026,Silverstone,R,LEC,16,Ferrari,41.0,2.0,HARD,16.0,True,92.893,29.746,37.879,25.268,1.0,1,True,False,True,72.0,8.5,24.758333333333333,40.014102564102565,False,False,False,False,False,True,95.053,92.13867625079448,2.914323749205522
2026,Silverstone,R,LEC,16,Ferrari,42.0,2.0,HARD,17.0,True,93.422,29.64,38.109,25.673000000000002,1.0,1,True,False,True,73.8,8.5,24.758333333333333,40.014102564102565,False,False,False,False,False,True,95.636,92.13867625079448,3.4973237492055205
2026,Silverstone,R,LEC,16,Ferrari,43.0,2.0,HARD,18.0,True,92.871,29.579,37.836,25.456,1.0,1,True,False,True,75.60000000000001,8.5,24.758333333333333,40.014102564102565,False,False,False,False,False,True,95.139,92.13867625079448,3.0003237492055206
2026,Silverstone,R,LEC,16,Ferrari,44.0,2.0,HARD,19.0,True,93.09,29.493,37.877,25.72,1.0,1,True,False,True,77.4,8.5,24.758333333333333,40.014102564102565,False,False,False,False,False,True,95.412,92.13867625079448,3.273323749205531
2026,Silverstone,R,LEC,16,Ferrari,45.0,2.0,HARD,20.0,True,92.89,29.728,37.637,25.525,1.0,1,True,False,True,79.2,8.5,24.758333333333333,40.014102564102565,False,False,False,False,False,True,95.266,92.13867625079448,3.12732374920553
2026,Silverstone,R,LEC,16,Ferrari,46.0,2.0,HARD,21.0,True,93.385,29.525,37.89,25.97,1.0,1,True,False,True,81.0,8.5,24.758333333333333,40.014102564102565,False,False,False,False,False,True,95.815,92.13867625079448,3.6763237492055225
2026,Silverstone,R,LEC,16,Ferrari,47.0,2.0,HARD,22.0,True,93.275,29.686,37.931,25.658,1.0,1,True,False,True,82.8,8.5,24.758333333333333,40.014102564102565,False,False,False,False,False,True,95.759,92.13867625079448,3.620323749205525
2026,Silverstone,R,STR,18,Aston Martin,3.0,1.0,MEDIUM,3.0,True,98.764,30.949,40.805,27.01,18.0,1,True,False,True,3.6,8.5,24.758333333333333,40.014102564102565,False,False,False,False,False,True,98.872,91.72335749127973,7.148642508720272
2026,Silverstone,R,STR,18,Aston Martin,4.0,1.0,MEDIUM,4.0,True,99.417,31.212,41.226,26.979,19.0,1,True,False,True,5.4,8.5,24.758333333333333,40.014102564102565,False,False,False,False,False,True,99.57900000000001,91.72335749127973,7.85564250872028
2026,Silverstone,R,STR,18,Aston Martin,5.0,1.0,MEDIUM,5.0,True,98.909,31.288,40.653,26.968,19.0,1,True,False,True,7.2,8.5,24.758333333333333,40.014102564102565,False,False,False,False,False,True,99.125,91.72335749127973,7.401642508720272
2026,Silverstone,R,STR,18,Aston Martin,6.0,1.0,MEDIUM,6.0,True,99.129,31.362,40.654,27.113,19.0,1,True,False,True,9.0,8.5,24.758333333333333,40.014102564102565,False,False,False,False,False,True,99.399,91.72335749127973,7.675642508720273
2026,Silverstone,R,STR,18,Aston Martin,7.0,1.0,MEDIUM,7.0,True,98.907,31.252,40.618,27.037,19.0,1,True,False,True,10.8,8.5,24.758333333333333,40.014102564102565,False,False,False,False,False,True,99.231,91.72335749127973,7.5076425087202665
2026,Silverstone,R,STR,18,Aston Martin,8.0,1.0,MEDIUM,8.0,True,99.493,31.601,40.648,27.244,19.0,1,True,False,True,12.6,8.5,24.758333333333333,40.014102564102565,False,False,False,False,False,True,99.871,91.72335749127973,8.147642508720267
2026,Silverstone,R,STR,18,Aston Martin,9.0,1.0,MEDIUM,9.0,True,99.331,31.448,40.739,27.144,19.0,1,True,False,True,14.4,8.5,24.758333333333333,40.014102564102565,False,False,False,False,False,True,99.763,91.72335749127973,8.039642508720277
2026,Silverstone,R,STR,18,Aston Martin,10.0,1.0,MEDIUM,10.0,True,99.256,31.385,40.727,27.144,19.0,1,True,False,True,16.2,8.5,24.758333333333333,40.014102564102565,False,False,False,False,False,True,99.742,91.72335749127973,8.018642508720276
2026,Silverstone,R,STR,18,Aston Martin,11.0,1.0,MEDIUM,11.0,True,99.195,31.415,40.641,27.139,19.0,1,True,False,True,18.0,8.5,24.758333333333333,40.014102564102565,False,False,False,False,False,True,99.735,91.72335749127973,8.011642508720271
2026,Silverstone,R,STR,18,Aston Martin,12.0,1.0,MEDIUM,12.0,True,98.983,31.248,40.697,27.038,19.0,1,True,False,True,19.8,8.5,24.758333333333333,40.014102564102565,False,False,False,False,False,True,99.577,91.72335749127973,7.85364250872027
2026,Silverstone,R,STR,18,Aston Martin,13.0,1.0,MEDIUM,13.0,True,99.005,31.35,40.844,26.811,19.0,1,True,False,True,21.6,8.5,24.758333333333333,40.014102564102565,False,False,False,False,False,True,99.65299999999999,91.72335749127973,7.9296425087202635
2026,Silverstone,R,STR,18,Aston Martin,14.0,1.0,MEDIUM,14.0,True,99.034,31.54,40.706,26.788,19.0,1,True,False,True,23.400000000000002,8.5,24.758333333333333,40.014102564102565,False,False,False,False,False,True,99.736,91.72335749127973,8.012642508720276
2026,Silverstone,R,STR,18,Aston Martin,15.0,1.0,MEDIUM,15.0,True,99.617,31.442,41.269,26.906,20.0,1,True,False,True,25.2,8.5,24.758333333333333,40.014102564102565,False,False,False,False,False,True,100.373,91.72335749127973,8.649642508720277
2026,Silverstone,R,STR,18,Aston Martin,16.0,1.0,MEDIUM,16.0,True,99.129,31.412,40.827,26.89,20.0,1,True,False,True,27.0,8.5,24.758333333333333,40.014102564102565,False,False,False,False,False,True,99.93900000000001,91.72335749127973,8.21564250872028
2026,Silverstone,R,STR,18,Aston Martin,17.0,1.0,MEDIUM,17.0,True,99.335,31.495,40.932,26.908,20.0,1,True,False,True,28.8,8.5,24.758333333333333,40.014102564102565,False,False,False,False,False,True,100.199,91.72335749127973,8.47564250872027
2026,Silverstone,R,STR,18,Aston Martin,20.0,2.0,HARD,2.0,True,98.266,31.314,40.179,26.773,21.0,1,True,False,True,34.2,8.5,24.758333333333333,40.014102564102565,False,False,False,False,False,True,99.292,92.13867625079448,7.153323749205526
2026,Silverstone,R,STR,18,Aston Martin,22.0,2.0,HARD,4.0,True,99.207,32.238,40.256,26.713,21.0,1,True,False,True,37.800000000000004,8.5,24.758333333333333,40.014102564102565,False,False,False,False,False,True,100.341,92.13867625079448,8.202323749205519
2026,Silverstone,R,STR,18,Aston Martin,23.0,2.0,HARD,5.0,True,98.142,31.137,40.21,26.795,21.0,1,True,False,True,39.6,8.5,24.758333333333333,40.014102564102565,False,False,False,False,False,True,99.33,92.13867625079448,7.191323749205523
2026,Silverstone,R,STR,18,Aston Martin,24.0,2.0,HARD,6.0,True,101.329,32.934,40.401,27.994,21.0,1,True,False,True,41.4,8.5,24.758333333333333,40.014102564102565,False,False,False,False,False,True,102.571,92.13867625079448,10.432323749205523
2026,Silverstone,R,STR,18,Aston Martin,25.0,2.0,HARD,7.0,True,99.245,31.009,41.607,26.629,21.0,1,True,False,True,43.2,8.5,24.758333333333333,40.014102564102565,False,False,False,False,False,True,100.54100000000001,92.13867625079448,8.402323749205536
2026,Silverstone,R,STR,18,Aston Martin,26.0,2.0,HARD,8.0,True,97.697,30.892,40.028,26.777,21.0,1,True,False,True,45.0,8.5,24.758333333333333,40.014102564102565,False,False,False,False,False,True,99.047,92.13867625079448,6.908323749205522
2026,Silverstone,R,STR,18,Aston Martin,27.0,2.0,HARD,9.0,True,98.034,30.991,40.168,26.875,21.0,1,True,False,True,46.800000000000004,8.5,24.758333333333333,40.014102564102565,False,False,False,False,False,True,99.438,92.13867625079448,7.299323749205527
2026,Silverstone,R,STR,18,Aston Martin,28.0,2.0,HARD,10.0,True,97.9,31.139,40.085,26.676,21.0,1,True,False,True,48.6,8.5,24.758333333333333,40.014102564102565,False,False,False,False,False,True,99.358,92.13867625079448,7.219323749205529
2026,Silverstone,R,STR,18,Aston Martin,29.0,2.0,HARD,11.0,True,98.909,31.148,39.859,27.902,21.0,1,True,False,True,50.4,8.5,24.758333333333333,40.014102564102565,False,False,False,False,False,True,100.421,92.13867625079448,8.282323749205531
2026,Silverstone,R,STR,18,Aston Martin,30.0,2.0,HARD,12.0,True,98.796,31.758,40.247,26.791,21.0,1,True,False,True,52.2,8.5,24.758333333333333,40.014102564102565,False,False,False,False,False,True,100.36200000000001,92.13867625079448,8.223323749205534
2026,Silverstone,R,STR,18,Aston Martin,31.0,2.0,HARD,13.0,True,98.108,31.146,40.148,26.814,21.0,1,True,False,True,54.0,8.5,24.758333333333333,40.014102564102565,False,False,False,False,False,True,99.72800000000001,92.13867625079448,7.589323749205533
2026,Silverstone,R,STR,18,Aston Martin,32.0,2.0,HARD,14.0,True,97.735,31.041,39.984,26.71,21.0,1,True,False,True,55.800000000000004,8.5,24.758333333333333,40.014102564102565,False,False,False,False,False,True,99.409,92.13867625079448,7.270323749205531
2026,Silverstone,R,STR,18,Aston Martin,33.0,2.0,HARD,15.0,True,98.557,30.962,40.085,27.51,21.0,1,True,False,True,57.6,8.5,24.758333333333333,40.014102564102565,False,False,False,False,False,True,100.285,92.13867625079448,8.146323749205521
2026,Silverstone,R,STR,18,Aston Martin,34.0,2.0,HARD,16.0,True,98.884,30.968,40.136,27.78,21.0,1,True,False,True,59.4,8.5,24.758333333333333,40.014102564102565,False,False,False,False,False,True,100.666,92.13867625079448,8.527323749205522
2026,Silverstone,R,STR,18,Aston Martin,35.0,2.0,HARD,17.0,True,97.272,30.909,39.84,26.523,21.0,1,True,False,True,61.2,8.5,24.758333333333333,40.014102564102565,False,False,False,False,False,True,99.108,92.13867625079448,6.969323749205529
2026,Silverstone,R,STR,18,Aston Martin,38.0,2.0,HARD,20.0,True,97.286,30.433,40.247,26.606,20.0,1,True,False,True,66.60000000000001,8.5,24.758333333333333,40.014102564102565,False,False,False,False,False,True,99.284,92.13867625079448,7.145323749205531
2026,Silverstone,R,STR,18,Aston Martin,39.0,2.0,HARD,21.0,True,98.264,31.183,40.327,26.754,20.0,1,True,False,True,68.4,8.5,24.758333333333333,40.014102564102565,False,False,False,False,False,True,100.316,92.13867625079448,8.177323749205527
2026,Silverstone,R,STR,18,Aston Martin,40.0,2.0,HARD,22.0,True,97.36,30.866,39.904,26.59,20.0,1,True,False,True,70.2,8.5,24.758333333333333,40.014102564102565,False,False,False,False,False,True,99.466,92.13867625079448,7.327323749205519
2026,Silverstone,R,STR,18,Aston Martin,41.0,2.0,HARD,23.0,True,97.232,30.663,39.895,26.674,20.0,1,True,False,True,72.0,8.5,24.758333333333333,40.014102564102565,False,False,False,False,False,True,99.392,92.13867625079448,7.253323749205521
2026,Silverstone,R,STR,18,Aston Martin,42.0,2.0,HARD,24.0,True,100.212,30.78,40.861,28.571,20.0,1,True,False,True,73.8,8.5,24.758333333333333,40.014102564102565,False,False,False,False,False,True,102.426,92.13867625079448,10.287323749205527
2026,Silverstone,R,STR,18,Aston Martin,43.0,2.0,HARD,25.0,True,97.51,30.835,40.09,26.585,20.0,1,True,False,True,75.60000000000001,8.5,24.758333333333333,40.014102564102565,False,False,False,False,False,True,99.778,92.13867625079448,7.639323749205531
2026,Silverstone,R,STR,18,Aston Martin,44.0,2.0,HARD,26.0,True,97.703,31.03,39.965,26.708,20.0,1,True,False,True,77.4,8.5,24.758333333333333,40.014102564102565,False,False,False,False,False,True,100.025,92.13867625079448,7.8863237492055305
2026,Silverstone,R,ALB,23,Williams,3.0,2.0,HARD,2.0,True,95.816,30.272,39.016,26.528,22.0,1,True,False,True,3.6,8.5,24.758333333333333,40.014102564102565,False,False,False,False,False,True,95.924,92.13867625079448,3.7853237492055314
2026,Silverstone,R,ALB,23,Williams,4.0,2.0,HARD,3.0,True,96.46,30.481,39.356,26.623,22.0,1,True,False,True,5.4,8.5,24.758333333333333,40.014102564102565,False,False,False,False,False,True,96.622,92.13867625079448,4.483323749205525
2026,Silverstone,R,ALB,23,Williams,5.0,2.0,HARD,4.0,True,96.299,30.311,39.303,26.685,22.0,1,True,False,True,7.2,8.5,24.758333333333333,40.014102564102565,False,False,False,False,False,True,96.515,92.13867625079448,4.376323749205525
2026,Silverstone,R,ALB,23,Williams,6.0,2.0,HARD,5.0,True,98.07,30.375,39.389,28.306,22.0,1,True,False,True,9.0,8.5,24.758333333333333,40.014102564102565,False,False,False,False,False,True,98.33999999999999,92.13867625079448,6.201323749205514
2026,Silverstone,R,ALB,23,Williams,8.0,2.0,HARD,7.0,True,97.882,31.137,39.853,26.892,22.0,1,True,False,True,12.6,8.5,24.758333333333333,40.014102564102565,False,False,False,False,False,True,98.26,92.13867625079448,6.12132374920553
2026,Silverstone,R,ALB,23,Williams,9.0,2.0,HARD,8.0,True,97.185,30.711,39.686,26.788,22.0,1,True,False,True,14.4,8.5,24.758333333333333,40.014102564102565,False,False,False,False,False,True,97.617,92.13867625079448,5.478323749205529
2026,Silverstone,R,ALB,23,Williams,10.0,2.0,HARD,9.0,True,97.124,30.512,39.659,26.953,22.0,1,True,False,True,16.2,8.5,24.758333333333333,40.014102564102565,False,False,False,False,False,True,97.61,92.13867625079448,5.471323749205524
2026,Silverstone,R,ALB,23,Williams,11.0,2.0,HARD,10.0,True,97.148,30.595,39.691,26.862,22.0,1,True,False,True,18.0,8.5,24.758333333333333,40.014102564102565,False,False,False,False,False,True,97.688,92.13867625079448,5.549323749205527
2026,Silverstone,R,ALB,23,Williams,12.0,2.0,HARD,11.0,True,100.539,32.756,40.798,26.985,22.0,1,True,False,True,19.8,8.5,24.758333333333333,40.014102564102565,False,False,False,False,False,True,101.133,92.13867625079448,8.99432374920552
2026,Silverstone,R,ALB,23,Williams,13.0,2.0,HARD,12.0,True,99.328,31.528,40.765,27.035,22.0,1,True,False,True,21.6,8.5,24.758333333333333,40.014102564102565,False,False,False,False,False,True,99.976,92.13867625079448,7.837323749205524
2026,Silverstone,R,ALB,23,Williams,16.0,3.0,MEDIUM,9.0,False,96.453,30.324,39.451,26.678,22.0,1,True,False,True,27.0,8.5,24.758333333333333,40.014102564102565,False,False,False,False,False,True,97.263,91.72335749127973,5.539642508720277
2026,Silverstone,R,ALB,23,Williams,17.0,3.0,MEDIUM,10.0,False,96.659,30.373,39.544,26.742,22.0,1,True,False,True,28.8,8.5,24.758333333333333,40.014102564102565,False,False,False,False,False,True,97.52300000000001,91.72335749127973,5.799642508720282
2026,Silverstone,R,ALB,23,Williams,18.0,3.0,MEDIUM,11.0,False,96.373,30.304,39.403,26.666,22.0,1,True,False,True,30.6,8.5,24.758333333333333,40.014102564102565,False,False,False,False,False,True,97.29100000000001,91.72335749127973,5.567642508720283
2026,Silverstone,R,ALB,23,Williams,19.0,3.0,MEDIUM,12.0,False,96.387,30.341,39.316,26.73,22.0,1,True,False,True,32.4,8.5,24.758333333333333,40.014102564102565,False,False,False,False,False,True,97.359,91.72335749127973,5.635642508720267
2026,Silverstone,R,ALB,23,Williams,21.0,3.0,MEDIUM,14.0,False,96.902,30.898,39.248,26.756,22.0,1,True,False,True,36.0,8.5,24.758333333333333,40.014102564102565,False,False,False,False,False,True,97.982,91.72335749127973,6.258642508720271
2026,Silverstone,R,ALB,23,Williams,22.0,3.0,MEDIUM,15.0,False,96.85,30.613,39.526,26.711,22.0,1,True,False,True,37.800000000000004,8.5,24.758333333333333,40.014102564102565,False,False,False,False,False,True,97.984,91.72335749127973,6.260642508720267
2026,Silverstone,R,ALB,23,Williams,25.0,4.0,SOFT,4.0,False,94.897,29.82,38.803,26.274,22.0,1,True,False,True,43.2,8.5,24.758333333333333,40.014102564102565,False,False,False,False,False,True,96.19300000000001,92.5717393488242,3.6212606511758167
2026,Silverstone,R,ALB,23,Williams,26.0,4.0,SOFT,5.0,False,95.09,29.881,38.901,26.308,22.0,1,True,False,True,45.0,8.5,24.758333333333333,40.014102564102565,False,False,False,False,False,True,96.44,92.5717393488242,3.8682606511758024
2026,Silverstone,R,ALB,23,Williams,27.0,4.0,SOFT,6.0,False,95.574,30.121,38.92,26.533,22.0,1,True,False,True,46.800000000000004,8.5,24.758333333333333,40.014102564102565,False,False,False,False,False,True,96.978,92.5717393488242,4.406260651175799
2026,Silverstone,R,ALB,23,Williams,28.0,4.0,SOFT,7.0,False,95.493,30.166,38.857,26.47,22.0,1,True,False,True,48.6,8.5,24.758333333333333,40.014102564102565,False,False,False,False,False,True,96.951,92.5717393488242,4.379260651175798
2026,Silverstone,R,ALB,23,Williams,29.0,4.0,SOFT,8.0,False,95.253,30.09,38.845,26.318,22.0,1,True,False,True,50.4,8.5,24.758333333333333,40.014102564102565,False,False,False,False,False,True,96.765,92.5717393488242,4.193260651175805
2026,Silverstone,R,ALB,23,Williams,30.0,4.0,SOFT,9.0,False,97.374,30.543,40.392,26.439,22.0,1,True,False,True,52.2,8.5,24.758333333333333,40.014102564102565,False,False,False,False,False,True,98.94,92.5717393488242,6.368260651175802
2026,Silverstone,R,ALB,23,Williams,31.0,4.0,SOFT,10.0,False,97.85,30.09,41.02,26.74,22.0,1,True,False,True,54.0,8.5,24.758333333333333,40.014102564102565,False,False,False,False,False,True,99.47,92.5717393488242,6.898260651175804
2026,Silverstone,R,ALB,23,Williams,32.0,4.0,SOFT,11.0,False,95.828,30.299,39.009,26.52,22.0,1,True,False,True,55.800000000000004,8.5,24.758333333333333,40.014102564102565,False,False,False,False,False,True,97.50200000000001,92.5717393488242,4.930260651175814
2026,Silverstone,R,ALB,23,Williams,33.0,4.0,SOFT,12.0,False,95.737,30.334,39.025,26.378,22.0,1,True,False,True,57.6,8.5,24.758333333333333,40.014102564102565,False,False,False,False,False,True,97.46499999999999,92.5717393488242,4.893260651175794
2026,Silverstone,R,ALB,23,Williams,34.0,4.0,SOFT,13.0,False,95.537,30.183,38.947,26.407,22.0,1,True,False,True,59.4,8.5,24.758333333333333,40.014102564102565,False,False,False,False,False,True,97.319,92.5717393488242,4.747260651175807
2026,Silverstone,R,ALB,23,Williams,38.0,5.0,SOFT,6.0,False,94.169,29.924,38.317,25.928,21.0,1,True,False,True,66.60000000000001,8.5,24.758333333333333,40.014102564102565,False,False,False,False,False,True,96.167,92.5717393488242,3.5952606511758063
2026,Silverstone,R,ALB,23,Williams,39.0,5.0,SOFT,7.0,False,94.562,29.798000000000002,38.585,26.179,21.0,1,True,False,True,68.4,8.5,24.758333333333333,40.014102564102565,False,False,False,False,False,True,96.614,92.5717393488242,4.042260651175809
2026,Silverstone,R,ALB,23,Williams,42.0,6.0,SOFT,5.0,False,93.867,29.658,38.296,25.913,21.0,1,True,False,True,73.8,8.5,24.758333333333333,40.014102564102565,False,False,False,False,False,True,96.081,92.5717393488242,3.5092606511758078
2026,Silverstone,R,HUL,27,Audi,3.0,1.0,MEDIUM,3.0,True,96.803,30.737,39.602,26.464,19.0,1,True,False,True,3.6,8.5,24.758333333333333,40.014102564102565,False,False,False,False,False,True,96.911,91.72335749127973,5.187642508720273
2026,Silverstone,R,HUL,27,Audi,4.0,1.0,MEDIUM,4.0,True,96.654,30.623,39.466,26.565,18.0,1,True,False,True,5.4,8.5,24.758333333333333,40.014102564102565,False,False,False,False,False,True,96.816,91.72335749127973,5.0926425087202745
2026,Silverstone,R,HUL,27,Audi,5.0,1.0,MEDIUM,5.0,True,96.676,30.575,39.602,26.499,18.0,1,True,False,True,7.2,8.5,24.758333333333333,40.014102564102565,False,False,False,False,False,True,96.892,91.72335749127973,5.168642508720268
2026,Silverstone,R,HUL,27,Audi,6.0,1.0,MEDIUM,6.0,True,96.766,30.696,39.531,26.539,18.0,1,True,False,True,9.0,8.5,24.758333333333333,40.014102564102565,False,False,False,False,False,True,97.036,91.72335749127973,5.312642508720273
2026,Silverstone,R,HUL,27,Audi,7.0,1.0,MEDIUM,7.0,True,96.294,30.593,39.49,26.211,17.0,1,True,False,True,10.8,8.5,24.758333333333333,40.014102564102565,False,False,False,False,False,True,96.618,91.72335749127973,4.894642508720267
2026,Silverstone,R,HUL,27,Audi,8.0,1.0,MEDIUM,8.0,True,97.217,30.718,39.757,26.742,17.0,1,True,False,True,12.6,8.5,24.758333333333333,40.014102564102565,False,False,False,False,False,True,97.595,91.72335749127973,5.871642508720271
2026,Silverstone,R,HUL,27,Audi,9.0,1.0,MEDIUM,9.0,True,96.884,30.641,39.637,26.606,17.0,1,True,False,True,14.4,8.5,24.758333333333333,40.014102564102565,False,False,False,False,False,True,97.316,91.72335749127973,5.5926425087202745
2026,Silverstone,R,HUL,27,Audi,10.0,1.0,MEDIUM,10.0,True,96.607,30.082,39.942,26.583,16.0,1,True,False,True,16.2,8.5,24.758333333333333,40.014102564102565,False,False,False,False,False,True,97.093,91.72335749127973,5.3696425087202755
2026,Silverstone,R,HUL,27,Audi,11.0,1.0,MEDIUM,11.0,True,96.774,30.637,39.533,26.604,16.0,1,True,False,True,18.0,8.5,24.758333333333333,40.014102564102565,False,False,False,False,False,True,97.31400000000001,91.72335749127973,5.590642508720279
2026,Silverstone,R,HUL,27,Audi,12.0,1.0,MEDIUM,12.0,True,96.055,30.221,39.285,26.549,15.0,1,True,False,True,19.8,8.5,24.758333333333333,40.014102564102565,False,False,False,False,False,True,96.649,91.72335749127973,4.925642508720273
2026,Silverstone,R,HUL,27,Audi,13.0,1.0,MEDIUM,13.0,True,96.758,30.71,39.698,26.35,15.0,1,True,False,True,21.6,8.5,24.758333333333333,40.014102564102565,False,False,False,False,False,True,97.40599999999999,91.72335749127973,5.682642508720264
2026,Silverstone,R,HUL,27,Audi,14.0,1.0,MEDIUM,14.0,True,96.095,30.361,39.242,26.492,15.0,1,True,False,True,23.400000000000002,8.5,24.758333333333333,40.014102564102565,False,False,False,False,False,True,96.797,91.72335749127973,5.073642508720269
2026,Silverstone,R,HUL,27,Audi,15.0,1.0,MEDIUM,15.0,True,95.853,30.263,39.29,26.3,15.0,1,True,False,True,25.2,8.5,24.758333333333333,40.014102564102565,False,False,False,False,False,True,96.609,91.72335749127973,4.885642508720267
2026,Silverstone,R,HUL,27,Audi,16.0,1.0,MEDIUM,16.0,True,95.962,30.185,39.503,26.274,15.0,1,True,False,True,27.0,8.5,24.758333333333333,40.014102564102565,False,False,False,False,False,True,96.772,91.72335749127973,5.0486425087202775
2026,Silverstone,R,HUL,27,Audi,19.0,2.0,HARD,2.0,True,95.979,30.427,39.27,26.282,18.0,1,True,False,True,32.4,8.5,24.758333333333333,40.014102564102565,False,False,False,False,False,True,96.951,92.13867625079448,4.812323749205518
2026,Silverstone,R,HUL,27,Audi,20.0,2.0,HARD,3.0,True,95.386,30.234,39.195,25.957,17.0,1,True,False,True,34.2,8.5,24.758333333333333,40.014102564102565,False,False,False,False,False,True,96.41199999999999,92.13867625079448,4.273323749205517
2026,Silverstone,R,HUL,27,Audi,22.0,2.0,HARD,5.0,True,95.115,30.256,38.782,26.077,15.0,1,True,False,True,37.800000000000004,8.5,24.758333333333333,40.014102564102565,False,False,False,False,False,True,96.249,92.13867625079448,4.11032374920552
2026,Silverstone,R,HUL,27,Audi,23.0,2.0,HARD,6.0,True,95.077,30.176,38.672,26.229,15.0,1,True,False,True,39.6,8.5,24.758333333333333,40.014102564102565,False,False,False,False,False,True,96.265,92.13867625079448,4.126323749205525
2026,Silverstone,R,HUL,27,Audi,24.0,2.0,HARD,7.0,True,96.02,30.171,39.14,26.709,15.0,1,True,False,True,41.4,8.5,24.758333333333333,40.014102564102565,False,False,False,False,False,True,97.262,92.13867625079448,5.123323749205525
2026,Silverstone,R,HUL,27,Audi,25.0,2.0,HARD,8.0,True,95.04,30.251,38.92,25.869,14.0,1,True,False,True,43.2,8.5,24.758333333333333,40.014102564102565,False,False,False,False,False,True,96.33600000000001,92.13867625079448,4.1973237492055375
2026,Silverstone,R,HUL,27,Audi,26.0,2.0,HARD,9.0,True,95.073,30.138,38.749,26.186,14.0,1,True,False,True,45.0,8.5,24.758333333333333,40.014102564102565,False,False,False,False,False,True,96.42299999999999,92.13867625079448,4.284323749205512
2026,Silverstone,R,HUL,27,Audi,27.0,2.0,HARD,10.0,True,95.019,30.229,38.684,26.106,13.0,1,True,False,True,46.800000000000004,8.5,24.758333333333333,40.014102564102565,False,False,False,False,False,True,96.423,92.13867625079448,4.284323749205527
2026,Silverstone,R,HUL,27,Audi,28.0,2.0,HARD,11.0,True,94.584,29.991,38.496,26.097,13.0,1,True,False,True,48.6,8.5,24.758333333333333,40.014102564102565,False,False,False,False,False,True,96.042,92.13867625079448,3.9033237492055264
2026,Silverstone,R,HUL,27,Audi,29.0,2.0,HARD,12.0,True,94.554,29.953,38.227,26.374,13.0,1,True,False,True,50.4,8.5,24.758333333333333,40.014102564102565,False,False,False,False,False,True,96.066,92.13867625079448,3.9273237492055273
2026,Silverstone,R,HUL,27,Audi,30.0,2.0,HARD,13.0,True,94.758,30.259,38.439,26.06,13.0,1,True,False,True,52.2,8.5,24.758333333333333,40.014102564102565,False,False,False,False,False,True,96.324,92.13867625079448,4.185323749205523
2026,Silverstone,R,HUL,27,Audi,31.0,2.0,HARD,14.0,True,94.783,30.142,38.52,26.121,13.0,1,True,False,True,54.0,8.5,24.758333333333333,40.014102564102565,False,False,False,False,False,True,96.403,92.13867625079448,4.264323749205531
2026,Silverstone,R,HUL,27,Audi,32.0,2.0,HARD,15.0,True,95.08,30.181,38.801,26.098,13.0,1,True,False,True,55.800000000000004,8.5,24.758333333333333,40.014102564102565,False,False,False,False,False,True,96.754,92.13867625079448,4.61532374920553
2026,Silverstone,R,HUL,27,Audi,33.0,2.0,HARD,16.0,True,94.947,30.059,38.735,26.153,13.0,1,True,False,True,57.6,8.5,24.758333333333333,40.014102564102565,False,False,False,False,False,True,96.675,92.13867625079448,4.536323749205522
2026,Silverstone,R,HUL,27,Audi,36.0,3.0,SOFT,2.0,True,93.433,29.75,38.09,25.593,15.0,1,True,False,True,63.0,8.5,24.758333333333333,40.014102564102565,False,False,False,False,False,True,95.32300000000001,92.5717393488242,2.751260651175812
2026,Silverstone,R,VER,3,Red Bull Racing,3.0,1.0,MEDIUM,3.0,True,95.127,30.125,38.998,26.004,5.0,1,True,False,True,3.6,8.5,24.758333333333333,40.014102564102565,False,False,False,False,False,True,95.235,91.72335749127973,3.5116425087202714
2026,Silverstone,R,VER,3,Red Bull Racing,4.0,1.0,MEDIUM,4.0,True,94.726,30.031,38.74,25.955,5.0,1,True,False,True,5.4,8.5,24.758333333333333,40.014102564102565,False,False,False,False,False,True,94.888,91.72335749127973,3.164642508720277
2026,Silverstone,R,VER,3,Red Bull Racing,5.0,1.0,MEDIUM,5.0,True,94.801,30.236,38.494,26.071,5.0,1,True,False,True,7.2,8.5,24.758333333333333,40.014102564102565,False,False,False,False,False,True,95.017,91.72335749127973,3.293642508720268
2026,Silverstone,R,VER,3,Red Bull Racing,6.0,1.0,MEDIUM,6.0,True,94.588,30.106,38.55,25.932,5.0,1,True,False,True,9.0,8.5,24.758333333333333,40.014102564102565,False,False,False,False,False,True,94.85799999999999,91.72335749127973,3.134642508720262
2026,Silverstone,R,VER,3,Red Bull Racing,7.0,1.0,MEDIUM,7.0,True,94.514,30.198,38.327,25.989,5.0,1,True,False,True,10.8,8.5,24.758333333333333,40.014102564102565,False,False,False,False,False,True,94.838,91.72335749127973,3.114642508720266
2026,Silverstone,R,VER,3,Red Bull Racing,8.0,1.0,MEDIUM,8.0,True,94.675,30.308,38.518,25.849,5.0,1,True,False,True,12.6,8.5,24.758333333333333,40.014102564102565,False,False,False,False,False,True,95.053,91.72335749127973,3.3296425087202692
2026,Silverstone,R,VER,3,Red Bull Racing,9.0,1.0,MEDIUM,9.0,True,94.948,30.369,38.613,25.966,5.0,1,True,False,True,14.4,8.5,24.758333333333333,40.014102564102565,False,False,False,False,False,True,95.38,91.72335749127973,3.6566425087202674
2026,Silverstone,R,VER,3,Red Bull Racing,10.0,1.0,MEDIUM,10.0,True,95.103,30.352,38.816,25.935,5.0,1,True,False,True,16.2,8.5,24.758333333333333,40.014102564102565,False,False,False,False,False,True,95.589,91.72335749127973,3.8656425087202706
2026,Silverstone,R,VER,3,Red Bull Racing,11.0,1.0,MEDIUM,11.0,True,94.835,30.034,38.659,26.142,5.0,1,True,False,True,18.0,8.5,24.758333333333333,40.014102564102565,False,False,False,False,False,True,95.375,91.72335749127973,3.651642508720272
2026,Silverstone,R,VER,3,Red Bull Racing,12.0,1.0,MEDIUM,12.0,True,94.909,30.148,38.687,26.074,5.0,1,True,False,True,19.8,8.5,24.758333333333333,40.014102564102565,False,False,False,False,False,True,95.503,91.72335749127973,3.779642508720272
2026,Silverstone,R,VER,3,Red Bull Racing,13.0,1.0,MEDIUM,13.0,True,94.979,30.235,38.877,25.867,5.0,1,True,False,True,21.6,8.5,24.758333333333333,40.014102564102565,False,False,False,False,False,True,95.627,91.72335749127973,3.9036425087202673
2026,Silverstone,R,VER,3,Red Bull Racing,14.0,1.0,MEDIUM,14.0,True,94.55,29.915,38.689,25.946,5.0,1,True,False,True,23.400000000000002,8.5,24.758333333333333,40.014102564102565,False,False,False,False,False,True,95.252,91.72335749127973,3.5286425087202673
2026,Silverstone,R,VER,3,Red Bull Racing,15.0,1.0,MEDIUM,15.0,True,94.57,29.765,38.956,25.849,5.0,1,True,False,True,25.2,8.5,24.758333333333333,40.014102564102565,False,False,False,False,False,True,95.326,91.72335749127973,3.6026425087202654
2026,Silverstone,R,VER,3,Red Bull Racing,16.0,1.0,MEDIUM,16.0,True,94.758,29.885,38.922,25.951,5.0,1,True,False,True,27.0,8.5,24.758333333333333,40.014102564102565,False,False,False,False,False,True,95.568,91.72335749127973,3.84464250872027
2026,Silverstone,R,VER,3,Red Bull Racing,19.0,2.0,HARD,2.0,True,93.562,29.887,38.042,25.633,7.0,1,True,False,True,32.4,8.5,24.758333333333333,40.014102564102565,False,False,False,False,False,True,94.53399999999999,92.13867625079448,2.3953237492055166
2026,Silverstone,R,VER,3,Red Bull Racing,20.0,2.0,HARD,3.0,True,93.619,29.967,38.074,25.578,6.0,1,True,False,True,34.2,8.5,24.758333333333333,40.014102564102565,False,False,False,False,False,True,94.645,92.13867625079448,2.506323749205521
2026,Silverstone,R,VER,3,Red Bull Racing,21.0,2.0,HARD,4.0,True,94.135,30.027,38.198,25.91,6.0,1,True,False,True,36.0,8.5,24.758333333333333,40.014102564102565,False,False,False,False,False,True,95.215,92.13867625079448,3.076323749205528
2026,Silverstone,R,VER,3,Red Bull Racing,23.0,2.0,HARD,6.0,True,94.258,30.15,38.229,25.879,6.0,1,True,False,True,39.6,8.5,24.758333333333333,40.014102564102565,False,False,False,False,False,True,95.446,92.13867625079448,3.3073237492055227
2026,Silverstone,R,VER,3,Red Bull Racing,24.0,2.0,HARD,7.0,True,94.135,30.08,38.354,25.701,4.0,1,True,False,True,41.4,8.5,24.758333333333333,40.014102564102565,False,False,False,False,False,True,95.37700000000001,92.13867625079448,3.2383237492055343
2026,Silverstone,R,VER,3,Red Bull Racing,25.0,2.0,HARD,8.0,True,93.964,29.945,38.202,25.817,4.0,1,True,False,True,43.2,8.5,24.758333333333333,40.014102564102565,False,False,False,False,False,True,95.26,92.13867625079448,3.12132374920553
2026,Silverstone,R,VER,3,Red Bull Racing,26.0,2.0,HARD,9.0,True,94.028,29.964,38.304,25.76,4.0,1,True,False,True,45.0,8.5,24.758333333333333,40.014102564102565,False,False,False,False,False,True,95.378,92.13867625079448,3.239323749205525
2026,Silverstone,R,VER,3,Red Bull Racing,27.0,2.0,HARD,10.0,True,94.143,29.961,38.384,25.798000000000002,4.0,1,True,False,True,46.800000000000004,8.5,24.758333333333333,40.014102564102565,False,False,False,False,False,True,95.547,92.13867625079448,3.408323749205522
2026,Silverstone,R,VER,3,Red Bull Racing,28.0,2.0,HARD,11.0,True,93.823,29.88,38.188,25.755,4.0,1,True,False,True,48.6,8.5,24.758333333333333,40.014102564102565,False,False,False,False,False,True,95.28099999999999,92.13867625079448,3.1423237492055165
2026,Silverstone,R,VER,3,Red Bull Racing,29.0,2.0,HARD,12.0,True,94.05,30.028,38.288,25.734,3.0,1,True,False,True,50.4,8.5,24.758333333333333,40.014102564102565,False,False,False,False,False,True,95.562,92.13867625079448,3.4233237492055224
2026,Silverstone,R,VER,3,Red Bull Racing,30.0,2.0,HARD,13.0,True,93.973,29.947,38.243,25.783,3.0,1,True,False,True,52.2,8.5,24.758333333333333,40.014102564102565,False,False,False,False,False,True,95.539,92.13867625079448,3.4003237492055263
2026,Silverstone,R,VER,3,Red Bull Racing,31.0,2.0,HARD,14.0,True,93.958,30.012,38.234,25.712,3.0,1,True,False,True,54.0,8.5,24.758333333333333,40.014102564102565,False,False,False,False,False,True,95.578,92.13867625079448,3.4393237492055277
2026,Silverstone,R,VER,3,Red Bull Racing,32.0,2.0,HARD,15.0,True,94.209,30.069,38.292,25.848,3.0,1,True,False,True,55.800000000000004,8.5,24.758333333333333,40.014102564102565,False,False,False,False,False,True,95.88300000000001,92.13867625079448,3.7443237492055346
2026,Silverstone,R,VER,3,Red Bull Racing,33.0,2.0,HARD,16.0,True,94.313,30.129,38.235,25.949,3.0,1,True,False,True,57.6,8.5,24.758333333333333,40.014102564102565,False,False,False,False,False,True,96.041,92.13867625079448,3.9023237492055216
2026,Silverstone,R,VER,3,Red Bull Racing,34.0,2.0,HARD,17.0,True,94.444,29.949,38.361,26.134,4.0,1,True,False,True,59.4,8.5,24.758333333333333,40.014102564102565,False,False,False,False,False,True,96.226,92.13867625079448,4.087323749205524
2026,Silverstone,R,VER,3,Red Bull Racing,35.0,2.0,HARD,18.0,True,93.739,29.95,38.133,25.656,3.0,1,True,False,True,61.2,8.5,24.758333333333333,40.014102564102565,False,False,False,False,False,True,95.575,92.13867625079448,3.4363237492055276
2026,Silverstone,R,VER,3,Red Bull Racing,36.0,2.0,HARD,19.0,True,93.951,30.024,38.193,25.734,3.0,1,True,False,True,63.0,8.5,24.758333333333333,40.014102564102565,False,False,False,False,False,True,95.841,92.13867625079448,3.7023237492055188
2026,Silverstone,R,VER,3,Red Bull Racing,37.0,2.0,HARD,20.0,True,94.272,29.89,37.978,26.404,3.0,1,True,False,True,64.8,8.5,24.758333333333333,40.014102564102565,False,False,False,False,False,True,96.21600000000001,92.13867625079448,4.077323749205533
2026,Silverstone,R,VER,3,Red Bull Racing,40.0,3.0,MEDIUM,2.0,True,92.101,29.326,37.412,25.363,4.0,1,True,False,True,70.2,8.5,24.758333333333333,40.014102564102565,False,False,False,False,False,True,94.207,91.72335749127973,2.4836425087202656
2026,Silverstone,R,VER,3,Red Bull Racing,41.0,3.0,MEDIUM,3.0,True,92.935,29.884,37.761,25.29,4.0,1,True,False,True,72.0,8.5,24.758333333333333,40.014102564102565,False,False,False,False,False,True,95.095,91.72335749127973,3.371642508720271
2026,Silverstone,R,VER,3,Red Bull Racing,42.0,3.0,MEDIUM,4.0,True,92.544,29.555,37.651,25.338,3.0,1,True,False,True,73.8,8.5,24.758333333333333,40.014102564102565,False,False,False,False,False,True,94.758,91.72335749127973,3.0346425087202675
2026,Silverstone,R,VER,3,Red Bull Racing,43.0,3.0,MEDIUM,5.0,True,92.621,29.426,37.844,25.351,3.0,1,True,False,True,75.60000000000001,8.5,24.758333333333333,40.014102564102565,False,False,False,False,False,True,94.889,91.72335749127973,3.1656425087202678
2026,Silverstone,R,VER,3,Red Bull Racing,44.0,3.0,MEDIUM,6.0,True,92.39,29.651,37.447,25.292,3.0,1,True,False,True,77.4,8.5,24.758333333333333,40.014102564102565,False,False,False,False,False,True,94.712,91.72335749127973,2.9886425087202753
2026,Silverstone,R,VER,3,Red Bull Racing,45.0,3.0,MEDIUM,7.0,True,92.873,29.641,37.651,25.581,3.0,1,True,False,True,79.2,8.5,24.758333333333333,40.014102564102565,False,False,False,False,False,True,95.24900000000001,91.72335749127973,3.5256425087202814
2026,Silverstone,R,VER,3,Red Bull Racing,46.0,3.0,MEDIUM,8.0,True,92.907,29.624,37.896,25.387,3.0,1,True,False,True,81.0,8.5,24.758333333333333,40.014102564102565,False,False,False,False,False,True,95.33699999999999,91.72335749127973,3.613642508720261
2026,Silverstone,R,LAW,30,Racing Bulls,3.0,1.0,MEDIUM,3.0,True,96.255,30.311,39.518,26.426,8.0,1,True,False,True,3.6,8.5,24.758333333333333,40.014102564102565,False,False,False,False,False,True,96.363,91.72335749127973,4.6396425087202715
2026,Silverstone,R,LAW,30,Racing Bulls,4.0,1.0,MEDIUM,4.0,True,95.707,30.252,39.206,26.249,8.0,1,True,False,True,5.4,8.5,24.758333333333333,40.014102564102565,False,False,False,False,False,True,95.869,91.72335749127973,4.145642508720272
2026,Silverstone,R,LAW,30,Racing Bulls,5.0,1.0,MEDIUM,5.0,True,95.639,30.103,39.218,26.318,8.0,1,True,False,True,7.2,8.5,24.758333333333333,40.014102564102565,False,False,False,False,False,True,95.85499999999999,91.72335749127973,4.131642508720262
2026,Silverstone,R,LAW,30,Racing Bulls,6.0,1.0,MEDIUM,6.0,True,95.737,30.205,39.252,26.28,8.0,1,True,False,True,9.0,8.5,24.758333333333333,40.014102564102565,False,False,False,False,False,True,96.00699999999999,91.72335749127973,4.283642508720263
2026,Silverstone,R,LAW,30,Racing Bulls,7.0,1.0,MEDIUM,7.0,True,96.097,30.426,39.311,26.36,8.0,1,True,False,True,10.8,8.5,24.758333333333333,40.014102564102565,False,False,False,False,False,True,96.42099999999999,91.72335749127973,4.697642508720264
2026,Silverstone,R,LAW,30,Racing Bulls,8.0,1.0,MEDIUM,8.0,True,95.971,30.422,39.272,26.277,8.0,1,True,False,True,12.6,8.5,24.758333333333333,40.014102564102565,False,False,False,False,False,True,96.349,91.72335749127973,4.625642508720276
2026,Silverstone,R,LAW,30,Racing Bulls,9.0,1.0,MEDIUM,9.0,True,96.326,30.537,39.414,26.375,8.0,1,True,False,True,14.4,8.5,24.758333333333333,40.014102564102565,False,False,False,False,False,True,96.758,91.72335749127973,5.0346425087202675
2026,Silverstone,R,LAW,30,Racing Bulls,10.0,1.0,MEDIUM,10.0,True,96.255,30.479,39.461,26.315,8.0,1,True,False,True,16.2,8.5,24.758333333333333,40.014102564102565,False,False,False,False,False,True,96.741,91.72335749127973,5.017642508720272
2026,Silverstone,R,LAW,30,Racing Bulls,11.0,1.0,MEDIUM,11.0,True,96.158,30.332,39.498,26.328,8.0,1,True,False,True,18.0,8.5,24.758333333333333,40.014102564102565,False,False,False,False,False,True,96.69800000000001,91.72335749127973,4.9746425087202795
2026,Silverstone,R,LAW,30,Racing Bulls,12.0,1.0,MEDIUM,12.0,True,96.401,30.359,39.615,26.427,8.0,1,True,False,True,19.8,8.5,24.758333333333333,40.014102564102565,False,False,False,False,False,True,96.99499999999999,91.72335749127973,5.271642508720262
2026,Silverstone,R,LAW,30,Racing Bulls,13.0,1.0,MEDIUM,13.0,True,95.831,30.344,39.29,26.197,8.0,1,True,False,True,21.6,8.5,24.758333333333333,40.014102564102565,False,False,False,False,False,True,96.479,91.72335749127973,4.755642508720271
2026,Silverstone,R,LAW,30,Racing Bulls,14.0,1.0,MEDIUM,14.0,True,95.903,30.15,39.416,26.337,8.0,1,True,False,True,23.400000000000002,8.5,24.758333333333333,40.014102564102565,False,False,False,False,False,True,96.605,91.72335749127973,4.881642508720276
2026,Silverstone,R,LAW,30,Racing Bulls,15.0,1.0,MEDIUM,15.0,True,95.66,30.184,39.276,26.2,8.0,1,True,False,True,25.2,8.5,24.758333333333333,40.014102564102565,False,False,False,False,False,True,96.416,91.72335749127973,4.692642508720269
2026,Silverstone,R,LAW,30,Racing Bulls,16.0,1.0,MEDIUM,16.0,True,95.721,30.187,39.271,26.263,8.0,1,True,False,True,27.0,8.5,24.758333333333333,40.014102564102565,False,False,False,False,False,True,96.531,91.72335749127973,4.807642508720278
2026,Silverstone,R,LAW,30,Racing Bulls,17.0,1.0,MEDIUM,17.0,True,95.603,30.11,39.318,26.175,8.0,1,True,False,True,28.8,8.5,24.758333333333333,40.014102564102565,False,False,False,False,False,True,96.467,91.72335749127973,4.743642508720271
2026,Silverstone,R,LAW,30,Racing Bulls,18.0,1.0,MEDIUM,18.0,True,95.81,30.228,39.273,26.309,8.0,1,True,False,True,30.6,8.5,24.758333333333333,40.014102564102565,False,False,False,False,False,True,96.72800000000001,91.72335749127973,5.004642508720281
2026,Silverstone,R,LAW,30,Racing Bulls,19.0,1.0,MEDIUM,19.0,True,95.688,30.174,39.239,26.275,8.0,1,True,False,True,32.4,8.5,24.758333333333333,40.014102564102565,False,False,False,False,False,True,96.66,91.72335749127973,4.9366425087202686
2026,Silverstone,R,LAW,30,Racing Bulls,20.0,1.0,MEDIUM,20.0,True,95.635,30.085,39.257,26.293,7.0,1,True,False,True,34.2,8.5,24.758333333333333,40.014102564102565,False,False,False,False,False,True,96.661,91.72335749127973,4.937642508720273
2026,Silverstone,R,LAW,30,Racing Bulls,21.0,1.0,MEDIUM,21.0,True,95.607,30.167,39.223,26.217,7.0,1,True,False,True,36.0,8.5,24.758333333333333,40.014102564102565,False,False,False,False,False,True,96.687,91.72335749127973,4.96364250872027
2026,Silverstone,R,LAW,30,Racing Bulls,23.0,1.0,MEDIUM,23.0,True,96.051,30.289,39.322,26.44,7.0,1,True,False,True,39.6,8.5,24.758333333333333,40.014102564102565,False,False,False,False,False,True,97.239,91.72335749127973,5.515642508720276
2026,Silverstone,R,LAW,30,Racing Bulls,24.0,1.0,MEDIUM,24.0,True,95.788,30.278,39.283,26.227,7.0,1,True,False,True,41.4,8.5,24.758333333333333,40.014102564102565,False,False,False,False,False,True,97.03,91.72335749127973,5.306642508720273
2026,Silverstone,R,LAW,30,Racing Bulls,25.0,1.0,MEDIUM,25.0,True,96.438,30.311,39.217,26.91,8.0,1,True,False,True,43.2,8.5,24.758333333333333,40.014102564102565,False,False,False,False,False,True,97.73400000000001,91.72335749127973,6.010642508720281
2026,Silverstone,R,LAW,30,Racing Bulls,26.0,1.0,MEDIUM,26.0,True,95.447,30.036,39.291,26.12,8.0,1,True,False,True,45.0,8.5,24.758333333333333,40.014102564102565,False,False,False,False,False,True,96.797,91.72335749127973,5.073642508720269
2026,Silverstone,R,LAW,30,Racing Bulls,27.0,1.0,MEDIUM,27.0,True,95.183,29.923000000000002,39.14,26.12,8.0,1,True,False,True,46.800000000000004,8.5,24.758333333333333,40.014102564102565,False,False,False,False,False,True,96.587,91.72335749127973,4.863642508720275
2026,Silverstone,R,LAW,30,Racing Bulls,30.0,2.0,HARD,2.0,True,94.445,29.921,38.611,25.913,8.0,1,True,False,True,52.2,8.5,24.758333333333333,40.014102564102565,False,False,False,False,False,True,96.011,92.13867625079448,3.8723237492055205
2026,Silverstone,R,LAW,30,Racing Bulls,31.0,2.0,HARD,3.0,True,94.099,29.815,38.523,25.761,8.0,1,True,False,True,54.0,8.5,24.758333333333333,40.014102564102565,False,False,False,False,False,True,95.71900000000001,92.13867625079448,3.580323749205533
2026,Silverstone,R,LAW,30,Racing Bulls,32.0,2.0,HARD,4.0,True,93.938,29.856,38.43,25.652,8.0,1,True,False,True,55.800000000000004,8.5,24.758333333333333,40.014102564102565,False,False,False,False,False,True,95.61200000000001,92.13867625079448,3.4733237492055338
2026,Silverstone,R,LAW,30,Racing Bulls,33.0,2.0,HARD,5.0,True,93.857,29.851,38.295,25.711,8.0,1,True,False,True,57.6,8.5,24.758333333333333,40.014102564102565,False,False,False,False,False,True,95.585,92.13867625079448,3.4463237492055185
2026,Silverstone,R,LAW,30,Racing Bulls,34.0,2.0,HARD,6.0,True,93.867,29.793,38.346,25.728,8.0,1,True,False,True,59.4,8.5,24.758333333333333,40.014102564102565,False,False,False,False,False,True,95.649,92.13867625079448,3.5103237492055257
2026,Silverstone,R,LAW,30,Racing Bulls,35.0,2.0,HARD,7.0,True,94.178,29.81,38.486,25.882,8.0,1,True,False,True,61.2,8.5,24.758333333333333,40.014102564102565,False,False,False,False,False,True,96.014,92.13867625079448,3.8753237492055206
2026,Silverstone,R,LAW,30,Racing Bulls,36.0,2.0,HARD,8.0,True,94.238,29.914,38.557,25.767,8.0,1,True,False,True,63.0,8.5,24.758333333333333,40.014102564102565,False,False,False,False,False,True,96.128,92.13867625079448,3.989323749205525
2026,Silverstone,R,LAW,30,Racing Bulls,37.0,2.0,HARD,9.0,True,93.943,29.769,38.479,25.695,8.0,1,True,False,True,64.8,8.5,24.758333333333333,40.014102564102565,False,False,False,False,False,True,95.887,92.13867625079448,3.7483237492055252
2026,Silverstone,R,LAW,30,Racing Bulls,40.0,2.0,HARD,12.0,True,93.912,29.748,38.381,25.783,8.0,1,True,False,True,70.2,8.5,24.758333333333333,40.014102564102565,False,False,False,False,False,True,96.018,92.13867625079448,3.8793237492055255
2026,Silverstone,R,LAW,30,Racing Bulls,41.0,2.0,HARD,13.0,True,94.246,29.984,38.512,25.75,8.0,1,True,False,True,72.0,8.5,24.758333333333333,40.014102564102565,False,False,False,False,False,True,96.40599999999999,92.13867625079448,4.2673237492055165
2026,Silverstone,R,LAW,30,Racing Bulls,42.0,2.0,HARD,14.0,True,93.804,29.646,38.438,25.72,8.0,1,True,False,True,73.8,8.5,24.758333333333333,40.014102564102565,False,False,False,False,False,True,96.018,92.13867625079448,3.8793237492055255
2026,Silverstone,R,LAW,30,Racing Bulls,43.0,2.0,HARD,15.0,True,94.026,29.726,38.563,25.737,8.0,1,True,False,True,75.60000000000001,8.5,24.758333333333333,40.014102564102565,False,False,False,False,False,True,96.294,92.13867625079448,4.155323749205522
2026,Silverstone,R,LAW,30,Racing Bulls,44.0,2.0,HARD,16.0,True,93.705,29.629,38.387,25.689,7.0,1,True,False,True,77.4,8.5,24.758333333333333,40.014102564102565,False,False,False,False,False,True,96.027,92.13867625079448,3.888323749205526
2026,Silverstone,R,LAW,30,Racing Bulls,45.0,2.0,HARD,17.0,True,93.648,29.728,38.239,25.681,7.0,1,True,False,True,79.2,8.5,24.758333333333333,40.014102564102565,False,False,False,False,False,True,96.024,92.13867625079448,3.8853237492055257
2026,Silverstone,R,LAW,30,Racing Bulls,46.0,2.0,HARD,18.0,True,93.918,29.738,38.454,25.726,7.0,1,True,False,True,81.0,8.5,24.758333333333333,40.014102564102565,False,False,False,False,False,True,96.34800000000001,92.13867625079448,4.209323749205538
2026,Silverstone,R,OCO,31,Haas F1 Team,3.0,1.0,MEDIUM,3.0,True,97.122,30.471,39.449,27.202,13.0,1,True,False,True,3.6,8.5,24.758333333333333,40.014102564102565,False,False,False,False,False,True,97.23,91.72335749127973,5.506642508720276
2026,Silverstone,R,OCO,31,Haas F1 Team,4.0,1.0,MEDIUM,4.0,True,96.797,30.767,39.557,26.473,13.0,1,True,False,True,5.4,8.5,24.758333333333333,40.014102564102565,False,False,False,False,False,True,96.959,91.72335749127973,5.235642508720275
2026,Silverstone,R,OCO,31,Haas F1 Team,5.0,1.0,MEDIUM,5.0,True,97.673,30.528,39.923,27.222,14.0,1,True,False,True,7.2,8.5,24.758333333333333,40.014102564102565,False,False,False,False,False,True,97.889,91.72335749127973,6.165642508720268
2026,Silverstone,R,OCO,31,Haas F1 Team,6.0,1.0,MEDIUM,6.0,True,97.297,31.119,39.705,26.473,14.0,1,True,False,True,9.0,8.5,24.758333333333333,40.014102564102565,False,False,False,False,False,True,97.567,91.72335749127973,5.843642508720265
2026,Silverstone,R,OCO,31,Haas F1 Team,7.0,1.0,MEDIUM,7.0,True,96.697,30.669,39.655,26.373,14.0,1,True,False,True,10.8,8.5,24.758333333333333,40.014102564102565,False,False,False,False,False,True,97.021,91.72335749127973,5.297642508720273
2026,Silverstone,R,OCO,31,Haas F1 Team,8.0,1.0,MEDIUM,8.0,True,97.005,30.885,39.657,26.463,14.0,1,True,False,True,12.6,8.5,24.758333333333333,40.014102564102565,False,False,False,False,False,True,97.383,91.72335749127973,5.6596425087202675
2026,Silverstone,R,OCO,31,Haas F1 Team,9.0,1.0,MEDIUM,9.0,True,97.375,31.047,39.863,26.465,14.0,1,True,False,True,14.4,8.5,24.758333333333333,40.014102564102565,False,False,False,False,False,True,97.807,91.72335749127973,6.083642508720274
2026,Silverstone,R,OCO,31,Haas F1 Team,10.0,1.0,MEDIUM,10.0,True,97.684,30.895,40.037,26.752,14.0,1,True,False,True,16.2,8.5,24.758333333333333,40.014102564102565,False,False,False,False,False,True,98.17,91.72335749127973,6.446642508720274
2026,Silverstone,R,OCO,31,Haas F1 Team,11.0,1.0,MEDIUM,11.0,True,97.088,30.715,39.945,26.428,14.0,1,True,False,True,18.0,8.5,24.758333333333333,40.014102564102565,False,False,False,False,False,True,97.628,91.72335749127973,5.904642508720272
2026,Silverstone,R,OCO,31,Haas F1 Team,12.0,1.0,MEDIUM,12.0,True,97.021,30.875,39.651,26.495,14.0,1,True,False,True,19.8,8.5,24.758333333333333,40.014102564102565,False,False,False,False,False,True,97.615,91.72335749127973,5.891642508720267
2026,Silverstone,R,OCO,31,Haas F1 Team,13.0,1.0,MEDIUM,13.0,True,96.689,30.609,39.721,26.359,14.0,1,True,False,True,21.6,8.5,24.758333333333333,40.014102564102565,False,False,False,False,False,True,97.33699999999999,91.72335749127973,5.613642508720261
2026,Silverstone,R,OCO,31,Haas F1 Team,14.0,1.0,MEDIUM,14.0,True,96.866,30.491,39.683,26.692,14.0,1,True,False,True,23.400000000000002,8.5,24.758333333333333,40.014102564102565,False,False,False,False,False,True,97.568,91.72335749127973,5.84464250872027
2026,Silverstone,R,OCO,31,Haas F1 Team,15.0,1.0,MEDIUM,15.0,True,96.67,30.621,39.595,26.454,14.0,1,True,False,True,25.2,8.5,24.758333333333333,40.014102564102565,False,False,False,False,False,True,97.426,91.72335749127973,5.702642508720274
2026,Silverstone,R,OCO,31,Haas F1 Team,16.0,1.0,MEDIUM,16.0,True,97.073,30.738,39.677,26.658,14.0,1,True,False,True,27.0,8.5,24.758333333333333,40.014102564102565,False,False,False,False,False,True,97.883,91.72335749127973,6.1596425087202675
2026,Silverstone,R,OCO,31,Haas F1 Team,17.0,1.0,MEDIUM,17.0,True,97.263,30.672,39.674,26.917,15.0,1,True,False,True,28.8,8.5,24.758333333333333,40.014102564102565,False,False,False,False,False,True,98.12700000000001,91.72335749127973,6.4036425087202815
2026,Silverstone,R,OCO,31,Haas F1 Team,18.0,1.0,MEDIUM,18.0,True,96.953,30.793,39.557,26.603,14.0,1,True,False,True,30.6,8.5,24.758333333333333,40.014102564102565,False,False,False,False,False,True,97.87100000000001,91.72335749127973,6.147642508720281
2026,Silverstone,R,OCO,31,Haas F1 Team,19.0,1.0,MEDIUM,19.0,True,96.765,30.749,39.379,26.637,14.0,1,True,False,True,32.4,8.5,24.758333333333333,40.014102564102565,False,False,False,False,False,True,97.737,91.72335749127973,6.013642508720267
2026,Silverstone,R,OCO,31,Haas F1 Team,20.0,1.0,MEDIUM,20.0,True,96.514,30.732,39.328,26.454,14.0,1,True,False,True,34.2,8.5,24.758333333333333,40.014102564102565,False,False,False,False,False,True,97.53999999999999,91.72335749127973,5.816642508720264
2026,Silverstone,R,OCO,31,Haas F1 Team,23.0,2.0,HARD,2.0,True,96.507,30.285,40.055,26.167,19.0,1,True,False,True,39.6,8.5,24.758333333333333,40.014102564102565,False,False,False,False,False,True,97.69500000000001,92.13867625079448,5.556323749205532
2026,Silverstone,R,OCO,31,Haas F1 Team,24.0,2.0,HARD,3.0,True,95.533,30.131,38.928,26.474,19.0,1,True,False,True,41.4,8.5,24.758333333333333,40.014102564102565,False,False,False,False,False,True,96.775,92.13867625079448,4.6363237492055305
2026,Silverstone,R,OCO,31,Haas F1 Team,25.0,2.0,HARD,4.0,True,95.738,30.277,39.189,26.272,18.0,1,True,False,True,43.2,8.5,24.758333333333333,40.014102564102565,False,False,False,False,False,True,97.034,92.13867625079448,4.895323749205531
2026,Silverstone,R,OCO,31,Haas F1 Team,26.0,2.0,HARD,5.0,True,95.711,30.27,39.078,26.363,18.0,1,True,False,True,45.0,8.5,24.758333333333333,40.014102564102565,False,False,False,False,False,True,97.06099999999999,92.13867625079448,4.922323749205518
2026,Silverstone,R,OCO,31,Haas F1 Team,27.0,2.0,HARD,6.0,True,95.844,30.25,39.085,26.509,17.0,1,True,False,True,46.800000000000004,8.5,24.758333333333333,40.014102564102565,False,False,False,False,False,True,97.24799999999999,92.13867625079448,5.109323749205515
2026,Silverstone,R,OCO,31,Haas F1 Team,28.0,2.0,HARD,7.0,True,95.946,30.669,38.925,26.352,17.0,1,True,False,True,48.6,8.5,24.758333333333333,40.014102564102565,False,False,False,False,False,True,97.404,92.13867625079448,5.265323749205521
2026,Silverstone,R,OCO,31,Haas F1 Team,29.0,2.0,HARD,8.0,True,95.893,30.458,39.056,26.379,17.0,1,True,False,True,50.4,8.5,24.758333333333333,40.014102564102565,False,False,False,False,False,True,97.405,92.13867625079448,5.266323749205526
2026,Silverstone,R,OCO,31,Haas F1 Team,30.0,2.0,HARD,9.0,True,97.178,31.805,39.078,26.295,16.0,1,True,False,True,52.2,8.5,24.758333333333333,40.014102564102565,False,False,False,False,False,True,98.744,92.13867625079448,6.605323749205525
2026,Silverstone,R,OCO,31,Haas F1 Team,31.0,2.0,HARD,10.0,True,95.36,30.334,38.807,26.219,16.0,1,True,False,True,54.0,8.5,24.758333333333333,40.014102564102565,False,False,False,False,False,True,96.98,92.13867625079448,4.841323749205529
2026,Silverstone,R,OCO,31,Haas F1 Team,32.0,2.0,HARD,11.0,True,95.614,30.447,38.924,26.243,16.0,1,True,False,True,55.800000000000004,8.5,24.758333333333333,40.014102564102565,False,False,False,False,False,True,97.28800000000001,92.13867625079448,5.149323749205536
2026,Silverstone,R,OCO,31,Haas F1 Team,33.0,2.0,HARD,12.0,True,95.41,30.307,38.811,26.292,16.0,1,True,False,True,57.6,8.5,24.758333333333333,40.014102564102565,False,False,False,False,False,True,97.13799999999999,92.13867625079448,4.999323749205516
2026,Silverstone,R,OCO,31,Haas F1 Team,34.0,2.0,HARD,13.0,True,96.252,30.445,38.844,26.963,17.0,1,True,False,True,59.4,8.5,24.758333333333333,40.014102564102565,False,False,False,False,False,True,98.03399999999999,92.13867625079448,5.895323749205517
2026,Silverstone,R,OCO,31,Haas F1 Team,35.0,2.0,HARD,14.0,True,95.455,30.46,38.991,26.004,17.0,1,True,False,True,61.2,8.5,24.758333333333333,40.014102564102565,False,False,False,False,False,True,97.291,92.13867625079448,5.152323749205522
2026,Silverstone,R,OCO,31,Haas F1 Team,36.0,2.0,HARD,15.0,True,95.142,30.237,38.837,26.068,17.0,1,True,False,True,63.0,8.5,24.758333333333333,40.014102564102565,False,False,False,False,False,True,97.032,92.13867625079448,4.893323749205521
2026,Silverstone,R,OCO,31,Haas F1 Team,39.0,2.0,HARD,18.0,True,95.393,30.07,39.438,25.885,16.0,1,True,False,True,68.4,8.5,24.758333333333333,40.014102564102565,False,False,False,False,False,True,97.44500000000001,92.13867625079448,5.306323749205532
2026,Silverstone,R,OCO,31,Haas F1 Team,40.0,2.0,HARD,19.0,True,95.486,30.304,39.037,26.145,16.0,1,True,False,True,70.2,8.5,24.758333333333333,40.014102564102565,False,False,False,False,False,True,97.592,92.13867625079448,5.4533237492055235
2026,Silverstone,R,OCO,31,Haas F1 Team,41.0,2.0,HARD,20.0,True,95.127,30.237,38.738,26.152,16.0,1,True,False,True,72.0,8.5,24.758333333333333,40.014102564102565,False,False,False,False,False,True,97.28699999999999,92.13867625079448,5.148323749205517
2026,Silverstone,R,OCO,31,Haas F1 Team,42.0,2.0,HARD,21.0,True,95.893,30.077,39.694,26.122,16.0,1,True,False,True,73.8,8.5,24.758333333333333,40.014102564102565,False,False,False,False,False,True,98.107,92.13867625079448,5.968323749205524
2026,Silverstone,R,OCO,31,Haas F1 Team,43.0,2.0,HARD,22.0,True,94.792,30.217,38.568,26.007,16.0,1,True,False,True,75.60000000000001,8.5,24.758333333333333,40.014102564102565,False,False,False,False,False,True,97.06,92.13867625079448,4.921323749205527
2026,Silverstone,R,OCO,31,Haas F1 Team,44.0,2.0,HARD,23.0,True,95.925,31.043,38.848,26.034,16.0,1,True,False,True,77.4,8.5,24.758333333333333,40.014102564102565,False,False,False,False,False,True,98.247,92.13867625079448,6.108323749205525
2026,Silverstone,R,OCO,31,Haas F1 Team,45.0,2.0,HARD,24.0,True,94.896,30.125,38.702,26.069,16.0,1,True,False,True,79.2,8.5,24.758333333333333,40.014102564102565,False,False,False,False,False,True,97.272,92.13867625079448,5.13332374920553
2026,Silverstone,R,LIN,41,Racing Bulls,3.0,1.0,MEDIUM,3.0,True,95.959,30.256,39.387,26.316,9.0,1,True,False,True,3.6,8.5,24.758333333333333,40.014102564102565,False,False,False,False,False,True,96.06700000000001,91.72335749127973,4.343642508720279
2026,Silverstone,R,LIN,41,Racing Bulls,4.0,1.0,MEDIUM,4.0,True,95.642,30.122,39.283,26.237,9.0,1,True,False,True,5.4,8.5,24.758333333333333,40.014102564102565,False,False,False,False,False,True,95.804,91.72335749127973,4.080642508720274
2026,Silverstone,R,LIN,41,Racing Bulls,5.0,1.0,MEDIUM,5.0,True,95.73,30.149,39.285,26.296,9.0,1,True,False,True,7.2,8.5,24.758333333333333,40.014102564102565,False,False,False,False,False,True,95.946,91.72335749127973,4.22264250872027
2026,Silverstone,R,LIN,41,Racing Bulls,6.0,1.0,MEDIUM,6.0,True,95.824,30.218,39.256,26.35,9.0,1,True,False,True,9.0,8.5,24.758333333333333,40.014102564102565,False,False,False,False,False,True,96.094,91.72335749127973,4.370642508720266
2026,Silverstone,R,LIN,41,Racing Bulls,7.0,1.0,MEDIUM,7.0,True,95.972,30.306,39.199,26.467,9.0,1,True,False,True,10.8,8.5,24.758333333333333,40.014102564102565,False,False,False,False,False,True,96.29599999999999,91.72335749127973,4.572642508720264
2026,Silverstone,R,LIN,41,Racing Bulls,8.0,1.0,MEDIUM,8.0,True,96.144,30.408,39.338,26.398,9.0,1,True,False,True,12.6,8.5,24.758333333333333,40.014102564102565,False,False,False,False,False,True,96.522,91.72335749127973,4.7986425087202775
2026,Silverstone,R,LIN,41,Racing Bulls,9.0,1.0,MEDIUM,9.0,True,96.4,30.426,39.516,26.458,9.0,1,True,False,True,14.4,8.5,24.758333333333333,40.014102564102565,False,False,False,False,False,True,96.83200000000001,91.72335749127973,5.10864250872028
2026,Silverstone,R,LIN,41,Racing Bulls,10.0,1.0,MEDIUM,10.0,True,96.249,30.418,39.527,26.304,9.0,1,True,False,True,16.2,8.5,24.758333333333333,40.014102564102565,False,False,False,False,False,True,96.735,91.72335749127973,5.011642508720271
2026,Silverstone,R,LIN,41,Racing Bulls,11.0,1.0,MEDIUM,11.0,True,96.093,30.293,39.41,26.39,9.0,1,True,False,True,18.0,8.5,24.758333333333333,40.014102564102565,False,False,False,False,False,True,96.63300000000001,91.72335749127973,4.909642508720282
2026,Silverstone,R,LIN,41,Racing Bulls,12.0,1.0,MEDIUM,12.0,True,95.905,30.329,39.378,26.198,9.0,1,True,False,True,19.8,8.5,24.758333333333333,40.014102564102565,False,False,False,False,False,True,96.499,91.72335749127973,4.775642508720267
2026,Silverstone,R,LIN,41,Racing Bulls,13.0,1.0,MEDIUM,13.0,True,96.167,30.431,39.429,26.307,9.0,1,True,False,True,21.6,8.5,24.758333333333333,40.014102564102565,False,False,False,False,False,True,96.815,91.72335749127973,5.09164250872027
2026,Silverstone,R,LIN,41,Racing Bulls,14.0,1.0,MEDIUM,14.0,True,95.72,30.036,39.409,26.275,9.0,1,True,False,True,23.400000000000002,8.5,24.758333333333333,40.014102564102565,False,False,False,False,False,True,96.422,91.72335749127973,4.698642508720269
2026,Silverstone,R,LIN,41,Racing Bulls,15.0,1.0,MEDIUM,15.0,True,95.448,30.129,39.203,26.116,9.0,1,True,False,True,25.2,8.5,24.758333333333333,40.014102564102565,False,False,False,False,False,True,96.204,91.72335749127973,4.4806425087202655
2026,Silverstone,R,LIN,41,Racing Bulls,16.0,1.0,MEDIUM,16.0,True,95.99,30.323,39.437,26.23,9.0,1,True,False,True,27.0,8.5,24.758333333333333,40.014102564102565,False,False,False,False,False,True,96.8,91.72335749127973,5.076642508720269
2026,Silverstone,R,LIN,41,Racing Bulls,17.0,1.0,MEDIUM,17.0,True,95.751,30.188,39.332,26.231,9.0,1,True,False,True,28.8,8.5,24.758333333333333,40.014102564102565,False,False,False,False,False,True,96.61500000000001,91.72335749127973,4.891642508720281
2026,Silverstone,R,LIN,41,Racing Bulls,18.0,1.0,MEDIUM,18.0,True,95.857,30.261,39.286,26.31,9.0,1,True,False,True,30.6,8.5,24.758333333333333,40.014102564102565,False,False,False,False,False,True,96.775,91.72335749127973,5.051642508720278
2026,Silverstone,R,LIN,41,Racing Bulls,19.0,1.0,MEDIUM,19.0,True,95.923,30.322,39.331,26.27,9.0,1,True,False,True,32.4,8.5,24.758333333333333,40.014102564102565,False,False,False,False,False,True,96.895,91.72335749127973,5.171642508720268
2026,Silverstone,R,LIN,41,Racing Bulls,20.0,1.0,MEDIUM,20.0,True,95.841,30.356,39.209,26.276,8.0,1,True,False,True,34.2,8.5,24.758333333333333,40.014102564102565,False,False,False,False,False,True,96.86699999999999,91.72335749127973,5.143642508720262
2026,Silverstone,R,LIN,41,Racing Bulls,23.0,1.0,MEDIUM,23.0,True,96.608,30.374,39.904,26.33,9.0,1,True,False,True,39.6,8.5,24.758333333333333,40.014102564102565,False,False,False,False,False,True,97.796,91.72335749127973,6.072642508720278
2026,Silverstone,R,LIN,41,Racing Bulls,24.0,1.0,MEDIUM,24.0,True,95.523,30.24,39.132,26.151,9.0,1,True,False,True,41.4,8.5,24.758333333333333,40.014102564102565,False,False,False,False,False,True,96.765,91.72335749127973,5.0416425087202725
2026,Silverstone,R,LIN,41,Racing Bulls,25.0,1.0,MEDIUM,25.0,True,95.82,30.156,39.293,26.371,9.0,1,True,False,True,43.2,8.5,24.758333333333333,40.014102564102565,False,False,False,False,False,True,97.116,91.72335749127973,5.392642508720272
2026,Silverstone,R,LIN,41,Racing Bulls,26.0,1.0,MEDIUM,26.0,True,95.523,30.103,39.241,26.179,9.0,1,True,False,True,45.0,8.5,24.758333333333333,40.014102564102565,False,False,False,False,False,True,96.87299999999999,91.72335749127973,5.149642508720262
2026,Silverstone,R,LIN,41,Racing Bulls,29.0,2.0,HARD,2.0,True,93.632,29.688,38.382,25.562,9.0,1,True,False,True,50.4,8.5,24.758333333333333,40.014102564102565,False,False,False,False,False,True,95.144,92.13867625079448,3.0053237492055302
2026,Silverstone,R,LIN,41,Racing Bulls,30.0,2.0,HARD,3.0,True,93.928,29.809,38.237,25.882,9.0,1,True,False,True,52.2,8.5,24.758333333333333,40.014102564102565,False,False,False,False,False,True,95.494,92.13867625079448,3.3553237492055246
2026,Silverstone,R,LIN,41,Racing Bulls,31.0,2.0,HARD,4.0,True,93.748,29.775,38.453,25.52,9.0,1,True,False,True,54.0,8.5,24.758333333333333,40.014102564102565,False,False,False,False,False,True,95.36800000000001,92.13867625079448,3.229323749205534
2026,Silverstone,R,LIN,41,Racing Bulls,32.0,2.0,HARD,5.0,True,93.919,29.611,38.599,25.709,9.0,1,True,False,True,55.800000000000004,8.5,24.758333333333333,40.014102564102565,False,False,False,False,False,True,95.593,92.13867625079448,3.4543237492055283
2026,Silverstone,R,LIN,41,Racing Bulls,33.0,2.0,HARD,6.0,True,93.853,29.71,38.46,25.683,9.0,1,True,False,True,57.6,8.5,24.758333333333333,40.014102564102565,False,False,False,False,False,True,95.58099999999999,92.13867625079448,3.4423237492055136
2026,Silverstone,R,LIN,41,Racing Bulls,34.0,2.0,HARD,7.0,True,94.074,29.932,38.412,25.73,9.0,1,True,False,True,59.4,8.5,24.758333333333333,40.014102564102565,False,False,False,False,False,True,95.856,92.13867625079448,3.7173237492055193
2026,Silverstone,R,LIN,41,Racing Bulls,35.0,2.0,HARD,8.0,True,94.158,29.88,38.494,25.784,9.0,1,True,False,True,61.2,8.5,24.758333333333333,40.014102564102565,False,False,False,False,False,True,95.994,92.13867625079448,3.8553237492055246
2026,Silverstone,R,LIN,41,Racing Bulls,36.0,2.0,HARD,9.0,True,94.38,29.914,38.813,25.653,9.0,1,True,False,True,63.0,8.5,24.758333333333333,40.014102564102565,False,False,False,False,False,True,96.27,92.13867625079448,4.131323749205521
2026,Silverstone,R,LIN,41,Racing Bulls,37.0,2.0,HARD,10.0,True,94.247,29.805,38.626,25.816,9.0,1,True,False,True,64.8,8.5,24.758333333333333,40.014102564102565,False,False,False,False,False,True,96.191,92.13867625079448,4.052323749205527
2026,Silverstone,R,LIN,41,Racing Bulls,40.0,2.0,HARD,13.0,True,94.136,29.795,38.487,25.854,9.0,1,True,False,True,70.2,8.5,24.758333333333333,40.014102564102565,False,False,False,False,False,True,96.24199999999999,92.13867625079448,4.103323749205515
2026,Silverstone,R,LIN,41,Racing Bulls,41.0,2.0,HARD,14.0,True,94.369,30.105,38.45,25.814,9.0,1,True,False,True,72.0,8.5,24.758333333333333,40.014102564102565,False,False,False,False,False,True,96.529,92.13867625079448,4.390323749205521
2026,Silverstone,R,LIN,41,Racing Bulls,42.0,2.0,HARD,15.0,True,94.11,29.775,38.617,25.718,9.0,1,True,False,True,73.8,8.5,24.758333333333333,40.014102564102565,False,False,False,False,False,True,96.324,92.13867625079448,4.185323749205523
2026,Silverstone,R,LIN,41,Racing Bulls,43.0,2.0,HARD,16.0,True,94.576,29.834,38.772,25.97,9.0,1,True,False,True,75.60000000000001,8.5,24.758333333333333,40.014102564102565,False,False,False,False,False,True,96.844,92.13867625079448,4.705323749205519
2026,Silverstone,R,LIN,41,Racing Bulls,44.0,2.0,HARD,17.0,True,94.327,29.943,38.617,25.767,8.0,1,True,False,True,77.4,8.5,24.758333333333333,40.014102564102565,False,False,False,False,False,True,96.649,92.13867625079448,4.510323749205526
2026,Silverstone,R,LIN,41,Racing Bulls,45.0,2.0,HARD,18.0,True,94.039,29.801,38.441,25.797,8.0,1,True,False,True,79.2,8.5,24.758333333333333,40.014102564102565,False,False,False,False,False,True,96.415,92.13867625079448,4.276323749205531
2026,Silverstone,R,LIN,41,Racing Bulls,46.0,2.0,HARD,19.0,True,94.257,29.864,38.52,25.873,8.0,1,True,False,True,81.0,8.5,24.758333333333333,40.014102564102565,False,False,False,False,False,True,96.68700000000001,92.13867625079448,4.548323749205537
2026,Silverstone,R,COL,43,Alpine,3.0,1.0,MEDIUM,3.0,True,96.677,30.948,39.167,26.562,14.0,1,True,False,True,3.6,8.5,24.758333333333333,40.014102564102565,False,False,False,False,False,True,96.78500000000001,91.72335749127973,5.061642508720283
2026,Silverstone,R,COL,43,Alpine,4.0,1.0,MEDIUM,4.0,True,96.311,30.338,39.441,26.532,14.0,1,True,False,True,5.4,8.5,24.758333333333333,40.014102564102565,False,False,False,False,False,True,96.47300000000001,91.72335749127973,4.749642508720285
2026,Silverstone,R,COL,43,Alpine,5.0,1.0,MEDIUM,5.0,True,96.694,30.458,39.883,26.353,13.0,1,True,False,True,7.2,8.5,24.758333333333333,40.014102564102565,False,False,False,False,False,True,96.91,91.72335749127973,5.1866425087202686
2026,Silverstone,R,COL,43,Alpine,6.0,1.0,MEDIUM,6.0,True,97.119,30.891,39.401,26.826999999999998,13.0,1,True,False,True,9.0,8.5,24.758333333333333,40.014102564102565,False,False,False,False,False,True,97.389,91.72335749127973,5.665642508720268
2026,Silverstone,R,COL,43,Alpine,7.0,1.0,MEDIUM,7.0,True,96.459,30.477,39.405,26.576999999999998,13.0,1,True,False,True,10.8,8.5,24.758333333333333,40.014102564102565,False,False,False,False,False,True,96.783,91.72335749127973,5.059642508720273
2026,Silverstone,R,COL,43,Alpine,8.0,1.0,MEDIUM,8.0,True,97.208,30.754,39.67,26.784,13.0,1,True,False,True,12.6,8.5,24.758333333333333,40.014102564102565,False,False,False,False,False,True,97.586,91.72335749127973,5.8626425087202705
2026,Silverstone,R,COL,43,Alpine,9.0,1.0,MEDIUM,9.0,True,96.548,30.853,39.535,26.16,12.0,1,True,False,True,14.4,8.5,24.758333333333333,40.014102564102565,False,False,False,False,False,True,96.98,91.72335749127973,5.256642508720276
2026,Silverstone,R,COL,43,Alpine,10.0,1.0,MEDIUM,10.0,True,97.468,31.278,39.471,26.719,12.0,1,True,False,True,16.2,8.5,24.758333333333333,40.014102564102565,False,False,False,False,False,True,97.95400000000001,91.72335749127973,6.23064250872028
2026,Silverstone,R,COL,43,Alpine,11.0,1.0,MEDIUM,11.0,True,96.477,30.956,39.259,26.262,12.0,1,True,False,True,18.0,8.5,24.758333333333333,40.014102564102565,False,False,False,False,False,True,97.01700000000001,91.72335749127973,5.293642508720282
2026,Silverstone,R,COL,43,Alpine,12.0,1.0,MEDIUM,12.0,True,96.843,30.985,39.144,26.714,12.0,1,True,False,True,19.8,8.5,24.758333333333333,40.014102564102565,False,False,False,False,False,True,97.437,91.72335749127973,5.71364250872027
2026,Silverstone,R,COL,43,Alpine,13.0,1.0,MEDIUM,13.0,True,96.073,30.349,39.108,26.616,12.0,1,True,False,True,21.6,8.5,24.758333333333333,40.014102564102565,False,False,False,False,False,True,96.72099999999999,91.72335749127973,4.997642508720261
2026,Silverstone,R,COL,43,Alpine,14.0,1.0,MEDIUM,14.0,True,95.917,30.205,39.127,26.585,12.0,1,True,False,True,23.400000000000002,8.5,24.758333333333333,40.014102564102565,False,False,False,False,False,True,96.619,91.72335749127973,4.895642508720272
2026,Silverstone,R,COL,43,Alpine,15.0,1.0,MEDIUM,15.0,True,95.857,30.326,39.06,26.471,12.0,1,True,False,True,25.2,8.5,24.758333333333333,40.014102564102565,False,False,False,False,False,True,96.613,91.72335749127973,4.8896425087202715
2026,Silverstone,R,COL,43,Alpine,16.0,1.0,MEDIUM,16.0,True,96.579,30.454,39.387,26.738,12.0,1,True,False,True,27.0,8.5,24.758333333333333,40.014102564102565,False,False,False,False,False,True,97.389,91.72335749127973,5.665642508720268
2026,Silverstone,R,COL,43,Alpine,17.0,1.0,MEDIUM,17.0,True,96.239,30.153,39.376,26.71,12.0,1,True,False,True,28.8,8.5,24.758333333333333,40.014102564102565,False,False,False,False,False,True,97.10300000000001,91.72335749127973,5.379642508720281
2026,Silverstone,R,COL,43,Alpine,18.0,1.0,MEDIUM,18.0,True,96.248,30.324,39.11,26.814,12.0,1,True,False,True,30.6,8.5,24.758333333333333,40.014102564102565,False,False,False,False,False,True,97.16600000000001,91.72335749127973,5.442642508720283
2026,Silverstone,R,COL,43,Alpine,19.0,1.0,MEDIUM,19.0,True,96.072,30.352,39.187,26.533,12.0,1,True,False,True,32.4,8.5,24.758333333333333,40.014102564102565,False,False,False,False,False,True,97.044,91.72335749127973,5.320642508720269
2026,Silverstone,R,COL,43,Alpine,20.0,1.0,MEDIUM,20.0,True,95.78,30.292,39.044,26.444,12.0,1,True,False,True,34.2,8.5,24.758333333333333,40.014102564102565,False,False,False,False,False,True,96.806,91.72335749127973,5.082642508720269
2026,Silverstone,R,COL,43,Alpine,24.0,2.0,HARD,2.0,True,94.712,30.133,38.456,26.123,11.0,1,True,False,True,41.4,8.5,24.758333333333333,40.014102564102565,False,False,False,False,False,True,95.95400000000001,92.13867625079448,3.8153237492055325
2026,Silverstone,R,COL,43,Alpine,25.0,2.0,HARD,3.0,True,94.281,29.79,38.442,26.049,11.0,1,True,False,True,43.2,8.5,24.758333333333333,40.014102564102565,False,False,False,False,False,True,95.57700000000001,92.13867625079448,3.438323749205537
2026,Silverstone,R,COL,43,Alpine,26.0,2.0,HARD,4.0,True,94.712,29.828,38.509,26.375,11.0,1,True,False,True,45.0,8.5,24.758333333333333,40.014102564102565,False,False,False,False,False,True,96.062,92.13867625079448,3.9233237492055224
2026,Silverstone,R,COL,43,Alpine,27.0,2.0,HARD,5.0,True,94.61,29.909,38.519,26.182,11.0,1,True,False,True,46.800000000000004,8.5,24.758333333333333,40.014102564102565,False,False,False,False,False,True,96.014,92.13867625079448,3.8753237492055206
2026,Silverstone,R,COL,43,Alpine,28.0,2.0,HARD,6.0,True,94.652,29.848,38.628,26.176,11.0,1,True,False,True,48.6,8.5,24.758333333333333,40.014102564102565,False,False,False,False,False,True,96.11,92.13867625079448,3.9713237492055242
2026,Silverstone,R,COL,43,Alpine,29.0,2.0,HARD,7.0,True,94.868,29.94,38.619,26.309,11.0,1,True,False,True,50.4,8.5,24.758333333333333,40.014102564102565,False,False,False,False,False,True,96.38,92.13867625079448,4.24132374920552
2026,Silverstone,R,COL,43,Alpine,30.0,2.0,HARD,8.0,True,94.744,30.023,38.543,26.178,11.0,1,True,False,True,52.2,8.5,24.758333333333333,40.014102564102565,False,False,False,False,False,True,96.31,92.13867625079448,4.171323749205527
2026,Silverstone,R,COL,43,Alpine,31.0,2.0,HARD,9.0,True,95.017,30.046,38.636,26.335,11.0,1,True,False,True,54.0,8.5,24.758333333333333,40.014102564102565,False,False,False,False,False,True,96.637,92.13867625079448,4.498323749205525
2026,Silverstone,R,COL,43,Alpine,32.0,2.0,HARD,10.0,True,96.267,30.715,39.063,26.489,11.0,1,True,False,True,55.800000000000004,8.5,24.758333333333333,40.014102564102565,False,False,False,False,False,True,97.941,92.13867625079448,5.802323749205527
2026,Silverstone,R,COL,43,Alpine,33.0,2.0,HARD,11.0,True,95.319,30.138,38.855,26.326,11.0,1,True,False,True,57.6,8.5,24.758333333333333,40.014102564102565,False,False,False,False,False,True,97.047,92.13867625079448,4.908323749205522
2026,Silverstone,R,COL,43,Alpine,34.0,2.0,HARD,12.0,True,95.707,30.13,39.29,26.287,11.0,1,True,False,True,59.4,8.5,24.758333333333333,40.014102564102565,False,False,False,False,False,True,97.48899999999999,92.13867625079448,5.350323749205515
2026,Silverstone,R,COL,43,Alpine,35.0,2.0,HARD,13.0,True,95.458,30.347,38.595,26.516,11.0,1,True,False,True,61.2,8.5,24.758333333333333,40.014102564102565,False,False,False,False,False,True,97.294,92.13867625079448,5.155323749205522
2026,Silverstone,R,COL,43,Alpine,36.0,2.0,HARD,14.0,True,95.137,29.984,38.842,26.311,11.0,1,True,False,True,63.0,8.5,24.758333333333333,40.014102564102565,False,False,False,False,False,True,97.027,92.13867625079448,4.888323749205526
2026,Silverstone,R,COL,43,Alpine,39.0,2.0,HARD,17.0,True,94.609,29.991,38.449,26.169,11.0,1,True,False,True,68.4,8.5,24.758333333333333,40.014102564102565,False,False,False,False,False,True,96.661,92.13867625079448,4.522323749205526
2026,Silverstone,R,COL,43,Alpine,40.0,2.0,HARD,18.0,True,94.765,30.041,38.584,26.14,11.0,1,True,False,True,70.2,8.5,24.758333333333333,40.014102564102565,False,False,False,False,False,True,96.871,92.13867625079448,4.73232374920552
2026,Silverstone,R,COL,43,Alpine,41.0,2.0,HARD,19.0,True,94.718,29.866,38.544,26.308,11.0,1,True,False,True,72.0,8.5,24.758333333333333,40.014102564102565,False,False,False,False,False,True,96.878,92.13867625079448,4.739323749205525
2026,Silverstone,R,COL,43,Alpine,42.0,2.0,HARD,20.0,True,94.624,29.891,38.505,26.228,11.0,1,True,False,True,73.8,8.5,24.758333333333333,40.014102564102565,False,False,False,False,False,True,96.838,92.13867625079448,4.699323749205519
2026,Silverstone,R,COL,43,Alpine,43.0,2.0,HARD,21.0,True,94.785,29.957,38.566,26.262,11.0,1,True,False,True,75.60000000000001,8.5,24.758333333333333,40.014102564102565,False,False,False,False,False,True,97.053,92.13867625079448,4.914323749205522
2026,Silverstone,R,COL,43,Alpine,44.0,2.0,HARD,22.0,True,94.432,29.901,38.509,26.022,11.0,1,True,False,True,77.4,8.5,24.758333333333333,40.014102564102565,False,False,False,False,False,True,96.754,92.13867625079448,4.61532374920553
2026,Silverstone,R,COL,43,Alpine,45.0,2.0,HARD,23.0,True,94.565,29.924,38.478,26.163,11.0,1,True,False,True,79.2,8.5,24.758333333333333,40.014102564102565,False,False,False,False,False,True,96.941,92.13867625079448,4.802323749205527
2026,Silverstone,R,COL,43,Alpine,46.0,2.0,HARD,24.0,True,94.87,30.119,38.559,26.192,11.0,1,True,False,True,81.0,8.5,24.758333333333333,40.014102564102565,False,False,False,False,False,True,97.30000000000001,92.13867625079448,5.161323749205536
2026,Silverstone,R,HAM,44,Ferrari,3.0,1.0,MEDIUM,3.0,True,94.05,29.71,38.461,25.879,2.0,1,True,False,True,3.6,8.5,24.758333333333333,40.014102564102565,False,False,False,False,False,True,94.158,91.72335749127973,2.434642508720273
2026,Silverstone,R,HAM,44,Ferrari,4.0,1.0,MEDIUM,4.0,True,93.943,29.722,38.638,25.583,2.0,1,True,False,True,5.4,8.5,24.758333333333333,40.014102564102565,False,False,False,False,False,True,94.105,91.72335749127973,2.381642508720276
2026,Silverstone,R,HAM,44,Ferrari,5.0,1.0,MEDIUM,5.0,True,94.755,29.928,38.708,26.119,2.0,1,True,False,True,7.2,8.5,24.758333333333333,40.014102564102565,False,False,False,False,False,True,94.97099999999999,91.72335749127973,3.2476425087202614
2026,Silverstone,R,HAM,44,Ferrari,6.0,1.0,MEDIUM,6.0,True,94.672,29.986,38.613,26.073,2.0,1,True,False,True,9.0,8.5,24.758333333333333,40.014102564102565,False,False,False,False,False,True,94.942,91.72335749127973,3.218642508720265
2026,Silverstone,R,HAM,44,Ferrari,7.0,1.0,MEDIUM,7.0,True,94.735,30.09,38.667,25.978,2.0,1,True,False,True,10.8,8.5,24.758333333333333,40.014102564102565,False,False,False,False,False,True,95.059,91.72335749127973,3.3356425087202695
2026,Silverstone,R,HAM,44,Ferrari,8.0,1.0,MEDIUM,8.0,True,94.651,30.132,38.561,25.958,2.0,1,True,False,True,12.6,8.5,24.758333333333333,40.014102564102565,False,False,False,False,False,True,95.029,91.72335749127973,3.3056425087202683
2026,Silverstone,R,HAM,44,Ferrari,9.0,1.0,MEDIUM,9.0,True,95.009,30.285,38.762,25.962,2.0,1,True,False,True,14.4,8.5,24.758333333333333,40.014102564102565,False,False,False,False,False,True,95.441,91.72335749127973,3.7176425087202745
2026,Silverstone,R,HAM,44,Ferrari,10.0,1.0,MEDIUM,10.0,True,94.986,30.285,38.789,25.912,2.0,1,True,False,True,16.2,8.5,24.758333333333333,40.014102564102565,False,False,False,False,False,True,95.47200000000001,91.72335749127973,3.7486425087202804
2026,Silverstone,R,HAM,44,Ferrari,11.0,1.0,MEDIUM,11.0,True,95.741,30.22,39.436,26.085,3.0,1,True,False,True,18.0,8.5,24.758333333333333,40.014102564102565,False,False,False,False,False,True,96.281,91.72335749127973,4.557642508720278
2026,Silverstone,R,HAM,44,Ferrari,12.0,1.0,MEDIUM,12.0,True,94.641,29.981,38.926,25.734,3.0,1,True,False,True,19.8,8.5,24.758333333333333,40.014102564102565,False,False,False,False,False,True,95.235,91.72335749127973,3.5116425087202714
2026,Silverstone,R,HAM,44,Ferrari,13.0,1.0,MEDIUM,13.0,True,94.778,30.167,38.887,25.724,3.0,1,True,False,True,21.6,8.5,24.758333333333333,40.014102564102565,False,False,False,False,False,True,95.426,91.72335749127973,3.702642508720274
2026,Silverstone,R,HAM,44,Ferrari,14.0,1.0,MEDIUM,14.0,True,94.431,29.924,38.761,25.746,3.0,1,True,False,True,23.400000000000002,8.5,24.758333333333333,40.014102564102565,False,False,False,False,False,True,95.133,91.72335749127973,3.4096425087202675
2026,Silverstone,R,HAM,44,Ferrari,15.0,1.0,MEDIUM,15.0,True,94.761,29.826,38.697,26.238,3.0,1,True,False,True,25.2,8.5,24.758333333333333,40.014102564102565,False,False,False,False,False,True,95.517,91.72335749127973,3.793642508720268
2026,Silverstone,R,HAM,44,Ferrari,16.0,1.0,MEDIUM,16.0,True,95.372,30.081,38.762,26.529,3.0,1,True,False,True,27.0,8.5,24.758333333333333,40.014102564102565,False,False,False,False,False,True,96.182,91.72335749127973,4.458642508720274
2026,Silverstone,R,HAM,44,Ferrari,17.0,1.0,MEDIUM,17.0,True,95.107,30.268,38.763,26.076,3.0,1,True,False,True,28.8,8.5,24.758333333333333,40.014102564102565,False,False,False,False,False,True,95.971,91.72335749127973,4.247642508720276
2026,Silverstone,R,HAM,44,Ferrari,18.0,1.0,MEDIUM,18.0,True,94.887,30.034,38.79,26.063,3.0,1,True,False,True,30.6,8.5,24.758333333333333,40.014102564102565,False,False,False,False,False,True,95.805,91.72335749127973,4.081642508720279
2026,Silverstone,R,HAM,44,Ferrari,19.0,1.0,MEDIUM,19.0,True,94.606,30.08,38.473,26.053,3.0,1,True,False,True,32.4,8.5,24.758333333333333,40.014102564102565,False,False,False,False,False,True,95.57799999999999,91.72335749127973,3.8546425087202607
2026,Silverstone,R,HAM,44,Ferrari,20.0,1.0,MEDIUM,20.0,True,94.395,30.099,38.447,25.849,3.0,1,True,False,True,34.2,8.5,24.758333333333333,40.014102564102565,False,False,False,False,False,True,95.42099999999999,91.72335749127973,3.6976425087202642
2026,Silverstone,R,HAM,44,Ferrari,21.0,1.0,MEDIUM,21.0,True,94.801,29.975,38.727,26.099,3.0,1,True,False,True,36.0,8.5,24.758333333333333,40.014102564102565,False,False,False,False,False,True,95.881,91.72335749127973,4.157642508720272
2026,Silverstone,R,HAM,44,Ferrari,25.0,2.0,HARD,2.0,True,92.309,28.967,37.735,25.607,6.0,1,True,False,True,43.2,8.5,24.758333333333333,40.014102564102565,False,False,False,False,False,True,93.605,92.13867625079448,1.4663237492055288
2026,Silverstone,R,HAM,44,Ferrari,26.0,2.0,HARD,3.0,True,92.667,29.465,37.806,25.396,6.0,1,True,False,True,45.0,8.5,24.758333333333333,40.014102564102565,False,False,False,False,False,True,94.017,92.13867625079448,1.8783237492055207
2026,Silverstone,R,HAM,44,Ferrari,27.0,2.0,HARD,4.0,True,92.916,29.511,38.123,25.282,6.0,1,True,False,True,46.800000000000004,8.5,24.758333333333333,40.014102564102565,False,False,False,False,False,True,94.32,92.13867625079448,2.181323749205518
2026,Silverstone,R,HAM,44,Ferrari,28.0,2.0,HARD,5.0,True,92.922,29.538,37.801,25.583,6.0,1,True,False,True,48.6,8.5,24.758333333333333,40.014102564102565,False,False,False,False,False,True,94.38,92.13867625079448,2.2413237492055202
2026,Silverstone,R,HAM,44,Ferrari,29.0,2.0,HARD,6.0,True,94.747,29.684,38.638,26.425,5.0,1,True,False,True,50.4,8.5,24.758333333333333,40.014102564102565,False,False,False,False,False,True,96.259,92.13867625079448,4.120323749205525
2026,Silverstone,R,HAM,44,Ferrari,30.0,2.0,HARD,7.0,True,93.207,29.647,37.983,25.576999999999998,5.0,1,True,False,True,52.2,8.5,24.758333333333333,40.014102564102565,False,False,False,False,False,True,94.773,92.13867625079448,2.634323749205521
2026,Silverstone,R,HAM,44,Ferrari,31.0,2.0,HARD,8.0,True,94.738,29.786,38.735,26.217,5.0,1,True,False,True,54.0,8.5,24.758333333333333,40.014102564102565,False,False,False,False,False,True,96.358,92.13867625079448,4.219323749205529
2026,Silverstone,R,HAM,44,Ferrari,32.0,2.0,HARD,9.0,True,93.746,29.808,38.157,25.781,5.0,1,True,False,True,55.800000000000004,8.5,24.758333333333333,40.014102564102565,False,False,False,False,False,True,95.42,92.13867625079448,3.2813237492055265
2026,Silverstone,R,HAM,44,Ferrari,33.0,2.0,HARD,10.0,True,93.882,29.969,38.265,25.648,5.0,1,True,False,True,57.6,8.5,24.758333333333333,40.014102564102565,False,False,False,False,False,True,95.61,92.13867625079448,3.4713237492055242
2026,Silverstone,R,HAM,44,Ferrari,34.0,2.0,HARD,11.0,True,93.896,29.79,38.469,25.637,5.0,1,True,False,True,59.4,8.5,24.758333333333333,40.014102564102565,False,False,False,False,False,True,95.678,92.13867625079448,3.539323749205522
2026,Silverstone,R,HAM,44,Ferrari,35.0,2.0,HARD,12.0,True,94.034,29.803,38.349,25.882,4.0,1,True,False,True,61.2,8.5,24.758333333333333,40.014102564102565,False,False,False,False,False,True,95.87,92.13867625079448,3.7313237492055293
2026,Silverstone,R,HAM,44,Ferrari,36.0,2.0,HARD,13.0,True,93.993,29.841,38.473,25.679,4.0,1,True,False,True,63.0,8.5,24.758333333333333,40.014102564102565,False,False,False,False,False,True,95.883,92.13867625079448,3.7443237492055204
2026,Silverstone,R,HAM,44,Ferrari,37.0,2.0,HARD,14.0,True,93.738,29.59,38.11,26.038,4.0,1,True,False,True,64.8,8.5,24.758333333333333,40.014102564102565,False,False,False,False,False,True,95.682,92.13867625079448,3.543323749205527
2026,Silverstone,R,HAM,44,Ferrari,40.0,2.0,HARD,17.0,True,93.742,29.533,38.363,25.846,3.0,1,True,False,True,70.2,8.5,24.758333333333333,40.014102564102565,False,False,False,False,False,True,95.848,92.13867625079448,3.7093237492055238
2026,Silverstone,R,HAM,44,Ferrari,41.0,2.0,HARD,18.0,True,93.421,30.021,38.018,25.382,3.0,1,True,False,True,72.0,8.5,24.758333333333333,40.014102564102565,False,False,False,False,False,True,95.581,92.13867625079448,3.442323749205528
2026,Silverstone,R,HAM,44,Ferrari,42.0,2.0,HARD,19.0,True,93.337,29.462,37.99,25.885,2.0,1,True,False,True,73.8,8.5,24.758333333333333,40.014102564102565,False,False,False,False,False,True,95.551,92.13867625079448,3.4123237492055267
2026,Silverstone,R,HAM,44,Ferrari,43.0,2.0,HARD,20.0,True,93.029,29.611,37.907,25.511,2.0,1,True,False,True,75.60000000000001,8.5,24.758333333333333,40.014102564102565,False,False,False,False,False,True,95.297,92.13867625079448,3.158323749205522
2026,Silverstone,R,HAM,44,Ferrari,44.0,2.0,HARD,21.0,True,93.042,29.57,37.819,25.653,2.0,1,True,False,True,77.4,8.5,24.758333333333333,40.014102564102565,False,False,False,False,False,True,95.364,92.13867625079448,3.225323749205529
2026,Silverstone,R,HAM,44,Ferrari,45.0,2.0,HARD,22.0,True,92.783,29.587,37.899,25.297,2.0,1,True,False,True,79.2,8.5,24.758333333333333,40.014102564102565,False,False,False,False,False,True,95.159,92.13867625079448,3.020323749205531
2026,Silverstone,R,HAM,44,Ferrari,46.0,2.0,HARD,23.0,True,92.973,29.566,37.842,25.565,2.0,1,True,False,True,81.0,8.5,24.758333333333333,40.014102564102565,False,False,False,False,False,True,95.40299999999999,92.13867625079448,3.2643237492055164
2026,Silverstone,R,BOR,5,Audi,3.0,1.0,MEDIUM,3.0,True,96.169,30.357,39.114,26.698,11.0,1,True,False,True,3.6,8.5,24.758333333333333,40.014102564102565,False,False,False,False,False,True,96.277,91.72335749127973,4.553642508720273
2026,Silverstone,R,BOR,5,Audi,4.0,1.0,MEDIUM,4.0,True,96.262,30.499,39.156,26.607,11.0,1,True,False,True,5.4,8.5,24.758333333333333,40.014102564102565,False,False,False,False,False,True,96.424,91.72335749127973,4.700642508720279
2026,Silverstone,R,BOR,5,Audi,5.0,1.0,MEDIUM,5.0,True,96.569,30.235,40.014,26.32,10.0,1,True,False,True,7.2,8.5,24.758333333333333,40.014102564102565,False,False,False,False,False,True,96.785,91.72335749127973,5.0616425087202686
2026,Silverstone,R,BOR,5,Audi,6.0,1.0,MEDIUM,6.0,True,96.503,30.695,39.376,26.432,10.0,1,True,False,True,9.0,8.5,24.758333333333333,40.014102564102565,False,False,False,False,False,True,96.773,91.72335749127973,5.049642508720268
2026,Silverstone,R,BOR,5,Audi,7.0,1.0,MEDIUM,7.0,True,95.792,30.486,39.048,26.258,10.0,1,True,False,True,10.8,8.5,24.758333333333333,40.014102564102565,False,False,False,False,False,True,96.116,91.72335749127973,4.392642508720272
2026,Silverstone,R,BOR,5,Audi,8.0,1.0,MEDIUM,8.0,True,95.972,30.533,39.181,26.258,10.0,1,True,False,True,12.6,8.5,24.758333333333333,40.014102564102565,False,False,False,False,False,True,96.35,91.72335749127973,4.626642508720266
2026,Silverstone,R,BOR,5,Audi,9.0,1.0,MEDIUM,9.0,True,96.141,30.466,39.32,26.355,10.0,1,True,False,True,14.4,8.5,24.758333333333333,40.014102564102565,False,False,False,False,False,True,96.57300000000001,91.72335749127973,4.8496425087202795
2026,Silverstone,R,BOR,5,Audi,10.0,1.0,MEDIUM,10.0,True,96.116,30.555,39.279,26.282,10.0,1,True,False,True,16.2,8.5,24.758333333333333,40.014102564102565,False,False,False,False,False,True,96.602,91.72335749127973,4.878642508720276
2026,Silverstone,R,BOR,5,Audi,11.0,1.0,MEDIUM,11.0,True,95.671,30.398,39.007,26.266,10.0,1,True,False,True,18.0,8.5,24.758333333333333,40.014102564102565,False,False,False,False,False,True,96.21100000000001,91.72335749127973,4.487642508720285
2026,Silverstone,R,BOR,5,Audi,12.0,1.0,MEDIUM,12.0,True,95.88,30.431,39.034,26.415,10.0,1,True,False,True,19.8,8.5,24.758333333333333,40.014102564102565,False,False,False,False,False,True,96.47399999999999,91.72335749127973,4.7506425087202615
2026,Silverstone,R,BOR,5,Audi,13.0,1.0,MEDIUM,13.0,True,96.293,30.461,39.335,26.497,10.0,1,True,False,True,21.6,8.5,24.758333333333333,40.014102564102565,False,False,False,False,False,True,96.941,91.72335749127973,5.2176425087202745
2026,Silverstone,R,BOR,5,Audi,14.0,1.0,MEDIUM,14.0,True,95.862,30.279,39.33,26.253,10.0,1,True,False,True,23.400000000000002,8.5,24.758333333333333,40.014102564102565,False,False,False,False,False,True,96.564,91.72335749127973,4.840642508720265
2026,Silverstone,R,BOR,5,Audi,15.0,1.0,MEDIUM,15.0,True,95.766,30.283,39.237,26.246,10.0,1,True,False,True,25.2,8.5,24.758333333333333,40.014102564102565,False,False,False,False,False,True,96.522,91.72335749127973,4.7986425087202775
2026,Silverstone,R,BOR,5,Audi,16.0,1.0,MEDIUM,16.0,True,96.062,30.476,39.345,26.241,10.0,1,True,False,True,27.0,8.5,24.758333333333333,40.014102564102565,False,False,False,False,False,True,96.872,91.72335749127973,5.148642508720272
2026,Silverstone,R,BOR,5,Audi,17.0,1.0,MEDIUM,17.0,True,95.662,30.21,39.201,26.251,10.0,1,True,False,True,28.8,8.5,24.758333333333333,40.014102564102565,False,False,False,False,False,True,96.52600000000001,91.72335749127973,4.802642508720282
2026,Silverstone,R,BOR,5,Audi,18.0,1.0,MEDIUM,18.0,True,95.885,30.232,39.227,26.426,10.0,1,True,False,True,30.6,8.5,24.758333333333333,40.014102564102565,False,False,False,False,False,True,96.80300000000001,91.72335749127973,5.0796425087202834
2026,Silverstone,R,BOR,5,Audi,19.0,1.0,MEDIUM,19.0,True,95.876,30.321,39.336,26.219,10.0,1,True,False,True,32.4,8.5,24.758333333333333,40.014102564102565,False,False,False,False,False,True,96.848,91.72335749127973,5.124642508720271
2026,Silverstone,R,BOR,5,Audi,20.0,1.0,MEDIUM,20.0,True,96.716,30.375,39.92,26.421,10.0,1,True,False,True,34.2,8.5,24.758333333333333,40.014102564102565,False,False,False,False,False,True,97.74199999999999,91.72335749127973,6.018642508720262
2026,Silverstone,R,BOR,5,Audi,23.0,1.0,MEDIUM,23.0,True,95.718,30.3,39.145,26.273,10.0,1,True,False,True,39.6,8.5,24.758333333333333,40.014102564102565,False,False,False,False,False,True,96.906,91.72335749127973,5.182642508720278
2026,Silverstone,R,BOR,5,Audi,24.0,1.0,MEDIUM,24.0,True,95.663,30.251,39.126,26.286,10.0,1,True,False,True,41.4,8.5,24.758333333333333,40.014102564102565,False,False,False,False,False,True,96.905,91.72335749127973,5.181642508720273
2026,Silverstone,R,BOR,5,Audi,25.0,1.0,MEDIUM,25.0,True,95.525,30.074,39.022,26.429,10.0,1,True,False,True,43.2,8.5,24.758333333333333,40.014102564102565,False,False,False,False,False,True,96.82100000000001,91.72335749127973,5.097642508720284
2026,Silverstone,R,BOR,5,Audi,28.0,2.0,HARD,2.0,True,94.07,29.733,38.502,25.835,10.0,1,True,False,True,48.6,8.5,24.758333333333333,40.014102564102565,False,False,False,False,False,True,95.52799999999999,92.13867625079448,3.3893237492055164
2026,Silverstone,R,BOR,5,Audi,29.0,2.0,HARD,3.0,True,93.776,29.731,38.138,25.907,10.0,1,True,False,True,50.4,8.5,24.758333333333333,40.014102564102565,False,False,False,False,False,True,95.288,92.13867625079448,3.1493237492055215
2026,Silverstone,R,BOR,5,Audi,30.0,2.0,HARD,4.0,True,93.65,29.78,38.063,25.807,10.0,1,True,False,True,52.2,8.5,24.758333333333333,40.014102564102565,False,False,False,False,False,True,95.21600000000001,92.13867625079448,3.077323749205533
2026,Silverstone,R,BOR,5,Audi,31.0,2.0,HARD,5.0,True,94.158,29.958,38.371,25.829,10.0,1,True,False,True,54.0,8.5,24.758333333333333,40.014102564102565,False,False,False,False,False,True,95.778,92.13867625079448,3.6393237492055306
2026,Silverstone,R,BOR,5,Audi,32.0,2.0,HARD,6.0,True,94.422,29.895,38.555,25.972,10.0,1,True,False,True,55.800000000000004,8.5,24.758333333333333,40.014102564102565,False,False,False,False,False,True,96.096,92.13867625079448,3.9573237492055284
2026,Silverstone,R,BOR,5,Audi,33.0,2.0,HARD,7.0,True,94.652,30.037,38.539,26.076,10.0,1,True,False,True,57.6,8.5,24.758333333333333,40.014102564102565,False,False,False,False,False,True,96.38,92.13867625079448,4.24132374920552
2026,Silverstone,R,BOR,5,Audi,34.0,2.0,HARD,8.0,True,94.485,30.004,38.53,25.951,10.0,1,True,False,True,59.4,8.5,24.758333333333333,40.014102564102565,False,False,False,False,False,True,96.267,92.13867625079448,4.128323749205521
2026,Silverstone,R,BOR,5,Audi,35.0,2.0,HARD,9.0,True,94.516,30.099,38.408,26.009,10.0,1,True,False,True,61.2,8.5,24.758333333333333,40.014102564102565,False,False,False,False,False,True,96.352,92.13867625079448,4.213323749205529
2026,Silverstone,R,BOR,5,Audi,36.0,2.0,HARD,10.0,True,94.588,30.041,38.59,25.957,10.0,1,True,False,True,63.0,8.5,24.758333333333333,40.014102564102565,False,False,False,False,False,True,96.478,92.13867625079448,4.339323749205519
2026,Silverstone,R,BOR,5,Audi,37.0,2.0,HARD,11.0,True,94.507,29.938,38.596,25.973,10.0,1,True,False,True,64.8,8.5,24.758333333333333,40.014102564102565,False,False,False,False,False,True,96.45100000000001,92.13867625079448,4.312323749205532
2026,Silverstone,R,BOR,5,Audi,40.0,2.0,HARD,14.0,True,94.412,29.93,38.369,26.113,10.0,1,True,False,True,70.2,8.5,24.758333333333333,40.014102564102565,False,False,False,False,False,True,96.518,92.13867625079448,4.3793237492055255
2026,Silverstone,R,BOR,5,Audi,41.0,2.0,HARD,15.0,True,94.648,29.953,38.777,25.918,10.0,1,True,False,True,72.0,8.5,24.758333333333333,40.014102564102565,False,False,False,False,False,True,96.80799999999999,92.13867625079448,4.6693237492055175
2026,Silverstone,R,BOR,5,Audi,42.0,2.0,HARD,16.0,True,94.452,29.801,38.677,25.974,10.0,1,True,False,True,73.8,8.5,24.758333333333333,40.014102564102565,False,False,False,False,False,True,96.666,92.13867625079448,4.527323749205522
2026,Silverstone,R,BOR,5,Audi,43.0,2.0,HARD,17.0,True,94.658,29.965,38.697,25.996,10.0,1,True,False,True,75.60000000000001,8.5,24.758333333333333,40.014102564102565,False,False,False,False,False,True,96.926,92.13867625079448,4.787323749205527
2026,Silverstone,R,BOR,5,Audi,44.0,2.0,HARD,18.0,True,94.402,29.968,38.495,25.939,9.0,1,True,False,True,77.4,8.5,24.758333333333333,40.014102564102565,False,False,False,False,False,True,96.724,92.13867625079448,4.5853237492055285
2026,Silverstone,R,BOR,5,Audi,45.0,2.0,HARD,19.0,True,94.239,29.843,38.525,25.871,9.0,1,True,False,True,79.2,8.5,24.758333333333333,40.014102564102565,False,False,False,False,False,True,96.61500000000001,92.13867625079448,4.476323749205534
2026,Silverstone,R,BOR,5,Audi,46.0,2.0,HARD,20.0,True,94.538,29.915,38.558,26.065,9.0,1,True,False,True,81.0,8.5,24.758333333333333,40.014102564102565,False,False,False,False,False,True,96.96799999999999,92.13867625079448,4.829323749205514
2026,Silverstone,R,SAI,55,Williams,3.0,1.0,MEDIUM,3.0,True,96.47,30.254,39.468,26.748,10.0,1,True,False,True,3.6,8.5,24.758333333333333,40.014102564102565,False,False,False,False,False,True,96.578,91.72335749127973,4.854642508720275
2026,Silverstone,R,SAI,55,Williams,4.0,1.0,MEDIUM,4.0,True,96.292,30.356,39.349,26.587,10.0,1,True,False,True,5.4,8.5,24.758333333333333,40.014102564102565,False,False,False,False,False,True,96.45400000000001,91.72335749127973,4.73064250872028
2026,Silverstone,R,SAI,55,Williams,5.0,1.0,MEDIUM,5.0,True,98.075,30.71,39.812,27.553,11.0,1,True,False,True,7.2,8.5,24.758333333333333,40.014102564102565,False,False,False,False,False,True,98.291,91.72335749127973,6.567642508720269
2026,Silverstone,R,SAI,55,Williams,6.0,1.0,MEDIUM,6.0,True,97.424,30.479,39.556,27.389,12.0,1,True,False,True,9.0,8.5,24.758333333333333,40.014102564102565,False,False,False,False,False,True,97.694,91.72335749127973,5.970642508720275
2026,Silverstone,R,SAI,55,Williams,7.0,1.0,MEDIUM,7.0,True,97.155,30.451,39.366,27.338,12.0,1,True,False,True,10.8,8.5,24.758333333333333,40.014102564102565,False,False,False,False,False,True,97.479,91.72335749127973,5.755642508720271
2026,Silverstone,R,SAI,55,Williams,8.0,1.0,MEDIUM,8.0,True,97.177,30.258,39.657,27.262,12.0,1,True,False,True,12.6,8.5,24.758333333333333,40.014102564102565,False,False,False,False,False,True,97.555,91.72335749127973,5.831642508720279
2026,Silverstone,R,SAI,55,Williams,9.0,1.0,MEDIUM,9.0,True,97.749,30.977,39.7,27.072,13.0,1,True,False,True,14.4,8.5,24.758333333333333,40.014102564102565,False,False,False,False,False,True,98.181,91.72335749127973,6.457642508720269
2026,Silverstone,R,SAI,55,Williams,10.0,1.0,MEDIUM,10.0,True,97.881,30.959,40.115,26.807,13.0,1,True,False,True,16.2,8.5,24.758333333333333,40.014102564102565,False,False,False,False,False,True,98.367,91.72335749127973,6.643642508720276
2026,Silverstone,R,SAI,55,Williams,11.0,1.0,MEDIUM,11.0,True,96.954,30.584,39.638,26.732,13.0,1,True,False,True,18.0,8.5,24.758333333333333,40.014102564102565,False,False,False,False,False,True,97.494,91.72335749127973,5.770642508720272
2026,Silverstone,R,SAI,55,Williams,12.0,1.0,MEDIUM,12.0,True,96.976,30.56,39.697,26.719,13.0,1,True,False,True,19.8,8.5,24.758333333333333,40.014102564102565,False,False,False,False,False,True,97.57,91.72335749127973,5.846642508720265
2026,Silverstone,R,SAI,55,Williams,13.0,1.0,MEDIUM,13.0,True,96.635,30.455,39.517,26.663,13.0,1,True,False,True,21.6,8.5,24.758333333333333,40.014102564102565,False,False,False,False,False,True,97.283,91.72335749127973,5.559642508720273
2026,Silverstone,R,SAI,55,Williams,14.0,1.0,MEDIUM,14.0,True,96.051,30.146,39.37,26.535,13.0,1,True,False,True,23.400000000000002,8.5,24.758333333333333,40.014102564102565,False,False,False,False,False,True,96.753,91.72335749127973,5.029642508720272
2026,Silverstone,R,SAI,55,Williams,15.0,1.0,MEDIUM,15.0,True,96.383,30.243,39.584,26.556,13.0,1,True,False,True,25.2,8.5,24.758333333333333,40.014102564102565,False,False,False,False,False,True,97.139,91.72335749127973,5.415642508720268
2026,Silverstone,R,SAI,55,Williams,16.0,1.0,MEDIUM,16.0,True,96.554,30.453,39.615,26.486,13.0,1,True,False,True,27.0,8.5,24.758333333333333,40.014102564102565,False,False,False,False,False,True,97.364,91.72335749127973,5.640642508720276
2026,Silverstone,R,SAI,55,Williams,17.0,1.0,MEDIUM,17.0,True,96.586,30.119,39.569,26.898,13.0,1,True,False,True,28.8,8.5,24.758333333333333,40.014102564102565,False,False,False,False,False,True,97.45,91.72335749127973,5.726642508720275
2026,Silverstone,R,SAI,55,Williams,18.0,1.0,MEDIUM,18.0,True,96.657,30.422,39.39,26.845,13.0,1,True,False,True,30.6,8.5,24.758333333333333,40.014102564102565,False,False,False,False,False,True,97.575,91.72335749127973,5.851642508720275
2026,Silverstone,R,SAI,55,Williams,19.0,1.0,MEDIUM,19.0,True,96.288,30.239,39.468,26.581,13.0,1,True,False,True,32.4,8.5,24.758333333333333,40.014102564102565,False,False,False,False,False,True,97.25999999999999,91.72335749127973,5.536642508720263
2026,Silverstone,R,SAI,55,Williams,22.0,2.0,HARD,2.0,True,95.449,30.598,38.711,26.14,14.0,1,True,False,True,37.800000000000004,8.5,24.758333333333333,40.014102564102565,False,False,False,False,False,True,96.583,92.13867625079448,4.444323749205523
2026,Silverstone,R,SAI,55,Williams,23.0,2.0,HARD,3.0,True,94.923,30.087,38.562,26.274,14.0,1,True,False,True,39.6,8.5,24.758333333333333,40.014102564102565,False,False,False,False,False,True,96.111,92.13867625079448,3.972323749205529
2026,Silverstone,R,SAI,55,Williams,24.0,2.0,HARD,4.0,True,96.537,30.238,39.828,26.471,13.0,1,True,False,True,41.4,8.5,24.758333333333333,40.014102564102565,False,False,False,False,False,True,97.77900000000001,92.13867625079448,5.640323749205535
2026,Silverstone,R,SAI,55,Williams,25.0,2.0,HARD,5.0,True,96.742,30.437,39.231,27.074,15.0,1,True,False,True,43.2,8.5,24.758333333333333,40.014102564102565,False,False,False,False,False,True,98.03800000000001,92.13867625079448,5.899323749205536
2026,Silverstone,R,SAI,55,Williams,26.0,2.0,HARD,6.0,True,95.549,30.032,39.111,26.406,15.0,1,True,False,True,45.0,8.5,24.758333333333333,40.014102564102565,False,False,False,False,False,True,96.899,92.13867625079448,4.760323749205526
2026,Silverstone,R,SAI,55,Williams,27.0,2.0,HARD,7.0,True,95.707,29.917,39.167,26.623,15.0,1,True,False,True,46.800000000000004,8.5,24.758333333333333,40.014102564102565,False,False,False,False,False,True,97.11099999999999,92.13867625079448,4.972323749205515
2026,Silverstone,R,SAI,55,Williams,28.0,2.0,HARD,8.0,True,95.769,30.16,38.974,26.635,14.0,1,True,False,True,48.6,8.5,24.758333333333333,40.014102564102565,False,False,False,False,False,True,97.227,92.13867625079448,5.088323749205529
2026,Silverstone,R,SAI,55,Williams,29.0,2.0,HARD,9.0,True,95.453,30.263,38.827,26.363,14.0,1,True,False,True,50.4,8.5,24.758333333333333,40.014102564102565,False,False,False,False,False,True,96.965,92.13867625079448,4.826323749205528
2026,Silverstone,R,SAI,55,Williams,30.0,2.0,HARD,10.0,True,95.522,30.236,38.931,26.355,14.0,1,True,False,True,52.2,8.5,24.758333333333333,40.014102564102565,False,False,False,False,False,True,97.08800000000001,92.13867625079448,4.949323749205533
2026,Silverstone,R,SAI,55,Williams,31.0,2.0,HARD,11.0,True,95.62,30.123,39.146,26.351,14.0,1,True,False,True,54.0,8.5,24.758333333333333,40.014102564102565,False,False,False,False,False,True,97.24000000000001,92.13867625079448,5.101323749205534
2026,Silverstone,R,SAI,55,Williams,32.0,2.0,HARD,12.0,True,97.184,30.568,40.01,26.606,14.0,1,True,False,True,55.800000000000004,8.5,24.758333333333333,40.014102564102565,False,False,False,False,False,True,98.858,92.13867625079448,6.719323749205529
2026,Silverstone,R,SAI,55,Williams,33.0,2.0,HARD,13.0,True,96.566,30.181,39.159,27.226,15.0,1,True,False,True,57.6,8.5,24.758333333333333,40.014102564102565,False,False,False,False,False,True,98.294,92.13867625079448,6.155323749205522
2026,Silverstone,R,SAI,55,Williams,34.0,2.0,HARD,14.0,True,97.358,30.134,40.251,26.973,15.0,1,True,False,True,59.4,8.5,24.758333333333333,40.014102564102565,False,False,False,False,False,True,99.14,92.13867625079448,7.001323749205525
2026,Silverstone,R,SAI,55,Williams,35.0,2.0,HARD,15.0,True,95.775,30.185,39.248,26.342,14.0,1,True,False,True,61.2,8.5,24.758333333333333,40.014102564102565,False,False,False,False,False,True,97.611,92.13867625079448,5.472323749205529
2026,Silverstone,R,SAI,55,Williams,36.0,2.0,HARD,16.0,True,96.697,30.158,40.293,26.246,14.0,1,True,False,True,63.0,8.5,24.758333333333333,40.014102564102565,False,False,False,False,False,True,98.587,92.13867625079448,6.448323749205528
2026,Silverstone,R,SAI,55,Williams,39.0,2.0,HARD,19.0,True,95.26,30.04,38.878,26.342,13.0,1,True,False,True,68.4,8.5,24.758333333333333,40.014102564102565,False,False,False,False,False,True,97.31200000000001,92.13867625079448,5.173323749205537
2026,Silverstone,R,SAI,55,Williams,40.0,2.0,HARD,20.0,True,95.542,30.162,39.043,26.337,13.0,1,True,False,True,70.2,8.5,24.758333333333333,40.014102564102565,False,False,False,False,False,True,97.648,92.13867625079448,5.509323749205521
2026,Silverstone,R,SAI,55,Williams,41.0,2.0,HARD,21.0,True,95.553,30.017,39.18,26.356,13.0,1,True,False,True,72.0,8.5,24.758333333333333,40.014102564102565,False,False,False,False,False,True,97.713,92.13867625079448,5.574323749205519
2026,Silverstone,R,SAI,55,Williams,42.0,2.0,HARD,22.0,True,95.085,29.768,38.921,26.396,13.0,1,True,False,True,73.8,8.5,24.758333333333333,40.014102564102565,False,False,False,False,False,True,97.29899999999999,92.13867625079448,5.160323749205517
2026,Silverstone,R,SAI,55,Williams,43.0,2.0,HARD,23.0,True,95.666,29.842,39.415,26.409,13.0,1,True,False,True,75.60000000000001,8.5,24.758333333333333,40.014102564102565,False,False,False,False,False,True,97.934,92.13867625079448,5.795323749205522
2026,Silverstone,R,SAI,55,Williams,44.0,2.0,HARD,24.0,True,96.988,30.461,39.718,26.809,14.0,1,True,False,True,77.4,8.5,24.758333333333333,40.014102564102565,False,False,False,False,False,True,99.31,92.13867625079448,7.171323749205527
2026,Silverstone,R,SAI,55,Williams,45.0,2.0,HARD,25.0,True,95.6,30.122,39.103,26.375,14.0,1,True,False,True,79.2,8.5,24.758333333333333,40.014102564102565,False,False,False,False,False,True,97.976,92.13867625079448,5.837323749205524
2026,Silverstone,R,HAD,6,Red Bull Racing,3.0,1.0,MEDIUM,3.0,True,96.372,30.737,39.556,26.079,6.0,1,True,False,True,3.6,8.5,24.758333333333333,40.014102564102565,False,False,False,False,False,True,96.48,91.72335749127973,4.756642508720276
2026,Silverstone,R,HAD,6,Red Bull Racing,4.0,1.0,MEDIUM,4.0,True,94.846,29.919,38.927,26.0,6.0,1,True,False,True,5.4,8.5,24.758333333333333,40.014102564102565,False,False,False,False,False,True,95.00800000000001,91.72335749127973,3.2846425087202817
2026,Silverstone,R,HAD,6,Red Bull Racing,5.0,1.0,MEDIUM,5.0,True,95.002,30.016,38.833,26.153,6.0,1,True,False,True,7.2,8.5,24.758333333333333,40.014102564102565,False,False,False,False,False,True,95.21799999999999,91.72335749127973,3.4946425087202613
2026,Silverstone,R,HAD,6,Red Bull Racing,6.0,1.0,MEDIUM,6.0,True,94.531,29.878,38.67,25.983,6.0,1,True,False,True,9.0,8.5,24.758333333333333,40.014102564102565,False,False,False,False,False,True,94.801,91.72335749127973,3.077642508720274
2026,Silverstone,R,HAD,6,Red Bull Racing,7.0,1.0,MEDIUM,7.0,True,94.882,29.959,38.81,26.113,6.0,1,True,False,True,10.8,8.5,24.758333333333333,40.014102564102565,False,False,False,False,False,True,95.206,91.72335749127973,3.482642508720275
2026,Silverstone,R,HAD,6,Red Bull Racing,8.0,1.0,MEDIUM,8.0,True,95.17,30.257,38.892,26.021,6.0,1,True,False,True,12.6,8.5,24.758333333333333,40.014102564102565,False,False,False,False,False,True,95.548,91.72335749127973,3.824642508720274
2026,Silverstone,R,HAD,6,Red Bull Racing,9.0,1.0,MEDIUM,9.0,True,95.34,30.295,39.008,26.037,6.0,1,True,False,True,14.4,8.5,24.758333333333333,40.014102564102565,False,False,False,False,False,True,95.772,91.72335749127973,4.0486425087202775
2026,Silverstone,R,HAD,6,Red Bull Racing,10.0,1.0,MEDIUM,10.0,True,95.537,30.313,39.133,26.091,6.0,1,True,False,True,16.2,8.5,24.758333333333333,40.014102564102565,False,False,False,False,False,True,96.02300000000001,91.72335749127973,4.299642508720282
2026,Silverstone,R,HAD,6,Red Bull Racing,11.0,1.0,MEDIUM,11.0,True,95.653,30.168,39.198,26.287,6.0,1,True,False,True,18.0,8.5,24.758333333333333,40.014102564102565,False,False,False,False,False,True,96.19300000000001,91.72335749127973,4.469642508720284
2026,Silverstone,R,HAD,6,Red Bull Racing,12.0,1.0,MEDIUM,12.0,True,95.565,30.294,39.059,26.212,6.0,1,True,False,True,19.8,8.5,24.758333333333333,40.014102564102565,False,False,False,False,False,True,96.15899999999999,91.72335749127973,4.435642508720264
2026,Silverstone,R,HAD,6,Red Bull Racing,13.0,1.0,MEDIUM,13.0,True,95.336,30.227,39.052,26.057,6.0,1,True,False,True,21.6,8.5,24.758333333333333,40.014102564102565,False,False,False,False,False,True,95.984,91.72335749127973,4.260642508720267
2026,Silverstone,R,HAD,6,Red Bull Racing,14.0,1.0,MEDIUM,14.0,True,95.029,30.044,39.071,25.914,6.0,1,True,False,True,23.400000000000002,8.5,24.758333333333333,40.014102564102565,False,False,False,False,False,True,95.731,91.72335749127973,4.0076425087202665
2026,Silverstone,R,HAD,6,Red Bull Racing,15.0,1.0,MEDIUM,15.0,True,95.305,30.041,39.163,26.101,6.0,1,True,False,True,25.2,8.5,24.758333333333333,40.014102564102565,False,False,False,False,False,True,96.061,91.72335749127973,4.337642508720279
2026,Silverstone,R,HAD,6,Red Bull Racing,16.0,1.0,MEDIUM,16.0,True,95.184,30.213,38.964,26.007,6.0,1,True,False,True,27.0,8.5,24.758333333333333,40.014102564102565,False,False,False,False,False,True,95.994,91.72335749127973,4.270642508720272
2026,Silverstone,R,HAD,6,Red Bull Racing,17.0,1.0,MEDIUM,17.0,True,95.382,30.104,38.943,26.335,6.0,1,True,False,True,28.8,8.5,24.758333333333333,40.014102564102565,False,False,False,False,False,True,96.24600000000001,91.72335749127973,4.522642508720281
2026,Silverstone,R,HAD,6,Red Bull Racing,18.0,1.0,MEDIUM,18.0,True,95.024,30.015,38.847,26.162,5.0,1,True,False,True,30.6,8.5,24.758333333333333,40.014102564102565,False,False,False,False,False,True,95.94200000000001,91.72335749127973,4.218642508720279
2026,Silverstone,R,HAD,6,Red Bull Racing,23.0,2.0,HARD,4.0,True,94.73,30.119,38.696,25.915,8.0,1,True,False,True,39.6,8.5,24.758333333333333,40.014102564102565,False,False,False,False,False,True,95.918,92.13867625079448,3.779323749205531
2026,Silverstone,R,HAD,6,Red Bull Racing,24.0,2.0,HARD,5.0,True,94.502,29.906,38.546,26.05,8.0,1,True,False,True,41.4,8.5,24.758333333333333,40.014102564102565,False,False,False,False,False,True,95.744,92.13867625079448,3.6053237492055246
2026,Silverstone,R,HAD,6,Red Bull Racing,25.0,2.0,HARD,6.0,True,94.33,29.934,38.79,25.606,7.0,1,True,False,True,43.2,8.5,24.758333333333333,40.014102564102565,False,False,False,False,False,True,95.626,92.13867625079448,3.4873237492055296
2026,Silverstone,R,HAD,6,Red Bull Racing,26.0,2.0,HARD,7.0,True,94.704,30.01,38.432,26.262,7.0,1,True,False,True,45.0,8.5,24.758333333333333,40.014102564102565,False,False,False,False,False,True,96.05399999999999,92.13867625079448,3.9153237492055126
2026,Silverstone,R,HAD,6,Red Bull Racing,27.0,2.0,HARD,8.0,True,94.636,29.955,38.735,25.946,7.0,1,True,False,True,46.800000000000004,8.5,24.758333333333333,40.014102564102565,False,False,False,False,False,True,96.03999999999999,92.13867625079448,3.901323749205517
2026,Silverstone,R,HAD,6,Red Bull Racing,28.0,2.0,HARD,9.0,True,94.243,29.869,38.43,25.944,7.0,1,True,False,True,48.6,8.5,24.758333333333333,40.014102564102565,False,False,False,False,False,True,95.701,92.13867625079448,3.562323749205518
2026,Silverstone,R,HAD,6,Red Bull Racing,29.0,2.0,HARD,10.0,True,93.941,29.957,38.322,25.662,6.0,1,True,False,True,50.4,8.5,24.758333333333333,40.014102564102565,False,False,False,False,False,True,95.453,92.13867625079448,3.3143237492055277
2026,Silverstone,R,HAD,6,Red Bull Racing,30.0,2.0,HARD,11.0,True,94.877,30.189,38.926,25.762,7.0,1,True,False,True,52.2,8.5,24.758333333333333,40.014102564102565,False,False,False,False,False,True,96.443,92.13867625079448,4.304323749205523
2026,Silverstone,R,HAD,6,Red Bull Racing,31.0,2.0,HARD,12.0,True,94.725,30.048,38.681,25.996,7.0,1,True,False,True,54.0,8.5,24.758333333333333,40.014102564102565,False,False,False,False,False,True,96.345,92.13867625079448,4.206323749205524
2026,Silverstone,R,HAD,6,Red Bull Racing,32.0,2.0,HARD,13.0,True,94.843,30.105,38.665,26.073,7.0,1,True,False,True,55.800000000000004,8.5,24.758333333333333,40.014102564102565,False,False,False,False,False,True,96.51700000000001,92.13867625079448,4.378323749205535
2026,Silverstone,R,HAD,6,Red Bull Racing,33.0,2.0,HARD,14.0,True,94.76,29.892,38.705,26.163,7.0,1,True,False,True,57.6,8.5,24.758333333333333,40.014102564102565,False,False,False,False,False,True,96.488,92.13867625079448,4.349323749205524
2026,Silverstone,R,HAD,6,Red Bull Racing,34.0,2.0,HARD,15.0,True,94.324,29.946,38.438,25.94,7.0,1,True,False,True,59.4,8.5,24.758333333333333,40.014102564102565,False,False,False,False,False,True,96.106,92.13867625079448,3.9673237492055193
2026,Silverstone,R,HAD,6,Red Bull Racing,35.0,2.0,HARD,16.0,True,94.26,30.006,38.35,25.904,6.0,1,True,False,True,61.2,8.5,24.758333333333333,40.014102564102565,False,False,False,False,False,True,96.096,92.13867625079448,3.9573237492055284
2026,Silverstone,R,HAD,6,Red Bull Racing,36.0,2.0,HARD,17.0,True,94.961,30.062,38.924,25.975,7.0,1,True,False,True,63.0,8.5,24.758333333333333,40.014102564102565,False,False,False,False,False,True,96.851,92.13867625079448,4.712323749205524
2026,Silverstone,R,HAD,6,Red Bull Racing,37.0,2.0,HARD,18.0,True,94.324,30.012,38.39,25.922,7.0,1,True,False,True,64.8,8.5,24.758333333333333,40.014102564102565,False,False,False,False,False,True,96.268,92.13867625079448,4.1293237492055255
2026,Silverstone,R,HAD,6,Red Bull Racing,40.0,3.0,MEDIUM,2.0,True,92.268,29.517,37.38,25.371,7.0,1,True,False,True,70.2,8.5,24.758333333333333,40.014102564102565,False,False,False,False,False,True,94.374,91.72335749127973,2.650642508720267
2026,Silverstone,R,HAD,6,Red Bull Racing,41.0,3.0,MEDIUM,3.0,True,92.697,29.653,37.631,25.413,7.0,1,True,False,True,72.0,8.5,24.758333333333333,40.014102564102565,False,False,False,False,False,True,94.857,91.72335749127973,3.1336425087202713
2026,Silverstone,R,HAD,6,Red Bull Racing,42.0,3.0,MEDIUM,4.0,True,92.919,29.649,37.781,25.489,7.0,1,True,False,True,73.8,8.5,24.758333333333333,40.014102564102565,False,False,False,False,False,True,95.133,91.72335749127973,3.4096425087202675
2026,Silverstone,R,HAD,6,Red Bull Racing,43.0,3.0,MEDIUM,5.0,True,92.895,29.67,37.749,25.476,6.0,1,True,False,True,75.60000000000001,8.5,24.758333333333333,40.014102564102565,False,False,False,False,False,True,95.163,91.72335749127973,3.4396425087202687
2026,Silverstone,R,HAD,6,Red Bull Racing,44.0,3.0,MEDIUM,6.0,True,92.693,29.633,37.689,25.371,6.0,1,True,False,True,77.4,8.5,24.758333333333333,40.014102564102565,False,False,False,False,False,True,95.015,91.72335749127973,3.2916425087202725
2026,Silverstone,R,HAD,6,Red Bull Racing,45.0,3.0,MEDIUM,7.0,True,92.481,29.644,37.454,25.383,6.0,1,True,False,True,79.2,8.5,24.758333333333333,40.014102564102565,False,False,False,False,False,True,94.857,91.72335749127973,3.1336425087202713
2026,Silverstone,R,HAD,6,Red Bull Racing,46.0,3.0,MEDIUM,8.0,True,93.072,29.634,37.925,25.513,6.0,1,True,False,True,81.0,8.5,24.758333333333333,40.014102564102565,False,False,False,False,False,True,95.50200000000001,91.72335749127973,3.7786425087202815
2026,Silverstone,R,RUS,63,Mercedes,3.0,1.0,MEDIUM,3.0,True,94.725,30.147,38.492,26.086,4.0,1,True,False,True,3.6,8.5,24.758333333333333,40.014102564102565,False,False,False,False,False,True,94.833,91.72335749127973,3.1096425087202704
2026,Silverstone,R,RUS,63,Mercedes,4.0,1.0,MEDIUM,4.0,True,94.598,30.285,38.353,25.96,4.0,1,True,False,True,5.4,8.5,24.758333333333333,40.014102564102565,False,False,False,False,False,True,94.76,91.72335749127973,3.036642508720277
2026,Silverstone,R,RUS,63,Mercedes,5.0,1.0,MEDIUM,5.0,True,94.769,30.342,38.463,25.964,4.0,1,True,False,True,7.2,8.5,24.758333333333333,40.014102564102565,False,False,False,False,False,True,94.985,91.72335749127973,3.2616425087202714
2026,Silverstone,R,RUS,63,Mercedes,6.0,1.0,MEDIUM,6.0,True,94.872,30.412,38.435,26.025,4.0,1,True,False,True,9.0,8.5,24.758333333333333,40.014102564102565,False,False,False,False,False,True,95.142,91.72335749127973,3.418642508720268
2026,Silverstone,R,RUS,63,Mercedes,7.0,1.0,MEDIUM,7.0,True,94.469,30.133,38.329,26.007,4.0,1,True,False,True,10.8,8.5,24.758333333333333,40.014102564102565,False,False,False,False,False,True,94.79299999999999,91.72335749127973,3.069642508720264
2026,Silverstone,R,RUS,63,Mercedes,8.0,1.0,MEDIUM,8.0,True,94.797,30.302,38.518,25.977,4.0,1,True,False,True,12.6,8.5,24.758333333333333,40.014102564102565,False,False,False,False,False,True,95.175,91.72335749127973,3.451642508720269
2026,Silverstone,R,RUS,63,Mercedes,9.0,1.0,MEDIUM,9.0,True,95.043,30.523,38.432,26.088,4.0,1,True,False,True,14.4,8.5,24.758333333333333,40.014102564102565,False,False,False,False,False,True,95.47500000000001,91.72335749127973,3.7516425087202805
2026,Silverstone,R,RUS,63,Mercedes,10.0,1.0,MEDIUM,10.0,True,95.047,30.569,38.497,25.981,4.0,1,True,False,True,16.2,8.5,24.758333333333333,40.014102564102565,False,False,False,False,False,True,95.533,91.72335749127973,3.809642508720273
2026,Silverstone,R,RUS,63,Mercedes,11.0,1.0,MEDIUM,11.0,True,95.107,30.377,38.603,26.127,4.0,1,True,False,True,18.0,8.5,24.758333333333333,40.014102564102565,False,False,False,False,False,True,95.647,91.72335749127973,3.9236425087202775
2026,Silverstone,R,RUS,63,Mercedes,12.0,1.0,MEDIUM,12.0,True,94.961,30.358,38.444,26.159,4.0,1,True,False,True,19.8,8.5,24.758333333333333,40.014102564102565,False,False,False,False,False,True,95.55499999999999,91.72335749127973,3.8316425087202646
2026,Silverstone,R,RUS,63,Mercedes,13.0,1.0,MEDIUM,13.0,True,95.077,30.443,38.633,26.001,4.0,1,True,False,True,21.6,8.5,24.758333333333333,40.014102564102565,False,False,False,False,False,True,95.725,91.72335749127973,4.001642508720266
2026,Silverstone,R,RUS,63,Mercedes,14.0,1.0,MEDIUM,14.0,True,94.708,30.153,38.679,25.876,4.0,1,True,False,True,23.400000000000002,8.5,24.758333333333333,40.014102564102565,False,False,False,False,False,True,95.41,91.72335749127973,3.6866425087202686
2026,Silverstone,R,RUS,63,Mercedes,15.0,1.0,MEDIUM,15.0,True,94.564,30.197,38.664,25.703,4.0,1,True,False,True,25.2,8.5,24.758333333333333,40.014102564102565,False,False,False,False,False,True,95.32,91.72335749127973,3.596642508720265
2026,Silverstone,R,RUS,63,Mercedes,16.0,1.0,MEDIUM,16.0,True,94.867,30.339,38.684,25.844,4.0,1,True,False,True,27.0,8.5,24.758333333333333,40.014102564102565,False,False,False,False,False,True,95.677,91.72335749127973,3.9536425087202787
2026,Silverstone,R,RUS,63,Mercedes,17.0,1.0,MEDIUM,17.0,True,95.783,30.232,39.506,26.045,5.0,1,True,False,True,28.8,8.5,24.758333333333333,40.014102564102565,False,False,False,False,False,True,96.647,91.72335749127973,4.9236425087202775
2026,Silverstone,R,RUS,63,Mercedes,18.0,1.0,MEDIUM,18.0,True,95.196,30.832,38.395,25.969,4.0,1,True,False,True,30.6,8.5,24.758333333333333,40.014102564102565,False,False,False,False,False,True,96.114,91.72335749127973,4.390642508720276
2026,Silverstone,R,RUS,63,Mercedes,19.0,1.0,MEDIUM,19.0,True,94.581,30.325,38.301,25.955,4.0,1,True,False,True,32.4,8.5,24.758333333333333,40.014102564102565,False,False,False,False,False,True,95.553,91.72335749127973,3.8296425087202692
2026,Silverstone,R,RUS,63,Mercedes,20.0,1.0,MEDIUM,20.0,True,94.553,30.336,38.335,25.882,4.0,1,True,False,True,34.2,8.5,24.758333333333333,40.014102564102565,False,False,False,False,False,True,95.579,91.72335749127973,3.8556425087202655
2026,Silverstone,R,RUS,63,Mercedes,21.0,1.0,MEDIUM,21.0,True,94.405,30.21,38.257,25.938,4.0,1,True,False,True,36.0,8.5,24.758333333333333,40.014102564102565,False,False,False,False,False,True,95.485,91.72335749127973,3.7616425087202714
2026,Silverstone,R,RUS,63,Mercedes,25.0,2.0,HARD,2.0,True,92.758,29.67,37.571,25.517,5.0,1,True,False,True,43.2,8.5,24.758333333333333,40.014102564102565,False,False,False,False,False,True,94.054,92.13867625079448,1.9153237492055268
2026,Silverstone,R,RUS,63,Mercedes,26.0,2.0,HARD,3.0,True,92.807,29.621,37.778,25.408,5.0,1,True,False,True,45.0,8.5,24.758333333333333,40.014102564102565,False,False,False,False,False,True,94.157,92.13867625079448,2.0183237492055213
2026,Silverstone,R,RUS,63,Mercedes,27.0,2.0,HARD,4.0,True,92.953,29.85,37.769,25.334,5.0,1,True,False,True,46.800000000000004,8.5,24.758333333333333,40.014102564102565,False,False,False,False,False,True,94.357,92.13867625079448,2.218323749205524
2026,Silverstone,R,RUS,63,Mercedes,28.0,2.0,HARD,5.0,True,93.108,29.677,37.886,25.545,5.0,1,True,False,True,48.6,8.5,24.758333333333333,40.014102564102565,False,False,False,False,False,True,94.566,92.13867625079448,2.4273237492055273
2026,Silverstone,R,RUS,63,Mercedes,29.0,2.0,HARD,6.0,True,94.497,29.68,39.267,25.55,4.0,1,True,False,True,50.4,8.5,24.758333333333333,40.014102564102565,False,False,False,False,False,True,96.009,92.13867625079448,3.870323749205525
2026,Silverstone,R,RUS,63,Mercedes,30.0,2.0,HARD,7.0,True,93.734,29.925,37.887,25.922,4.0,1,True,False,True,52.2,8.5,24.758333333333333,40.014102564102565,False,False,False,False,False,True,95.3,92.13867625079448,3.161323749205522
2026,Silverstone,R,RUS,63,Mercedes,31.0,2.0,HARD,8.0,True,93.895,30.015,38.129,25.751,4.0,1,True,False,True,54.0,8.5,24.758333333333333,40.014102564102565,False,False,False,False,False,True,95.515,92.13867625079448,3.3763237492055254
2026,Silverstone,R,RUS,63,Mercedes,32.0,2.0,HARD,9.0,True,94.015,30.07,38.057,25.888,4.0,1,True,False,True,55.800000000000004,8.5,24.758333333333333,40.014102564102565,False,False,False,False,False,True,95.68900000000001,92.13867625079448,3.550323749205532
2026,Silverstone,R,RUS,63,Mercedes,33.0,2.0,HARD,10.0,True,94.18,29.934,38.29,25.956,4.0,1,True,False,True,57.6,8.5,24.758333333333333,40.014102564102565,False,False,False,False,False,True,95.908,92.13867625079448,3.769323749205526
2026,Silverstone,R,RUS,63,Mercedes,36.0,3.0,MEDIUM,8.0,False,92.489,29.639,37.384,25.466,6.0,1,True,False,True,63.0,8.5,24.758333333333333,40.014102564102565,False,False,False,False,False,True,94.379,91.72335749127973,2.655642508720277
2026,Silverstone,R,RUS,63,Mercedes,37.0,3.0,MEDIUM,9.0,False,92.498,29.695,37.379,25.424,6.0,1,True,False,True,64.8,8.5,24.758333333333333,40.014102564102565,False,False,False,False,False,True,94.44200000000001,91.72335749127973,2.7186425087202792
2026,Silverstone,R,RUS,63,Mercedes,40.0,3.0,MEDIUM,12.0,False,92.583,29.607,37.46,25.516,5.0,1,True,False,True,70.2,8.5,24.758333333333333,40.014102564102565,False,False,False,False,False,True,94.689,91.72335749127973,2.965642508720265
2026,Silverstone,R,RUS,63,Mercedes,41.0,3.0,MEDIUM,13.0,False,92.732,29.786,37.556,25.39,5.0,1,True,False,True,72.0,8.5,24.758333333333333,40.014102564102565,False,False,False,False,False,True,94.892,91.72335749127973,3.168642508720268
2026,Silverstone,R,RUS,63,Mercedes,42.0,3.0,MEDIUM,14.0,False,92.686,29.755,37.46,25.471,4.0,1,True,False,True,73.8,8.5,24.758333333333333,40.014102564102565,False,False,False,False,False,True,94.9,91.72335749127973,3.1766425087202776
2026,Silverstone,R,RUS,63,Mercedes,43.0,3.0,MEDIUM,15.0,False,92.755,29.657,37.409,25.689,4.0,1,True,False,True,75.60000000000001,8.5,24.758333333333333,40.014102564102565,False,False,False,False,False,True,95.023,91.72335749127973,3.299642508720268
2026,Silverstone,R,RUS,63,Mercedes,44.0,3.0,MEDIUM,16.0,False,92.491,29.681,37.277,25.533,4.0,1,True,False,True,77.4,8.5,24.758333333333333,40.014102564102565,False,False,False,False,False,True,94.813,91.72335749127973,3.0896425087202743
2026,Silverstone,R,RUS,63,Mercedes,45.0,3.0,MEDIUM,17.0,False,93.142,29.67,37.724,25.748,4.0,1,True,False,True,79.2,8.5,24.758333333333333,40.014102564102565,False,False,False,False,False,True,95.518,91.72335749127973,3.7946425087202726
2026,Silverstone,R,RUS,63,Mercedes,46.0,3.0,MEDIUM,18.0,False,92.986,29.703,37.579,25.704,4.0,1,True,False,True,81.0,8.5,24.758333333333333,40.014102564102565,False,False,False,False,False,True,95.416,91.72335749127973,3.692642508720269
2026,Silverstone,R,BOT,77,Cadillac,3.0,1.0,MEDIUM,3.0,True,97.527,30.84,39.779,26.908,16.0,1,True,False,True,3.6,8.5,24.758333333333333,40.014102564102565,False,False,False,False,False,True,97.635,91.72335749127973,5.911642508720277
2026,Silverstone,R,BOT,77,Cadillac,4.0,1.0,MEDIUM,4.0,True,97.283,30.729,39.662,26.892,16.0,1,True,False,True,5.4,8.5,24.758333333333333,40.014102564102565,False,False,False,False,False,True,97.44500000000001,91.72335749127973,5.721642508720279
2026,Silverstone,R,BOT,77,Cadillac,5.0,1.0,MEDIUM,5.0,True,97.157,30.567,39.846,26.744,16.0,1,True,False,True,7.2,8.5,24.758333333333333,40.014102564102565,False,False,False,False,False,True,97.37299999999999,91.72335749127973,5.649642508720262
2026,Silverstone,R,BOT,77,Cadillac,6.0,1.0,MEDIUM,6.0,True,98.028,30.643,39.707,27.678,17.0,1,True,False,True,9.0,8.5,24.758333333333333,40.014102564102565,False,False,False,False,False,True,98.298,91.72335749127973,6.574642508720274
2026,Silverstone,R,BOT,77,Cadillac,7.0,1.0,MEDIUM,7.0,True,98.414,30.995,39.947,27.472,18.0,1,True,False,True,10.8,8.5,24.758333333333333,40.014102564102565,False,False,False,False,False,True,98.738,91.72335749127973,7.0146425087202715
2026,Silverstone,R,BOT,77,Cadillac,8.0,1.0,MEDIUM,8.0,True,97.759,31.001,40.041,26.717,18.0,1,True,False,True,12.6,8.5,24.758333333333333,40.014102564102565,False,False,False,False,False,True,98.137,91.72335749127973,6.413642508720272
2026,Silverstone,R,BOT,77,Cadillac,9.0,1.0,MEDIUM,9.0,True,98.164,30.826,40.158,27.18,18.0,1,True,False,True,14.4,8.5,24.758333333333333,40.014102564102565,False,False,False,False,False,True,98.596,91.72335749127973,6.872642508720276
2026,Silverstone,R,BOT,77,Cadillac,10.0,1.0,MEDIUM,10.0,True,98.044,31.05,40.161,26.833,18.0,1,True,False,True,16.2,8.5,24.758333333333333,40.014102564102565,False,False,False,False,False,True,98.53,91.72335749127973,6.806642508720273
2026,Silverstone,R,BOT,77,Cadillac,11.0,1.0,MEDIUM,11.0,True,98.082,30.966,40.126,26.99,18.0,1,True,False,True,18.0,8.5,24.758333333333333,40.014102564102565,False,False,False,False,False,True,98.622,91.72335749127973,6.898642508720272
2026,Silverstone,R,BOT,77,Cadillac,12.0,1.0,MEDIUM,12.0,True,97.854,30.821,39.99,27.043,18.0,1,True,False,True,19.8,8.5,24.758333333333333,40.014102564102565,False,False,False,False,False,True,98.448,91.72335749127973,6.724642508720265
2026,Silverstone,R,BOT,77,Cadillac,13.0,1.0,MEDIUM,13.0,True,97.644,30.877,39.961,26.806,18.0,1,True,False,True,21.6,8.5,24.758333333333333,40.014102564102565,False,False,False,False,False,True,98.292,91.72335749127973,6.5686425087202736
2026,Silverstone,R,BOT,77,Cadillac,14.0,1.0,MEDIUM,14.0,True,97.7,30.689,40.01,27.001,18.0,1,True,False,True,23.400000000000002,8.5,24.758333333333333,40.014102564102565,False,False,False,False,False,True,98.402,91.72335749127973,6.678642508720273
2026,Silverstone,R,BOT,77,Cadillac,15.0,1.0,MEDIUM,15.0,True,97.577,30.861,39.892,26.824,18.0,1,True,False,True,25.2,8.5,24.758333333333333,40.014102564102565,False,False,False,False,False,True,98.333,91.72335749127973,6.60964250872027
2026,Silverstone,R,BOT,77,Cadillac,16.0,1.0,MEDIUM,16.0,True,97.667,30.922,39.859,26.886,18.0,1,True,False,True,27.0,8.5,24.758333333333333,40.014102564102565,False,False,False,False,False,True,98.477,91.72335749127973,6.753642508720276
2026,Silverstone,R,BOT,77,Cadillac,17.0,1.0,MEDIUM,17.0,True,97.675,30.668,39.885,27.122,18.0,1,True,False,True,28.8,8.5,24.758333333333333,40.014102564102565,False,False,False,False,False,True,98.539,91.72335749127973,6.815642508720273
2026,Silverstone,R,BOT,77,Cadillac,18.0,1.0,MEDIUM,18.0,True,98.067,30.914,40.043,27.11,17.0,1,True,False,True,30.6,8.5,24.758333333333333,40.014102564102565,False,False,False,False,False,True,98.985,91.72335749127973,7.261642508720271
2026,Silverstone,R,BOT,77,Cadillac,19.0,1.0,MEDIUM,19.0,True,97.829,30.919,40.057,26.853,17.0,1,True,False,True,32.4,8.5,24.758333333333333,40.014102564102565,False,False,False,False,False,True,98.80099999999999,91.72335749127973,7.07764250872026
2026,Silverstone,R,BOT,77,Cadillac,20.0,1.0,MEDIUM,20.0,True,98.788,30.845,40.066,27.877,18.0,1,True,False,True,34.2,8.5,24.758333333333333,40.014102564102565,False,False,False,False,False,True,99.814,91.72335749127973,8.090642508720265
2026,Silverstone,R,BOT,77,Cadillac,22.0,1.0,MEDIUM,22.0,True,99.272,31.891,40.531,26.85,17.0,1,True,False,True,37.800000000000004,8.5,24.758333333333333,40.014102564102565,False,False,False,False,False,True,100.406,91.72335749127973,8.682642508720278
2026,Silverstone,R,BOT,77,Cadillac,23.0,1.0,MEDIUM,23.0,True,97.992,31.057,39.977,26.958,17.0,1,True,False,True,39.6,8.5,24.758333333333333,40.014102564102565,False,False,False,False,False,True,99.18,91.72335749127973,7.456642508720279
2026,Silverstone,R,BOT,77,Cadillac,24.0,1.0,MEDIUM,24.0,True,99.176,31.323,40.311,27.542,17.0,1,True,False,True,41.4,8.5,24.758333333333333,40.014102564102565,False,False,False,False,False,True,100.418,91.72335749127973,8.694642508720278
2026,Silverstone,R,BOT,77,Cadillac,25.0,1.0,MEDIUM,25.0,True,100.201,32.198,40.206,27.797,19.0,1,True,False,True,43.2,8.5,24.758333333333333,40.014102564102565,False,False,False,False,False,True,101.497,91.72335749127973,9.773642508720272
2026,Silverstone,R,BOT,77,Cadillac,26.0,1.0,MEDIUM,26.0,True,97.5,30.781,40.014,26.705,19.0,1,True,False,True,45.0,8.5,24.758333333333333,40.014102564102565,False,False,False,False,False,True,98.85,91.72335749127973,7.126642508720266
2026,Silverstone,R,BOT,77,Cadillac,27.0,1.0,MEDIUM,27.0,True,97.926,30.926,39.974,27.026,19.0,1,True,False,True,46.800000000000004,8.5,24.758333333333333,40.014102564102565,False,False,False,False,False,True,99.33,91.72335749127973,7.60664250872027
2026,Silverstone,R,BOT,77,Cadillac,28.0,1.0,MEDIUM,28.0,True,98.598,30.839,40.851,26.908,19.0,1,True,False,True,48.6,8.5,24.758333333333333,40.014102564102565,False,False,False,False,False,True,100.056,91.72335749127973,8.33264250872027
2026,Silverstone,R,BOT,77,Cadillac,31.0,2.0,HARD,2.0,True,95.893,30.324,39.246,26.323,19.0,1,True,False,True,54.0,8.5,24.758333333333333,40.014102564102565,False,False,False,False,False,True,97.513,92.13867625079448,5.37432374920553
2026,Silverstone,R,BOT,77,Cadillac,32.0,2.0,HARD,3.0,True,96.192,30.402,39.139,26.651,19.0,1,True,False,True,55.800000000000004,8.5,24.758333333333333,40.014102564102565,False,False,False,False,False,True,97.866,92.13867625079448,5.7273237492055245
2026,Silverstone,R,BOT,77,Cadillac,33.0,2.0,HARD,4.0,True,96.204,30.408,39.152,26.644,19.0,1,True,False,True,57.6,8.5,24.758333333333333,40.014102564102565,False,False,False,False,False,True,97.93199999999999,92.13867625079448,5.793323749205513
2026,Silverstone,R,BOT,77,Cadillac,34.0,2.0,HARD,5.0,True,96.54,30.59,39.35,26.6,19.0,1,True,False,True,59.4,8.5,24.758333333333333,40.014102564102565,False,False,False,False,False,True,98.322,92.13867625079448,6.1833237492055275
2026,Silverstone,R,BOT,77,Cadillac,35.0,2.0,HARD,6.0,True,96.131,30.527,39.157,26.447,19.0,1,True,False,True,61.2,8.5,24.758333333333333,40.014102564102565,False,False,False,False,False,True,97.967,92.13867625079448,5.8283237492055235
2026,Silverstone,R,BOT,77,Cadillac,36.0,2.0,HARD,7.0,True,96.181,30.53,39.048,26.603,19.0,1,True,False,True,63.0,8.5,24.758333333333333,40.014102564102565,False,False,False,False,False,True,98.071,92.13867625079448,5.932323749205523
2026,Silverstone,R,BOT,77,Cadillac,39.0,2.0,HARD,10.0,True,97.651,31.684,39.546,26.421,18.0,1,True,False,True,68.4,8.5,24.758333333333333,40.014102564102565,False,False,False,False,False,True,99.703,92.13867625079448,7.564323749205528
2026,Silverstone,R,BOT,77,Cadillac,40.0,2.0,HARD,11.0,True,98.45,31.078,39.651,27.721,18.0,1,True,False,True,70.2,8.5,24.758333333333333,40.014102564102565,False,False,False,False,False,True,100.556,92.13867625079448,8.417323749205522
2026,Silverstone,R,BOT,77,Cadillac,41.0,2.0,HARD,12.0,True,96.141,30.278,39.361,26.502,18.0,1,True,False,True,72.0,8.5,24.758333333333333,40.014102564102565,False,False,False,False,False,True,98.301,92.13867625079448,6.162323749205527
2026,Silverstone,R,BOT,77,Cadillac,42.0,2.0,HARD,13.0,True,96.287,30.47,39.249,26.568,18.0,1,True,False,True,73.8,8.5,24.758333333333333,40.014102564102565,False,False,False,False,False,True,98.501,92.13867625079448,6.36232374920553
2026,Silverstone,R,BOT,77,Cadillac,43.0,2.0,HARD,14.0,True,96.161,30.457,39.159,26.545,18.0,1,True,False,True,75.60000000000001,8.5,24.758333333333333,40.014102564102565,False,False,False,False,False,True,98.429,92.13867625079448,6.290323749205527
2026,Silverstone,R,BOT,77,Cadillac,44.0,2.0,HARD,15.0,True,97.012,30.498,39.661,26.853,18.0,1,True,False,True,77.4,8.5,24.758333333333333,40.014102564102565,False,False,False,False,False,True,99.334,92.13867625079448,7.195323749205528
2026,Silverstone,R,BOT,77,Cadillac,45.0,2.0,HARD,16.0,True,96.561,30.544,39.381,26.636,18.0,1,True,False,True,79.2,8.5,24.758333333333333,40.014102564102565,False,False,False,False,False,True,98.93700000000001,92.13867625079448,6.798323749205537
2026,Silverstone,R,PIA,81,McLaren,4.0,2.0,HARD,2.0,True,94.363,29.699,38.551,26.113,21.0,1,True,False,True,5.4,8.5,24.758333333333333,40.014102564102565,False,False,False,False,False,True,94.525,92.13867625079448,2.3863237492055305
2026,Silverstone,R,PIA,81,McLaren,5.0,2.0,HARD,3.0,True,94.721,30.083,38.612,26.026,21.0,1,True,False,True,7.2,8.5,24.758333333333333,40.014102564102565,False,False,False,False,False,True,94.937,92.13867625079448,2.7983237492055224
2026,Silverstone,R,PIA,81,McLaren,6.0,2.0,HARD,4.0,True,94.631,30.059,38.529,26.043,21.0,1,True,False,True,9.0,8.5,24.758333333333333,40.014102564102565,False,False,False,False,False,True,94.901,92.13867625079448,2.762323749205521
2026,Silverstone,R,PIA,81,McLaren,7.0,2.0,HARD,5.0,True,94.878,30.238,38.645,25.995,21.0,1,True,False,True,10.8,8.5,24.758333333333333,40.014102564102565,False,False,False,False,False,True,95.202,92.13867625079448,3.063323749205523
2026,Silverstone,R,PIA,81,McLaren,8.0,2.0,HARD,6.0,True,94.798,30.259,38.491,26.048,21.0,1,True,False,True,12.6,8.5,24.758333333333333,40.014102564102565,False,False,False,False,False,True,95.176,92.13867625079448,3.0373237492055267
2026,Silverstone,R,PIA,81,McLaren,9.0,2.0,HARD,7.0,True,95.396,30.393,38.902,26.101,21.0,1,True,False,True,14.4,8.5,24.758333333333333,40.014102564102565,False,False,False,False,False,True,95.828,92.13867625079448,3.6893237492055277
2026,Silverstone,R,PIA,81,McLaren,10.0,2.0,HARD,8.0,True,95.224,30.284,38.71,26.23,21.0,1,True,False,True,16.2,8.5,24.758333333333333,40.014102564102565,False,False,False,False,False,True,95.71000000000001,92.13867625079448,3.5713237492055327
2026,Silverstone,R,PIA,81,McLaren,11.0,2.0,HARD,9.0,True,95.302,30.249,38.832,26.221,21.0,1,True,False,True,18.0,8.5,24.758333333333333,40.014102564102565,False,False,False,False,False,True,95.84200000000001,92.13867625079448,3.7033237492055378
2026,Silverstone,R,PIA,81,McLaren,12.0,2.0,HARD,10.0,True,95.64,30.387,38.842,26.411,21.0,1,True,False,True,19.8,8.5,24.758333333333333,40.014102564102565,False,False,False,False,False,True,96.234,92.13867625079448,4.0953237492055194
2026,Silverstone,R,PIA,81,McLaren,13.0,2.0,HARD,11.0,True,95.182,30.132,38.891,26.159,21.0,1,True,False,True,21.6,8.5,24.758333333333333,40.014102564102565,False,False,False,False,False,True,95.83,92.13867625079448,3.691323749205523
2026,Silverstone,R,PIA,81,McLaren,14.0,2.0,HARD,12.0,True,95.317,30.155,38.884,26.278,21.0,1,True,False,True,23.400000000000002,8.5,24.758333333333333,40.014102564102565,False,False,False,False,False,True,96.01899999999999,92.13867625079448,3.880323749205516
2026,Silverstone,R,PIA,81,McLaren,15.0,2.0,HARD,13.0,True,96.324,30.305,39.735,26.284,19.0,1,True,False,True,25.2,8.5,24.758333333333333,40.014102564102565,False,False,False,False,False,True,97.08,92.13867625079448,4.941323749205523
2026,Silverstone,R,PIA,81,McLaren,16.0,2.0,HARD,14.0,True,95.157,30.136,38.876,26.145,19.0,1,True,False,True,27.0,8.5,24.758333333333333,40.014102564102565,False,False,False,False,False,True,95.967,92.13867625079448,3.8283237492055235
2026,Silverstone,R,PIA,81,McLaren,17.0,2.0,HARD,15.0,True,95.241,30.129,38.955,26.157,19.0,1,True,False,True,28.8,8.5,24.758333333333333,40.014102564102565,False,False,False,False,False,True,96.105,92.13867625079448,3.9663237492055288
2026,Silverstone,R,PIA,81,McLaren,18.0,2.0,HARD,16.0,True,94.928,30.043,38.697,26.188,19.0,1,True,False,True,30.6,8.5,24.758333333333333,40.014102564102565,False,False,False,False,False,True,95.846,92.13867625079448,3.7073237492055284
2026,Silverstone,R,PIA,81,McLaren,19.0,2.0,HARD,17.0,True,94.863,30.088,38.677,26.098,19.0,1,True,False,True,32.4,8.5,24.758333333333333,40.014102564102565,False,False,False,False,False,True,95.835,92.13867625079448,3.6963237492055185
2026,Silverstone,R,PIA,81,McLaren,20.0,2.0,HARD,18.0,True,94.996,30.127,38.632,26.237,19.0,1,True,False,True,34.2,8.5,24.758333333333333,40.014102564102565,False,False,False,False,False,True,96.02199999999999,92.13867625079448,3.883323749205516
2026,Silverstone,R,PIA,81,McLaren,22.0,2.0,HARD,20.0,True,95.295,30.171,38.833,26.291,16.0,1,True,False,True,37.800000000000004,8.5,24.758333333333333,40.014102564102565,False,False,False,False,False,True,96.429,92.13867625079448,4.290323749205527
2026,Silverstone,R,PIA,81,McLaren,23.0,2.0,HARD,21.0,True,94.964,30.07,38.75,26.144,16.0,1,True,False,True,39.6,8.5,24.758333333333333,40.014102564102565,False,False,False,False,False,True,96.152,92.13867625079448,4.013323749205526
2026,Silverstone,R,PIA,81,McLaren,24.0,2.0,HARD,22.0,True,94.763,29.969,38.682,26.112,16.0,1,True,False,True,41.4,8.5,24.758333333333333,40.014102564102565,False,False,False,False,False,True,96.00500000000001,92.13867625079448,3.8663237492055345
2026,Silverstone,R,PIA,81,McLaren,25.0,2.0,HARD,23.0,True,94.685,29.986,38.66,26.039,16.0,1,True,False,True,43.2,8.5,24.758333333333333,40.014102564102565,False,False,False,False,False,True,95.98100000000001,92.13867625079448,3.8423237492055335
2026,Silverstone,R,PIA,81,McLaren,26.0,2.0,HARD,24.0,True,94.616,29.931,38.694,25.991,16.0,1,True,False,True,45.0,8.5,24.758333333333333,40.014102564102565,False,False,False,False,False,True,95.966,92.13867625079448,3.8273237492055188
2026,Silverstone,R,PIA,81,McLaren,27.0,2.0,HARD,25.0,True,94.99,29.847,38.678,26.465,16.0,1,True,False,True,46.800000000000004,8.5,24.758333333333333,40.014102564102565,False,False,False,False,False,True,96.39399999999999,92.13867625079448,4.255323749205516
2026,Silverstone,R,PIA,81,McLaren,28.0,2.0,HARD,26.0,True,95.894,29.965,39.163,26.766,16.0,1,True,False,True,48.6,8.5,24.758333333333333,40.014102564102565,False,False,False,False,False,True,97.352,92.13867625079448,5.213323749205529
2026,Silverstone,R,PIA,81,McLaren,29.0,2.0,HARD,27.0,True,95.402,29.997,38.995,26.41,15.0,1,True,False,True,50.4,8.5,24.758333333333333,40.014102564102565,False,False,False,False,False,True,96.914,92.13867625079448,4.775323749205526
2026,Silverstone,R,PIA,81,McLaren,30.0,2.0,HARD,28.0,True,95.285,30.177,38.837,26.271,15.0,1,True,False,True,52.2,8.5,24.758333333333333,40.014102564102565,False,False,False,False,False,True,96.851,92.13867625079448,4.712323749205524
2026,Silverstone,R,PIA,81,McLaren,31.0,2.0,HARD,29.0,True,96.685,30.001,38.922,27.762,15.0,1,True,False,True,54.0,8.5,24.758333333333333,40.014102564102565,False,False,False,False,False,True,98.305,92.13867625079448,6.166323749205532
2026,Silverstone,R,PIA,81,McLaren,32.0,2.0,HARD,30.0,True,95.71,30.248,39.064,26.398,15.0,1,True,False,True,55.800000000000004,8.5,24.758333333333333,40.014102564102565,False,False,False,False,False,True,97.384,92.13867625079448,5.245323749205525
2026,Silverstone,R,PIA,81,McLaren,33.0,2.0,HARD,31.0,True,95.303,29.698,39.365,26.24,14.0,1,True,False,True,57.6,8.5,24.758333333333333,40.014102564102565,False,False,False,False,False,True,97.03099999999999,92.13867625079448,4.8923237492055165
2026,Silverstone,R,PIA,81,McLaren,34.0,2.0,HARD,32.0,True,96.816,30.523,39.538,26.755,14.0,1,True,False,True,59.4,8.5,24.758333333333333,40.014102564102565,False,False,False,False,False,True,98.598,92.13867625079448,6.459323749205524
2026,Silverstone,R,PIA,81,McLaren,35.0,2.0,HARD,33.0,True,95.929,30.297,39.011,26.621,13.0,1,True,False,True,61.2,8.5,24.758333333333333,40.014102564102565,False,False,False,False,False,True,97.765,92.13867625079448,5.626323749205525
2026,Silverstone,R,PIA,81,McLaren,39.0,3.0,MEDIUM,6.0,False,93.169,29.221,38.075,25.873,15.0,1,True,False,True,68.4,8.5,24.758333333333333,40.014102564102565,False,False,False,False,False,True,95.221,91.72335749127973,3.4976425087202756
2026,Silverstone,R,PIA,81,McLaren,40.0,3.0,MEDIUM,7.0,False,93.535,29.857,38.004,25.674,14.0,1,True,False,True,70.2,8.5,24.758333333333333,40.014102564102565,False,False,False,False,False,True,95.64099999999999,91.72335749127973,3.917642508720263
2026,Silverstone,R,PIA,81,McLaren,41.0,3.0,MEDIUM,8.0,False,93.145,29.591,37.832,25.722,14.0,1,True,False,True,72.0,8.5,24.758333333333333,40.014102564102565,False,False,False,False,False,True,95.30499999999999,91.72335749127973,3.5816425087202646
2026,Silverstone,R,PIA,81,McLaren,42.0,3.0,MEDIUM,9.0,False,92.917,29.338,37.837,25.742,14.0,1,True,False,True,73.8,8.5,24.758333333333333,40.014102564102565,False,False,False,False,False,True,95.131,91.72335749127973,3.407642508720272
2026,Silverstone,R,PIA,81,McLaren,43.0,3.0,MEDIUM,10.0,False,93.069,29.411,37.805,25.853,14.0,1,True,False,True,75.60000000000001,8.5,24.758333333333333,40.014102564102565,False,False,False,False,False,True,95.337,91.72335749127973,3.6136425087202753
2026,Silverstone,R,PIA,81,McLaren,44.0,3.0,MEDIUM,11.0,False,94.287,29.704,38.782,25.801,13.0,1,True,False,True,77.4,8.5,24.758333333333333,40.014102564102565,False,False,False,False,False,True,96.60900000000001,91.72335749127973,4.885642508720281
2026,Silverstone,R,PIA,81,McLaren,45.0,3.0,MEDIUM,12.0,False,93.405,29.671,37.961,25.773,13.0,1,True,False,True,79.2,8.5,24.758333333333333,40.014102564102565,False,False,False,False,False,True,95.781,91.72335749127973,4.057642508720278
2026,Silverstone,R,BEA,87,Haas F1 Team,3.0,1.0,MEDIUM,3.0,True,97.373,30.648,39.82,26.905,17.0,1,True,False,True,3.6,8.5,24.758333333333333,40.014102564102565,False,False,False,False,False,True,97.48100000000001,91.72335749127973,5.757642508720281
2026,Silverstone,R,BEA,87,Haas F1 Team,4.0,1.0,MEDIUM,4.0,True,97.13,30.764,39.786,26.58,17.0,1,True,False,True,5.4,8.5,24.758333333333333,40.014102564102565,False,False,False,False,False,True,97.292,91.72335749127973,5.5686425087202736
2026,Silverstone,R,BEA,87,Haas F1 Team,5.0,1.0,MEDIUM,5.0,True,96.867,30.224,39.922,26.721,17.0,1,True,False,True,7.2,8.5,24.758333333333333,40.014102564102565,False,False,False,False,False,True,97.083,91.72335749127973,5.35964250872027
2026,Silverstone,R,BEA,87,Haas F1 Team,6.0,1.0,MEDIUM,6.0,True,96.479,30.422,39.678,26.379,16.0,1,True,False,True,9.0,8.5,24.758333333333333,40.014102564102565,False,False,False,False,False,True,96.749,91.72335749127973,5.025642508720267
2026,Silverstone,R,BEA,87,Haas F1 Team,7.0,1.0,MEDIUM,7.0,True,97.331,30.795,39.64,26.896,16.0,1,True,False,True,10.8,8.5,24.758333333333333,40.014102564102565,False,False,False,False,False,True,97.655,91.72335749127973,5.931642508720273
2026,Silverstone,R,BEA,87,Haas F1 Team,8.0,1.0,MEDIUM,8.0,True,97.205,30.83,39.579,26.796,16.0,1,True,False,True,12.6,8.5,24.758333333333333,40.014102564102565,False,False,False,False,False,True,97.583,91.72335749127973,5.85964250872027
2026,Silverstone,R,BEA,87,Haas F1 Team,9.0,1.0,MEDIUM,9.0,True,97.289,30.719,39.748,26.822,16.0,1,True,False,True,14.4,8.5,24.758333333333333,40.014102564102565,False,False,False,False,False,True,97.721,91.72335749127973,5.997642508720276
2026,Silverstone,R,BEA,87,Haas F1 Team,10.0,1.0,MEDIUM,10.0,True,98.369,30.849,40.706,26.814,17.0,1,True,False,True,16.2,8.5,24.758333333333333,40.014102564102565,False,False,False,False,False,True,98.855,91.72335749127973,7.131642508720276
2026,Silverstone,R,BEA,87,Haas F1 Team,11.0,1.0,MEDIUM,11.0,True,97.041,30.688,39.695,26.658,17.0,1,True,False,True,18.0,8.5,24.758333333333333,40.014102564102565,False,False,False,False,False,True,97.581,91.72335749127973,5.857642508720275
2026,Silverstone,R,BEA,87,Haas F1 Team,12.0,1.0,MEDIUM,12.0,True,97.18,30.782,39.642,26.756,17.0,1,True,False,True,19.8,8.5,24.758333333333333,40.014102564102565,False,False,False,False,False,True,97.774,91.72335749127973,6.050642508720273
2026,Silverstone,R,BEA,87,Haas F1 Team,13.0,1.0,MEDIUM,13.0,True,97.119,30.628,39.897,26.594,17.0,1,True,False,True,21.6,8.5,24.758333333333333,40.014102564102565,False,False,False,False,False,True,97.767,91.72335749127973,6.043642508720268
2026,Silverstone,R,BEA,87,Haas F1 Team,14.0,1.0,MEDIUM,14.0,True,96.894,30.442,39.76,26.692,17.0,1,True,False,True,23.400000000000002,8.5,24.758333333333333,40.014102564102565,False,False,False,False,False,True,97.596,91.72335749127973,5.872642508720276
2026,Silverstone,R,BEA,87,Haas F1 Team,15.0,1.0,MEDIUM,15.0,True,97.135,30.415,39.887,26.833,17.0,1,True,False,True,25.2,8.5,24.758333333333333,40.014102564102565,False,False,False,False,False,True,97.891,91.72335749127973,6.167642508720277
2026,Silverstone,R,BEA,87,Haas F1 Team,16.0,1.0,MEDIUM,16.0,True,96.996,30.596,39.756,26.644,17.0,1,True,False,True,27.0,8.5,24.758333333333333,40.014102564102565,False,False,False,False,False,True,97.806,91.72335749127973,6.082642508720269
2026,Silverstone,R,BEA,87,Haas F1 Team,17.0,1.0,MEDIUM,17.0,True,97.008,30.655,39.733,26.62,17.0,1,True,False,True,28.8,8.5,24.758333333333333,40.014102564102565,False,False,False,False,False,True,97.872,91.72335749127973,6.148642508720272
2026,Silverstone,R,BEA,87,Haas F1 Team,18.0,1.0,MEDIUM,18.0,True,97.453,30.741,39.895,26.817,16.0,1,True,False,True,30.6,8.5,24.758333333333333,40.014102564102565,False,False,False,False,False,True,98.37100000000001,91.72335749127973,6.647642508720281
2026,Silverstone,R,BEA,87,Haas F1 Team,19.0,1.0,MEDIUM,19.0,True,97.157,30.873,39.683,26.601,16.0,1,True,False,True,32.4,8.5,24.758333333333333,40.014102564102565,False,False,False,False,False,True,98.12899999999999,91.72335749127973,6.405642508720263
2026,Silverstone,R,BEA,87,Haas F1 Team,20.0,1.0,MEDIUM,20.0,True,96.729,30.705,39.576,26.448,16.0,1,True,False,True,34.2,8.5,24.758333333333333,40.014102564102565,False,False,False,False,False,True,97.755,91.72335749127973,6.031642508720267
2026,Silverstone,R,BEA,87,Haas F1 Team,22.0,1.0,MEDIUM,22.0,True,96.419,30.689,39.352,26.378,13.0,1,True,False,True,37.800000000000004,8.5,24.758333333333333,40.014102564102565,False,False,False,False,False,True,97.553,91.72335749127973,5.829642508720269
2026,Silverstone,R,BEA,87,Haas F1 Team,23.0,1.0,MEDIUM,23.0,True,96.657,30.718,39.418,26.521,12.0,1,True,False,True,39.6,8.5,24.758333333333333,40.014102564102565,False,False,False,False,False,True,97.845,91.72335749127973,6.121642508720271
2026,Silverstone,R,BEA,87,Haas F1 Team,24.0,1.0,MEDIUM,24.0,True,96.956,30.665,39.775,26.516,12.0,1,True,False,True,41.4,8.5,24.758333333333333,40.014102564102565,False,False,False,False,False,True,98.19800000000001,91.72335749127973,6.4746425087202795
2026,Silverstone,R,BEA,87,Haas F1 Team,25.0,1.0,MEDIUM,25.0,True,96.495,30.546,39.465,26.484,12.0,1,True,False,True,43.2,8.5,24.758333333333333,40.014102564102565,False,False,False,False,False,True,97.79100000000001,91.72335749127973,6.067642508720283
2026,Silverstone,R,BEA,87,Haas F1 Team,26.0,1.0,MEDIUM,26.0,True,96.617,30.623,39.54,26.454,12.0,1,True,False,True,45.0,8.5,24.758333333333333,40.014102564102565,False,False,False,False,False,True,97.967,91.72335749127973,6.243642508720271
2026,Silverstone,R,BEA,87,Haas F1 Team,27.0,1.0,MEDIUM,27.0,True,97.32,30.514,40.151,26.655,14.0,1,True,False,True,46.800000000000004,8.5,24.758333333333333,40.014102564102565,False,False,False,False,False,True,98.72399999999999,91.72335749127973,7.0006425087202615
2026,Silverstone,R,BEA,87,Haas F1 Team,28.0,1.0,MEDIUM,28.0,True,97.185,30.457,40.003,26.725,15.0,1,True,False,True,48.6,8.5,24.758333333333333,40.014102564102565,False,False,False,False,False,True,98.643,91.72335749127973,6.919642508720273
2026,Silverstone,R,BEA,87,Haas F1 Team,31.0,2.0,HARD,2.0,True,94.455,30.039,38.448,25.968,17.0,1,True,False,True,54.0,8.5,24.758333333333333,40.014102564102565,False,False,False,False,False,True,96.075,92.13867625079448,3.9363237492055276
2026,Silverstone,R,BEA,87,Haas F1 Team,32.0,2.0,HARD,3.0,True,94.854,30.107,38.593,26.154,17.0,1,True,False,True,55.800000000000004,8.5,24.758333333333333,40.014102564102565,False,False,False,False,False,True,96.528,92.13867625079448,4.389323749205531
2026,Silverstone,R,BEA,87,Haas F1 Team,33.0,2.0,HARD,4.0,True,95.006,30.146,38.598,26.262,17.0,1,True,False,True,57.6,8.5,24.758333333333333,40.014102564102565,False,False,False,False,False,True,96.734,92.13867625079448,4.5953237492055194
2026,Silverstone,R,BEA,87,Haas F1 Team,34.0,2.0,HARD,5.0,True,94.565,29.872,39.047,25.646,16.0,1,True,False,True,59.4,8.5,24.758333333333333,40.014102564102565,False,False,False,False,False,True,96.347,92.13867625079448,4.208323749205519
2026,Silverstone,R,BEA,87,Haas F1 Team,35.0,2.0,HARD,6.0,True,95.352,30.459,38.784,26.109,16.0,1,True,False,True,61.2,8.5,24.758333333333333,40.014102564102565,False,False,False,False,False,True,97.188,92.13867625079448,5.049323749205527
2026,Silverstone,R,BEA,87,Haas F1 Team,36.0,2.0,HARD,7.0,True,95.004,30.282,38.567,26.155,16.0,1,True,False,True,63.0,8.5,24.758333333333333,40.014102564102565,False,False,False,False,False,True,96.894,92.13867625079448,4.75532374920553
2026,Silverstone,R,BEA,87,Haas F1 Team,39.0,2.0,HARD,10.0,True,96.431,30.137,40.253,26.041,14.0,1,True,False,True,68.4,8.5,24.758333333333333,40.014102564102565,False,False,False,False,False,True,98.483,92.13867625079448,6.344323749205529
2026,Silverstone,R,BEA,87,Haas F1 Team,40.0,2.0,HARD,11.0,True,95.464,30.143,39.141,26.18,15.0,1,True,False,True,70.2,8.5,24.758333333333333,40.014102564102565,False,False,False,False,False,True,97.57,92.13867625079448,5.431323749205518
2026,Silverstone,R,BEA,87,Haas F1 Team,41.0,2.0,HARD,12.0,True,95.163,30.255,38.803,26.105,15.0,1,True,False,True,72.0,8.5,24.758333333333333,40.014102564102565,False,False,False,False,False,True,97.323,92.13867625079448,5.184323749205518
2026,Silverstone,R,BEA,87,Haas F1 Team,42.0,2.0,HARD,13.0,True,94.989,30.134,38.71,26.145,15.0,1,True,False,True,73.8,8.5,24.758333333333333,40.014102564102565,False,False,False,False,False,True,97.203,92.13867625079448,5.064323749205528
2026,Silverstone,R,BEA,87,Haas F1 Team,43.0,2.0,HARD,14.0,True,95.876,30.909,38.897,26.07,15.0,1,True,False,True,75.60000000000001,8.5,24.758333333333333,40.014102564102565,False,False,False,False,False,True,98.144,92.13867625079448,6.00532374920553
2026,Silverstone,R,BEA,87,Haas F1 Team,44.0,2.0,HARD,15.0,True,95.994,30.273,38.571,27.15,15.0,1,True,False,True,77.4,8.5,24.758333333333333,40.014102564102565,False,False,False,False,False,True,98.316,92.13867625079448,6.177323749205527
2026,Silverstone,R,BEA,87,Haas F1 Team,45.0,2.0,HARD,16.0,True,94.916,30.11,38.607,26.199,15.0,1,True,False,True,79.2,8.5,24.758333333333333,40.014102564102565,False,False,False,False,False,True,97.292,92.13867625079448,5.153323749205526
2026,Monza,R,NOR,1,McLaren,2.0,1.0,MEDIUM,2.0,True,86.915,28.318,30.159,28.438,6.0,1,True,False,True,1.8,5.0,32.17272727272727,54.974999999999994,False,False,False,False,False,True,86.96900000000001,87.70246615904266,-0.7334661590426492
2026,Monza,R,NOR,1,McLaren,7.0,2.0,HARD,4.0,True,86.993,28.554,29.732,28.707,7.0,1,True,False,True,10.8,5.0,32.17272727272727,54.974999999999994,False,False,False,False,False,True,87.317,88.1177849185574,-0.8007849185574116
2026,Monza,R,NOR,1,McLaren,8.0,2.0,HARD,5.0,True,86.433,28.296,29.685,28.452,7.0,1,True,False,True,12.6,5.0,32.17272727272727,54.974999999999994,False,False,False,False,False,True,86.811,88.1177849185574,-1.3067849185573976
2026,Monza,R,NOR,1,McLaren,9.0,2.0,HARD,6.0,True,86.203,28.021,29.764,28.418,7.0,1,True,False,True,14.4,5.0,32.17272727272727,54.974999999999994,False,False,False,False,False,True,86.635,88.1177849185574,-1.4827849185573996
2026,Monza,R,NOR,1,McLaren,10.0,2.0,HARD,7.0,True,86.591,28.097,29.551,28.943,7.0,1,True,False,True,16.2,5.0,32.17272727272727,54.974999999999994,False,False,False,False,False,True,87.077,88.1177849185574,-1.0407849185574065
2026,Monza,R,NOR,1,McLaren,11.0,2.0,HARD,8.0,True,86.238,27.859,29.649,28.73,7.0,1,True,False,True,18.0,5.0,32.17272727272727,54.974999999999994,False,False,False,False,False,True,86.778,88.1177849185574,-1.339784918557399
2026,Monza,R,NOR,1,McLaren,12.0,2.0,HARD,9.0,True,86.213,27.981,29.641,28.591,7.0,1,True,False,True,19.8,5.0,32.17272727272727,54.974999999999994,False,False,False,False,False,True,86.80699999999999,88.1177849185574,-1.3107849185574167
2026,Monza,R,NOR,1,McLaren,13.0,2.0,HARD,10.0,True,86.07,27.904,29.627,28.539,7.0,1,True,False,True,21.6,5.0,32.17272727272727,54.974999999999994,False,False,False,False,False,True,86.71799999999999,88.1177849185574,-1.3997849185574154
2026,Monza,R,NOR,1,McLaren,14.0,2.0,HARD,11.0,True,86.06,27.873,29.841,28.346,7.0,1,True,False,True,23.400000000000002,5.0,32.17272727272727,54.974999999999994,False,False,False,False,False,True,86.762,88.1177849185574,-1.3557849185574042
2026,Monza,R,NOR,1,McLaren,15.0,2.0,HARD,12.0,True,86.201,27.841,29.971,28.389,7.0,1,True,False,True,25.2,5.0,32.17272727272727,54.974999999999994,False,False,False,False,False,True,86.957,88.1177849185574,-1.160784918557411
2026,Monza,R,NOR,1,McLaren,16.0,2.0,HARD,13.0,True,86.262,27.581,29.99,28.691,7.0,1,True,False,True,27.0,5.0,32.17272727272727,54.974999999999994,False,False,False,False,False,True,87.072,88.1177849185574,-1.045784918557402
2026,Monza,R,NOR,1,McLaren,17.0,2.0,HARD,14.0,True,86.549,27.84,30.267,28.442,7.0,1,True,False,True,28.8,5.0,32.17272727272727,54.974999999999994,False,False,False,False,False,True,87.41300000000001,88.1177849185574,-0.7047849185573938
2026,Monza,R,NOR,1,McLaren,18.0,2.0,HARD,15.0,True,86.456,27.764,30.315,28.377,7.0,1,True,False,True,30.6,5.0,32.17272727272727,54.974999999999994,False,False,False,False,False,True,87.37400000000001,88.1177849185574,-0.7437849185573953
2026,Monza,R,NOR,1,McLaren,19.0,2.0,HARD,16.0,True,86.99,27.933,30.241,28.816,7.0,1,True,False,True,32.4,5.0,32.17272727272727,54.974999999999994,False,False,False,False,False,True,87.96199999999999,88.1177849185574,-0.1557849185574156
2026,Monza,R,NOR,1,McLaren,20.0,2.0,HARD,17.0,True,88.809,29.327,30.428,29.054,7.0,1,True,False,True,34.2,5.0,32.17272727272727,54.974999999999994,False,False,False,False,False,True,89.835,88.1177849185574,1.717215081442589
2026,Monza,R,NOR,1,McLaren,21.0,2.0,HARD,18.0,True,86.728,28.008,29.821,28.899,6.0,1,True,False,True,36.0,5.0,32.17272727272727,54.974999999999994,False,False,False,False,False,True,87.80799999999999,88.1177849185574,-0.30978491855741197
2026,Monza,R,NOR,1,McLaren,22.0,2.0,HARD,19.0,True,87.1,28.38,29.895,28.825,6.0,1,True,False,True,37.800000000000004,5.0,32.17272727272727,54.974999999999994,False,False,False,False,False,True,88.234,88.1177849185574,0.11621508144258996
2026,Monza,R,NOR,1,McLaren,23.0,2.0,HARD,20.0,True,85.706,28.322,29.18,28.204,6.0,1,True,False,True,39.6,5.0,32.17272727272727,54.974999999999994,False,False,False,False,False,True,86.894,88.1177849185574,-1.2237849185573992
2026,Monza,R,NOR,1,McLaren,24.0,2.0,HARD,21.0,True,85.988,28.272,29.366,28.35,6.0,1,True,False,True,41.4,5.0,32.17272727272727,54.974999999999994,False,False,False,False,False,True,87.23,88.1177849185574,-0.8877849185574007
2026,Monza,R,NOR,1,McLaren,25.0,2.0,HARD,22.0,True,86.13,28.315,29.436,28.379,6.0,1,True,False,True,43.2,5.0,32.17272727272727,54.974999999999994,False,False,False,False,False,True,87.426,88.1177849185574,-0.6917849185574028
2026,Monza,R,NOR,1,McLaren,26.0,2.0,HARD,23.0,True,85.864,28.195,29.376,28.293,6.0,1,True,False,True,45.0,5.0,32.17272727272727,54.974999999999994,False,False,False,False,False,True,87.214,88.1177849185574,-0.9037849185574061
2026,Monza,R,NOR,1,McLaren,30.0,2.0,HARD,27.0,True,86.322,28.753,29.328,28.241,4.0,1,True,False,True,52.2,5.0,32.17272727272727,54.974999999999994,False,False,False,False,False,True,87.888,88.1177849185574,-0.22978491855739946
2026,Monza,R,NOR,1,McLaren,31.0,2.0,HARD,28.0,True,86.391,28.137,30.094,28.16,5.0,1,True,False,True,54.0,5.0,32.17272727272727,54.974999999999994,False,False,False,False,False,True,88.01100000000001,88.1177849185574,-0.1067849185573948
2026,Monza,R,NOR,1,McLaren,32.0,2.0,HARD,29.0,True,85.685,27.96,29.385,28.34,5.0,1,True,False,True,55.800000000000004,5.0,32.17272727272727,54.974999999999994,False,False,False,False,False,True,87.35900000000001,88.1177849185574,-0.7587849185573958
2026,Monza,R,NOR,1,McLaren,33.0,2.0,HARD,30.0,True,86.434,28.374,29.648,28.412,6.0,1,True,False,True,57.6,5.0,32.17272727272727,54.974999999999994,False,False,False,False,False,True,88.16199999999999,88.1177849185574,0.044215081442587234
2026,Monza,R,NOR,1,McLaren,34.0,2.0,HARD,31.0,True,85.191,27.935,29.174,28.082,6.0,1,True,False,True,59.4,5.0,32.17272727272727,54.974999999999994,False,False,False,False,False,True,86.973,88.1177849185574,-1.1447849185574057
2026,Monza,R,NOR,1,McLaren,35.0,2.0,HARD,32.0,True,84.971,27.755,29.146,28.07,6.0,1,True,False,True,61.2,5.0,32.17272727272727,54.974999999999994,False,False,False,False,False,True,86.807,88.1177849185574,-1.3107849185574025
2026,Monza,R,NOR,1,McLaren,36.0,2.0,HARD,33.0,True,85.352,27.93,29.293,28.129,6.0,1,True,False,True,63.0,5.0,32.17272727272727,54.974999999999994,False,False,False,False,False,True,87.242,88.1177849185574,-0.8757849185574003
2026,Monza,R,NOR,1,McLaren,37.0,2.0,HARD,34.0,True,85.22,27.968,29.159,28.093,6.0,1,True,False,True,64.8,5.0,32.17272727272727,54.974999999999994,False,False,False,False,False,True,87.164,88.1177849185574,-0.9537849185574032
2026,Monza,R,NOR,1,McLaren,38.0,2.0,HARD,35.0,True,85.288,27.986,29.242,28.06,6.0,1,True,False,True,66.60000000000001,5.0,32.17272727272727,54.974999999999994,False,False,False,False,False,True,87.286,88.1177849185574,-0.8317849185574033
2026,Monza,R,NOR,1,McLaren,39.0,2.0,HARD,36.0,True,85.213,27.893,29.226,28.094,6.0,1,True,False,True,68.4,5.0,32.17272727272727,54.974999999999994,False,False,False,False,False,True,87.265,88.1177849185574,-0.8527849185574041
2026,Monza,R,NOR,1,McLaren,40.0,2.0,HARD,37.0,True,85.162,27.785,29.299,28.078,6.0,1,True,False,True,70.2,5.0,32.17272727272727,54.974999999999994,False,False,False,False,False,True,87.268,88.1177849185574,-0.849784918557404
2026,Monza,R,NOR,1,McLaren,41.0,2.0,HARD,38.0,True,86.173,27.714,29.71,28.749,6.0,1,True,False,True,72.0,5.0,32.17272727272727,54.974999999999994,False,False,False,False,False,True,88.333,88.1177849185574,0.21521508144259371
2026,Monza,R,NOR,1,McLaren,42.0,2.0,HARD,39.0,True,85.067,27.77,29.184,28.113,5.0,1,True,False,True,73.8,5.0,32.17272727272727,54.974999999999994,False,False,False,False,False,True,87.28099999999999,88.1177849185574,-0.836784918557413
2026,Monza,R,NOR,1,McLaren,43.0,2.0,HARD,40.0,True,85.482,28.224,29.2,28.058,5.0,1,True,False,True,75.60000000000001,5.0,32.17272727272727,54.974999999999994,False,False,False,False,False,True,87.75,88.1177849185574,-0.3677849185574047
2026,Monza,R,NOR,1,McLaren,44.0,2.0,HARD,41.0,True,85.215,27.933,29.297,27.985,5.0,1,True,False,True,77.4,5.0,32.17272727272727,54.974999999999994,False,False,False,False,False,True,87.537,88.1177849185574,-0.5807849185573986
2026,Monza,R,NOR,1,McLaren,45.0,2.0,HARD,42.0,True,84.873,27.781,28.984,28.108,5.0,1,True,False,True,79.2,5.0,32.17272727272727,54.974999999999994,False,False,False,False,False,True,87.24900000000001,88.1177849185574,-0.8687849185573953
2026,Monza,R,NOR,1,McLaren,46.0,2.0,HARD,43.0,True,85.143,27.842,29.209,28.092,5.0,1,True,False,True,81.0,5.0,32.17272727272727,54.974999999999994,False,False,False,False,False,True,87.57300000000001,88.1177849185574,-0.5447849185573972
2026,Monza,R,NOR,1,McLaren,47.0,2.0,HARD,44.0,True,85.234,27.87,29.439,27.925,5.0,1,True,False,True,82.8,5.0,32.17272727272727,54.974999999999994,False,False,False,False,False,True,87.71799999999999,88.1177849185574,-0.3997849185574154
2026,Monza,R,NOR,1,McLaren,48.0,2.0,HARD,45.0,True,84.864,27.536,29.224,28.104,4.0,1,True,False,True,84.60000000000001,5.0,32.17272727272727,54.974999999999994,False,False,False,False,False,True,87.402,88.1177849185574,-0.7157849185574037
2026,Monza,R,NOR,1,McLaren,49.0,2.0,HARD,46.0,True,86.503,28.232,30.009,28.262,5.0,1,True,False,True,86.4,5.0,32.17272727272727,54.974999999999994,False,False,False,False,False,True,89.095,88.1177849185574,0.9772150814425942
2026,Monza,R,NOR,1,McLaren,50.0,2.0,HARD,47.0,True,85.327,27.978,29.303,28.046,5.0,1,True,False,True,88.2,5.0,32.17272727272727,54.974999999999994,False,False,False,False,False,True,87.973,88.1177849185574,-0.14478491855740572
2026,Monza,R,NOR,1,McLaren,51.0,2.0,HARD,48.0,True,86.589,27.759,30.181,28.649,5.0,1,True,False,True,90.0,5.0,32.17272727272727,54.974999999999994,False,False,False,False,False,True,89.289,88.1177849185574,1.1712150814425968
2026,Monza,R,NOR,1,McLaren,52.0,2.0,HARD,49.0,True,85.316,27.848,29.232,28.236,5.0,1,True,False,True,91.8,5.0,32.17272727272727,54.974999999999994,False,False,False,False,False,True,88.07000000000001,88.1177849185574,-0.047784918557397305
2026,Monza,R,NOR,1,McLaren,53.0,2.0,HARD,50.0,True,85.21,27.661,29.318,28.231,4.0,1,True,False,True,93.60000000000001,5.0,32.17272727272727,54.974999999999994,False,False,False,False,False,True,88.018,88.1177849185574,-0.09978491855740401
2026,Monza,R,GAS,10,Alpine,2.0,1.0,MEDIUM,2.0,True,87.795,29.201,29.939,28.655,2.0,1,True,False,True,1.8,5.0,32.17272727272727,54.974999999999994,False,False,False,False,False,True,87.849,87.70246615904266,0.14653384095734623
2026,Monza,R,GAS,10,Alpine,7.0,2.0,HARD,4.0,True,87.477,28.081,29.954,29.442,3.0,1,True,False,True,10.8,5.0,32.17272727272727,54.974999999999994,False,False,False,False,False,True,87.801,88.1177849185574,-0.31678491855740276
2026,Monza,R,GAS,10,Alpine,8.0,2.0,HARD,5.0,True,86.557,28.361,29.62,28.576,3.0,1,True,False,True,12.6,5.0,32.17272727272727,54.974999999999994,False,False,False,False,False,True,86.935,88.1177849185574,-1.1827849185574024
2026,Monza,R,GAS,10,Alpine,9.0,2.0,HARD,6.0,True,86.428,28.274,29.688,28.466,3.0,1,True,False,True,14.4,5.0,32.17272727272727,54.974999999999994,False,False,False,False,False,True,86.86,88.1177849185574,-1.2577849185574053
2026,Monza,R,GAS,10,Alpine,10.0,2.0,HARD,7.0,True,88.305,28.169,30.464,29.672,6.0,1,True,False,True,16.2,5.0,32.17272727272727,54.974999999999994,False,False,False,False,False,True,88.79100000000001,88.1177849185574,0.6732150814426063
2026,Monza,R,GAS,10,Alpine,11.0,2.0,HARD,8.0,True,86.546,28.213,29.687,28.646,6.0,1,True,False,True,18.0,5.0,32.17272727272727,54.974999999999994,False,False,False,False,False,True,87.08600000000001,88.1177849185574,-1.031784918557392
2026,Monza,R,GAS,10,Alpine,12.0,2.0,HARD,9.0,True,86.112,27.913,29.672,28.527,6.0,1,True,False,True,19.8,5.0,32.17272727272727,54.974999999999994,False,False,False,False,False,True,86.70599999999999,88.1177849185574,-1.4117849185574158
2026,Monza,R,GAS,10,Alpine,13.0,2.0,HARD,10.0,True,85.998,27.942,29.624,28.432,6.0,1,True,False,True,21.6,5.0,32.17272727272727,54.974999999999994,False,False,False,False,False,True,86.646,88.1177849185574,-1.471784918557404
2026,Monza,R,GAS,10,Alpine,14.0,2.0,HARD,11.0,True,86.221,27.722,29.94,28.559,6.0,1,True,False,True,23.400000000000002,5.0,32.17272727272727,54.974999999999994,False,False,False,False,False,True,86.923,88.1177849185574,-1.1947849185574029
2026,Monza,R,GAS,10,Alpine,15.0,2.0,HARD,12.0,True,86.246,27.687,29.972,28.587,6.0,1,True,False,True,25.2,5.0,32.17272727272727,54.974999999999994,False,False,False,False,False,True,87.002,88.1177849185574,-1.1157849185574094
2026,Monza,R,GAS,10,Alpine,16.0,2.0,HARD,13.0,True,86.249,27.709,29.838,28.701999999999998,6.0,1,True,False,True,27.0,5.0,32.17272727272727,54.974999999999994,False,False,False,False,False,True,87.059,88.1177849185574,-1.0587849185574072
2026,Monza,R,GAS,10,Alpine,17.0,2.0,HARD,14.0,True,86.329,27.896,29.778,28.655,6.0,1,True,False,True,28.8,5.0,32.17272727272727,54.974999999999994,False,False,False,False,False,True,87.193,88.1177849185574,-0.9247849185574069
2026,Monza,R,GAS,10,Alpine,18.0,2.0,HARD,15.0,True,86.809,27.57,30.581,28.658,6.0,1,True,False,True,30.6,5.0,32.17272727272727,54.974999999999994,False,False,False,False,False,True,87.727,88.1177849185574,-0.39078491855740083
2026,Monza,R,GAS,10,Alpine,19.0,2.0,HARD,16.0,True,86.979,28.088,30.052,28.839,6.0,1,True,False,True,32.4,5.0,32.17272727272727,54.974999999999994,False,False,False,False,False,True,87.951,88.1177849185574,-0.1667849185574113
2026,Monza,R,GAS,10,Alpine,20.0,2.0,HARD,17.0,True,88.85,29.8,30.072,28.978,6.0,1,True,False,True,34.2,5.0,32.17272727272727,54.974999999999994,False,False,False,False,False,True,89.87599999999999,88.1177849185574,1.7582150814425859
2026,Monza,R,GAS,10,Alpine,21.0,2.0,HARD,18.0,True,87.627,28.394,30.488,28.745,7.0,1,True,False,True,36.0,5.0,32.17272727272727,54.974999999999994,False,False,False,False,False,True,88.707,88.1177849185574,0.5892150814425889
2026,Monza,R,GAS,10,Alpine,22.0,2.0,HARD,19.0,True,86.919,27.766,30.281,28.872,7.0,1,True,False,True,37.800000000000004,5.0,32.17272727272727,54.974999999999994,False,False,False,False,False,True,88.053,88.1177849185574,-0.06478491855740742
2026,Monza,R,GAS,10,Alpine,23.0,2.0,HARD,20.0,True,86.578,28.466,29.59,28.522,7.0,1,True,False,True,39.6,5.0,32.17272727272727,54.974999999999994,False,False,False,False,False,True,87.766,88.1177849185574,-0.35178491855739935
2026,Monza,R,GAS,10,Alpine,24.0,2.0,HARD,21.0,True,86.022,27.865,29.609,28.548000000000002,7.0,1,True,False,True,41.4,5.0,32.17272727272727,54.974999999999994,False,False,False,False,False,True,87.26400000000001,88.1177849185574,-0.8537849185573947
2026,Monza,R,GAS,10,Alpine,25.0,2.0,HARD,22.0,True,86.283,28.069,29.764,28.45,7.0,1,True,False,True,43.2,5.0,32.17272727272727,54.974999999999994,False,False,False,False,False,True,87.57900000000001,88.1177849185574,-0.538784918557397
2026,Monza,R,GAS,10,Alpine,26.0,2.0,HARD,23.0,True,85.888,27.973,29.546,28.369,7.0,1,True,False,True,45.0,5.0,32.17272727272727,54.974999999999994,False,False,False,False,False,True,87.238,88.1177849185574,-0.8797849185574051
2026,Monza,R,GAS,10,Alpine,30.0,2.0,HARD,27.0,True,86.733,28.048,30.268,28.417,6.0,1,True,False,True,52.2,5.0,32.17272727272727,54.974999999999994,False,False,False,False,False,True,88.299,88.1177849185574,0.1812150814426019
2026,Monza,R,GAS,10,Alpine,31.0,2.0,HARD,28.0,True,86.423,28.384,29.691,28.348,7.0,1,True,False,True,54.0,5.0,32.17272727272727,54.974999999999994,False,False,False,False,False,True,88.043,88.1177849185574,-0.07478491855739833
2026,Monza,R,GAS,10,Alpine,32.0,2.0,HARD,29.0,True,85.927,27.902,29.558,28.467,7.0,1,True,False,True,55.800000000000004,5.0,32.17272727272727,54.974999999999994,False,False,False,False,False,True,87.60100000000001,88.1177849185574,-0.5167849185573914
2026,Monza,R,GAS,10,Alpine,33.0,2.0,HARD,30.0,True,86.073,28.002,29.592,28.479,7.0,1,True,False,True,57.6,5.0,32.17272727272727,54.974999999999994,False,False,False,False,False,True,87.80099999999999,88.1177849185574,-0.316784918557417
2026,Monza,R,GAS,10,Alpine,34.0,2.0,HARD,31.0,True,85.974,27.851,29.587,28.536,7.0,1,True,False,True,59.4,5.0,32.17272727272727,54.974999999999994,False,False,False,False,False,True,87.756,88.1177849185574,-0.36178491855740447
2026,Monza,R,GAS,10,Alpine,35.0,2.0,HARD,32.0,True,85.963,27.931,29.561,28.471,7.0,1,True,False,True,61.2,5.0,32.17272727272727,54.974999999999994,False,False,False,False,False,True,87.79899999999999,88.1177849185574,-0.3187849185574123
2026,Monza,R,GAS,10,Alpine,36.0,2.0,HARD,33.0,True,86.041,27.995,29.616,28.43,7.0,1,True,False,True,63.0,5.0,32.17272727272727,54.974999999999994,False,False,False,False,False,True,87.931,88.1177849185574,-0.1867849185574073
2026,Monza,R,GAS,10,Alpine,37.0,2.0,HARD,34.0,True,85.938,27.973,29.531,28.434,7.0,1,True,False,True,64.8,5.0,32.17272727272727,54.974999999999994,False,False,False,False,False,True,87.882,88.1177849185574,-0.2357849185573997
2026,Monza,R,GAS,10,Alpine,38.0,2.0,HARD,35.0,True,85.998,28.027,29.463,28.508,7.0,1,True,False,True,66.60000000000001,5.0,32.17272727272727,54.974999999999994,False,False,False,False,False,True,87.99600000000001,88.1177849185574,-0.12178491855739537
2026,Monza,R,GAS,10,Alpine,39.0,2.0,HARD,36.0,True,85.938,28.06,29.547,28.331,7.0,1,True,False,True,68.4,5.0,32.17272727272727,54.974999999999994,False,False,False,False,False,True,87.99000000000001,88.1177849185574,-0.1277849185573956
2026,Monza,R,GAS,10,Alpine,40.0,2.0,HARD,37.0,True,85.844,28.061,29.442,28.341,7.0,1,True,False,True,70.2,5.0,32.17272727272727,54.974999999999994,False,False,False,False,False,True,87.94999999999999,88.1177849185574,-0.16778491855741606
2026,Monza,R,GAS,10,Alpine,41.0,2.0,HARD,38.0,True,85.878,28.144,29.333,28.401,7.0,1,True,False,True,72.0,5.0,32.17272727272727,54.974999999999994,False,False,False,False,False,True,88.038,88.1177849185574,-0.07978491855740799
2026,Monza,R,GAS,10,Alpine,42.0,2.0,HARD,39.0,True,85.776,28.016,29.372,28.388,7.0,1,True,False,True,73.8,5.0,32.17272727272727,54.974999999999994,False,False,False,False,False,True,87.99,88.1177849185574,-0.1277849185574098
2026,Monza,R,GAS,10,Alpine,43.0,2.0,HARD,40.0,True,85.92,28.094,29.382,28.444,7.0,1,True,False,True,75.60000000000001,5.0,32.17272727272727,54.974999999999994,False,False,False,False,False,True,88.188,88.1177849185574,0.0702150814425977
2026,Monza,R,GAS,10,Alpine,44.0,2.0,HARD,41.0,True,85.632,28.115,29.288,28.229,7.0,1,True,False,True,77.4,5.0,32.17272727272727,54.974999999999994,False,False,False,False,False,True,87.95400000000001,88.1177849185574,-0.16378491855739696
2026,Monza,R,GAS,10,Alpine,45.0,2.0,HARD,42.0,True,85.779,28.111,29.332,28.336,7.0,1,True,False,True,79.2,5.0,32.17272727272727,54.974999999999994,False,False,False,False,False,True,88.155,88.1177849185574,0.03721508144259644
2026,Monza,R,GAS,10,Alpine,46.0,2.0,HARD,43.0,True,85.52,28.031,29.336,28.153,7.0,1,True,False,True,81.0,5.0,32.17272727272727,54.974999999999994,False,False,False,False,False,True,87.94999999999999,88.1177849185574,-0.16778491855741606
2026,Monza,R,GAS,10,Alpine,47.0,2.0,HARD,44.0,True,85.566,28.031,29.263,28.272,7.0,1,True,False,True,82.8,5.0,32.17272727272727,54.974999999999994,False,False,False,False,False,True,88.05,88.1177849185574,-0.06778491855740754
2026,Monza,R,GAS,10,Alpine,48.0,2.0,HARD,45.0,True,85.453,28.049,29.268,28.136,7.0,1,True,False,True,84.60000000000001,5.0,32.17272727272727,54.974999999999994,False,False,False,False,False,True,87.991,88.1177849185574,-0.12678491855740504
2026,Monza,R,GAS,10,Alpine,49.0,2.0,HARD,46.0,True,85.364,28.034,29.22,28.11,7.0,1,True,False,True,86.4,5.0,32.17272727272727,54.974999999999994,False,False,False,False,False,True,87.956,88.1177849185574,-0.16178491855740162
2026,Monza,R,GAS,10,Alpine,50.0,2.0,HARD,47.0,True,85.277,27.986,29.151,28.14,7.0,1,True,False,True,88.2,5.0,32.17272727272727,54.974999999999994,False,False,False,False,False,True,87.923,88.1177849185574,-0.19478491855740288
2026,Monza,R,GAS,10,Alpine,51.0,2.0,HARD,48.0,True,85.505,28.029,29.303,28.173,7.0,1,True,False,True,90.0,5.0,32.17272727272727,54.974999999999994,False,False,False,False,False,True,88.205,88.1177849185574,0.0872150814425936
2026,Monza,R,GAS,10,Alpine,52.0,2.0,HARD,49.0,True,85.223,27.954,29.218,28.051,7.0,1,True,False,True,91.8,5.0,32.17272727272727,54.974999999999994,False,False,False,False,False,True,87.977,88.1177849185574,-0.14078491855740083
2026,Monza,R,GAS,10,Alpine,53.0,2.0,HARD,50.0,True,84.927,27.831,29.206,27.89,7.0,1,True,False,True,93.60000000000001,5.0,32.17272727272727,54.974999999999994,False,False,False,False,False,True,87.73500000000001,88.1177849185574,-0.38278491855739105
2026,Monza,R,PER,11,Cadillac,7.0,2.0,SOFT,4.0,True,88.725,28.69,30.672,29.363,17.0,1,True,False,True,10.8,5.0,32.17272727272727,54.974999999999994,False,False,False,False,False,True,89.04899999999999,88.55084801658712,0.4981519834128676
2026,Monza,R,PER,11,Cadillac,8.0,2.0,SOFT,5.0,True,88.382,28.656,30.568,29.158,17.0,1,True,False,True,12.6,5.0,32.17272727272727,54.974999999999994,False,False,False,False,False,True,88.76,88.55084801658712,0.20915198341288033
2026,Monza,R,PER,11,Cadillac,9.0,2.0,SOFT,6.0,True,88.491,28.763,30.83,28.898,18.0,1,True,False,True,14.4,5.0,32.17272727272727,54.974999999999994,False,False,False,False,False,True,88.923,88.55084801658712,0.37215198341287703
2026,Monza,R,PER,11,Cadillac,10.0,2.0,SOFT,7.0,True,88.248,28.519,30.7,29.029,18.0,1,True,False,True,16.2,5.0,32.17272727272727,54.974999999999994,False,False,False,False,False,True,88.73400000000001,88.55084801658712,0.18315198341288408
2026,Monza,R,PER,11,Cadillac,11.0,2.0,SOFT,8.0,True,88.527,28.798000000000002,30.485,29.244,18.0,1,True,False,True,18.0,5.0,32.17272727272727,54.974999999999994,False,False,False,False,False,True,89.06700000000001,88.55084801658712,0.5161519834128825
2026,Monza,R,PER,11,Cadillac,12.0,2.0,SOFT,9.0,True,88.087,28.693,30.32,29.074,18.0,1,True,False,True,19.8,5.0,32.17272727272727,54.974999999999994,False,False,False,False,False,True,88.681,88.55084801658712,0.1301519834128726
2026,Monza,R,PER,11,Cadillac,13.0,2.0,SOFT,10.0,True,88.614,28.716,30.42,29.478,17.0,1,True,False,True,21.6,5.0,32.17272727272727,54.974999999999994,False,False,False,False,False,True,89.262,88.55084801658712,0.7111519834128757
2026,Monza,R,PER,11,Cadillac,14.0,2.0,SOFT,11.0,True,88.92,29.128,30.348,29.444,17.0,1,True,False,True,23.400000000000002,5.0,32.17272727272727,54.974999999999994,False,False,False,False,False,True,89.622,88.55084801658712,1.071151983412875
2026,Monza,R,PER,11,Cadillac,15.0,2.0,SOFT,12.0,True,89.001,29.065,30.522,29.414,17.0,1,True,False,True,25.2,5.0,32.17272727272727,54.974999999999994,False,False,False,False,False,True,89.757,88.55084801658712,1.2061519834128802
2026,Monza,R,PER,11,Cadillac,16.0,2.0,SOFT,13.0,True,88.785,29.106,30.507,29.172,18.0,1,True,False,True,27.0,5.0,32.17272727272727,54.974999999999994,False,False,False,False,False,True,89.595,88.55084801658712,1.044151983412874
2026,Monza,R,PER,11,Cadillac,17.0,2.0,SOFT,14.0,True,88.357,28.661,30.418,29.278,17.0,1,True,False,True,28.8,5.0,32.17272727272727,54.974999999999994,False,False,False,False,False,True,89.221,88.55084801658712,0.6701519834128788
2026,Monza,R,PER,11,Cadillac,18.0,2.0,SOFT,15.0,True,89.089,28.883,30.466,29.74,18.0,1,True,False,True,30.6,5.0,32.17272727272727,54.974999999999994,False,False,False,False,False,True,90.007,88.55084801658712,1.4561519834128802
2026,Monza,R,PER,11,Cadillac,19.0,2.0,SOFT,16.0,True,88.416,28.701,30.193,29.522,17.0,1,True,False,True,32.4,5.0,32.17272727272727,54.974999999999994,False,False,False,False,False,True,89.38799999999999,88.55084801658712,0.8371519834128662
2026,Monza,R,PER,11,Cadillac,20.0,2.0,SOFT,17.0,True,88.77,29.058,30.185,29.527,17.0,1,True,False,True,34.2,5.0,32.17272727272727,54.974999999999994,False,False,False,False,False,True,89.79599999999999,88.55084801658712,1.2451519834128675
2026,Monza,R,PER,11,Cadillac,21.0,2.0,SOFT,18.0,True,88.824,29.082,30.35,29.392,17.0,1,True,False,True,36.0,5.0,32.17272727272727,54.974999999999994,False,False,False,False,False,True,89.904,88.55084801658712,1.3531519834128716
2026,Monza,R,PER,11,Cadillac,22.0,2.0,SOFT,19.0,True,89.886,29.919,30.652,29.315,18.0,1,True,False,True,37.800000000000004,5.0,32.17272727272727,54.974999999999994,False,False,False,False,False,True,91.02,88.55084801658712,2.4691519834128712
2026,Monza,R,PER,11,Cadillac,23.0,2.0,SOFT,20.0,True,88.92,29.149,30.373,29.398,17.0,1,True,False,True,39.6,5.0,32.17272727272727,54.974999999999994,False,False,False,False,False,True,90.108,88.55084801658712,1.5571519834128793
2026,Monza,R,PER,11,Cadillac,24.0,2.0,SOFT,21.0,True,89.367,29.229,30.447,29.691,18.0,1,True,False,True,41.4,5.0,32.17272727272727,54.974999999999994,False,False,False,False,False,True,90.60900000000001,88.55084801658712,2.058151983412884
2026,Monza,R,PER,11,Cadillac,25.0,2.0,SOFT,22.0,True,88.282,28.855,30.222,29.205,18.0,1,True,False,True,43.2,5.0,32.17272727272727,54.974999999999994,False,False,False,False,False,True,89.578,88.55084801658712,1.0271519834128782
2026,Monza,R,PER,11,Cadillac,26.0,2.0,SOFT,23.0,True,88.847,29.004,30.46,29.383,18.0,1,True,False,True,45.0,5.0,32.17272727272727,54.974999999999994,False,False,False,False,False,True,90.19699999999999,88.55084801658712,1.6461519834128637
2026,Monza,R,PER,11,Cadillac,29.0,3.0,MEDIUM,2.0,True,88.04,29.05,30.06,28.93,18.0,1,True,False,True,50.4,5.0,32.17272727272727,54.974999999999994,False,False,False,False,False,True,89.552,87.70246615904266,1.8495338409573492
2026,Monza,R,PER,11,Cadillac,30.0,3.0,MEDIUM,3.0,True,88.678,28.837,29.955,29.886,18.0,1,True,False,True,52.2,5.0,32.17272727272727,54.974999999999994,False,False,False,False,False,True,90.244,87.70246615904266,2.5415338409573422
2026,Monza,R,PER,11,Cadillac,31.0,3.0,MEDIUM,4.0,True,88.981,29.1,31.15,28.731,18.0,1,True,False,True,54.0,5.0,32.17272727272727,54.974999999999994,False,False,False,False,False,True,90.601,87.70246615904266,2.8985338409573416
2026,Monza,R,PER,11,Cadillac,32.0,3.0,MEDIUM,5.0,True,90.477,28.582,30.987,30.908,18.0,1,True,False,True,55.800000000000004,5.0,32.17272727272727,54.974999999999994,False,False,False,False,False,True,92.15100000000001,87.70246615904266,4.448533840957353
2026,Monza,R,PER,11,Cadillac,33.0,3.0,MEDIUM,6.0,True,88.076,28.412,30.15,29.514,18.0,1,True,False,True,57.6,5.0,32.17272727272727,54.974999999999994,False,False,False,False,False,True,89.80399999999999,87.70246615904266,2.1015338409573303
2026,Monza,R,PER,11,Cadillac,34.0,3.0,MEDIUM,7.0,True,87.021,28.512,29.925,28.584,18.0,1,True,False,True,59.4,5.0,32.17272727272727,54.974999999999994,False,False,False,False,False,True,88.803,87.70246615904266,1.1005338409573397
2026,Monza,R,PER,11,Cadillac,35.0,3.0,MEDIUM,8.0,True,87.651,28.653,30.075,28.923000000000002,18.0,1,True,False,True,61.2,5.0,32.17272727272727,54.974999999999994,False,False,False,False,False,True,89.487,87.70246615904266,1.7845338409573372
2026,Monza,R,PER,11,Cadillac,36.0,3.0,MEDIUM,9.0,True,88.358,29.26,30.075,29.023,18.0,1,True,False,True,63.0,5.0,32.17272727272727,54.974999999999994,False,False,False,False,False,True,90.248,87.70246615904266,2.545533840957347
2026,Monza,R,PER,11,Cadillac,37.0,3.0,MEDIUM,10.0,True,88.711,29.05,29.876,29.785,18.0,1,True,False,True,64.8,5.0,32.17272727272727,54.974999999999994,False,False,False,False,False,True,90.655,87.70246615904266,2.9525338409573436
2026,Monza,R,PER,11,Cadillac,38.0,3.0,MEDIUM,11.0,True,87.454,28.864,29.81,28.78,18.0,1,True,False,True,66.60000000000001,5.0,32.17272727272727,54.974999999999994,False,False,False,False,False,True,89.452,87.70246615904266,1.7495338409573407
2026,Monza,R,PER,11,Cadillac,39.0,3.0,MEDIUM,12.0,True,87.85,28.725,30.094,29.031,18.0,1,True,False,True,68.4,5.0,32.17272727272727,54.974999999999994,False,False,False,False,False,True,89.902,87.70246615904266,2.1995338409573435
2026,Monza,R,PER,11,Cadillac,40.0,3.0,MEDIUM,13.0,True,88.034,28.935,30.002,29.097,18.0,1,True,False,True,70.2,5.0,32.17272727272727,54.974999999999994,False,False,False,False,False,True,90.14,87.70246615904266,2.437533840957343
2026,Monza,R,PER,11,Cadillac,41.0,3.0,MEDIUM,14.0,True,87.714,28.845,29.844,29.025,18.0,1,True,False,True,72.0,5.0,32.17272727272727,54.974999999999994,False,False,False,False,False,True,89.874,87.70246615904266,2.1715338409573377
2026,Monza,R,PER,11,Cadillac,42.0,3.0,MEDIUM,15.0,True,90.03,30.311,30.889,28.83,18.0,1,True,False,True,73.8,5.0,32.17272727272727,54.974999999999994,False,False,False,False,False,True,92.244,87.70246615904266,4.541533840957342
2026,Monza,R,PER,11,Cadillac,43.0,3.0,MEDIUM,16.0,True,87.078,28.717,29.697,28.664,18.0,1,True,False,True,75.60000000000001,5.0,32.17272727272727,54.974999999999994,False,False,False,False,False,True,89.346,87.70246615904266,1.6435338409573461
2026,Monza,R,PER,11,Cadillac,44.0,3.0,MEDIUM,17.0,True,87.289,28.76,29.704,28.825,18.0,1,True,False,True,77.4,5.0,32.17272727272727,54.974999999999994,False,False,False,False,False,True,89.611,87.70246615904266,1.9085338409573467
2026,Monza,R,PER,11,Cadillac,45.0,3.0,MEDIUM,18.0,True,87.432,28.922,29.877,28.633,18.0,1,True,False,True,79.2,5.0,32.17272727272727,54.974999999999994,False,False,False,False,False,True,89.808,87.70246615904266,2.1055338409573494
2026,Monza,R,PER,11,Cadillac,46.0,3.0,MEDIUM,19.0,True,87.573,28.849,29.81,28.914,18.0,1,True,False,True,81.0,5.0,32.17272727272727,54.974999999999994,False,False,False,False,False,True,90.00299999999999,87.70246615904266,2.3005338409573284
2026,Monza,R,PER,11,Cadillac,47.0,3.0,MEDIUM,20.0,True,87.524,29.016,29.666,28.842,18.0,1,True,False,True,82.8,5.0,32.17272727272727,54.974999999999994,False,False,False,False,False,True,90.008,87.70246615904266,2.305533840957338
2026,Monza,R,PER,11,Cadillac,48.0,3.0,MEDIUM,21.0,True,88.716,28.946,29.81,29.96,18.0,1,True,False,True,84.60000000000001,5.0,32.17272727272727,54.974999999999994,False,False,False,False,False,True,91.25399999999999,87.70246615904266,3.551533840957333
2026,Monza,R,PER,11,Cadillac,49.0,3.0,MEDIUM,22.0,True,87.889,29.186,30.004,28.699,18.0,1,True,False,True,86.4,5.0,32.17272727272727,54.974999999999994,False,False,False,False,False,True,90.481,87.70246615904266,2.778533840957337
2026,Monza,R,PER,11,Cadillac,50.0,3.0,MEDIUM,23.0,True,87.496,28.74,29.756,29.0,18.0,1,True,False,True,88.2,5.0,32.17272727272727,54.974999999999994,False,False,False,False,False,True,90.142,87.70246615904266,2.4395338409573384
2026,Monza,R,PER,11,Cadillac,51.0,3.0,MEDIUM,24.0,True,86.914,28.809,29.66,28.445,18.0,1,True,False,True,90.0,5.0,32.17272727272727,54.974999999999994,False,False,False,False,False,True,89.614,87.70246615904266,1.9115338409573468
2026,Monza,R,PER,11,Cadillac,52.0,3.0,MEDIUM,25.0,True,87.327,28.679,30.142,28.506,18.0,1,True,False,True,91.8,5.0,32.17272727272727,54.974999999999994,False,False,False,False,False,True,90.081,87.70246615904266,2.3785338409573455
2026,Monza,R,ANT,12,Mercedes,7.0,2.0,MEDIUM,4.0,True,86.503,27.793,29.647,29.063,6.0,1,True,False,True,10.8,5.0,32.17272727272727,54.974999999999994,False,False,False,False,False,True,86.827,87.70246615904266,-0.8754661590426593
2026,Monza,R,ANT,12,Mercedes,8.0,2.0,MEDIUM,5.0,True,86.3,28.408,29.281,28.611,6.0,1,True,False,True,12.6,5.0,32.17272727272727,54.974999999999994,False,False,False,False,False,True,86.678,87.70246615904266,-1.0244661590426603
2026,Monza,R,ANT,12,Mercedes,9.0,2.0,MEDIUM,6.0,True,85.749,28.092,29.315,28.342,6.0,1,True,False,True,14.4,5.0,32.17272727272727,54.974999999999994,False,False,False,False,False,True,86.181,87.70246615904266,-1.5214661590426601
2026,Monza,R,ANT,12,Mercedes,10.0,2.0,MEDIUM,7.0,True,86.352,27.993,29.512,28.847,5.0,1,True,False,True,16.2,5.0,32.17272727272727,54.974999999999994,False,False,False,False,False,True,86.83800000000001,87.70246615904266,-0.8644661590426495
2026,Monza,R,ANT,12,Mercedes,11.0,2.0,MEDIUM,8.0,True,86.101,27.706,29.802,28.593,5.0,1,True,False,True,18.0,5.0,32.17272727272727,54.974999999999994,False,False,False,False,False,True,86.641,87.70246615904266,-1.0614661590426522
2026,Monza,R,ANT,12,Mercedes,12.0,2.0,MEDIUM,9.0,True,85.721,27.663,29.479,28.579,4.0,1,True,False,True,19.8,5.0,32.17272727272727,54.974999999999994,False,False,False,False,False,True,86.315,87.70246615904266,-1.3874661590426598
2026,Monza,R,ANT,12,Mercedes,13.0,2.0,MEDIUM,10.0,True,85.469,27.581,29.444,28.444,3.0,1,True,False,True,21.6,5.0,32.17272727272727,54.974999999999994,False,False,False,False,False,True,86.11699999999999,87.70246615904266,-1.5854661590426673
2026,Monza,R,ANT,12,Mercedes,14.0,2.0,MEDIUM,11.0,True,85.828,27.714,29.6,28.514,3.0,1,True,False,True,23.400000000000002,5.0,32.17272727272727,54.974999999999994,False,False,False,False,False,True,86.53,87.70246615904266,-1.1724661590426564
2026,Monza,R,ANT,12,Mercedes,15.0,2.0,MEDIUM,12.0,True,86.118,27.815,29.799,28.504,3.0,1,True,False,True,25.2,5.0,32.17272727272727,54.974999999999994,False,False,False,False,False,True,86.874,87.70246615904266,-0.8284661590426623
2026,Monza,R,ANT,12,Mercedes,16.0,2.0,MEDIUM,13.0,True,85.615,27.813,29.44,28.362,2.0,1,True,False,True,27.0,5.0,32.17272727272727,54.974999999999994,False,False,False,False,False,True,86.425,87.70246615904266,-1.2774661590426604
2026,Monza,R,ANT,12,Mercedes,17.0,2.0,MEDIUM,14.0,True,85.203,27.617,29.352,28.234,2.0,1,True,False,True,28.8,5.0,32.17272727272727,54.974999999999994,False,False,False,False,False,True,86.06700000000001,87.70246615904266,-1.6354661590426502
2026,Monza,R,ANT,12,Mercedes,18.0,2.0,MEDIUM,15.0,True,85.224,27.598,29.148,28.478,1.0,1,True,False,True,30.6,5.0,32.17272727272727,54.974999999999994,False,False,False,False,False,True,86.14200000000001,87.70246615904266,-1.5604661590426474
2026,Monza,R,ANT,12,Mercedes,19.0,2.0,MEDIUM,16.0,True,85.729,28.045,29.296,28.388,1.0,1,True,False,True,32.4,5.0,32.17272727272727,54.974999999999994,False,False,False,False,False,True,86.701,87.70246615904266,-1.0014661590426641
2026,Monza,R,ANT,12,Mercedes,20.0,2.0,MEDIUM,17.0,True,85.589,28.144,29.14,28.305,1.0,1,True,False,True,34.2,5.0,32.17272727272727,54.974999999999994,False,False,False,False,False,True,86.615,87.70246615904266,-1.0874661590426626
2026,Monza,R,ANT,12,Mercedes,21.0,2.0,MEDIUM,18.0,True,85.833,28.29,29.291,28.252,1.0,1,True,False,True,36.0,5.0,32.17272727272727,54.974999999999994,False,False,False,False,False,True,86.913,87.70246615904266,-0.7894661590426608
2026,Monza,R,ANT,12,Mercedes,22.0,2.0,MEDIUM,19.0,True,86.536,28.47,29.685,28.381,1.0,1,True,False,True,37.800000000000004,5.0,32.17272727272727,54.974999999999994,False,False,False,False,False,True,87.67,87.70246615904266,-0.03246615904265582
2026,Monza,R,ANT,12,Mercedes,23.0,2.0,MEDIUM,20.0,True,86.685,28.515,29.861,28.309,2.0,1,True,False,True,39.6,5.0,32.17272727272727,54.974999999999994,False,False,False,False,False,True,87.873,87.70246615904266,0.17053384095734714
2026,Monza,R,ANT,12,Mercedes,24.0,2.0,MEDIUM,21.0,True,85.994,28.186,29.529,28.279,2.0,1,True,False,True,41.4,5.0,32.17272727272727,54.974999999999994,False,False,False,False,False,True,87.236,87.70246615904266,-0.4664661590426533
2026,Monza,R,ANT,12,Mercedes,25.0,2.0,MEDIUM,22.0,True,85.287,27.949,29.163,28.175,2.0,1,True,False,True,43.2,5.0,32.17272727272727,54.974999999999994,False,False,False,False,False,True,86.58300000000001,87.70246615904266,-1.119466159042645
2026,Monza,R,ANT,12,Mercedes,26.0,2.0,MEDIUM,23.0,True,85.402,28.239,29.07,28.093,2.0,1,True,False,True,45.0,5.0,32.17272727272727,54.974999999999994,False,False,False,False,False,True,86.752,87.70246615904266,-0.9504661590426622
2026,Monza,R,ANT,12,Mercedes,27.0,2.0,MEDIUM,24.0,True,85.544,28.064,29.327,28.153,2.0,1,True,False,True,46.800000000000004,5.0,32.17272727272727,54.974999999999994,False,False,False,False,False,True,86.948,87.70246615904266,-0.7544661590426642
2026,Monza,R,ANT,12,Mercedes,30.0,3.0,MEDIUM,2.0,True,84.595,27.647,29.094,27.854,5.0,1,True,False,True,52.2,5.0,32.17272727272727,54.974999999999994,False,False,False,False,False,True,86.161,87.70246615904266,-1.5414661590426562
2026,Monza,R,ANT,12,Mercedes,31.0,3.0,MEDIUM,3.0,True,84.816,27.596,29.21,28.01,4.0,1,True,False,True,54.0,5.0,32.17272727272727,54.974999999999994,False,False,False,False,False,True,86.436,87.70246615904266,-1.2664661590426505
2026,Monza,R,ANT,12,Mercedes,32.0,3.0,MEDIUM,4.0,True,84.672,27.748,29.028,27.896,4.0,1,True,False,True,55.800000000000004,5.0,32.17272727272727,54.974999999999994,False,False,False,False,False,True,86.346,87.70246615904266,-1.3564661590426539
2026,Monza,R,ANT,12,Mercedes,33.0,3.0,MEDIUM,5.0,True,84.976,27.809,29.247,27.92,4.0,1,True,False,True,57.6,5.0,32.17272727272727,54.974999999999994,False,False,False,False,False,True,86.704,87.70246615904266,-0.998466159042664
2026,Monza,R,ANT,12,Mercedes,34.0,3.0,MEDIUM,6.0,True,84.669,27.777,29.096,27.796,4.0,1,True,False,True,59.4,5.0,32.17272727272727,54.974999999999994,False,False,False,False,False,True,86.451,87.70246615904266,-1.2514661590426641
2026,Monza,R,ANT,12,Mercedes,35.0,3.0,MEDIUM,7.0,True,84.421,27.744,28.967,27.71,3.0,1,True,False,True,61.2,5.0,32.17272727272727,54.974999999999994,False,False,False,False,False,True,86.257,87.70246615904266,-1.4454661590426525
2026,Monza,R,ANT,12,Mercedes,36.0,3.0,MEDIUM,8.0,True,84.684,27.734,29.063,27.887,3.0,1,True,False,True,63.0,5.0,32.17272727272727,54.974999999999994,False,False,False,False,False,True,86.574,87.70246615904266,-1.1284661590426595
2026,Monza,R,ANT,12,Mercedes,37.0,3.0,MEDIUM,9.0,True,84.463,27.724,28.769,27.97,2.0,1,True,False,True,64.8,5.0,32.17272727272727,54.974999999999994,False,False,False,False,False,True,86.407,87.70246615904266,-1.295466159042661
2026,Monza,R,ANT,12,Mercedes,38.0,3.0,MEDIUM,10.0,True,84.86,28.087,28.903,27.87,2.0,1,True,False,True,66.60000000000001,5.0,32.17272727272727,54.974999999999994,False,False,False,False,False,True,86.858,87.70246615904266,-0.8444661590426534
2026,Monza,R,ANT,12,Mercedes,39.0,3.0,MEDIUM,11.0,True,84.725,28.013,28.909,27.803,2.0,1,True,False,True,68.4,5.0,32.17272727272727,54.974999999999994,False,False,False,False,False,True,86.777,87.70246615904266,-0.9254661590426565
2026,Monza,R,ANT,12,Mercedes,40.0,3.0,MEDIUM,12.0,True,84.613,27.936,28.931,27.746,2.0,1,True,False,True,70.2,5.0,32.17272727272727,54.974999999999994,False,False,False,False,False,True,86.719,87.70246615904266,-0.9834661590426634
2026,Monza,R,ANT,12,Mercedes,41.0,3.0,MEDIUM,13.0,True,84.577,27.983,28.807,27.787,2.0,1,True,False,True,72.0,5.0,32.17272727272727,54.974999999999994,False,False,False,False,False,True,86.737,87.70246615904266,-0.9654661590426628
2026,Monza,R,ANT,12,Mercedes,42.0,3.0,MEDIUM,14.0,True,84.347,27.822,28.752,27.773,2.0,1,True,False,True,73.8,5.0,32.17272727272727,54.974999999999994,False,False,False,False,False,True,86.56099999999999,87.70246615904266,-1.1414661590426647
2026,Monza,R,ANT,12,Mercedes,43.0,3.0,MEDIUM,15.0,True,84.478,27.866,28.93,27.682,2.0,1,True,False,True,75.60000000000001,5.0,32.17272727272727,54.974999999999994,False,False,False,False,False,True,86.746,87.70246615904266,-0.9564661590426624
2026,Monza,R,ANT,12,Mercedes,44.0,3.0,MEDIUM,16.0,True,84.344,27.83,28.843,27.671,2.0,1,True,False,True,77.4,5.0,32.17272727272727,54.974999999999994,False,False,False,False,False,True,86.666,87.70246615904266,-1.0364661590426607
2026,Monza,R,ANT,12,Mercedes,45.0,3.0,MEDIUM,17.0,True,84.037,27.789,28.705,27.543,2.0,1,True,False,True,79.2,5.0,32.17272727272727,54.974999999999994,False,False,False,False,False,True,86.41300000000001,87.70246615904266,-1.2894661590426466
2026,Monza,R,ANT,12,Mercedes,46.0,3.0,MEDIUM,18.0,True,83.861,27.601,28.742,27.518,2.0,1,True,False,True,81.0,5.0,32.17272727272727,54.974999999999994,False,False,False,False,False,True,86.291,87.70246615904266,-1.4114661590426607
2026,Monza,R,ANT,12,Mercedes,47.0,3.0,MEDIUM,19.0,True,84.128,27.801,28.749,27.578,2.0,1,True,False,True,82.8,5.0,32.17272727272727,54.974999999999994,False,False,False,False,False,True,86.612,87.70246615904266,-1.0904661590426628
2026,Monza,R,ANT,12,Mercedes,48.0,3.0,MEDIUM,20.0,True,84.572,27.662,28.78,28.13,2.0,1,True,False,True,84.60000000000001,5.0,32.17272727272727,54.974999999999994,False,False,False,False,False,True,87.11,87.70246615904266,-0.5924661590426581
2026,Monza,R,ANT,12,Mercedes,49.0,3.0,MEDIUM,21.0,True,88.582,32.03,28.8,27.752,2.0,1,True,False,True,86.4,5.0,32.17272727272727,54.974999999999994,False,False,False,False,False,True,91.17399999999999,87.70246615904266,3.471533840957335
2026,Monza,R,ANT,12,Mercedes,50.0,3.0,MEDIUM,22.0,True,84.124,27.683,28.957,27.484,1.0,1,True,False,True,88.2,5.0,32.17272727272727,54.974999999999994,False,False,False,False,False,True,86.77,87.70246615904266,-0.9324661590426615
2026,Monza,R,ANT,12,Mercedes,51.0,3.0,MEDIUM,23.0,True,84.398,27.811,28.818,27.769,1.0,1,True,False,True,90.0,5.0,32.17272727272727,54.974999999999994,False,False,False,False,False,True,87.098,87.70246615904266,-0.6044661590426585
2026,Monza,R,ANT,12,Mercedes,52.0,3.0,MEDIUM,24.0,True,84.305,27.663,28.778,27.864,1.0,1,True,False,True,91.8,5.0,32.17272727272727,54.974999999999994,False,False,False,False,False,True,87.05900000000001,87.70246615904266,-0.6434661590426458
2026,Monza,R,ANT,12,Mercedes,53.0,3.0,MEDIUM,25.0,True,83.504,27.225,28.686,27.593,1.0,1,True,False,True,93.60000000000001,5.0,32.17272727272727,54.974999999999994,False,False,False,False,False,True,86.31200000000001,87.70246615904266,-1.3904661590426457
2026,Monza,R,ALO,14,Aston Martin,7.0,2.0,SOFT,4.0,True,89.577,29.195,31.191,29.191,19.0,1,True,False,True,10.8,5.0,32.17272727272727,54.974999999999994,False,False,False,False,False,True,89.901,88.55084801658712,1.3501519834128715
2026,Monza,R,ALO,14,Aston Martin,8.0,2.0,SOFT,5.0,True,87.961,28.748,30.36,28.853,19.0,1,True,False,True,12.6,5.0,32.17272727272727,54.974999999999994,False,False,False,False,False,True,88.339,88.55084801658712,-0.21184801658712615
2026,Monza,R,ALO,14,Aston Martin,9.0,2.0,SOFT,6.0,True,88.093,28.707,30.81,28.576,19.0,1,True,False,True,14.4,5.0,32.17272727272727,54.974999999999994,False,False,False,False,False,True,88.525,88.55084801658712,-0.025848016587119105
2026,Monza,R,ALO,14,Aston Martin,10.0,2.0,SOFT,7.0,True,88.261,28.791,30.649,28.821,19.0,1,True,False,True,16.2,5.0,32.17272727272727,54.974999999999994,False,False,False,False,False,True,88.747,88.55084801658712,0.1961519834128751
2026,Monza,R,ALO,14,Aston Martin,11.0,2.0,SOFT,8.0,True,88.548,29.085,30.639,28.824,19.0,1,True,False,True,18.0,5.0,32.17272727272727,54.974999999999994,False,False,False,False,False,True,89.08800000000001,88.55084801658712,0.5371519834128833
2026,Monza,R,ALO,14,Aston Martin,12.0,2.0,SOFT,9.0,True,88.323,29.159,30.424,28.74,19.0,1,True,False,True,19.8,5.0,32.17272727272727,54.974999999999994,False,False,False,False,False,True,88.91699999999999,88.55084801658712,0.3661519834128626
2026,Monza,R,ALO,14,Aston Martin,13.0,2.0,SOFT,10.0,True,88.213,28.989,30.255,28.969,18.0,1,True,False,True,21.6,5.0,32.17272727272727,54.974999999999994,False,False,False,False,False,True,88.86099999999999,88.55084801658712,0.3101519834128652
2026,Monza,R,ALO,14,Aston Martin,14.0,2.0,SOFT,11.0,True,88.889,29.004,30.781,29.104,18.0,1,True,False,True,23.400000000000002,5.0,32.17272727272727,54.974999999999994,False,False,False,False,False,True,89.591,88.55084801658712,1.0401519834128692
2026,Monza,R,ALO,14,Aston Martin,15.0,2.0,SOFT,12.0,True,88.951,28.846,30.931,29.174,18.0,1,True,False,True,25.2,5.0,32.17272727272727,54.974999999999994,False,False,False,False,False,True,89.707,88.55084801658712,1.1561519834128688
2026,Monza,R,ALO,14,Aston Martin,16.0,2.0,SOFT,13.0,True,88.058,28.67,30.114,29.274,17.0,1,True,False,True,27.0,5.0,32.17272727272727,54.974999999999994,False,False,False,False,False,True,88.86800000000001,88.55084801658712,0.3171519834128844
2026,Monza,R,ALO,14,Aston Martin,17.0,2.0,SOFT,14.0,True,89.39,29.556,30.734,29.1,18.0,1,True,False,True,28.8,5.0,32.17272727272727,54.974999999999994,False,False,False,False,False,True,90.254,88.55084801658712,1.70315198341288
2026,Monza,R,ALO,14,Aston Martin,18.0,2.0,SOFT,15.0,True,88.488,28.847,30.63,29.011,17.0,1,True,False,True,30.6,5.0,32.17272727272727,54.974999999999994,False,False,False,False,False,True,89.406,88.55084801658712,0.8551519834128811
2026,Monza,R,ALO,14,Aston Martin,19.0,2.0,SOFT,16.0,True,89.067,29.253,30.674,29.14,18.0,1,True,False,True,32.4,5.0,32.17272727272727,54.974999999999994,False,False,False,False,False,True,90.03899999999999,88.55084801658712,1.4881519834128625
2026,Monza,R,ALO,14,Aston Martin,20.0,2.0,SOFT,17.0,True,88.702,29.154,30.314,29.234,18.0,1,True,False,True,34.2,5.0,32.17272727272727,54.974999999999994,False,False,False,False,False,True,89.728,88.55084801658712,1.1771519834128696
2026,Monza,R,ALO,14,Aston Martin,21.0,2.0,SOFT,18.0,True,88.45,29.028,30.403,29.019,18.0,1,True,False,True,36.0,5.0,32.17272727272727,54.974999999999994,False,False,False,False,False,True,89.53,88.55084801658712,0.9791519834128763
2026,Monza,R,ALO,14,Aston Martin,22.0,2.0,SOFT,19.0,True,88.719,29.129,30.327,29.263,17.0,1,True,False,True,37.800000000000004,5.0,32.17272727272727,54.974999999999994,False,False,False,False,False,True,89.853,88.55084801658712,1.3021519834128696
2026,Monza,R,STR,18,Aston Martin,7.0,2.0,HARD,4.0,True,90.832,30.133,31.003,29.696,20.0,1,True,False,True,10.8,5.0,32.17272727272727,54.974999999999994,False,False,False,False,False,True,91.15599999999999,88.1177849185574,3.038215081442587
2026,Monza,R,STR,18,Aston Martin,8.0,2.0,HARD,5.0,True,89.718,29.463,30.668,29.587,21.0,1,True,False,True,12.6,5.0,32.17272727272727,54.974999999999994,False,False,False,False,False,True,90.096,88.1177849185574,1.978215081442599
2026,Monza,R,STR,18,Aston Martin,9.0,2.0,HARD,6.0,True,89.406,29.603,30.406,29.397,21.0,1,True,False,True,14.4,5.0,32.17272727272727,54.974999999999994,False,False,False,False,False,True,89.83800000000001,88.1177849185574,1.7202150814426034
2026,Monza,R,STR,18,Aston Martin,10.0,2.0,HARD,7.0,True,89.06,29.279,30.43,29.351,21.0,1,True,False,True,16.2,5.0,32.17272727272727,54.974999999999994,False,False,False,False,False,True,89.546,88.1177849185574,1.4282150814426018
2026,Monza,R,STR,18,Aston Martin,11.0,2.0,HARD,8.0,True,88.415,29.024,30.413,28.978,21.0,1,True,False,True,18.0,5.0,32.17272727272727,54.974999999999994,False,False,False,False,False,True,88.95500000000001,88.1177849185574,0.8372150814426078
2026,Monza,R,STR,18,Aston Martin,12.0,2.0,HARD,9.0,True,88.887,28.911,30.643,29.333,21.0,1,True,False,True,19.8,5.0,32.17272727272727,54.974999999999994,False,False,False,False,False,True,89.481,88.1177849185574,1.3632150814425898
2026,Monza,R,STR,18,Aston Martin,13.0,2.0,HARD,10.0,True,88.946,29.24,30.421,29.285,20.0,1,True,False,True,21.6,5.0,32.17272727272727,54.974999999999994,False,False,False,False,False,True,89.594,88.1177849185574,1.4762150814425894
2026,Monza,R,STR,18,Aston Martin,14.0,2.0,HARD,11.0,True,89.076,29.302,30.418,29.356,20.0,1,True,False,True,23.400000000000002,5.0,32.17272727272727,54.974999999999994,False,False,False,False,False,True,89.77799999999999,88.1177849185574,1.660215081442587
2026,Monza,R,STR,18,Aston Martin,15.0,2.0,HARD,12.0,True,89.438,29.387,30.551,29.5,20.0,1,True,False,True,25.2,5.0,32.17272727272727,54.974999999999994,False,False,False,False,False,True,90.194,88.1177849185574,2.076215081442598
2026,Monza,R,STR,18,Aston Martin,16.0,2.0,HARD,13.0,True,89.347,29.432,30.388,29.527,20.0,1,True,False,True,27.0,5.0,32.17272727272727,54.974999999999994,False,False,False,False,False,True,90.157,88.1177849185574,2.039215081442592
2026,Monza,R,STR,18,Aston Martin,17.0,2.0,HARD,14.0,True,89.085,29.389,30.232,29.464,20.0,1,True,False,True,28.8,5.0,32.17272727272727,54.974999999999994,False,False,False,False,False,True,89.949,88.1177849185574,1.8312150814425934
2026,Monza,R,STR,18,Aston Martin,18.0,2.0,HARD,15.0,True,89.285,29.453,30.264,29.568,20.0,1,True,False,True,30.6,5.0,32.17272727272727,54.974999999999994,False,False,False,False,False,True,90.203,88.1177849185574,2.0852150814425983
2026,Monza,R,STR,18,Aston Martin,19.0,2.0,HARD,16.0,True,89.11,29.324,30.274,29.512,20.0,1,True,False,True,32.4,5.0,32.17272727272727,54.974999999999994,False,False,False,False,False,True,90.082,88.1177849185574,1.964215081442589
2026,Monza,R,STR,18,Aston Martin,20.0,2.0,HARD,17.0,True,89.196,29.54,30.175,29.481,20.0,1,True,False,True,34.2,5.0,32.17272727272727,54.974999999999994,False,False,False,False,False,True,90.222,88.1177849185574,2.1042150814425895
2026,Monza,R,STR,18,Aston Martin,21.0,2.0,HARD,18.0,True,89.655,29.782,30.469,29.404,21.0,1,True,False,True,36.0,5.0,32.17272727272727,54.974999999999994,False,False,False,False,False,True,90.735,88.1177849185574,2.6172150814425947
2026,Monza,R,STR,18,Aston Martin,22.0,2.0,HARD,19.0,True,89.206,29.571,30.23,29.405,21.0,1,True,False,True,37.800000000000004,5.0,32.17272727272727,54.974999999999994,False,False,False,False,False,True,90.34,88.1177849185574,2.2222150814425987
2026,Monza,R,STR,18,Aston Martin,23.0,2.0,HARD,20.0,True,89.428,28.686,31.23,29.512,21.0,1,True,False,True,39.6,5.0,32.17272727272727,54.974999999999994,False,False,False,False,False,True,90.616,88.1177849185574,2.498215081442595
2026,Monza,R,STR,18,Aston Martin,24.0,2.0,HARD,21.0,True,89.978,29.841,30.589,29.548000000000002,20.0,1,True,False,True,41.4,5.0,32.17272727272727,54.974999999999994,False,False,False,False,False,True,91.22,88.1177849185574,3.102215081442594
2026,Monza,R,STR,18,Aston Martin,25.0,2.0,HARD,22.0,True,91.605,29.602,31.588,30.415,20.0,1,True,False,True,43.2,5.0,32.17272727272727,54.974999999999994,False,False,False,False,False,True,92.90100000000001,88.1177849185574,4.783215081442606
2026,Monza,R,STR,18,Aston Martin,26.0,2.0,HARD,23.0,True,89.445,29.642,30.345,29.458,20.0,1,True,False,True,45.0,5.0,32.17272727272727,54.974999999999994,False,False,False,False,False,True,90.79499999999999,88.1177849185574,2.677215081442583
2026,Monza,R,TSU,22,Racing Bulls,7.0,2.0,MEDIUM,4.0,True,88.09,28.565,30.497,29.028,10.0,1,True,False,True,10.8,5.0,32.17272727272727,54.974999999999994,False,False,False,False,False,True,88.414,87.70246615904266,0.711533840957344
2026,Monza,R,TSU,22,Racing Bulls,8.0,2.0,MEDIUM,5.0,True,87.369,28.263,30.355,28.751,10.0,1,True,False,True,12.6,5.0,32.17272727272727,54.974999999999994,False,False,False,False,False,True,87.747,87.70246615904266,0.04453384095734236
2026,Monza,R,TSU,22,Racing Bulls,9.0,2.0,MEDIUM,6.0,True,86.631,28.187,29.95,28.494,9.0,1,True,False,True,14.4,5.0,32.17272727272727,54.974999999999994,False,False,False,False,False,True,87.063,87.70246615904266,-0.6394661590426551
2026,Monza,R,TSU,22,Racing Bulls,10.0,2.0,MEDIUM,7.0,True,86.994,28.532,29.887,28.575,9.0,1,True,False,True,16.2,5.0,32.17272727272727,54.974999999999994,False,False,False,False,False,True,87.48,87.70246615904266,-0.22246615904265354
2026,Monza,R,TSU,22,Racing Bulls,11.0,2.0,MEDIUM,8.0,True,86.859,28.521,29.824,28.514,9.0,1,True,False,True,18.0,5.0,32.17272727272727,54.974999999999994,False,False,False,False,False,True,87.399,87.70246615904266,-0.3034661590426566
2026,Monza,R,TSU,22,Racing Bulls,12.0,2.0,MEDIUM,9.0,True,86.733,28.441,29.691,28.601,9.0,1,True,False,True,19.8,5.0,32.17272727272727,54.974999999999994,False,False,False,False,False,True,87.327,87.70246615904266,-0.37546615904265934
2026,Monza,R,TSU,22,Racing Bulls,13.0,2.0,MEDIUM,10.0,True,86.481,28.355,29.663,28.463,9.0,1,True,False,True,21.6,5.0,32.17272727272727,54.974999999999994,False,False,False,False,False,True,87.12899999999999,87.70246615904266,-0.5734661590426668
2026,Monza,R,TSU,22,Racing Bulls,14.0,2.0,MEDIUM,11.0,True,86.876,28.476,29.891,28.509,9.0,1,True,False,True,23.400000000000002,5.0,32.17272727272727,54.974999999999994,False,False,False,False,False,True,87.578,87.70246615904266,-0.12446615904265457
2026,Monza,R,TSU,22,Racing Bulls,15.0,2.0,MEDIUM,12.0,True,86.53,28.469,29.659,28.402,9.0,1,True,False,True,25.2,5.0,32.17272727272727,54.974999999999994,False,False,False,False,False,True,87.286,87.70246615904266,-0.41646615904265616
2026,Monza,R,TSU,22,Racing Bulls,16.0,2.0,MEDIUM,13.0,True,86.692,28.336,29.83,28.526,9.0,1,True,False,True,27.0,5.0,32.17272727272727,54.974999999999994,False,False,False,False,False,True,87.502,87.70246615904266,-0.20046615904266218
2026,Monza,R,TSU,22,Racing Bulls,17.0,2.0,MEDIUM,14.0,True,86.585,28.272,29.825,28.488,9.0,1,True,False,True,28.8,5.0,32.17272727272727,54.974999999999994,False,False,False,False,False,True,87.449,87.70246615904266,-0.25346615904265946
2026,Monza,R,TSU,22,Racing Bulls,18.0,2.0,MEDIUM,15.0,True,86.686,28.297,29.792,28.597,9.0,1,True,False,True,30.6,5.0,32.17272727272727,54.974999999999994,False,False,False,False,False,True,87.60400000000001,87.70246615904266,-0.09846615904264411
2026,Monza,R,TSU,22,Racing Bulls,19.0,2.0,MEDIUM,16.0,True,86.976,28.483,29.925,28.568,9.0,1,True,False,True,32.4,5.0,32.17272727272727,54.974999999999994,False,False,False,False,False,True,87.948,87.70246615904266,0.24553384095733577
2026,Monza,R,TSU,22,Racing Bulls,20.0,2.0,MEDIUM,17.0,True,86.951,28.318,29.872,28.761,9.0,1,True,False,True,34.2,5.0,32.17272727272727,54.974999999999994,False,False,False,False,False,True,87.97699999999999,87.70246615904266,0.27453384095733213
2026,Monza,R,TSU,22,Racing Bulls,21.0,2.0,MEDIUM,18.0,True,86.899,28.466,29.871,28.562,9.0,1,True,False,True,36.0,5.0,32.17272727272727,54.974999999999994,False,False,False,False,False,True,87.979,87.70246615904266,0.2765338409573417
2026,Monza,R,TSU,22,Racing Bulls,22.0,2.0,MEDIUM,19.0,True,86.866,28.406,29.939,28.521,9.0,1,True,False,True,37.800000000000004,5.0,32.17272727272727,54.974999999999994,False,False,False,False,False,True,88.0,87.70246615904266,0.2975338409573425
2026,Monza,R,TSU,22,Racing Bulls,23.0,2.0,MEDIUM,20.0,True,86.818,28.392,29.821,28.605,9.0,1,True,False,True,39.6,5.0,32.17272727272727,54.974999999999994,False,False,False,False,False,True,88.006,87.70246615904266,0.3035338409573427
2026,Monza,R,TSU,22,Racing Bulls,24.0,2.0,MEDIUM,21.0,True,86.997,28.472,29.808,28.717,9.0,1,True,False,True,41.4,5.0,32.17272727272727,54.974999999999994,False,False,False,False,False,True,88.239,87.70246615904266,0.5365338409573468
2026,Monza,R,TSU,22,Racing Bulls,25.0,2.0,MEDIUM,22.0,True,87.052,28.445,29.97,28.637,9.0,1,True,False,True,43.2,5.0,32.17272727272727,54.974999999999994,False,False,False,False,False,True,88.34800000000001,87.70246615904266,0.6455338409573557
2026,Monza,R,TSU,22,Racing Bulls,26.0,2.0,MEDIUM,23.0,True,87.135,28.44,30.038,28.657,9.0,1,True,False,True,45.0,5.0,32.17272727272727,54.974999999999994,False,False,False,False,False,True,88.485,87.70246615904266,0.7825338409573419
2026,Monza,R,TSU,22,Racing Bulls,30.0,2.0,MEDIUM,27.0,True,86.86,28.364,30.004,28.492,9.0,1,True,False,True,52.2,5.0,32.17272727272727,54.974999999999994,False,False,False,False,False,True,88.426,87.70246615904266,0.7235338409573444
2026,Monza,R,TSU,22,Racing Bulls,31.0,2.0,MEDIUM,28.0,True,86.86,28.48,29.889,28.491,9.0,1,True,False,True,54.0,5.0,32.17272727272727,54.974999999999994,False,False,False,False,False,True,88.48,87.70246615904266,0.7775338409573465
2026,Monza,R,TSU,22,Racing Bulls,32.0,2.0,MEDIUM,29.0,True,86.625,28.343,29.724,28.558,9.0,1,True,False,True,55.800000000000004,5.0,32.17272727272727,54.974999999999994,False,False,False,False,False,True,88.299,87.70246615904266,0.5965338409573491
2026,Monza,R,TSU,22,Racing Bulls,33.0,2.0,MEDIUM,30.0,True,86.751,28.464,29.802,28.485,9.0,1,True,False,True,57.6,5.0,32.17272727272727,54.974999999999994,False,False,False,False,False,True,88.479,87.70246615904266,0.7765338409573417
2026,Monza,R,TSU,22,Racing Bulls,34.0,2.0,MEDIUM,31.0,True,86.634,28.389,29.716,28.529,9.0,1,True,False,True,59.4,5.0,32.17272727272727,54.974999999999994,False,False,False,False,False,True,88.416,87.70246615904266,0.7135338409573393
2026,Monza,R,TSU,22,Racing Bulls,35.0,2.0,MEDIUM,32.0,True,86.696,28.445,29.79,28.461,9.0,1,True,False,True,61.2,5.0,32.17272727272727,54.974999999999994,False,False,False,False,False,True,88.532,87.70246615904266,0.829533840957339
2026,Monza,R,TSU,22,Racing Bulls,36.0,2.0,MEDIUM,33.0,True,86.408,28.279,29.646,28.483,9.0,1,True,False,True,63.0,5.0,32.17272727272727,54.974999999999994,False,False,False,False,False,True,88.298,87.70246615904266,0.5955338409573443
2026,Monza,R,TSU,22,Racing Bulls,37.0,2.0,MEDIUM,34.0,True,86.383,28.209,29.747,28.427,9.0,1,True,False,True,64.8,5.0,32.17272727272727,54.974999999999994,False,False,False,False,False,True,88.327,87.70246615904266,0.6245338409573407
2026,Monza,R,TSU,22,Racing Bulls,38.0,2.0,MEDIUM,35.0,True,86.612,28.334,29.747,28.531,9.0,1,True,False,True,66.60000000000001,5.0,32.17272727272727,54.974999999999994,False,False,False,False,False,True,88.61,87.70246615904266,0.9075338409573419
2026,Monza,R,TSU,22,Racing Bulls,39.0,2.0,MEDIUM,36.0,True,86.607,28.403,29.701,28.503,9.0,1,True,False,True,68.4,5.0,32.17272727272727,54.974999999999994,False,False,False,False,False,True,88.659,87.70246615904266,0.9565338409573485
2026,Monza,R,TSU,22,Racing Bulls,40.0,2.0,MEDIUM,37.0,True,86.892,28.543,29.873,28.476,9.0,1,True,False,True,70.2,5.0,32.17272727272727,54.974999999999994,False,False,False,False,False,True,88.99799999999999,87.70246615904266,1.295533840957333
2026,Monza,R,TSU,22,Racing Bulls,41.0,2.0,MEDIUM,38.0,True,87.25,28.262,30.226,28.762,10.0,1,True,False,True,72.0,5.0,32.17272727272727,54.974999999999994,False,False,False,False,False,True,89.41,87.70246615904266,1.707533840957339
2026,Monza,R,TSU,22,Racing Bulls,42.0,2.0,MEDIUM,39.0,True,86.32,28.255,29.671,28.394,10.0,1,True,False,True,73.8,5.0,32.17272727272727,54.974999999999994,False,False,False,False,False,True,88.53399999999999,87.70246615904266,0.8315338409573343
2026,Monza,R,TSU,22,Racing Bulls,43.0,2.0,MEDIUM,40.0,True,86.789,28.366,29.966,28.457,10.0,1,True,False,True,75.60000000000001,5.0,32.17272727272727,54.974999999999994,False,False,False,False,False,True,89.057,87.70246615904266,1.3545338409573446
2026,Monza,R,TSU,22,Racing Bulls,44.0,2.0,MEDIUM,41.0,True,86.494,28.449,29.747,28.298,10.0,1,True,False,True,77.4,5.0,32.17272727272727,54.974999999999994,False,False,False,False,False,True,88.816,87.70246615904266,1.113533840957345
2026,Monza,R,TSU,22,Racing Bulls,45.0,2.0,MEDIUM,42.0,True,86.533,28.446,29.721,28.366,10.0,1,True,False,True,79.2,5.0,32.17272727272727,54.974999999999994,False,False,False,False,False,True,88.909,87.70246615904266,1.2065338409573485
2026,Monza,R,TSU,22,Racing Bulls,46.0,2.0,MEDIUM,43.0,True,86.495,28.492,29.608,28.395,10.0,1,True,False,True,81.0,5.0,32.17272727272727,54.974999999999994,False,False,False,False,False,True,88.92500000000001,87.70246615904266,1.2225338409573538
2026,Monza,R,TSU,22,Racing Bulls,47.0,2.0,MEDIUM,44.0,True,86.589,28.599,29.678,28.312,10.0,1,True,False,True,82.8,5.0,32.17272727272727,54.974999999999994,False,False,False,False,False,True,89.073,87.70246615904266,1.3705338409573358
2026,Monza,R,TSU,22,Racing Bulls,48.0,2.0,MEDIUM,45.0,True,86.613,28.5,29.67,28.443,10.0,1,True,False,True,84.60000000000001,5.0,32.17272727272727,54.974999999999994,False,False,False,False,False,True,89.151,87.70246615904266,1.4485338409573387
2026,Monza,R,TSU,22,Racing Bulls,49.0,2.0,MEDIUM,46.0,True,86.53,28.484,29.609,28.437,10.0,1,True,False,True,86.4,5.0,32.17272727272727,54.974999999999994,False,False,False,False,False,True,89.122,87.70246615904266,1.4195338409573424
2026,Monza,R,TSU,22,Racing Bulls,50.0,2.0,MEDIUM,47.0,True,86.694,28.651,29.604,28.439,10.0,1,True,False,True,88.2,5.0,32.17272727272727,54.974999999999994,False,False,False,False,False,True,89.34,87.70246615904266,1.6375338409573459
2026,Monza,R,TSU,22,Racing Bulls,51.0,2.0,MEDIUM,48.0,True,86.755,28.637,29.701,28.417,10.0,1,True,False,True,90.0,5.0,32.17272727272727,54.974999999999994,False,False,False,False,False,True,89.455,87.70246615904266,1.7525338409573408
2026,Monza,R,TSU,22,Racing Bulls,52.0,2.0,MEDIUM,49.0,True,86.82,28.726,29.691,28.403,10.0,1,True,False,True,91.8,5.0,32.17272727272727,54.974999999999994,False,False,False,False,False,True,89.574,87.70246615904266,1.8715338409573405
2026,Monza,R,TSU,22,Racing Bulls,53.0,2.0,MEDIUM,50.0,True,86.64,28.643,29.633,28.364,10.0,1,True,False,True,93.60000000000001,5.0,32.17272727272727,54.974999999999994,False,False,False,False,False,True,89.44800000000001,87.70246615904266,1.74553384095735
2026,Monza,R,ALB,23,Williams,7.0,2.0,HARD,4.0,True,89.017,29.198,30.458,29.361,18.0,1,True,False,True,10.8,5.0,32.17272727272727,54.974999999999994,False,False,False,False,False,True,89.341,88.1177849185574,1.2232150814425893
2026,Monza,R,ALB,23,Williams,8.0,2.0,HARD,5.0,True,88.244,28.197,30.685,29.362,18.0,1,True,False,True,12.6,5.0,32.17272727272727,54.974999999999994,False,False,False,False,False,True,88.622,88.1177849185574,0.5042150814425952
2026,Monza,R,ALB,23,Williams,9.0,2.0,HARD,6.0,True,87.844,28.144,30.452,29.248,17.0,1,True,False,True,14.4,5.0,32.17272727272727,54.974999999999994,False,False,False,False,False,True,88.276,88.1177849185574,0.15821508144259155
2026,Monza,R,ALB,23,Williams,10.0,2.0,HARD,7.0,True,88.151,28.66,30.164,29.327,17.0,1,True,False,True,16.2,5.0,32.17272727272727,54.974999999999994,False,False,False,False,False,True,88.637,88.1177849185574,0.5192150814425958
2026,Monza,R,ALB,23,Williams,11.0,2.0,HARD,8.0,True,88.044,28.947,30.134,28.963,17.0,1,True,False,True,18.0,5.0,32.17272727272727,54.974999999999994,False,False,False,False,False,True,88.584,88.1177849185574,0.4662150814425985
2026,Monza,R,ALB,23,Williams,12.0,2.0,HARD,9.0,True,87.078,28.14,30.067,28.871,16.0,1,True,False,True,19.8,5.0,32.17272727272727,54.974999999999994,False,False,False,False,False,True,87.672,88.1177849185574,-0.44578491855740765
2026,Monza,R,ALB,23,Williams,13.0,2.0,HARD,10.0,True,87.066,27.978,30.155,28.933,16.0,1,True,False,True,21.6,5.0,32.17272727272727,54.974999999999994,False,False,False,False,False,True,87.714,88.1177849185574,-0.40378491855740606
2026,Monza,R,ALB,23,Williams,14.0,2.0,HARD,11.0,True,87.405,28.091,30.173,29.141,16.0,1,True,False,True,23.400000000000002,5.0,32.17272727272727,54.974999999999994,False,False,False,False,False,True,88.107,88.1177849185574,-0.010784918557405376
2026,Monza,R,ALB,23,Williams,15.0,2.0,HARD,12.0,True,87.772,28.227,30.35,29.195,16.0,1,True,False,True,25.2,5.0,32.17272727272727,54.974999999999994,False,False,False,False,False,True,88.528,88.1177849185574,0.4102150814426011
2026,Monza,R,ALB,23,Williams,16.0,2.0,HARD,13.0,True,87.356,28.119,30.24,28.997,16.0,1,True,False,True,27.0,5.0,32.17272727272727,54.974999999999994,False,False,False,False,False,True,88.166,88.1177849185574,0.04821508144259212
2026,Monza,R,ALB,23,Williams,17.0,2.0,HARD,14.0,True,87.29,27.9,30.307,29.083,16.0,1,True,False,True,28.8,5.0,32.17272727272727,54.974999999999994,False,False,False,False,False,True,88.15400000000001,88.1177849185574,0.03621508144260588
2026,Monza,R,ALB,23,Williams,18.0,2.0,HARD,15.0,True,87.195,27.85,30.292,29.053,16.0,1,True,False,True,30.6,5.0,32.17272727272727,54.974999999999994,False,False,False,False,False,True,88.113,88.1177849185574,-0.004784918557405149
2026,Monza,R,ALB,23,Williams,19.0,2.0,HARD,16.0,True,87.073,27.972,30.204,28.897,16.0,1,True,False,True,32.4,5.0,32.17272727272727,54.974999999999994,False,False,False,False,False,True,88.04499999999999,88.1177849185574,-0.0727849185574172
2026,Monza,R,ALB,23,Williams,20.0,2.0,HARD,17.0,True,87.018,27.992,30.158,28.868,16.0,1,True,False,True,34.2,5.0,32.17272727272727,54.974999999999994,False,False,False,False,False,True,88.044,88.1177849185574,-0.07378491855740776
2026,Monza,R,ALB,23,Williams,21.0,2.0,HARD,18.0,True,87.287,28.054,30.199,29.034,16.0,1,True,False,True,36.0,5.0,32.17272727272727,54.974999999999994,False,False,False,False,False,True,88.367,88.1177849185574,0.24921508144259974
2026,Monza,R,ALB,23,Williams,22.0,2.0,HARD,19.0,True,86.992,28.124,29.963,28.905,16.0,1,True,False,True,37.800000000000004,5.0,32.17272727272727,54.974999999999994,False,False,False,False,False,True,88.126,88.1177849185574,0.00821508144260008
2026,Monza,R,ALB,23,Williams,23.0,2.0,HARD,20.0,True,87.064,28.004,30.17,28.89,16.0,1,True,False,True,39.6,5.0,32.17272727272727,54.974999999999994,False,False,False,False,False,True,88.252,88.1177849185574,0.13421508144259064
2026,Monza,R,ALB,23,Williams,24.0,2.0,HARD,21.0,True,86.975,28.016,30.123,28.836,16.0,1,True,False,True,41.4,5.0,32.17272727272727,54.974999999999994,False,False,False,False,False,True,88.217,88.1177849185574,0.09921508144259406
2026,Monza,R,ALB,23,Williams,25.0,2.0,HARD,22.0,True,86.978,28.018,30.113,28.847,16.0,1,True,False,True,43.2,5.0,32.17272727272727,54.974999999999994,False,False,False,False,False,True,88.274,88.1177849185574,0.15621508144259622
2026,Monza,R,ALB,23,Williams,26.0,2.0,HARD,23.0,True,87.13,27.993,30.275,28.862,16.0,1,True,False,True,45.0,5.0,32.17272727272727,54.974999999999994,False,False,False,False,False,True,88.47999999999999,88.1177849185574,0.3622150814425851
2026,Monza,R,ALB,23,Williams,29.0,2.0,HARD,26.0,True,86.935,28.016,30.096,28.823,13.0,1,True,False,True,50.4,5.0,32.17272727272727,54.974999999999994,False,False,False,False,False,True,88.447,88.1177849185574,0.32921508144259803
2026,Monza,R,ALB,23,Williams,30.0,2.0,HARD,27.0,True,87.063,28.24,29.959,28.864,13.0,1,True,False,True,52.2,5.0,32.17272727272727,54.974999999999994,False,False,False,False,False,True,88.629,88.1177849185574,0.5112150814426002
2026,Monza,R,ALB,23,Williams,31.0,2.0,HARD,28.0,True,87.192,28.094,30.083,29.015,13.0,1,True,False,True,54.0,5.0,32.17272727272727,54.974999999999994,False,False,False,False,False,True,88.812,88.1177849185574,0.6942150814425929
2026,Monza,R,ALB,23,Williams,32.0,2.0,HARD,29.0,True,86.909,28.055,29.977,28.877,13.0,1,True,False,True,55.800000000000004,5.0,32.17272727272727,54.974999999999994,False,False,False,False,False,True,88.58300000000001,88.1177849185574,0.4652150814426079
2026,Monza,R,ALB,23,Williams,33.0,2.0,HARD,30.0,True,86.973,28.14,29.949,28.884,13.0,1,True,False,True,57.6,5.0,32.17272727272727,54.974999999999994,False,False,False,False,False,True,88.701,88.1177849185574,0.5832150814425887
2026,Monza,R,ALB,23,Williams,34.0,2.0,HARD,31.0,True,87.059,28.154,30.074,28.831,13.0,1,True,False,True,59.4,5.0,32.17272727272727,54.974999999999994,False,False,False,False,False,True,88.841,88.1177849185574,0.7232150814425893
2026,Monza,R,ALB,23,Williams,35.0,2.0,HARD,32.0,True,86.811,28.201,29.901,28.709,13.0,1,True,False,True,61.2,5.0,32.17272727272727,54.974999999999994,False,False,False,False,False,True,88.647,88.1177849185574,0.5292150814426009
2026,Monza,R,ALB,23,Williams,36.0,2.0,HARD,33.0,True,86.742,28.063,29.862,28.817,13.0,1,True,False,True,63.0,5.0,32.17272727272727,54.974999999999994,False,False,False,False,False,True,88.632,88.1177849185574,0.5142150814426003
2026,Monza,R,ALB,23,Williams,37.0,2.0,HARD,34.0,True,86.955,28.064,30.0,28.891,13.0,1,True,False,True,64.8,5.0,32.17272727272727,54.974999999999994,False,False,False,False,False,True,88.899,88.1177849185574,0.7812150814425962
2026,Monza,R,ALB,23,Williams,38.0,2.0,HARD,35.0,True,86.851,28.082,29.976,28.793,13.0,1,True,False,True,66.60000000000001,5.0,32.17272727272727,54.974999999999994,False,False,False,False,False,True,88.849,88.1177849185574,0.7312150814425991
2026,Monza,R,ALB,23,Williams,39.0,2.0,HARD,36.0,True,87.069,28.073,30.166,28.83,13.0,1,True,False,True,68.4,5.0,32.17272727272727,54.974999999999994,False,False,False,False,False,True,89.12100000000001,88.1177849185574,1.0032150814426046
2026,Monza,R,ALB,23,Williams,40.0,2.0,HARD,37.0,True,86.977,28.196,30.029,28.752,13.0,1,True,False,True,70.2,5.0,32.17272727272727,54.974999999999994,False,False,False,False,False,True,89.083,88.1177849185574,0.9652150814425937
2026,Monza,R,ALB,23,Williams,41.0,2.0,HARD,38.0,True,86.842,27.999,30.057,28.786,13.0,1,True,False,True,72.0,5.0,32.17272727272727,54.974999999999994,False,False,False,False,False,True,89.002,88.1177849185574,0.8842150814425906
2026,Monza,R,ALB,23,Williams,42.0,2.0,HARD,39.0,True,87.38,28.033,30.386,28.961,13.0,1,True,False,True,73.8,5.0,32.17272727272727,54.974999999999994,False,False,False,False,False,True,89.594,88.1177849185574,1.4762150814425894
2026,Monza,R,ALB,23,Williams,43.0,2.0,HARD,40.0,True,87.742,28.435,30.486,28.821,14.0,1,True,False,True,75.60000000000001,5.0,32.17272727272727,54.974999999999994,False,False,False,False,False,True,90.01,88.1177849185574,1.8922150814426004
2026,Monza,R,ALB,23,Williams,44.0,2.0,HARD,41.0,True,87.563,28.394,30.288,28.881,14.0,1,True,False,True,77.4,5.0,32.17272727272727,54.974999999999994,False,False,False,False,False,True,89.885,88.1177849185574,1.7672150814426004
2026,Monza,R,ALB,23,Williams,45.0,2.0,HARD,42.0,True,87.258,28.107,30.156,28.995,14.0,1,True,False,True,79.2,5.0,32.17272727272727,54.974999999999994,False,False,False,False,False,True,89.634,88.1177849185574,1.5162150814425956
2026,Monza,R,ALB,23,Williams,48.0,3.0,SOFT,2.0,True,90.011,31.433,30.138,28.44,17.0,1,True,False,True,84.60000000000001,5.0,32.17272727272727,54.974999999999994,False,False,False,False,False,True,92.54899999999999,88.55084801658712,3.9981519834128676
2026,Monza,R,ALB,23,Williams,49.0,3.0,SOFT,3.0,True,85.456,27.71,29.302,28.444,17.0,1,True,False,True,86.4,5.0,32.17272727272727,54.974999999999994,False,False,False,False,False,True,88.048,88.55084801658712,-0.502848016587123
2026,Monza,R,ALB,23,Williams,50.0,3.0,SOFT,4.0,True,85.783,27.575,29.664,28.544,17.0,1,True,False,True,88.2,5.0,32.17272727272727,54.974999999999994,False,False,False,False,False,True,88.429,88.55084801658712,-0.12184801658712274
2026,Monza,R,ALB,23,Williams,51.0,3.0,SOFT,5.0,True,86.164,28.12,29.661,28.383,17.0,1,True,False,True,90.0,5.0,32.17272727272727,54.974999999999994,False,False,False,False,False,True,88.864,88.55084801658712,0.31315198341287953
2026,Monza,R,ALB,23,Williams,52.0,3.0,SOFT,6.0,True,85.341,27.651,29.571,28.119,17.0,1,True,False,True,91.8,5.0,32.17272727272727,54.974999999999994,False,False,False,False,False,True,88.095,88.55084801658712,-0.4558480165871259
2026,Monza,R,HUL,27,Audi,7.0,2.0,HARD,4.0,True,88.531,28.798000000000002,30.436,29.297,11.0,1,True,False,True,10.8,5.0,32.17272727272727,54.974999999999994,False,False,False,False,False,True,88.855,88.1177849185574,0.7372150814425993
2026,Monza,R,HUL,27,Audi,8.0,2.0,HARD,5.0,True,88.742,29.487,30.32,28.935,12.0,1,True,False,True,12.6,5.0,32.17272727272727,54.974999999999994,False,False,False,False,False,True,89.12,88.1177849185574,1.0022150814425999
2026,Monza,R,HUL,27,Audi,9.0,2.0,HARD,6.0,True,87.005,28.29,29.868,28.847,12.0,1,True,False,True,14.4,5.0,32.17272727272727,54.974999999999994,False,False,False,False,False,True,87.437,88.1177849185574,-0.6807849185574071
2026,Monza,R,HUL,27,Audi,10.0,2.0,HARD,7.0,True,87.082,28.251,29.913,28.918,12.0,1,True,False,True,16.2,5.0,32.17272727272727,54.974999999999994,False,False,False,False,False,True,87.568,88.1177849185574,-0.5497849185574069
2026,Monza,R,HUL,27,Audi,11.0,2.0,HARD,8.0,True,88.411,28.433,30.855,29.123,12.0,1,True,False,True,18.0,5.0,32.17272727272727,54.974999999999994,False,False,False,False,False,True,88.95100000000001,88.1177849185574,0.8332150814426029
2026,Monza,R,HUL,27,Audi,12.0,2.0,HARD,9.0,True,87.856,28.443,30.348,29.065,11.0,1,True,False,True,19.8,5.0,32.17272727272727,54.974999999999994,False,False,False,False,False,True,88.44999999999999,88.1177849185574,0.33221508144258394
2026,Monza,R,HUL,27,Audi,13.0,2.0,HARD,10.0,True,87.54,28.855,29.91,28.775,11.0,1,True,False,True,21.6,5.0,32.17272727272727,54.974999999999994,False,False,False,False,False,True,88.188,88.1177849185574,0.0702150814425977
2026,Monza,R,HUL,27,Audi,14.0,2.0,HARD,11.0,True,87.394,28.697,29.943,28.754,11.0,1,True,False,True,23.400000000000002,5.0,32.17272727272727,54.974999999999994,False,False,False,False,False,True,88.096,88.1177849185574,-0.021784918557401056
2026,Monza,R,HUL,27,Audi,15.0,2.0,HARD,12.0,True,87.629,28.724,30.159,28.746,11.0,1,True,False,True,25.2,5.0,32.17272727272727,54.974999999999994,False,False,False,False,False,True,88.385,88.1177849185574,0.2672150814426004
2026,Monza,R,HUL,27,Audi,16.0,2.0,HARD,13.0,True,88.638,28.808,31.129,28.701,13.0,1,True,False,True,27.0,5.0,32.17272727272727,54.974999999999994,False,False,False,False,False,True,89.44800000000001,88.1177849185574,1.3302150814426028
2026,Monza,R,HUL,27,Audi,17.0,2.0,HARD,14.0,True,86.977,28.199,30.078,28.7,13.0,1,True,False,True,28.8,5.0,32.17272727272727,54.974999999999994,False,False,False,False,False,True,87.84100000000001,88.1177849185574,-0.2767849185573965
2026,Monza,R,HUL,27,Audi,18.0,2.0,HARD,15.0,True,86.453,27.924,29.892,28.637,12.0,1,True,False,True,30.6,5.0,32.17272727272727,54.974999999999994,False,False,False,False,False,True,87.37100000000001,88.1177849185574,-0.7467849185573954
2026,Monza,R,HUL,27,Audi,19.0,2.0,HARD,16.0,True,86.662,28.269,29.785,28.608,12.0,1,True,False,True,32.4,5.0,32.17272727272727,54.974999999999994,False,False,False,False,False,True,87.634,88.1177849185574,-0.48378491855740435
2026,Monza,R,HUL,27,Audi,20.0,2.0,HARD,17.0,True,86.345,28.199,29.628,28.518,12.0,1,True,False,True,34.2,5.0,32.17272727272727,54.974999999999994,False,False,False,False,False,True,87.371,88.1177849185574,-0.7467849185574096
2026,Monza,R,HUL,27,Audi,21.0,2.0,HARD,18.0,True,86.672,28.463,29.758,28.451,12.0,1,True,False,True,36.0,5.0,32.17272727272727,54.974999999999994,False,False,False,False,False,True,87.752,88.1177849185574,-0.36578491855740936
2026,Monza,R,HUL,27,Audi,22.0,2.0,HARD,19.0,True,89.803,30.839,30.123,28.841,13.0,1,True,False,True,37.800000000000004,5.0,32.17272727272727,54.974999999999994,False,False,False,False,False,True,90.937,88.1177849185574,2.819215081442593
2026,Monza,R,HUL,27,Audi,23.0,2.0,HARD,20.0,True,86.917,28.421,29.798000000000002,28.698,13.0,1,True,False,True,39.6,5.0,32.17272727272727,54.974999999999994,False,False,False,False,False,True,88.105,88.1177849185574,-0.012784918557400715
2026,Monza,R,HUL,27,Audi,24.0,2.0,HARD,21.0,True,86.544,28.432,29.639,28.473,13.0,1,True,False,True,41.4,5.0,32.17272727272727,54.974999999999994,False,False,False,False,False,True,87.786,88.1177849185574,-0.33178491855740333
2026,Monza,R,HUL,27,Audi,25.0,2.0,HARD,22.0,True,86.76,28.584,29.731,28.445,13.0,1,True,False,True,43.2,5.0,32.17272727272727,54.974999999999994,False,False,False,False,False,True,88.05600000000001,88.1177849185574,-0.0617849185573931
2026,Monza,R,HUL,27,Audi,26.0,2.0,HARD,23.0,True,86.533,28.573,29.541,28.419,13.0,1,True,False,True,45.0,5.0,32.17272727272727,54.974999999999994,False,False,False,False,False,True,87.883,88.1177849185574,-0.23478491855740913
2026,Monza,R,HUL,27,Audi,29.0,3.0,MEDIUM,5.0,False,86.975,28.878,29.347,28.75,14.0,1,True,False,True,50.4,5.0,32.17272727272727,54.974999999999994,False,False,False,False,False,True,88.487,87.70246615904266,0.7845338409573372
2026,Monza,R,HUL,27,Audi,30.0,3.0,MEDIUM,6.0,False,86.734,28.82,29.308,28.606,14.0,1,True,False,True,52.2,5.0,32.17272727272727,54.974999999999994,False,False,False,False,False,True,88.3,87.70246615904266,0.5975338409573396
2026,Monza,R,HUL,27,Audi,31.0,3.0,MEDIUM,7.0,False,86.407,28.811,29.158,28.438,14.0,1,True,False,True,54.0,5.0,32.17272727272727,54.974999999999994,False,False,False,False,False,True,88.027,87.70246615904266,0.3245338409573435
2026,Monza,R,HUL,27,Audi,32.0,3.0,MEDIUM,8.0,False,86.398,28.804,29.103,28.491,14.0,1,True,False,True,55.800000000000004,5.0,32.17272727272727,54.974999999999994,False,False,False,False,False,True,88.072,87.70246615904266,0.3695338409573452
2026,Monza,R,HUL,27,Audi,33.0,3.0,MEDIUM,9.0,False,86.249,28.698,29.218,28.333,14.0,1,True,False,True,57.6,5.0,32.17272727272727,54.974999999999994,False,False,False,False,False,True,87.97699999999999,87.70246615904266,0.27453384095733213
2026,Monza,R,HUL,27,Audi,34.0,3.0,MEDIUM,10.0,False,86.196,28.712,29.115,28.369,14.0,1,True,False,True,59.4,5.0,32.17272727272727,54.974999999999994,False,False,False,False,False,True,87.978,87.70246615904266,0.2755338409573369
2026,Monza,R,HUL,27,Audi,35.0,3.0,MEDIUM,11.0,False,86.033,28.57,29.063,28.4,14.0,1,True,False,True,61.2,5.0,32.17272727272727,54.974999999999994,False,False,False,False,False,True,87.869,87.70246615904266,0.16653384095734225
2026,Monza,R,HUL,27,Audi,36.0,3.0,MEDIUM,12.0,False,86.017,28.646,29.068,28.303,14.0,1,True,False,True,63.0,5.0,32.17272727272727,54.974999999999994,False,False,False,False,False,True,87.907,87.70246615904266,0.20453384095733895
2026,Monza,R,HUL,27,Audi,37.0,3.0,MEDIUM,13.0,False,85.975,28.609,29.076,28.29,14.0,1,True,False,True,64.8,5.0,32.17272727272727,54.974999999999994,False,False,False,False,False,True,87.919,87.70246615904266,0.2165338409573394
2026,Monza,R,HUL,27,Audi,38.0,3.0,MEDIUM,14.0,False,86.093,28.563,29.18,28.35,14.0,1,True,False,True,66.60000000000001,5.0,32.17272727272727,54.974999999999994,False,False,False,False,False,True,88.09100000000001,87.70246615904266,0.38853384095735066
2026,Monza,R,HUL,27,Audi,39.0,3.0,MEDIUM,15.0,False,85.893,28.575,29.042,28.276,14.0,1,True,False,True,68.4,5.0,32.17272727272727,54.974999999999994,False,False,False,False,False,True,87.94500000000001,87.70246615904266,0.24253384095734987
2026,Monza,R,HUL,27,Audi,40.0,3.0,MEDIUM,16.0,False,85.991,28.576999999999998,29.251,28.163,14.0,1,True,False,True,70.2,5.0,32.17272727272727,54.974999999999994,False,False,False,False,False,True,88.097,87.70246615904266,0.3945338409573367
2026,Monza,R,HUL,27,Audi,41.0,3.0,MEDIUM,17.0,False,85.757,28.53,29.057,28.17,14.0,1,True,False,True,72.0,5.0,32.17272727272727,54.974999999999994,False,False,False,False,False,True,87.917,87.70246615904266,0.21453384095734407
2026,Monza,R,HUL,27,Audi,42.0,3.0,MEDIUM,18.0,False,85.648,28.453,29.191,28.004,14.0,1,True,False,True,73.8,5.0,32.17272727272727,54.974999999999994,False,False,False,False,False,True,87.862,87.70246615904266,0.15953384095733725
2026,Monza,R,HUL,27,Audi,43.0,3.0,MEDIUM,19.0,False,85.382,27.769,29.2,28.413,13.0,1,True,False,True,75.60000000000001,5.0,32.17272727272727,54.974999999999994,False,False,False,False,False,True,87.65,87.70246615904266,-0.05246615904265184
2026,Monza,R,HUL,27,Audi,44.0,3.0,MEDIUM,20.0,False,86.052,28.739,29.179,28.134,13.0,1,True,False,True,77.4,5.0,32.17272727272727,54.974999999999994,False,False,False,False,False,True,88.37400000000001,87.70246615904266,0.6715338409573519
2026,Monza,R,HUL,27,Audi,45.0,3.0,MEDIUM,21.0,False,85.567,28.567,28.928,28.072,13.0,1,True,False,True,79.2,5.0,32.17272727272727,54.974999999999994,False,False,False,False,False,True,87.943,87.70246615904266,0.24053384095734032
2026,Monza,R,HUL,27,Audi,46.0,3.0,MEDIUM,22.0,False,86.659,28.115,29.588,28.956,13.0,1,True,False,True,81.0,5.0,32.17272727272727,54.974999999999994,False,False,False,False,False,True,89.089,87.70246615904266,1.3865338409573411
2026,Monza,R,HUL,27,Audi,47.0,3.0,MEDIUM,23.0,False,85.67,28.067,29.303,28.3,12.0,1,True,False,True,82.8,5.0,32.17272727272727,54.974999999999994,False,False,False,False,False,True,88.154,87.70246615904266,0.45153384095733884
2026,Monza,R,HUL,27,Audi,48.0,3.0,MEDIUM,24.0,False,86.256,28.699,29.233,28.324,12.0,1,True,False,True,84.60000000000001,5.0,32.17272727272727,54.974999999999994,False,False,False,False,False,True,88.794,87.70246615904266,1.0915338409573394
2026,Monza,R,HUL,27,Audi,49.0,3.0,MEDIUM,25.0,False,85.912,28.64,29.036,28.236,12.0,1,True,False,True,86.4,5.0,32.17272727272727,54.974999999999994,False,False,False,False,False,True,88.504,87.70246615904266,0.8015338409573474
2026,Monza,R,HUL,27,Audi,50.0,3.0,MEDIUM,26.0,False,85.947,28.766,29.054,28.127,12.0,1,True,False,True,88.2,5.0,32.17272727272727,54.974999999999994,False,False,False,False,False,True,88.593,87.70246615904266,0.890533840957346
2026,Monza,R,HUL,27,Audi,51.0,3.0,MEDIUM,27.0,False,85.71,28.602,29.075,28.033,12.0,1,True,False,True,90.0,5.0,32.17272727272727,54.974999999999994,False,False,False,False,False,True,88.41,87.70246615904266,0.7075338409573391
2026,Monza,R,HUL,27,Audi,52.0,3.0,MEDIUM,28.0,False,84.927,28.34,28.832,27.755,12.0,1,True,False,True,91.8,5.0,32.17272727272727,54.974999999999994,False,False,False,False,False,True,87.68100000000001,87.70246615904266,-0.021466159042645927
2026,Monza,R,HUL,27,Audi,53.0,3.0,MEDIUM,29.0,False,84.364,27.836,28.585,27.943,12.0,1,True,False,True,93.60000000000001,5.0,32.17272727272727,54.974999999999994,False,False,False,False,False,True,87.17200000000001,87.70246615904266,-0.5304661590426463
2026,Monza,R,VER,3,Red Bull Racing,2.0,1.0,SOFT,2.0,True,87.174,28.453,30.254,28.467,3.0,1,True,False,True,1.8,5.0,32.17272727272727,54.974999999999994,False,False,False,False,False,True,87.22800000000001,88.55084801658712,-1.3228480165871161
2026,Monza,R,VER,3,Red Bull Racing,7.0,2.0,MEDIUM,4.0,True,86.328,28.196,29.791,28.341,2.0,1,True,False,True,10.8,5.0,32.17272727272727,54.974999999999994,False,False,False,False,False,True,86.652,87.70246615904266,-1.0504661590426565
2026,Monza,R,VER,3,Red Bull Racing,8.0,2.0,MEDIUM,5.0,True,86.407,28.431,29.678,28.298,2.0,1,True,False,True,12.6,5.0,32.17272727272727,54.974999999999994,False,False,False,False,False,True,86.785,87.70246615904266,-0.9174661590426609
2026,Monza,R,VER,3,Red Bull Racing,9.0,2.0,MEDIUM,6.0,True,86.096,28.426,29.38,28.29,2.0,1,True,False,True,14.4,5.0,32.17272727272727,54.974999999999994,False,False,False,False,False,True,86.528,87.70246615904266,-1.1744661590426517
2026,Monza,R,VER,3,Red Bull Racing,10.0,2.0,MEDIUM,7.0,True,85.609,28.311,29.364,27.934,2.0,1,True,False,True,16.2,5.0,32.17272727272727,54.974999999999994,False,False,False,False,False,True,86.095,87.70246615904266,-1.6074661590426587
2026,Monza,R,VER,3,Red Bull Racing,11.0,2.0,MEDIUM,8.0,True,86.154,28.232,29.44,28.482,2.0,1,True,False,True,18.0,5.0,32.17272727272727,54.974999999999994,False,False,False,False,False,True,86.694,87.70246615904266,-1.008466159042655
2026,Monza,R,VER,3,Red Bull Racing,12.0,2.0,MEDIUM,9.0,True,86.438,28.405,29.78,28.253,1.0,1,True,False,True,19.8,5.0,32.17272727272727,54.974999999999994,False,False,False,False,False,True,87.032,87.70246615904266,-0.670466159042661
2026,Monza,R,VER,3,Red Bull Racing,13.0,2.0,MEDIUM,10.0,True,86.28,28.468,29.56,28.252,1.0,1,True,False,True,21.6,5.0,32.17272727272727,54.974999999999994,False,False,False,False,False,True,86.928,87.70246615904266,-0.7744661590426603
2026,Monza,R,VER,3,Red Bull Racing,14.0,2.0,MEDIUM,11.0,True,86.411,28.531,29.612,28.268,1.0,1,True,False,True,23.400000000000002,5.0,32.17272727272727,54.974999999999994,False,False,False,False,False,True,87.113,87.70246615904266,-0.589466159042658
2026,Monza,R,VER,3,Red Bull Racing,15.0,2.0,MEDIUM,12.0,True,86.958,28.704,30.044,28.21,2.0,1,True,False,True,25.2,5.0,32.17272727272727,54.974999999999994,False,False,False,False,False,True,87.714,87.70246615904266,0.011533840957341113
2026,Monza,R,VER,3,Red Bull Racing,16.0,2.0,MEDIUM,13.0,True,86.445,28.287,30.022,28.136,3.0,1,True,False,True,27.0,5.0,32.17272727272727,54.974999999999994,False,False,False,False,False,True,87.255,87.70246615904266,-0.44746615904266207
2026,Monza,R,VER,3,Red Bull Racing,17.0,2.0,MEDIUM,14.0,True,85.419,27.918,29.45,28.051,3.0,1,True,False,True,28.8,5.0,32.17272727272727,54.974999999999994,False,False,False,False,False,True,86.283,87.70246615904266,-1.4194661590426563
2026,Monza,R,VER,3,Red Bull Racing,18.0,2.0,MEDIUM,15.0,True,85.467,27.64,29.738,28.089,3.0,1,True,False,True,30.6,5.0,32.17272727272727,54.974999999999994,False,False,False,False,False,True,86.385,87.70246615904266,-1.3174661590426524
2026,Monza,R,VER,3,Red Bull Racing,19.0,2.0,MEDIUM,16.0,True,86.426,28.905,29.504,28.017,3.0,1,True,False,True,32.4,5.0,32.17272727272727,54.974999999999994,False,False,False,False,False,True,87.398,87.70246615904266,-0.3044661590426614
2026,Monza,R,VER,3,Red Bull Racing,20.0,2.0,MEDIUM,17.0,True,86.073,28.329,29.319,28.425,3.0,1,True,False,True,34.2,5.0,32.17272727272727,54.974999999999994,False,False,False,False,False,True,87.09899999999999,87.70246615904266,-0.603466159042668
2026,Monza,R,VER,3,Red Bull Racing,21.0,2.0,MEDIUM,18.0,True,86.171,28.236,29.558,28.377,3.0,1,True,False,True,36.0,5.0,32.17272727272727,54.974999999999994,False,False,False,False,False,True,87.251,87.70246615904266,-0.45146615904265275
2026,Monza,R,VER,3,Red Bull Racing,22.0,2.0,MEDIUM,19.0,True,86.062,28.241,29.555,28.266,3.0,1,True,False,True,37.800000000000004,5.0,32.17272727272727,54.974999999999994,False,False,False,False,False,True,87.196,87.70246615904266,-0.5064661590426596
2026,Monza,R,VER,3,Red Bull Racing,23.0,2.0,MEDIUM,20.0,True,85.85,28.256,29.438,28.156,3.0,1,True,False,True,39.6,5.0,32.17272727272727,54.974999999999994,False,False,False,False,False,True,87.038,87.70246615904266,-0.6644661590426608
2026,Monza,R,VER,3,Red Bull Racing,24.0,2.0,MEDIUM,21.0,True,85.725,28.176,29.529,28.02,3.0,1,True,False,True,41.4,5.0,32.17272727272727,54.974999999999994,False,False,False,False,False,True,86.967,87.70246615904266,-0.7354661590426588
2026,Monza,R,VER,3,Red Bull Racing,25.0,2.0,MEDIUM,22.0,True,85.377,28.043,29.333,28.001,3.0,1,True,False,True,43.2,5.0,32.17272727272727,54.974999999999994,False,False,False,False,False,True,86.673,87.70246615904266,-1.0294661590426557
2026,Monza,R,VER,3,Red Bull Racing,26.0,2.0,MEDIUM,23.0,True,85.706,27.944,29.576,28.186,3.0,1,True,False,True,45.0,5.0,32.17272727272727,54.974999999999994,False,False,False,False,False,True,87.056,87.70246615904266,-0.6464661590426601
2026,Monza,R,VER,3,Red Bull Racing,27.0,2.0,MEDIUM,24.0,True,85.81,28.146,29.579,28.085,3.0,1,True,False,True,46.800000000000004,5.0,32.17272727272727,54.974999999999994,False,False,False,False,False,True,87.214,87.70246615904266,-0.4884661590426589
2026,Monza,R,VER,3,Red Bull Racing,30.0,3.0,HARD,2.0,True,85.13,28.203,29.098,27.829,7.0,1,True,False,True,52.2,5.0,32.17272727272727,54.974999999999994,False,False,False,False,False,True,86.696,88.1177849185574,-1.4217849185574067
2026,Monza,R,VER,3,Red Bull Racing,31.0,3.0,HARD,3.0,True,84.514,27.643,29.11,27.761,6.0,1,True,False,True,54.0,5.0,32.17272727272727,54.974999999999994,False,False,False,False,False,True,86.134,88.1177849185574,-1.9837849185574044
2026,Monza,R,VER,3,Red Bull Racing,32.0,3.0,HARD,4.0,True,85.391,27.65,29.287,28.454,6.0,1,True,False,True,55.800000000000004,5.0,32.17272727272727,54.974999999999994,False,False,False,False,False,True,87.06500000000001,88.1177849185574,-1.0527849185573928
2026,Monza,R,VER,3,Red Bull Racing,33.0,3.0,HARD,5.0,True,84.9,27.847,29.173,27.88,5.0,1,True,False,True,57.6,5.0,32.17272727272727,54.974999999999994,False,False,False,False,False,True,86.628,88.1177849185574,-1.4897849185574046
2026,Monza,R,VER,3,Red Bull Racing,34.0,3.0,HARD,6.0,True,85.025,27.964,29.105,27.956,5.0,1,True,False,True,59.4,5.0,32.17272727272727,54.974999999999994,False,False,False,False,False,True,86.807,88.1177849185574,-1.3107849185574025
2026,Monza,R,VER,3,Red Bull Racing,35.0,3.0,HARD,7.0,True,84.816,27.939,29.019,27.858,5.0,1,True,False,True,61.2,5.0,32.17272727272727,54.974999999999994,False,False,False,False,False,True,86.652,88.1177849185574,-1.4657849185574037
2026,Monza,R,VER,3,Red Bull Racing,36.0,3.0,HARD,8.0,True,84.677,27.89,29.117,27.67,5.0,1,True,False,True,63.0,5.0,32.17272727272727,54.974999999999994,False,False,False,False,False,True,86.56700000000001,88.1177849185574,-1.5507849185573974
2026,Monza,R,VER,3,Red Bull Racing,37.0,3.0,HARD,9.0,True,84.242,27.503,29.025,27.714,4.0,1,True,False,True,64.8,5.0,32.17272727272727,54.974999999999994,False,False,False,False,False,True,86.186,88.1177849185574,-1.9317849185573976
2026,Monza,R,VER,3,Red Bull Racing,38.0,3.0,HARD,10.0,True,84.705,27.802,29.105,27.798000000000002,4.0,1,True,False,True,66.60000000000001,5.0,32.17272727272727,54.974999999999994,False,False,False,False,False,True,86.703,88.1177849185574,-1.4147849185574017
2026,Monza,R,VER,3,Red Bull Racing,39.0,3.0,HARD,11.0,True,84.614,27.425,29.328,27.861,3.0,1,True,False,True,68.4,5.0,32.17272727272727,54.974999999999994,False,False,False,False,False,True,86.66600000000001,88.1177849185574,-1.4517849185573937
2026,Monza,R,VER,3,Red Bull Racing,40.0,3.0,HARD,12.0,True,86.643,28.849,29.755,28.039,3.0,1,True,False,True,70.2,5.0,32.17272727272727,54.974999999999994,False,False,False,False,False,True,88.749,88.1177849185574,0.6312150814425905
2026,Monza,R,VER,3,Red Bull Racing,41.0,3.0,HARD,13.0,True,87.132,28.644,29.931,28.557,4.0,1,True,False,True,72.0,5.0,32.17272727272727,54.974999999999994,False,False,False,False,False,True,89.292,88.1177849185574,1.174215081442597
2026,Monza,R,VER,3,Red Bull Racing,42.0,3.0,HARD,14.0,True,85.533,28.506,29.201,27.826,4.0,1,True,False,True,73.8,5.0,32.17272727272727,54.974999999999994,False,False,False,False,False,True,87.747,88.1177849185574,-0.3707849185574048
2026,Monza,R,VER,3,Red Bull Racing,43.0,3.0,HARD,15.0,True,85.03,28.03,29.135,27.865,3.0,1,True,False,True,75.60000000000001,5.0,32.17272727272727,54.974999999999994,False,False,False,False,False,True,87.298,88.1177849185574,-0.8197849185574029
2026,Monza,R,VER,3,Red Bull Racing,44.0,3.0,HARD,16.0,True,85.158,28.199,29.012,27.947,3.0,1,True,False,True,77.4,5.0,32.17272727272727,54.974999999999994,False,False,False,False,False,True,87.48,88.1177849185574,-0.6377849185574007
2026,Monza,R,VER,3,Red Bull Racing,45.0,3.0,HARD,17.0,True,85.411,28.391,29.125,27.895,3.0,1,True,False,True,79.2,5.0,32.17272727272727,54.974999999999994,False,False,False,False,False,True,87.787,88.1177849185574,-0.33078491855739856
2026,Monza,R,VER,3,Red Bull Racing,46.0,3.0,HARD,18.0,True,85.235,28.309,29.019,27.907,3.0,1,True,False,True,81.0,5.0,32.17272727272727,54.974999999999994,False,False,False,False,False,True,87.66499999999999,88.1177849185574,-0.45278491855741265
2026,Monza,R,VER,3,Red Bull Racing,47.0,3.0,HARD,19.0,True,85.209,28.402,29.011,27.796,3.0,1,True,False,True,82.8,5.0,32.17272727272727,54.974999999999994,False,False,False,False,False,True,87.693,88.1177849185574,-0.42478491855740685
2026,Monza,R,VER,3,Red Bull Racing,48.0,3.0,HARD,20.0,True,84.844,28.301,28.852,27.691,3.0,1,True,False,True,84.60000000000001,5.0,32.17272727272727,54.974999999999994,False,False,False,False,False,True,87.38199999999999,88.1177849185574,-0.7357849185574139
2026,Monza,R,VER,3,Red Bull Racing,49.0,3.0,HARD,21.0,True,85.023,27.97,29.162,27.891,3.0,1,True,False,True,86.4,5.0,32.17272727272727,54.974999999999994,False,False,False,False,False,True,87.615,88.1177849185574,-0.5027849185574098
2026,Monza,R,VER,3,Red Bull Racing,50.0,3.0,HARD,22.0,True,85.392,28.355,29.077,27.96,3.0,1,True,False,True,88.2,5.0,32.17272727272727,54.974999999999994,False,False,False,False,False,True,88.038,88.1177849185574,-0.07978491855740799
2026,Monza,R,VER,3,Red Bull Racing,51.0,3.0,HARD,23.0,True,85.419,28.26,29.154,28.005,3.0,1,True,False,True,90.0,5.0,32.17272727272727,54.974999999999994,False,False,False,False,False,True,88.119,88.1177849185574,0.0012150814425950784
2026,Monza,R,VER,3,Red Bull Racing,52.0,3.0,HARD,24.0,True,85.373,28.307,29.209,27.857,3.0,1,True,False,True,91.8,5.0,32.17272727272727,54.974999999999994,False,False,False,False,False,True,88.12700000000001,88.1177849185574,0.009215081442604856
2026,Monza,R,VER,3,Red Bull Racing,53.0,3.0,HARD,25.0,True,84.804,28.147,29.082,27.575,3.0,1,True,False,True,93.60000000000001,5.0,32.17272727272727,54.974999999999994,False,False,False,False,False,True,87.61200000000001,88.1177849185574,-0.5057849185573957
2026,Monza,R,LAW,30,Red Bull Racing,7.0,2.0,HARD,4.0,True,88.26,28.696,30.557,29.007,12.0,1,True,False,True,10.8,5.0,32.17272727272727,54.974999999999994,False,False,False,False,False,True,88.584,88.1177849185574,0.4662150814425985
2026,Monza,R,LAW,30,Red Bull Racing,8.0,2.0,HARD,5.0,True,87.679,28.817,30.117,28.745,11.0,1,True,False,True,12.6,5.0,32.17272727272727,54.974999999999994,False,False,False,False,False,True,88.057,88.1177849185574,-0.060784918557402534
2026,Monza,R,LAW,30,Red Bull Racing,9.0,2.0,HARD,6.0,True,86.838,28.337,29.832,28.669,11.0,1,True,False,True,14.4,5.0,32.17272727272727,54.974999999999994,False,False,False,False,False,True,87.27,88.1177849185574,-0.8477849185574087
2026,Monza,R,LAW,30,Red Bull Racing,10.0,2.0,HARD,7.0,True,87.259,28.255,30.044,28.96,11.0,1,True,False,True,16.2,5.0,32.17272727272727,54.974999999999994,False,False,False,False,False,True,87.745,88.1177849185574,-0.37278491855740015
2026,Monza,R,LAW,30,Red Bull Racing,11.0,2.0,HARD,8.0,True,88.705,28.917,30.691,29.097,11.0,1,True,False,True,18.0,5.0,32.17272727272727,54.974999999999994,False,False,False,False,False,True,89.245,88.1177849185574,1.1272150814425999
2026,Monza,R,LAW,30,Red Bull Racing,14.0,3.0,MEDIUM,5.0,False,87.044,28.758,29.652,28.634,21.0,1,True,False,True,23.400000000000002,5.0,32.17272727272727,54.974999999999994,False,False,False,False,False,True,87.746,87.70246615904266,0.04353384095733759
2026,Monza,R,LAW,30,Red Bull Racing,15.0,3.0,MEDIUM,6.0,False,86.698,28.569,29.499,28.63,21.0,1,True,False,True,25.2,5.0,32.17272727272727,54.974999999999994,False,False,False,False,False,True,87.454,87.70246615904266,-0.248466159042664
2026,Monza,R,LAW,30,Red Bull Racing,16.0,3.0,MEDIUM,7.0,False,86.544,28.548000000000002,29.446,28.55,21.0,1,True,False,True,27.0,5.0,32.17272727272727,54.974999999999994,False,False,False,False,False,True,87.354,87.70246615904266,-0.3484661590426583
2026,Monza,R,LAW,30,Red Bull Racing,17.0,3.0,MEDIUM,8.0,False,86.377,28.447,29.489,28.441,21.0,1,True,False,True,28.8,5.0,32.17272727272727,54.974999999999994,False,False,False,False,False,True,87.241,87.70246615904266,-0.46146615904265786
2026,Monza,R,LAW,30,Red Bull Racing,18.0,3.0,MEDIUM,9.0,False,86.313,28.314,29.477,28.522,21.0,1,True,False,True,30.6,5.0,32.17272727272727,54.974999999999994,False,False,False,False,False,True,87.23100000000001,87.70246615904266,-0.47146615904264877
2026,Monza,R,LAW,30,Red Bull Racing,19.0,3.0,MEDIUM,10.0,False,86.181,28.387,29.388,28.406,21.0,1,True,False,True,32.4,5.0,32.17272727272727,54.974999999999994,False,False,False,False,False,True,87.15299999999999,87.70246615904266,-0.5494661590426659
2026,Monza,R,LAW,30,Red Bull Racing,20.0,3.0,MEDIUM,11.0,False,86.294,28.235,29.446,28.613,21.0,1,True,False,True,34.2,5.0,32.17272727272727,54.974999999999994,False,False,False,False,False,True,87.32,87.70246615904266,-0.38246615904266434
2026,Monza,R,LAW,30,Red Bull Racing,21.0,3.0,MEDIUM,12.0,False,86.506,28.425,29.559,28.522,20.0,1,True,False,True,36.0,5.0,32.17272727272727,54.974999999999994,False,False,False,False,False,True,87.586,87.70246615904266,-0.116466159042659
2026,Monza,R,LAW,30,Red Bull Racing,22.0,3.0,MEDIUM,13.0,False,86.352,28.405,29.49,28.457,20.0,1,True,False,True,37.800000000000004,5.0,32.17272727272727,54.974999999999994,False,False,False,False,False,True,87.486,87.70246615904266,-0.21646615904265332
2026,Monza,R,LAW,30,Red Bull Racing,23.0,3.0,MEDIUM,14.0,False,86.313,28.188,29.589,28.536,19.0,1,True,False,True,39.6,5.0,32.17272727272727,54.974999999999994,False,False,False,False,False,True,87.501,87.70246615904266,-0.20146615904265275
2026,Monza,R,LAW,30,Red Bull Racing,24.0,3.0,MEDIUM,15.0,False,87.045,28.379,29.819,28.847,17.0,1,True,False,True,41.4,5.0,32.17272727272727,54.974999999999994,False,False,False,False,False,True,88.287,87.70246615904266,0.5845338409573486
2026,Monza,R,LAW,30,Red Bull Racing,25.0,3.0,MEDIUM,16.0,False,86.748,28.569,29.539,28.64,17.0,1,True,False,True,43.2,5.0,32.17272727272727,54.974999999999994,False,False,False,False,False,True,88.04400000000001,87.70246615904266,0.3415338409573536
2026,Monza,R,LAW,30,Red Bull Racing,26.0,3.0,MEDIUM,17.0,False,86.514,28.593,29.476,28.445,17.0,1,True,False,True,45.0,5.0,32.17272727272727,54.974999999999994,False,False,False,False,False,True,87.86399999999999,87.70246615904266,0.1615338409573326
2026,Monza,R,LAW,30,Red Bull Racing,29.0,3.0,MEDIUM,20.0,False,86.251,28.46,29.412,28.379,17.0,1,True,False,True,50.4,5.0,32.17272727272727,54.974999999999994,False,False,False,False,False,True,87.763,87.70246615904266,0.06053384095734771
2026,Monza,R,LAW,30,Red Bull Racing,30.0,3.0,MEDIUM,21.0,False,86.343,28.468,29.525,28.35,17.0,1,True,False,True,52.2,5.0,32.17272727272727,54.974999999999994,False,False,False,False,False,True,87.909,87.70246615904266,0.2065338409573485
2026,Monza,R,LAW,30,Red Bull Racing,31.0,3.0,MEDIUM,22.0,False,86.071,28.302,29.404,28.365,17.0,1,True,False,True,54.0,5.0,32.17272727272727,54.974999999999994,False,False,False,False,False,True,87.691,87.70246615904266,-0.011466159042655022
2026,Monza,R,LAW,30,Red Bull Racing,32.0,3.0,MEDIUM,23.0,False,86.097,28.364,29.454,28.279,17.0,1,True,False,True,55.800000000000004,5.0,32.17272727272727,54.974999999999994,False,False,False,False,False,True,87.771,87.70246615904266,0.06853384095734327
2026,Monza,R,LAW,30,Red Bull Racing,33.0,3.0,MEDIUM,24.0,False,85.838,28.208,29.393,28.237,17.0,1,True,False,True,57.6,5.0,32.17272727272727,54.974999999999994,False,False,False,False,False,True,87.56599999999999,87.70246615904266,-0.13646615904266923
2026,Monza,R,LAW,30,Red Bull Racing,34.0,3.0,MEDIUM,25.0,False,85.728,28.133,29.396,28.199,17.0,1,True,False,True,59.4,5.0,32.17272727272727,54.974999999999994,False,False,False,False,False,True,87.50999999999999,87.70246615904266,-0.19246615904266662
2026,Monza,R,LAW,30,Red Bull Racing,35.0,3.0,MEDIUM,26.0,False,85.662,27.975,29.459,28.228,17.0,1,True,False,True,61.2,5.0,32.17272727272727,54.974999999999994,False,False,False,False,False,True,87.498,87.70246615904266,-0.20446615904265286
2026,Monza,R,LAW,30,Red Bull Racing,36.0,3.0,MEDIUM,27.0,False,85.777,27.923000000000002,29.709,28.145,16.0,1,True,False,True,63.0,5.0,32.17272727272727,54.974999999999994,False,False,False,False,False,True,87.667,87.70246615904266,-0.03546615904265593
2026,Monza,R,LAW,30,Red Bull Racing,37.0,3.0,MEDIUM,28.0,False,85.917,28.22,29.374,28.323,16.0,1,True,False,True,64.8,5.0,32.17272727272727,54.974999999999994,False,False,False,False,False,True,87.861,87.70246615904266,0.15853384095734668
2026,Monza,R,LAW,30,Red Bull Racing,38.0,3.0,MEDIUM,29.0,False,85.838,28.339,29.318,28.181,16.0,1,True,False,True,66.60000000000001,5.0,32.17272727272727,54.974999999999994,False,False,False,False,False,True,87.836,87.70246615904266,0.133533840957341
2026,Monza,R,LAW,30,Red Bull Racing,39.0,3.0,MEDIUM,30.0,False,85.776,28.086,29.495,28.195,16.0,1,True,False,True,68.4,5.0,32.17272727272727,54.974999999999994,False,False,False,False,False,True,87.828,87.70246615904266,0.12553384095734543
2026,Monza,R,LAW,30,Red Bull Racing,40.0,3.0,MEDIUM,31.0,False,86.138,28.352,29.551,28.235,16.0,1,True,False,True,70.2,5.0,32.17272727272727,54.974999999999994,False,False,False,False,False,True,88.244,87.70246615904266,0.5415338409573422
2026,Monza,R,LAW,30,Red Bull Racing,41.0,3.0,MEDIUM,32.0,False,85.898,28.379,29.281,28.238,16.0,1,True,False,True,72.0,5.0,32.17272727272727,54.974999999999994,False,False,False,False,False,True,88.05799999999999,87.70246615904266,0.3555338409573352
2026,Monza,R,LAW,30,Red Bull Racing,42.0,3.0,MEDIUM,33.0,False,85.752,28.247,29.332,28.173,16.0,1,True,False,True,73.8,5.0,32.17272727272727,54.974999999999994,False,False,False,False,False,True,87.966,87.70246615904266,0.26353384095733645
2026,Monza,R,LAW,30,Red Bull Racing,43.0,3.0,MEDIUM,34.0,False,85.731,28.243,29.366,28.122,16.0,1,True,False,True,75.60000000000001,5.0,32.17272727272727,54.974999999999994,False,False,False,False,False,True,87.999,87.70246615904266,0.2965338409573377
2026,Monza,R,LAW,30,Red Bull Racing,44.0,3.0,MEDIUM,35.0,False,87.463,29.324,29.742,28.397,16.0,1,True,False,True,77.4,5.0,32.17272727272727,54.974999999999994,False,False,False,False,False,True,89.785,87.70246615904266,2.082533840957339
2026,Monza,R,LAW,30,Red Bull Racing,45.0,3.0,MEDIUM,36.0,False,85.862,28.259,29.363,28.24,16.0,1,True,False,True,79.2,5.0,32.17272727272727,54.974999999999994,False,False,False,False,False,True,88.238,87.70246615904266,0.535533840957342
2026,Monza,R,LAW,30,Red Bull Racing,46.0,3.0,MEDIUM,37.0,False,85.669,28.348,29.203,28.118,15.0,1,True,False,True,81.0,5.0,32.17272727272727,54.974999999999994,False,False,False,False,False,True,88.09899999999999,87.70246615904266,0.396533840957332
2026,Monza,R,LAW,30,Red Bull Racing,47.0,3.0,MEDIUM,38.0,False,85.74,28.267,29.352,28.121,15.0,1,True,False,True,82.8,5.0,32.17272727272727,54.974999999999994,False,False,False,False,False,True,88.22399999999999,87.70246615904266,0.521533840957332
2026,Monza,R,LAW,30,Red Bull Racing,48.0,3.0,MEDIUM,39.0,False,86.328,28.608,29.542,28.178,15.0,1,True,False,True,84.60000000000001,5.0,32.17272727272727,54.974999999999994,False,False,False,False,False,True,88.866,87.70246615904266,1.1635338409573421
2026,Monza,R,LAW,30,Red Bull Racing,49.0,3.0,MEDIUM,40.0,False,85.857,28.243,29.401,28.213,15.0,1,True,False,True,86.4,5.0,32.17272727272727,54.974999999999994,False,False,False,False,False,True,88.449,87.70246615904266,0.7465338409573405
2026,Monza,R,LAW,30,Red Bull Racing,50.0,3.0,MEDIUM,41.0,False,85.81,28.363,29.292,28.155,15.0,1,True,False,True,88.2,5.0,32.17272727272727,54.974999999999994,False,False,False,False,False,True,88.456,87.70246615904266,0.7535338409573455
2026,Monza,R,LAW,30,Red Bull Racing,51.0,3.0,MEDIUM,42.0,False,86.13,28.197,29.437,28.496,15.0,1,True,False,True,90.0,5.0,32.17272727272727,54.974999999999994,False,False,False,False,False,True,88.83,87.70246615904266,1.1275338409573408
2026,Monza,R,LAW,30,Red Bull Racing,52.0,3.0,MEDIUM,43.0,False,85.861,28.023,29.69,28.148,14.0,1,True,False,True,91.8,5.0,32.17272727272727,54.974999999999994,False,False,False,False,False,True,88.61500000000001,87.70246615904266,0.9125338409573516
2026,Monza,R,LAW,30,Red Bull Racing,53.0,3.0,MEDIUM,44.0,False,85.578,28.188,29.245,28.145,14.0,1,True,False,True,93.60000000000001,5.0,32.17272727272727,54.974999999999994,False,False,False,False,False,True,88.38600000000001,87.70246615904266,0.6835338409573524
2026,Monza,R,OCO,31,Haas F1 Team,2.0,1.0,SOFT,2.0,True,87.558,28.513,30.231,28.814,10.0,1,True,False,True,1.8,5.0,32.17272727272727,54.974999999999994,False,False,False,False,False,True,87.61200000000001,88.55084801658712,-0.9388480165871158
2026,Monza,R,OCO,31,Haas F1 Team,7.0,2.0,HARD,4.0,True,88.798,28.666,31.09,29.042,13.0,1,True,False,True,10.8,5.0,32.17272727272727,54.974999999999994,False,False,False,False,False,True,89.122,88.1177849185574,1.0042150814425952
2026,Monza,R,OCO,31,Haas F1 Team,8.0,2.0,HARD,5.0,True,88.213,28.61,30.859,28.744,13.0,1,True,False,True,12.6,5.0,32.17272727272727,54.974999999999994,False,False,False,False,False,True,88.591,88.1177849185574,0.4732150814425893
2026,Monza,R,OCO,31,Haas F1 Team,9.0,2.0,HARD,6.0,True,87.357,28.529,30.225,28.603,13.0,1,True,False,True,14.4,5.0,32.17272727272727,54.974999999999994,False,False,False,False,False,True,87.789,88.1177849185574,-0.3287849185574032
2026,Monza,R,OCO,31,Haas F1 Team,10.0,2.0,HARD,7.0,True,87.462,28.489,30.081,28.892,13.0,1,True,False,True,16.2,5.0,32.17272727272727,54.974999999999994,False,False,False,False,False,True,87.94800000000001,88.1177849185574,-0.1697849185573972
2026,Monza,R,OCO,31,Haas F1 Team,11.0,2.0,HARD,8.0,True,87.862,28.594,30.219,29.049,13.0,1,True,False,True,18.0,5.0,32.17272727272727,54.974999999999994,False,False,False,False,False,True,88.402,88.1177849185574,0.28421508144259633
2026,Monza,R,OCO,31,Haas F1 Team,12.0,2.0,HARD,9.0,True,88.095,28.685,29.946,29.464,12.0,1,True,False,True,19.8,5.0,32.17272727272727,54.974999999999994,False,False,False,False,False,True,88.689,88.1177849185574,0.5712150814425883
2026,Monza,R,OCO,31,Haas F1 Team,13.0,2.0,HARD,10.0,True,86.89,28.369,30.01,28.511,12.0,1,True,False,True,21.6,5.0,32.17272727272727,54.974999999999994,False,False,False,False,False,True,87.538,88.1177849185574,-0.579784918557408
2026,Monza,R,OCO,31,Haas F1 Team,14.0,2.0,HARD,11.0,True,87.64,28.248,30.454,28.938,12.0,1,True,False,True,23.400000000000002,5.0,32.17272727272727,54.974999999999994,False,False,False,False,False,True,88.342,88.1177849185574,0.22421508144259406
2026,Monza,R,OCO,31,Haas F1 Team,15.0,2.0,HARD,12.0,True,87.795,28.623,30.511,28.661,13.0,1,True,False,True,25.2,5.0,32.17272727272727,54.974999999999994,False,False,False,False,False,True,88.551,88.1177849185574,0.43321508144259724
2026,Monza,R,OCO,31,Haas F1 Team,16.0,2.0,HARD,13.0,True,87.285,28.063,30.478,28.744,12.0,1,True,False,True,27.0,5.0,32.17272727272727,54.974999999999994,False,False,False,False,False,True,88.095,88.1177849185574,-0.02278491855740583
2026,Monza,R,OCO,31,Haas F1 Team,17.0,2.0,HARD,14.0,True,87.129,28.466,29.905,28.758,12.0,1,True,False,True,28.8,5.0,32.17272727272727,54.974999999999994,False,False,False,False,False,True,87.99300000000001,88.1177849185574,-0.12478491855739549
2026,Monza,R,OCO,31,Haas F1 Team,18.0,2.0,HARD,15.0,True,87.507,28.396,30.419,28.692,13.0,1,True,False,True,30.6,5.0,32.17272727272727,54.974999999999994,False,False,False,False,False,True,88.42500000000001,88.1177849185574,0.3072150814426067
2026,Monza,R,OCO,31,Haas F1 Team,19.0,2.0,HARD,16.0,True,86.937,28.378,29.97,28.589,13.0,1,True,False,True,32.4,5.0,32.17272727272727,54.974999999999994,False,False,False,False,False,True,87.90899999999999,88.1177849185574,-0.20878491855741288
2026,Monza,R,OCO,31,Haas F1 Team,20.0,2.0,HARD,17.0,True,86.787,28.295,29.87,28.622,13.0,1,True,False,True,34.2,5.0,32.17272727272727,54.974999999999994,False,False,False,False,False,True,87.813,88.1177849185574,-0.3047849185574023
2026,Monza,R,OCO,31,Haas F1 Team,21.0,2.0,HARD,18.0,True,88.309,29.01,30.295,29.004,14.0,1,True,False,True,36.0,5.0,32.17272727272727,54.974999999999994,False,False,False,False,False,True,89.389,88.1177849185574,1.271215081442591
2026,Monza,R,OCO,31,Haas F1 Team,22.0,2.0,HARD,19.0,True,87.61,28.853,30.086,28.671,14.0,1,True,False,True,37.800000000000004,5.0,32.17272727272727,54.974999999999994,False,False,False,False,False,True,88.744,88.1177849185574,0.6262150814425951
2026,Monza,R,OCO,31,Haas F1 Team,23.0,2.0,HARD,20.0,True,86.978,28.376,30.099,28.503,14.0,1,True,False,True,39.6,5.0,32.17272727272727,54.974999999999994,False,False,False,False,False,True,88.166,88.1177849185574,0.04821508144259212
2026,Monza,R,OCO,31,Haas F1 Team,24.0,2.0,HARD,21.0,True,86.758,28.324,30.023,28.411,14.0,1,True,False,True,41.4,5.0,32.17272727272727,54.974999999999994,False,False,False,False,False,True,88.0,88.1177849185574,-0.1177849185574047
2026,Monza,R,OCO,31,Haas F1 Team,25.0,2.0,HARD,22.0,True,87.046,28.607,29.958,28.481,14.0,1,True,False,True,43.2,5.0,32.17272727272727,54.974999999999994,False,False,False,False,False,True,88.34200000000001,88.1177849185574,0.22421508144260827
2026,Monza,R,OCO,31,Haas F1 Team,26.0,2.0,HARD,23.0,True,88.014,29.117,30.067,28.83,14.0,1,True,False,True,45.0,5.0,32.17272727272727,54.974999999999994,False,False,False,False,False,True,89.36399999999999,88.1177849185574,1.2462150814425854
2026,Monza,R,OCO,31,Haas F1 Team,29.0,3.0,MEDIUM,2.0,True,86.554,28.715,29.464,28.375,16.0,1,True,False,True,50.4,5.0,32.17272727272727,54.974999999999994,False,False,False,False,False,True,88.066,87.70246615904266,0.363533840957345
2026,Monza,R,OCO,31,Haas F1 Team,30.0,3.0,MEDIUM,3.0,True,86.32,28.374,29.452,28.494,16.0,1,True,False,True,52.2,5.0,32.17272727272727,54.974999999999994,False,False,False,False,False,True,87.886,87.70246615904266,0.18353384095733816
2026,Monza,R,OCO,31,Haas F1 Team,31.0,3.0,MEDIUM,4.0,True,86.443,28.439,29.496,28.508,16.0,1,True,False,True,54.0,5.0,32.17272727272727,54.974999999999994,False,False,False,False,False,True,88.063,87.70246615904266,0.36053384095734486
2026,Monza,R,OCO,31,Haas F1 Team,32.0,3.0,MEDIUM,5.0,True,86.4,28.429,29.506,28.465,16.0,1,True,False,True,55.800000000000004,5.0,32.17272727272727,54.974999999999994,False,False,False,False,False,True,88.07400000000001,87.70246615904266,0.37153384095735476
2026,Monza,R,OCO,31,Haas F1 Team,33.0,3.0,MEDIUM,6.0,True,86.577,28.445,29.646,28.486,16.0,1,True,False,True,57.6,5.0,32.17272727272727,54.974999999999994,False,False,False,False,False,True,88.30499999999999,87.70246615904266,0.6025338409573351
2026,Monza,R,OCO,31,Haas F1 Team,34.0,3.0,MEDIUM,7.0,True,86.207,28.289,29.549,28.369,16.0,1,True,False,True,59.4,5.0,32.17272727272727,54.974999999999994,False,False,False,False,False,True,87.98899999999999,87.70246615904266,0.2865338409573326
2026,Monza,R,OCO,31,Haas F1 Team,35.0,3.0,MEDIUM,8.0,True,86.303,28.313,29.493,28.497,16.0,1,True,False,True,61.2,5.0,32.17272727272727,54.974999999999994,False,False,False,False,False,True,88.139,87.70246615904266,0.43653384095733827
2026,Monza,R,OCO,31,Haas F1 Team,36.0,3.0,MEDIUM,9.0,True,87.157,28.424,30.309,28.424,17.0,1,True,False,True,63.0,5.0,32.17272727272727,54.974999999999994,False,False,False,False,False,True,89.047,87.70246615904266,1.3445338409573395
2026,Monza,R,OCO,31,Haas F1 Team,37.0,3.0,MEDIUM,10.0,True,86.108,28.424,29.598,28.086,17.0,1,True,False,True,64.8,5.0,32.17272727272727,54.974999999999994,False,False,False,False,False,True,88.052,87.70246615904266,0.3495338409573492
2026,Monza,R,OCO,31,Haas F1 Team,38.0,3.0,MEDIUM,11.0,True,86.22,28.414,29.49,28.316,17.0,1,True,False,True,66.60000000000001,5.0,32.17272727272727,54.974999999999994,False,False,False,False,False,True,88.218,87.70246615904266,0.515533840957346
2026,Monza,R,OCO,31,Haas F1 Team,39.0,3.0,MEDIUM,12.0,True,86.88,28.624,29.858,28.398,17.0,1,True,False,True,68.4,5.0,32.17272727272727,54.974999999999994,False,False,False,False,False,True,88.932,87.70246615904266,1.2295338409573446
2026,Monza,R,OCO,31,Haas F1 Team,40.0,3.0,MEDIUM,13.0,True,87.268,28.915,29.684,28.669,17.0,1,True,False,True,70.2,5.0,32.17272727272727,54.974999999999994,False,False,False,False,False,True,89.374,87.70246615904266,1.6715338409573377
2026,Monza,R,OCO,31,Haas F1 Team,41.0,3.0,MEDIUM,14.0,True,86.802,28.561,29.623,28.618,17.0,1,True,False,True,72.0,5.0,32.17272727272727,54.974999999999994,False,False,False,False,False,True,88.962,87.70246615904266,1.2595338409573458
2026,Monza,R,OCO,31,Haas F1 Team,42.0,3.0,MEDIUM,15.0,True,87.065,28.738,29.66,28.667,17.0,1,True,False,True,73.8,5.0,32.17272727272727,54.974999999999994,False,False,False,False,False,True,89.279,87.70246615904266,1.5765338409573388
2026,Monza,R,OCO,31,Haas F1 Team,43.0,3.0,MEDIUM,16.0,True,87.169,28.79,29.71,28.669,17.0,1,True,False,True,75.60000000000001,5.0,32.17272727272727,54.974999999999994,False,False,False,False,False,True,89.437,87.70246615904266,1.73453384095734
2026,Monza,R,OCO,31,Haas F1 Team,44.0,3.0,MEDIUM,17.0,True,86.874,28.697,29.559,28.618,17.0,1,True,False,True,77.4,5.0,32.17272727272727,54.974999999999994,False,False,False,False,False,True,89.196,87.70246615904266,1.4935338409573404
2026,Monza,R,OCO,31,Haas F1 Team,45.0,3.0,MEDIUM,18.0,True,86.827,28.734,29.591,28.502,17.0,1,True,False,True,79.2,5.0,32.17272727272727,54.974999999999994,False,False,False,False,False,True,89.203,87.70246615904266,1.5005338409573454
2026,Monza,R,OCO,31,Haas F1 Team,46.0,3.0,MEDIUM,19.0,True,87.095,28.752,29.649,28.694,17.0,1,True,False,True,81.0,5.0,32.17272727272727,54.974999999999994,False,False,False,False,False,True,89.525,87.70246615904266,1.8225338409573482
2026,Monza,R,OCO,31,Haas F1 Team,47.0,3.0,MEDIUM,20.0,True,87.06,28.75,29.57,28.74,16.0,1,True,False,True,82.8,5.0,32.17272727272727,54.974999999999994,False,False,False,False,False,True,89.544,87.70246615904266,1.8415338409573394
2026,Monza,R,OCO,31,Haas F1 Team,48.0,3.0,MEDIUM,21.0,True,87.059,28.74,29.761,28.558,16.0,1,True,False,True,84.60000000000001,5.0,32.17272727272727,54.974999999999994,False,False,False,False,False,True,89.597,87.70246615904266,1.8945338409573367
2026,Monza,R,OCO,31,Haas F1 Team,49.0,3.0,MEDIUM,22.0,True,86.899,28.693,29.601,28.605,16.0,1,True,False,True,86.4,5.0,32.17272727272727,54.974999999999994,False,False,False,False,False,True,89.491,87.70246615904266,1.7885338409573421
2026,Monza,R,OCO,31,Haas F1 Team,50.0,3.0,MEDIUM,23.0,True,86.831,28.628,29.606,28.597,16.0,1,True,False,True,88.2,5.0,32.17272727272727,54.974999999999994,False,False,False,False,False,True,89.477,87.70246615904266,1.7745338409573463
2026,Monza,R,OCO,31,Haas F1 Team,51.0,3.0,MEDIUM,24.0,True,89.644,31.081,29.941,28.622,16.0,1,True,False,True,90.0,5.0,32.17272727272727,54.974999999999994,False,False,False,False,False,True,92.34400000000001,87.70246615904266,4.641533840957351
2026,Monza,R,OCO,31,Haas F1 Team,52.0,3.0,MEDIUM,25.0,True,85.711,28.555,29.008,28.148,16.0,1,True,False,True,91.8,5.0,32.17272727272727,54.974999999999994,False,False,False,False,False,True,88.465,87.70246615904266,0.7625338409573459
2026,Monza,R,LIN,41,Racing Bulls,2.0,1.0,MEDIUM,2.0,True,87.165,28.704,30.095,28.366,7.0,1,True,False,True,1.8,5.0,32.17272727272727,54.974999999999994,False,False,False,False,False,True,87.21900000000001,87.70246615904266,-0.4834661590426492
2026,Monza,R,LIN,41,Racing Bulls,7.0,2.0,HARD,4.0,True,87.902,29.222,30.206,28.474,8.0,1,True,False,True,10.8,5.0,32.17272727272727,54.974999999999994,False,False,False,False,False,True,88.226,88.1177849185574,0.1082150814425944
2026,Monza,R,LIN,41,Racing Bulls,8.0,2.0,HARD,5.0,True,86.83,28.394,29.905,28.531,8.0,1,True,False,True,12.6,5.0,32.17272727272727,54.974999999999994,False,False,False,False,False,True,87.208,88.1177849185574,-0.9097849185574063
2026,Monza,R,LIN,41,Racing Bulls,9.0,2.0,HARD,6.0,True,86.526,28.546,29.593,28.387,8.0,1,True,False,True,14.4,5.0,32.17272727272727,54.974999999999994,False,False,False,False,False,True,86.958,88.1177849185574,-1.1597849185574063
2026,Monza,R,LIN,41,Racing Bulls,10.0,2.0,HARD,7.0,True,86.552,28.401,29.556,28.595,8.0,1,True,False,True,16.2,5.0,32.17272727272727,54.974999999999994,False,False,False,False,False,True,87.03800000000001,88.1177849185574,-1.0797849185573938
2026,Monza,R,LIN,41,Racing Bulls,11.0,2.0,HARD,8.0,True,86.667,28.481,29.651,28.535,8.0,1,True,False,True,18.0,5.0,32.17272727272727,54.974999999999994,False,False,False,False,False,True,87.20700000000001,88.1177849185574,-0.9107849185573968
2026,Monza,R,LIN,41,Racing Bulls,12.0,2.0,HARD,9.0,True,86.508,28.384,29.65,28.474,8.0,1,True,False,True,19.8,5.0,32.17272727272727,54.974999999999994,False,False,False,False,False,True,87.10199999999999,88.1177849185574,-1.015784918557415
2026,Monza,R,LIN,41,Racing Bulls,13.0,2.0,HARD,10.0,True,86.71,28.389,29.782,28.539,8.0,1,True,False,True,21.6,5.0,32.17272727272727,54.974999999999994,False,False,False,False,False,True,87.35799999999999,88.1177849185574,-0.7597849185574148
2026,Monza,R,LIN,41,Racing Bulls,14.0,2.0,HARD,11.0,True,86.522,28.346,29.651,28.525,8.0,1,True,False,True,23.400000000000002,5.0,32.17272727272727,54.974999999999994,False,False,False,False,False,True,87.224,88.1177849185574,-0.8937849185574009
2026,Monza,R,LIN,41,Racing Bulls,15.0,2.0,HARD,12.0,True,86.841,28.366,29.805,28.67,8.0,1,True,False,True,25.2,5.0,32.17272727272727,54.974999999999994,False,False,False,False,False,True,87.597,88.1177849185574,-0.5207849185574105
2026,Monza,R,LIN,41,Racing Bulls,16.0,2.0,HARD,13.0,True,86.919,28.422,29.798000000000002,28.699,8.0,1,True,False,True,27.0,5.0,32.17272727272727,54.974999999999994,False,False,False,False,False,True,87.729,88.1177849185574,-0.3887849185574055
2026,Monza,R,LIN,41,Racing Bulls,17.0,2.0,HARD,14.0,True,86.858,28.384,29.796,28.678,8.0,1,True,False,True,28.8,5.0,32.17272727272727,54.974999999999994,False,False,False,False,False,True,87.72200000000001,88.1177849185574,-0.3957849185573963
2026,Monza,R,LIN,41,Racing Bulls,18.0,2.0,HARD,15.0,True,86.892,28.379,29.788,28.725,8.0,1,True,False,True,30.6,5.0,32.17272727272727,54.974999999999994,False,False,False,False,False,True,87.81,88.1177849185574,-0.3077849185574024
2026,Monza,R,LIN,41,Racing Bulls,19.0,2.0,HARD,16.0,True,86.785,28.369,29.68,28.736,8.0,1,True,False,True,32.4,5.0,32.17272727272727,54.974999999999994,False,False,False,False,False,True,87.75699999999999,88.1177849185574,-0.3607849185574139
2026,Monza,R,LIN,41,Racing Bulls,20.0,2.0,HARD,17.0,True,86.927,28.516,29.741,28.67,8.0,1,True,False,True,34.2,5.0,32.17272727272727,54.974999999999994,False,False,False,False,False,True,87.953,88.1177849185574,-0.16478491855740174
2026,Monza,R,LIN,41,Racing Bulls,21.0,2.0,HARD,18.0,True,86.861,28.406,29.802,28.653,8.0,1,True,False,True,36.0,5.0,32.17272727272727,54.974999999999994,False,False,False,False,False,True,87.941,88.1177849185574,-0.1767849185574022
2026,Monza,R,LIN,41,Racing Bulls,22.0,2.0,HARD,19.0,True,86.674,28.444,29.672,28.558,8.0,1,True,False,True,37.800000000000004,5.0,32.17272727272727,54.974999999999994,False,False,False,False,False,True,87.808,88.1177849185574,-0.30978491855739776
2026,Monza,R,LIN,41,Racing Bulls,23.0,2.0,HARD,20.0,True,86.693,28.407,29.712,28.574,8.0,1,True,False,True,39.6,5.0,32.17272727272727,54.974999999999994,False,False,False,False,False,True,87.881,88.1177849185574,-0.23678491855740447
2026,Monza,R,LIN,41,Racing Bulls,24.0,2.0,HARD,21.0,True,86.782,28.419,29.735,28.628,8.0,1,True,False,True,41.4,5.0,32.17272727272727,54.974999999999994,False,False,False,False,False,True,88.024,88.1177849185574,-0.09378491855740378
2026,Monza,R,LIN,41,Racing Bulls,25.0,2.0,HARD,22.0,True,86.657,28.43,29.643,28.584,8.0,1,True,False,True,43.2,5.0,32.17272727272727,54.974999999999994,False,False,False,False,False,True,87.953,88.1177849185574,-0.16478491855740174
2026,Monza,R,LIN,41,Racing Bulls,26.0,2.0,HARD,23.0,True,86.725,28.416,29.718,28.591,8.0,1,True,False,True,45.0,5.0,32.17272727272727,54.974999999999994,False,False,False,False,False,True,88.07499999999999,88.1177849185574,-0.04278491855741606
2026,Monza,R,LIN,41,Racing Bulls,30.0,2.0,HARD,27.0,True,86.476,28.437,29.524,28.515,8.0,1,True,False,True,52.2,5.0,32.17272727272727,54.974999999999994,False,False,False,False,False,True,88.042,88.1177849185574,-0.0757849185574031
2026,Monza,R,LIN,41,Racing Bulls,31.0,2.0,HARD,28.0,True,86.451,28.467,29.473,28.511,8.0,1,True,False,True,54.0,5.0,32.17272727272727,54.974999999999994,False,False,False,False,False,True,88.071,88.1177849185574,-0.04678491855740674
2026,Monza,R,LIN,41,Racing Bulls,32.0,2.0,HARD,29.0,True,86.266,28.351,29.522,28.393,8.0,1,True,False,True,55.800000000000004,5.0,32.17272727272727,54.974999999999994,False,False,False,False,False,True,87.94000000000001,88.1177849185574,-0.17778491855739276
2026,Monza,R,LIN,41,Racing Bulls,33.0,2.0,HARD,30.0,True,86.412,28.346,29.626,28.44,8.0,1,True,False,True,57.6,5.0,32.17272727272727,54.974999999999994,False,False,False,False,False,True,88.14,88.1177849185574,0.022215081442595874
2026,Monza,R,LIN,41,Racing Bulls,34.0,2.0,HARD,31.0,True,86.58,28.432,29.656,28.492,8.0,1,True,False,True,59.4,5.0,32.17272727272727,54.974999999999994,False,False,False,False,False,True,88.362,88.1177849185574,0.24421508144259008
2026,Monza,R,LIN,41,Racing Bulls,35.0,2.0,HARD,32.0,True,86.401,28.354,29.617,28.43,8.0,1,True,False,True,61.2,5.0,32.17272727272727,54.974999999999994,False,False,False,False,False,True,88.237,88.1177849185574,0.11921508144259008
2026,Monza,R,LIN,41,Racing Bulls,36.0,2.0,HARD,33.0,True,86.301,28.337,29.514,28.45,8.0,1,True,False,True,63.0,5.0,32.17272727272727,54.974999999999994,False,False,False,False,False,True,88.191,88.1177849185574,0.0732150814425978
2026,Monza,R,LIN,41,Racing Bulls,37.0,2.0,HARD,34.0,True,86.345,28.356,29.656,28.333,8.0,1,True,False,True,64.8,5.0,32.17272727272727,54.974999999999994,False,False,False,False,False,True,88.289,88.1177849185574,0.17121508144259678
2026,Monza,R,LIN,41,Racing Bulls,38.0,2.0,HARD,35.0,True,86.482,28.32,29.68,28.482,8.0,1,True,False,True,66.60000000000001,5.0,32.17272727272727,54.974999999999994,False,False,False,False,False,True,88.48,88.1177849185574,0.3622150814425993
2026,Monza,R,LIN,41,Racing Bulls,39.0,2.0,HARD,36.0,True,86.314,28.365,29.52,28.429,8.0,1,True,False,True,68.4,5.0,32.17272727272727,54.974999999999994,False,False,False,False,False,True,88.366,88.1177849185574,0.24821508144259496
2026,Monza,R,LIN,41,Racing Bulls,40.0,2.0,HARD,37.0,True,86.324,28.4,29.545,28.379,8.0,1,True,False,True,70.2,5.0,32.17272727272727,54.974999999999994,False,False,False,False,False,True,88.42999999999999,88.1177849185574,0.3122150814425879
2026,Monza,R,LIN,41,Racing Bulls,41.0,2.0,HARD,38.0,True,86.638,28.514,29.717,28.407,8.0,1,True,False,True,72.0,5.0,32.17272727272727,54.974999999999994,False,False,False,False,False,True,88.798,88.1177849185574,0.6802150814425971
2026,Monza,R,LIN,41,Racing Bulls,42.0,2.0,HARD,39.0,True,86.427,28.527,29.662,28.238,8.0,1,True,False,True,73.8,5.0,32.17272727272727,54.974999999999994,False,False,False,False,False,True,88.641,88.1177849185574,0.5232150814426006
2026,Monza,R,LIN,41,Racing Bulls,43.0,2.0,HARD,40.0,True,86.343,28.6,29.517,28.226,8.0,1,True,False,True,75.60000000000001,5.0,32.17272727272727,54.974999999999994,False,False,False,False,False,True,88.611,88.1177849185574,0.4932150814425995
2026,Monza,R,LIN,41,Racing Bulls,44.0,2.0,HARD,41.0,True,86.162,28.448,29.477,28.237,8.0,1,True,False,True,77.4,5.0,32.17272727272727,54.974999999999994,False,False,False,False,False,True,88.48400000000001,88.1177849185574,0.3662150814426042
2026,Monza,R,LIN,41,Racing Bulls,45.0,2.0,HARD,42.0,True,86.194,28.504,29.395,28.295,8.0,1,True,False,True,79.2,5.0,32.17272727272727,54.974999999999994,False,False,False,False,False,True,88.57000000000001,88.1177849185574,0.4522150814426027
2026,Monza,R,LIN,41,Racing Bulls,46.0,2.0,HARD,43.0,True,86.053,28.469,29.369,28.215,8.0,1,True,False,True,81.0,5.0,32.17272727272727,54.974999999999994,False,False,False,False,False,True,88.483,88.1177849185574,0.3652150814425994
2026,Monza,R,LIN,41,Racing Bulls,47.0,2.0,HARD,44.0,True,86.028,28.452,29.388,28.188,8.0,1,True,False,True,82.8,5.0,32.17272727272727,54.974999999999994,False,False,False,False,False,True,88.512,88.1177849185574,0.39421508144259576
2026,Monza,R,LIN,41,Racing Bulls,48.0,2.0,HARD,45.0,True,86.033,28.47,29.386,28.177,8.0,1,True,False,True,84.60000000000001,5.0,32.17272727272727,54.974999999999994,False,False,False,False,False,True,88.571,88.1177849185574,0.45321508144259326
2026,Monza,R,LIN,41,Racing Bulls,49.0,2.0,HARD,46.0,True,86.207,28.529,29.523,28.155,8.0,1,True,False,True,86.4,5.0,32.17272727272727,54.974999999999994,False,False,False,False,False,True,88.79899999999999,88.1177849185574,0.6812150814425877
2026,Monza,R,LIN,41,Racing Bulls,50.0,2.0,HARD,47.0,True,86.221,28.643,29.347,28.231,8.0,1,True,False,True,88.2,5.0,32.17272727272727,54.974999999999994,False,False,False,False,False,True,88.867,88.1177849185574,0.7492150814425997
2026,Monza,R,LIN,41,Racing Bulls,51.0,2.0,HARD,48.0,True,86.233,28.534,29.507,28.192,8.0,1,True,False,True,90.0,5.0,32.17272727272727,54.974999999999994,False,False,False,False,False,True,88.933,88.1177849185574,0.8152150814426022
2026,Monza,R,LIN,41,Racing Bulls,52.0,2.0,HARD,49.0,True,86.238,28.575,29.481,28.182,8.0,1,True,False,True,91.8,5.0,32.17272727272727,54.974999999999994,False,False,False,False,False,True,88.992,88.1177849185574,0.8742150814425997
2026,Monza,R,LIN,41,Racing Bulls,53.0,2.0,HARD,50.0,True,86.055,28.459,29.397,28.199,8.0,1,True,False,True,93.60000000000001,5.0,32.17272727272727,54.974999999999994,False,False,False,False,False,True,88.86300000000001,88.1177849185574,0.7452150814426091
2026,Monza,R,COL,43,Alpine,2.0,1.0,MEDIUM,2.0,True,87.137,28.415,30.166,28.556,5.0,1,True,False,True,1.8,5.0,32.17272727272727,54.974999999999994,False,False,False,False,False,True,87.191,87.70246615904266,-0.511466159042655
2026,Monza,R,COL,43,Alpine,7.0,2.0,HARD,4.0,True,88.926,28.667,30.696,29.563,16.0,1,True,False,True,10.8,5.0,32.17272727272727,54.974999999999994,False,False,False,False,False,True,89.25,88.1177849185574,1.1322150814425953
2026,Monza,R,COL,43,Alpine,8.0,2.0,HARD,5.0,True,88.122,28.358,30.517,29.247,16.0,1,True,False,True,12.6,5.0,32.17272727272727,54.974999999999994,False,False,False,False,False,True,88.5,88.1177849185574,0.3822150814425953
2026,Monza,R,COL,43,Alpine,9.0,2.0,HARD,6.0,True,87.968,28.54,30.529,28.899,16.0,1,True,False,True,14.4,5.0,32.17272727272727,54.974999999999994,False,False,False,False,False,True,88.4,88.1177849185574,0.282215081442601
2026,Monza,R,COL,43,Alpine,10.0,2.0,HARD,7.0,True,87.626,28.255,30.452,28.919,16.0,1,True,False,True,16.2,5.0,32.17272727272727,54.974999999999994,False,False,False,False,False,True,88.11200000000001,88.1177849185574,-0.005784918557395713
2026,Monza,R,COL,43,Alpine,11.0,2.0,HARD,8.0,True,87.702,27.924,30.599,29.179,16.0,1,True,False,True,18.0,5.0,32.17272727272727,54.974999999999994,False,False,False,False,False,True,88.242,88.1177849185574,0.12421508144259974
2026,Monza,R,COL,43,Alpine,12.0,2.0,HARD,9.0,True,87.951,28.362,30.363,29.226,15.0,1,True,False,True,19.8,5.0,32.17272727272727,54.974999999999994,False,False,False,False,False,True,88.54499999999999,88.1177849185574,0.4272150814425828
2026,Monza,R,COL,43,Alpine,13.0,2.0,HARD,10.0,True,87.236,28.073,30.452,28.711,15.0,1,True,False,True,21.6,5.0,32.17272727272727,54.974999999999994,False,False,False,False,False,True,87.884,88.1177849185574,-0.23378491855740435
2026,Monza,R,COL,43,Alpine,14.0,2.0,HARD,11.0,True,87.071,28.011,30.305,28.755,15.0,1,True,False,True,23.400000000000002,5.0,32.17272727272727,54.974999999999994,False,False,False,False,False,True,87.773,88.1177849185574,-0.34478491855740856
2026,Monza,R,COL,43,Alpine,15.0,2.0,HARD,12.0,True,87.214,28.413,30.268,28.533,15.0,1,True,False,True,25.2,5.0,32.17272727272727,54.974999999999994,False,False,False,False,False,True,87.97,88.1177849185574,-0.14778491855740583
2026,Monza,R,COL,43,Alpine,16.0,2.0,HARD,13.0,True,87.334,27.507,30.651,29.176,14.0,1,True,False,True,27.0,5.0,32.17272727272727,54.974999999999994,False,False,False,False,False,True,88.144,88.1177849185574,0.026215081442600763
2026,Monza,R,COL,43,Alpine,17.0,2.0,HARD,14.0,True,87.06,28.214,30.337,28.509,14.0,1,True,False,True,28.8,5.0,32.17272727272727,54.974999999999994,False,False,False,False,False,True,87.924,88.1177849185574,-0.1937849185573981
2026,Monza,R,COL,43,Alpine,18.0,2.0,HARD,15.0,True,86.81,27.939,30.251,28.62,14.0,1,True,False,True,30.6,5.0,32.17272727272727,54.974999999999994,False,False,False,False,False,True,87.72800000000001,88.1177849185574,-0.38978491855739605
2026,Monza,R,COL,43,Alpine,19.0,2.0,HARD,16.0,True,86.908,27.944,30.368,28.596,14.0,1,True,False,True,32.4,5.0,32.17272727272727,54.974999999999994,False,False,False,False,False,True,87.88,88.1177849185574,-0.23778491855740924
2026,Monza,R,COL,43,Alpine,20.0,2.0,HARD,17.0,True,86.59,27.991,30.152,28.447,14.0,1,True,False,True,34.2,5.0,32.17272727272727,54.974999999999994,False,False,False,False,False,True,87.616,88.1177849185574,-0.501784918557405
2026,Monza,R,COL,43,Alpine,21.0,2.0,HARD,18.0,True,86.714,28.109,30.132,28.473,13.0,1,True,False,True,36.0,5.0,32.17272727272727,54.974999999999994,False,False,False,False,False,True,87.794,88.1177849185574,-0.32378491855740776
2026,Monza,R,COL,43,Alpine,22.0,2.0,HARD,19.0,True,87.052,28.225,30.227,28.6,12.0,1,True,False,True,37.800000000000004,5.0,32.17272727272727,54.974999999999994,False,False,False,False,False,True,88.186,88.1177849185574,0.06821508144260235
2026,Monza,R,COL,43,Alpine,23.0,2.0,HARD,20.0,True,86.727,28.252,30.107,28.368,12.0,1,True,False,True,39.6,5.0,32.17272727272727,54.974999999999994,False,False,False,False,False,True,87.915,88.1177849185574,-0.20278491855739844
2026,Monza,R,COL,43,Alpine,24.0,2.0,HARD,21.0,True,86.302,28.157,29.712,28.433,12.0,1,True,False,True,41.4,5.0,32.17272727272727,54.974999999999994,False,False,False,False,False,True,87.54400000000001,88.1177849185574,-0.5737849185573936
2026,Monza,R,COL,43,Alpine,25.0,2.0,HARD,22.0,True,86.238,28.068,29.743,28.427,12.0,1,True,False,True,43.2,5.0,32.17272727272727,54.974999999999994,False,False,False,False,False,True,87.534,88.1177849185574,-0.5837849185573987
2026,Monza,R,COL,43,Alpine,26.0,2.0,HARD,23.0,True,86.376,28.113,29.72,28.543,12.0,1,True,False,True,45.0,5.0,32.17272727272727,54.974999999999994,False,False,False,False,False,True,87.726,88.1177849185574,-0.3917849185574056
2026,Monza,R,COL,43,Alpine,29.0,2.0,HARD,26.0,True,86.245,27.688,30.056,28.501,10.0,1,True,False,True,50.4,5.0,32.17272727272727,54.974999999999994,False,False,False,False,False,True,87.757,88.1177849185574,-0.3607849185573997
2026,Monza,R,COL,43,Alpine,30.0,2.0,HARD,27.0,True,86.558,28.39,29.899,28.269,10.0,1,True,False,True,52.2,5.0,32.17272727272727,54.974999999999994,False,False,False,False,False,True,88.12400000000001,88.1177849185574,0.006215081442604742
2026,Monza,R,COL,43,Alpine,31.0,2.0,HARD,28.0,True,85.846,28.037,29.432,28.377,10.0,1,True,False,True,54.0,5.0,32.17272727272727,54.974999999999994,False,False,False,False,False,True,87.46600000000001,88.1177849185574,-0.6517849185573965
2026,Monza,R,COL,43,Alpine,32.0,2.0,HARD,29.0,True,86.446,28.328,29.508,28.61,10.0,1,True,False,True,55.800000000000004,5.0,32.17272727272727,54.974999999999994,False,False,False,False,False,True,88.12,88.1177849185574,0.0022150814425998533
2026,Monza,R,COL,43,Alpine,33.0,2.0,HARD,30.0,True,86.354,28.241,29.6,28.513,10.0,1,True,False,True,57.6,5.0,32.17272727272727,54.974999999999994,False,False,False,False,False,True,88.082,88.1177849185574,-0.03578491855741106
2026,Monza,R,COL,43,Alpine,34.0,2.0,HARD,31.0,True,86.326,28.304,29.538,28.484,10.0,1,True,False,True,59.4,5.0,32.17272727272727,54.974999999999994,False,False,False,False,False,True,88.10799999999999,88.1177849185574,-0.009784918557414812
2026,Monza,R,COL,43,Alpine,35.0,2.0,HARD,32.0,True,85.991,28.243,29.382,28.366,10.0,1,True,False,True,61.2,5.0,32.17272727272727,54.974999999999994,False,False,False,False,False,True,87.827,88.1177849185574,-0.2907849185574065
2026,Monza,R,COL,43,Alpine,36.0,2.0,HARD,33.0,True,85.862,28.025,29.531,28.306,10.0,1,True,False,True,63.0,5.0,32.17272727272727,54.974999999999994,False,False,False,False,False,True,87.752,88.1177849185574,-0.36578491855740936
2026,Monza,R,COL,43,Alpine,37.0,2.0,HARD,34.0,True,85.669,28.11,29.3,28.259,10.0,1,True,False,True,64.8,5.0,32.17272727272727,54.974999999999994,False,False,False,False,False,True,87.613,88.1177849185574,-0.5047849185574051
2026,Monza,R,COL,43,Alpine,38.0,2.0,HARD,35.0,True,85.64,28.031,29.237,28.372,10.0,1,True,False,True,66.60000000000001,5.0,32.17272727272727,54.974999999999994,False,False,False,False,False,True,87.638,88.1177849185574,-0.47978491855739946
2026,Monza,R,COL,43,Alpine,39.0,2.0,HARD,36.0,True,85.676,28.013,29.391,28.272,10.0,1,True,False,True,68.4,5.0,32.17272727272727,54.974999999999994,False,False,False,False,False,True,87.72800000000001,88.1177849185574,-0.38978491855739605
2026,Monza,R,COL,43,Alpine,40.0,2.0,HARD,37.0,True,85.817,28.056,29.676,28.085,10.0,1,True,False,True,70.2,5.0,32.17272727272727,54.974999999999994,False,False,False,False,False,True,87.92299999999999,88.1177849185574,-0.19478491855741709
2026,Monza,R,COL,43,Alpine,41.0,2.0,HARD,38.0,True,86.223,27.746,29.725,28.752,9.0,1,True,False,True,72.0,5.0,32.17272727272727,54.974999999999994,False,False,False,False,False,True,88.383,88.1177849185574,0.26521508144259087
2026,Monza,R,COL,43,Alpine,42.0,2.0,HARD,39.0,True,85.834,28.115,29.369,28.35,9.0,1,True,False,True,73.8,5.0,32.17272727272727,54.974999999999994,False,False,False,False,False,True,88.048,88.1177849185574,-0.06978491855740288
2026,Monza,R,COL,43,Alpine,43.0,2.0,HARD,40.0,True,86.278,28.445,29.47,28.363,9.0,1,True,False,True,75.60000000000001,5.0,32.17272727272727,54.974999999999994,False,False,False,False,False,True,88.546,88.1177849185574,0.4282150814426018
2026,Monza,R,COL,43,Alpine,44.0,2.0,HARD,41.0,True,86.061,28.297,29.398,28.366,9.0,1,True,False,True,77.4,5.0,32.17272727272727,54.974999999999994,False,False,False,False,False,True,88.38300000000001,88.1177849185574,0.2652150814426051
2026,Monza,R,COL,43,Alpine,45.0,2.0,HARD,42.0,True,85.958,28.278,29.375,28.305,9.0,1,True,False,True,79.2,5.0,32.17272727272727,54.974999999999994,False,False,False,False,False,True,88.334,88.1177849185574,0.2162150814425985
2026,Monza,R,COL,43,Alpine,46.0,2.0,HARD,43.0,True,85.72,28.189,29.329,28.202,9.0,1,True,False,True,81.0,5.0,32.17272727272727,54.974999999999994,False,False,False,False,False,True,88.15,88.1177849185574,0.03221508144260099
2026,Monza,R,COL,43,Alpine,47.0,2.0,HARD,44.0,True,85.803,28.225,29.304,28.274,9.0,1,True,False,True,82.8,5.0,32.17272727272727,54.974999999999994,False,False,False,False,False,True,88.28699999999999,88.1177849185574,0.16921508144258723
2026,Monza,R,COL,43,Alpine,48.0,2.0,HARD,45.0,True,85.821,28.325,29.21,28.286,9.0,1,True,False,True,84.60000000000001,5.0,32.17272727272727,54.974999999999994,False,False,False,False,False,True,88.359,88.1177849185574,0.24121508144258996
2026,Monza,R,COL,43,Alpine,49.0,2.0,HARD,46.0,True,85.796,28.19,29.334,28.272,9.0,1,True,False,True,86.4,5.0,32.17272727272727,54.974999999999994,False,False,False,False,False,True,88.388,88.1177849185574,0.27021508144260054
2026,Monza,R,COL,43,Alpine,50.0,2.0,HARD,47.0,True,85.695,28.186,29.284,28.225,9.0,1,True,False,True,88.2,5.0,32.17272727272727,54.974999999999994,False,False,False,False,False,True,88.341,88.1177849185574,0.22321508144258928
2026,Monza,R,COL,43,Alpine,51.0,2.0,HARD,48.0,True,85.656,28.175,29.293,28.188,9.0,1,True,False,True,90.0,5.0,32.17272727272727,54.974999999999994,False,False,False,False,False,True,88.35600000000001,88.1177849185574,0.23821508144260406
2026,Monza,R,COL,43,Alpine,52.0,2.0,HARD,49.0,True,85.403,28.077,29.231,28.095,9.0,1,True,False,True,91.8,5.0,32.17272727272727,54.974999999999994,False,False,False,False,False,True,88.15700000000001,88.1177849185574,0.03921508144260599
2026,Monza,R,COL,43,Alpine,53.0,2.0,HARD,50.0,True,84.933,27.68,29.28,27.973,9.0,1,True,False,True,93.60000000000001,5.0,32.17272727272727,54.974999999999994,False,False,False,False,False,True,87.74100000000001,88.1177849185574,-0.3767849185573908
2026,Monza,R,HAM,44,Ferrari,2.0,1.0,SOFT,2.0,True,87.244,28.159,30.565,28.52,9.0,1,True,False,True,1.8,5.0,32.17272727272727,54.974999999999994,False,False,False,False,False,True,87.298,88.55084801658712,-1.252848016587123
2026,Monza,R,HAM,44,Ferrari,7.0,2.0,MEDIUM,4.0,True,86.663,28.321,29.958,28.384,4.0,1,True,False,True,10.8,5.0,32.17272727272727,54.974999999999994,False,False,False,False,False,True,86.987,87.70246615904266,-0.7154661590426628
2026,Monza,R,HAM,44,Ferrari,8.0,2.0,MEDIUM,5.0,True,85.931,27.917,29.625,28.389,4.0,1,True,False,True,12.6,5.0,32.17272727272727,54.974999999999994,False,False,False,False,False,True,86.309,87.70246615904266,-1.39346615904266
2026,Monza,R,HAM,44,Ferrari,9.0,2.0,MEDIUM,6.0,True,86.176,27.901,30.102,28.173,4.0,1,True,False,True,14.4,5.0,32.17272727272727,54.974999999999994,False,False,False,False,False,True,86.608,87.70246615904266,-1.0944661590426534
2026,Monza,R,HAM,44,Ferrari,10.0,2.0,MEDIUM,7.0,True,86.082,27.838,29.916,28.328,3.0,1,True,False,True,16.2,5.0,32.17272727272727,54.974999999999994,False,False,False,False,False,True,86.568,87.70246615904266,-1.1344661590426597
2026,Monza,R,HAM,44,Ferrari,11.0,2.0,MEDIUM,8.0,True,86.738,28.351,29.446,28.941,3.0,1,True,False,True,18.0,5.0,32.17272727272727,54.974999999999994,False,False,False,False,False,True,87.278,87.70246615904266,-0.4244661590426517
2026,Monza,R,HAM,44,Ferrari,12.0,2.0,MEDIUM,9.0,True,87.104,28.707,29.947,28.45,5.0,1,True,False,True,19.8,5.0,32.17272727272727,54.974999999999994,False,False,False,False,False,True,87.698,87.70246615904266,-0.004466159042664231
2026,Monza,R,HAM,44,Ferrari,13.0,2.0,MEDIUM,10.0,True,85.929,27.918,29.955,28.056,5.0,1,True,False,True,21.6,5.0,32.17272727272727,54.974999999999994,False,False,False,False,False,True,86.577,87.70246615904266,-1.1254661590426593
2026,Monza,R,HAM,44,Ferrari,14.0,2.0,MEDIUM,11.0,True,86.415,27.593,30.412,28.41,5.0,1,True,False,True,23.400000000000002,5.0,32.17272727272727,54.974999999999994,False,False,False,False,False,True,87.117,87.70246615904266,-0.5854661590426531
2026,Monza,R,HAM,44,Ferrari,15.0,2.0,MEDIUM,12.0,True,85.869,28.113,29.78,27.976,5.0,1,True,False,True,25.2,5.0,32.17272727272727,54.974999999999994,False,False,False,False,False,True,86.625,87.70246615904266,-1.0774661590426575
2026,Monza,R,HAM,44,Ferrari,16.0,2.0,MEDIUM,13.0,True,86.218,28.279,29.805,28.134,4.0,1,True,False,True,27.0,5.0,32.17272727272727,54.974999999999994,False,False,False,False,False,True,87.028,87.70246615904266,-0.6744661590426517
2026,Monza,R,HAM,44,Ferrari,17.0,2.0,MEDIUM,14.0,True,86.489,28.259,29.57,28.66,4.0,1,True,False,True,28.8,5.0,32.17272727272727,54.974999999999994,False,False,False,False,False,True,87.35300000000001,87.70246615904266,-0.3494661590426489
2026,Monza,R,HAM,44,Ferrari,18.0,2.0,MEDIUM,15.0,True,86.839,28.237,29.93,28.672,4.0,1,True,False,True,30.6,5.0,32.17272727272727,54.974999999999994,False,False,False,False,False,True,87.757,87.70246615904266,0.05453384095734748
2026,Monza,R,HAM,44,Ferrari,19.0,2.0,MEDIUM,16.0,True,86.587,28.383,29.737,28.467,5.0,1,True,False,True,32.4,5.0,32.17272727272727,54.974999999999994,False,False,False,False,False,True,87.559,87.70246615904266,-0.14346615904266002
2026,Monza,R,HAM,44,Ferrari,20.0,2.0,MEDIUM,17.0,True,86.324,28.328,29.499,28.497,5.0,1,True,False,True,34.2,5.0,32.17272727272727,54.974999999999994,False,False,False,False,False,True,87.35,87.70246615904266,-0.3524661590426632
2026,Monza,R,HAM,44,Ferrari,21.0,2.0,MEDIUM,18.0,True,86.171,28.212,29.619,28.34,5.0,1,True,False,True,36.0,5.0,32.17272727272727,54.974999999999994,False,False,False,False,False,True,87.251,87.70246615904266,-0.45146615904265275
2026,Monza,R,HAM,44,Ferrari,22.0,2.0,MEDIUM,19.0,True,86.002,28.138,29.527,28.337,5.0,1,True,False,True,37.800000000000004,5.0,32.17272727272727,54.974999999999994,False,False,False,False,False,True,87.136,87.70246615904266,-0.5664661590426618
2026,Monza,R,HAM,44,Ferrari,23.0,2.0,MEDIUM,20.0,True,85.3,27.485,29.499,28.316,4.0,1,True,False,True,39.6,5.0,32.17272727272727,54.974999999999994,False,False,False,False,False,True,86.488,87.70246615904266,-1.214466159042658
2026,Monza,R,HAM,44,Ferrari,24.0,2.0,MEDIUM,21.0,True,86.047,28.294,29.413,28.34,4.0,1,True,False,True,41.4,5.0,32.17272727272727,54.974999999999994,False,False,False,False,False,True,87.289,87.70246615904266,-0.41346615904265605
2026,Monza,R,HAM,44,Ferrari,25.0,2.0,MEDIUM,22.0,True,87.168,28.849,29.778,28.541,5.0,1,True,False,True,43.2,5.0,32.17272727272727,54.974999999999994,False,False,False,False,False,True,88.46400000000001,87.70246615904266,0.7615338409573553
2026,Monza,R,HAM,44,Ferrari,26.0,2.0,MEDIUM,23.0,True,86.493,28.431,29.631,28.431,5.0,1,True,False,True,45.0,5.0,32.17272727272727,54.974999999999994,False,False,False,False,False,True,87.84299999999999,87.70246615904266,0.1405338409573318
2026,Monza,R,HAM,44,Ferrari,27.0,2.0,MEDIUM,24.0,True,85.897,28.148,29.532,28.217,5.0,1,True,False,True,46.800000000000004,5.0,32.17272727272727,54.974999999999994,False,False,False,False,False,True,87.301,87.70246615904266,-0.4014661590426556
2026,Monza,R,HAM,44,Ferrari,30.0,2.0,MEDIUM,27.0,True,85.912,28.079,29.356,28.477,3.0,1,True,False,True,52.2,5.0,32.17272727272727,54.974999999999994,False,False,False,False,False,True,87.47800000000001,87.70246615904266,-0.22446615904264888
2026,Monza,R,HAM,44,Ferrari,31.0,2.0,MEDIUM,28.0,True,85.964,28.303,29.337,28.324,3.0,1,True,False,True,54.0,5.0,32.17272727272727,54.974999999999994,False,False,False,False,False,True,87.584,87.70246615904266,-0.11846615904265434
2026,Monza,R,HAM,44,Ferrari,32.0,2.0,MEDIUM,29.0,True,86.065,28.205,29.527,28.333,3.0,1,True,False,True,55.800000000000004,5.0,32.17272727272727,54.974999999999994,False,False,False,False,False,True,87.739,87.70246615904266,0.0365338409573468
2026,Monza,R,HAM,44,Ferrari,33.0,2.0,MEDIUM,30.0,True,85.904,28.221,29.368,28.315,3.0,1,True,False,True,57.6,5.0,32.17272727272727,54.974999999999994,False,False,False,False,False,True,87.63199999999999,87.70246615904266,-0.07046615904266673
2026,Monza,R,HAM,44,Ferrari,34.0,2.0,MEDIUM,31.0,True,85.73,28.128,29.377,28.225,3.0,1,True,False,True,59.4,5.0,32.17272727272727,54.974999999999994,False,False,False,False,False,True,87.512,87.70246615904266,-0.19046615904265707
2026,Monza,R,HAM,44,Ferrari,35.0,2.0,MEDIUM,32.0,True,86.929,29.248,29.643,28.038,4.0,1,True,False,True,61.2,5.0,32.17272727272727,54.974999999999994,False,False,False,False,False,True,88.765,87.70246615904266,1.062533840957343
2026,Monza,R,HAM,44,Ferrari,36.0,2.0,MEDIUM,33.0,True,85.543,27.887,29.345,28.311,4.0,1,True,False,True,63.0,5.0,32.17272727272727,54.974999999999994,False,False,False,False,False,True,87.433,87.70246615904266,-0.2694661590426506
2026,Monza,R,HAM,44,Ferrari,37.0,2.0,MEDIUM,34.0,True,85.925,28.377,29.556,27.992,5.0,1,True,False,True,64.8,5.0,32.17272727272727,54.974999999999994,False,False,False,False,False,True,87.869,87.70246615904266,0.16653384095734225
2026,Monza,R,HAM,44,Ferrari,38.0,2.0,MEDIUM,35.0,True,85.443,27.909,29.344,28.19,5.0,1,True,False,True,66.60000000000001,5.0,32.17272727272727,54.974999999999994,False,False,False,False,False,True,87.441,87.70246615904266,-0.261466159042655
2026,Monza,R,HAM,44,Ferrari,39.0,2.0,MEDIUM,36.0,True,85.895,28.278,29.415,28.202,5.0,1,True,False,True,68.4,5.0,32.17272727272727,54.974999999999994,False,False,False,False,False,True,87.947,87.70246615904266,0.2445338409573452
2026,Monza,R,HAM,44,Ferrari,40.0,2.0,MEDIUM,37.0,True,85.75,28.25,29.535,27.965,5.0,1,True,False,True,70.2,5.0,32.17272727272727,54.974999999999994,False,False,False,False,False,True,87.856,87.70246615904266,0.15353384095733702
2026,Monza,R,HAM,44,Ferrari,41.0,2.0,MEDIUM,38.0,True,86.421,28.246,29.703,28.472,5.0,1,True,False,True,72.0,5.0,32.17272727272727,54.974999999999994,False,False,False,False,False,True,88.581,87.70246615904266,0.8785338409573455
2026,Monza,R,HAM,44,Ferrari,42.0,2.0,MEDIUM,39.0,True,86.718,28.891,29.584,28.243,6.0,1,True,False,True,73.8,5.0,32.17272727272727,54.974999999999994,False,False,False,False,False,True,88.932,87.70246615904266,1.2295338409573446
2026,Monza,R,HAM,44,Ferrari,43.0,2.0,MEDIUM,40.0,True,85.463,28.086,29.424,27.953,6.0,1,True,False,True,75.60000000000001,5.0,32.17272727272727,54.974999999999994,False,False,False,False,False,True,87.731,87.70246615904266,0.02853384095733702
2026,Monza,R,HAM,44,Ferrari,44.0,2.0,MEDIUM,41.0,True,85.612,27.959,29.414,28.239,6.0,1,True,False,True,77.4,5.0,32.17272727272727,54.974999999999994,False,False,False,False,False,True,87.934,87.70246615904266,0.23153384095733998
2026,Monza,R,HAM,44,Ferrari,45.0,2.0,MEDIUM,42.0,True,85.636,28.166,29.253,28.217,6.0,1,True,False,True,79.2,5.0,32.17272727272727,54.974999999999994,False,False,False,False,False,True,88.012,87.70246615904266,0.30953384095734293
2026,Monza,R,HAM,44,Ferrari,46.0,2.0,MEDIUM,43.0,True,85.469,28.105,29.375,27.989,6.0,1,True,False,True,81.0,5.0,32.17272727272727,54.974999999999994,False,False,False,False,False,True,87.899,87.70246615904266,0.1965338409573434
2026,Monza,R,HAM,44,Ferrari,47.0,2.0,MEDIUM,44.0,True,85.75,28.134,29.441,28.175,6.0,1,True,False,True,82.8,5.0,32.17272727272727,54.974999999999994,False,False,False,False,False,True,88.234,87.70246615904266,0.5315338409573371
2026,Monza,R,HAM,44,Ferrari,48.0,2.0,MEDIUM,45.0,True,85.601,28.282,29.392,27.927,6.0,1,True,False,True,84.60000000000001,5.0,32.17272727272727,54.974999999999994,False,False,False,False,False,True,88.139,87.70246615904266,0.43653384095733827
2026,Monza,R,HAM,44,Ferrari,49.0,2.0,MEDIUM,46.0,True,86.632,28.383,29.479,28.77,6.0,1,True,False,True,86.4,5.0,32.17272727272727,54.974999999999994,False,False,False,False,False,True,89.224,87.70246615904266,1.5215338409573462
2026,Monza,R,HAM,44,Ferrari,50.0,2.0,MEDIUM,47.0,True,86.063,28.411,29.453,28.199,6.0,1,True,False,True,88.2,5.0,32.17272727272727,54.974999999999994,False,False,False,False,False,True,88.709,87.70246615904266,1.0065338409573457
2026,Monza,R,HAM,44,Ferrari,51.0,2.0,MEDIUM,48.0,True,85.659,27.973,29.398,28.288,6.0,1,True,False,True,90.0,5.0,32.17272727272727,54.974999999999994,False,False,False,False,False,True,88.35900000000001,87.70246615904266,0.6565338409573513
2026,Monza,R,HAM,44,Ferrari,52.0,2.0,MEDIUM,49.0,True,86.244,28.458,29.701999999999998,28.084,6.0,1,True,False,True,91.8,5.0,32.17272727272727,54.974999999999994,False,False,False,False,False,True,88.998,87.70246615904266,1.2955338409573471
2026,Monza,R,HAM,44,Ferrari,53.0,2.0,MEDIUM,50.0,True,85.997,28.211,29.467,28.319,6.0,1,True,False,True,93.60000000000001,5.0,32.17272727272727,54.974999999999994,False,False,False,False,False,True,88.805,87.70246615904266,1.1025338409573493
2026,Monza,R,BOR,5,Audi,2.0,1.0,SOFT,2.0,True,88.416,29.422,30.207,28.787,11.0,1,True,False,True,1.8,5.0,32.17272727272727,54.974999999999994,False,False,False,False,False,True,88.47,88.55084801658712,-0.08084801658712593
2026,Monza,R,BOR,5,Audi,7.0,2.0,MEDIUM,4.0,True,88.211,28.76,30.594,28.857,15.0,1,True,False,True,10.8,5.0,32.17272727272727,54.974999999999994,False,False,False,False,False,True,88.535,87.70246615904266,0.8325338409573391
2026,Monza,R,BOR,5,Audi,8.0,2.0,MEDIUM,5.0,True,88.035,28.468,30.463,29.104,15.0,1,True,False,True,12.6,5.0,32.17272727272727,54.974999999999994,False,False,False,False,False,True,88.413,87.70246615904266,0.7105338409573392
2026,Monza,R,BOR,5,Audi,9.0,2.0,MEDIUM,6.0,True,87.597,28.317,30.351,28.929,14.0,1,True,False,True,14.4,5.0,32.17272727272727,54.974999999999994,False,False,False,False,False,True,88.029,87.70246615904266,0.32653384095733884
2026,Monza,R,BOR,5,Audi,10.0,2.0,MEDIUM,7.0,True,87.849,28.721,30.339,28.789,14.0,1,True,False,True,16.2,5.0,32.17272727272727,54.974999999999994,False,False,False,False,False,True,88.33500000000001,87.70246615904266,0.6325338409573504
2026,Monza,R,BOR,5,Audi,11.0,2.0,MEDIUM,8.0,True,87.978,28.771,29.918,29.289,15.0,1,True,False,True,18.0,5.0,32.17272727272727,54.974999999999994,False,False,False,False,False,True,88.518,87.70246615904266,0.8155338409573432
2026,Monza,R,BOR,5,Audi,12.0,2.0,MEDIUM,9.0,True,86.673,28.057,29.955,28.661,13.0,1,True,False,True,19.8,5.0,32.17272727272727,54.974999999999994,False,False,False,False,False,True,87.267,87.70246615904266,-0.4354661590426616
2026,Monza,R,BOR,5,Audi,13.0,2.0,MEDIUM,10.0,True,86.929,28.298,29.941,28.69,13.0,1,True,False,True,21.6,5.0,32.17272727272727,54.974999999999994,False,False,False,False,False,True,87.577,87.70246615904266,-0.12546615904265934
2026,Monza,R,BOR,5,Audi,14.0,2.0,MEDIUM,11.0,True,87.295,28.09,30.342,28.863,13.0,1,True,False,True,23.400000000000002,5.0,32.17272727272727,54.974999999999994,False,False,False,False,False,True,87.997,87.70246615904266,0.29453384095734236
2026,Monza,R,BOR,5,Audi,15.0,2.0,MEDIUM,12.0,True,86.993,28.264,29.984,28.745,12.0,1,True,False,True,25.2,5.0,32.17272727272727,54.974999999999994,False,False,False,False,False,True,87.749,87.70246615904266,0.0465338409573377
2026,Monza,R,BOR,5,Audi,16.0,2.0,MEDIUM,13.0,True,86.813,28.239,29.66,28.914,11.0,1,True,False,True,27.0,5.0,32.17272727272727,54.974999999999994,False,False,False,False,False,True,87.623,87.70246615904266,-0.07946615904265286
2026,Monza,R,BOR,5,Audi,17.0,2.0,MEDIUM,14.0,True,87.012,28.58,29.569,28.863,11.0,1,True,False,True,28.8,5.0,32.17272727272727,54.974999999999994,False,False,False,False,False,True,87.876,87.70246615904266,0.17353384095734725
2026,Monza,R,BOR,5,Audi,18.0,2.0,MEDIUM,15.0,True,86.949,28.636,29.633,28.68,11.0,1,True,False,True,30.6,5.0,32.17272727272727,54.974999999999994,False,False,False,False,False,True,87.867,87.70246615904266,0.1645338409573469
2026,Monza,R,BOR,5,Audi,19.0,2.0,MEDIUM,16.0,True,86.883,28.519,29.599,28.765,11.0,1,True,False,True,32.4,5.0,32.17272727272727,54.974999999999994,False,False,False,False,False,True,87.85499999999999,87.70246615904266,0.15253384095733225
2026,Monza,R,BOR,5,Audi,20.0,2.0,MEDIUM,17.0,True,86.735,28.638,29.506,28.591,11.0,1,True,False,True,34.2,5.0,32.17272727272727,54.974999999999994,False,False,False,False,False,True,87.761,87.70246615904266,0.05853384095733816
2026,Monza,R,BOR,5,Audi,21.0,2.0,MEDIUM,18.0,True,86.582,28.367,29.648,28.567,11.0,1,True,False,True,36.0,5.0,32.17272727272727,54.974999999999994,False,False,False,False,False,True,87.66199999999999,87.70246615904266,-0.040466159042665595
2026,Monza,R,BOR,5,Audi,22.0,2.0,MEDIUM,19.0,True,87.315,28.643,29.837,28.835,11.0,1,True,False,True,37.800000000000004,5.0,32.17272727272727,54.974999999999994,False,False,False,False,False,True,88.449,87.70246615904266,0.7465338409573405
2026,Monza,R,BOR,5,Audi,23.0,2.0,MEDIUM,20.0,True,86.971,28.628,29.664,28.679,11.0,1,True,False,True,39.6,5.0,32.17272727272727,54.974999999999994,False,False,False,False,False,True,88.159,87.70246615904266,0.4565338409573485
2026,Monza,R,BOR,5,Audi,24.0,2.0,MEDIUM,21.0,True,86.94,28.655,29.631,28.654,11.0,1,True,False,True,41.4,5.0,32.17272727272727,54.974999999999994,False,False,False,False,False,True,88.182,87.70246615904266,0.47953384095734464
2026,Monza,R,BOR,5,Audi,25.0,2.0,MEDIUM,22.0,True,86.449,28.553,29.614,28.282,11.0,1,True,False,True,43.2,5.0,32.17272727272727,54.974999999999994,False,False,False,False,False,True,87.745,87.70246615904266,0.042533840957347024
2026,Monza,R,BOR,5,Audi,26.0,2.0,MEDIUM,23.0,True,86.998,28.455,29.873,28.67,11.0,1,True,False,True,45.0,5.0,32.17272727272727,54.974999999999994,False,False,False,False,False,True,88.348,87.70246615904266,0.6455338409573415
2026,Monza,R,BOR,5,Audi,29.0,2.0,MEDIUM,26.0,True,87.681,29.357,29.755,28.569,11.0,1,True,False,True,50.4,5.0,32.17272727272727,54.974999999999994,False,False,False,False,False,True,89.193,87.70246615904266,1.4905338409573403
2026,Monza,R,BOR,5,Audi,30.0,2.0,MEDIUM,27.0,True,86.882,28.248,29.963,28.671,11.0,1,True,False,True,52.2,5.0,32.17272727272727,54.974999999999994,False,False,False,False,False,True,88.44800000000001,87.70246615904266,0.74553384095735
2026,Monza,R,BOR,5,Audi,31.0,2.0,MEDIUM,28.0,True,86.188,28.068,29.473,28.647,11.0,1,True,False,True,54.0,5.0,32.17272727272727,54.974999999999994,False,False,False,False,False,True,87.808,87.70246615904266,0.10553384095734941
2026,Monza,R,BOR,5,Audi,32.0,2.0,MEDIUM,29.0,True,86.488,28.517,29.58,28.391,11.0,1,True,False,True,55.800000000000004,5.0,32.17272727272727,54.974999999999994,False,False,False,False,False,True,88.162,87.70246615904266,0.4595338409573486
2026,Monza,R,BOR,5,Audi,33.0,2.0,MEDIUM,30.0,True,86.408,28.438,29.622,28.348,11.0,1,True,False,True,57.6,5.0,32.17272727272727,54.974999999999994,False,False,False,False,False,True,88.136,87.70246615904266,0.43353384095733816
2026,Monza,R,BOR,5,Audi,34.0,2.0,MEDIUM,31.0,True,86.549,28.651,29.604,28.294,11.0,1,True,False,True,59.4,5.0,32.17272727272727,54.974999999999994,False,False,False,False,False,True,88.331,87.70246615904266,0.6285338409573455
2026,Monza,R,BOR,5,Audi,35.0,2.0,MEDIUM,32.0,True,86.639,28.36,29.629,28.65,11.0,1,True,False,True,61.2,5.0,32.17272727272727,54.974999999999994,False,False,False,False,False,True,88.475,87.70246615904266,0.7725338409573368
2026,Monza,R,BOR,5,Audi,36.0,2.0,MEDIUM,33.0,True,86.798,28.558,29.72,28.52,11.0,1,True,False,True,63.0,5.0,32.17272727272727,54.974999999999994,False,False,False,False,False,True,88.688,87.70246615904266,0.9855338409573449
2026,Monza,R,BOR,5,Audi,37.0,2.0,MEDIUM,34.0,True,86.721,28.511,29.641,28.569,11.0,1,True,False,True,64.8,5.0,32.17272727272727,54.974999999999994,False,False,False,False,False,True,88.665,87.70246615904266,0.9625338409573487
2026,Monza,R,BOR,5,Audi,38.0,2.0,MEDIUM,35.0,True,86.615,28.631,29.538,28.446,11.0,1,True,False,True,66.60000000000001,5.0,32.17272727272727,54.974999999999994,False,False,False,False,False,True,88.613,87.70246615904266,0.910533840957342
2026,Monza,R,BOR,5,Audi,39.0,2.0,MEDIUM,36.0,True,86.557,28.491,29.592,28.474,11.0,1,True,False,True,68.4,5.0,32.17272727272727,54.974999999999994,False,False,False,False,False,True,88.60900000000001,87.70246615904266,0.9065338409573513
2026,Monza,R,BOR,5,Audi,40.0,2.0,MEDIUM,37.0,True,86.706,28.627,29.565,28.514,11.0,1,True,False,True,70.2,5.0,32.17272727272727,54.974999999999994,False,False,False,False,False,True,88.812,87.70246615904266,1.10953384095734
2026,Monza,R,BOR,5,Audi,41.0,2.0,MEDIUM,38.0,True,86.672,28.542,29.523,28.607,11.0,1,True,False,True,72.0,5.0,32.17272727272727,54.974999999999994,False,False,False,False,False,True,88.832,87.70246615904266,1.129533840957336
2026,Monza,R,BOR,5,Audi,42.0,2.0,MEDIUM,39.0,True,86.761,28.666,29.561,28.534,11.0,1,True,False,True,73.8,5.0,32.17272727272727,54.974999999999994,False,False,False,False,False,True,88.975,87.70246615904266,1.2725338409573368
2026,Monza,R,BOR,5,Audi,43.0,2.0,MEDIUM,40.0,True,86.777,28.684,29.597,28.496,11.0,1,True,False,True,75.60000000000001,5.0,32.17272727272727,54.974999999999994,False,False,False,False,False,True,89.045,87.70246615904266,1.3425338409573442
2026,Monza,R,BOR,5,Audi,44.0,2.0,MEDIUM,41.0,True,86.592,28.604,29.522,28.466,11.0,1,True,False,True,77.4,5.0,32.17272727272727,54.974999999999994,False,False,False,False,False,True,88.914,87.70246615904266,1.211533840957344
2026,Monza,R,BOR,5,Audi,45.0,2.0,MEDIUM,42.0,True,86.634,28.677,29.506,28.451,11.0,1,True,False,True,79.2,5.0,32.17272727272727,54.974999999999994,False,False,False,False,False,True,89.01,87.70246615904266,1.3075338409573476
2026,Monza,R,BOR,5,Audi,46.0,2.0,MEDIUM,43.0,True,86.607,28.681,29.56,28.366,11.0,1,True,False,True,81.0,5.0,32.17272727272727,54.974999999999994,False,False,False,False,False,True,89.037,87.70246615904266,1.3345338409573486
2026,Monza,R,BOR,5,Audi,47.0,2.0,MEDIUM,44.0,True,86.466,28.662,29.465,28.339,11.0,1,True,False,True,82.8,5.0,32.17272727272727,54.974999999999994,False,False,False,False,False,True,88.94999999999999,87.70246615904266,1.247533840957331
2026,Monza,R,BOR,5,Audi,48.0,2.0,MEDIUM,45.0,True,86.363,28.482,29.492,28.389,11.0,1,True,False,True,84.60000000000001,5.0,32.17272727272727,54.974999999999994,False,False,False,False,False,True,88.901,87.70246615904266,1.1985338409573387
2026,Monza,R,BOR,5,Audi,49.0,2.0,MEDIUM,46.0,True,86.395,28.426,29.405,28.564,11.0,1,True,False,True,86.4,5.0,32.17272727272727,54.974999999999994,False,False,False,False,False,True,88.987,87.70246615904266,1.2845338409573372
2026,Monza,R,BOR,5,Audi,50.0,2.0,MEDIUM,47.0,True,86.788,28.735,29.52,28.533,11.0,1,True,False,True,88.2,5.0,32.17272727272727,54.974999999999994,False,False,False,False,False,True,89.434,87.70246615904266,1.73153384095734
2026,Monza,R,BOR,5,Audi,51.0,2.0,MEDIUM,48.0,True,86.904,28.666,29.605,28.633,11.0,1,True,False,True,90.0,5.0,32.17272727272727,54.974999999999994,False,False,False,False,False,True,89.604,87.70246615904266,1.9015338409573417
2026,Monza,R,BOR,5,Audi,52.0,2.0,MEDIUM,49.0,True,86.851,28.634,29.655,28.562,11.0,1,True,False,True,91.8,5.0,32.17272727272727,54.974999999999994,False,False,False,False,False,True,89.605,87.70246615904266,1.9025338409573465
2026,Monza,R,BOR,5,Audi,53.0,2.0,MEDIUM,50.0,True,86.322,28.526,29.509,28.287,11.0,1,True,False,True,93.60000000000001,5.0,32.17272727272727,54.974999999999994,False,False,False,False,False,True,89.13000000000001,87.70246615904266,1.4275338409573521
2026,Monza,R,SAI,55,Williams,7.0,2.0,HARD,4.0,True,88.332,28.286,30.679,29.367,14.0,1,True,False,True,10.8,5.0,32.17272727272727,54.974999999999994,False,False,False,False,False,True,88.65599999999999,88.1177849185574,0.538215081442587
2026,Monza,R,SAI,55,Williams,8.0,2.0,HARD,5.0,True,88.665,28.132,31.337,29.196,14.0,1,True,False,True,12.6,5.0,32.17272727272727,54.974999999999994,False,False,False,False,False,True,89.043,88.1177849185574,0.9252150814426017
2026,Monza,R,SAI,55,Williams,9.0,2.0,HARD,6.0,True,88.223,28.452,30.295,29.476,15.0,1,True,False,True,14.4,5.0,32.17272727272727,54.974999999999994,False,False,False,False,False,True,88.655,88.1177849185574,0.5372150814425964
2026,Monza,R,SAI,55,Williams,10.0,2.0,HARD,7.0,True,87.945,28.215,30.261,29.469,15.0,1,True,False,True,16.2,5.0,32.17272727272727,54.974999999999994,False,False,False,False,False,True,88.431,88.1177849185574,0.3132150814425927
2026,Monza,R,SAI,55,Williams,11.0,2.0,HARD,8.0,True,87.155,27.772,30.257,29.126,14.0,1,True,False,True,18.0,5.0,32.17272727272727,54.974999999999994,False,False,False,False,False,True,87.69500000000001,88.1177849185574,-0.4227849185573973
2026,Monza,R,SAI,55,Williams,12.0,2.0,HARD,9.0,True,87.941,28.093,30.217,29.631,14.0,1,True,False,True,19.8,5.0,32.17272727272727,54.974999999999994,False,False,False,False,False,True,88.535,88.1177849185574,0.4172150814425919
2026,Monza,R,SAI,55,Williams,13.0,2.0,HARD,10.0,True,87.268,28.09,30.132,29.046,14.0,1,True,False,True,21.6,5.0,32.17272727272727,54.974999999999994,False,False,False,False,False,True,87.916,88.1177849185574,-0.20178491855740788
2026,Monza,R,SAI,55,Williams,14.0,2.0,HARD,11.0,True,87.406,28.046,30.209,29.151,14.0,1,True,False,True,23.400000000000002,5.0,32.17272727272727,54.974999999999994,False,False,False,False,False,True,88.108,88.1177849185574,-0.009784918557400601
2026,Monza,R,SAI,55,Williams,15.0,2.0,HARD,12.0,True,87.571,28.045,30.283,29.243,14.0,1,True,False,True,25.2,5.0,32.17272727272727,54.974999999999994,False,False,False,False,False,True,88.327,88.1177849185574,0.2092150814425935
2026,Monza,R,SAI,55,Williams,16.0,2.0,HARD,13.0,True,88.221,28.22,30.397,29.604,15.0,1,True,False,True,27.0,5.0,32.17272727272727,54.974999999999994,False,False,False,False,False,True,89.031,88.1177849185574,0.9132150814426012
2026,Monza,R,SAI,55,Williams,17.0,2.0,HARD,14.0,True,87.494,27.997,30.368,29.129,15.0,1,True,False,True,28.8,5.0,32.17272727272727,54.974999999999994,False,False,False,False,False,True,88.358,88.1177849185574,0.2402150814425994
2026,Monza,R,SAI,55,Williams,18.0,2.0,HARD,15.0,True,86.915,27.914,30.033,28.968,15.0,1,True,False,True,30.6,5.0,32.17272727272727,54.974999999999994,False,False,False,False,False,True,87.83300000000001,88.1177849185574,-0.2847849185573921
2026,Monza,R,SAI,55,Williams,19.0,2.0,HARD,16.0,True,87.074,27.992,30.093,28.989,15.0,1,True,False,True,32.4,5.0,32.17272727272727,54.974999999999994,False,False,False,False,False,True,88.04599999999999,88.1177849185574,-0.07178491855741242
2026,Monza,R,SAI,55,Williams,20.0,2.0,HARD,17.0,True,86.895,28.018,30.008,28.869,15.0,1,True,False,True,34.2,5.0,32.17272727272727,54.974999999999994,False,False,False,False,False,True,87.92099999999999,88.1177849185574,-0.19678491855741242
2026,Monza,R,SAI,55,Williams,21.0,2.0,HARD,18.0,True,87.067,27.938,30.188,28.941,15.0,1,True,False,True,36.0,5.0,32.17272727272727,54.974999999999994,False,False,False,False,False,True,88.14699999999999,88.1177849185574,0.029215081442586666
2026,Monza,R,SAI,55,Williams,22.0,2.0,HARD,19.0,True,87.456,27.85,30.661,28.945,15.0,1,True,False,True,37.800000000000004,5.0,32.17272727272727,54.974999999999994,False,False,False,False,False,True,88.59,88.1177849185574,0.4722150814425987
2026,Monza,R,SAI,55,Williams,23.0,2.0,HARD,20.0,True,87.169,27.975,30.272,28.922,15.0,1,True,False,True,39.6,5.0,32.17272727272727,54.974999999999994,False,False,False,False,False,True,88.357,88.1177849185574,0.23921508144259462
2026,Monza,R,SAI,55,Williams,24.0,2.0,HARD,21.0,True,87.005,27.973,30.152,28.88,15.0,1,True,False,True,41.4,5.0,32.17272727272727,54.974999999999994,False,False,False,False,False,True,88.247,88.1177849185574,0.1292150814425952
2026,Monza,R,SAI,55,Williams,25.0,2.0,HARD,22.0,True,87.114,27.92,30.326,28.868,15.0,1,True,False,True,43.2,5.0,32.17272727272727,54.974999999999994,False,False,False,False,False,True,88.41000000000001,88.1177849185574,0.2922150814426061
2026,Monza,R,SAI,55,Williams,26.0,2.0,HARD,23.0,True,87.305,27.901,30.548000000000002,28.856,15.0,1,True,False,True,45.0,5.0,32.17272727272727,54.974999999999994,False,False,False,False,False,True,88.655,88.1177849185574,0.5372150814425964
2026,Monza,R,SAI,55,Williams,29.0,3.0,MEDIUM,2.0,True,86.613,28.267,29.743,28.603,15.0,1,True,False,True,50.4,5.0,32.17272727272727,54.974999999999994,False,False,False,False,False,True,88.125,87.70246615904266,0.4225338409573425
2026,Monza,R,SAI,55,Williams,30.0,3.0,MEDIUM,3.0,True,86.488,28.247,29.616,28.625,15.0,1,True,False,True,52.2,5.0,32.17272727272727,54.974999999999994,False,False,False,False,False,True,88.054,87.70246615904266,0.3515338409573445
2026,Monza,R,SAI,55,Williams,31.0,3.0,MEDIUM,4.0,True,86.128,28.069,29.528,28.531,15.0,1,True,False,True,54.0,5.0,32.17272727272727,54.974999999999994,False,False,False,False,False,True,87.748,87.70246615904266,0.04553384095734714
2026,Monza,R,SAI,55,Williams,32.0,3.0,MEDIUM,5.0,True,86.236,28.005,29.598,28.633,15.0,1,True,False,True,55.800000000000004,5.0,32.17272727272727,54.974999999999994,False,False,False,False,False,True,87.91000000000001,87.70246615904266,0.20753384095735328
2026,Monza,R,SAI,55,Williams,33.0,3.0,MEDIUM,6.0,True,86.415,28.072,29.701999999999998,28.641,15.0,1,True,False,True,57.6,5.0,32.17272727272727,54.974999999999994,False,False,False,False,False,True,88.143,87.70246615904266,0.44053384095734316
2026,Monza,R,SAI,55,Williams,34.0,3.0,MEDIUM,7.0,True,86.278,27.946,29.66,28.672,15.0,1,True,False,True,59.4,5.0,32.17272727272727,54.974999999999994,False,False,False,False,False,True,88.06,87.70246615904266,0.35753384095734475
2026,Monza,R,SAI,55,Williams,35.0,3.0,MEDIUM,8.0,True,86.124,27.914,29.682,28.528,15.0,1,True,False,True,61.2,5.0,32.17272727272727,54.974999999999994,False,False,False,False,False,True,87.96,87.70246615904266,0.2575338409573362
2026,Monza,R,SAI,55,Williams,36.0,3.0,MEDIUM,9.0,True,86.1,27.93,29.639,28.531,15.0,1,True,False,True,63.0,5.0,32.17272727272727,54.974999999999994,False,False,False,False,False,True,87.99,87.70246615904266,0.28753384095733736
2026,Monza,R,SAI,55,Williams,37.0,3.0,MEDIUM,10.0,True,85.91,27.89,29.585,28.435,15.0,1,True,False,True,64.8,5.0,32.17272727272727,54.974999999999994,False,False,False,False,False,True,87.854,87.70246615904266,0.15153384095734168
2026,Monza,R,SAI,55,Williams,38.0,3.0,MEDIUM,11.0,True,85.772,27.822,29.527,28.423,15.0,1,True,False,True,66.60000000000001,5.0,32.17272727272727,54.974999999999994,False,False,False,False,False,True,87.77000000000001,87.70246615904266,0.06753384095735271
2026,Monza,R,SAI,55,Williams,39.0,3.0,MEDIUM,12.0,True,86.235,27.914,29.801,28.52,15.0,1,True,False,True,68.4,5.0,32.17272727272727,54.974999999999994,False,False,False,False,False,True,88.287,87.70246615904266,0.5845338409573486
2026,Monza,R,SAI,55,Williams,40.0,3.0,MEDIUM,13.0,True,86.036,27.864,29.716,28.456,15.0,1,True,False,True,70.2,5.0,32.17272727272727,54.974999999999994,False,False,False,False,False,True,88.142,87.70246615904266,0.4395338409573384
2026,Monza,R,SAI,55,Williams,41.0,3.0,MEDIUM,14.0,True,85.93,27.902,29.524,28.504,15.0,1,True,False,True,72.0,5.0,32.17272727272727,54.974999999999994,False,False,False,False,False,True,88.09,87.70246615904266,0.3875338409573459
2026,Monza,R,SAI,55,Williams,42.0,3.0,MEDIUM,15.0,True,85.88,27.957,29.555,28.368,15.0,1,True,False,True,73.8,5.0,32.17272727272727,54.974999999999994,False,False,False,False,False,True,88.094,87.70246615904266,0.39153384095733657
2026,Monza,R,SAI,55,Williams,43.0,3.0,MEDIUM,16.0,True,86.39,28.439,29.615,28.336,15.0,1,True,False,True,75.60000000000001,5.0,32.17272727272727,54.974999999999994,False,False,False,False,False,True,88.658,87.70246615904266,0.9555338409573437
2026,Monza,R,SAI,55,Williams,44.0,3.0,MEDIUM,17.0,True,86.149,28.078,29.713,28.358,15.0,1,True,False,True,77.4,5.0,32.17272727272727,54.974999999999994,False,False,False,False,False,True,88.471,87.70246615904266,0.7685338409573461
2026,Monza,R,SAI,55,Williams,45.0,3.0,MEDIUM,18.0,True,86.098,27.866,29.599,28.633,15.0,1,True,False,True,79.2,5.0,32.17272727272727,54.974999999999994,False,False,False,False,False,True,88.474,87.70246615904266,0.7715338409573462
2026,Monza,R,SAI,55,Williams,46.0,3.0,MEDIUM,19.0,True,85.683,27.799,29.43,28.454,14.0,1,True,False,True,81.0,5.0,32.17272727272727,54.974999999999994,False,False,False,False,False,True,88.113,87.70246615904266,0.410533840957342
2026,Monza,R,SAI,55,Williams,47.0,3.0,MEDIUM,20.0,True,85.783,28.016,29.433,28.334,14.0,1,True,False,True,82.8,5.0,32.17272727272727,54.974999999999994,False,False,False,False,False,True,88.267,87.70246615904266,0.5645338409573384
2026,Monza,R,SAI,55,Williams,48.0,3.0,MEDIUM,21.0,True,86.113,28.13,29.587,28.396,14.0,1,True,False,True,84.60000000000001,5.0,32.17272727272727,54.974999999999994,False,False,False,False,False,True,88.651,87.70246615904266,0.9485338409573387
2026,Monza,R,SAI,55,Williams,49.0,3.0,MEDIUM,22.0,True,85.847,27.83,29.593,28.424,14.0,1,True,False,True,86.4,5.0,32.17272727272727,54.974999999999994,False,False,False,False,False,True,88.439,87.70246615904266,0.7365338409573354
2026,Monza,R,SAI,55,Williams,50.0,3.0,MEDIUM,23.0,True,86.399,28.018,29.843,28.538,13.0,1,True,False,True,88.2,5.0,32.17272727272727,54.974999999999994,False,False,False,False,False,True,89.045,87.70246615904266,1.3425338409573442
2026,Monza,R,SAI,55,Williams,51.0,3.0,MEDIUM,24.0,True,86.257,28.088,29.661,28.508,13.0,1,True,False,True,90.0,5.0,32.17272727272727,54.974999999999994,False,False,False,False,False,True,88.95700000000001,87.70246615904266,1.2545338409573503
2026,Monza,R,SAI,55,Williams,52.0,3.0,MEDIUM,25.0,True,85.96,27.993,29.53,28.437,13.0,1,True,False,True,91.8,5.0,32.17272727272727,54.974999999999994,False,False,False,False,False,True,88.714,87.70246615904266,1.0115338409573411
2026,Monza,R,SAI,55,Williams,53.0,3.0,MEDIUM,26.0,True,85.964,28.054,29.566,28.344,13.0,1,True,False,True,93.60000000000001,5.0,32.17272727272727,54.974999999999994,False,False,False,False,False,True,88.772,87.70246615904266,1.069533840957348
2026,Monza,R,RUS,63,Mercedes,2.0,1.0,MEDIUM,2.0,True,86.651,28.283,29.678,28.69,1.0,1,True,False,True,1.8,5.0,32.17272727272727,54.974999999999994,False,False,False,False,False,True,86.705,87.70246615904266,-0.9974661590426592
2026,Monza,R,RUS,63,Mercedes,7.0,2.0,HARD,4.0,True,86.44,28.261,29.505,28.674,1.0,1,True,False,True,10.8,5.0,32.17272727272727,54.974999999999994,False,False,False,False,False,True,86.764,88.1177849185574,-1.353784918557409
2026,Monza,R,RUS,63,Mercedes,8.0,2.0,HARD,5.0,True,86.093,28.184,29.405,28.504,1.0,1,True,False,True,12.6,5.0,32.17272727272727,54.974999999999994,False,False,False,False,False,True,86.471,88.1177849185574,-1.646784918557401
2026,Monza,R,RUS,63,Mercedes,9.0,2.0,HARD,6.0,True,86.495,28.441,29.552,28.502,1.0,1,True,False,True,14.4,5.0,32.17272727272727,54.974999999999994,False,False,False,False,False,True,86.927,88.1177849185574,-1.190784918557398
2026,Monza,R,RUS,63,Mercedes,10.0,2.0,HARD,7.0,True,86.305,28.306,29.439,28.56,1.0,1,True,False,True,16.2,5.0,32.17272727272727,54.974999999999994,False,False,False,False,False,True,86.79100000000001,88.1177849185574,-1.3267849185573937
2026,Monza,R,RUS,63,Mercedes,11.0,2.0,HARD,8.0,True,86.63,28.198,29.661,28.771,1.0,1,True,False,True,18.0,5.0,32.17272727272727,54.974999999999994,False,False,False,False,False,True,87.17,88.1177849185574,-0.947784918557403
2026,Monza,R,RUS,63,Mercedes,12.0,2.0,HARD,9.0,True,87.352,28.708,30.161,28.483,2.0,1,True,False,True,19.8,5.0,32.17272727272727,54.974999999999994,False,False,False,False,False,True,87.946,88.1177849185574,-0.17178491855740674
2026,Monza,R,RUS,63,Mercedes,13.0,2.0,HARD,10.0,True,86.142,27.854,29.804,28.484,2.0,1,True,False,True,21.6,5.0,32.17272727272727,54.974999999999994,False,False,False,False,False,True,86.78999999999999,88.1177849185574,-1.3277849185574127
2026,Monza,R,RUS,63,Mercedes,14.0,2.0,HARD,11.0,True,86.549,27.948,29.909,28.692,2.0,1,True,False,True,23.400000000000002,5.0,32.17272727272727,54.974999999999994,False,False,False,False,False,True,87.251,88.1177849185574,-0.8667849185573999
2026,Monza,R,RUS,63,Mercedes,15.0,2.0,HARD,12.0,True,85.773,27.83,29.456,28.487,1.0,1,True,False,True,25.2,5.0,32.17272727272727,54.974999999999994,False,False,False,False,False,True,86.529,88.1177849185574,-1.5887849185574083
2026,Monza,R,RUS,63,Mercedes,16.0,2.0,HARD,13.0,True,85.742,27.883,29.445,28.414,1.0,1,True,False,True,27.0,5.0,32.17272727272727,54.974999999999994,False,False,False,False,False,True,86.552,88.1177849185574,-1.565784918557398
2026,Monza,R,RUS,63,Mercedes,17.0,2.0,HARD,14.0,True,85.584,27.906,29.296,28.382,1.0,1,True,False,True,28.8,5.0,32.17272727272727,54.974999999999994,False,False,False,False,False,True,86.44800000000001,88.1177849185574,-1.6697849185573972
2026,Monza,R,RUS,63,Mercedes,18.0,2.0,HARD,15.0,True,86.152,28.236,29.662,28.254,2.0,1,True,False,True,30.6,5.0,32.17272727272727,54.974999999999994,False,False,False,False,False,True,87.07000000000001,88.1177849185574,-1.0477849185573973
2026,Monza,R,RUS,63,Mercedes,19.0,2.0,HARD,16.0,True,85.802,28.223,29.281,28.298,2.0,1,True,False,True,32.4,5.0,32.17272727272727,54.974999999999994,False,False,False,False,False,True,86.774,88.1177849185574,-1.3437849185574038
2026,Monza,R,RUS,63,Mercedes,20.0,2.0,HARD,17.0,True,85.606,27.607,29.429,28.57,2.0,1,True,False,True,34.2,5.0,32.17272727272727,54.974999999999994,False,False,False,False,False,True,86.63199999999999,88.1177849185574,-1.485784918557414
2026,Monza,R,RUS,63,Mercedes,21.0,2.0,HARD,18.0,True,85.768,27.801,29.611,28.356,2.0,1,True,False,True,36.0,5.0,32.17272727272727,54.974999999999994,False,False,False,False,False,True,86.848,88.1177849185574,-1.2697849185574057
2026,Monza,R,RUS,63,Mercedes,22.0,2.0,HARD,19.0,True,86.496,27.868,30.051,28.576999999999998,2.0,1,True,False,True,37.800000000000004,5.0,32.17272727272727,54.974999999999994,False,False,False,False,False,True,87.63,88.1177849185574,-0.48778491855740924
2026,Monza,R,RUS,63,Mercedes,23.0,2.0,HARD,20.0,True,85.827,27.903,29.317,28.607,1.0,1,True,False,True,39.6,5.0,32.17272727272727,54.974999999999994,False,False,False,False,False,True,87.015,88.1177849185574,-1.1027849185574041
2026,Monza,R,RUS,63,Mercedes,24.0,2.0,HARD,21.0,True,85.642,28.418,29.091,28.133,1.0,1,True,False,True,41.4,5.0,32.17272727272727,54.974999999999994,False,False,False,False,False,True,86.884,88.1177849185574,-1.2337849185574044
2026,Monza,R,RUS,63,Mercedes,25.0,2.0,HARD,22.0,True,85.345,28.236,29.022,28.087,1.0,1,True,False,True,43.2,5.0,32.17272727272727,54.974999999999994,False,False,False,False,False,True,86.641,88.1177849185574,-1.4767849185573994
2026,Monza,R,RUS,63,Mercedes,26.0,2.0,HARD,23.0,True,85.505,28.192,29.089,28.224,1.0,1,True,False,True,45.0,5.0,32.17272727272727,54.974999999999994,False,False,False,False,False,True,86.85499999999999,88.1177849185574,-1.262784918557415
2026,Monza,R,RUS,63,Mercedes,27.0,2.0,HARD,24.0,True,85.517,28.263,29.067,28.187,1.0,1,True,False,True,46.800000000000004,5.0,32.17272727272727,54.974999999999994,False,False,False,False,False,True,86.92099999999999,88.1177849185574,-1.1967849185574124
2026,Monza,R,RUS,63,Mercedes,30.0,2.0,HARD,27.0,True,85.66,28.282,29.203,28.175,1.0,1,True,False,True,52.2,5.0,32.17272727272727,54.974999999999994,False,False,False,False,False,True,87.226,88.1177849185574,-0.8917849185574056
2026,Monza,R,RUS,63,Mercedes,31.0,2.0,HARD,28.0,True,85.569,28.118,29.262,28.189,1.0,1,True,False,True,54.0,5.0,32.17272727272727,54.974999999999994,False,False,False,False,False,True,87.18900000000001,88.1177849185574,-0.9287849185573975
2026,Monza,R,RUS,63,Mercedes,32.0,2.0,HARD,29.0,True,85.34,28.039,29.149,28.152,1.0,1,True,False,True,55.800000000000004,5.0,32.17272727272727,54.974999999999994,False,False,False,False,False,True,87.01400000000001,88.1177849185574,-1.1037849185573947
2026,Monza,R,RUS,63,Mercedes,33.0,2.0,HARD,30.0,True,85.404,28.026,29.166,28.212,1.0,1,True,False,True,57.6,5.0,32.17272727272727,54.974999999999994,False,False,False,False,False,True,87.13199999999999,88.1177849185574,-0.9857849185574139
2026,Monza,R,RUS,63,Mercedes,34.0,2.0,HARD,31.0,True,85.412,28.092,29.249,28.071,1.0,1,True,False,True,59.4,5.0,32.17272727272727,54.974999999999994,False,False,False,False,False,True,87.194,88.1177849185574,-0.9237849185574021
2026,Monza,R,RUS,63,Mercedes,35.0,2.0,HARD,32.0,True,85.296,27.993,29.199,28.104,1.0,1,True,False,True,61.2,5.0,32.17272727272727,54.974999999999994,False,False,False,False,False,True,87.132,88.1177849185574,-0.9857849185573997
2026,Monza,R,RUS,63,Mercedes,36.0,2.0,HARD,33.0,True,85.223,28.028,29.162,28.033,1.0,1,True,False,True,63.0,5.0,32.17272727272727,54.974999999999994,False,False,False,False,False,True,87.113,88.1177849185574,-1.0047849185574051
2026,Monza,R,RUS,63,Mercedes,37.0,2.0,HARD,34.0,True,85.337,28.027,29.229,28.081,1.0,1,True,False,True,64.8,5.0,32.17272727272727,54.974999999999994,False,False,False,False,False,True,87.281,88.1177849185574,-0.8367849185573988
2026,Monza,R,RUS,63,Mercedes,38.0,2.0,HARD,35.0,True,85.386,28.146,29.176,28.064,1.0,1,True,False,True,66.60000000000001,5.0,32.17272727272727,54.974999999999994,False,False,False,False,False,True,87.384,88.1177849185574,-0.7337849185574044
2026,Monza,R,RUS,63,Mercedes,39.0,2.0,HARD,36.0,True,85.018,27.908,29.17,27.94,1.0,1,True,False,True,68.4,5.0,32.17272727272727,54.974999999999994,False,False,False,False,False,True,87.07000000000001,88.1177849185574,-1.0477849185573973
2026,Monza,R,RUS,63,Mercedes,40.0,2.0,HARD,37.0,True,85.094,27.888,29.211,27.995,1.0,1,True,False,True,70.2,5.0,32.17272727272727,54.974999999999994,False,False,False,False,False,True,87.19999999999999,88.1177849185574,-0.9177849185574161
2026,Monza,R,RUS,63,Mercedes,41.0,2.0,HARD,38.0,True,85.331,28.132,29.19,28.009,1.0,1,True,False,True,72.0,5.0,32.17272727272727,54.974999999999994,False,False,False,False,False,True,87.491,88.1177849185574,-0.626784918557405
2026,Monza,R,RUS,63,Mercedes,42.0,2.0,HARD,39.0,True,85.137,28.148,28.99,27.999,1.0,1,True,False,True,73.8,5.0,32.17272727272727,54.974999999999994,False,False,False,False,False,True,87.351,88.1177849185574,-0.7667849185574056
2026,Monza,R,RUS,63,Mercedes,43.0,2.0,HARD,40.0,True,85.261,28.208,29.093,27.96,1.0,1,True,False,True,75.60000000000001,5.0,32.17272727272727,54.974999999999994,False,False,False,False,False,True,87.529,88.1177849185574,-0.5887849185574083
2026,Monza,R,RUS,63,Mercedes,44.0,2.0,HARD,41.0,True,85.128,28.007,29.19,27.931,1.0,1,True,False,True,77.4,5.0,32.17272727272727,54.974999999999994,False,False,False,False,False,True,87.45,88.1177849185574,-0.6677849185574019
2026,Monza,R,RUS,63,Mercedes,45.0,2.0,HARD,42.0,True,85.183,28.104,29.175,27.904,1.0,1,True,False,True,79.2,5.0,32.17272727272727,54.974999999999994,False,False,False,False,False,True,87.55900000000001,88.1177849185574,-0.558784918557393
2026,Monza,R,RUS,63,Mercedes,46.0,2.0,HARD,43.0,True,84.961,27.979,29.073,27.909,1.0,1,True,False,True,81.0,5.0,32.17272727272727,54.974999999999994,False,False,False,False,False,True,87.39099999999999,88.1177849185574,-0.7267849185574136
2026,Monza,R,RUS,63,Mercedes,47.0,2.0,HARD,44.0,True,84.861,27.927,29.01,27.924,1.0,1,True,False,True,82.8,5.0,32.17272727272727,54.974999999999994,False,False,False,False,False,True,87.345,88.1177849185574,-0.7727849185574058
2026,Monza,R,RUS,63,Mercedes,48.0,2.0,HARD,45.0,True,85.276,27.948,29.209,28.119,1.0,1,True,False,True,84.60000000000001,5.0,32.17272727272727,54.974999999999994,False,False,False,False,False,True,87.814,88.1177849185574,-0.30378491855741174
2026,Monza,R,RUS,63,Mercedes,49.0,2.0,HARD,46.0,True,87.975,30.4,29.5,28.075,1.0,1,True,False,True,86.4,5.0,32.17272727272727,54.974999999999994,False,False,False,False,False,True,90.567,88.1177849185574,2.4492150814425884
2026,Monza,R,RUS,63,Mercedes,50.0,2.0,HARD,47.0,True,86.206,27.906,29.818,28.482,2.0,1,True,False,True,88.2,5.0,32.17272727272727,54.974999999999994,False,False,False,False,False,True,88.852,88.1177849185574,0.7342150814425992
2026,Monza,R,RUS,63,Mercedes,51.0,2.0,HARD,48.0,True,84.39,27.603,28.967,27.82,2.0,1,True,False,True,90.0,5.0,32.17272727272727,54.974999999999994,False,False,False,False,False,True,87.09,88.1177849185574,-1.0277849185574013
2026,Monza,R,RUS,63,Mercedes,52.0,2.0,HARD,49.0,True,84.977,27.669,29.201,28.107,2.0,1,True,False,True,91.8,5.0,32.17272727272727,54.974999999999994,False,False,False,False,False,True,87.73100000000001,88.1177849185574,-0.38678491855739594
2026,Monza,R,RUS,63,Mercedes,53.0,2.0,HARD,50.0,True,85.486,27.762,29.245,28.479,2.0,1,True,False,True,93.60000000000001,5.0,32.17272727272727,54.974999999999994,False,False,False,False,False,True,88.29400000000001,88.1177849185574,0.17621508144260645
2026,Monza,R,BOT,77,Cadillac,7.0,2.0,MEDIUM,4.0,True,89.851,29.507,30.811,29.533,21.0,1,True,False,True,10.8,5.0,32.17272727272727,54.974999999999994,False,False,False,False,False,True,90.175,87.70246615904266,2.4725338409573396
2026,Monza,R,BOT,77,Cadillac,8.0,2.0,MEDIUM,5.0,True,88.429,28.659,30.454,29.316,20.0,1,True,False,True,12.6,5.0,32.17272727272727,54.974999999999994,False,False,False,False,False,True,88.807,87.70246615904266,1.1045338409573446
2026,Monza,R,BOT,77,Cadillac,9.0,2.0,MEDIUM,6.0,True,89.044,29.028,30.531,29.485,20.0,1,True,False,True,14.4,5.0,32.17272727272727,54.974999999999994,False,False,False,False,False,True,89.476,87.70246615904266,1.7735338409573416
2026,Monza,R,BOT,77,Cadillac,10.0,2.0,MEDIUM,7.0,True,89.11,29.212,30.523,29.375,20.0,1,True,False,True,16.2,5.0,32.17272727272727,54.974999999999994,False,False,False,False,False,True,89.596,87.70246615904266,1.8935338409573461
2026,Monza,R,BOT,77,Cadillac,11.0,2.0,MEDIUM,8.0,True,88.906,29.092,30.411,29.403,20.0,1,True,False,True,18.0,5.0,32.17272727272727,54.974999999999994,False,False,False,False,False,True,89.44600000000001,87.70246615904266,1.7435338409573546
2026,Monza,R,BOT,77,Cadillac,12.0,2.0,MEDIUM,9.0,True,88.549,29.069,30.137,29.343,20.0,1,True,False,True,19.8,5.0,32.17272727272727,54.974999999999994,False,False,False,False,False,True,89.143,87.70246615904266,1.4405338409573432
2026,Monza,R,BOT,77,Cadillac,13.0,2.0,MEDIUM,10.0,True,88.807,29.059,30.276,29.472,19.0,1,True,False,True,21.6,5.0,32.17272727272727,54.974999999999994,False,False,False,False,False,True,89.455,87.70246615904266,1.7525338409573408
2026,Monza,R,BOT,77,Cadillac,14.0,2.0,MEDIUM,11.0,True,88.37,29.001,30.142,29.227,19.0,1,True,False,True,23.400000000000002,5.0,32.17272727272727,54.974999999999994,False,False,False,False,False,True,89.072,87.70246615904266,1.3695338409573452
2026,Monza,R,BOT,77,Cadillac,15.0,2.0,MEDIUM,12.0,True,88.597,28.873,30.347,29.377,19.0,1,True,False,True,25.2,5.0,32.17272727272727,54.974999999999994,False,False,False,False,False,True,89.353,87.70246615904266,1.650533840957337
2026,Monza,R,BOT,77,Cadillac,16.0,2.0,MEDIUM,13.0,True,88.572,29.01,30.135,29.427,19.0,1,True,False,True,27.0,5.0,32.17272727272727,54.974999999999994,False,False,False,False,False,True,89.382,87.70246615904266,1.6795338409573475
2026,Monza,R,BOT,77,Cadillac,17.0,2.0,MEDIUM,14.0,True,88.476,28.944,30.288,29.244,19.0,1,True,False,True,28.8,5.0,32.17272727272727,54.974999999999994,False,False,False,False,False,True,89.34,87.70246615904266,1.6375338409573459
2026,Monza,R,BOT,77,Cadillac,18.0,2.0,MEDIUM,15.0,True,88.539,28.686,30.252,29.601,19.0,1,True,False,True,30.6,5.0,32.17272727272727,54.974999999999994,False,False,False,False,False,True,89.45700000000001,87.70246615904266,1.7545338409573503
2026,Monza,R,BOT,77,Cadillac,19.0,2.0,MEDIUM,16.0,True,88.471,28.999,30.169,29.303,19.0,1,True,False,True,32.4,5.0,32.17272727272727,54.974999999999994,False,False,False,False,False,True,89.443,87.70246615904266,1.7405338409573403
2026,Monza,R,BOT,77,Cadillac,20.0,2.0,MEDIUM,17.0,True,88.568,28.788,30.306,29.474,19.0,1,True,False,True,34.2,5.0,32.17272727272727,54.974999999999994,False,False,False,False,False,True,89.594,87.70246615904266,1.8915338409573366
2026,Monza,R,BOT,77,Cadillac,21.0,2.0,MEDIUM,18.0,True,88.41,29.063,30.126,29.221,19.0,1,True,False,True,36.0,5.0,32.17272727272727,54.974999999999994,False,False,False,False,False,True,89.49,87.70246615904266,1.7875338409573374
2026,Monza,R,BOT,77,Cadillac,22.0,2.0,MEDIUM,19.0,True,88.594,28.938,30.337,29.319,19.0,1,True,False,True,37.800000000000004,5.0,32.17272727272727,54.974999999999994,False,False,False,False,False,True,89.728,87.70246615904266,2.025533840957337
2026,Monza,R,BOT,77,Cadillac,23.0,2.0,MEDIUM,20.0,True,88.386,28.973,30.1,29.313,18.0,1,True,False,True,39.6,5.0,32.17272727272727,54.974999999999994,False,False,False,False,False,True,89.574,87.70246615904266,1.8715338409573405
2026,Monza,R,BOT,77,Cadillac,24.0,2.0,MEDIUM,21.0,True,89.711,30.05,30.508,29.153,19.0,1,True,False,True,41.4,5.0,32.17272727272727,54.974999999999994,False,False,False,False,False,True,90.953,87.70246615904266,3.2505338409573454
2026,Monza,R,BOT,77,Cadillac,25.0,2.0,MEDIUM,22.0,True,88.57,28.928,30.135,29.507,19.0,1,True,False,True,43.2,5.0,32.17272727272727,54.974999999999994,False,False,False,False,False,True,89.866,87.70246615904266,2.163533840957342
2026,Monza,R,BOT,77,Cadillac,26.0,2.0,MEDIUM,23.0,True,88.707,28.948,30.275,29.484,19.0,1,True,False,True,45.0,5.0,32.17272727272727,54.974999999999994,False,False,False,False,False,True,90.05699999999999,87.70246615904266,2.3545338409573304
2026,Monza,R,BOT,77,Cadillac,29.0,3.0,SOFT,2.0,True,87.982,28.758,29.985,29.239,19.0,1,True,False,True,50.4,5.0,32.17272727272727,54.974999999999994,False,False,False,False,False,True,89.494,88.55084801658712,0.943151983412875
2026,Monza,R,BOT,77,Cadillac,30.0,3.0,SOFT,3.0,True,90.847,30.481,31.588,28.778,19.0,1,True,False,True,52.2,5.0,32.17272727272727,54.974999999999994,False,False,False,False,False,True,92.413,88.55084801658712,3.862151983412872
2026,Monza,R,BOT,77,Cadillac,31.0,3.0,SOFT,4.0,True,87.803,28.61,29.986,29.207,19.0,1,True,False,True,54.0,5.0,32.17272727272727,54.974999999999994,False,False,False,False,False,True,89.423,88.55084801658712,0.872151983412877
2026,Monza,R,BOT,77,Cadillac,32.0,3.0,SOFT,5.0,True,89.253,28.893,29.943,30.417,19.0,1,True,False,True,55.800000000000004,5.0,32.17272727272727,54.974999999999994,False,False,False,False,False,True,90.927,88.55084801658712,2.376151983412882
2026,Monza,R,BOT,77,Cadillac,33.0,3.0,SOFT,6.0,True,87.801,28.953,29.97,28.878,19.0,1,True,False,True,57.6,5.0,32.17272727272727,54.974999999999994,False,False,False,False,False,True,89.529,88.55084801658712,0.9781519834128716
2026,Monza,R,BOT,77,Cadillac,34.0,3.0,SOFT,7.0,True,87.661,28.556,29.914,29.191,19.0,1,True,False,True,59.4,5.0,32.17272727272727,54.974999999999994,False,False,False,False,False,True,89.443,88.55084801658712,0.892151983412873
2026,Monza,R,BOT,77,Cadillac,35.0,3.0,SOFT,8.0,True,88.14,28.915,29.982,29.243,19.0,1,True,False,True,61.2,5.0,32.17272727272727,54.974999999999994,False,False,False,False,False,True,89.976,88.55084801658712,1.4251519834128743
2026,Monza,R,BOT,77,Cadillac,36.0,3.0,SOFT,9.0,True,88.744,29.025,31.253,28.466,19.0,1,True,False,True,63.0,5.0,32.17272727272727,54.974999999999994,False,False,False,False,False,True,90.634,88.55084801658712,2.0831519834128756
2026,Monza,R,BOT,77,Cadillac,37.0,3.0,SOFT,10.0,True,89.146,28.871,30.542,29.733,19.0,1,True,False,True,64.8,5.0,32.17272727272727,54.974999999999994,False,False,False,False,False,True,91.09,88.55084801658712,2.5391519834128786
2026,Monza,R,BOT,77,Cadillac,38.0,3.0,SOFT,11.0,True,87.625,28.611,30.014,29.0,19.0,1,True,False,True,66.60000000000001,5.0,32.17272727272727,54.974999999999994,False,False,False,False,False,True,89.623,88.55084801658712,1.0721519834128799
2026,Monza,R,BOT,77,Cadillac,39.0,3.0,SOFT,12.0,True,87.716,28.765,29.994,28.957,19.0,1,True,False,True,68.4,5.0,32.17272727272727,54.974999999999994,False,False,False,False,False,True,89.768,88.55084801658712,1.217151983412876
2026,Monza,R,BOT,77,Cadillac,40.0,3.0,SOFT,13.0,True,89.414,28.963,29.912,30.539,19.0,1,True,False,True,70.2,5.0,32.17272727272727,54.974999999999994,False,False,False,False,False,True,91.52,88.55084801658712,2.9691519834128712
2026,Monza,R,BOT,77,Cadillac,41.0,3.0,SOFT,14.0,True,87.597,28.852,29.891,28.854,19.0,1,True,False,True,72.0,5.0,32.17272727272727,54.974999999999994,False,False,False,False,False,True,89.75699999999999,88.55084801658712,1.206151983412866
2026,Monza,R,BOT,77,Cadillac,42.0,3.0,SOFT,15.0,True,87.468,28.674,29.83,28.964,19.0,1,True,False,True,73.8,5.0,32.17272727272727,54.974999999999994,False,False,False,False,False,True,89.682,88.55084801658712,1.1311519834128774
2026,Monza,R,BOT,77,Cadillac,43.0,3.0,SOFT,16.0,True,87.46,28.731,29.707,29.022,19.0,1,True,False,True,75.60000000000001,5.0,32.17272727272727,54.974999999999994,False,False,False,False,False,True,89.728,88.55084801658712,1.1771519834128696
2026,Monza,R,BOT,77,Cadillac,44.0,3.0,SOFT,17.0,True,87.616,28.843,29.762,29.011,19.0,1,True,False,True,77.4,5.0,32.17272727272727,54.974999999999994,False,False,False,False,False,True,89.938,88.55084801658712,1.3871519834128776
2026,Monza,R,BOT,77,Cadillac,45.0,3.0,SOFT,18.0,True,87.585,29.042,29.847,28.696,19.0,1,True,False,True,79.2,5.0,32.17272727272727,54.974999999999994,False,False,False,False,False,True,89.961,88.55084801658712,1.4101519834128737
2026,Monza,R,BOT,77,Cadillac,46.0,3.0,SOFT,19.0,True,92.412,28.997,29.799,33.616,19.0,1,True,False,True,81.0,5.0,32.17272727272727,54.974999999999994,False,False,False,False,False,True,94.84200000000001,88.55084801658712,6.291151983412888
2026,Monza,R,BOT,77,Cadillac,48.0,3.0,SOFT,21.0,True,88.393,28.745,30.13,29.518,19.0,1,True,False,True,84.60000000000001,5.0,32.17272727272727,54.974999999999994,False,False,False,False,False,True,90.931,88.55084801658712,2.3801519834128726
2026,Monza,R,BOT,77,Cadillac,50.0,3.0,SOFT,23.0,True,89.946,29.52,30.738,29.688,19.0,1,True,False,True,88.2,5.0,32.17272727272727,54.974999999999994,False,False,False,False,False,True,92.592,88.55084801658712,4.041151983412874
2026,Monza,R,BOT,77,Cadillac,51.0,3.0,SOFT,24.0,True,87.325,28.596,29.731,28.998,19.0,1,True,False,True,90.0,5.0,32.17272727272727,54.974999999999994,False,False,False,False,False,True,90.025,88.55084801658712,1.474151983412881
2026,Monza,R,PIA,81,McLaren,2.0,1.0,MEDIUM,2.0,True,87.486,28.376,30.149,28.961,4.0,1,True,False,True,1.8,5.0,32.17272727272727,54.974999999999994,False,False,False,False,False,True,87.54,87.70246615904266,-0.16246615904265127
2026,Monza,R,PIA,81,McLaren,7.0,2.0,HARD,4.0,True,87.432,28.416,30.071,28.945,5.0,1,True,False,True,10.8,5.0,32.17272727272727,54.974999999999994,False,False,False,False,False,True,87.756,88.1177849185574,-0.36178491855740447
2026,Monza,R,PIA,81,McLaren,8.0,2.0,HARD,5.0,True,86.051,28.141,29.41,28.5,5.0,1,True,False,True,12.6,5.0,32.17272727272727,54.974999999999994,False,False,False,False,False,True,86.429,88.1177849185574,-1.6887849185574026
2026,Monza,R,PIA,81,McLaren,9.0,2.0,HARD,6.0,True,85.978,28.067,29.458,28.453,5.0,1,True,False,True,14.4,5.0,32.17272727272727,54.974999999999994,False,False,False,False,False,True,86.41,88.1177849185574,-1.707784918557408
2026,Monza,R,PIA,81,McLaren,10.0,2.0,HARD,7.0,True,86.321,27.984,29.701999999999998,28.635,4.0,1,True,False,True,16.2,5.0,32.17272727272727,54.974999999999994,False,False,False,False,False,True,86.807,88.1177849185574,-1.3107849185574025
2026,Monza,R,PIA,81,McLaren,11.0,2.0,HARD,8.0,True,86.086,28.049,29.541,28.496,4.0,1,True,False,True,18.0,5.0,32.17272727272727,54.974999999999994,False,False,False,False,False,True,86.626,88.1177849185574,-1.4917849185574
2026,Monza,R,PIA,81,McLaren,12.0,2.0,HARD,9.0,True,85.975,27.783,29.487,28.705,3.0,1,True,False,True,19.8,5.0,32.17272727272727,54.974999999999994,False,False,False,False,False,True,86.56899999999999,88.1177849185574,-1.5487849185574163
2026,Monza,R,PIA,81,McLaren,13.0,2.0,HARD,10.0,True,86.547,28.574,29.633,28.34,4.0,1,True,False,True,21.6,5.0,32.17272727272727,54.974999999999994,False,False,False,False,False,True,87.195,88.1177849185574,-0.9227849185574115
2026,Monza,R,PIA,81,McLaren,14.0,2.0,HARD,11.0,True,86.111,27.771,29.926,28.414,4.0,1,True,False,True,23.400000000000002,5.0,32.17272727272727,54.974999999999994,False,False,False,False,False,True,86.813,88.1177849185574,-1.3047849185574023
2026,Monza,R,PIA,81,McLaren,15.0,2.0,HARD,12.0,True,86.233,28.108,29.647,28.478,4.0,1,True,False,True,25.2,5.0,32.17272727272727,54.974999999999994,False,False,False,False,False,True,86.989,88.1177849185574,-1.1287849185574004
2026,Monza,R,PIA,81,McLaren,16.0,2.0,HARD,13.0,True,86.723,28.162,29.613,28.948,5.0,1,True,False,True,27.0,5.0,32.17272727272727,54.974999999999994,False,False,False,False,False,True,87.533,88.1177849185574,-0.5847849185574034
2026,Monza,R,PIA,81,McLaren,17.0,2.0,HARD,14.0,True,86.552,28.214,29.805,28.533,5.0,1,True,False,True,28.8,5.0,32.17272727272727,54.974999999999994,False,False,False,False,False,True,87.41600000000001,88.1177849185574,-0.7017849185573937
2026,Monza,R,PIA,81,McLaren,18.0,2.0,HARD,15.0,True,86.764,27.876,30.291,28.597,5.0,1,True,False,True,30.6,5.0,32.17272727272727,54.974999999999994,False,False,False,False,False,True,87.682,88.1177849185574,-0.43578491855740253
2026,Monza,R,PIA,81,McLaren,19.0,2.0,HARD,16.0,True,85.646,27.816,29.332,28.498,4.0,1,True,False,True,32.4,5.0,32.17272727272727,54.974999999999994,False,False,False,False,False,True,86.618,88.1177849185574,-1.4997849185574097
2026,Monza,R,PIA,81,McLaren,20.0,2.0,HARD,17.0,True,86.094,28.157,29.422,28.515,4.0,1,True,False,True,34.2,5.0,32.17272727272727,54.974999999999994,False,False,False,False,False,True,87.11999999999999,88.1177849185574,-0.9977849185574144
2026,Monza,R,PIA,81,McLaren,21.0,2.0,HARD,18.0,True,86.231,28.241,29.481,28.509,4.0,1,True,False,True,36.0,5.0,32.17272727272727,54.974999999999994,False,False,False,False,False,True,87.31099999999999,88.1177849185574,-0.8067849185574119
2026,Monza,R,PIA,81,McLaren,22.0,2.0,HARD,19.0,True,86.083,28.261,29.379,28.443,4.0,1,True,False,True,37.800000000000004,5.0,32.17272727272727,54.974999999999994,False,False,False,False,False,True,87.217,88.1177849185574,-0.900784918557406
2026,Monza,R,PIA,81,McLaren,23.0,2.0,HARD,20.0,True,86.811,28.494,29.848,28.469,5.0,1,True,False,True,39.6,5.0,32.17272727272727,54.974999999999994,False,False,False,False,False,True,87.99900000000001,88.1177849185574,-0.11878491855739526
2026,Monza,R,PIA,81,McLaren,24.0,2.0,HARD,21.0,True,85.926,28.003,29.476,28.447,5.0,1,True,False,True,41.4,5.0,32.17272727272727,54.974999999999994,False,False,False,False,False,True,87.168,88.1177849185574,-0.9497849185573983
2026,Monza,R,PIA,81,McLaren,25.0,2.0,HARD,22.0,True,85.884,27.942,29.381,28.561,4.0,1,True,False,True,43.2,5.0,32.17272727272727,54.974999999999994,False,False,False,False,False,True,87.18,88.1177849185574,-0.9377849185573979
2026,Monza,R,PIA,81,McLaren,26.0,2.0,HARD,23.0,True,86.143,28.246,29.368,28.529,4.0,1,True,False,True,45.0,5.0,32.17272727272727,54.974999999999994,False,False,False,False,False,True,87.493,88.1177849185574,-0.6247849185574097
2026,Monza,R,PIA,81,McLaren,27.0,2.0,HARD,24.0,True,86.106,28.298,29.495,28.313,4.0,1,True,False,True,46.800000000000004,5.0,32.17272727272727,54.974999999999994,False,False,False,False,False,True,87.50999999999999,88.1177849185574,-0.6077849185574138
2026,Monza,R,PIA,81,McLaren,30.0,2.0,HARD,27.0,True,85.915,28.288,29.342,28.285,2.0,1,True,False,True,52.2,5.0,32.17272727272727,54.974999999999994,False,False,False,False,False,True,87.48100000000001,88.1177849185574,-0.6367849185573959
2026,Monza,R,PIA,81,McLaren,31.0,2.0,HARD,28.0,True,85.967,28.192,29.296,28.479,2.0,1,True,False,True,54.0,5.0,32.17272727272727,54.974999999999994,False,False,False,False,False,True,87.587,88.1177849185574,-0.5307849185574014
2026,Monza,R,PIA,81,McLaren,32.0,2.0,HARD,29.0,True,86.02,28.288,29.362,28.37,2.0,1,True,False,True,55.800000000000004,5.0,32.17272727272727,54.974999999999994,False,False,False,False,False,True,87.694,88.1177849185574,-0.4237849185574021
2026,Monza,R,PIA,81,McLaren,33.0,2.0,HARD,30.0,True,86.251,28.295,29.474,28.482,2.0,1,True,False,True,57.6,5.0,32.17272727272727,54.974999999999994,False,False,False,False,False,True,87.979,88.1177849185574,-0.1387849185574055
2026,Monza,R,PIA,81,McLaren,34.0,2.0,HARD,31.0,True,86.035,28.248,29.367,28.42,2.0,1,True,False,True,59.4,5.0,32.17272727272727,54.974999999999994,False,False,False,False,False,True,87.817,88.1177849185574,-0.30078491855741163
2026,Monza,R,PIA,81,McLaren,35.0,2.0,HARD,32.0,True,85.597,28.084,29.25,28.263,2.0,1,True,False,True,61.2,5.0,32.17272727272727,54.974999999999994,False,False,False,False,False,True,87.43299999999999,88.1177849185574,-0.684784918557412
2026,Monza,R,PIA,81,McLaren,36.0,2.0,HARD,33.0,True,85.544,28.063,29.262,28.219,2.0,1,True,False,True,63.0,5.0,32.17272727272727,54.974999999999994,False,False,False,False,False,True,87.434,88.1177849185574,-0.6837849185574072
2026,Monza,R,PIA,81,McLaren,37.0,2.0,HARD,34.0,True,86.128,28.502,29.491,28.135,3.0,1,True,False,True,64.8,5.0,32.17272727272727,54.974999999999994,False,False,False,False,False,True,88.072,88.1177849185574,-0.045784918557401966
2026,Monza,R,PIA,81,McLaren,38.0,2.0,HARD,35.0,True,85.315,27.864,29.284,28.167,3.0,1,True,False,True,66.60000000000001,5.0,32.17272727272727,54.974999999999994,False,False,False,False,False,True,87.313,88.1177849185574,-0.8047849185574023
2026,Monza,R,PIA,81,McLaren,39.0,2.0,HARD,36.0,True,86.325,27.885,30.211,28.229,4.0,1,True,False,True,68.4,5.0,32.17272727272727,54.974999999999994,False,False,False,False,False,True,88.37700000000001,88.1177849185574,0.25921508144260486
2026,Monza,R,PIA,81,McLaren,40.0,2.0,HARD,37.0,True,86.156,27.783,30.091,28.282,4.0,1,True,False,True,70.2,5.0,32.17272727272727,54.974999999999994,False,False,False,False,False,True,88.262,88.1177849185574,0.14421508144259576
2026,Monza,R,PIA,81,McLaren,41.0,2.0,HARD,38.0,True,86.152,28.072,29.558,28.522,3.0,1,True,False,True,72.0,5.0,32.17272727272727,54.974999999999994,False,False,False,False,False,True,88.312,88.1177849185574,0.19421508144259292
2026,Monza,R,PIA,81,McLaren,42.0,2.0,HARD,39.0,True,85.692,28.213,29.157,28.322,3.0,1,True,False,True,73.8,5.0,32.17272727272727,54.974999999999994,False,False,False,False,False,True,87.90599999999999,88.1177849185574,-0.211784918557413
2026,Monza,R,PIA,81,McLaren,43.0,2.0,HARD,40.0,True,86.242,28.494,29.564,28.184,4.0,1,True,False,True,75.60000000000001,5.0,32.17272727272727,54.974999999999994,False,False,False,False,False,True,88.51,88.1177849185574,0.3922150814426004
2026,Monza,R,PIA,81,McLaren,44.0,2.0,HARD,41.0,True,85.194,28.082,29.132,27.98,4.0,1,True,False,True,77.4,5.0,32.17272727272727,54.974999999999994,False,False,False,False,False,True,87.516,88.1177849185574,-0.6017849185573994
2026,Monza,R,PIA,81,McLaren,45.0,2.0,HARD,42.0,True,85.125,27.797,29.284,28.044,4.0,1,True,False,True,79.2,5.0,32.17272727272727,54.974999999999994,False,False,False,False,False,True,87.501,88.1177849185574,-0.6167849185573999
2026,Monza,R,PIA,81,McLaren,46.0,2.0,HARD,43.0,True,85.313,27.907,29.299,28.107,4.0,1,True,False,True,81.0,5.0,32.17272727272727,54.974999999999994,False,False,False,False,False,True,87.743,88.1177849185574,-0.3747849185574097
2026,Monza,R,PIA,81,McLaren,47.0,2.0,HARD,44.0,True,85.385,28.064,29.215,28.106,4.0,1,True,False,True,82.8,5.0,32.17272727272727,54.974999999999994,False,False,False,False,False,True,87.869,88.1177849185574,-0.24878491855740492
2026,Monza,R,PIA,81,McLaren,48.0,2.0,HARD,45.0,True,85.755,27.936,29.779,28.04,5.0,1,True,False,True,84.60000000000001,5.0,32.17272727272727,54.974999999999994,False,False,False,False,False,True,88.29299999999999,88.1177849185574,0.17521508144258746
2026,Monza,R,PIA,81,McLaren,49.0,2.0,HARD,46.0,True,85.458,27.751,29.37,28.337,4.0,1,True,False,True,86.4,5.0,32.17272727272727,54.974999999999994,False,False,False,False,False,True,88.05,88.1177849185574,-0.06778491855740754
2026,Monza,R,PIA,81,McLaren,50.0,2.0,HARD,47.0,True,85.525,27.972,29.278,28.275,4.0,1,True,False,True,88.2,5.0,32.17272727272727,54.974999999999994,False,False,False,False,False,True,88.171,88.1177849185574,0.053215081442601786
2026,Monza,R,PIA,81,McLaren,51.0,2.0,HARD,48.0,True,86.314,28.034,29.836,28.444,4.0,1,True,False,True,90.0,5.0,32.17272727272727,54.974999999999994,False,False,False,False,False,True,89.014,88.1177849185574,0.8962150814425911
2026,Monza,R,PIA,81,McLaren,52.0,2.0,HARD,49.0,True,85.521,27.888,29.346,28.287,4.0,1,True,False,True,91.8,5.0,32.17272727272727,54.974999999999994,False,False,False,False,False,True,88.275,88.1177849185574,0.157215081442601
2026,Monza,R,PIA,81,McLaren,53.0,2.0,HARD,50.0,True,85.834,28.013,29.427,28.394,5.0,1,True,False,True,93.60000000000001,5.0,32.17272727272727,54.974999999999994,False,False,False,False,False,True,88.64200000000001,88.1177849185574,0.5242150814426054
2026,Monza,R,BEA,87,Haas F1 Team,2.0,1.0,SOFT,2.0,True,87.733,28.469,30.412,28.852,8.0,1,True,False,True,1.8,5.0,32.17272727272727,54.974999999999994,False,False,False,False,False,True,87.787,88.55084801658712,-0.7638480165871187
2026,Monza,R,BEA,87,Haas F1 Team,7.0,2.0,HARD,4.0,True,88.252,28.563,30.583,29.106,9.0,1,True,False,True,10.8,5.0,32.17272727272727,54.974999999999994,False,False,False,False,False,True,88.576,88.1177849185574,0.4582150814425887
2026,Monza,R,BEA,87,Haas F1 Team,8.0,2.0,HARD,5.0,True,87.442,28.493,30.132,28.817,9.0,1,True,False,True,12.6,5.0,32.17272727272727,54.974999999999994,False,False,False,False,False,True,87.82,88.1177849185574,-0.2977849185574115
2026,Monza,R,BEA,87,Haas F1 Team,9.0,2.0,HARD,6.0,True,87.651,28.913,29.983,28.755,10.0,1,True,False,True,14.4,5.0,32.17272727272727,54.974999999999994,False,False,False,False,False,True,88.083,88.1177849185574,-0.034784918557406286
2026,Monza,R,BEA,87,Haas F1 Team,10.0,2.0,HARD,7.0,True,87.26,28.632,29.832,28.796,10.0,1,True,False,True,16.2,5.0,32.17272727272727,54.974999999999994,False,False,False,False,False,True,87.74600000000001,88.1177849185574,-0.37178491855739537
2026,Monza,R,BEA,87,Haas F1 Team,11.0,2.0,HARD,8.0,True,87.38,28.615,30.027,28.738,10.0,1,True,False,True,18.0,5.0,32.17272727272727,54.974999999999994,False,False,False,False,False,True,87.92,88.1177849185574,-0.197784918557403
2026,Monza,R,BEA,87,Haas F1 Team,12.0,2.0,HARD,9.0,True,87.033,28.54,29.859,28.634,10.0,1,True,False,True,19.8,5.0,32.17272727272727,54.974999999999994,False,False,False,False,False,True,87.627,88.1177849185574,-0.49078491855740936
2026,Monza,R,BEA,87,Haas F1 Team,13.0,2.0,HARD,10.0,True,86.883,28.408,29.809,28.666,10.0,1,True,False,True,21.6,5.0,32.17272727272727,54.974999999999994,False,False,False,False,False,True,87.53099999999999,88.1177849185574,-0.586784918557413
2026,Monza,R,BEA,87,Haas F1 Team,14.0,2.0,HARD,11.0,True,87.305,28.617,29.857,28.831,10.0,1,True,False,True,23.400000000000002,5.0,32.17272727272727,54.974999999999994,False,False,False,False,False,True,88.007,88.1177849185574,-0.11078491855739969
2026,Monza,R,BEA,87,Haas F1 Team,15.0,2.0,HARD,12.0,True,87.145,28.506,29.811,28.828,10.0,1,True,False,True,25.2,5.0,32.17272727272727,54.974999999999994,False,False,False,False,False,True,87.901,88.1177849185574,-0.21678491855740845
2026,Monza,R,BEA,87,Haas F1 Team,16.0,2.0,HARD,13.0,True,87.283,28.571,29.906,28.806,10.0,1,True,False,True,27.0,5.0,32.17272727272727,54.974999999999994,False,False,False,False,False,True,88.093,88.1177849185574,-0.02478491855740117
2026,Monza,R,BEA,87,Haas F1 Team,17.0,2.0,HARD,14.0,True,87.071,28.49,29.797,28.784,10.0,1,True,False,True,28.8,5.0,32.17272727272727,54.974999999999994,False,False,False,False,False,True,87.935,88.1177849185574,-0.18278491855740242
2026,Monza,R,BEA,87,Haas F1 Team,18.0,2.0,HARD,15.0,True,86.939,28.346,29.823,28.77,10.0,1,True,False,True,30.6,5.0,32.17272727272727,54.974999999999994,False,False,False,False,False,True,87.857,88.1177849185574,-0.2607849185574054
2026,Monza,R,BEA,87,Haas F1 Team,19.0,2.0,HARD,16.0,True,87.321,28.634,29.826,28.861,10.0,1,True,False,True,32.4,5.0,32.17272727272727,54.974999999999994,False,False,False,False,False,True,88.29299999999999,88.1177849185574,0.17521508144258746
2026,Monza,R,BEA,87,Haas F1 Team,20.0,2.0,HARD,17.0,True,87.378,28.762,29.777,28.839,10.0,1,True,False,True,34.2,5.0,32.17272727272727,54.974999999999994,False,False,False,False,False,True,88.404,88.1177849185574,0.28621508144259167
2026,Monza,R,BEA,87,Haas F1 Team,21.0,2.0,HARD,18.0,True,87.353,28.692,29.775,28.886,10.0,1,True,False,True,36.0,5.0,32.17272727272727,54.974999999999994,False,False,False,False,False,True,88.43299999999999,88.1177849185574,0.31521508144258803
2026,Monza,R,BEA,87,Haas F1 Team,22.0,2.0,HARD,19.0,True,87.582,28.848,29.837,28.897,10.0,1,True,False,True,37.800000000000004,5.0,32.17272727272727,54.974999999999994,False,False,False,False,False,True,88.716,88.1177849185574,0.5982150814425893
2026,Monza,R,BEA,87,Haas F1 Team,23.0,2.0,HARD,20.0,True,87.111,28.605,29.668,28.838,10.0,1,True,False,True,39.6,5.0,32.17272727272727,54.974999999999994,False,False,False,False,False,True,88.299,88.1177849185574,0.1812150814426019
2026,Monza,R,BEA,87,Haas F1 Team,24.0,2.0,HARD,21.0,True,87.252,28.634,29.778,28.84,10.0,1,True,False,True,41.4,5.0,32.17272727272727,54.974999999999994,False,False,False,False,False,True,88.494,88.1177849185574,0.3762150814425951
2026,Monza,R,BEA,87,Haas F1 Team,25.0,2.0,HARD,22.0,True,87.224,28.609,29.764,28.851,10.0,1,True,False,True,43.2,5.0,32.17272727272727,54.974999999999994,False,False,False,False,False,True,88.52000000000001,88.1177849185574,0.40221508144260554
2026,Monza,R,BEA,87,Haas F1 Team,26.0,2.0,HARD,23.0,True,87.231,28.726,29.708,28.797,10.0,1,True,False,True,45.0,5.0,32.17272727272727,54.974999999999994,False,False,False,False,False,True,88.58099999999999,88.1177849185574,0.46321508144258416
2026,Monza,R,BEA,87,Haas F1 Team,29.0,2.0,HARD,26.0,True,87.369,28.756,30.036,28.576999999999998,12.0,1,True,False,True,50.4,5.0,32.17272727272727,54.974999999999994,False,False,False,False,False,True,88.881,88.1177849185574,0.7632150814425955
2026,Monza,R,BEA,87,Haas F1 Team,30.0,2.0,HARD,27.0,True,86.754,28.286,29.909,28.559,12.0,1,True,False,True,52.2,5.0,32.17272727272727,54.974999999999994,False,False,False,False,False,True,88.32000000000001,88.1177849185574,0.2022150814426027
2026,Monza,R,BEA,87,Haas F1 Team,31.0,2.0,HARD,28.0,True,86.356,28.031,29.799,28.526,12.0,1,True,False,True,54.0,5.0,32.17272727272727,54.974999999999994,False,False,False,False,False,True,87.976,88.1177849185574,-0.1417849185574056
2026,Monza,R,BEA,87,Haas F1 Team,32.0,2.0,HARD,29.0,True,86.734,28.223,30.17,28.341,12.0,1,True,False,True,55.800000000000004,5.0,32.17272727272727,54.974999999999994,False,False,False,False,False,True,88.408,88.1177849185574,0.29021508144259656
2026,Monza,R,BEA,87,Haas F1 Team,33.0,2.0,HARD,30.0,True,86.724,28.188,29.929,28.607,12.0,1,True,False,True,57.6,5.0,32.17272727272727,54.974999999999994,False,False,False,False,False,True,88.452,88.1177849185574,0.3342150814425935
2026,Monza,R,BEA,87,Haas F1 Team,34.0,2.0,HARD,31.0,True,87.017,28.319,30.09,28.608,12.0,1,True,False,True,59.4,5.0,32.17272727272727,54.974999999999994,False,False,False,False,False,True,88.79899999999999,88.1177849185574,0.6812150814425877
2026,Monza,R,BEA,87,Haas F1 Team,35.0,2.0,HARD,32.0,True,87.122,28.416,29.906,28.8,12.0,1,True,False,True,61.2,5.0,32.17272727272727,54.974999999999994,False,False,False,False,False,True,88.958,88.1177849185574,0.8402150814425937
2026,Monza,R,BEA,87,Haas F1 Team,36.0,2.0,HARD,33.0,True,87.322,28.573,29.875,28.874,12.0,1,True,False,True,63.0,5.0,32.17272727272727,54.974999999999994,False,False,False,False,False,True,89.212,88.1177849185574,1.0942150814425986
2026,Monza,R,BEA,87,Haas F1 Team,37.0,2.0,HARD,34.0,True,87.099,28.564,29.958,28.576999999999998,12.0,1,True,False,True,64.8,5.0,32.17272727272727,54.974999999999994,False,False,False,False,False,True,89.043,88.1177849185574,0.9252150814426017
2026,Monza,R,BEA,87,Haas F1 Team,38.0,2.0,HARD,35.0,True,87.281,28.382,29.899,29.0,12.0,1,True,False,True,66.60000000000001,5.0,32.17272727272727,54.974999999999994,False,False,False,False,False,True,89.27900000000001,88.1177849185574,1.1612150814426059
2026,Monza,R,BEA,87,Haas F1 Team,39.0,2.0,HARD,36.0,True,87.431,28.676,29.881,28.874,12.0,1,True,False,True,68.4,5.0,32.17272727272727,54.974999999999994,False,False,False,False,False,True,89.483,88.1177849185574,1.3652150814425994
2026,Monza,R,BEA,87,Haas F1 Team,40.0,2.0,HARD,37.0,True,87.156,28.567,29.843,28.746,12.0,1,True,False,True,70.2,5.0,32.17272727272727,54.974999999999994,False,False,False,False,False,True,89.262,88.1177849185574,1.1442150814425958
2026,Monza,R,BEA,87,Haas F1 Team,41.0,2.0,HARD,38.0,True,87.574,28.948,29.762,28.864,12.0,1,True,False,True,72.0,5.0,32.17272727272727,54.974999999999994,False,False,False,False,False,True,89.734,88.1177849185574,1.61621508144259
2026,Monza,R,BEA,87,Haas F1 Team,42.0,2.0,HARD,39.0,True,87.137,28.567,29.869,28.701,12.0,1,True,False,True,73.8,5.0,32.17272727272727,54.974999999999994,False,False,False,False,False,True,89.351,88.1177849185574,1.2332150814425944
2026,Monza,R,BEA,87,Haas F1 Team,43.0,2.0,HARD,40.0,True,87.049,28.53,29.797,28.722,12.0,1,True,False,True,75.60000000000001,5.0,32.17272727272727,54.974999999999994,False,False,False,False,False,True,89.31700000000001,88.1177849185574,1.1992150814426026
2026,Monza,R,BEA,87,Haas F1 Team,44.0,2.0,HARD,41.0,True,87.02,28.627,29.757,28.636,12.0,1,True,False,True,77.4,5.0,32.17272727272727,54.974999999999994,False,False,False,False,False,True,89.342,88.1177849185574,1.224215081442594
2026,Monza,R,BEA,87,Haas F1 Team,45.0,2.0,HARD,42.0,True,86.952,28.648,29.705,28.599,12.0,1,True,False,True,79.2,5.0,32.17272727272727,54.974999999999994,False,False,False,False,False,True,89.328,88.1177849185574,1.2102150814425983
2026,Monza,R,BEA,87,Haas F1 Team,46.0,2.0,HARD,43.0,True,87.224,28.496,29.901,28.826999999999998,12.0,1,True,False,True,81.0,5.0,32.17272727272727,54.974999999999994,False,False,False,False,False,True,89.654,88.1177849185574,1.5362150814425917
2026,Monza,R,BEA,87,Haas F1 Team,47.0,2.0,HARD,44.0,True,87.75,28.937,29.956,28.857,13.0,1,True,False,True,82.8,5.0,32.17272727272727,54.974999999999994,False,False,False,False,False,True,90.234,88.1177849185574,2.11621508144259
2026,Monza,R,BEA,87,Haas F1 Team,48.0,2.0,HARD,45.0,True,86.933,28.359,29.996,28.578,13.0,1,True,False,True,84.60000000000001,5.0,32.17272727272727,54.974999999999994,False,False,False,False,False,True,89.471,88.1177849185574,1.353215081442599
2026,Monza,R,BEA,87,Haas F1 Team,49.0,2.0,HARD,46.0,True,87.192,28.441,29.864,28.887,13.0,1,True,False,True,86.4,5.0,32.17272727272727,54.974999999999994,False,False,False,False,False,True,89.78399999999999,88.1177849185574,1.6662150814425871
2026,Monza,R,BEA,87,Haas F1 Team,50.0,2.0,HARD,47.0,True,87.828,28.663,30.641,28.524,14.0,1,True,False,True,88.2,5.0,32.17272727272727,54.974999999999994,False,False,False,False,False,True,90.474,88.1177849185574,2.356215081442599
2026,Monza,R,BEA,87,Haas F1 Team,51.0,2.0,HARD,48.0,True,86.955,28.505,29.95,28.5,14.0,1,True,False,True,90.0,5.0,32.17272727272727,54.974999999999994,False,False,False,False,False,True,89.655,88.1177849185574,1.5372150814425964
2026,Monza,R,BEA,87,Haas F1 Team,52.0,2.0,HARD,49.0,True,88.04,28.478,30.756,28.806,15.0,1,True,False,True,91.8,5.0,32.17272727272727,54.974999999999994,False,False,False,False,False,True,90.79400000000001,88.1177849185574,2.6762150814426064
2026,Monza,R,BEA,87,Haas F1 Team,53.0,2.0,HARD,50.0,True,87.158,28.149,29.565,29.444,15.0,1,True,False,True,93.60000000000001,5.0,32.17272727272727,54.974999999999994,False,False,False,False,False,True,89.96600000000001,88.1177849185574,1.8482150814426035
