year,event,session,driver,driver_number,team,lap_number,stint,compound,tyre_life,fresh_tyre,lap_time_s,sector1_s,sector2_s,sector3_s,position,track_status,is_accurate,is_pit_lap,is_green,fuel_kg_burned,assumed_harvest_mj,air_temp_c,track_temp_c,rainfall,sess_FP1,sess_FP2,sess_FP3,sess_Q,sess_R,y_fuel_s,a_y_pred,residual_s
2026,Silverstone,FP1,NOR,1,McLaren,2.0,1.0,HARD,2.0,True,93.212,29.313,37.423,26.476,,1,True,False,True,0.0,8.5,22.023809523809526,40.70119047619047,False,True,False,False,False,False,93.212,91.55060351389753,1.6613964861024755
2026,Silverstone,FP1,NOR,1,McLaren,5.0,1.0,HARD,5.0,True,92.179,29.139,37.392,25.648,,1,True,False,True,0.0,8.5,22.023809523809526,40.70119047619047,False,True,False,False,False,False,92.179,91.55060351389753,0.6283964861024742
2026,Silverstone,FP1,NOR,1,McLaren,7.0,1.0,HARD,7.0,True,91.595,28.898,37.099,25.598,,1,True,False,True,0.0,8.5,22.023809523809526,40.70119047619047,False,True,False,False,False,False,91.595,91.55060351389753,0.044396486102471044
2026,Silverstone,FP1,NOR,1,McLaren,11.0,2.0,HARD,11.0,False,91.575,28.886,36.989,25.7,,1,True,False,True,0.0,8.5,22.023809523809526,40.70119047619047,False,True,False,False,False,False,91.575,91.55060351389753,0.024396486102475023
2026,Silverstone,FP1,NOR,1,McLaren,13.0,2.0,HARD,13.0,False,94.02,29.684,37.637,26.699,,1,True,False,True,0.0,8.5,22.023809523809526,40.70119047619047,False,True,False,False,False,False,94.02,91.55060351389753,2.469396486102468
2026,Silverstone,FP1,NOR,1,McLaren,14.0,2.0,HARD,14.0,False,92.289,29.051,37.433,25.805,,1,True,False,True,0.0,8.5,22.023809523809526,40.70119047619047,False,True,False,False,False,False,92.289,91.55060351389753,0.7383964861024737
2026,Silverstone,FP1,NOR,1,McLaren,16.0,2.0,HARD,16.0,False,93.92,29.632,37.981,26.307,,1,True,False,True,0.0,8.5,22.023809523809526,40.70119047619047,False,True,False,False,False,False,93.92,91.55060351389753,2.369396486102474
2026,Silverstone,FP1,NOR,1,McLaren,17.0,2.0,HARD,17.0,False,94.028,30.247,37.947,25.834,,1,True,False,True,0.0,8.5,22.023809523809526,40.70119047619047,False,True,False,False,False,False,94.028,91.55060351389753,2.477396486102478
2026,Silverstone,FP1,NOR,1,McLaren,20.0,3.0,SOFT,2.0,True,90.288,28.508,36.41,25.37,,1,True,False,True,0.0,8.5,22.023809523809526,40.70119047619047,False,True,False,False,False,False,90.288,91.98366661192725,-1.6956666119272512
2026,Silverstone,FP1,NOR,1,McLaren,23.0,4.0,SOFT,5.0,False,90.676,28.635,36.483,25.558,,1,True,False,True,0.0,8.5,22.023809523809526,40.70119047619047,False,True,False,False,False,False,90.676,91.98366661192725,-1.307666611927246
2026,Silverstone,FP1,NOR,1,McLaren,24.0,4.0,SOFT,6.0,False,123.585,41.116,49.246,33.223,,1,True,False,True,0.0,8.5,22.023809523809526,40.70119047619047,False,True,False,False,False,False,123.585,91.98366661192725,31.601333388072746
2026,Silverstone,FP1,NOR,1,McLaren,25.0,4.0,SOFT,7.0,False,125.534,37.931,46.601,41.002,,1,True,False,True,0.0,8.5,22.023809523809526,40.70119047619047,False,True,False,False,False,False,125.534,91.98366661192725,33.55033338807276
2026,Silverstone,FP1,VER,3,Red Bull Racing,2.0,1.0,HARD,2.0,True,92.653,29.301,37.645,25.707,,1,True,False,True,0.0,8.5,22.023809523809526,40.70119047619047,False,True,False,False,False,False,92.653,91.55060351389753,1.102396486102478
2026,Silverstone,FP1,VER,3,Red Bull Racing,4.0,1.0,HARD,4.0,True,91.277,28.789,37.017,25.471,,1,True,False,True,0.0,8.5,22.023809523809526,40.70119047619047,False,True,False,False,False,False,91.277,91.55060351389753,-0.2736035138975268
2026,Silverstone,FP1,VER,3,Red Bull Racing,7.0,1.0,HARD,7.0,True,92.646,28.951999999999998,37.113,26.581,,1,True,False,True,0.0,8.5,22.023809523809526,40.70119047619047,False,True,False,False,False,False,92.646,91.55060351389753,1.095396486102473
2026,Silverstone,FP1,VER,3,Red Bull Racing,10.0,2.0,HARD,10.0,False,93.039,29.762,37.812,25.465,,1,True,False,True,0.0,8.5,22.023809523809526,40.70119047619047,False,True,False,False,False,False,93.039,91.55060351389753,1.4883964861024737
2026,Silverstone,FP1,VER,3,Red Bull Racing,11.0,2.0,HARD,11.0,False,94.128,30.043,38.252,25.833,,1,True,False,True,0.0,8.5,22.023809523809526,40.70119047619047,False,True,False,False,False,False,94.128,91.55060351389753,2.5773964861024723
2026,Silverstone,FP1,VER,3,Red Bull Racing,12.0,2.0,HARD,12.0,False,93.633,29.581,38.27,25.782,,1,True,False,True,0.0,8.5,22.023809523809526,40.70119047619047,False,True,False,False,False,False,93.633,91.55060351389753,2.0823964861024677
2026,Silverstone,FP1,VER,3,Red Bull Racing,13.0,2.0,HARD,13.0,False,94.132,30.012,37.925,26.195,,1,True,False,True,0.0,8.5,22.023809523809526,40.70119047619047,False,True,False,False,False,False,94.132,91.55060351389753,2.581396486102477
2026,Silverstone,FP1,VER,3,Red Bull Racing,15.0,2.0,HARD,15.0,False,94.852,30.3,38.159,26.393,,1,True,False,True,0.0,8.5,22.023809523809526,40.70119047619047,False,True,False,False,False,False,94.852,91.55060351389753,3.301396486102476
2026,Silverstone,FP1,VER,3,Red Bull Racing,16.0,2.0,HARD,16.0,False,95.093,30.529,38.617,25.947,,1,True,False,True,0.0,8.5,22.023809523809526,40.70119047619047,False,True,False,False,False,False,95.093,91.55060351389753,3.5423964861024757
2026,Silverstone,FP1,VER,3,Red Bull Racing,17.0,2.0,HARD,17.0,False,94.35,30.341,38.228,25.781,,1,True,False,True,0.0,8.5,22.023809523809526,40.70119047619047,False,True,False,False,False,False,94.35,91.55060351389753,2.7993964861024665
2026,Silverstone,FP1,VER,3,Red Bull Racing,18.0,2.0,HARD,18.0,False,94.876,30.295,38.349,26.232,,1,True,False,True,0.0,8.5,22.023809523809526,40.70119047619047,False,True,False,False,False,False,94.876,91.55060351389753,3.325396486102477
2026,Silverstone,FP1,VER,3,Red Bull Racing,21.0,3.0,SOFT,2.0,True,90.24,28.692,36.628,24.92,,1,True,False,True,0.0,8.5,22.023809523809526,40.70119047619047,False,True,False,False,False,False,90.24,91.98366661192725,-1.743666611927253
2026,Silverstone,FP1,VER,3,Red Bull Racing,24.0,3.0,SOFT,5.0,True,90.268,28.671,36.462,25.135,,1,True,False,True,0.0,8.5,22.023809523809526,40.70119047619047,False,True,False,False,False,False,90.268,91.98366661192725,-1.7156666119272472
2026,Silverstone,FP1,BOR,5,Audi,2.0,1.0,HARD,2.0,True,94.93,30.373,38.411,26.146,,1,True,False,True,0.0,8.5,22.023809523809526,40.70119047619047,False,True,False,False,False,False,94.93,91.55060351389753,3.379396486102479
2026,Silverstone,FP1,BOR,5,Audi,4.0,1.0,HARD,4.0,True,93.545,30.315,37.541,25.689,,1,True,False,True,0.0,8.5,22.023809523809526,40.70119047619047,False,True,False,False,False,False,93.545,91.55060351389753,1.9943964861024739
2026,Silverstone,FP1,BOR,5,Audi,6.0,1.0,HARD,6.0,True,92.355,29.651,37.252,25.452,,1,True,False,True,0.0,8.5,22.023809523809526,40.70119047619047,False,True,False,False,False,False,92.355,91.55060351389753,0.8043964861024762
2026,Silverstone,FP1,BOR,5,Audi,8.0,1.0,HARD,8.0,True,92.016,29.352,37.198,25.466,,1,True,False,True,0.0,8.5,22.023809523809526,40.70119047619047,False,True,False,False,False,False,92.016,91.55060351389753,0.4653964861024775
2026,Silverstone,FP1,BOR,5,Audi,10.0,1.0,HARD,10.0,True,91.813,29.324,37.026,25.463,,1,True,False,True,0.0,8.5,22.023809523809526,40.70119047619047,False,True,False,False,False,False,91.813,91.55060351389753,0.26239648610247457
2026,Silverstone,FP1,BOR,5,Audi,17.0,3.0,HARD,17.0,False,94.509,29.971,38.615,25.923000000000002,,1,True,False,True,0.0,8.5,22.023809523809526,40.70119047619047,False,True,False,False,False,False,94.509,91.55060351389753,2.9583964861024725
2026,Silverstone,FP1,BOR,5,Audi,18.0,3.0,HARD,18.0,False,94.4,29.796,38.31,26.294,,1,True,False,True,0.0,8.5,22.023809523809526,40.70119047619047,False,True,False,False,False,False,94.4,91.55060351389753,2.849396486102478
2026,Silverstone,FP1,BOR,5,Audi,19.0,3.0,HARD,19.0,False,94.441,29.708,38.607,26.126,,1,True,False,True,0.0,8.5,22.023809523809526,40.70119047619047,False,True,False,False,False,False,94.441,91.55060351389753,2.8903964861024747
2026,Silverstone,FP1,BOR,5,Audi,22.0,4.0,MEDIUM,2.0,True,91.035,29.018,36.864,25.153,,1,True,False,True,0.0,8.5,22.023809523809526,40.70119047619047,False,True,False,False,False,False,91.035,91.13528475438278,-0.10028475438278406
2026,Silverstone,FP1,BOR,5,Audi,25.0,5.0,MEDIUM,5.0,False,92.267,29.154,37.45,25.663,,1,True,False,True,0.0,8.5,22.023809523809526,40.70119047619047,False,True,False,False,False,False,92.267,91.13528475438278,1.1317152456172153
2026,Silverstone,FP1,HAD,6,Red Bull Racing,2.0,1.0,HARD,2.0,True,93.177,29.716,37.74,25.721,,1,True,False,True,0.0,8.5,22.023809523809526,40.70119047619047,False,True,False,False,False,False,93.177,91.55060351389753,1.6263964861024789
2026,Silverstone,FP1,HAD,6,Red Bull Racing,4.0,1.0,HARD,4.0,True,91.697,29.009,37.093,25.595,,1,True,False,True,0.0,8.5,22.023809523809526,40.70119047619047,False,True,False,False,False,False,91.697,91.55060351389753,0.1463964861024749
2026,Silverstone,FP1,HAD,6,Red Bull Racing,6.0,1.0,HARD,6.0,True,90.969,28.809,36.816,25.344,,1,True,False,True,0.0,8.5,22.023809523809526,40.70119047619047,False,True,False,False,False,False,90.969,91.55060351389753,-0.5816035138975337
2026,Silverstone,FP1,HAD,6,Red Bull Racing,9.0,2.0,HARD,9.0,False,94.234,29.98,38.362,25.892,,1,True,False,True,0.0,8.5,22.023809523809526,40.70119047619047,False,True,False,False,False,False,94.234,91.55060351389753,2.683396486102467
2026,Silverstone,FP1,HAD,6,Red Bull Racing,10.0,2.0,HARD,10.0,False,93.708,29.874,38.102,25.732,,1,True,False,True,0.0,8.5,22.023809523809526,40.70119047619047,False,True,False,False,False,False,93.708,91.55060351389753,2.1573964861024706
2026,Silverstone,FP1,HAD,6,Red Bull Racing,11.0,2.0,HARD,11.0,False,94.165,30.025,38.282,25.858,,1,True,False,True,0.0,8.5,22.023809523809526,40.70119047619047,False,True,False,False,False,False,94.165,91.55060351389753,2.6143964861024784
2026,Silverstone,FP1,HAD,6,Red Bull Racing,13.0,2.0,HARD,13.0,False,93.492,29.818,38.068,25.606,,1,True,False,True,0.0,8.5,22.023809523809526,40.70119047619047,False,True,False,False,False,False,93.492,91.55060351389753,1.9413964861024766
2026,Silverstone,FP1,HAD,6,Red Bull Racing,15.0,2.0,HARD,15.0,False,93.936,29.964,38.212,25.76,,1,True,False,True,0.0,8.5,22.023809523809526,40.70119047619047,False,True,False,False,False,False,93.936,91.55060351389753,2.3853964861024792
2026,Silverstone,FP1,HAD,6,Red Bull Racing,16.0,2.0,HARD,16.0,False,94.36,30.198,38.326,25.836,,1,True,False,True,0.0,8.5,22.023809523809526,40.70119047619047,False,True,False,False,False,False,94.36,91.55060351389753,2.8093964861024716
2026,Silverstone,FP1,HAD,6,Red Bull Racing,17.0,2.0,HARD,17.0,False,94.423,30.012,38.565,25.846,,1,True,False,True,0.0,8.5,22.023809523809526,40.70119047619047,False,True,False,False,False,False,94.423,91.55060351389753,2.872396486102474
2026,Silverstone,FP1,HAD,6,Red Bull Racing,20.0,3.0,SOFT,2.0,True,90.338,28.665,36.652,25.021,,1,True,False,True,0.0,8.5,22.023809523809526,40.70119047619047,False,True,False,False,False,False,90.338,91.98366661192725,-1.645666611927254
2026,Silverstone,FP1,HAD,6,Red Bull Racing,22.0,3.0,SOFT,4.0,True,115.479,36.525,47.598,31.356,,1,True,False,True,0.0,8.5,22.023809523809526,40.70119047619047,False,True,False,False,False,False,115.479,91.98366661192725,23.49533338807275
2026,Silverstone,FP1,HAD,6,Red Bull Racing,23.0,3.0,SOFT,5.0,True,112.345,36.244,45.73,30.371,,1,True,False,True,0.0,8.5,22.023809523809526,40.70119047619047,False,True,False,False,False,False,112.345,91.98366661192725,20.36133338807275
2026,Silverstone,FP1,HAD,6,Red Bull Racing,24.0,3.0,SOFT,6.0,True,90.414,28.673000000000002,36.558,25.183,,1,True,False,True,0.0,8.5,22.023809523809526,40.70119047619047,False,True,False,False,False,False,90.414,91.98366661192725,-1.5696666119272464
2026,Silverstone,FP1,GAS,10,Alpine,3.0,2.0,HARD,3.0,False,95.045,30.13,38.609,26.306,,1,True,False,True,0.0,8.5,22.023809523809526,40.70119047619047,False,True,False,False,False,False,95.045,91.55060351389753,3.494396486102474
2026,Silverstone,FP1,GAS,10,Alpine,5.0,2.0,HARD,5.0,False,93.398,29.671,37.999,25.728,,1,True,False,True,0.0,8.5,22.023809523809526,40.70119047619047,False,True,False,False,False,False,93.398,91.55060351389753,1.8473964861024683
2026,Silverstone,FP1,GAS,10,Alpine,8.0,2.0,HARD,8.0,False,93.512,29.634,38.089,25.789,,1,True,False,True,0.0,8.5,22.023809523809526,40.70119047619047,False,True,False,False,False,False,93.512,91.55060351389753,1.9613964861024726
2026,Silverstone,FP1,GAS,10,Alpine,10.0,2.0,HARD,10.0,False,93.019,29.379,37.803,25.837,,1,True,False,True,0.0,8.5,22.023809523809526,40.70119047619047,False,True,False,False,False,False,93.019,91.55060351389753,1.4683964861024776
2026,Silverstone,FP1,GAS,10,Alpine,15.0,4.0,HARD,15.0,False,93.803,29.567,38.24,25.996,,1,True,False,True,0.0,8.5,22.023809523809526,40.70119047619047,False,True,False,False,False,False,93.803,91.55060351389753,2.2523964861024695
2026,Silverstone,FP1,GAS,10,Alpine,16.0,4.0,HARD,16.0,False,101.628,32.577,42.31,26.741,,1,True,False,True,0.0,8.5,22.023809523809526,40.70119047619047,False,True,False,False,False,False,101.628,91.55060351389753,10.077396486102472
2026,Silverstone,FP1,GAS,10,Alpine,20.0,5.0,MEDIUM,3.0,True,92.195,29.311,37.29,25.594,,1,True,False,True,0.0,8.5,22.023809523809526,40.70119047619047,False,True,False,False,False,False,92.195,91.13528475438278,1.0597152456172125
2026,Silverstone,FP1,GAS,10,Alpine,23.0,6.0,HARD,19.0,False,122.996,35.515,46.874,40.607,,1,True,False,True,0.0,8.5,22.023809523809526,40.70119047619047,False,True,False,False,False,False,122.996,91.55060351389753,31.445396486102467
2026,Silverstone,FP1,PER,11,Cadillac,2.0,1.0,HARD,2.0,True,97.536,31.185,39.187,27.164,,1,True,False,True,0.0,8.5,22.023809523809526,40.70119047619047,False,True,False,False,False,False,97.536,91.55060351389753,5.9853964861024735
2026,Silverstone,FP1,PER,11,Cadillac,4.0,1.0,HARD,4.0,True,95.382,30.508,38.56,26.314,,1,True,False,True,0.0,8.5,22.023809523809526,40.70119047619047,False,True,False,False,False,False,95.382,91.55060351389753,3.831396486102477
2026,Silverstone,FP1,PER,11,Cadillac,6.0,1.0,HARD,6.0,True,93.969,29.794,37.982,26.193,,1,True,False,True,0.0,8.5,22.023809523809526,40.70119047619047,False,True,False,False,False,False,93.969,91.55060351389753,2.4183964861024663
2026,Silverstone,FP1,PER,11,Cadillac,8.0,1.0,HARD,8.0,True,95.907,30.712,38.935,26.26,,1,True,False,True,0.0,8.5,22.023809523809526,40.70119047619047,False,True,False,False,False,False,95.907,91.55060351389753,4.356396486102469
2026,Silverstone,FP1,PER,11,Cadillac,9.0,1.0,HARD,9.0,True,95.541,30.062,38.996,26.483,,1,True,False,True,0.0,8.5,22.023809523809526,40.70119047619047,False,True,False,False,False,False,95.541,91.55060351389753,3.990396486102469
2026,Silverstone,FP1,PER,11,Cadillac,10.0,1.0,HARD,10.0,True,97.04,31.451,39.117,26.472,,1,True,False,True,0.0,8.5,22.023809523809526,40.70119047619047,False,True,False,False,False,False,97.04,91.55060351389753,5.489396486102478
2026,Silverstone,FP1,PER,11,Cadillac,11.0,1.0,HARD,11.0,True,95.262,30.282,38.619,26.361,,1,True,False,True,0.0,8.5,22.023809523809526,40.70119047619047,False,True,False,False,False,False,95.262,91.55060351389753,3.7113964861024726
2026,Silverstone,FP1,PER,11,Cadillac,12.0,1.0,HARD,12.0,True,95.223,30.387,38.748,26.088,,1,True,False,True,0.0,8.5,22.023809523809526,40.70119047619047,False,True,False,False,False,False,95.223,91.55060351389753,3.672396486102471
2026,Silverstone,FP1,PER,11,Cadillac,13.0,1.0,HARD,13.0,True,95.482,30.319,38.822,26.341,,1,True,False,True,0.0,8.5,22.023809523809526,40.70119047619047,False,True,False,False,False,False,95.482,91.55060351389753,3.9313964861024715
2026,Silverstone,FP1,PER,11,Cadillac,14.0,1.0,HARD,14.0,True,95.225,30.211,38.648,26.366,,1,True,False,True,0.0,8.5,22.023809523809526,40.70119047619047,False,True,False,False,False,False,95.225,91.55060351389753,3.6743964861024665
2026,Silverstone,FP1,PER,11,Cadillac,17.0,2.0,SOFT,2.0,True,92.951,29.474,37.731,25.746,,1,True,False,True,0.0,8.5,22.023809523809526,40.70119047619047,False,True,False,False,False,False,92.951,91.98366661192725,0.9673333880727455
2026,Silverstone,FP1,PER,11,Cadillac,20.0,3.0,MEDIUM,2.0,True,92.241,29.318,37.2,25.723,,1,True,False,True,0.0,8.5,22.023809523809526,40.70119047619047,False,True,False,False,False,False,92.241,91.13528475438278,1.105715245617219
2026,Silverstone,FP1,PER,11,Cadillac,21.0,3.0,MEDIUM,3.0,True,127.096,44.611,52.015,30.47,,1,True,False,True,0.0,8.5,22.023809523809526,40.70119047619047,False,True,False,False,False,False,127.096,91.13528475438278,35.96071524561722
2026,Silverstone,FP1,PER,11,Cadillac,22.0,3.0,MEDIUM,4.0,True,125.368,29.704,53.303,42.361,,1,True,False,True,0.0,8.5,22.023809523809526,40.70119047619047,False,True,False,False,False,False,125.368,91.13528475438278,34.232715245617214
2026,Silverstone,FP1,ANT,12,Mercedes,2.0,1.0,HARD,2.0,True,92.579,29.083,37.308,26.188,,1,True,False,True,0.0,8.5,22.023809523809526,40.70119047619047,False,True,False,False,False,False,92.579,91.55060351389753,1.0283964861024657
2026,Silverstone,FP1,ANT,12,Mercedes,4.0,1.0,HARD,4.0,True,111.169,32.855,50.104,28.21,,1,True,False,True,0.0,8.5,22.023809523809526,40.70119047619047,False,True,False,False,False,False,111.169,91.55060351389753,19.61839648610247
2026,Silverstone,FP1,ANT,12,Mercedes,5.0,1.0,HARD,5.0,True,91.806,28.877,36.948,25.981,,1,True,False,True,0.0,8.5,22.023809523809526,40.70119047619047,False,True,False,False,False,False,91.806,91.55060351389753,0.25539648610246957
2026,Silverstone,FP1,ANT,12,Mercedes,7.0,1.0,HARD,7.0,True,90.976,28.87,36.643,25.463,,1,True,False,True,0.0,8.5,22.023809523809526,40.70119047619047,False,True,False,False,False,False,90.976,91.55060351389753,-0.5746035138975287
2026,Silverstone,FP1,ANT,12,Mercedes,9.0,1.0,HARD,9.0,True,111.026,34.345,45.072,31.609,,1,True,False,True,0.0,8.5,22.023809523809526,40.70119047619047,False,True,False,False,False,False,111.026,91.55060351389753,19.47539648610247
2026,Silverstone,FP1,ANT,12,Mercedes,10.0,1.0,HARD,10.0,True,106.922,33.393,44.286,29.243,,1,True,False,True,0.0,8.5,22.023809523809526,40.70119047619047,False,True,False,False,False,False,106.922,91.55060351389753,15.37139648610247
2026,Silverstone,FP1,ANT,12,Mercedes,11.0,1.0,HARD,11.0,True,90.777,28.826,36.766,25.185,,1,True,False,True,0.0,8.5,22.023809523809526,40.70119047619047,False,True,False,False,False,False,90.777,91.55060351389753,-0.7736035138975268
2026,Silverstone,FP1,ANT,12,Mercedes,14.0,2.0,HARD,14.0,False,93.253,29.63,37.992,25.631,,1,True,False,True,0.0,8.5,22.023809523809526,40.70119047619047,False,True,False,False,False,False,93.253,91.55060351389753,1.7023964861024723
2026,Silverstone,FP1,ANT,12,Mercedes,15.0,2.0,HARD,15.0,False,96.162,29.377,37.924,28.861,,1,True,False,True,0.0,8.5,22.023809523809526,40.70119047619047,False,True,False,False,False,False,96.162,91.55060351389753,4.611396486102478
2026,Silverstone,FP1,ANT,12,Mercedes,16.0,2.0,HARD,16.0,False,92.668,29.553,37.475,25.64,,1,True,False,True,0.0,8.5,22.023809523809526,40.70119047619047,False,True,False,False,False,False,92.668,91.55060351389753,1.1173964861024785
2026,Silverstone,FP1,ANT,12,Mercedes,18.0,2.0,HARD,18.0,False,92.618,29.596,37.294,25.728,,1,True,False,True,0.0,8.5,22.023809523809526,40.70119047619047,False,True,False,False,False,False,92.618,91.55060351389753,1.0673964861024672
2026,Silverstone,FP1,ANT,12,Mercedes,19.0,2.0,HARD,19.0,False,98.082,29.501,38.574,30.007,,1,True,False,True,0.0,8.5,22.023809523809526,40.70119047619047,False,True,False,False,False,False,98.082,91.55060351389753,6.531396486102466
2026,Silverstone,FP1,ANT,12,Mercedes,20.0,2.0,HARD,20.0,False,93.297,29.868,37.518,25.911,,1,True,False,True,0.0,8.5,22.023809523809526,40.70119047619047,False,True,False,False,False,False,93.297,91.55060351389753,1.7463964861024692
2026,Silverstone,FP1,ANT,12,Mercedes,21.0,2.0,HARD,21.0,False,92.584,29.426,37.486,25.672,,1,True,False,True,0.0,8.5,22.023809523809526,40.70119047619047,False,True,False,False,False,False,92.584,91.55060351389753,1.0333964861024754
2026,Silverstone,FP1,ANT,12,Mercedes,24.0,3.0,SOFT,2.0,True,89.473,28.369,36.209,24.895,,1,True,False,True,0.0,8.5,22.023809523809526,40.70119047619047,False,True,False,False,False,False,89.473,91.98366661192725,-2.510666611927249
2026,Silverstone,FP1,ANT,12,Mercedes,27.0,4.0,SOFT,5.0,False,107.693,31.206,38.177,38.31,,1,True,False,True,0.0,8.5,22.023809523809526,40.70119047619047,False,True,False,False,False,False,107.693,91.98366661192725,15.70933338807275
2026,Silverstone,FP1,ALO,14,Aston Martin,2.0,1.0,HARD,2.0,True,96.571,30.83,39.35,26.391,,1,True,False,True,0.0,8.5,22.023809523809526,40.70119047619047,False,True,False,False,False,False,96.571,91.55060351389753,5.02039648610247
2026,Silverstone,FP1,ALO,14,Aston Martin,3.0,1.0,HARD,3.0,True,95.939,30.784,38.98,26.175,,1,True,False,True,0.0,8.5,22.023809523809526,40.70119047619047,False,True,False,False,False,False,95.939,91.55060351389753,4.388396486102465
2026,Silverstone,FP1,ALO,14,Aston Martin,5.0,1.0,HARD,5.0,True,95.35,30.04,38.816,26.494,,1,True,False,True,0.0,8.5,22.023809523809526,40.70119047619047,False,True,False,False,False,False,95.35,91.55060351389753,3.7993964861024665
2026,Silverstone,FP1,ALO,14,Aston Martin,7.0,1.0,HARD,7.0,True,94.771,29.829,38.46,26.482,,1,True,False,True,0.0,8.5,22.023809523809526,40.70119047619047,False,True,False,False,False,False,94.771,91.55060351389753,3.220396486102473
2026,Silverstone,FP1,ALO,14,Aston Martin,9.0,1.0,HARD,9.0,True,94.88,29.816,38.513,26.551,,1,True,False,True,0.0,8.5,22.023809523809526,40.70119047619047,False,True,False,False,False,False,94.88,91.55060351389753,3.3293964861024676
2026,Silverstone,FP1,ALO,14,Aston Martin,12.0,2.0,SOFT,2.0,True,93.204,29.399,37.916,25.889,,1,True,False,True,0.0,8.5,22.023809523809526,40.70119047619047,False,True,False,False,False,False,93.204,91.98366661192725,1.2203333880727456
2026,Silverstone,FP1,ALO,14,Aston Martin,15.0,3.0,SOFT,5.0,False,94.178,29.767,38.057,26.354,,1,True,False,True,0.0,8.5,22.023809523809526,40.70119047619047,False,True,False,False,False,False,94.178,91.98366661192725,2.1943333880727494
2026,Silverstone,FP1,ALO,14,Aston Martin,18.0,4.0,MEDIUM,2.0,True,117.368,34.714,51.343,31.311,,1,True,False,True,0.0,8.5,22.023809523809526,40.70119047619047,False,True,False,False,False,False,117.368,91.13528475438278,26.232715245617214
2026,Silverstone,FP1,ALO,14,Aston Martin,19.0,4.0,MEDIUM,3.0,True,92.957,29.475,37.713,25.769,,1,True,False,True,0.0,8.5,22.023809523809526,40.70119047619047,False,True,False,False,False,False,92.957,91.13528475438278,1.821715245617213
2026,Silverstone,FP1,ALO,14,Aston Martin,22.0,4.0,MEDIUM,6.0,True,94.584,29.61,37.847,27.127,,1,True,False,True,0.0,8.5,22.023809523809526,40.70119047619047,False,True,False,False,False,False,94.584,91.13528475438278,3.4487152456172225
2026,Silverstone,FP1,ALO,14,Aston Martin,23.0,4.0,MEDIUM,7.0,True,113.496,33.909,42.126,37.461,,1,True,False,True,0.0,8.5,22.023809523809526,40.70119047619047,False,True,False,False,False,False,113.496,91.13528475438278,22.360715245617214
2026,Silverstone,FP1,LEC,16,Ferrari,2.0,1.0,HARD,2.0,True,93.8,30.34,37.803,25.657,,1,True,False,True,0.0,8.5,22.023809523809526,40.70119047619047,False,True,False,False,False,False,93.8,91.55060351389753,2.2493964861024693
2026,Silverstone,FP1,LEC,16,Ferrari,4.0,1.0,HARD,4.0,True,92.6,29.735,37.372,25.493,,1,True,False,True,0.0,8.5,22.023809523809526,40.70119047619047,False,True,False,False,False,False,92.6,91.55060351389753,1.0493964861024665
2026,Silverstone,FP1,LEC,16,Ferrari,6.0,1.0,HARD,6.0,True,91.548,29.289,36.942,25.317,,1,True,False,True,0.0,8.5,22.023809523809526,40.70119047619047,False,True,False,False,False,False,91.548,91.55060351389753,-0.0026035138975259997
2026,Silverstone,FP1,LEC,16,Ferrari,8.0,1.0,HARD,8.0,True,91.327,29.155,36.784,25.388,,1,True,False,True,0.0,8.5,22.023809523809526,40.70119047619047,False,True,False,False,False,False,91.327,91.55060351389753,-0.22360351389752964
2026,Silverstone,FP1,LEC,16,Ferrari,10.0,1.0,HARD,10.0,True,102.285,30.64,43.006,28.639,,1,True,False,True,0.0,8.5,22.023809523809526,40.70119047619047,False,True,False,False,False,False,102.285,91.55060351389753,10.734396486102469
2026,Silverstone,FP1,LEC,16,Ferrari,11.0,1.0,HARD,11.0,True,91.351,29.378,36.899,25.074,,1,True,False,True,0.0,8.5,22.023809523809526,40.70119047619047,False,True,False,False,False,False,91.351,91.55060351389753,-0.19960351389752873
2026,Silverstone,FP1,LEC,16,Ferrari,14.0,2.0,HARD,14.0,False,91.001,29.059,36.845,25.097,,1,True,False,True,0.0,8.5,22.023809523809526,40.70119047619047,False,True,False,False,False,False,91.001,91.55060351389753,-0.549603513897523
2026,Silverstone,FP1,LEC,16,Ferrari,17.0,3.0,HARD,17.0,False,92.333,29.425,37.259,25.649,,1,True,False,True,0.0,8.5,22.023809523809526,40.70119047619047,False,True,False,False,False,False,92.333,91.55060351389753,0.7823964861024706
2026,Silverstone,FP1,LEC,16,Ferrari,18.0,3.0,HARD,18.0,False,92.288,29.722,36.954,25.612,,1,True,False,True,0.0,8.5,22.023809523809526,40.70119047619047,False,True,False,False,False,False,92.288,91.55060351389753,0.7373964861024689
2026,Silverstone,FP1,LEC,16,Ferrari,19.0,3.0,HARD,19.0,False,92.965,29.892,37.301,25.772,,1,True,False,True,0.0,8.5,22.023809523809526,40.70119047619047,False,True,False,False,False,False,92.965,91.55060351389753,1.4143964861024756
2026,Silverstone,FP1,LEC,16,Ferrari,20.0,3.0,HARD,20.0,False,92.445,29.627,37.236,25.582,,1,True,False,True,0.0,8.5,22.023809523809526,40.70119047619047,False,True,False,False,False,False,92.445,91.55060351389753,0.8943964861024654
2026,Silverstone,FP1,LEC,16,Ferrari,23.0,4.0,SOFT,2.0,True,90.039,28.747,36.471,24.821,,1,True,False,True,0.0,8.5,22.023809523809526,40.70119047619047,False,True,False,False,False,False,90.039,91.98366661192725,-1.9446666119272464
2026,Silverstone,FP1,LEC,16,Ferrari,25.0,4.0,SOFT,4.0,True,89.859,28.743,36.405,24.711,,1,True,False,True,0.0,8.5,22.023809523809526,40.70119047619047,False,True,False,False,False,False,89.859,91.98366661192725,-2.1246666119272533
2026,Silverstone,FP1,LEC,16,Ferrari,27.0,4.0,SOFT,6.0,True,107.404,34.57,44.234,28.6,,1,True,False,True,0.0,8.5,22.023809523809526,40.70119047619047,False,True,False,False,False,False,107.404,91.98366661192725,15.420333388072748
2026,Silverstone,FP1,LEC,16,Ferrari,28.0,4.0,SOFT,7.0,True,90.287,28.918,36.233,25.136,,1,True,False,True,0.0,8.5,22.023809523809526,40.70119047619047,False,True,False,False,False,False,90.287,91.98366661192725,-1.6966666119272418
2026,Silverstone,FP1,STR,18,Aston Martin,2.0,1.0,HARD,2.0,True,98.716,31.651,40.373,26.692,,1,True,False,True,0.0,8.5,22.023809523809526,40.70119047619047,False,True,False,False,False,False,98.716,91.55060351389753,7.165396486102466
2026,Silverstone,FP1,STR,18,Aston Martin,3.0,1.0,HARD,3.0,True,96.367,30.643,39.546,26.178,,1,True,False,True,0.0,8.5,22.023809523809526,40.70119047619047,False,True,False,False,False,False,96.367,91.55060351389753,4.816396486102477
2026,Silverstone,FP1,STR,18,Aston Martin,5.0,1.0,HARD,5.0,True,95.271,29.988,38.8,26.483,,1,True,False,True,0.0,8.5,22.023809523809526,40.70119047619047,False,True,False,False,False,False,95.271,91.55060351389753,3.720396486102473
2026,Silverstone,FP1,STR,18,Aston Martin,8.0,2.0,HARD,8.0,False,95.058,29.944,38.93,26.184,,1,True,False,True,0.0,8.5,22.023809523809526,40.70119047619047,False,True,False,False,False,False,95.058,91.55060351389753,3.507396486102479
2026,Silverstone,FP1,STR,18,Aston Martin,10.0,2.0,HARD,10.0,False,94.789,29.841,38.723,26.225,,1,True,False,True,0.0,8.5,22.023809523809526,40.70119047619047,False,True,False,False,False,False,94.789,91.55060351389753,3.2383964861024737
2026,Silverstone,FP1,STR,18,Aston Martin,16.0,3.0,SOFT,5.0,True,93.842,29.593,38.316,25.933,,1,True,False,True,0.0,8.5,22.023809523809526,40.70119047619047,False,True,False,False,False,False,93.842,91.98366661192725,1.8583333880727508
2026,Silverstone,FP1,STR,18,Aston Martin,19.0,4.0,MEDIUM,2.0,True,93.13,29.377,38.048,25.705,,1,True,False,True,0.0,8.5,22.023809523809526,40.70119047619047,False,True,False,False,False,False,93.13,91.13528475438278,1.9947152456172148
2026,Silverstone,FP1,STR,18,Aston Martin,21.0,4.0,MEDIUM,4.0,True,93.225,29.341,37.844,26.04,,1,True,False,True,0.0,8.5,22.023809523809526,40.70119047619047,False,True,False,False,False,False,93.225,91.13528475438278,2.0897152456172137
2026,Silverstone,FP1,STR,18,Aston Martin,23.0,4.0,MEDIUM,6.0,True,119.523,37.655,48.045,33.823,,1,True,False,True,0.0,8.5,22.023809523809526,40.70119047619047,False,True,False,False,False,False,119.523,91.13528475438278,28.387715245617215
2026,Silverstone,FP1,STR,18,Aston Martin,25.0,4.0,MEDIUM,8.0,True,123.432,36.4,44.867,42.165,,1,True,False,True,0.0,8.5,22.023809523809526,40.70119047619047,False,True,False,False,False,False,123.432,91.13528475438278,32.29671524561722
2026,Silverstone,FP1,ALB,23,Williams,2.0,1.0,HARD,2.0,True,95.37,30.429,38.464,26.477,,1,True,False,True,0.0,8.5,22.023809523809526,40.70119047619047,False,True,False,False,False,False,95.37,91.55060351389753,3.8193964861024767
2026,Silverstone,FP1,ALB,23,Williams,4.0,1.0,HARD,4.0,True,94.545,30.076,38.18,26.289,,1,True,False,True,0.0,8.5,22.023809523809526,40.70119047619047,False,True,False,False,False,False,94.545,91.55060351389753,2.994396486102474
2026,Silverstone,FP1,ALB,23,Williams,8.0,2.0,HARD,8.0,False,93.729,29.477,38.145,26.107,,1,True,False,True,0.0,8.5,22.023809523809526,40.70119047619047,False,True,False,False,False,False,93.729,91.55060351389753,2.1783964861024714
2026,Silverstone,FP1,ALB,23,Williams,10.0,2.0,HARD,10.0,False,93.627,29.56,37.809,26.258,,1,True,False,True,0.0,8.5,22.023809523809526,40.70119047619047,False,True,False,False,False,False,93.627,91.55060351389753,2.0763964861024675
2026,Silverstone,FP1,ALB,23,Williams,13.0,3.0,HARD,13.0,False,93.163,29.269,37.875,26.019,,1,True,False,True,0.0,8.5,22.023809523809526,40.70119047619047,False,True,False,False,False,False,93.163,91.55060351389753,1.6123964861024689
2026,Silverstone,FP1,ALB,23,Williams,15.0,3.0,HARD,15.0,False,93.07,29.317,37.703,26.05,,1,True,False,True,0.0,8.5,22.023809523809526,40.70119047619047,False,True,False,False,False,False,93.07,91.55060351389753,1.5193964861024654
2026,Silverstone,FP1,ALB,23,Williams,17.0,3.0,HARD,17.0,False,94.166,29.735,38.147,26.284,,1,True,False,True,0.0,8.5,22.023809523809526,40.70119047619047,False,True,False,False,False,False,94.166,91.55060351389753,2.615396486102469
2026,Silverstone,FP1,ALB,23,Williams,19.0,3.0,HARD,19.0,False,95.089,29.885,38.386,26.818,,1,True,False,True,0.0,8.5,22.023809523809526,40.70119047619047,False,True,False,False,False,False,95.089,91.55060351389753,3.538396486102471
2026,Silverstone,FP1,ALB,23,Williams,20.0,3.0,HARD,20.0,False,94.932,30.084,38.488,26.36,,1,True,False,True,0.0,8.5,22.023809523809526,40.70119047619047,False,True,False,False,False,False,94.932,91.55060351389753,3.3813964861024743
2026,Silverstone,FP1,ALB,23,Williams,23.0,4.0,SOFT,2.0,True,91.697,28.887,37.073,25.737,,1,True,False,True,0.0,8.5,22.023809523809526,40.70119047619047,False,True,False,False,False,False,91.697,91.98366661192725,-0.2866666119272452
2026,Silverstone,FP1,ALB,23,Williams,26.0,5.0,SOFT,5.0,False,92.013,29.035,37.256,25.722,,1,True,False,True,0.0,8.5,22.023809523809526,40.70119047619047,False,True,False,False,False,False,92.013,91.98366661192725,0.029333388072757316
2026,Silverstone,FP1,ALB,23,Williams,28.0,5.0,SOFT,7.0,False,113.723,31.951,44.401,37.371,,1,True,False,True,0.0,8.5,22.023809523809526,40.70119047619047,False,True,False,False,False,False,113.723,91.98366661192725,21.73933338807275
2026,Silverstone,FP1,HUL,27,Audi,2.0,1.0,HARD,2.0,True,94.395,30.166,37.955,26.274,,1,True,False,True,0.0,8.5,22.023809523809526,40.70119047619047,False,True,False,False,False,False,94.395,91.55060351389753,2.844396486102468
2026,Silverstone,FP1,HUL,27,Audi,4.0,1.0,HARD,4.0,True,93.354,29.695,38.005,25.654,,1,True,False,True,0.0,8.5,22.023809523809526,40.70119047619047,False,True,False,False,False,False,93.354,91.55060351389753,1.8033964861024714
2026,Silverstone,FP1,HUL,27,Audi,6.0,1.0,HARD,6.0,True,92.126,29.298,37.411,25.417,,1,True,False,True,0.0,8.5,22.023809523809526,40.70119047619047,False,True,False,False,False,False,92.126,91.55060351389753,0.575396486102477
2026,Silverstone,FP1,HUL,27,Audi,9.0,1.0,HARD,9.0,True,91.907,29.173,37.345,25.389,,1,True,False,True,0.0,8.5,22.023809523809526,40.70119047619047,False,True,False,False,False,False,91.907,91.55060351389753,0.35639648610246866
2026,Silverstone,FP1,HUL,27,Audi,12.0,2.0,HARD,12.0,False,92.414,29.303,37.58,25.531,,1,True,False,True,0.0,8.5,22.023809523809526,40.70119047619047,False,True,False,False,False,False,92.414,91.55060351389753,0.8633964861024737
2026,Silverstone,FP1,HUL,27,Audi,14.0,2.0,HARD,14.0,False,91.943,29.163,37.417,25.363,,1,True,False,True,0.0,8.5,22.023809523809526,40.70119047619047,False,True,False,False,False,False,91.943,91.55060351389753,0.39239648610247
2026,Silverstone,FP1,HUL,27,Audi,16.0,2.0,HARD,16.0,False,94.558,30.026,38.619,25.913,,1,True,False,True,0.0,8.5,22.023809523809526,40.70119047619047,False,True,False,False,False,False,94.558,91.55060351389753,3.007396486102479
2026,Silverstone,FP1,HUL,27,Audi,17.0,2.0,HARD,17.0,False,94.044,29.844,38.396,25.804,,1,True,False,True,0.0,8.5,22.023809523809526,40.70119047619047,False,True,False,False,False,False,94.044,91.55060351389753,2.493396486102469
2026,Silverstone,FP1,HUL,27,Audi,18.0,2.0,HARD,18.0,False,94.045,29.9,38.314,25.831,,1,True,False,True,0.0,8.5,22.023809523809526,40.70119047619047,False,True,False,False,False,False,94.045,91.55060351389753,2.494396486102474
2026,Silverstone,FP1,HUL,27,Audi,22.0,4.0,MEDIUM,2.0,True,90.763,28.732,36.867,25.164,,1,True,False,True,0.0,8.5,22.023809523809526,40.70119047619047,False,True,False,False,False,False,90.763,91.13528475438278,-0.3722847543827754
2026,Silverstone,FP1,HUL,27,Audi,23.0,4.0,MEDIUM,3.0,True,119.473,40.192,48.309,30.972,,1,True,False,True,0.0,8.5,22.023809523809526,40.70119047619047,False,True,False,False,False,False,119.473,91.13528475438278,28.33771524561722
2026,Silverstone,FP1,HUL,27,Audi,24.0,4.0,MEDIUM,4.0,True,120.361,39.257,49.265,31.839,,1,True,False,True,0.0,8.5,22.023809523809526,40.70119047619047,False,True,False,False,False,False,120.361,91.13528475438278,29.225715245617224
2026,Silverstone,FP1,HUL,27,Audi,25.0,4.0,MEDIUM,5.0,True,90.743,28.947,36.619,25.177,,1,True,False,True,0.0,8.5,22.023809523809526,40.70119047619047,False,True,False,False,False,False,90.743,91.13528475438278,-0.39228475438278565
2026,Silverstone,FP1,HUL,27,Audi,26.0,4.0,MEDIUM,6.0,True,118.636,40.888,48.795,28.953,,1,True,False,True,0.0,8.5,22.023809523809526,40.70119047619047,False,True,False,False,False,False,118.636,91.13528475438278,27.500715245617215
2026,Silverstone,FP1,LAW,30,Racing Bulls,2.0,1.0,HARD,2.0,True,93.785,29.699,38.104,25.982,,1,True,False,True,0.0,8.5,22.023809523809526,40.70119047619047,False,True,False,False,False,False,93.785,91.55060351389753,2.2343964861024688
2026,Silverstone,FP1,LAW,30,Racing Bulls,4.0,1.0,HARD,4.0,True,93.009,29.641,37.589,25.779,,1,True,False,True,0.0,8.5,22.023809523809526,40.70119047619047,False,True,False,False,False,False,93.009,91.55060351389753,1.4583964861024725
2026,Silverstone,FP1,LAW,30,Racing Bulls,6.0,1.0,HARD,6.0,True,91.814,28.996,37.231,25.587,,1,True,False,True,0.0,8.5,22.023809523809526,40.70119047619047,False,True,False,False,False,False,91.814,91.55060351389753,0.26339648610246513
2026,Silverstone,FP1,LAW,30,Racing Bulls,10.0,2.0,HARD,10.0,False,94.947,30.243,38.772,25.932,,1,True,False,True,0.0,8.5,22.023809523809526,40.70119047619047,False,True,False,False,False,False,94.947,91.55060351389753,3.396396486102475
2026,Silverstone,FP1,LAW,30,Racing Bulls,11.0,2.0,HARD,11.0,False,94.149,29.746,38.531,25.872,,1,True,False,True,0.0,8.5,22.023809523809526,40.70119047619047,False,True,False,False,False,False,94.149,91.55060351389753,2.598396486102473
2026,Silverstone,FP1,LAW,30,Racing Bulls,12.0,2.0,HARD,12.0,False,94.205,29.899,38.407,25.899,,1,True,False,True,0.0,8.5,22.023809523809526,40.70119047619047,False,True,False,False,False,False,94.205,91.55060351389753,2.6543964861024705
2026,Silverstone,FP1,LAW,30,Racing Bulls,13.0,2.0,HARD,13.0,False,94.132,29.811,38.504,25.817,,1,True,False,True,0.0,8.5,22.023809523809526,40.70119047619047,False,True,False,False,False,False,94.132,91.55060351389753,2.581396486102477
2026,Silverstone,FP1,LAW,30,Racing Bulls,14.0,2.0,HARD,14.0,False,94.843,30.111,38.801,25.931,,1,True,False,True,0.0,8.5,22.023809523809526,40.70119047619047,False,True,False,False,False,False,94.843,91.55060351389753,3.2923964861024757
2026,Silverstone,FP1,LAW,30,Racing Bulls,15.0,2.0,HARD,15.0,False,94.771,29.931,38.734,26.106,,1,True,False,True,0.0,8.5,22.023809523809526,40.70119047619047,False,True,False,False,False,False,94.771,91.55060351389753,3.220396486102473
2026,Silverstone,FP1,LAW,30,Racing Bulls,19.0,3.0,MEDIUM,3.0,True,90.85,28.863,36.793,25.194,,1,True,False,True,0.0,8.5,22.023809523809526,40.70119047619047,False,True,False,False,False,False,90.85,91.13528475438278,-0.28528475438278633
2026,Silverstone,FP1,LAW,30,Racing Bulls,21.0,3.0,MEDIUM,5.0,True,90.973,28.642,37.05,25.281,,1,True,False,True,0.0,8.5,22.023809523809526,40.70119047619047,False,True,False,False,False,False,90.973,91.13528475438278,-0.16228475438278167
2026,Silverstone,FP1,LAW,30,Racing Bulls,24.0,4.0,MEDIUM,8.0,False,91.221,28.884,37.005,25.332,,1,True,False,True,0.0,8.5,22.023809523809526,40.70119047619047,False,True,False,False,False,False,91.221,91.13528475438278,0.08571524561722299
2026,Silverstone,FP1,LAW,30,Racing Bulls,25.0,4.0,MEDIUM,9.0,False,119.989,37.954,48.744,33.291,,1,True,False,True,0.0,8.5,22.023809523809526,40.70119047619047,False,True,False,False,False,False,119.989,91.13528475438278,28.853715245617224
2026,Silverstone,FP1,LAW,30,Racing Bulls,26.0,4.0,MEDIUM,10.0,False,121.163,35.639,45.636,39.888,,1,True,False,True,0.0,8.5,22.023809523809526,40.70119047619047,False,True,False,False,False,False,121.163,91.13528475438278,30.027715245617216
2026,Silverstone,FP1,OCO,31,Haas F1 Team,2.0,1.0,HARD,2.0,True,95.872,30.634,38.893,26.345,,1,True,False,True,0.0,8.5,22.023809523809526,40.70119047619047,False,True,False,False,False,False,95.872,91.55060351389753,4.321396486102472
2026,Silverstone,FP1,OCO,31,Haas F1 Team,4.0,1.0,HARD,4.0,True,94.572,30.181,38.312,26.079,,1,True,False,True,0.0,8.5,22.023809523809526,40.70119047619047,False,True,False,False,False,False,94.572,91.55060351389753,3.021396486102475
2026,Silverstone,FP1,OCO,31,Haas F1 Team,6.0,1.0,HARD,6.0,True,93.03,29.441,37.611,25.978,,1,True,False,True,0.0,8.5,22.023809523809526,40.70119047619047,False,True,False,False,False,False,93.03,91.55060351389753,1.4793964861024733
2026,Silverstone,FP1,OCO,31,Haas F1 Team,9.0,2.0,HARD,9.0,False,93.206,29.591,37.764,25.851,,1,True,False,True,0.0,8.5,22.023809523809526,40.70119047619047,False,True,False,False,False,False,93.206,91.55060351389753,1.6553964861024753
2026,Silverstone,FP1,OCO,31,Haas F1 Team,12.0,3.0,HARD,12.0,False,94.812,30.279,38.297,26.236,,1,True,False,True,0.0,8.5,22.023809523809526,40.70119047619047,False,True,False,False,False,False,94.812,91.55060351389753,3.26139648610247
2026,Silverstone,FP1,OCO,31,Haas F1 Team,13.0,3.0,HARD,13.0,False,94.426,30.05,38.162,26.214,,1,True,False,True,0.0,8.5,22.023809523809526,40.70119047619047,False,True,False,False,False,False,94.426,91.55060351389753,2.875396486102474
2026,Silverstone,FP1,OCO,31,Haas F1 Team,15.0,3.0,HARD,15.0,False,94.4,30.037,38.229,26.134,,1,True,False,True,0.0,8.5,22.023809523809526,40.70119047619047,False,True,False,False,False,False,94.4,91.55060351389753,2.849396486102478
2026,Silverstone,FP1,OCO,31,Haas F1 Team,16.0,3.0,HARD,16.0,False,94.396,29.939,38.29,26.167,,1,True,False,True,0.0,8.5,22.023809523809526,40.70119047619047,False,True,False,False,False,False,94.396,91.55060351389753,2.845396486102473
2026,Silverstone,FP1,OCO,31,Haas F1 Team,17.0,3.0,HARD,17.0,False,94.691,29.754,38.47,26.467,,1,True,False,True,0.0,8.5,22.023809523809526,40.70119047619047,False,True,False,False,False,False,94.691,91.55060351389753,3.1403964861024747
2026,Silverstone,FP1,OCO,31,Haas F1 Team,20.0,4.0,SOFT,2.0,True,91.821,29.053,37.332,25.436,,1,True,False,True,0.0,8.5,22.023809523809526,40.70119047619047,False,True,False,False,False,False,91.821,91.98366661192725,-0.16266661192724996
2026,Silverstone,FP1,OCO,31,Haas F1 Team,22.0,4.0,SOFT,4.0,True,123.699,46.325,48.252,29.122,,1,True,False,True,0.0,8.5,22.023809523809526,40.70119047619047,False,True,False,False,False,False,123.699,91.98366661192725,31.71533338807275
2026,Silverstone,FP1,OCO,31,Haas F1 Team,23.0,4.0,SOFT,5.0,True,91.684,29.173,37.058,25.453,,1,True,False,True,0.0,8.5,22.023809523809526,40.70119047619047,False,True,False,False,False,False,91.684,91.98366661192725,-0.2996666119272504
2026,Silverstone,FP1,OCO,31,Haas F1 Team,25.0,4.0,SOFT,7.0,True,126.366,42.449,47.293,36.624,,1,True,False,True,0.0,8.5,22.023809523809526,40.70119047619047,False,True,False,False,False,False,126.366,91.98366661192725,34.38233338807275
2026,Silverstone,FP1,LIN,41,Racing Bulls,2.0,1.0,HARD,2.0,True,94.712,29.775,38.69,26.247,,1,True,False,True,0.0,8.5,22.023809523809526,40.70119047619047,False,True,False,False,False,False,94.712,91.55060351389753,3.1613964861024755
2026,Silverstone,FP1,LIN,41,Racing Bulls,4.0,1.0,HARD,4.0,True,93.075,29.419,37.732,25.924,,1,True,False,True,0.0,8.5,22.023809523809526,40.70119047619047,False,True,False,False,False,False,93.075,91.55060351389753,1.524396486102475
2026,Silverstone,FP1,LIN,41,Racing Bulls,6.0,1.0,HARD,6.0,True,92.373,29.136,37.394,25.843,,1,True,False,True,0.0,8.5,22.023809523809526,40.70119047619047,False,True,False,False,False,False,92.373,91.55060351389753,0.8223964861024768
2026,Silverstone,FP1,LIN,41,Racing Bulls,8.0,1.0,HARD,8.0,True,92.506,29.236,37.43,25.84,,1,True,False,True,0.0,8.5,22.023809523809526,40.70119047619047,False,True,False,False,False,False,92.506,91.55060351389753,0.9553964861024724
2026,Silverstone,FP1,LIN,41,Racing Bulls,10.0,1.0,HARD,10.0,True,92.163,29.029,37.372,25.762,,1,True,False,True,0.0,8.5,22.023809523809526,40.70119047619047,False,True,False,False,False,False,92.163,91.55060351389753,0.6123964861024689
2026,Silverstone,FP1,LIN,41,Racing Bulls,13.0,2.0,HARD,13.0,False,95.163,30.115,38.833,26.215,,1,True,False,True,0.0,8.5,22.023809523809526,40.70119047619047,False,True,False,False,False,False,95.163,91.55060351389753,3.612396486102469
2026,Silverstone,FP1,LIN,41,Racing Bulls,14.0,2.0,HARD,14.0,False,94.749,30.06,38.618,26.071,,1,True,False,True,0.0,8.5,22.023809523809526,40.70119047619047,False,True,False,False,False,False,94.749,91.55060351389753,3.1983964861024674
2026,Silverstone,FP1,LIN,41,Racing Bulls,15.0,2.0,HARD,15.0,False,95.043,30.172,38.736,26.135,,1,True,False,True,0.0,8.5,22.023809523809526,40.70119047619047,False,True,False,False,False,False,95.043,91.55060351389753,3.4923964861024785
2026,Silverstone,FP1,LIN,41,Racing Bulls,16.0,2.0,HARD,16.0,False,94.463,29.88,38.588,25.995,,1,True,False,True,0.0,8.5,22.023809523809526,40.70119047619047,False,True,False,False,False,False,94.463,91.55060351389753,2.912396486102466
2026,Silverstone,FP1,LIN,41,Racing Bulls,17.0,2.0,HARD,17.0,False,94.647,29.982,38.565,26.1,,1,True,False,True,0.0,8.5,22.023809523809526,40.70119047619047,False,True,False,False,False,False,94.647,91.55060351389753,3.0963964861024778
2026,Silverstone,FP1,LIN,41,Racing Bulls,21.0,3.0,MEDIUM,2.0,True,91.877,28.987,37.203,25.687,,1,True,False,True,0.0,8.5,22.023809523809526,40.70119047619047,False,True,False,False,False,False,91.877,91.13528475438278,0.7417152456172147
2026,Silverstone,FP1,LIN,41,Racing Bulls,24.0,3.0,MEDIUM,5.0,True,91.339,28.766,37.05,25.523,,1,True,False,True,0.0,8.5,22.023809523809526,40.70119047619047,False,True,False,False,False,False,91.339,91.13528475438278,0.203715245617218
2026,Silverstone,FP1,LIN,41,Racing Bulls,27.0,4.0,MEDIUM,8.0,False,110.042,29.502,51.354,29.186,,1,True,False,True,0.0,8.5,22.023809523809526,40.70119047619047,False,True,False,False,False,False,110.042,91.13528475438278,18.90671524561722
2026,Silverstone,FP1,LIN,41,Racing Bulls,28.0,4.0,MEDIUM,9.0,False,92.104,29.202,37.335,25.567,,1,True,False,True,0.0,8.5,22.023809523809526,40.70119047619047,False,True,False,False,False,False,92.104,91.13528475438278,0.9687152456172186
2026,Silverstone,FP1,COL,43,Alpine,2.0,1.0,HARD,2.0,True,95.306,30.076,38.659,26.571,,1,True,False,True,0.0,8.5,22.023809523809526,40.70119047619047,False,True,False,False,False,False,95.306,91.55060351389753,3.7553964861024696
2026,Silverstone,FP1,COL,43,Alpine,4.0,1.0,HARD,4.0,True,95.634,30.096,38.609,26.929,,1,True,False,True,0.0,8.5,22.023809523809526,40.70119047619047,False,True,False,False,False,False,95.634,91.55060351389753,4.0833964861024725
2026,Silverstone,FP1,COL,43,Alpine,7.0,1.0,HARD,7.0,True,93.612,29.514,37.828,26.27,,1,True,False,True,0.0,8.5,22.023809523809526,40.70119047619047,False,True,False,False,False,False,93.612,91.55060351389753,2.061396486102467
2026,Silverstone,FP1,COL,43,Alpine,11.0,3.0,HARD,11.0,False,97.336,29.672,40.711,26.953,,1,True,False,True,0.0,8.5,22.023809523809526,40.70119047619047,False,True,False,False,False,False,97.336,91.55060351389753,5.785396486102471
2026,Silverstone,FP1,COL,43,Alpine,12.0,3.0,HARD,12.0,False,93.774,29.872,38.111,25.791,,1,True,False,True,0.0,8.5,22.023809523809526,40.70119047619047,False,True,False,False,False,False,93.774,91.55060351389753,2.223396486102473
2026,Silverstone,FP1,COL,43,Alpine,14.0,3.0,HARD,14.0,False,93.408,29.66,37.812,25.936,,1,True,False,True,0.0,8.5,22.023809523809526,40.70119047619047,False,True,False,False,False,False,93.408,91.55060351389753,1.8573964861024734
2026,Silverstone,FP1,COL,43,Alpine,15.0,3.0,HARD,15.0,False,93.72,29.858,37.9,25.962,,1,True,False,True,0.0,8.5,22.023809523809526,40.70119047619047,False,True,False,False,False,False,93.72,91.55060351389753,2.169396486102471
2026,Silverstone,FP1,COL,43,Alpine,16.0,3.0,HARD,16.0,False,93.997,29.709,38.237,26.051,,1,True,False,True,0.0,8.5,22.023809523809526,40.70119047619047,False,True,False,False,False,False,93.997,91.55060351389753,2.446396486102472
2026,Silverstone,FP1,COL,43,Alpine,17.0,3.0,HARD,17.0,False,93.655,29.69,38.047,25.918,,1,True,False,True,0.0,8.5,22.023809523809526,40.70119047619047,False,True,False,False,False,False,93.655,91.55060351389753,2.1043964861024733
2026,Silverstone,FP1,COL,43,Alpine,20.0,4.0,MEDIUM,2.0,True,91.076,28.792,36.959,25.325,,1,True,False,True,0.0,8.5,22.023809523809526,40.70119047619047,False,True,False,False,False,False,91.076,91.13528475438278,-0.05928475438278724
2026,Silverstone,FP1,COL,43,Alpine,23.0,4.0,MEDIUM,5.0,True,90.966,28.726,36.964,25.276,,1,True,False,True,0.0,8.5,22.023809523809526,40.70119047619047,False,True,False,False,False,False,90.966,91.13528475438278,-0.16928475438278667
2026,Silverstone,FP1,COL,43,Alpine,26.0,5.0,HARD,20.0,False,114.523,33.094,41.305,40.124,,1,True,False,True,0.0,8.5,22.023809523809526,40.70119047619047,False,True,False,False,False,False,114.523,91.55060351389753,22.97239648610247
2026,Silverstone,FP1,HAM,44,Ferrari,2.0,1.0,HARD,2.0,True,94.696,30.386,38.14,26.17,,1,True,False,True,0.0,8.5,22.023809523809526,40.70119047619047,False,True,False,False,False,False,94.696,91.55060351389753,3.14539648610247
2026,Silverstone,FP1,HAM,44,Ferrari,4.0,1.0,HARD,4.0,True,91.877,29.515,37.183,25.179,,1,True,False,True,0.0,8.5,22.023809523809526,40.70119047619047,False,True,False,False,False,False,91.877,91.55060351389753,0.3263964861024675
2026,Silverstone,FP1,HAM,44,Ferrari,6.0,1.0,HARD,6.0,True,91.434,29.275,37.093,25.066,,1,True,False,True,0.0,8.5,22.023809523809526,40.70119047619047,False,True,False,False,False,False,91.434,91.55060351389753,-0.11660351389753032
2026,Silverstone,FP1,HAM,44,Ferrari,10.0,1.0,HARD,10.0,True,101.963,29.238,37.076,35.649,,1,True,False,True,0.0,8.5,22.023809523809526,40.70119047619047,False,True,False,False,False,False,101.963,91.55060351389753,10.412396486102466
2026,Silverstone,FP1,HAM,44,Ferrari,12.0,1.0,HARD,12.0,True,91.201,29.153,36.981,25.067,,1,True,False,True,0.0,8.5,22.023809523809526,40.70119047619047,False,True,False,False,False,False,91.201,91.55060351389753,-0.3496035138975344
2026,Silverstone,FP1,HAM,44,Ferrari,15.0,2.0,HARD,15.0,False,90.521,28.99,36.666,24.865,,1,True,False,True,0.0,8.5,22.023809523809526,40.70119047619047,False,True,False,False,False,False,90.521,91.55060351389753,-1.029603513897527
2026,Silverstone,FP1,HAM,44,Ferrari,18.0,3.0,HARD,18.0,False,92.507,29.707,37.481,25.319,,1,True,False,True,0.0,8.5,22.023809523809526,40.70119047619047,False,True,False,False,False,False,92.507,91.55060351389753,0.9563964861024772
2026,Silverstone,FP1,HAM,44,Ferrari,19.0,3.0,HARD,19.0,False,92.412,29.697,37.301,25.414,,1,True,False,True,0.0,8.5,22.023809523809526,40.70119047619047,False,True,False,False,False,False,92.412,91.55060351389753,0.8613964861024783
2026,Silverstone,FP1,HAM,44,Ferrari,20.0,3.0,HARD,20.0,False,92.358,29.697,37.256,25.405,,1,True,False,True,0.0,8.5,22.023809523809526,40.70119047619047,False,True,False,False,False,False,92.358,91.55060351389753,0.8073964861024763
2026,Silverstone,FP1,HAM,44,Ferrari,21.0,3.0,HARD,21.0,False,91.869,29.716,36.943,25.21,,1,True,False,True,0.0,8.5,22.023809523809526,40.70119047619047,False,True,False,False,False,False,91.869,91.55060351389753,0.31839648610247195
2026,Silverstone,FP1,HAM,44,Ferrari,22.0,3.0,HARD,22.0,False,92.16,29.743,37.135,25.282,,1,True,False,True,0.0,8.5,22.023809523809526,40.70119047619047,False,True,False,False,False,False,92.16,91.55060351389753,0.6093964861024688
2026,Silverstone,FP1,HAM,44,Ferrari,25.0,4.0,SOFT,2.0,True,89.26,28.403,36.226,24.631,,1,True,False,True,0.0,8.5,22.023809523809526,40.70119047619047,False,True,False,False,False,False,89.26,91.98366661192725,-2.723666611927243
2026,Silverstone,FP1,HAM,44,Ferrari,28.0,4.0,SOFT,5.0,True,89.761,28.747,36.177,24.837,,1,True,False,True,0.0,8.5,22.023809523809526,40.70119047619047,False,True,False,False,False,False,89.761,91.98366661192725,-2.2226666119272522
2026,Silverstone,FP1,HAM,44,Ferrari,29.0,4.0,SOFT,6.0,True,104.998,41.657,37.694,25.647,,1,True,False,True,0.0,8.5,22.023809523809526,40.70119047619047,False,True,False,False,False,False,104.998,91.98366661192725,13.014333388072757
2026,Silverstone,FP1,SAI,55,Williams,2.0,1.0,HARD,2.0,True,96.998,31.722,38.868,26.408,,1,True,False,True,0.0,8.5,22.023809523809526,40.70119047619047,False,True,False,False,False,False,96.998,91.55060351389753,5.447396486102477
2026,Silverstone,FP1,SAI,55,Williams,4.0,1.0,HARD,4.0,True,95.003,30.337,38.324,26.342,,1,True,False,True,0.0,8.5,22.023809523809526,40.70119047619047,False,True,False,False,False,False,95.003,91.55060351389753,3.4523964861024723
2026,Silverstone,FP1,SAI,55,Williams,7.0,2.0,HARD,7.0,False,93.72,29.708,37.988,26.024,,1,True,False,True,0.0,8.5,22.023809523809526,40.70119047619047,False,True,False,False,False,False,93.72,91.55060351389753,2.169396486102471
2026,Silverstone,FP1,SAI,55,Williams,9.0,2.0,HARD,9.0,False,93.202,29.484,37.792,25.926,,1,True,False,True,0.0,8.5,22.023809523809526,40.70119047619047,False,True,False,False,False,False,93.202,91.55060351389753,1.6513964861024704
2026,Silverstone,FP1,SAI,55,Williams,12.0,2.0,HARD,12.0,False,92.977,29.272,37.903,25.802,,1,True,False,True,0.0,8.5,22.023809523809526,40.70119047619047,False,True,False,False,False,False,92.977,91.55060351389753,1.426396486102476
2026,Silverstone,FP1,SAI,55,Williams,15.0,3.0,HARD,15.0,False,93.133,29.371,37.772,25.99,,1,True,False,True,0.0,8.5,22.023809523809526,40.70119047619047,False,True,False,False,False,False,93.133,91.55060351389753,1.5823964861024677
2026,Silverstone,FP1,SAI,55,Williams,17.0,3.0,HARD,17.0,False,93.101,29.498,37.842,25.761,,1,True,False,True,0.0,8.5,22.023809523809526,40.70119047619047,False,True,False,False,False,False,93.101,91.55060351389753,1.5503964861024713
2026,Silverstone,FP1,SAI,55,Williams,19.0,3.0,HARD,19.0,False,94.363,29.757,38.387,26.219,,1,True,False,True,0.0,8.5,22.023809523809526,40.70119047619047,False,True,False,False,False,False,94.363,91.55060351389753,2.8123964861024717
2026,Silverstone,FP1,SAI,55,Williams,20.0,3.0,HARD,20.0,False,94.31,29.935,38.159,26.216,,1,True,False,True,0.0,8.5,22.023809523809526,40.70119047619047,False,True,False,False,False,False,94.31,91.55060351389753,2.7593964861024745
2026,Silverstone,FP1,SAI,55,Williams,21.0,3.0,HARD,21.0,False,94.353,29.905,38.258,26.19,,1,True,False,True,0.0,8.5,22.023809523809526,40.70119047619047,False,True,False,False,False,False,94.353,91.55060351389753,2.8023964861024666
2026,Silverstone,FP1,SAI,55,Williams,22.0,3.0,HARD,22.0,False,94.056,29.767,38.224,26.065,,1,True,False,True,0.0,8.5,22.023809523809526,40.70119047619047,False,True,False,False,False,False,94.056,91.55060351389753,2.5053964861024696
2026,Silverstone,FP1,SAI,55,Williams,25.0,4.0,SOFT,2.0,True,91.684,28.961,37.285,25.438,,1,True,False,True,0.0,8.5,22.023809523809526,40.70119047619047,False,True,False,False,False,False,91.684,91.98366661192725,-0.2996666119272504
2026,Silverstone,FP1,SAI,55,Williams,28.0,5.0,SOFT,5.0,False,91.945,29.146,37.189,25.61,,1,True,False,True,0.0,8.5,22.023809523809526,40.70119047619047,False,True,False,False,False,False,91.945,91.98366661192725,-0.038666611927254735
2026,Silverstone,FP1,SAI,55,Williams,31.0,6.0,HARD,25.0,False,111.034,31.072,40.999,38.963,,1,True,False,True,0.0,8.5,22.023809523809526,40.70119047619047,False,True,False,False,False,False,111.034,91.55060351389753,19.483396486102478
2026,Silverstone,FP1,RUS,63,Mercedes,2.0,1.0,HARD,2.0,True,106.188,30.09,46.273,29.825,,1,True,False,True,0.0,8.5,22.023809523809526,40.70119047619047,False,True,False,False,False,False,106.188,91.55060351389753,14.637396486102475
2026,Silverstone,FP1,RUS,63,Mercedes,3.0,1.0,HARD,3.0,True,92.539,29.371,37.238,25.93,,1,True,False,True,0.0,8.5,22.023809523809526,40.70119047619047,False,True,False,False,False,False,92.539,91.55060351389753,0.9883964861024737
2026,Silverstone,FP1,RUS,63,Mercedes,5.0,1.0,HARD,5.0,True,91.822,29.131,36.906,25.785,,1,True,False,True,0.0,8.5,22.023809523809526,40.70119047619047,False,True,False,False,False,False,91.822,91.55060351389753,0.2713964861024749
2026,Silverstone,FP1,RUS,63,Mercedes,9.0,2.0,HARD,9.0,False,90.986,28.834,36.748,25.404,,1,True,False,True,0.0,8.5,22.023809523809526,40.70119047619047,False,True,False,False,False,False,90.986,91.55060351389753,-0.5646035138975236
2026,Silverstone,FP1,RUS,63,Mercedes,12.0,3.0,HARD,12.0,False,93.264,29.582,37.77,25.912,,1,True,False,True,0.0,8.5,22.023809523809526,40.70119047619047,False,True,False,False,False,False,93.264,91.55060351389753,1.713396486102468
2026,Silverstone,FP1,RUS,63,Mercedes,13.0,3.0,HARD,13.0,False,93.084,29.682,37.612,25.79,,1,True,False,True,0.0,8.5,22.023809523809526,40.70119047619047,False,True,False,False,False,False,93.084,91.55060351389753,1.5333964861024754
2026,Silverstone,FP1,RUS,63,Mercedes,14.0,3.0,HARD,14.0,False,93.236,29.724,37.797,25.715,,1,True,False,True,0.0,8.5,22.023809523809526,40.70119047619047,False,True,False,False,False,False,93.236,91.55060351389753,1.6853964861024764
2026,Silverstone,FP1,RUS,63,Mercedes,15.0,3.0,HARD,15.0,False,92.799,29.575,37.593,25.631,,1,True,False,True,0.0,8.5,22.023809523809526,40.70119047619047,False,True,False,False,False,False,92.799,91.55060351389753,1.2483964861024788
2026,Silverstone,FP1,RUS,63,Mercedes,16.0,3.0,HARD,16.0,False,92.597,29.433,37.397,25.767,,1,True,False,True,0.0,8.5,22.023809523809526,40.70119047619047,False,True,False,False,False,False,92.597,91.55060351389753,1.0463964861024664
2026,Silverstone,FP1,RUS,63,Mercedes,18.0,3.0,HARD,18.0,False,93.454,29.844,38.056,25.554,,1,True,False,True,0.0,8.5,22.023809523809526,40.70119047619047,False,True,False,False,False,False,93.454,91.55060351389753,1.9033964861024657
2026,Silverstone,FP1,RUS,63,Mercedes,19.0,3.0,HARD,19.0,False,94.217,30.322,38.017,25.878,,1,True,False,True,0.0,8.5,22.023809523809526,40.70119047619047,False,True,False,False,False,False,94.217,91.55060351389753,2.666396486102471
2026,Silverstone,FP1,RUS,63,Mercedes,20.0,3.0,HARD,20.0,False,92.991,29.813,37.49,25.688,,1,True,False,True,0.0,8.5,22.023809523809526,40.70119047619047,False,True,False,False,False,False,92.991,91.55060351389753,1.4403964861024718
2026,Silverstone,FP1,RUS,63,Mercedes,23.0,4.0,SOFT,2.0,True,89.938,28.447,36.413,25.078,,1,True,False,True,0.0,8.5,22.023809523809526,40.70119047619047,False,True,False,False,False,False,89.938,91.98366661192725,-2.0456666119272455
2026,Silverstone,FP1,RUS,63,Mercedes,26.0,4.0,SOFT,5.0,True,90.239,28.615,36.443,25.181,,1,True,False,True,0.0,8.5,22.023809523809526,40.70119047619047,False,True,False,False,False,False,90.239,91.98366661192725,-1.7446666119272436
2026,Silverstone,FP1,RUS,63,Mercedes,29.0,5.0,HARD,23.0,False,113.484,32.341,42.851,38.292,,1,True,False,True,0.0,8.5,22.023809523809526,40.70119047619047,False,True,False,False,False,False,113.484,91.55060351389753,21.933396486102467
2026,Silverstone,FP1,BOT,77,Cadillac,2.0,1.0,HARD,2.0,True,97.573,31.009,39.599,26.965,,1,True,False,True,0.0,8.5,22.023809523809526,40.70119047619047,False,True,False,False,False,False,97.573,91.55060351389753,6.0223964861024655
2026,Silverstone,FP1,BOT,77,Cadillac,4.0,1.0,HARD,4.0,True,95.605,30.206,38.906,26.493,,1,True,False,True,0.0,8.5,22.023809523809526,40.70119047619047,False,True,False,False,False,False,95.605,91.55060351389753,4.054396486102476
2026,Silverstone,FP1,BOT,77,Cadillac,6.0,1.0,HARD,6.0,True,94.714,29.936,38.629,26.149,,1,True,False,True,0.0,8.5,22.023809523809526,40.70119047619047,False,True,False,False,False,False,94.714,91.55060351389753,3.163396486102471
2026,Silverstone,FP1,BOT,77,Cadillac,8.0,1.0,HARD,8.0,True,97.03,30.557,39.634,26.839,,1,True,False,True,0.0,8.5,22.023809523809526,40.70119047619047,False,True,False,False,False,False,97.03,91.55060351389753,5.479396486102473
2026,Silverstone,FP1,BOT,77,Cadillac,9.0,1.0,HARD,9.0,True,96.804,30.288,39.597,26.919,,1,True,False,True,0.0,8.5,22.023809523809526,40.70119047619047,False,True,False,False,False,False,96.804,91.55060351389753,5.253396486102474
2026,Silverstone,FP1,BOT,77,Cadillac,10.0,1.0,HARD,10.0,True,96.19,30.288,39.255,26.647,,1,True,False,True,0.0,8.5,22.023809523809526,40.70119047619047,False,True,False,False,False,False,96.19,91.55060351389753,4.63939648610247
2026,Silverstone,FP1,BOT,77,Cadillac,11.0,1.0,HARD,11.0,True,95.969,30.169,39.111,26.689,,1,True,False,True,0.0,8.5,22.023809523809526,40.70119047619047,False,True,False,False,False,False,95.969,91.55060351389753,4.418396486102466
2026,Silverstone,FP1,BOT,77,Cadillac,12.0,1.0,HARD,12.0,True,95.737,30.06,39.283,26.394,,1,True,False,True,0.0,8.5,22.023809523809526,40.70119047619047,False,True,False,False,False,False,95.737,91.55060351389753,4.186396486102467
2026,Silverstone,FP1,BOT,77,Cadillac,13.0,1.0,HARD,13.0,True,95.466,30.077,38.942,26.447,,1,True,False,True,0.0,8.5,22.023809523809526,40.70119047619047,False,True,False,False,False,False,95.466,91.55060351389753,3.915396486102466
2026,Silverstone,FP1,BOT,77,Cadillac,16.0,2.0,SOFT,2.0,True,92.236,29.334,37.537,25.365,,1,True,False,True,0.0,8.5,22.023809523809526,40.70119047619047,False,True,False,False,False,False,92.236,91.98366661192725,0.2523333880727563
2026,Silverstone,FP1,BOT,77,Cadillac,19.0,3.0,MEDIUM,2.0,True,92.15,29.192,37.452,25.506,,1,True,False,True,0.0,8.5,22.023809523809526,40.70119047619047,False,True,False,False,False,False,92.15,91.13528475438278,1.014715245617225
2026,Silverstone,FP1,PIA,81,McLaren,2.0,1.0,HARD,2.0,True,92.873,29.376,37.604,25.893,,1,True,False,True,0.0,8.5,22.023809523809526,40.70119047619047,False,True,False,False,False,False,92.873,91.55060351389753,1.3223964861024768
2026,Silverstone,FP1,PIA,81,McLaren,4.0,1.0,HARD,4.0,True,91.819,29.164,37.197,25.458,,1,True,False,True,0.0,8.5,22.023809523809526,40.70119047619047,False,True,False,False,False,False,91.819,91.55060351389753,0.2683964861024748
2026,Silverstone,FP1,PIA,81,McLaren,6.0,1.0,HARD,6.0,True,91.314,28.909,36.913,25.492,,1,True,False,True,0.0,8.5,22.023809523809526,40.70119047619047,False,True,False,False,False,False,91.314,91.55060351389753,-0.23660351389753487
2026,Silverstone,FP1,PIA,81,McLaren,10.0,2.0,HARD,10.0,False,91.436,29.092,36.917,25.427,,1,True,False,True,0.0,8.5,22.023809523809526,40.70119047619047,False,True,False,False,False,False,91.436,91.55060351389753,-0.11460351389752077
2026,Silverstone,FP1,PIA,81,McLaren,12.0,2.0,HARD,12.0,False,92.654,29.198,37.625,25.831,,1,True,False,True,0.0,8.5,22.023809523809526,40.70119047619047,False,True,False,False,False,False,92.654,91.55060351389753,1.1033964861024685
2026,Silverstone,FP1,PIA,81,McLaren,13.0,2.0,HARD,13.0,False,92.878,29.524,37.481,25.873,,1,True,False,True,0.0,8.5,22.023809523809526,40.70119047619047,False,True,False,False,False,False,92.878,91.55060351389753,1.3273964861024723
2026,Silverstone,FP1,PIA,81,McLaren,16.0,3.0,SOFT,2.0,True,90.147,28.512,36.531,25.104,,1,True,False,True,0.0,8.5,22.023809523809526,40.70119047619047,False,True,False,False,False,False,90.147,91.98366661192725,-1.8366666119272423
2026,Silverstone,FP1,PIA,81,McLaren,19.0,3.0,SOFT,5.0,True,90.457,28.655,36.628,25.174,,1,True,False,True,0.0,8.5,22.023809523809526,40.70119047619047,False,True,False,False,False,False,90.457,91.98366661192725,-1.5266666119272543
2026,Silverstone,FP1,PIA,81,McLaren,22.0,4.0,SOFT,8.0,False,90.329,28.762,36.448,25.119,,1,True,False,True,0.0,8.5,22.023809523809526,40.70119047619047,False,True,False,False,False,False,90.329,91.98366661192725,-1.6546666119272544
2026,Silverstone,FP1,BEA,87,Haas F1 Team,2.0,1.0,HARD,2.0,True,95.523,30.863,38.575,26.085,,1,True,False,True,0.0,8.5,22.023809523809526,40.70119047619047,False,True,False,False,False,False,95.523,91.55060351389753,3.9723964861024683
2026,Silverstone,FP1,BEA,87,Haas F1 Team,4.0,1.0,HARD,4.0,True,93.723,29.982,37.919,25.822,,1,True,False,True,0.0,8.5,22.023809523809526,40.70119047619047,False,True,False,False,False,False,93.723,91.55060351389753,2.172396486102471
2026,Silverstone,FP1,BEA,87,Haas F1 Team,6.0,1.0,HARD,6.0,True,92.793,29.395,37.416,25.982,,1,True,False,True,0.0,8.5,22.023809523809526,40.70119047619047,False,True,False,False,False,False,92.793,91.55060351389753,1.2423964861024785
2026,Silverstone,FP1,BEA,87,Haas F1 Team,8.0,1.0,HARD,8.0,True,92.709,29.626,37.628,25.455,,1,True,False,True,0.0,8.5,22.023809523809526,40.70119047619047,False,True,False,False,False,False,92.709,91.55060351389753,1.1583964861024754
2026,Silverstone,FP1,BEA,87,Haas F1 Team,11.0,2.0,HARD,11.0,False,94.833,30.244,38.318,26.271,,1,True,False,True,0.0,8.5,22.023809523809526,40.70119047619047,False,True,False,False,False,False,94.833,91.55060351389753,3.2823964861024706
2026,Silverstone,FP1,BEA,87,Haas F1 Team,12.0,2.0,HARD,12.0,False,94.716,30.06,38.344,26.312,,1,True,False,True,0.0,8.5,22.023809523809526,40.70119047619047,False,True,False,False,False,False,94.716,91.55060351389753,3.165396486102466
2026,Silverstone,FP1,BEA,87,Haas F1 Team,13.0,2.0,HARD,13.0,False,94.314,30.02,38.09,26.204,,1,True,False,True,0.0,8.5,22.023809523809526,40.70119047619047,False,True,False,False,False,False,94.314,91.55060351389753,2.763396486102465
2026,Silverstone,FP1,BEA,87,Haas F1 Team,14.0,2.0,HARD,14.0,False,94.497,29.929,38.212,26.356,,1,True,False,True,0.0,8.5,22.023809523809526,40.70119047619047,False,True,False,False,False,False,94.497,91.55060351389753,2.946396486102472
2026,Silverstone,FP1,BEA,87,Haas F1 Team,15.0,2.0,HARD,15.0,False,94.198,29.825,38.226,26.147,,1,True,False,True,0.0,8.5,22.023809523809526,40.70119047619047,False,True,False,False,False,False,94.198,91.55060351389753,2.6473964861024655
2026,Silverstone,FP1,BEA,87,Haas F1 Team,16.0,2.0,HARD,16.0,False,95.375,30.75,38.387,26.238,,1,True,False,True,0.0,8.5,22.023809523809526,40.70119047619047,False,True,False,False,False,False,95.375,91.55060351389753,3.824396486102472
2026,Silverstone,FP1,BEA,87,Haas F1 Team,20.0,3.0,SOFT,2.0,True,91.709,29.13,37.234,25.345,,1,True,False,True,0.0,8.5,22.023809523809526,40.70119047619047,False,True,False,False,False,False,91.709,91.98366661192725,-0.27466661192724473
2026,Silverstone,FP1,BEA,87,Haas F1 Team,23.0,4.0,SOFT,5.0,False,91.373,29.179,36.822,25.372,,1,True,False,True,0.0,8.5,22.023809523809526,40.70119047619047,False,True,False,False,False,False,91.373,91.98366661192725,-0.6106666119272433
2026,Silverstone,FP1,BEA,87,Haas F1 Team,24.0,4.0,SOFT,6.0,False,122.218,46.734,46.37,29.114,,1,True,False,True,0.0,8.5,22.023809523809526,40.70119047619047,False,True,False,False,False,False,122.218,91.98366661192725,30.234333388072756
2026,Silverstone,FP1,BEA,87,Haas F1 Team,25.0,4.0,SOFT,7.0,False,123.025,38.725,43.185,41.115,,1,True,False,True,0.0,8.5,22.023809523809526,40.70119047619047,False,True,False,False,False,False,123.025,91.98366661192725,31.041333388072758
2026,Monza,FP1,NOR,1,McLaren,2.0,1.0,MEDIUM,2.0,True,87.76,27.926,30.546,29.288,,1,True,False,True,0.0,5.0,31.01875,51.34125,False,True,False,False,False,False,87.76,86.25089030419265,1.5091096958073535
2026,Monza,FP1,NOR,1,McLaren,4.0,1.0,MEDIUM,4.0,True,84.526,27.601,28.723,28.202,,1,True,False,True,0.0,5.0,31.01875,51.34125,False,True,False,False,False,False,84.526,86.25089030419265,-1.7248903041926553
2026,Monza,FP1,NOR,1,McLaren,6.0,1.0,MEDIUM,6.0,True,84.194,27.529,28.527,28.138,,1,True,False,True,0.0,5.0,31.01875,51.34125,False,True,False,False,False,False,84.194,86.25089030419265,-2.056890304192649
2026,Monza,FP1,NOR,1,McLaren,8.0,1.0,MEDIUM,8.0,True,83.719,27.434,28.37,27.915,,1,True,False,True,0.0,5.0,31.01875,51.34125,False,True,False,False,False,False,83.719,86.25089030419265,-2.5318903041926575
2026,Monza,FP1,NOR,1,McLaren,11.0,2.0,SOFT,2.0,True,84.621,27.441,28.283,28.897,,1,True,False,True,0.0,5.0,31.01875,51.34125,False,True,False,False,False,False,84.621,87.09927216173712,-2.4782721617371237
2026,Monza,FP1,NOR,1,McLaren,13.0,2.0,SOFT,4.0,True,84.024,27.501,28.383,28.14,,1,True,False,True,0.0,5.0,31.01875,51.34125,False,True,False,False,False,False,84.024,87.09927216173712,-3.075272161737118
2026,Monza,FP1,NOR,1,McLaren,16.0,3.0,MEDIUM,11.0,False,86.744,28.625,29.315,28.804,,1,True,False,True,0.0,5.0,31.01875,51.34125,False,True,False,False,False,False,86.744,86.25089030419265,0.4931096958073482
2026,Monza,FP1,NOR,1,McLaren,17.0,3.0,MEDIUM,12.0,False,86.305,28.446,29.263,28.596,,1,True,False,True,0.0,5.0,31.01875,51.34125,False,True,False,False,False,False,86.305,86.25089030419265,0.05410969580735525
2026,Monza,FP1,NOR,1,McLaren,18.0,3.0,MEDIUM,13.0,False,86.517,28.456,29.445,28.616,,1,True,False,True,0.0,5.0,31.01875,51.34125,False,True,False,False,False,False,86.517,86.25089030419265,0.26610969580734434
2026,Monza,FP1,NOR,1,McLaren,19.0,3.0,MEDIUM,14.0,False,87.06,29.005,29.642,28.413,,1,True,False,True,0.0,5.0,31.01875,51.34125,False,True,False,False,False,False,87.06,86.25089030419265,0.8091096958073507
2026,Monza,FP1,NOR,1,McLaren,20.0,3.0,MEDIUM,15.0,False,86.21,28.203,29.476,28.531,,1,True,False,True,0.0,5.0,31.01875,51.34125,False,True,False,False,False,False,86.21,86.25089030419265,-0.04089030419265782
2026,Monza,FP1,NOR,1,McLaren,21.0,3.0,MEDIUM,16.0,False,86.248,28.02,29.601,28.627,,1,True,False,True,0.0,5.0,31.01875,51.34125,False,True,False,False,False,False,86.248,86.25089030419265,-0.0028903041926469086
2026,Monza,FP1,NOR,1,McLaren,22.0,3.0,MEDIUM,17.0,False,86.954,28.552,29.574,28.828,,1,True,False,True,0.0,5.0,31.01875,51.34125,False,True,False,False,False,False,86.954,86.25089030419265,0.703109695807342
2026,Monza,FP1,NOR,1,McLaren,25.0,4.0,SOFT,7.0,False,114.774,33.198,37.384,44.192,,1,True,False,True,0.0,5.0,31.01875,51.34125,False,True,False,False,False,False,114.774,87.09927216173712,27.674727838262882
2026,Monza,FP1,BOR,5,Audi,4.0,2.0,MEDIUM,4.0,False,86.307,28.107,29.182,29.018,,1,True,False,True,0.0,5.0,31.01875,51.34125,False,True,False,False,False,False,86.307,86.25089030419265,0.05610969580735059
2026,Monza,FP1,BOR,5,Audi,8.0,3.0,MEDIUM,8.0,False,84.599,27.795,28.648,28.156,,1,True,False,True,0.0,5.0,31.01875,51.34125,False,True,False,False,False,False,84.599,86.25089030419265,-1.6518903041926478
2026,Monza,FP1,BOR,5,Audi,10.0,3.0,MEDIUM,10.0,False,85.296,27.982,28.743,28.571,,1,True,False,True,0.0,5.0,31.01875,51.34125,False,True,False,False,False,False,85.296,86.25089030419265,-0.9548903041926451
2026,Monza,FP1,BOR,5,Audi,13.0,4.0,SOFT,2.0,True,84.006,27.854,28.219,27.933,,1,True,False,True,0.0,5.0,31.01875,51.34125,False,True,False,False,False,False,84.006,87.09927216173712,-3.0932721617371186
2026,Monza,FP1,BOR,5,Audi,15.0,4.0,SOFT,4.0,True,86.497,28.591,29.211,28.695,,1,True,False,True,0.0,5.0,31.01875,51.34125,False,True,False,False,False,False,86.497,87.09927216173712,-0.602272161737119
2026,Monza,FP1,BOR,5,Audi,16.0,4.0,SOFT,5.0,True,85.963,28.689,29.052,28.222,,1,True,False,True,0.0,5.0,31.01875,51.34125,False,True,False,False,False,False,85.963,87.09927216173712,-1.136272161737125
2026,Monza,FP1,BOR,5,Audi,17.0,4.0,SOFT,6.0,True,86.392,28.471,29.373,28.548000000000002,,1,True,False,True,0.0,5.0,31.01875,51.34125,False,True,False,False,False,False,86.392,87.09927216173712,-0.7072721617371229
2026,Monza,FP1,BOR,5,Audi,18.0,4.0,SOFT,7.0,True,85.27,28.065,29.034,28.171,,1,True,False,True,0.0,5.0,31.01875,51.34125,False,True,False,False,False,False,85.27,87.09927216173712,-1.8292721617371228
2026,Monza,FP1,BOR,5,Audi,19.0,4.0,SOFT,8.0,True,85.38,27.937,29.049,28.394,,1,True,False,True,0.0,5.0,31.01875,51.34125,False,True,False,False,False,False,85.38,87.09927216173712,-1.7192721617371234
2026,Monza,FP1,ANT,12,Mercedes,3.0,1.0,MEDIUM,3.0,True,85.637,27.811,28.943,28.883,,1,True,False,True,0.0,5.0,31.01875,51.34125,False,True,False,False,False,False,85.637,86.25089030419265,-0.6138903041926511
2026,Monza,FP1,ANT,12,Mercedes,5.0,1.0,MEDIUM,5.0,True,84.515,27.348,28.604,28.563,,1,True,False,True,0.0,5.0,31.01875,51.34125,False,True,False,False,False,False,84.515,86.25089030419265,-1.735890304192651
2026,Monza,FP1,ANT,12,Mercedes,9.0,3.0,SOFT,3.0,False,83.644,27.277,28.205,28.162,,1,True,False,True,0.0,5.0,31.01875,51.34125,False,True,False,False,False,False,83.644,87.09927216173712,-3.4552721617371134
2026,Monza,FP1,ANT,12,Mercedes,12.0,4.0,MEDIUM,8.0,False,87.372,28.524,29.839,29.009,,1,True,False,True,0.0,5.0,31.01875,51.34125,False,True,False,False,False,False,87.372,86.25089030419265,1.1211096958073483
2026,Monza,FP1,ANT,12,Mercedes,13.0,4.0,MEDIUM,9.0,False,87.201,28.785,29.641,28.775,,1,True,False,True,0.0,5.0,31.01875,51.34125,False,True,False,False,False,False,87.201,86.25089030419265,0.9501096958073418
2026,Monza,FP1,ANT,12,Mercedes,14.0,4.0,MEDIUM,10.0,False,86.973,28.775,29.526,28.672,,1,True,False,True,0.0,5.0,31.01875,51.34125,False,True,False,False,False,False,86.973,86.25089030419265,0.7221096958073474
2026,Monza,FP1,ANT,12,Mercedes,15.0,4.0,MEDIUM,11.0,False,86.541,28.646,29.423,28.472,,1,True,False,True,0.0,5.0,31.01875,51.34125,False,True,False,False,False,False,86.541,86.25089030419265,0.29010969580734525
2026,Monza,FP1,ANT,12,Mercedes,16.0,4.0,MEDIUM,12.0,False,86.639,28.631,29.437,28.571,,1,True,False,True,0.0,5.0,31.01875,51.34125,False,True,False,False,False,False,86.639,86.25089030419265,0.3881096958073442
2026,Monza,FP1,ANT,12,Mercedes,17.0,4.0,MEDIUM,13.0,False,86.303,28.56,29.35,28.393,,1,True,False,True,0.0,5.0,31.01875,51.34125,False,True,False,False,False,False,86.303,86.25089030419265,0.0521096958073457
2026,Monza,FP1,ANT,12,Mercedes,18.0,4.0,MEDIUM,14.0,False,86.292,28.398,29.47,28.424,,1,True,False,True,0.0,5.0,31.01875,51.34125,False,True,False,False,False,False,86.292,86.25089030419265,0.04110969580735002
2026,Monza,FP1,ANT,12,Mercedes,19.0,4.0,MEDIUM,15.0,False,85.972,28.286,29.327,28.359,,1,True,False,True,0.0,5.0,31.01875,51.34125,False,True,False,False,False,False,85.972,86.25089030419265,-0.27889030419265737
2026,Monza,FP1,ANT,12,Mercedes,20.0,4.0,MEDIUM,16.0,False,86.21,28.377,29.506,28.327,,1,True,False,True,0.0,5.0,31.01875,51.34125,False,True,False,False,False,False,86.21,86.25089030419265,-0.04089030419265782
2026,Monza,FP1,ANT,12,Mercedes,21.0,4.0,MEDIUM,17.0,False,86.202,28.228,29.498,28.476,,1,True,False,True,0.0,5.0,31.01875,51.34125,False,True,False,False,False,False,86.202,86.25089030419265,-0.04889030419265339
2026,Monza,FP1,ANT,12,Mercedes,22.0,4.0,MEDIUM,18.0,False,85.821,28.277,29.297,28.247,,1,True,False,True,0.0,5.0,31.01875,51.34125,False,True,False,False,False,False,85.821,86.25089030419265,-0.4298903041926536
2026,Monza,FP1,ANT,12,Mercedes,23.0,4.0,MEDIUM,19.0,False,86.298,28.307,29.619,28.372,,1,True,False,True,0.0,5.0,31.01875,51.34125,False,True,False,False,False,False,86.298,86.25089030419265,0.04710969580735025
2026,Monza,FP1,ANT,12,Mercedes,26.0,5.0,SOFT,6.0,False,111.408,33.718,33.217,44.473,,1,True,False,True,0.0,5.0,31.01875,51.34125,False,True,False,False,False,False,111.408,87.09927216173712,24.308727838262882
2026,Monza,FP1,ALO,14,Aston Martin,2.0,1.0,HARD,2.0,True,100.083,31.898,36.568,31.617,,1,True,False,True,0.0,5.0,31.01875,51.34125,False,True,False,False,False,False,100.083,86.6662090637074,13.4167909362926
2026,Monza,FP1,ALO,14,Aston Martin,7.0,3.0,HARD,7.0,False,88.728,29.004,30.355,29.369,,1,True,False,True,0.0,5.0,31.01875,51.34125,False,True,False,False,False,False,88.728,86.6662090637074,2.0617909362925957
2026,Monza,FP1,ALO,14,Aston Martin,9.0,3.0,HARD,9.0,False,87.393,28.683,29.674,29.036,,1,True,False,True,0.0,5.0,31.01875,51.34125,False,True,False,False,False,False,87.393,86.6662090637074,0.7267909362926019
2026,Monza,FP1,ALO,14,Aston Martin,11.0,3.0,HARD,11.0,False,86.143,28.275,29.177,28.691,,1,True,False,True,0.0,5.0,31.01875,51.34125,False,True,False,False,False,False,86.143,86.6662090637074,-0.5232090637073981
2026,Monza,FP1,ALO,14,Aston Martin,14.0,4.0,MEDIUM,2.0,True,85.78,28.088,29.162,28.53,,1,True,False,True,0.0,5.0,31.01875,51.34125,False,True,False,False,False,False,85.78,86.25089030419265,-0.47089030419265043
2026,Monza,FP1,ALO,14,Aston Martin,17.0,5.0,MEDIUM,5.0,False,86.254,28.266,29.217,28.771,,1,True,False,True,0.0,5.0,31.01875,51.34125,False,True,False,False,False,False,86.254,86.25089030419265,0.0031096958073533187
2026,Monza,FP1,ALO,14,Aston Martin,19.0,5.0,MEDIUM,7.0,False,86.072,28.122,29.13,28.82,,1,True,False,True,0.0,5.0,31.01875,51.34125,False,True,False,False,False,False,86.072,86.25089030419265,-0.17889030419264884
2026,Monza,FP1,LEC,16,Ferrari,2.0,1.0,HARD,2.0,True,86.873,28.391,29.504,28.978,,1,True,False,True,0.0,5.0,31.01875,51.34125,False,True,False,False,False,False,86.873,86.6662090637074,0.20679093629260592
2026,Monza,FP1,LEC,16,Ferrari,4.0,1.0,HARD,4.0,True,84.482,27.76,28.541,28.181,,1,True,False,True,0.0,5.0,31.01875,51.34125,False,True,False,False,False,False,84.482,86.6662090637074,-2.1842090637073994
2026,Monza,FP1,LEC,16,Ferrari,6.0,1.0,HARD,6.0,True,93.906,27.831,31.041,35.034,,1,True,False,True,0.0,5.0,31.01875,51.34125,False,True,False,False,False,False,93.906,86.6662090637074,7.239790936292607
2026,Monza,FP1,LEC,16,Ferrari,9.0,1.0,HARD,9.0,True,84.023,27.525,28.414,28.084,,1,True,False,True,0.0,5.0,31.01875,51.34125,False,True,False,False,False,False,84.023,86.6662090637074,-2.6432090637074026
2026,Monza,FP1,LEC,16,Ferrari,12.0,2.0,MEDIUM,2.0,True,83.008,27.224,28.105,27.679,,1,True,False,True,0.0,5.0,31.01875,51.34125,False,True,False,False,False,False,83.008,86.25089030419265,-3.242890304192656
2026,Monza,FP1,LEC,16,Ferrari,14.0,2.0,MEDIUM,4.0,True,107.753,27.396,42.802,37.555,,1,True,False,True,0.0,5.0,31.01875,51.34125,False,True,False,False,False,False,107.753,86.25089030419265,21.50210969580735
2026,Monza,FP1,LEC,16,Ferrari,18.0,4.0,MEDIUM,8.0,False,86.923,28.273,29.877,28.773,,1,True,False,True,0.0,5.0,31.01875,51.34125,False,True,False,False,False,False,86.923,86.25089030419265,0.6721096958073502
2026,Monza,FP1,LEC,16,Ferrari,19.0,4.0,MEDIUM,9.0,False,86.429,28.58,29.335,28.514,,1,True,False,True,0.0,5.0,31.01875,51.34125,False,True,False,False,False,False,86.429,86.25089030419265,0.17810969580735048
2026,Monza,FP1,LEC,16,Ferrari,20.0,4.0,MEDIUM,10.0,False,86.705,28.803,29.379,28.523,,1,True,False,True,0.0,5.0,31.01875,51.34125,False,True,False,False,False,False,86.705,86.25089030419265,0.4541096958073467
2026,Monza,FP1,LEC,16,Ferrari,21.0,4.0,MEDIUM,11.0,False,86.962,28.657,29.735,28.57,,1,True,False,True,0.0,5.0,31.01875,51.34125,False,True,False,False,False,False,86.962,86.25089030419265,0.7111096958073517
2026,Monza,FP1,LEC,16,Ferrari,22.0,4.0,MEDIUM,12.0,False,86.425,28.609,29.381,28.435,,1,True,False,True,0.0,5.0,31.01875,51.34125,False,True,False,False,False,False,86.425,86.25089030419265,0.1741096958073456
2026,Monza,FP1,LEC,16,Ferrari,23.0,4.0,MEDIUM,13.0,False,86.636,28.408,29.998,28.23,,1,True,False,True,0.0,5.0,31.01875,51.34125,False,True,False,False,False,False,86.636,86.25089030419265,0.3851096958073441
2026,Monza,FP1,LEC,16,Ferrari,24.0,4.0,MEDIUM,14.0,False,86.405,27.667,29.947,28.791,,1,True,False,True,0.0,5.0,31.01875,51.34125,False,True,False,False,False,False,86.405,86.25089030419265,0.15410969580734957
2026,Monza,FP1,LEC,16,Ferrari,25.0,4.0,MEDIUM,15.0,False,86.282,28.463,29.365,28.454,,1,True,False,True,0.0,5.0,31.01875,51.34125,False,True,False,False,False,False,86.282,86.25089030419265,0.031109695807344906
2026,Monza,FP1,LEC,16,Ferrari,26.0,4.0,MEDIUM,16.0,False,85.936,27.939,29.432,28.565,,1,True,False,True,0.0,5.0,31.01875,51.34125,False,True,False,False,False,False,85.936,86.25089030419265,-0.3148903041926445
2026,Monza,FP1,LEC,16,Ferrari,27.0,4.0,MEDIUM,17.0,False,86.153,28.372,29.434,28.347,,1,True,False,True,0.0,5.0,31.01875,51.34125,False,True,False,False,False,False,86.153,86.25089030419265,-0.09789030419264577
2026,Monza,FP1,STR,18,Aston Martin,2.0,1.0,HARD,2.0,True,89.365,29.191,30.513,29.661,,1,True,False,True,0.0,5.0,31.01875,51.34125,False,True,False,False,False,False,89.365,86.6662090637074,2.698790936292596
2026,Monza,FP1,STR,18,Aston Martin,4.0,1.0,HARD,4.0,True,87.309,28.661,29.725,28.923000000000002,,1,True,False,True,0.0,5.0,31.01875,51.34125,False,True,False,False,False,False,87.309,86.6662090637074,0.6427909362925988
2026,Monza,FP1,STR,18,Aston Martin,6.0,1.0,HARD,6.0,True,87.329,28.677,29.533,29.119,,1,True,False,True,0.0,5.0,31.01875,51.34125,False,True,False,False,False,False,87.329,86.6662090637074,0.6627909362925948
2026,Monza,FP1,STR,18,Aston Martin,8.0,1.0,HARD,8.0,True,86.812,28.576,29.324,28.912,,1,True,False,True,0.0,5.0,31.01875,51.34125,False,True,False,False,False,False,86.812,86.6662090637074,0.14579093629259887
2026,Monza,FP1,STR,18,Aston Martin,11.0,2.0,MEDIUM,2.0,True,86.91,28.443,29.395,29.072,,1,True,False,True,0.0,5.0,31.01875,51.34125,False,True,False,False,False,False,86.91,86.25089030419265,0.659109695807345
2026,Monza,FP1,STR,18,Aston Martin,13.0,2.0,MEDIUM,4.0,True,86.197,28.402,29.109,28.686,,1,True,False,True,0.0,5.0,31.01875,51.34125,False,True,False,False,False,False,86.197,86.25089030419265,-0.05389030419264884
2026,Monza,FP1,STR,18,Aston Martin,15.0,2.0,MEDIUM,6.0,True,86.066,28.479,28.924,28.663,,1,True,False,True,0.0,5.0,31.01875,51.34125,False,True,False,False,False,False,86.066,86.25089030419265,-0.18489030419264907
2026,Monza,FP1,STR,18,Aston Martin,18.0,3.0,MEDIUM,9.0,False,86.117,28.375,29.131,28.611,,1,True,False,True,0.0,5.0,31.01875,51.34125,False,True,False,False,False,False,86.117,86.25089030419265,-0.13389030419264714
2026,Monza,FP1,STR,18,Aston Martin,20.0,3.0,MEDIUM,11.0,False,86.762,28.979,29.251,28.532,,1,True,False,True,0.0,5.0,31.01875,51.34125,False,True,False,False,False,False,86.762,86.25089030419265,0.5111096958073489
2026,Monza,FP1,STR,18,Aston Martin,21.0,3.0,MEDIUM,12.0,False,114.053,36.512,41.94,35.601,,1,True,False,True,0.0,5.0,31.01875,51.34125,False,True,False,False,False,False,114.053,86.25089030419265,27.802109695807346
2026,Monza,FP1,STR,18,Aston Martin,22.0,3.0,MEDIUM,13.0,False,113.036,28.533,30.862,53.641,,1,True,False,True,0.0,5.0,31.01875,51.34125,False,True,False,False,False,False,113.036,86.25089030419265,26.78510969580735
2026,Monza,FP1,TSU,22,Racing Bulls,2.0,1.0,HARD,2.0,True,86.518,28.181,29.569,28.768,,1,True,False,True,0.0,5.0,31.01875,51.34125,False,True,False,False,False,False,86.518,86.6662090637074,-0.14820906370739806
2026,Monza,FP1,TSU,22,Racing Bulls,4.0,1.0,HARD,4.0,True,85.142,27.909,29.001,28.232,,1,True,False,True,0.0,5.0,31.01875,51.34125,False,True,False,False,False,False,85.142,86.6662090637074,-1.5242090637074028
2026,Monza,FP1,TSU,22,Racing Bulls,6.0,1.0,HARD,6.0,True,85.399,27.783,28.767,28.849,,1,True,False,True,0.0,5.0,31.01875,51.34125,False,True,False,False,False,False,85.399,86.6662090637074,-1.2672090637073978
2026,Monza,FP1,TSU,22,Racing Bulls,8.0,1.0,HARD,8.0,True,84.739,27.79,28.758,28.191,,1,True,False,True,0.0,5.0,31.01875,51.34125,False,True,False,False,False,False,84.739,86.6662090637074,-1.9272090637073944
2026,Monza,FP1,TSU,22,Racing Bulls,11.0,2.0,MEDIUM,2.0,True,84.571,27.685,28.629,28.257,,1,True,False,True,0.0,5.0,31.01875,51.34125,False,True,False,False,False,False,84.571,86.25089030419265,-1.6798903041926536
2026,Monza,FP1,TSU,22,Racing Bulls,13.0,2.0,MEDIUM,4.0,True,117.015,28.03,50.953,38.032,,1,True,False,True,0.0,5.0,31.01875,51.34125,False,True,False,False,False,False,117.015,86.25089030419265,30.76410969580735
2026,Monza,FP1,TSU,22,Racing Bulls,14.0,2.0,MEDIUM,5.0,True,91.633,27.759,28.724,35.15,,1,True,False,True,0.0,5.0,31.01875,51.34125,False,True,False,False,False,False,91.633,86.25089030419265,5.382109695807344
2026,Monza,FP1,TSU,22,Racing Bulls,16.0,2.0,MEDIUM,7.0,True,118.84,37.755,41.327,39.758,,1,True,False,True,0.0,5.0,31.01875,51.34125,False,True,False,False,False,False,118.84,86.25089030419265,32.58910969580735
2026,Monza,FP1,TSU,22,Racing Bulls,17.0,2.0,MEDIUM,8.0,True,84.636,27.983,28.666,27.987,,1,True,False,True,0.0,5.0,31.01875,51.34125,False,True,False,False,False,False,84.636,86.25089030419265,-1.614890304192656
2026,Monza,FP1,TSU,22,Racing Bulls,20.0,3.0,HARD,11.0,False,92.473,30.709,30.695,31.069,,1,True,False,True,0.0,5.0,31.01875,51.34125,False,True,False,False,False,False,92.473,86.6662090637074,5.8067909362926
2026,Monza,FP1,TSU,22,Racing Bulls,21.0,3.0,HARD,12.0,False,87.729,29.071,29.859,28.799,,1,True,False,True,0.0,5.0,31.01875,51.34125,False,True,False,False,False,False,87.729,86.6662090637074,1.0627909362926005
2026,Monza,FP1,TSU,22,Racing Bulls,22.0,3.0,HARD,13.0,False,87.878,28.747,30.089,29.042,,1,True,False,True,0.0,5.0,31.01875,51.34125,False,True,False,False,False,False,87.878,86.6662090637074,1.2117909362926014
2026,Monza,FP1,TSU,22,Racing Bulls,25.0,4.0,MEDIUM,11.0,False,87.157,28.598,29.979,28.58,,1,True,False,True,0.0,5.0,31.01875,51.34125,False,True,False,False,False,False,87.157,86.25089030419265,0.9061096958073449
2026,Monza,FP1,HER,25,Cadillac,4.0,2.0,HARD,4.0,False,89.922,28.655,30.791,30.476,,1,True,False,True,0.0,5.0,31.01875,51.34125,False,True,False,False,False,False,89.922,86.6662090637074,3.2557909362925983
2026,Monza,FP1,HUL,27,Audi,3.0,2.0,HARD,3.0,False,86.337,28.45,29.068,28.819,,1,True,False,True,0.0,5.0,31.01875,51.34125,False,True,False,False,False,False,86.337,86.6662090637074,-0.32920906370739544
2026,Monza,FP1,HUL,27,Audi,5.0,2.0,HARD,5.0,False,85.926,28.191,28.93,28.805,,1,True,False,True,0.0,5.0,31.01875,51.34125,False,True,False,False,False,False,85.926,86.6662090637074,-0.7402090637073968
2026,Monza,FP1,HUL,27,Audi,9.0,3.0,HARD,9.0,False,84.924,27.742,28.868,28.314,,1,True,False,True,0.0,5.0,31.01875,51.34125,False,True,False,False,False,False,84.924,86.6662090637074,-1.7422090637073921
2026,Monza,FP1,HUL,27,Audi,12.0,4.0,SOFT,2.0,True,84.854,27.938,28.64,28.276,,1,True,False,True,0.0,5.0,31.01875,51.34125,False,True,False,False,False,False,84.854,87.09927216173712,-2.2452721617371196
2026,Monza,FP1,HUL,27,Audi,16.0,5.0,SOFT,6.0,False,84.626,28.079,28.373,28.174,,1,True,False,True,0.0,5.0,31.01875,51.34125,False,True,False,False,False,False,84.626,87.09927216173712,-2.473272161737114
2026,Monza,FP1,HUL,27,Audi,19.0,6.0,HARD,12.0,False,87.11,28.778,29.502,28.83,,1,True,False,True,0.0,5.0,31.01875,51.34125,False,True,False,False,False,False,87.11,86.6662090637074,0.4437909362926007
2026,Monza,FP1,HUL,27,Audi,20.0,6.0,HARD,13.0,False,87.755,28.871,29.829,29.055,,1,True,False,True,0.0,5.0,31.01875,51.34125,False,True,False,False,False,False,87.755,86.6662090637074,1.0887909362925967
2026,Monza,FP1,HUL,27,Audi,21.0,6.0,HARD,14.0,False,87.18,28.54,29.765,28.875,,1,True,False,True,0.0,5.0,31.01875,51.34125,False,True,False,False,False,False,87.18,86.6662090637074,0.5137909362926081
2026,Monza,FP1,HUL,27,Audi,22.0,6.0,HARD,15.0,False,87.698,28.778,29.88,29.04,,1,True,False,True,0.0,5.0,31.01875,51.34125,False,True,False,False,False,False,87.698,86.6662090637074,1.0317909362925946
2026,Monza,FP1,HUL,27,Audi,23.0,6.0,HARD,16.0,False,87.837,28.887,30.128,28.822,,1,True,False,True,0.0,5.0,31.01875,51.34125,False,True,False,False,False,False,87.837,86.6662090637074,1.1707909362926046
2026,Monza,FP1,HUL,27,Audi,24.0,6.0,HARD,17.0,False,87.089,28.341,29.806,28.942,,1,True,False,True,0.0,5.0,31.01875,51.34125,False,True,False,False,False,False,87.089,86.6662090637074,0.4227909362925999
2026,Monza,FP1,HUL,27,Audi,25.0,6.0,HARD,18.0,False,87.423,28.871,29.601,28.951,,1,True,False,True,0.0,5.0,31.01875,51.34125,False,True,False,False,False,False,87.423,86.6662090637074,0.7567909362926031
2026,Monza,FP1,LAW,30,Red Bull Racing,2.0,1.0,SOFT,2.0,True,85.785,28.206,29.183,28.396,,1,True,False,True,0.0,5.0,31.01875,51.34125,False,True,False,False,False,False,85.785,87.09927216173712,-1.3142721617371222
2026,Monza,FP1,LAW,30,Red Bull Racing,4.0,1.0,SOFT,4.0,True,84.383,27.842,28.7,27.841,,1,True,False,True,0.0,5.0,31.01875,51.34125,False,True,False,False,False,False,84.383,87.09927216173712,-2.7162721617371233
2026,Monza,FP1,LAW,30,Red Bull Racing,7.0,2.0,SOFT,7.0,False,84.196,27.743,28.615,27.838,,1,True,False,True,0.0,5.0,31.01875,51.34125,False,True,False,False,False,False,84.196,87.09927216173712,-2.903272161737121
2026,Monza,FP1,LAW,30,Red Bull Racing,10.0,3.0,SOFT,2.0,True,83.712,27.635,28.289,27.788,,1,True,False,True,0.0,5.0,31.01875,51.34125,False,True,False,False,False,False,83.712,87.09927216173712,-3.3872721617371155
2026,Monza,FP1,LAW,30,Red Bull Racing,13.0,3.0,SOFT,5.0,True,84.105,27.8,28.456,27.849,,1,True,False,True,0.0,5.0,31.01875,51.34125,False,True,False,False,False,False,84.105,87.09927216173712,-2.994272161737115
2026,Monza,FP1,LAW,30,Red Bull Racing,16.0,4.0,SOFT,8.0,False,83.796,27.591,28.396,27.809,,1,True,False,True,0.0,5.0,31.01875,51.34125,False,True,False,False,False,False,83.796,87.09927216173712,-3.3032721617371124
2026,Monza,FP1,LAW,30,Red Bull Racing,19.0,4.0,SOFT,11.0,False,83.433,27.543,28.222,27.668,,1,True,False,True,0.0,5.0,31.01875,51.34125,False,True,False,False,False,False,83.433,87.09927216173712,-3.666272161737112
2026,Monza,FP1,LAW,30,Red Bull Racing,22.0,5.0,SOFT,10.0,False,87.922,28.719,29.969,29.234,,1,True,False,True,0.0,5.0,31.01875,51.34125,False,True,False,False,False,False,87.922,87.09927216173712,0.8227278382628782
2026,Monza,FP1,LAW,30,Red Bull Racing,23.0,5.0,SOFT,11.0,False,86.681,28.141,29.871,28.669,,1,True,False,True,0.0,5.0,31.01875,51.34125,False,True,False,False,False,False,86.681,87.09927216173712,-0.41827216173712145
2026,Monza,FP1,LAW,30,Red Bull Racing,24.0,5.0,SOFT,12.0,False,87.069,28.455,29.93,28.684,,1,True,False,True,0.0,5.0,31.01875,51.34125,False,True,False,False,False,False,87.069,87.09927216173712,-0.03027216173711622
2026,Monza,FP1,OCO,31,Haas F1 Team,2.0,1.0,HARD,2.0,True,90.541,29.203,30.963,30.375,,1,True,False,True,0.0,5.0,31.01875,51.34125,False,True,False,False,False,False,90.541,86.6662090637074,3.874790936292598
2026,Monza,FP1,OCO,31,Haas F1 Team,5.0,2.0,HARD,5.0,False,87.026,28.259,29.546,29.221,,1,True,False,True,0.0,5.0,31.01875,51.34125,False,True,False,False,False,False,87.026,86.6662090637074,0.3597909362925975
2026,Monza,FP1,OCO,31,Haas F1 Team,9.0,3.0,HARD,9.0,False,86.096,28.092,29.234,28.77,,1,True,False,True,0.0,5.0,31.01875,51.34125,False,True,False,False,False,False,86.096,86.6662090637074,-0.5702090637073951
2026,Monza,FP1,OCO,31,Haas F1 Team,11.0,3.0,HARD,11.0,False,85.852,28.04,29.051,28.761,,1,True,False,True,0.0,5.0,31.01875,51.34125,False,True,False,False,False,False,85.852,86.6662090637074,-0.8142090637073949
2026,Monza,FP1,OCO,31,Haas F1 Team,15.0,4.0,SOFT,3.0,True,86.857,28.944,29.421,28.492,,1,True,False,True,0.0,5.0,31.01875,51.34125,False,True,False,False,False,False,86.857,87.09927216173712,-0.24227216173711952
2026,Monza,FP1,OCO,31,Haas F1 Team,18.0,5.0,SOFT,6.0,False,86.039,28.377,28.901,28.761,,1,True,False,True,0.0,5.0,31.01875,51.34125,False,True,False,False,False,False,86.039,87.09927216173712,-1.0602721617371174
2026,Monza,FP1,OCO,31,Haas F1 Team,21.0,6.0,HARD,14.0,False,87.553,28.486,30.07,28.997,,1,True,False,True,0.0,5.0,31.01875,51.34125,False,True,False,False,False,False,87.553,86.6662090637074,0.8867909362925985
2026,Monza,FP1,OCO,31,Haas F1 Team,22.0,6.0,HARD,15.0,False,87.636,28.837,29.99,28.809,,1,True,False,True,0.0,5.0,31.01875,51.34125,False,True,False,False,False,False,87.636,86.6662090637074,0.9697909362925969
2026,Monza,FP1,OCO,31,Haas F1 Team,23.0,6.0,HARD,16.0,False,87.506,28.876,29.864,28.766,,1,True,False,True,0.0,5.0,31.01875,51.34125,False,True,False,False,False,False,87.506,86.6662090637074,0.8397909362926015
2026,Monza,FP1,OCO,31,Haas F1 Team,24.0,6.0,HARD,17.0,False,87.147,28.56,29.834,28.753,,1,True,False,True,0.0,5.0,31.01875,51.34125,False,True,False,False,False,False,87.147,86.6662090637074,0.48079093629260683
2026,Monza,FP1,IWA,36,Red Bull Racing,2.0,1.0,HARD,2.0,True,94.202,29.686,32.648,31.868,,1,True,False,True,0.0,5.0,31.01875,51.34125,False,True,False,False,False,False,94.202,86.6662090637074,7.535790936292599
2026,Monza,FP1,IWA,36,Red Bull Racing,3.0,1.0,HARD,3.0,True,97.393,29.494,35.437,32.462,,1,True,False,True,0.0,5.0,31.01875,51.34125,False,True,False,False,False,False,97.393,86.6662090637074,10.726790936292602
2026,Monza,FP1,IWA,36,Red Bull Racing,6.0,2.0,HARD,6.0,False,98.109,30.393,36.917,30.799,,1,True,False,True,0.0,5.0,31.01875,51.34125,False,True,False,False,False,False,98.109,86.6662090637074,11.442790936292596
2026,Monza,FP1,IWA,36,Red Bull Racing,7.0,2.0,HARD,7.0,False,90.69,29.257,31.2,30.233,,1,True,False,True,0.0,5.0,31.01875,51.34125,False,True,False,False,False,False,90.69,86.6662090637074,4.023790936292599
2026,Monza,FP1,IWA,36,Red Bull Racing,10.0,3.0,HARD,10.0,False,88.433,28.037,30.513,29.883,,1,True,False,True,0.0,5.0,31.01875,51.34125,False,True,False,False,False,False,88.433,86.6662090637074,1.7667909362926082
2026,Monza,FP1,IWA,36,Red Bull Racing,12.0,3.0,HARD,12.0,False,86.813,28.326,29.275,29.212,,1,True,False,True,0.0,5.0,31.01875,51.34125,False,True,False,False,False,False,86.813,86.6662090637074,0.14679093629260365
2026,Monza,FP1,IWA,36,Red Bull Racing,14.0,3.0,HARD,14.0,False,85.248,27.844,28.853,28.551,,1,True,False,True,0.0,5.0,31.01875,51.34125,False,True,False,False,False,False,85.248,86.6662090637074,-1.418209063707394
2026,Monza,FP1,IWA,36,Red Bull Racing,17.0,4.0,SOFT,2.0,True,84.873,27.768,28.786,28.319,,1,True,False,True,0.0,5.0,31.01875,51.34125,False,True,False,False,False,False,84.873,87.09927216173712,-2.226272161737114
2026,Monza,FP1,IWA,36,Red Bull Racing,21.0,4.0,SOFT,6.0,True,84.875,27.868,28.798000000000002,28.209,,1,True,False,True,0.0,5.0,31.01875,51.34125,False,True,False,False,False,False,84.875,87.09927216173712,-2.224272161737119
2026,Monza,FP1,IWA,36,Red Bull Racing,22.0,4.0,SOFT,7.0,True,88.809,28.925,30.086,29.798000000000002,,1,True,False,True,0.0,5.0,31.01875,51.34125,False,True,False,False,False,False,88.809,87.09927216173712,1.7097278382628787
2026,Monza,FP1,IWA,36,Red Bull Racing,23.0,4.0,SOFT,8.0,True,86.941,28.246,29.845,28.85,,1,True,False,True,0.0,5.0,31.01875,51.34125,False,True,False,False,False,False,86.941,87.09927216173712,-0.15827216173711633
2026,Monza,FP1,LIN,41,Racing Bulls,3.0,1.0,HARD,3.0,True,86.083,28.184,29.359,28.54,,1,True,False,True,0.0,5.0,31.01875,51.34125,False,True,False,False,False,False,86.083,86.6662090637074,-0.5832090637074003
2026,Monza,FP1,LIN,41,Racing Bulls,5.0,1.0,HARD,5.0,True,84.746,27.81,28.82,28.116,,1,True,False,True,0.0,5.0,31.01875,51.34125,False,True,False,False,False,False,84.746,86.6662090637074,-1.9202090637074036
2026,Monza,FP1,LIN,41,Racing Bulls,7.0,1.0,HARD,7.0,True,85.477,27.763,29.008,28.706,,1,True,False,True,0.0,5.0,31.01875,51.34125,False,True,False,False,False,False,85.477,86.6662090637074,-1.1892090637073949
2026,Monza,FP1,LIN,41,Racing Bulls,9.0,1.0,HARD,9.0,True,84.399,27.842,28.726,27.831,,1,True,False,True,0.0,5.0,31.01875,51.34125,False,True,False,False,False,False,84.399,86.6662090637074,-2.267209063707398
2026,Monza,FP1,LIN,41,Racing Bulls,12.0,2.0,MEDIUM,2.0,True,83.802,27.558,28.344,27.9,,1,True,False,True,0.0,5.0,31.01875,51.34125,False,True,False,False,False,False,83.802,86.25089030419265,-2.448890304192645
2026,Monza,FP1,LIN,41,Racing Bulls,15.0,2.0,MEDIUM,5.0,True,84.299,27.6,28.671,28.028,,1,True,False,True,0.0,5.0,31.01875,51.34125,False,True,False,False,False,False,84.299,86.25089030419265,-1.951890304192645
2026,Monza,FP1,LIN,41,Racing Bulls,16.0,2.0,MEDIUM,6.0,True,120.882,39.946,42.779,38.157,,1,True,False,True,0.0,5.0,31.01875,51.34125,False,True,False,False,False,False,120.882,86.25089030419265,34.63110969580735
2026,Monza,FP1,LIN,41,Racing Bulls,19.0,3.0,HARD,12.0,False,88.435,29.441,30.114,28.88,,1,True,False,True,0.0,5.0,31.01875,51.34125,False,True,False,False,False,False,88.435,86.6662090637074,1.7687909362926035
2026,Monza,FP1,LIN,41,Racing Bulls,20.0,3.0,HARD,13.0,False,87.61,28.859,29.911,28.84,,1,True,False,True,0.0,5.0,31.01875,51.34125,False,True,False,False,False,False,87.61,86.6662090637074,0.9437909362926007
2026,Monza,FP1,LIN,41,Racing Bulls,21.0,3.0,HARD,14.0,False,87.203,28.677,29.835,28.691,,1,True,False,True,0.0,5.0,31.01875,51.34125,False,True,False,False,False,False,87.203,86.6662090637074,0.5367909362926042
2026,Monza,FP1,LIN,41,Racing Bulls,22.0,3.0,HARD,15.0,False,87.518,28.932,29.987,28.599,,1,True,False,True,0.0,5.0,31.01875,51.34125,False,True,False,False,False,False,87.518,86.6662090637074,0.8517909362926019
2026,Monza,FP1,LIN,41,Racing Bulls,23.0,3.0,HARD,16.0,False,87.489,28.766,30.055,28.668,,1,True,False,True,0.0,5.0,31.01875,51.34125,False,True,False,False,False,False,87.489,86.6662090637074,0.8227909362926056
2026,Monza,FP1,LIN,41,Racing Bulls,26.0,4.0,MEDIUM,9.0,False,88.232,29.165,30.335,28.732,,1,True,False,True,0.0,5.0,31.01875,51.34125,False,True,False,False,False,False,88.232,86.25089030419265,1.9811096958073477
2026,Monza,FP1,LIN,41,Racing Bulls,27.0,4.0,MEDIUM,10.0,False,87.289,28.659,30.246,28.384,,1,True,False,True,0.0,5.0,31.01875,51.34125,False,True,False,False,False,False,87.289,86.25089030419265,1.03810969580735
2026,Monza,FP1,COL,43,Alpine,2.0,1.0,MEDIUM,2.0,True,86.628,27.65,29.407,29.571,,1,True,False,True,0.0,5.0,31.01875,51.34125,False,True,False,False,False,False,86.628,86.25089030419265,0.37710969580734854
2026,Monza,FP1,COL,43,Alpine,4.0,1.0,MEDIUM,4.0,True,85.305,27.498,28.986,28.821,,1,True,False,True,0.0,5.0,31.01875,51.34125,False,True,False,False,False,False,85.305,86.25089030419265,-0.9458903041926447
2026,Monza,FP1,COL,43,Alpine,6.0,1.0,MEDIUM,6.0,True,84.714,27.404,28.692,28.618,,1,True,False,True,0.0,5.0,31.01875,51.34125,False,True,False,False,False,False,84.714,86.25089030419265,-1.536890304192653
2026,Monza,FP1,COL,43,Alpine,8.0,1.0,MEDIUM,8.0,True,84.028,27.31,28.548000000000002,28.17,,1,True,False,True,0.0,5.0,31.01875,51.34125,False,True,False,False,False,False,84.028,86.25089030419265,-2.2228903041926458
2026,Monza,FP1,COL,43,Alpine,12.0,2.0,SOFT,3.0,True,126.151,34.85,53.255,38.046,,1,True,False,True,0.0,5.0,31.01875,51.34125,False,True,False,False,False,False,126.151,87.09927216173712,39.05172783826288
2026,Monza,FP1,COL,43,Alpine,13.0,2.0,SOFT,4.0,True,87.823,27.26,28.264,32.299,,1,True,False,True,0.0,5.0,31.01875,51.34125,False,True,False,False,False,False,87.823,87.09927216173712,0.7237278382628745
2026,Monza,FP1,COL,43,Alpine,17.0,3.0,MEDIUM,11.0,False,88.274,28.777,30.017,29.48,,1,True,False,True,0.0,5.0,31.01875,51.34125,False,True,False,False,False,False,88.274,86.25089030419265,2.0231096958073493
2026,Monza,FP1,COL,43,Alpine,18.0,3.0,MEDIUM,12.0,False,87.853,28.801,30.148,28.904,,1,True,False,True,0.0,5.0,31.01875,51.34125,False,True,False,False,False,False,87.853,86.25089030419265,1.6021096958073429
2026,Monza,FP1,COL,43,Alpine,19.0,3.0,MEDIUM,13.0,False,87.192,28.718,29.71,28.764,,1,True,False,True,0.0,5.0,31.01875,51.34125,False,True,False,False,False,False,87.192,86.25089030419265,0.9411096958073415
2026,Monza,FP1,COL,43,Alpine,20.0,3.0,MEDIUM,14.0,False,87.091,28.53,29.819,28.742,,1,True,False,True,0.0,5.0,31.01875,51.34125,False,True,False,False,False,False,87.091,86.25089030419265,0.8401096958073424
2026,Monza,FP1,COL,43,Alpine,21.0,3.0,MEDIUM,15.0,False,87.115,28.474,29.791,28.85,,1,True,False,True,0.0,5.0,31.01875,51.34125,False,True,False,False,False,False,87.115,86.25089030419265,0.8641096958073433
2026,Monza,FP1,COL,43,Alpine,22.0,3.0,MEDIUM,16.0,False,86.73,28.296,29.705,28.729,,1,True,False,True,0.0,5.0,31.01875,51.34125,False,True,False,False,False,False,86.73,86.25089030419265,0.4791096958073524
2026,Monza,FP1,COL,43,Alpine,23.0,3.0,MEDIUM,17.0,False,86.92,28.433,29.696,28.791,,1,True,False,True,0.0,5.0,31.01875,51.34125,False,True,False,False,False,False,86.92,86.25089030419265,0.6691096958073501
2026,Monza,FP1,COL,43,Alpine,24.0,3.0,MEDIUM,18.0,False,86.728,28.276,29.732,28.72,,1,True,False,True,0.0,5.0,31.01875,51.34125,False,True,False,False,False,False,86.728,86.25089030419265,0.47710969580734286
2026,Monza,FP1,COL,43,Alpine,25.0,3.0,MEDIUM,19.0,False,86.449,28.229,29.64,28.58,,1,True,False,True,0.0,5.0,31.01875,51.34125,False,True,False,False,False,False,86.449,86.25089030419265,0.1981096958073465
2026,Monza,FP1,HAM,44,Ferrari,2.0,1.0,HARD,2.0,True,86.748,28.473,29.408,28.867,,1,True,False,True,0.0,5.0,31.01875,51.34125,False,True,False,False,False,False,86.748,86.6662090637074,0.08179093629260592
2026,Monza,FP1,HAM,44,Ferrari,4.0,1.0,HARD,4.0,True,85.743,27.91,28.951999999999998,28.881,,1,True,False,True,0.0,5.0,31.01875,51.34125,False,True,False,False,False,False,85.743,86.6662090637074,-0.9232090637074037
2026,Monza,FP1,HAM,44,Ferrari,6.0,1.0,HARD,6.0,True,84.291,27.795,28.526,27.97,,1,True,False,True,0.0,5.0,31.01875,51.34125,False,True,False,False,False,False,84.291,86.6662090637074,-2.375209063707402
2026,Monza,FP1,HAM,44,Ferrari,8.0,1.0,HARD,8.0,True,83.891,27.668,28.448,27.775,,1,True,False,True,0.0,5.0,31.01875,51.34125,False,True,False,False,False,False,83.891,86.6662090637074,-2.7752090637073934
2026,Monza,FP1,HAM,44,Ferrari,11.0,2.0,MEDIUM,2.0,True,113.398,34.328,44.195,34.875,,1,True,False,True,0.0,5.0,31.01875,51.34125,False,True,False,False,False,False,113.398,86.25089030419265,27.147109695807345
2026,Monza,FP1,HAM,44,Ferrari,12.0,2.0,MEDIUM,3.0,True,117.21,32.744,46.845,37.621,,1,True,False,True,0.0,5.0,31.01875,51.34125,False,True,False,False,False,False,117.21,86.25089030419265,30.959109695807342
2026,Monza,FP1,HAM,44,Ferrari,13.0,2.0,MEDIUM,4.0,True,83.561,27.359,28.39,27.812,,1,True,False,True,0.0,5.0,31.01875,51.34125,False,True,False,False,False,False,83.561,86.25089030419265,-2.6898903041926445
2026,Monza,FP1,HAM,44,Ferrari,17.0,3.0,MEDIUM,8.0,False,104.974,33.934,40.125,30.915,,1,True,False,True,0.0,5.0,31.01875,51.34125,False,True,False,False,False,False,104.974,86.25089030419265,18.723109695807352
2026,Monza,FP1,HAM,44,Ferrari,18.0,3.0,MEDIUM,9.0,False,83.181,27.345,28.245,27.591,,1,True,False,True,0.0,5.0,31.01875,51.34125,False,True,False,False,False,False,83.181,86.25089030419265,-3.069890304192654
2026,Monza,FP1,HAM,44,Ferrari,21.0,4.0,MEDIUM,12.0,False,87.793,29.524,29.826,28.443,,1,True,False,True,0.0,5.0,31.01875,51.34125,False,True,False,False,False,False,87.793,86.25089030419265,1.5421096958073548
2026,Monza,FP1,HAM,44,Ferrari,22.0,4.0,MEDIUM,13.0,False,86.88,28.865,29.588,28.427,,1,True,False,True,0.0,5.0,31.01875,51.34125,False,True,False,False,False,False,86.88,86.25089030419265,0.6291096958073439
2026,Monza,FP1,HAM,44,Ferrari,23.0,4.0,MEDIUM,14.0,False,88.776,28.73,31.337,28.709,,1,True,False,True,0.0,5.0,31.01875,51.34125,False,True,False,False,False,False,88.776,86.25089030419265,2.5251096958073447
2026,Monza,FP1,HAM,44,Ferrari,24.0,4.0,MEDIUM,15.0,False,87.946,28.67,30.691,28.585,,1,True,False,True,0.0,5.0,31.01875,51.34125,False,True,False,False,False,False,87.946,86.25089030419265,1.6951096958073464
2026,Monza,FP1,BRO,46,Williams,4.0,2.0,HARD,4.0,False,89.296,29.558,29.484,30.254,,1,True,False,True,0.0,5.0,31.01875,51.34125,False,True,False,False,False,False,89.296,86.6662090637074,2.6297909362926077
2026,Monza,FP1,BRO,46,Williams,10.0,3.0,HARD,10.0,False,86.093,27.751,29.21,29.132,,1,True,False,True,0.0,5.0,31.01875,51.34125,False,True,False,False,False,False,86.093,86.6662090637074,-0.5732090637073952
2026,Monza,FP1,BRO,46,Williams,12.0,3.0,HARD,12.0,False,85.62,27.52,29.02,29.08,,1,True,False,True,0.0,5.0,31.01875,51.34125,False,True,False,False,False,False,85.62,86.6662090637074,-1.0462090637073942
2026,Monza,FP1,BRO,46,Williams,15.0,4.0,SOFT,2.0,True,100.571,27.897,37.957,34.717,,1,True,False,True,0.0,5.0,31.01875,51.34125,False,True,False,False,False,False,100.571,87.09927216173712,13.47172783826288
2026,Monza,FP1,BRO,46,Williams,16.0,4.0,SOFT,3.0,True,85.339,27.517,28.933,28.889,,1,True,False,True,0.0,5.0,31.01875,51.34125,False,True,False,False,False,False,85.339,87.09927216173712,-1.7602721617371202
2026,Monza,FP1,BRO,46,Williams,19.0,4.0,SOFT,6.0,True,84.74,27.418,28.77,28.552,,1,True,False,True,0.0,5.0,31.01875,51.34125,False,True,False,False,False,False,84.74,87.09927216173712,-2.359272161737124
2026,Monza,FP1,BRO,46,Williams,21.0,4.0,SOFT,8.0,True,100.494,33.821,34.344,32.329,,1,True,False,True,0.0,5.0,31.01875,51.34125,False,True,False,False,False,False,100.494,87.09927216173712,13.394727838262881
2026,Monza,FP1,BRO,46,Williams,22.0,4.0,SOFT,9.0,True,85.073,27.263,29.044,28.766,,1,True,False,True,0.0,5.0,31.01875,51.34125,False,True,False,False,False,False,85.073,87.09927216173712,-2.0262721617371255
2026,Monza,FP1,BRO,46,Williams,24.0,4.0,SOFT,11.0,True,84.803,27.234,28.957,28.612,,1,True,False,True,0.0,5.0,31.01875,51.34125,False,True,False,False,False,False,84.803,87.09927216173712,-2.2962721617371216
2026,Monza,FP1,SAI,55,Williams,2.0,1.0,HARD,2.0,True,87.205,27.95,29.473,29.782,,1,True,False,True,0.0,5.0,31.01875,51.34125,False,True,False,False,False,False,87.205,86.6662090637074,0.5387909362925996
2026,Monza,FP1,SAI,55,Williams,4.0,1.0,HARD,4.0,True,86.187,27.678,29.124,29.385,,1,True,False,True,0.0,5.0,31.01875,51.34125,False,True,False,False,False,False,86.187,86.6662090637074,-0.47920906370740113
2026,Monza,FP1,SAI,55,Williams,8.0,2.0,HARD,8.0,False,85.487,27.461,28.886,29.14,,1,True,False,True,0.0,5.0,31.01875,51.34125,False,True,False,False,False,False,85.487,86.6662090637074,-1.179209063707404
2026,Monza,FP1,SAI,55,Williams,12.0,3.0,MEDIUM,2.0,True,84.903,27.315,28.914,28.674,,1,True,False,True,0.0,5.0,31.01875,51.34125,False,True,False,False,False,False,84.903,86.25089030419265,-1.3478903041926458
2026,Monza,FP1,SAI,55,Williams,14.0,3.0,MEDIUM,4.0,True,85.043,27.357,28.967,28.719,,1,True,False,True,0.0,5.0,31.01875,51.34125,False,True,False,False,False,False,85.043,86.25089030419265,-1.2078903041926452
2026,Monza,FP1,SAI,55,Williams,16.0,3.0,MEDIUM,6.0,True,84.827,27.561,28.744,28.522,,1,True,False,True,0.0,5.0,31.01875,51.34125,False,True,False,False,False,False,84.827,86.25089030419265,-1.4238903041926534
2026,Monza,FP1,SAI,55,Williams,20.0,4.0,MEDIUM,10.0,False,85.87,27.966,29.126,28.778,,1,True,False,True,0.0,5.0,31.01875,51.34125,False,True,False,False,False,False,85.87,86.25089030419265,-0.380890304192647
2026,Monza,FP1,SAI,55,Williams,21.0,4.0,MEDIUM,11.0,False,86.212,28.293,29.289,28.63,,1,True,False,True,0.0,5.0,31.01875,51.34125,False,True,False,False,False,False,86.212,86.25089030419265,-0.03889030419264827
2026,Monza,FP1,SAI,55,Williams,22.0,4.0,MEDIUM,12.0,False,86.709,28.087,29.409,29.213,,1,True,False,True,0.0,5.0,31.01875,51.34125,False,True,False,False,False,False,86.709,86.25089030419265,0.4581096958073516
2026,Monza,FP1,SAI,55,Williams,23.0,4.0,MEDIUM,13.0,False,86.373,28.302,29.282,28.789,,1,True,False,True,0.0,5.0,31.01875,51.34125,False,True,False,False,False,False,86.373,86.25089030419265,0.12210969580735309
2026,Monza,FP1,ARO,61,Alpine,7.0,4.0,MEDIUM,7.0,False,85.081,27.515,28.847,28.719,,1,True,False,True,0.0,5.0,31.01875,51.34125,False,True,False,False,False,False,85.081,86.25089030419265,-1.1698903041926485
2026,Monza,FP1,ARO,61,Alpine,9.0,4.0,MEDIUM,9.0,False,84.979,27.55,28.869,28.56,,1,True,False,True,0.0,5.0,31.01875,51.34125,False,True,False,False,False,False,84.979,86.25089030419265,-1.2718903041926524
2026,Monza,FP1,ARO,61,Alpine,11.0,4.0,MEDIUM,11.0,False,84.894,27.32,28.7,28.874,,1,True,False,True,0.0,5.0,31.01875,51.34125,False,True,False,False,False,False,84.894,86.25089030419265,-1.3568903041926461
2026,Monza,FP1,ARO,61,Alpine,14.0,5.0,SOFT,2.0,True,84.766,27.411,28.66,28.695,,1,True,False,True,0.0,5.0,31.01875,51.34125,False,True,False,False,False,False,84.766,87.09927216173712,-2.3332721617371135
2026,Monza,FP1,ARO,61,Alpine,17.0,6.0,SOFT,5.0,False,84.479,27.359,28.652,28.468,,1,True,False,True,0.0,5.0,31.01875,51.34125,False,True,False,False,False,False,84.479,87.09927216173712,-2.6202721617371196
2026,Monza,FP1,ARO,61,Alpine,20.0,7.0,SOFT,8.0,False,115.852,32.081,47.427,36.344,,1,True,False,True,0.0,5.0,31.01875,51.34125,False,True,False,False,False,False,115.852,87.09927216173712,28.752727838262885
2026,Monza,FP1,ARO,61,Alpine,21.0,7.0,SOFT,9.0,False,84.177,27.272,28.432,28.473,,1,True,False,True,0.0,5.0,31.01875,51.34125,False,True,False,False,False,False,84.177,87.09927216173712,-2.922272161737112
2026,Monza,FP1,RUS,63,Mercedes,2.0,1.0,MEDIUM,2.0,True,85.259,27.499,28.909,28.851,,1,True,False,True,0.0,5.0,31.01875,51.34125,False,True,False,False,False,False,85.259,86.25089030419265,-0.9918903041926512
2026,Monza,FP1,RUS,63,Mercedes,5.0,1.0,MEDIUM,5.0,True,84.57,27.624,28.615,28.331,,1,True,False,True,0.0,5.0,31.01875,51.34125,False,True,False,False,False,False,84.57,86.25089030419265,-1.6808903041926584
2026,Monza,FP1,RUS,63,Mercedes,7.0,1.0,MEDIUM,7.0,True,83.802,27.376,28.286,28.14,,1,True,False,True,0.0,5.0,31.01875,51.34125,False,True,False,False,False,False,83.802,86.25089030419265,-2.448890304192645
2026,Monza,FP1,RUS,63,Mercedes,10.0,2.0,SOFT,2.0,True,83.312,27.39,28.011,27.911,,1,True,False,True,0.0,5.0,31.01875,51.34125,False,True,False,False,False,False,83.312,87.09927216173712,-3.7872721617371212
2026,Monza,FP1,RUS,63,Mercedes,13.0,3.0,SOFT,5.0,False,83.519,27.337,28.166,28.016,,1,True,False,True,0.0,5.0,31.01875,51.34125,False,True,False,False,False,False,83.519,87.09927216173712,-3.5802721617371134
2026,Monza,FP1,RUS,63,Mercedes,16.0,4.0,MEDIUM,10.0,False,86.925,28.651,29.654,28.62,,1,True,False,True,0.0,5.0,31.01875,51.34125,False,True,False,False,False,False,86.925,86.25089030419265,0.6741096958073456
2026,Monza,FP1,RUS,63,Mercedes,17.0,4.0,MEDIUM,11.0,False,86.595,28.696,29.329,28.57,,1,True,False,True,0.0,5.0,31.01875,51.34125,False,True,False,False,False,False,86.595,86.25089030419265,0.3441096958073473
2026,Monza,FP1,RUS,63,Mercedes,18.0,4.0,MEDIUM,12.0,False,86.494,28.653,29.338,28.503,,1,True,False,True,0.0,5.0,31.01875,51.34125,False,True,False,False,False,False,86.494,86.25089030419265,0.2431096958073482
2026,Monza,FP1,RUS,63,Mercedes,19.0,4.0,MEDIUM,13.0,False,86.574,28.813,29.386,28.375,,1,True,False,True,0.0,5.0,31.01875,51.34125,False,True,False,False,False,False,86.574,86.25089030419265,0.3231096958073465
2026,Monza,FP1,RUS,63,Mercedes,20.0,4.0,MEDIUM,14.0,False,86.223,28.569,29.315,28.339,,1,True,False,True,0.0,5.0,31.01875,51.34125,False,True,False,False,False,False,86.223,86.25089030419265,-0.027890304192652593
2026,Monza,FP1,RUS,63,Mercedes,21.0,4.0,MEDIUM,15.0,False,86.335,28.58,29.293,28.462,,1,True,False,True,0.0,5.0,31.01875,51.34125,False,True,False,False,False,False,86.335,86.25089030419265,0.08410969580734218
2026,Monza,FP1,RUS,63,Mercedes,22.0,4.0,MEDIUM,16.0,False,86.35,28.672,29.336,28.342,,1,True,False,True,0.0,5.0,31.01875,51.34125,False,True,False,False,False,False,86.35,86.25089030419265,0.09910969580734275
2026,Monza,FP1,RUS,63,Mercedes,23.0,4.0,MEDIUM,17.0,False,86.556,28.754,29.458,28.344,,1,True,False,True,0.0,5.0,31.01875,51.34125,False,True,False,False,False,False,86.556,86.25089030419265,0.3051096958073458
2026,Monza,FP1,RUS,63,Mercedes,26.0,5.0,SOFT,8.0,False,140.626,33.28,45.575,61.771,,1,True,False,True,0.0,5.0,31.01875,51.34125,False,True,False,False,False,False,140.626,87.09927216173712,53.526727838262886
2026,Monza,FP1,BOT,77,Cadillac,2.0,1.0,HARD,2.0,True,89.576,28.792,30.529,30.255,,1,True,False,True,0.0,5.0,31.01875,51.34125,False,True,False,False,False,False,89.576,86.6662090637074,2.9097909362925947
2026,Monza,FP1,BOT,77,Cadillac,4.0,1.0,HARD,4.0,True,87.67,28.512,29.756,29.402,,1,True,False,True,0.0,5.0,31.01875,51.34125,False,True,False,False,False,False,87.67,86.6662090637074,1.003790936292603
2026,Monza,FP1,BOT,77,Cadillac,6.0,1.0,HARD,6.0,True,87.218,28.419,29.522,29.277,,1,True,False,True,0.0,5.0,31.01875,51.34125,False,True,False,False,False,False,87.218,86.6662090637074,0.5517909362926048
2026,Monza,FP1,BOT,77,Cadillac,9.0,1.0,HARD,9.0,True,86.483,28.08,29.29,29.113,,1,True,False,True,0.0,5.0,31.01875,51.34125,False,True,False,False,False,False,86.483,86.6662090637074,-0.18320906370739465
2026,Monza,FP1,BOT,77,Cadillac,12.0,2.0,MEDIUM,2.0,True,86.009,27.909,29.171,28.929,,1,True,False,True,0.0,5.0,31.01875,51.34125,False,True,False,False,False,False,86.009,86.25089030419265,-0.24189030419265123
2026,Monza,FP1,BOT,77,Cadillac,14.0,2.0,MEDIUM,4.0,True,86.059,28.015,29.091,28.953,,1,True,False,True,0.0,5.0,31.01875,51.34125,False,True,False,False,False,False,86.059,86.25089030419265,-0.19189030419265407
2026,Monza,FP1,BOT,77,Cadillac,16.0,2.0,MEDIUM,6.0,True,85.984,27.962,29.157,28.865,,1,True,False,True,0.0,5.0,31.01875,51.34125,False,True,False,False,False,False,85.984,86.25089030419265,-0.2668903041926569
2026,Monza,FP1,BOT,77,Cadillac,19.0,3.0,MEDIUM,9.0,False,88.158,28.7,30.109,29.349,,1,True,False,True,0.0,5.0,31.01875,51.34125,False,True,False,False,False,False,88.158,86.25089030419265,1.9071096958073497
2026,Monza,FP1,BOT,77,Cadillac,20.0,3.0,MEDIUM,10.0,False,88.683,29.139,30.182,29.362,,1,True,False,True,0.0,5.0,31.01875,51.34125,False,True,False,False,False,False,88.683,86.25089030419265,2.4321096958073554
2026,Monza,FP1,BOT,77,Cadillac,21.0,3.0,MEDIUM,11.0,False,89.219,29.512,30.361,29.346,,1,True,False,True,0.0,5.0,31.01875,51.34125,False,True,False,False,False,False,89.219,86.25089030419265,2.9681096958073425
2026,Monza,FP1,BOT,77,Cadillac,22.0,3.0,MEDIUM,12.0,False,89.194,29.049,30.555,29.59,,1,True,False,True,0.0,5.0,31.01875,51.34125,False,True,False,False,False,False,89.194,86.25089030419265,2.943109695807351
2026,Monza,FP1,BOT,77,Cadillac,23.0,3.0,MEDIUM,13.0,False,89.137,28.773,30.782,29.582,,1,True,False,True,0.0,5.0,31.01875,51.34125,False,True,False,False,False,False,89.137,86.25089030419265,2.886109695807349
2026,Monza,FP1,BOT,77,Cadillac,24.0,3.0,MEDIUM,14.0,False,88.91,29.35,30.252,29.308,,1,True,False,True,0.0,5.0,31.01875,51.34125,False,True,False,False,False,False,88.91,86.25089030419265,2.659109695807345
2026,Monza,FP1,BOT,77,Cadillac,25.0,3.0,MEDIUM,15.0,False,89.337,29.024,30.406,29.907,,1,True,False,True,0.0,5.0,31.01875,51.34125,False,True,False,False,False,False,89.337,86.25089030419265,3.0861096958073517
2026,Monza,FP1,PIA,81,McLaren,2.0,1.0,MEDIUM,2.0,True,110.737,32.464,40.913,37.36,,1,True,False,True,0.0,5.0,31.01875,51.34125,False,True,False,False,False,False,110.737,86.25089030419265,24.486109695807343
2026,Monza,FP1,PIA,81,McLaren,3.0,1.0,MEDIUM,3.0,True,85.333,27.783,28.995,28.555,,1,True,False,True,0.0,5.0,31.01875,51.34125,False,True,False,False,False,False,85.333,86.25089030419265,-0.9178903041926532
2026,Monza,FP1,PIA,81,McLaren,5.0,1.0,MEDIUM,5.0,True,84.394,27.524,28.524,28.346,,1,True,False,True,0.0,5.0,31.01875,51.34125,False,True,False,False,False,False,84.394,86.25089030419265,-1.8568903041926461
2026,Monza,FP1,PIA,81,McLaren,7.0,1.0,MEDIUM,7.0,True,84.253,27.48,28.547,28.226,,1,True,False,True,0.0,5.0,31.01875,51.34125,False,True,False,False,False,False,84.253,86.25089030419265,-1.9978903041926515
2026,Monza,FP1,PIA,81,McLaren,12.0,2.0,SOFT,3.0,True,84.549,27.459,28.425,28.665,,1,True,False,True,0.0,5.0,31.01875,51.34125,False,True,False,False,False,False,84.549,87.09927216173712,-2.5502721617371122
2026,Monza,FP1,PIA,81,McLaren,15.0,3.0,SOFT,6.0,False,84.184,27.622,28.343,28.219,,1,True,False,True,0.0,5.0,31.01875,51.34125,False,True,False,False,False,False,84.184,87.09927216173712,-2.9152721617371213
2026,Monza,FP1,PIA,81,McLaren,18.0,4.0,MEDIUM,11.0,False,86.671,28.733,29.378,28.56,,1,True,False,True,0.0,5.0,31.01875,51.34125,False,True,False,False,False,False,86.671,86.25089030419265,0.4201096958073549
2026,Monza,FP1,PIA,81,McLaren,19.0,4.0,MEDIUM,12.0,False,86.329,28.391,29.299,28.639,,1,True,False,True,0.0,5.0,31.01875,51.34125,False,True,False,False,False,False,86.329,86.25089030419265,0.07810969580734195
2026,Monza,FP1,PIA,81,McLaren,20.0,4.0,MEDIUM,13.0,False,86.704,28.484,29.639,28.581,,1,True,False,True,0.0,5.0,31.01875,51.34125,False,True,False,False,False,False,86.704,86.25089030419265,0.45310969580734195
2026,Monza,FP1,PIA,81,McLaren,21.0,4.0,MEDIUM,14.0,False,87.606,28.411,30.089,29.106,,1,True,False,True,0.0,5.0,31.01875,51.34125,False,True,False,False,False,False,87.606,86.25089030419265,1.355109695807343
2026,Monza,FP1,PIA,81,McLaren,22.0,4.0,MEDIUM,15.0,False,87.232,28.982,29.64,28.61,,1,True,False,True,0.0,5.0,31.01875,51.34125,False,True,False,False,False,False,87.232,86.25089030419265,0.9811096958073477
2026,Monza,FP1,PIA,81,McLaren,23.0,4.0,MEDIUM,16.0,False,86.448,28.429,29.298,28.721,,1,True,False,True,0.0,5.0,31.01875,51.34125,False,True,False,False,False,False,86.448,86.25089030419265,0.19710969580734172
2026,Monza,FP1,PIA,81,McLaren,24.0,4.0,MEDIUM,17.0,False,86.713,28.412,29.651,28.65,,1,True,False,True,0.0,5.0,31.01875,51.34125,False,True,False,False,False,False,86.713,86.25089030419265,0.4621096958073423
2026,Monza,FP1,BEA,87,Haas F1 Team,2.0,1.0,HARD,2.0,True,92.74,29.911,30.971,31.858,,1,True,False,True,0.0,5.0,31.01875,51.34125,False,True,False,False,False,False,92.74,86.6662090637074,6.073790936292596
2026,Monza,FP1,BEA,87,Haas F1 Team,5.0,2.0,HARD,5.0,False,86.418,28.061,29.436,28.921,,1,True,False,True,0.0,5.0,31.01875,51.34125,False,True,False,False,False,False,86.418,86.6662090637074,-0.24820906370739237
2026,Monza,FP1,BEA,87,Haas F1 Team,7.0,2.0,HARD,7.0,False,85.815,28.189,28.986,28.64,,1,True,False,True,0.0,5.0,31.01875,51.34125,False,True,False,False,False,False,85.815,86.6662090637074,-0.851209063707401
2026,Monza,FP1,BEA,87,Haas F1 Team,15.0,4.0,SOFT,3.0,True,84.971,27.942,28.618,28.411,,1,True,False,True,0.0,5.0,31.01875,51.34125,False,True,False,False,False,False,84.971,87.09927216173712,-2.128272161737115
2026,Monza,FP1,BEA,87,Haas F1 Team,18.0,5.0,SOFT,6.0,False,84.646,27.728,28.503,28.415,,1,True,False,True,0.0,5.0,31.01875,51.34125,False,True,False,False,False,False,84.646,87.09927216173712,-2.453272161737118
2026,Monza,FP1,BEA,87,Haas F1 Team,22.0,6.0,HARD,15.0,False,87.273,28.83,29.603,28.84,,1,True,False,True,0.0,5.0,31.01875,51.34125,False,True,False,False,False,False,87.273,86.6662090637074,0.6067909362925974
2026,Monza,FP1,BEA,87,Haas F1 Team,23.0,6.0,HARD,16.0,False,87.323,28.785,29.609,28.929,,1,True,False,True,0.0,5.0,31.01875,51.34125,False,True,False,False,False,False,87.323,86.6662090637074,0.6567909362925946
2026,Monza,FP1,BEA,87,Haas F1 Team,24.0,6.0,HARD,17.0,False,87.106,28.797,29.48,28.829,,1,True,False,True,0.0,5.0,31.01875,51.34125,False,True,False,False,False,False,87.106,86.6662090637074,0.4397909362925958
2026,Monza,FP1,BEA,87,Haas F1 Team,25.0,6.0,HARD,18.0,False,87.598,29.035,29.614,28.949,,1,True,False,True,0.0,5.0,31.01875,51.34125,False,True,False,False,False,False,87.598,86.6662090637074,0.9317909362926002
2026,Monza,FP1,BEA,87,Haas F1 Team,26.0,6.0,HARD,19.0,False,87.183,28.81,29.662,28.711,,1,True,False,True,0.0,5.0,31.01875,51.34125,False,True,False,False,False,False,87.183,86.6662090637074,0.5167909362926082
2026,Monza,FP2,NOR,1,McLaren,2.0,1.0,HARD,2.0,True,84.06,27.365,28.417,28.278,,1,True,False,True,0.0,5.0,33.742168674698796,54.94819277108432,False,False,True,False,False,False,84.06,88.69988428119764,-4.639884281197638
2026,Monza,FP2,NOR,1,McLaren,4.0,1.0,HARD,4.0,True,84.152,27.572,28.277,28.303,,1,True,False,True,0.0,5.0,33.742168674698796,54.94819277108432,False,False,True,False,False,False,84.152,88.69988428119764,-4.547884281197639
2026,Monza,FP2,NOR,1,McLaren,6.0,1.0,HARD,6.0,True,83.796,27.393,28.123,28.28,,1,True,False,True,0.0,5.0,33.742168674698796,54.94819277108432,False,False,True,False,False,False,83.796,88.69988428119764,-4.903884281197634
2026,Monza,FP2,NOR,1,McLaren,10.0,2.0,SOFT,3.0,True,82.943,27.179,27.859,27.905,,1,True,False,True,0.0,5.0,33.742168674698796,54.94819277108432,False,False,True,False,False,False,82.943,89.13294737922736,-6.1899473792273625
2026,Monza,FP2,NOR,1,McLaren,12.0,2.0,SOFT,5.0,True,82.99,27.241,27.883,27.866,,1,True,False,True,0.0,5.0,33.742168674698796,54.94819277108432,False,False,True,False,False,False,82.99,89.13294737922736,-6.1429473792273654
2026,Monza,FP2,NOR,1,McLaren,15.0,3.0,HARD,9.0,False,86.361,28.229,29.461,28.671,,1,True,False,True,0.0,5.0,33.742168674698796,54.94819277108432,False,False,True,False,False,False,86.361,88.69988428119764,-2.338884281197636
2026,Monza,FP2,NOR,1,McLaren,16.0,3.0,HARD,10.0,False,86.28,28.343,29.5,28.437,,1,True,False,True,0.0,5.0,33.742168674698796,54.94819277108432,False,False,True,False,False,False,86.28,88.69988428119764,-2.419884281197639
2026,Monza,FP2,NOR,1,McLaren,17.0,3.0,HARD,11.0,False,86.69,28.284,30.028,28.378,,1,True,False,True,0.0,5.0,33.742168674698796,54.94819277108432,False,False,True,False,False,False,86.69,88.69988428119764,-2.0098842811976425
2026,Monza,FP2,NOR,1,McLaren,18.0,3.0,HARD,12.0,False,86.311,27.924,29.421,28.966,,1,True,False,True,0.0,5.0,33.742168674698796,54.94819277108432,False,False,True,False,False,False,86.311,88.69988428119764,-2.388884281197633
2026,Monza,FP2,NOR,1,McLaren,19.0,3.0,HARD,13.0,False,89.487,30.543,30.132,28.812,,1,True,False,True,0.0,5.0,33.742168674698796,54.94819277108432,False,False,True,False,False,False,89.487,88.69988428119764,0.7871157188023545
2026,Monza,FP2,NOR,1,McLaren,20.0,3.0,HARD,14.0,False,86.887,28.719,29.367,28.801,,1,True,False,True,0.0,5.0,33.742168674698796,54.94819277108432,False,False,True,False,False,False,86.887,88.69988428119764,-1.8128842811976398
2026,Monza,FP2,NOR,1,McLaren,23.0,4.0,SOFT,8.0,False,107.037,28.626,36.35,42.061,,1,True,False,True,0.0,5.0,33.742168674698796,54.94819277108432,False,False,True,False,False,False,107.037,89.13294737922736,17.904052620772646
2026,Monza,FP2,VER,3,Red Bull Racing,2.0,1.0,MEDIUM,2.0,True,84.719,27.585,28.81,28.324,,1,True,False,True,0.0,5.0,33.742168674698796,54.94819277108432,False,False,True,False,False,False,84.719,88.2845655216829,-3.565565521682899
2026,Monza,FP2,VER,3,Red Bull Racing,4.0,1.0,MEDIUM,4.0,True,85.23,28.107,28.671,28.452,,1,True,False,True,0.0,5.0,33.742168674698796,54.94819277108432,False,False,True,False,False,False,85.23,88.2845655216829,-3.054565521682889
2026,Monza,FP2,VER,3,Red Bull Racing,7.0,2.0,MEDIUM,7.0,False,83.95,27.531,28.532,27.887,,1,True,False,True,0.0,5.0,33.742168674698796,54.94819277108432,False,False,True,False,False,False,83.95,88.2845655216829,-4.33456552168289
2026,Monza,FP2,VER,3,Red Bull Racing,10.0,2.0,MEDIUM,10.0,False,83.749,27.474,28.448,27.826999999999998,,1,True,False,True,0.0,5.0,33.742168674698796,54.94819277108432,False,False,True,False,False,False,83.749,88.2845655216829,-4.535565521682898
2026,Monza,FP2,VER,3,Red Bull Racing,13.0,3.0,SOFT,2.0,True,83.487,27.371,28.489,27.627,,1,True,False,True,0.0,5.0,33.742168674698796,54.94819277108432,False,False,True,False,False,False,83.487,89.13294737922736,-5.645947379227366
2026,Monza,FP2,VER,3,Red Bull Racing,15.0,3.0,SOFT,4.0,True,83.377,27.492,28.245,27.64,,1,True,False,True,0.0,5.0,33.742168674698796,54.94819277108432,False,False,True,False,False,False,83.377,89.13294737922736,-5.755947379227365
2026,Monza,FP2,VER,3,Red Bull Racing,18.0,4.0,MEDIUM,13.0,False,86.641,28.546,29.732,28.363,,1,True,False,True,0.0,5.0,33.742168674698796,54.94819277108432,False,False,True,False,False,False,86.641,88.2845655216829,-1.6435655216828877
2026,Monza,FP2,VER,3,Red Bull Racing,19.0,4.0,MEDIUM,14.0,False,86.45,28.498,29.721,28.231,,1,True,False,True,0.0,5.0,33.742168674698796,54.94819277108432,False,False,True,False,False,False,86.45,88.2845655216829,-1.8345655216828902
2026,Monza,FP2,VER,3,Red Bull Racing,20.0,4.0,MEDIUM,15.0,False,86.605,28.437,29.881,28.287,,1,True,False,True,0.0,5.0,33.742168674698796,54.94819277108432,False,False,True,False,False,False,86.605,88.2845655216829,-1.679565521682889
2026,Monza,FP2,VER,3,Red Bull Racing,21.0,4.0,MEDIUM,16.0,False,86.741,28.248,30.01,28.483,,1,True,False,True,0.0,5.0,33.742168674698796,54.94819277108432,False,False,True,False,False,False,86.741,88.2845655216829,-1.5435655216828934
2026,Monza,FP2,VER,3,Red Bull Racing,22.0,4.0,MEDIUM,17.0,False,86.174,28.256,29.584,28.334,,1,True,False,True,0.0,5.0,33.742168674698796,54.94819277108432,False,False,True,False,False,False,86.174,88.2845655216829,-2.1105655216828865
2026,Monza,FP2,VER,3,Red Bull Racing,25.0,5.0,MEDIUM,20.0,False,86.486,28.601,29.615,28.27,,1,True,False,True,0.0,5.0,33.742168674698796,54.94819277108432,False,False,True,False,False,False,86.486,88.2845655216829,-1.7985655216828889
2026,Monza,FP2,VER,3,Red Bull Racing,26.0,5.0,MEDIUM,21.0,False,86.074,28.333,29.455,28.286,,1,True,False,True,0.0,5.0,33.742168674698796,54.94819277108432,False,False,True,False,False,False,86.074,88.2845655216829,-2.210565521682895
2026,Monza,FP2,VER,3,Red Bull Racing,27.0,5.0,MEDIUM,22.0,False,85.841,28.375,29.398,28.068,,1,True,False,True,0.0,5.0,33.742168674698796,54.94819277108432,False,False,True,False,False,False,85.841,88.2845655216829,-2.443565521682899
2026,Monza,FP2,BOR,5,Audi,2.0,1.0,HARD,2.0,True,84.666,27.476,28.752,28.438,,1,True,False,True,0.0,5.0,33.742168674698796,54.94819277108432,False,False,True,False,False,False,84.666,88.69988428119764,-4.033884281197643
2026,Monza,FP2,BOR,5,Audi,4.0,1.0,HARD,4.0,True,84.586,27.716,28.786,28.084,,1,True,False,True,0.0,5.0,33.742168674698796,54.94819277108432,False,False,True,False,False,False,84.586,88.69988428119764,-4.113884281197642
2026,Monza,FP2,BOR,5,Audi,7.0,2.0,HARD,7.0,False,84.111,27.646,28.565,27.9,,1,True,False,True,0.0,5.0,33.742168674698796,54.94819277108432,False,False,True,False,False,False,84.111,88.69988428119764,-4.588884281197636
2026,Monza,FP2,BOR,5,Audi,10.0,3.0,HARD,10.0,False,83.776,27.587,28.404,27.785,,1,True,False,True,0.0,5.0,33.742168674698796,54.94819277108432,False,False,True,False,False,False,83.776,88.69988428119764,-4.923884281197644
2026,Monza,FP2,BOR,5,Audi,14.0,4.0,SOFT,3.0,True,84.059,27.61,28.464,27.985,,1,True,False,True,0.0,5.0,33.742168674698796,54.94819277108432,False,False,True,False,False,False,84.059,89.13294737922736,-5.073947379227363
2026,Monza,FP2,BOR,5,Audi,19.0,6.0,HARD,13.0,False,87.408,28.664,29.915,28.829,,1,True,False,True,0.0,5.0,33.742168674698796,54.94819277108432,False,False,True,False,False,False,87.408,88.69988428119764,-1.291884281197639
2026,Monza,FP2,BOR,5,Audi,20.0,6.0,HARD,14.0,False,87.073,28.584,29.66,28.829,,1,True,False,True,0.0,5.0,33.742168674698796,54.94819277108432,False,False,True,False,False,False,87.073,88.69988428119764,-1.626884281197647
2026,Monza,FP2,BOR,5,Audi,21.0,6.0,HARD,15.0,False,88.099,28.718,30.251,29.13,,1,True,False,True,0.0,5.0,33.742168674698796,54.94819277108432,False,False,True,False,False,False,88.099,88.69988428119764,-0.6008842811976365
2026,Monza,FP2,GAS,10,Alpine,2.0,1.0,HARD,2.0,True,85.595,27.285,29.075,29.235,,1,True,False,True,0.0,5.0,33.742168674698796,54.94819277108432,False,False,True,False,False,False,85.595,88.69988428119764,-3.1048842811976414
2026,Monza,FP2,GAS,10,Alpine,4.0,1.0,HARD,4.0,True,84.571,27.213,28.77,28.588,,1,True,False,True,0.0,5.0,33.742168674698796,54.94819277108432,False,False,True,False,False,False,84.571,88.69988428119764,-4.128884281197642
2026,Monza,FP2,GAS,10,Alpine,6.0,1.0,HARD,6.0,True,84.312,27.295,28.625,28.392,,1,True,False,True,0.0,5.0,33.742168674698796,54.94819277108432,False,False,True,False,False,False,84.312,88.69988428119764,-4.387884281197643
2026,Monza,FP2,GAS,10,Alpine,8.0,1.0,HARD,8.0,True,84.35,27.269,28.543,28.538,,1,True,False,True,0.0,5.0,33.742168674698796,54.94819277108432,False,False,True,False,False,False,84.35,88.69988428119764,-4.349884281197646
2026,Monza,FP2,GAS,10,Alpine,11.0,2.0,SOFT,2.0,True,83.803,27.039,28.392,28.372,,1,True,False,True,0.0,5.0,33.742168674698796,54.94819277108432,False,False,True,False,False,False,83.803,89.13294737922736,-5.329947379227363
2026,Monza,FP2,GAS,10,Alpine,14.0,2.0,SOFT,5.0,True,83.773,27.15,28.282,28.341,,1,True,False,True,0.0,5.0,33.742168674698796,54.94819277108432,False,False,True,False,False,False,83.773,89.13294737922736,-5.359947379227364
2026,Monza,FP2,GAS,10,Alpine,17.0,3.0,HARD,11.0,False,87.339,28.448,29.544,29.347,,1,True,False,True,0.0,5.0,33.742168674698796,54.94819277108432,False,False,True,False,False,False,87.339,88.69988428119764,-1.3608842811976416
2026,Monza,FP2,GAS,10,Alpine,18.0,3.0,HARD,12.0,False,87.027,28.728,29.416,28.883,,1,True,False,True,0.0,5.0,33.742168674698796,54.94819277108432,False,False,True,False,False,False,87.027,88.69988428119764,-1.6728842811976392
2026,Monza,FP2,GAS,10,Alpine,19.0,3.0,HARD,13.0,False,87.636,28.426,29.911,29.299,,1,True,False,True,0.0,5.0,33.742168674698796,54.94819277108432,False,False,True,False,False,False,87.636,88.69988428119764,-1.0638842811976446
2026,Monza,FP2,GAS,10,Alpine,20.0,3.0,HARD,14.0,False,87.619,29.133,29.684,28.802,,1,True,False,True,0.0,5.0,33.742168674698796,54.94819277108432,False,False,True,False,False,False,87.619,88.69988428119764,-1.0808842811976405
2026,Monza,FP2,GAS,10,Alpine,21.0,3.0,HARD,15.0,False,86.755,28.324,29.614,28.817,,1,True,False,True,0.0,5.0,33.742168674698796,54.94819277108432,False,False,True,False,False,False,86.755,88.69988428119764,-1.9448842811976448
2026,Monza,FP2,GAS,10,Alpine,22.0,3.0,HARD,16.0,False,86.804,28.503,29.552,28.749,,1,True,False,True,0.0,5.0,33.742168674698796,54.94819277108432,False,False,True,False,False,False,86.804,88.69988428119764,-1.8958842811976382
2026,Monza,FP2,GAS,10,Alpine,23.0,3.0,HARD,17.0,False,87.116,28.491,29.656,28.969,,1,True,False,True,0.0,5.0,33.742168674698796,54.94819277108432,False,False,True,False,False,False,87.116,88.69988428119764,-1.5838842811976406
2026,Monza,FP2,GAS,10,Alpine,24.0,3.0,HARD,18.0,False,86.662,28.334,29.646,28.682,,1,True,False,True,0.0,5.0,33.742168674698796,54.94819277108432,False,False,True,False,False,False,86.662,88.69988428119764,-2.037884281197634
2026,Monza,FP2,PER,11,Cadillac,2.0,1.0,MEDIUM,2.0,True,87.436,28.502,29.851,29.083,,1,True,False,True,0.0,5.0,33.742168674698796,54.94819277108432,False,False,True,False,False,False,87.436,88.2845655216829,-0.848565521682886
2026,Monza,FP2,PER,11,Cadillac,4.0,1.0,MEDIUM,4.0,True,86.414,28.143,29.328,28.943,,1,True,False,True,0.0,5.0,33.742168674698796,54.94819277108432,False,False,True,False,False,False,86.414,88.2845655216829,-1.8705655216828916
2026,Monza,FP2,PER,11,Cadillac,6.0,1.0,MEDIUM,6.0,True,85.951,28.024,29.148,28.779,,1,True,False,True,0.0,5.0,33.742168674698796,54.94819277108432,False,False,True,False,False,False,85.951,88.2845655216829,-2.3335655216828997
2026,Monza,FP2,PER,11,Cadillac,8.0,1.0,MEDIUM,8.0,True,85.483,27.811,29.058,28.614,,1,True,False,True,0.0,5.0,33.742168674698796,54.94819277108432,False,False,True,False,False,False,85.483,88.2845655216829,-2.801565521682889
2026,Monza,FP2,PER,11,Cadillac,11.0,2.0,SOFT,2.0,True,85.198,27.7,29.088,28.41,,1,True,False,True,0.0,5.0,33.742168674698796,54.94819277108432,False,False,True,False,False,False,85.198,89.13294737922736,-3.934947379227367
2026,Monza,FP2,PER,11,Cadillac,14.0,2.0,SOFT,5.0,True,85.082,27.636,28.955,28.491,,1,True,False,True,0.0,5.0,33.742168674698796,54.94819277108432,False,False,True,False,False,False,85.082,89.13294737922736,-4.050947379227367
2026,Monza,FP2,PER,11,Cadillac,17.0,3.0,SOFT,8.0,False,88.961,28.954,30.705,29.302,,1,True,False,True,0.0,5.0,33.742168674698796,54.94819277108432,False,False,True,False,False,False,88.961,89.13294737922736,-0.1719473792273618
2026,Monza,FP2,PER,11,Cadillac,18.0,3.0,SOFT,9.0,False,88.97,29.042,30.638,29.29,,1,True,False,True,0.0,5.0,33.742168674698796,54.94819277108432,False,False,True,False,False,False,88.97,89.13294737922736,-0.16294737922736147
2026,Monza,FP2,PER,11,Cadillac,19.0,3.0,SOFT,10.0,False,88.357,28.906,30.26,29.191,,1,True,False,True,0.0,5.0,33.742168674698796,54.94819277108432,False,False,True,False,False,False,88.357,89.13294737922736,-0.775947379227361
2026,Monza,FP2,PER,11,Cadillac,20.0,3.0,SOFT,11.0,False,88.293,28.906,30.236,29.151,,1,True,False,True,0.0,5.0,33.742168674698796,54.94819277108432,False,False,True,False,False,False,88.293,89.13294737922736,-0.839947379227354
2026,Monza,FP2,PER,11,Cadillac,21.0,3.0,SOFT,12.0,False,88.677,29.039,30.548000000000002,29.09,,1,True,False,True,0.0,5.0,33.742168674698796,54.94819277108432,False,False,True,False,False,False,88.677,89.13294737922736,-0.4559473792273536
2026,Monza,FP2,PER,11,Cadillac,22.0,3.0,SOFT,13.0,False,87.892,28.713,30.272,28.907,,1,True,False,True,0.0,5.0,33.742168674698796,54.94819277108432,False,False,True,False,False,False,87.892,89.13294737922736,-1.2409473792273644
2026,Monza,FP2,PER,11,Cadillac,23.0,3.0,SOFT,14.0,False,88.211,28.603,30.673000000000002,28.935,,1,True,False,True,0.0,5.0,33.742168674698796,54.94819277108432,False,False,True,False,False,False,88.211,89.13294737922736,-0.9219473792273618
2026,Monza,FP2,PER,11,Cadillac,24.0,3.0,SOFT,15.0,False,90.946,31.005,30.848,29.093,,1,True,False,True,0.0,5.0,33.742168674698796,54.94819277108432,False,False,True,False,False,False,90.946,89.13294737922736,1.8130526207726376
2026,Monza,FP2,PER,11,Cadillac,25.0,3.0,SOFT,16.0,False,90.253,29.521,31.159,29.573,,1,True,False,True,0.0,5.0,33.742168674698796,54.94819277108432,False,False,True,False,False,False,90.253,89.13294737922736,1.1200526207726398
2026,Monza,FP2,ANT,12,Mercedes,2.0,1.0,HARD,2.0,True,83.417,27.262,28.242,27.913,,1,True,False,True,0.0,5.0,33.742168674698796,54.94819277108432,False,False,True,False,False,False,83.417,88.69988428119764,-5.282884281197639
2026,Monza,FP2,ANT,12,Mercedes,8.0,3.0,SOFT,4.0,False,82.7,27.297,27.784,27.619,,1,True,False,True,0.0,5.0,33.742168674698796,54.94819277108432,False,False,True,False,False,False,82.7,89.13294737922736,-6.4329473792273575
2026,Monza,FP2,ANT,12,Mercedes,11.0,4.0,HARD,6.0,False,86.42,28.376,29.33,28.714,,1,True,False,True,0.0,5.0,33.742168674698796,54.94819277108432,False,False,True,False,False,False,86.42,88.69988428119764,-2.2798842811976385
2026,Monza,FP2,ANT,12,Mercedes,12.0,4.0,HARD,7.0,False,86.405,28.621,29.245,28.539,,1,True,False,True,0.0,5.0,33.742168674698796,54.94819277108432,False,False,True,False,False,False,86.405,88.69988428119764,-2.294884281197639
2026,Monza,FP2,ANT,12,Mercedes,13.0,4.0,HARD,8.0,False,86.291,28.563,29.305,28.423,,1,True,False,True,0.0,5.0,33.742168674698796,54.94819277108432,False,False,True,False,False,False,86.291,88.69988428119764,-2.4088842811976434
2026,Monza,FP2,ANT,12,Mercedes,14.0,4.0,HARD,9.0,False,85.875,28.367,29.234,28.274,,1,True,False,True,0.0,5.0,33.742168674698796,54.94819277108432,False,False,True,False,False,False,85.875,88.69988428119764,-2.8248842811976402
2026,Monza,FP2,ANT,12,Mercedes,15.0,4.0,HARD,10.0,False,85.968,28.452,29.301,28.215,,1,True,False,True,0.0,5.0,33.742168674698796,54.94819277108432,False,False,True,False,False,False,85.968,88.69988428119764,-2.7318842811976367
2026,Monza,FP2,ANT,12,Mercedes,16.0,4.0,HARD,11.0,False,85.702,28.308,29.132,28.262,,1,True,False,True,0.0,5.0,33.742168674698796,54.94819277108432,False,False,True,False,False,False,85.702,88.69988428119764,-2.997884281197642
2026,Monza,FP2,ANT,12,Mercedes,17.0,4.0,HARD,12.0,False,85.946,28.433,29.21,28.303,,1,True,False,True,0.0,5.0,33.742168674698796,54.94819277108432,False,False,True,False,False,False,85.946,88.69988428119764,-2.7538842811976423
2026,Monza,FP2,ANT,12,Mercedes,18.0,4.0,HARD,13.0,False,85.813,28.409,29.185,28.219,,1,True,False,True,0.0,5.0,33.742168674698796,54.94819277108432,False,False,True,False,False,False,85.813,88.69988428119764,-2.886884281197638
2026,Monza,FP2,ANT,12,Mercedes,19.0,4.0,HARD,14.0,False,85.739,28.494,29.158,28.087,,1,True,False,True,0.0,5.0,33.742168674698796,54.94819277108432,False,False,True,False,False,False,85.739,88.69988428119764,-2.960884281197636
2026,Monza,FP2,ANT,12,Mercedes,20.0,4.0,HARD,15.0,False,85.815,28.208,29.394,28.213,,1,True,False,True,0.0,5.0,33.742168674698796,54.94819277108432,False,False,True,False,False,False,85.815,88.69988428119764,-2.8848842811976425
2026,Monza,FP2,ANT,12,Mercedes,21.0,4.0,HARD,16.0,False,86.018,28.107,29.5,28.411,,1,True,False,True,0.0,5.0,33.742168674698796,54.94819277108432,False,False,True,False,False,False,86.018,88.69988428119764,-2.6818842811976396
2026,Monza,FP2,ANT,12,Mercedes,22.0,4.0,HARD,17.0,False,85.773,27.68,29.648,28.445,,1,True,False,True,0.0,5.0,33.742168674698796,54.94819277108432,False,False,True,False,False,False,85.773,88.69988428119764,-2.926884281197644
2026,Monza,FP2,ANT,12,Mercedes,23.0,4.0,HARD,18.0,False,87.637,28.514,30.576,28.547,,1,True,False,True,0.0,5.0,33.742168674698796,54.94819277108432,False,False,True,False,False,False,87.637,88.69988428119764,-1.0628842811976398
2026,Monza,FP2,ANT,12,Mercedes,24.0,4.0,HARD,19.0,False,86.332,27.966,29.873,28.493,,1,True,False,True,0.0,5.0,33.742168674698796,54.94819277108432,False,False,True,False,False,False,86.332,88.69988428119764,-2.3678842811976466
2026,Monza,FP2,ANT,12,Mercedes,25.0,4.0,HARD,20.0,False,86.463,27.764,30.099,28.6,,1,True,False,True,0.0,5.0,33.742168674698796,54.94819277108432,False,False,True,False,False,False,86.463,88.69988428119764,-2.2368842811976464
2026,Monza,FP2,ANT,12,Mercedes,26.0,4.0,HARD,21.0,False,86.376,28.181,29.463,28.732,,1,True,False,True,0.0,5.0,33.742168674698796,54.94819277108432,False,False,True,False,False,False,86.376,88.69988428119764,-2.3238842811976355
2026,Monza,FP2,ANT,12,Mercedes,27.0,4.0,HARD,22.0,False,86.076,28.456,29.362,28.258,,1,True,False,True,0.0,5.0,33.742168674698796,54.94819277108432,False,False,True,False,False,False,86.076,88.69988428119764,-2.623884281197647
2026,Monza,FP2,ANT,12,Mercedes,30.0,5.0,SOFT,7.0,False,130.172,31.84,44.427,53.905,,1,True,False,True,0.0,5.0,33.742168674698796,54.94819277108432,False,False,True,False,False,False,130.172,89.13294737922736,41.03905262077264
2026,Monza,FP2,ALO,14,Aston Martin,2.0,1.0,SOFT,2.0,True,86.319,28.263,29.335,28.721,,1,True,False,True,0.0,5.0,33.742168674698796,54.94819277108432,False,False,True,False,False,False,86.319,89.13294737922736,-2.8139473792273577
2026,Monza,FP2,ALO,14,Aston Martin,4.0,1.0,SOFT,4.0,True,86.155,28.218,29.15,28.787,,1,True,False,True,0.0,5.0,33.742168674698796,54.94819277108432,False,False,True,False,False,False,86.155,89.13294737922736,-2.977947379227359
2026,Monza,FP2,ALO,14,Aston Martin,6.0,1.0,SOFT,6.0,True,85.791,28.101,29.136,28.554,,1,True,False,True,0.0,5.0,33.742168674698796,54.94819277108432,False,False,True,False,False,False,85.791,89.13294737922736,-3.3419473792273635
2026,Monza,FP2,ALO,14,Aston Martin,9.0,2.0,SOFT,2.0,True,85.06,27.877,28.783,28.4,,1,True,False,True,0.0,5.0,33.742168674698796,54.94819277108432,False,False,True,False,False,False,85.06,89.13294737922736,-4.072947379227358
2026,Monza,FP2,ALO,14,Aston Martin,12.0,2.0,SOFT,5.0,True,85.027,27.93,28.785,28.312,,1,True,False,True,0.0,5.0,33.742168674698796,54.94819277108432,False,False,True,False,False,False,85.027,89.13294737922736,-4.105947379227359
2026,Monza,FP2,ALO,14,Aston Martin,15.0,3.0,SOFT,8.0,False,108.541,28.34,45.965,34.236,,1,True,False,True,0.0,5.0,33.742168674698796,54.94819277108432,False,False,True,False,False,False,108.541,89.13294737922736,19.408052620772636
2026,Monza,FP2,ALO,14,Aston Martin,16.0,3.0,SOFT,9.0,False,86.796,27.991,29.203,29.602,,1,True,False,True,0.0,5.0,33.742168674698796,54.94819277108432,False,False,True,False,False,False,86.796,89.13294737922736,-2.336947379227354
2026,Monza,FP2,LEC,16,Ferrari,2.0,1.0,MEDIUM,2.0,True,83.472,27.436,28.262,27.774,,1,True,False,True,0.0,5.0,33.742168674698796,54.94819277108432,False,False,True,False,False,False,83.472,88.2845655216829,-4.812565521682899
2026,Monza,FP2,LEC,16,Ferrari,6.0,2.0,MEDIUM,6.0,False,83.798,27.631,28.313,27.854,,1,True,False,True,0.0,5.0,33.742168674698796,54.94819277108432,False,False,True,False,False,False,83.798,88.2845655216829,-4.486565521682891
2026,Monza,FP2,LEC,16,Ferrari,9.0,3.0,MEDIUM,9.0,False,83.83,27.691,28.212,27.927,,1,True,False,True,0.0,5.0,33.742168674698796,54.94819277108432,False,False,True,False,False,False,83.83,88.2845655216829,-4.454565521682895
2026,Monza,FP2,LEC,16,Ferrari,12.0,4.0,SOFT,2.0,True,82.679,27.259,27.874,27.546,,1,True,False,True,0.0,5.0,33.742168674698796,54.94819277108432,False,False,True,False,False,False,82.679,89.13294737922736,-6.453947379227358
2026,Monza,FP2,LEC,16,Ferrari,17.0,6.0,SOFT,7.0,False,87.087,28.898,29.683,28.506,,1,True,False,True,0.0,5.0,33.742168674698796,54.94819277108432,False,False,True,False,False,False,87.087,89.13294737922736,-2.045947379227357
2026,Monza,FP2,LEC,16,Ferrari,18.0,6.0,SOFT,8.0,False,86.232,28.534,29.424,28.274,,1,True,False,True,0.0,5.0,33.742168674698796,54.94819277108432,False,False,True,False,False,False,86.232,89.13294737922736,-2.900947379227361
2026,Monza,FP2,LEC,16,Ferrari,19.0,6.0,SOFT,9.0,False,86.168,28.551,29.315,28.302,,1,True,False,True,0.0,5.0,33.742168674698796,54.94819277108432,False,False,True,False,False,False,86.168,89.13294737922736,-2.964947379227354
2026,Monza,FP2,LEC,16,Ferrari,21.0,6.0,SOFT,11.0,False,88.185,28.826,29.988,29.371,,1,True,False,True,0.0,5.0,33.742168674698796,54.94819277108432,False,False,True,False,False,False,88.185,89.13294737922736,-0.9479473792273581
2026,Monza,FP2,LEC,16,Ferrari,22.0,6.0,SOFT,12.0,False,86.024,28.512,29.579,27.933,,1,True,False,True,0.0,5.0,33.742168674698796,54.94819277108432,False,False,True,False,False,False,86.024,89.13294737922736,-3.1089473792273594
2026,Monza,FP2,LEC,16,Ferrari,23.0,6.0,SOFT,13.0,False,86.042,27.966,29.616,28.46,,1,True,False,True,0.0,5.0,33.742168674698796,54.94819277108432,False,False,True,False,False,False,86.042,89.13294737922736,-3.0909473792273587
2026,Monza,FP2,LEC,16,Ferrari,24.0,6.0,SOFT,14.0,False,86.323,28.511,29.403,28.409,,1,True,False,True,0.0,5.0,33.742168674698796,54.94819277108432,False,False,True,False,False,False,86.323,89.13294737922736,-2.809947379227367
2026,Monza,FP2,LEC,16,Ferrari,25.0,6.0,SOFT,15.0,False,86.137,28.481,29.439,28.217,,1,True,False,True,0.0,5.0,33.742168674698796,54.94819277108432,False,False,True,False,False,False,86.137,89.13294737922736,-2.99594737922736
2026,Monza,FP2,LEC,16,Ferrari,26.0,6.0,SOFT,16.0,False,85.708,28.353,29.255,28.1,,1,True,False,True,0.0,5.0,33.742168674698796,54.94819277108432,False,False,True,False,False,False,85.708,89.13294737922736,-3.424947379227362
2026,Monza,FP2,STR,18,Aston Martin,2.0,1.0,SOFT,2.0,True,86.045,28.006,29.314,28.725,,1,True,False,True,0.0,5.0,33.742168674698796,54.94819277108432,False,False,True,False,False,False,86.045,89.13294737922736,-3.0879473792273586
2026,Monza,FP2,STR,18,Aston Martin,5.0,1.0,SOFT,5.0,True,94.664,28.166,29.43,37.068,,1,True,False,True,0.0,5.0,33.742168674698796,54.94819277108432,False,False,True,False,False,False,94.664,89.13294737922736,5.531052620772641
2026,Monza,FP2,STR,18,Aston Martin,8.0,1.0,SOFT,8.0,True,105.975,37.124,35.931,32.92,,1,True,False,True,0.0,5.0,33.742168674698796,54.94819277108432,False,False,True,False,False,False,105.975,89.13294737922736,16.842052620772634
2026,Monza,FP2,STR,18,Aston Martin,9.0,1.0,SOFT,9.0,True,86.263,28.277,29.11,28.876,,1,True,False,True,0.0,5.0,33.742168674698796,54.94819277108432,False,False,True,False,False,False,86.263,89.13294737922736,-2.869947379227355
2026,Monza,FP2,STR,18,Aston Martin,12.0,2.0,SOFT,2.0,True,85.253,27.94,28.88,28.433,,1,True,False,True,0.0,5.0,33.742168674698796,54.94819277108432,False,False,True,False,False,False,85.253,89.13294737922736,-3.87994737922736
2026,Monza,FP2,STR,18,Aston Martin,15.0,3.0,SOFT,5.0,False,112.192,36.034,42.334,33.824,,1,True,False,True,0.0,5.0,33.742168674698796,54.94819277108432,False,False,True,False,False,False,112.192,89.13294737922736,23.059052620772633
2026,Monza,FP2,STR,18,Aston Martin,18.0,4.0,SOFT,8.0,False,93.762,31.487,31.71,30.565,,1,True,False,True,0.0,5.0,33.742168674698796,54.94819277108432,False,False,True,False,False,False,93.762,89.13294737922736,4.62905262077264
2026,Monza,FP2,STR,18,Aston Martin,19.0,4.0,SOFT,9.0,False,90.352,29.966,30.833,29.553,,1,True,False,True,0.0,5.0,33.742168674698796,54.94819277108432,False,False,True,False,False,False,90.352,89.13294737922736,1.2190526207726435
2026,Monza,FP2,STR,18,Aston Martin,20.0,4.0,SOFT,10.0,False,90.211,29.552,30.511,30.148,,1,True,False,True,0.0,5.0,33.742168674698796,54.94819277108432,False,False,True,False,False,False,90.211,89.13294737922736,1.0780526207726382
2026,Monza,FP2,STR,18,Aston Martin,21.0,4.0,SOFT,11.0,False,89.504,29.647,30.44,29.417,,1,True,False,True,0.0,5.0,33.742168674698796,54.94819277108432,False,False,True,False,False,False,89.504,89.13294737922736,0.37105262077264456
2026,Monza,FP2,STR,18,Aston Martin,22.0,4.0,SOFT,12.0,False,89.624,29.792,30.494,29.338,,1,True,False,True,0.0,5.0,33.742168674698796,54.94819277108432,False,False,True,False,False,False,89.624,89.13294737922736,0.4910526207726349
2026,Monza,FP2,STR,18,Aston Martin,23.0,4.0,SOFT,13.0,False,90.514,30.981,30.258,29.275,,1,True,False,True,0.0,5.0,33.742168674698796,54.94819277108432,False,False,True,False,False,False,90.514,89.13294737922736,1.3810526207726355
2026,Monza,FP2,STR,18,Aston Martin,24.0,4.0,SOFT,14.0,False,89.726,29.687,30.428,29.611,,1,True,False,True,0.0,5.0,33.742168674698796,54.94819277108432,False,False,True,False,False,False,89.726,89.13294737922736,0.5930526207726388
2026,Monza,FP2,STR,18,Aston Martin,25.0,4.0,SOFT,15.0,False,91.318,29.812,30.643,30.863,,1,True,False,True,0.0,5.0,33.742168674698796,54.94819277108432,False,False,True,False,False,False,91.318,89.13294737922736,2.1850526207726375
2026,Monza,FP2,TSU,22,Racing Bulls,2.0,1.0,MEDIUM,2.0,True,84.916,27.692,28.891,28.333,,1,True,False,True,0.0,5.0,33.742168674698796,54.94819277108432,False,False,True,False,False,False,84.916,88.2845655216829,-3.3685655216828962
2026,Monza,FP2,TSU,22,Racing Bulls,4.0,1.0,MEDIUM,4.0,True,121.94,45.154,41.861,34.925,,1,True,False,True,0.0,5.0,33.742168674698796,54.94819277108432,False,False,True,False,False,False,121.94,88.2845655216829,33.655434478317105
2026,Monza,FP2,TSU,22,Racing Bulls,5.0,1.0,MEDIUM,5.0,True,84.488,27.74,28.645,28.103,,1,True,False,True,0.0,5.0,33.742168674698796,54.94819277108432,False,False,True,False,False,False,84.488,88.2845655216829,-3.7965655216828935
2026,Monza,FP2,TSU,22,Racing Bulls,7.0,1.0,MEDIUM,7.0,True,119.51,45.564,35.675,38.271,,1,True,False,True,0.0,5.0,33.742168674698796,54.94819277108432,False,False,True,False,False,False,119.51,88.2845655216829,31.225434478317112
2026,Monza,FP2,TSU,22,Racing Bulls,8.0,1.0,MEDIUM,8.0,True,84.325,27.808,28.576,27.941,,1,True,False,True,0.0,5.0,33.742168674698796,54.94819277108432,False,False,True,False,False,False,84.325,88.2845655216829,-3.95956552168289
2026,Monza,FP2,TSU,22,Racing Bulls,11.0,2.0,SOFT,2.0,True,83.455,27.47,28.349,27.636,,1,True,False,True,0.0,5.0,33.742168674698796,54.94819277108432,False,False,True,False,False,False,83.455,89.13294737922736,-5.677947379227362
2026,Monza,FP2,TSU,22,Racing Bulls,14.0,2.0,SOFT,5.0,True,83.92,27.689,28.445,27.786,,1,True,False,True,0.0,5.0,33.742168674698796,54.94819277108432,False,False,True,False,False,False,83.92,89.13294737922736,-5.212947379227359
2026,Monza,FP2,TSU,22,Racing Bulls,17.0,3.0,MEDIUM,11.0,False,88.732,29.369,30.437,28.926,,1,True,False,True,0.0,5.0,33.742168674698796,54.94819277108432,False,False,True,False,False,False,88.732,88.2845655216829,0.44743447831710625
2026,Monza,FP2,TSU,22,Racing Bulls,18.0,3.0,MEDIUM,12.0,False,87.227,28.853,29.701999999999998,28.672,,1,True,False,True,0.0,5.0,33.742168674698796,54.94819277108432,False,False,True,False,False,False,87.227,88.2845655216829,-1.0575655216828892
2026,Monza,FP2,TSU,22,Racing Bulls,19.0,3.0,MEDIUM,13.0,False,87.616,28.981,29.837,28.798000000000002,,1,True,False,True,0.0,5.0,33.742168674698796,54.94819277108432,False,False,True,False,False,False,87.616,88.2845655216829,-0.6685655216828934
2026,Monza,FP2,TSU,22,Racing Bulls,20.0,3.0,MEDIUM,14.0,False,88.021,29.551,29.909,28.561,,1,True,False,True,0.0,5.0,33.742168674698796,54.94819277108432,False,False,True,False,False,False,88.021,88.2845655216829,-0.26356552168289227
2026,Monza,FP2,TSU,22,Racing Bulls,21.0,3.0,MEDIUM,15.0,False,86.519,28.114,29.869,28.536,,1,True,False,True,0.0,5.0,33.742168674698796,54.94819277108432,False,False,True,False,False,False,86.519,88.2845655216829,-1.7655655216828876
2026,Monza,FP2,TSU,22,Racing Bulls,22.0,3.0,MEDIUM,16.0,False,86.891,28.46,29.881,28.55,,1,True,False,True,0.0,5.0,33.742168674698796,54.94819277108432,False,False,True,False,False,False,86.891,88.2845655216829,-1.3935655216828877
2026,Monza,FP2,TSU,22,Racing Bulls,23.0,3.0,MEDIUM,17.0,False,86.876,28.494,29.892,28.49,,1,True,False,True,0.0,5.0,33.742168674698796,54.94819277108432,False,False,True,False,False,False,86.876,88.2845655216829,-1.4085655216828883
2026,Monza,FP2,TSU,22,Racing Bulls,24.0,3.0,MEDIUM,18.0,False,87.545,28.888,30.087,28.57,,1,True,False,True,0.0,5.0,33.742168674698796,54.94819277108432,False,False,True,False,False,False,87.545,88.2845655216829,-0.7395655216828914
2026,Monza,FP2,TSU,22,Racing Bulls,25.0,3.0,MEDIUM,19.0,False,87.362,28.777,30.044,28.541,,1,True,False,True,0.0,5.0,33.742168674698796,54.94819277108432,False,False,True,False,False,False,87.362,88.2845655216829,-0.9225655216828983
2026,Monza,FP2,TSU,22,Racing Bulls,26.0,3.0,MEDIUM,20.0,False,87.443,28.562,30.115,28.766,,1,True,False,True,0.0,5.0,33.742168674698796,54.94819277108432,False,False,True,False,False,False,87.443,88.2845655216829,-0.8415655216828952
2026,Monza,FP2,ALB,23,Williams,2.0,1.0,MEDIUM,2.0,True,85.774,27.835,29.186,28.753,,1,True,False,True,0.0,5.0,33.742168674698796,54.94819277108432,False,False,True,False,False,False,85.774,88.2845655216829,-2.510565521682892
2026,Monza,FP2,ALB,23,Williams,4.0,1.0,MEDIUM,4.0,True,105.889,34.625,38.888,32.376,,1,True,False,True,0.0,5.0,33.742168674698796,54.94819277108432,False,False,True,False,False,False,105.889,88.2845655216829,17.604434478317103
2026,Monza,FP2,ALB,23,Williams,5.0,1.0,MEDIUM,5.0,True,85.207,27.621,28.851,28.735,,1,True,False,True,0.0,5.0,33.742168674698796,54.94819277108432,False,False,True,False,False,False,85.207,88.2845655216829,-3.0775655216828994
2026,Monza,FP2,ALB,23,Williams,7.0,1.0,MEDIUM,7.0,True,103.728,35.526,34.902,33.3,,1,True,False,True,0.0,5.0,33.742168674698796,54.94819277108432,False,False,True,False,False,False,103.728,88.2845655216829,15.443434478317101
2026,Monza,FP2,ALB,23,Williams,8.0,1.0,MEDIUM,8.0,True,84.929,27.602,28.792,28.535,,1,True,False,True,0.0,5.0,33.742168674698796,54.94819277108432,False,False,True,False,False,False,84.929,88.2845655216829,-3.355565521682891
2026,Monza,FP2,ALB,23,Williams,10.0,1.0,MEDIUM,10.0,True,85.374,27.877,28.81,28.687,,1,True,False,True,0.0,5.0,33.742168674698796,54.94819277108432,False,False,True,False,False,False,85.374,88.2845655216829,-2.910565521682898
2026,Monza,FP2,ALB,23,Williams,13.0,2.0,SOFT,2.0,True,83.853,27.254,28.489,28.11,,1,True,False,True,0.0,5.0,33.742168674698796,54.94819277108432,False,False,True,False,False,False,83.853,89.13294737922736,-5.279947379227366
2026,Monza,FP2,ALB,23,Williams,16.0,3.0,MEDIUM,13.0,False,87.984,28.819,29.796,29.369,,1,True,False,True,0.0,5.0,33.742168674698796,54.94819277108432,False,False,True,False,False,False,87.984,88.2845655216829,-0.3005655216828984
2026,Monza,FP2,ALB,23,Williams,17.0,3.0,MEDIUM,14.0,False,87.827,28.942,29.642,29.243,,1,True,False,True,0.0,5.0,33.742168674698796,54.94819277108432,False,False,True,False,False,False,87.827,88.2845655216829,-0.4575655216828949
2026,Monza,FP2,ALB,23,Williams,18.0,3.0,MEDIUM,15.0,False,87.802,28.985,29.762,29.055,,1,True,False,True,0.0,5.0,33.742168674698796,54.94819277108432,False,False,True,False,False,False,87.802,88.2845655216829,-0.48256552168288636
2026,Monza,FP2,ALB,23,Williams,19.0,3.0,MEDIUM,16.0,False,87.616,28.709,29.88,29.027,,1,True,False,True,0.0,5.0,33.742168674698796,54.94819277108432,False,False,True,False,False,False,87.616,88.2845655216829,-0.6685655216828934
2026,Monza,FP2,ALB,23,Williams,20.0,3.0,MEDIUM,17.0,False,87.584,28.504,29.917,29.163,,1,True,False,True,0.0,5.0,33.742168674698796,54.94819277108432,False,False,True,False,False,False,87.584,88.2845655216829,-0.7005655216828899
2026,Monza,FP2,ALB,23,Williams,21.0,3.0,MEDIUM,18.0,False,87.917,28.539,30.113,29.265,,1,True,False,True,0.0,5.0,33.742168674698796,54.94819277108432,False,False,True,False,False,False,87.917,88.2845655216829,-0.36756552168289147
2026,Monza,FP2,ALB,23,Williams,22.0,3.0,MEDIUM,19.0,False,87.618,28.567,29.937,29.114,,1,True,False,True,0.0,5.0,33.742168674698796,54.94819277108432,False,False,True,False,False,False,87.618,88.2845655216829,-0.6665655216828981
2026,Monza,FP2,ALB,23,Williams,23.0,3.0,MEDIUM,20.0,False,87.654,28.559,29.967,29.128,,1,True,False,True,0.0,5.0,33.742168674698796,54.94819277108432,False,False,True,False,False,False,87.654,88.2845655216829,-0.6305655216828967
2026,Monza,FP2,ALB,23,Williams,24.0,3.0,MEDIUM,21.0,False,87.753,28.63,30.071,29.052,,1,True,False,True,0.0,5.0,33.742168674698796,54.94819277108432,False,False,True,False,False,False,87.753,88.2845655216829,-0.531565521682893
2026,Monza,FP2,ALB,23,Williams,25.0,3.0,MEDIUM,22.0,False,87.58,28.34,30.119,29.121,,1,True,False,True,0.0,5.0,33.742168674698796,54.94819277108432,False,False,True,False,False,False,87.58,88.2845655216829,-0.7045655216828948
2026,Monza,FP2,ALB,23,Williams,28.0,4.0,SOFT,5.0,False,87.622,29.229,29.708,28.685,,1,True,False,True,0.0,5.0,33.742168674698796,54.94819277108432,False,False,True,False,False,False,87.622,89.13294737922736,-1.5109473792273604
2026,Monza,FP2,HUL,27,Audi,2.0,1.0,MEDIUM,2.0,True,85.294,27.857,28.973,28.464,,1,True,False,True,0.0,5.0,33.742168674698796,54.94819277108432,False,False,True,False,False,False,85.294,88.2845655216829,-2.990565521682896
2026,Monza,FP2,HUL,27,Audi,4.0,1.0,MEDIUM,4.0,True,85.016,27.724,28.757,28.535,,1,True,False,True,0.0,5.0,33.742168674698796,54.94819277108432,False,False,True,False,False,False,85.016,88.2845655216829,-3.2685655216828877
2026,Monza,FP2,HUL,27,Audi,6.0,1.0,MEDIUM,6.0,True,118.063,38.319,34.81,44.934,,1,True,False,True,0.0,5.0,33.742168674698796,54.94819277108432,False,False,True,False,False,False,118.063,88.2845655216829,29.77843447831711
2026,Monza,FP2,HUL,27,Audi,7.0,1.0,MEDIUM,7.0,True,85.019,27.776,28.922,28.321,,1,True,False,True,0.0,5.0,33.742168674698796,54.94819277108432,False,False,True,False,False,False,85.019,88.2845655216829,-3.2655655216828876
2026,Monza,FP2,HUL,27,Audi,9.0,1.0,MEDIUM,9.0,True,122.374,41.503,45.48,35.391,,1,True,False,True,0.0,5.0,33.742168674698796,54.94819277108432,False,False,True,False,False,False,122.374,88.2845655216829,34.0894344783171
2026,Monza,FP2,HUL,27,Audi,10.0,1.0,MEDIUM,10.0,True,94.427,27.999,28.602,37.826,,1,True,False,True,0.0,5.0,33.742168674698796,54.94819277108432,False,False,True,False,False,False,94.427,88.2845655216829,6.142434478317114
2026,Monza,FP2,HUL,27,Audi,13.0,2.0,SOFT,2.0,True,83.732,27.55,28.41,27.772,,1,True,False,True,0.0,5.0,33.742168674698796,54.94819277108432,False,False,True,False,False,False,83.732,89.13294737922736,-5.400947379227361
2026,Monza,FP2,HUL,27,Audi,16.0,3.0,SOFT,5.0,False,84.043,27.605,28.596,27.842,,1,True,False,True,0.0,5.0,33.742168674698796,54.94819277108432,False,False,True,False,False,False,84.043,89.13294737922736,-5.089947379227354
2026,Monza,FP2,HUL,27,Audi,19.0,4.0,SOFT,8.0,False,88.024,29.144,29.791,29.089,,1,True,False,True,0.0,5.0,33.742168674698796,54.94819277108432,False,False,True,False,False,False,88.024,89.13294737922736,-1.1089473792273594
2026,Monza,FP2,HUL,27,Audi,20.0,4.0,SOFT,9.0,False,87.66,28.979,29.703,28.978,,1,True,False,True,0.0,5.0,33.742168674698796,54.94819277108432,False,False,True,False,False,False,87.66,89.13294737922736,-1.4729473792273637
2026,Monza,FP2,HUL,27,Audi,21.0,4.0,SOFT,10.0,False,87.339,28.839,29.71,28.79,,1,True,False,True,0.0,5.0,33.742168674698796,54.94819277108432,False,False,True,False,False,False,87.339,89.13294737922736,-1.7939473792273617
2026,Monza,FP2,HUL,27,Audi,22.0,4.0,SOFT,11.0,False,87.871,28.904,29.888,29.079,,1,True,False,True,0.0,5.0,33.742168674698796,54.94819277108432,False,False,True,False,False,False,87.871,89.13294737922736,-1.2619473792273652
2026,Monza,FP2,HUL,27,Audi,23.0,4.0,SOFT,12.0,False,87.517,28.934,29.641,28.942,,1,True,False,True,0.0,5.0,33.742168674698796,54.94819277108432,False,False,True,False,False,False,87.517,89.13294737922736,-1.6159473792273644
2026,Monza,FP2,HUL,27,Audi,24.0,4.0,SOFT,13.0,False,87.947,29.155,29.934,28.858,,1,True,False,True,0.0,5.0,33.742168674698796,54.94819277108432,False,False,True,False,False,False,87.947,89.13294737922736,-1.1859473792273576
2026,Monza,FP2,HUL,27,Audi,25.0,4.0,SOFT,14.0,False,87.871,28.537,30.373,28.961,,1,True,False,True,0.0,5.0,33.742168674698796,54.94819277108432,False,False,True,False,False,False,87.871,89.13294737922736,-1.2619473792273652
2026,Monza,FP2,HUL,27,Audi,26.0,4.0,SOFT,15.0,False,87.129,28.547,29.878,28.704,,1,True,False,True,0.0,5.0,33.742168674698796,54.94819277108432,False,False,True,False,False,False,87.129,89.13294737922736,-2.0039473792273554
2026,Monza,FP2,LAW,30,Red Bull Racing,2.0,1.0,SOFT,2.0,True,84.473,27.747,28.661,28.065,,1,True,False,True,0.0,5.0,33.742168674698796,54.94819277108432,False,False,True,False,False,False,84.473,89.13294737922736,-4.659947379227361
2026,Monza,FP2,LAW,30,Red Bull Racing,4.0,1.0,SOFT,4.0,True,110.018,39.093,37.463,33.462,,1,True,False,True,0.0,5.0,33.742168674698796,54.94819277108432,False,False,True,False,False,False,110.018,89.13294737922736,20.88505262077264
2026,Monza,FP2,LAW,30,Red Bull Racing,5.0,1.0,SOFT,5.0,True,84.135,27.541,28.536,28.058,,1,True,False,True,0.0,5.0,33.742168674698796,54.94819277108432,False,False,True,False,False,False,84.135,89.13294737922736,-4.997947379227355
2026,Monza,FP2,LAW,30,Red Bull Racing,7.0,1.0,SOFT,7.0,True,111.075,42.1,36.284,32.691,,1,True,False,True,0.0,5.0,33.742168674698796,54.94819277108432,False,False,True,False,False,False,111.075,89.13294737922736,21.942052620772643
2026,Monza,FP2,LAW,30,Red Bull Racing,8.0,1.0,SOFT,8.0,True,83.66,27.49,28.426,27.744,,1,True,False,True,0.0,5.0,33.742168674698796,54.94819277108432,False,False,True,False,False,False,83.66,89.13294737922736,-5.472947379227364
2026,Monza,FP2,LAW,30,Red Bull Racing,11.0,2.0,SOFT,11.0,False,87.735,28.877,29.826999999999998,29.031,,1,True,False,True,0.0,5.0,33.742168674698796,54.94819277108432,False,False,True,False,False,False,87.735,89.13294737922736,-1.397947379227361
2026,Monza,FP2,LAW,30,Red Bull Racing,12.0,2.0,SOFT,12.0,False,87.167,28.63,29.699,28.838,,1,True,False,True,0.0,5.0,33.742168674698796,54.94819277108432,False,False,True,False,False,False,87.167,89.13294737922736,-1.9659473792273587
2026,Monza,FP2,LAW,30,Red Bull Racing,13.0,2.0,SOFT,13.0,False,87.265,28.79,29.736,28.739,,1,True,False,True,0.0,5.0,33.742168674698796,54.94819277108432,False,False,True,False,False,False,87.265,89.13294737922736,-1.8679473792273598
2026,Monza,FP2,LAW,30,Red Bull Racing,14.0,2.0,SOFT,14.0,False,86.69,28.485,29.662,28.543,,1,True,False,True,0.0,5.0,33.742168674698796,54.94819277108432,False,False,True,False,False,False,86.69,89.13294737922736,-2.4429473792273626
2026,Monza,FP2,LAW,30,Red Bull Racing,15.0,2.0,SOFT,15.0,False,86.658,28.461,29.654,28.543,,1,True,False,True,0.0,5.0,33.742168674698796,54.94819277108432,False,False,True,False,False,False,86.658,89.13294737922736,-2.474947379227359
2026,Monza,FP2,LAW,30,Red Bull Racing,16.0,2.0,SOFT,16.0,False,86.77,28.578,29.701999999999998,28.49,,1,True,False,True,0.0,5.0,33.742168674698796,54.94819277108432,False,False,True,False,False,False,86.77,89.13294737922736,-2.3629473792273643
2026,Monza,FP2,LAW,30,Red Bull Racing,17.0,2.0,SOFT,17.0,False,87.398,28.477,29.758,29.163,,1,True,False,True,0.0,5.0,33.742168674698796,54.94819277108432,False,False,True,False,False,False,87.398,89.13294737922736,-1.7349473792273642
2026,Monza,FP2,LAW,30,Red Bull Racing,18.0,2.0,SOFT,18.0,False,86.632,28.531,29.551,28.55,,1,True,False,True,0.0,5.0,33.742168674698796,54.94819277108432,False,False,True,False,False,False,86.632,89.13294737922736,-2.5009473792273553
2026,Monza,FP2,LAW,30,Red Bull Racing,19.0,2.0,SOFT,19.0,False,86.617,28.401,29.78,28.436,,1,True,False,True,0.0,5.0,33.742168674698796,54.94819277108432,False,False,True,False,False,False,86.617,89.13294737922736,-2.515947379227356
2026,Monza,FP2,LAW,30,Red Bull Racing,20.0,2.0,SOFT,20.0,False,86.361,28.385,29.574,28.402,,1,True,False,True,0.0,5.0,33.742168674698796,54.94819277108432,False,False,True,False,False,False,86.361,89.13294737922736,-2.771947379227356
2026,Monza,FP2,LAW,30,Red Bull Racing,23.0,3.0,HARD,2.0,True,86.252,28.486,29.572,28.194,,1,True,False,True,0.0,5.0,33.742168674698796,54.94819277108432,False,False,True,False,False,False,86.252,88.69988428119764,-2.447884281197645
2026,Monza,FP2,LAW,30,Red Bull Racing,24.0,3.0,HARD,3.0,True,85.964,28.314,29.421,28.229,,1,True,False,True,0.0,5.0,33.742168674698796,54.94819277108432,False,False,True,False,False,False,85.964,88.69988428119764,-2.7358842811976416
2026,Monza,FP2,LAW,30,Red Bull Racing,25.0,3.0,HARD,4.0,True,85.754,28.169,29.325,28.26,,1,True,False,True,0.0,5.0,33.742168674698796,54.94819277108432,False,False,True,False,False,False,85.754,88.69988428119764,-2.9458842811976353
2026,Monza,FP2,LAW,30,Red Bull Racing,26.0,3.0,HARD,5.0,True,85.868,28.157,29.38,28.331,,1,True,False,True,0.0,5.0,33.742168674698796,54.94819277108432,False,False,True,False,False,False,85.868,88.69988428119764,-2.8318842811976452
2026,Monza,FP2,LAW,30,Red Bull Racing,27.0,3.0,HARD,6.0,True,85.883,28.209,29.401,28.273,,1,True,False,True,0.0,5.0,33.742168674698796,54.94819277108432,False,False,True,False,False,False,85.883,88.69988428119764,-2.8168842811976447
2026,Monza,FP2,LAW,30,Red Bull Racing,28.0,3.0,HARD,7.0,True,85.582,27.846,29.542,28.194,,1,True,False,True,0.0,5.0,33.742168674698796,54.94819277108432,False,False,True,False,False,False,85.582,88.69988428119764,-3.1178842811976466
2026,Monza,FP2,LAW,30,Red Bull Racing,29.0,3.0,HARD,8.0,True,86.267,28.159,29.672,28.436,,1,True,False,True,0.0,5.0,33.742168674698796,54.94819277108432,False,False,True,False,False,False,86.267,88.69988428119764,-2.4328842811976443
2026,Monza,FP2,LAW,30,Red Bull Racing,30.0,3.0,HARD,9.0,True,86.571,28.175,30.002,28.394,,1,True,False,True,0.0,5.0,33.742168674698796,54.94819277108432,False,False,True,False,False,False,86.571,88.69988428119764,-2.1288842811976423
2026,Monza,FP2,LAW,30,Red Bull Racing,31.0,3.0,HARD,10.0,True,86.154,28.521,29.375,28.258,,1,True,False,True,0.0,5.0,33.742168674698796,54.94819277108432,False,False,True,False,False,False,86.154,88.69988428119764,-2.545884281197644
2026,Monza,FP2,LAW,30,Red Bull Racing,32.0,3.0,HARD,11.0,True,86.128,28.398,29.364,28.366,,1,True,False,True,0.0,5.0,33.742168674698796,54.94819277108432,False,False,True,False,False,False,86.128,88.69988428119764,-2.57188428119764
2026,Monza,FP2,LAW,30,Red Bull Racing,33.0,3.0,HARD,12.0,True,85.88,28.456,29.42,28.004,,1,True,False,True,0.0,5.0,33.742168674698796,54.94819277108432,False,False,True,False,False,False,85.88,88.69988428119764,-2.819884281197645
2026,Monza,FP2,LAW,30,Red Bull Racing,34.0,3.0,HARD,13.0,True,86.459,28.53,29.376,28.553,,1,True,False,True,0.0,5.0,33.742168674698796,54.94819277108432,False,False,True,False,False,False,86.459,88.69988428119764,-2.240884281197637
2026,Monza,FP2,OCO,31,Haas F1 Team,2.0,1.0,MEDIUM,2.0,True,87.373,28.168,29.567,29.638,,1,True,False,True,0.0,5.0,33.742168674698796,54.94819277108432,False,False,True,False,False,False,87.373,88.2845655216829,-0.9115655216828884
2026,Monza,FP2,OCO,31,Haas F1 Team,5.0,2.0,MEDIUM,5.0,False,85.645,27.87,29.037,28.738,,1,True,False,True,0.0,5.0,33.742168674698796,54.94819277108432,False,False,True,False,False,False,85.645,88.2845655216829,-2.639565521682897
2026,Monza,FP2,OCO,31,Haas F1 Team,8.0,2.0,MEDIUM,8.0,False,86.157,28.166,29.228,28.763,,1,True,False,True,0.0,5.0,33.742168674698796,54.94819277108432,False,False,True,False,False,False,86.157,88.2845655216829,-2.1275655216828966
2026,Monza,FP2,OCO,31,Haas F1 Team,11.0,3.0,MEDIUM,11.0,False,85.764,28.126,28.994,28.644,,1,True,False,True,0.0,5.0,33.742168674698796,54.94819277108432,False,False,True,False,False,False,85.764,88.2845655216829,-2.5205655216828973
2026,Monza,FP2,OCO,31,Haas F1 Team,14.0,4.0,SOFT,2.0,True,84.637,27.732,28.715,28.19,,1,True,False,True,0.0,5.0,33.742168674698796,54.94819277108432,False,False,True,False,False,False,84.637,89.13294737922736,-4.49594737922736
2026,Monza,FP2,OCO,31,Haas F1 Team,17.0,5.0,SOFT,5.0,False,84.407,27.393,28.759,28.255,,1,True,False,True,0.0,5.0,33.742168674698796,54.94819277108432,False,False,True,False,False,False,84.407,89.13294737922736,-4.725947379227364
2026,Monza,FP2,OCO,31,Haas F1 Team,20.0,6.0,SOFT,8.0,False,87.507,28.614,29.837,29.056,,1,True,False,True,0.0,5.0,33.742168674698796,54.94819277108432,False,False,True,False,False,False,87.507,89.13294737922736,-1.6259473792273553
2026,Monza,FP2,OCO,31,Haas F1 Team,21.0,6.0,SOFT,9.0,False,87.582,28.843,29.757,28.982,,1,True,False,True,0.0,5.0,33.742168674698796,54.94819277108432,False,False,True,False,False,False,87.582,89.13294737922736,-1.5509473792273667
2026,Monza,FP2,OCO,31,Haas F1 Team,22.0,6.0,SOFT,10.0,False,90.111,29.218,31.64,29.253,,1,True,False,True,0.0,5.0,33.742168674698796,54.94819277108432,False,False,True,False,False,False,90.111,89.13294737922736,0.9780526207726439
2026,Monza,FP2,OCO,31,Haas F1 Team,23.0,6.0,SOFT,11.0,False,87.403,28.593,29.814,28.996,,1,True,False,True,0.0,5.0,33.742168674698796,54.94819277108432,False,False,True,False,False,False,87.403,89.13294737922736,-1.7299473792273545
2026,Monza,FP2,OCO,31,Haas F1 Team,24.0,6.0,SOFT,12.0,False,88.416,28.503,31.016,28.897,,1,True,False,True,0.0,5.0,33.742168674698796,54.94819277108432,False,False,True,False,False,False,88.416,89.13294737922736,-0.7169473792273635
2026,Monza,FP2,OCO,31,Haas F1 Team,25.0,6.0,SOFT,13.0,False,87.738,28.181,30.515,29.042,,1,True,False,True,0.0,5.0,33.742168674698796,54.94819277108432,False,False,True,False,False,False,87.738,89.13294737922736,-1.3949473792273608
2026,Monza,FP2,OCO,31,Haas F1 Team,26.0,6.0,SOFT,14.0,False,88.203,29.141,30.113,28.949,,1,True,False,True,0.0,5.0,33.742168674698796,54.94819277108432,False,False,True,False,False,False,88.203,89.13294737922736,-0.9299473792273574
2026,Monza,FP2,OCO,31,Haas F1 Team,27.0,6.0,SOFT,15.0,False,87.734,28.845,29.845,29.044,,1,True,False,True,0.0,5.0,33.742168674698796,54.94819277108432,False,False,True,False,False,False,87.734,89.13294737922736,-1.3989473792273657
2026,Monza,FP2,LIN,41,Racing Bulls,2.0,1.0,MEDIUM,2.0,True,84.258,27.751,28.669,27.838,,1,True,False,True,0.0,5.0,33.742168674698796,54.94819277108432,False,False,True,False,False,False,84.258,88.2845655216829,-4.0265655216828975
2026,Monza,FP2,LIN,41,Racing Bulls,4.0,1.0,MEDIUM,4.0,True,83.807,27.593,28.456,27.758,,1,True,False,True,0.0,5.0,33.742168674698796,54.94819277108432,False,False,True,False,False,False,83.807,88.2845655216829,-4.477565521682891
2026,Monza,FP2,LIN,41,Racing Bulls,7.0,1.0,MEDIUM,7.0,True,83.468,27.576,28.199,27.693,,1,True,False,True,0.0,5.0,33.742168674698796,54.94819277108432,False,False,True,False,False,False,83.468,88.2845655216829,-4.8165655216828895
2026,Monza,FP2,LIN,41,Racing Bulls,10.0,2.0,SOFT,2.0,True,83.465,27.563,28.266,27.636,,1,True,False,True,0.0,5.0,33.742168674698796,54.94819277108432,False,False,True,False,False,False,83.465,89.13294737922736,-5.667947379227357
2026,Monza,FP2,LIN,41,Racing Bulls,13.0,3.0,SOFT,5.0,False,83.349,27.504,28.202,27.643,,1,True,False,True,0.0,5.0,33.742168674698796,54.94819277108432,False,False,True,False,False,False,83.349,89.13294737922736,-5.783947379227357
2026,Monza,FP2,LIN,41,Racing Bulls,16.0,4.0,MEDIUM,10.0,False,87.398,28.875,29.808,28.715,,1,True,False,True,0.0,5.0,33.742168674698796,54.94819277108432,False,False,True,False,False,False,87.398,88.2845655216829,-0.8865655216828969
2026,Monza,FP2,LIN,41,Racing Bulls,17.0,4.0,MEDIUM,11.0,False,87.091,28.701999999999998,29.698,28.691,,1,True,False,True,0.0,5.0,33.742168674698796,54.94819277108432,False,False,True,False,False,False,87.091,88.2845655216829,-1.193565521682899
2026,Monza,FP2,LIN,41,Racing Bulls,18.0,4.0,MEDIUM,12.0,False,87.295,28.97,29.797,28.528,,1,True,False,True,0.0,5.0,33.742168674698796,54.94819277108432,False,False,True,False,False,False,87.295,88.2845655216829,-0.9895655216828914
2026,Monza,FP2,LIN,41,Racing Bulls,19.0,4.0,MEDIUM,13.0,False,86.27,27.878,29.809,28.583,,1,True,False,True,0.0,5.0,33.742168674698796,54.94819277108432,False,False,True,False,False,False,86.27,88.2845655216829,-2.014565521682897
2026,Monza,FP2,LIN,41,Racing Bulls,20.0,4.0,MEDIUM,14.0,False,87.072,28.588,29.82,28.664,,1,True,False,True,0.0,5.0,33.742168674698796,54.94819277108432,False,False,True,False,False,False,87.072,88.2845655216829,-1.2125655216828903
2026,Monza,FP2,LIN,41,Racing Bulls,21.0,4.0,MEDIUM,15.0,False,87.121,28.812,29.693,28.616,,1,True,False,True,0.0,5.0,33.742168674698796,54.94819277108432,False,False,True,False,False,False,87.121,88.2845655216829,-1.163565521682898
2026,Monza,FP2,LIN,41,Racing Bulls,22.0,4.0,MEDIUM,16.0,False,86.876,28.791,29.623,28.462,,1,True,False,True,0.0,5.0,33.742168674698796,54.94819277108432,False,False,True,False,False,False,86.876,88.2845655216829,-1.4085655216828883
2026,Monza,FP2,LIN,41,Racing Bulls,23.0,4.0,MEDIUM,17.0,False,86.817,28.609,29.76,28.448,,1,True,False,True,0.0,5.0,33.742168674698796,54.94819277108432,False,False,True,False,False,False,86.817,88.2845655216829,-1.4675655216829
2026,Monza,FP2,LIN,41,Racing Bulls,24.0,4.0,MEDIUM,18.0,False,86.799,28.602,29.667,28.53,,1,True,False,True,0.0,5.0,33.742168674698796,54.94819277108432,False,False,True,False,False,False,86.799,88.2845655216829,-1.4855655216828865
2026,Monza,FP2,LIN,41,Racing Bulls,25.0,4.0,MEDIUM,19.0,False,86.505,28.575,29.642,28.288,,1,True,False,True,0.0,5.0,33.742168674698796,54.94819277108432,False,False,True,False,False,False,86.505,88.2845655216829,-1.7795655216828976
2026,Monza,FP2,COL,43,Alpine,2.0,1.0,HARD,2.0,True,85.174,27.446,28.888,28.84,,1,True,False,True,0.0,5.0,33.742168674698796,54.94819277108432,False,False,True,False,False,False,85.174,88.69988428119764,-3.5258842811976336
2026,Monza,FP2,COL,43,Alpine,4.0,1.0,HARD,4.0,True,84.852,27.484,28.773,28.595,,1,True,False,True,0.0,5.0,33.742168674698796,54.94819277108432,False,False,True,False,False,False,84.852,88.69988428119764,-3.8478842811976364
2026,Monza,FP2,COL,43,Alpine,6.0,1.0,HARD,6.0,True,84.248,27.175,28.506,28.567,,1,True,False,True,0.0,5.0,33.742168674698796,54.94819277108432,False,False,True,False,False,False,84.248,88.69988428119764,-4.451884281197636
2026,Monza,FP2,COL,43,Alpine,8.0,1.0,HARD,8.0,True,84.361,27.292,28.638,28.431,,1,True,False,True,0.0,5.0,33.742168674698796,54.94819277108432,False,False,True,False,False,False,84.361,88.69988428119764,-4.338884281197636
2026,Monza,FP2,COL,43,Alpine,11.0,2.0,SOFT,2.0,True,83.619,27.088,28.204,28.327,,1,True,False,True,0.0,5.0,33.742168674698796,54.94819277108432,False,False,True,False,False,False,83.619,89.13294737922736,-5.513947379227361
2026,Monza,FP2,COL,43,Alpine,16.0,3.0,SOFT,7.0,False,87.319,28.519,29.759,29.041,,1,True,False,True,0.0,5.0,33.742168674698796,54.94819277108432,False,False,True,False,False,False,87.319,89.13294737922736,-1.8139473792273577
2026,Monza,FP2,COL,43,Alpine,17.0,3.0,SOFT,8.0,False,87.158,28.757,29.47,28.931,,1,True,False,True,0.0,5.0,33.742168674698796,54.94819277108432,False,False,True,False,False,False,87.158,89.13294737922736,-1.974947379227359
2026,Monza,FP2,COL,43,Alpine,18.0,3.0,SOFT,9.0,False,86.775,28.649,29.254,28.872,,1,True,False,True,0.0,5.0,33.742168674698796,54.94819277108432,False,False,True,False,False,False,86.775,89.13294737922736,-2.3579473792273546
2026,Monza,FP2,COL,43,Alpine,19.0,3.0,SOFT,10.0,False,86.699,28.683,29.281,28.735,,1,True,False,True,0.0,5.0,33.742168674698796,54.94819277108432,False,False,True,False,False,False,86.699,89.13294737922736,-2.4339473792273623
2026,Monza,FP2,COL,43,Alpine,20.0,3.0,SOFT,11.0,False,86.632,28.518,29.381,28.733,,1,True,False,True,0.0,5.0,33.742168674698796,54.94819277108432,False,False,True,False,False,False,86.632,89.13294737922736,-2.5009473792273553
2026,Monza,FP2,COL,43,Alpine,21.0,3.0,SOFT,12.0,False,89.961,28.661,29.564,31.736,,1,True,False,True,0.0,5.0,33.742168674698796,54.94819277108432,False,False,True,False,False,False,89.961,89.13294737922736,0.8280526207726382
2026,Monza,FP2,COL,43,Alpine,22.0,3.0,SOFT,13.0,False,88.34,29.123,30.023,29.194,,1,True,False,True,0.0,5.0,33.742168674698796,54.94819277108432,False,False,True,False,False,False,88.34,89.13294737922736,-0.7929473792273569
2026,Monza,FP2,COL,43,Alpine,25.0,4.0,HARD,11.0,False,88.204,28.794,30.062,29.348,,1,True,False,True,0.0,5.0,33.742168674698796,54.94819277108432,False,False,True,False,False,False,88.204,88.69988428119764,-0.4958842811976467
2026,Monza,FP2,COL,43,Alpine,26.0,4.0,HARD,12.0,False,124.107,36.165,42.622,45.32,,1,True,False,True,0.0,5.0,33.742168674698796,54.94819277108432,False,False,True,False,False,False,124.107,88.69988428119764,35.40711571880236
2026,Monza,FP2,HAM,44,Ferrari,2.0,1.0,MEDIUM,2.0,True,83.831,27.38,28.594,27.857,,1,True,False,True,0.0,5.0,33.742168674698796,54.94819277108432,False,False,True,False,False,False,83.831,88.2845655216829,-4.45356552168289
2026,Monza,FP2,HAM,44,Ferrari,5.0,2.0,MEDIUM,5.0,False,94.523,27.382,28.69,38.451,,1,True,False,True,0.0,5.0,33.742168674698796,54.94819277108432,False,False,True,False,False,False,94.523,88.2845655216829,6.238434478317103
2026,Monza,FP2,HAM,44,Ferrari,7.0,2.0,MEDIUM,7.0,False,84.029,27.569,28.471,27.989,,1,True,False,True,0.0,5.0,33.742168674698796,54.94819277108432,False,False,True,False,False,False,84.029,88.2845655216829,-4.255565521682897
2026,Monza,FP2,HAM,44,Ferrari,10.0,3.0,SOFT,2.0,True,83.016,27.174,28.145,27.697,,1,True,False,True,0.0,5.0,33.742168674698796,54.94819277108432,False,False,True,False,False,False,83.016,89.13294737922736,-6.116947379227355
2026,Monza,FP2,HAM,44,Ferrari,13.0,4.0,SOFT,5.0,False,116.521,47.757,37.941,30.823,,1,True,False,True,0.0,5.0,33.742168674698796,54.94819277108432,False,False,True,False,False,False,116.521,89.13294737922736,27.38805262077264
2026,Monza,FP2,HAM,44,Ferrari,16.0,5.0,SOFT,8.0,False,86.424,28.491,29.566,28.367,,1,True,False,True,0.0,5.0,33.742168674698796,54.94819277108432,False,False,True,False,False,False,86.424,89.13294737922736,-2.7089473792273537
2026,Monza,FP2,HAM,44,Ferrari,17.0,5.0,SOFT,9.0,False,86.645,28.618,29.682,28.345,,1,True,False,True,0.0,5.0,33.742168674698796,54.94819277108432,False,False,True,False,False,False,86.645,89.13294737922736,-2.4879473792273643
2026,Monza,FP2,HAM,44,Ferrari,18.0,5.0,SOFT,10.0,False,86.373,28.586,29.524,28.263,,1,True,False,True,0.0,5.0,33.742168674698796,54.94819277108432,False,False,True,False,False,False,86.373,89.13294737922736,-2.7599473792273557
2026,Monza,FP2,HAM,44,Ferrari,19.0,5.0,SOFT,11.0,False,86.022,28.448,29.47,28.104,,1,True,False,True,0.0,5.0,33.742168674698796,54.94819277108432,False,False,True,False,False,False,86.022,89.13294737922736,-3.1109473792273548
2026,Monza,FP2,HAM,44,Ferrari,20.0,5.0,SOFT,12.0,False,86.419,28.497,29.706,28.216,,1,True,False,True,0.0,5.0,33.742168674698796,54.94819277108432,False,False,True,False,False,False,86.419,89.13294737922736,-2.7139473792273634
2026,Monza,FP2,HAM,44,Ferrari,21.0,5.0,SOFT,13.0,False,86.002,28.306,29.453,28.243,,1,True,False,True,0.0,5.0,33.742168674698796,54.94819277108432,False,False,True,False,False,False,86.002,89.13294737922736,-3.130947379227365
2026,Monza,FP2,HAM,44,Ferrari,22.0,5.0,SOFT,14.0,False,86.254,27.965,29.962,28.327,,1,True,False,True,0.0,5.0,33.742168674698796,54.94819277108432,False,False,True,False,False,False,86.254,89.13294737922736,-2.8789473792273554
2026,Monza,FP2,HAM,44,Ferrari,23.0,5.0,SOFT,15.0,False,85.756,28.272,29.627,27.857,,1,True,False,True,0.0,5.0,33.742168674698796,54.94819277108432,False,False,True,False,False,False,85.756,89.13294737922736,-3.37694737922736
2026,Monza,FP2,HAM,44,Ferrari,24.0,5.0,SOFT,16.0,False,86.261,28.08,29.832,28.349,,1,True,False,True,0.0,5.0,33.742168674698796,54.94819277108432,False,False,True,False,False,False,86.261,89.13294737922736,-2.8719473792273646
2026,Monza,FP2,SAI,55,Williams,2.0,1.0,MEDIUM,2.0,True,84.985,27.375,28.882,28.728,,1,True,False,True,0.0,5.0,33.742168674698796,54.94819277108432,False,False,True,False,False,False,84.985,88.2845655216829,-3.2995655216828936
2026,Monza,FP2,SAI,55,Williams,4.0,1.0,MEDIUM,4.0,True,84.912,27.445,28.867,28.6,,1,True,False,True,0.0,5.0,33.742168674698796,54.94819277108432,False,False,True,False,False,False,84.912,88.2845655216829,-3.372565521682887
2026,Monza,FP2,SAI,55,Williams,6.0,1.0,MEDIUM,6.0,True,84.587,27.246,28.766,28.575,,1,True,False,True,0.0,5.0,33.742168674698796,54.94819277108432,False,False,True,False,False,False,84.587,88.2845655216829,-3.6975655216828898
2026,Monza,FP2,SAI,55,Williams,9.0,2.0,MEDIUM,9.0,False,115.047,27.284,46.602,41.161,,1,True,False,True,0.0,5.0,33.742168674698796,54.94819277108432,False,False,True,False,False,False,115.047,88.2845655216829,26.762434478317104
2026,Monza,FP2,SAI,55,Williams,12.0,3.0,SOFT,2.0,True,83.9,27.07,28.63,28.2,,1,True,False,True,0.0,5.0,33.742168674698796,54.94819277108432,False,False,True,False,False,False,83.9,89.13294737922736,-5.232947379227355
2026,Monza,FP2,SAI,55,Williams,15.0,3.0,SOFT,5.0,True,84.026,27.246,28.596,28.184,,1,True,False,True,0.0,5.0,33.742168674698796,54.94819277108432,False,False,True,False,False,False,84.026,89.13294737922736,-5.106947379227364
2026,Monza,FP2,SAI,55,Williams,18.0,4.0,SOFT,8.0,False,87.439,28.448,29.858,29.133,,1,True,False,True,0.0,5.0,33.742168674698796,54.94819277108432,False,False,True,False,False,False,87.439,89.13294737922736,-1.6939473792273674
2026,Monza,FP2,SAI,55,Williams,19.0,4.0,SOFT,9.0,False,87.427,28.477,29.828,29.122,,1,True,False,True,0.0,5.0,33.742168674698796,54.94819277108432,False,False,True,False,False,False,87.427,89.13294737922736,-1.7059473792273536
2026,Monza,FP2,SAI,55,Williams,20.0,4.0,SOFT,10.0,False,87.337,28.444,29.762,29.131,,1,True,False,True,0.0,5.0,33.742168674698796,54.94819277108432,False,False,True,False,False,False,87.337,89.13294737922736,-1.795947379227357
2026,Monza,FP2,SAI,55,Williams,21.0,4.0,SOFT,11.0,False,89.029,29.266,30.424,29.339,,1,True,False,True,0.0,5.0,33.742168674698796,54.94819277108432,False,False,True,False,False,False,89.029,89.13294737922736,-0.10394737922736397
2026,Monza,FP2,SAI,55,Williams,22.0,4.0,SOFT,12.0,False,87.293,28.362,29.854,29.077,,1,True,False,True,0.0,5.0,33.742168674698796,54.94819277108432,False,False,True,False,False,False,87.293,89.13294737922736,-1.839947379227354
2026,Monza,FP2,SAI,55,Williams,23.0,4.0,SOFT,13.0,False,87.333,28.344,29.917,29.072,,1,True,False,True,0.0,5.0,33.742168674698796,54.94819277108432,False,False,True,False,False,False,87.333,89.13294737922736,-1.799947379227362
2026,Monza,FP2,SAI,55,Williams,24.0,4.0,SOFT,14.0,False,87.539,28.516,29.94,29.083,,1,True,False,True,0.0,5.0,33.742168674698796,54.94819277108432,False,False,True,False,False,False,87.539,89.13294737922736,-1.5939473792273589
2026,Monza,FP2,SAI,55,Williams,25.0,4.0,SOFT,15.0,False,87.341,28.452,29.899,28.99,,1,True,False,True,0.0,5.0,33.742168674698796,54.94819277108432,False,False,True,False,False,False,87.341,89.13294737922736,-1.7919473792273664
2026,Monza,FP2,SAI,55,Williams,26.0,4.0,SOFT,16.0,False,87.363,28.476,29.944,28.943,,1,True,False,True,0.0,5.0,33.742168674698796,54.94819277108432,False,False,True,False,False,False,87.363,89.13294737922736,-1.7699473792273608
2026,Monza,FP2,SAI,55,Williams,27.0,4.0,SOFT,17.0,False,88.073,28.866,30.323,28.884,,1,True,False,True,0.0,5.0,33.742168674698796,54.94819277108432,False,False,True,False,False,False,88.073,89.13294737922736,-1.059947379227367
2026,Monza,FP2,RUS,63,Mercedes,2.0,1.0,HARD,2.0,True,83.625,27.275,28.188,28.162,,1,True,False,True,0.0,5.0,33.742168674698796,54.94819277108432,False,False,True,False,False,False,83.625,88.69988428119764,-5.07488428119764
2026,Monza,FP2,RUS,63,Mercedes,4.0,1.0,HARD,4.0,True,83.434,27.336,28.025,28.073,,1,True,False,True,0.0,5.0,33.742168674698796,54.94819277108432,False,False,True,False,False,False,83.434,88.69988428119764,-5.265884281197643
2026,Monza,FP2,RUS,63,Mercedes,7.0,2.0,HARD,7.0,False,83.202,27.232,28.037,27.933,,1,True,False,True,0.0,5.0,33.742168674698796,54.94819277108432,False,False,True,False,False,False,83.202,88.69988428119764,-5.497884281197642
2026,Monza,FP2,RUS,63,Mercedes,11.0,4.0,SOFT,3.0,False,82.686,27.084,27.82,27.782,,1,True,False,True,0.0,5.0,33.742168674698796,54.94819277108432,False,False,True,False,False,False,82.686,89.13294737922736,-6.446947379227353
2026,Monza,FP2,RUS,63,Mercedes,14.0,4.0,SOFT,6.0,False,82.559,27.044,27.794,27.721,,1,True,False,True,0.0,5.0,33.742168674698796,54.94819277108432,False,False,True,False,False,False,82.559,89.13294737922736,-6.573947379227363
2026,Monza,FP2,RUS,63,Mercedes,17.0,5.0,HARD,10.0,False,86.11,28.375,29.1,28.635,,1,True,False,True,0.0,5.0,33.742168674698796,54.94819277108432,False,False,True,False,False,False,86.11,88.69988428119764,-2.589884281197641
2026,Monza,FP2,RUS,63,Mercedes,18.0,5.0,HARD,11.0,False,86.381,28.694,29.142,28.545,,1,True,False,True,0.0,5.0,33.742168674698796,54.94819277108432,False,False,True,False,False,False,86.381,88.69988428119764,-2.31888428119764
2026,Monza,FP2,RUS,63,Mercedes,19.0,5.0,HARD,12.0,False,86.304,28.513,29.327,28.464,,1,True,False,True,0.0,5.0,33.742168674698796,54.94819277108432,False,False,True,False,False,False,86.304,88.69988428119764,-2.395884281197638
2026,Monza,FP2,RUS,63,Mercedes,20.0,5.0,HARD,13.0,False,86.155,28.5,29.224,28.431,,1,True,False,True,0.0,5.0,33.742168674698796,54.94819277108432,False,False,True,False,False,False,86.155,88.69988428119764,-2.544884281197639
2026,Monza,FP2,RUS,63,Mercedes,21.0,5.0,HARD,14.0,False,85.975,28.341,29.278,28.356,,1,True,False,True,0.0,5.0,33.742168674698796,54.94819277108432,False,False,True,False,False,False,85.975,88.69988428119764,-2.724884281197646
2026,Monza,FP2,RUS,63,Mercedes,22.0,5.0,HARD,15.0,False,86.14,28.199,29.459,28.482,,1,True,False,True,0.0,5.0,33.742168674698796,54.94819277108432,False,False,True,False,False,False,86.14,88.69988428119764,-2.5598842811976397
2026,Monza,FP2,RUS,63,Mercedes,23.0,5.0,HARD,16.0,False,85.943,28.359,29.219,28.365,,1,True,False,True,0.0,5.0,33.742168674698796,54.94819277108432,False,False,True,False,False,False,85.943,88.69988428119764,-2.7568842811976424
2026,Monza,FP2,RUS,63,Mercedes,24.0,5.0,HARD,17.0,False,87.175,28.07,29.764,29.341,,1,True,False,True,0.0,5.0,33.742168674698796,54.94819277108432,False,False,True,False,False,False,87.175,88.69988428119764,-1.524884281197643
2026,Monza,FP2,RUS,63,Mercedes,25.0,5.0,HARD,18.0,False,85.742,28.067,29.324,28.351,,1,True,False,True,0.0,5.0,33.742168674698796,54.94819277108432,False,False,True,False,False,False,85.742,88.69988428119764,-2.957884281197636
2026,Monza,FP2,RUS,63,Mercedes,26.0,5.0,HARD,19.0,False,86.158,28.533,29.311,28.314,,1,True,False,True,0.0,5.0,33.742168674698796,54.94819277108432,False,False,True,False,False,False,86.158,88.69988428119764,-2.541884281197639
2026,Monza,FP2,RUS,63,Mercedes,29.0,6.0,SOFT,9.0,False,122.936,33.776,35.916,53.244,,1,True,False,True,0.0,5.0,33.742168674698796,54.94819277108432,False,False,True,False,False,False,122.936,89.13294737922736,33.80305262077265
2026,Monza,FP2,BOT,77,Cadillac,2.0,1.0,MEDIUM,2.0,True,86.107,27.925,29.278,28.904,,1,True,False,True,0.0,5.0,33.742168674698796,54.94819277108432,False,False,True,False,False,False,86.107,88.2845655216829,-2.1775655216828937
2026,Monza,FP2,BOT,77,Cadillac,4.0,1.0,MEDIUM,4.0,True,86.314,28.101,29.209,29.004,,1,True,False,True,0.0,5.0,33.742168674698796,54.94819277108432,False,False,True,False,False,False,86.314,88.2845655216829,-1.9705655216829001
2026,Monza,FP2,BOT,77,Cadillac,7.0,2.0,MEDIUM,7.0,False,86.19,27.901,29.193,29.096,,1,True,False,True,0.0,5.0,33.742168674698796,54.94819277108432,False,False,True,False,False,False,86.19,88.2845655216829,-2.0945655216828953
2026,Monza,FP2,BOT,77,Cadillac,10.0,3.0,SOFT,2.0,True,85.149,27.636,28.878,28.635,,1,True,False,True,0.0,5.0,33.742168674698796,54.94819277108432,False,False,True,False,False,False,85.149,89.13294737922736,-3.9839473792273594
2026,Monza,FP2,BOT,77,Cadillac,13.0,3.0,SOFT,5.0,True,108.595,31.529,42.654,34.412,,1,True,False,True,0.0,5.0,33.742168674698796,54.94819277108432,False,False,True,False,False,False,108.595,89.13294737922736,19.46205262077264
2026,Monza,FP2,BOT,77,Cadillac,14.0,3.0,SOFT,6.0,True,85.216,27.554,28.765,28.897,,1,True,False,True,0.0,5.0,33.742168674698796,54.94819277108432,False,False,True,False,False,False,85.216,89.13294737922736,-3.9169473792273664
2026,Monza,FP2,BOT,77,Cadillac,17.0,4.0,SOFT,9.0,False,88.155,28.622,29.992,29.541,,1,True,False,True,0.0,5.0,33.742168674698796,54.94819277108432,False,False,True,False,False,False,88.155,89.13294737922736,-0.9779473792273592
2026,Monza,FP2,BOT,77,Cadillac,18.0,4.0,SOFT,10.0,False,88.225,28.749,30.149,29.327,,1,True,False,True,0.0,5.0,33.742168674698796,54.94819277108432,False,False,True,False,False,False,88.225,89.13294737922736,-0.907947379227366
2026,Monza,FP2,BOT,77,Cadillac,19.0,4.0,SOFT,11.0,False,89.186,29.047,30.804,29.335,,1,True,False,True,0.0,5.0,33.742168674698796,54.94819277108432,False,False,True,False,False,False,89.186,89.13294737922736,0.05305262077264672
2026,Monza,FP2,BOT,77,Cadillac,20.0,4.0,SOFT,12.0,False,88.09,28.625,30.34,29.125,,1,True,False,True,0.0,5.0,33.742168674698796,54.94819277108432,False,False,True,False,False,False,88.09,89.13294737922736,-1.042947379227357
2026,Monza,FP2,BOT,77,Cadillac,21.0,4.0,SOFT,13.0,False,88.171,28.685,30.048,29.438,,1,True,False,True,0.0,5.0,33.742168674698796,54.94819277108432,False,False,True,False,False,False,88.171,89.13294737922736,-0.9619473792273538
2026,Monza,FP2,BOT,77,Cadillac,22.0,4.0,SOFT,14.0,False,88.081,28.826,30.163,29.092,,1,True,False,True,0.0,5.0,33.742168674698796,54.94819277108432,False,False,True,False,False,False,88.081,89.13294737922736,-1.0519473792273573
2026,Monza,FP2,BOT,77,Cadillac,23.0,4.0,SOFT,15.0,False,88.518,28.94,30.222,29.356,,1,True,False,True,0.0,5.0,33.742168674698796,54.94819277108432,False,False,True,False,False,False,88.518,89.13294737922736,-0.6149473792273596
2026,Monza,FP2,BOT,77,Cadillac,24.0,4.0,SOFT,16.0,False,88.756,28.856,30.498,29.402,,1,True,False,True,0.0,5.0,33.742168674698796,54.94819277108432,False,False,True,False,False,False,88.756,89.13294737922736,-0.3769473792273601
2026,Monza,FP2,BOT,77,Cadillac,25.0,4.0,SOFT,17.0,False,88.758,29.28,30.275,29.203,,1,True,False,True,0.0,5.0,33.742168674698796,54.94819277108432,False,False,True,False,False,False,88.758,89.13294737922736,-0.37494737922736476
2026,Monza,FP2,PIA,81,McLaren,2.0,1.0,HARD,2.0,True,84.466,27.497,28.622,28.347,,1,True,False,True,0.0,5.0,33.742168674698796,54.94819277108432,False,False,True,False,False,False,84.466,88.69988428119764,-4.233884281197646
2026,Monza,FP2,PIA,81,McLaren,4.0,1.0,HARD,4.0,True,84.059,27.488,28.273,28.298,,1,True,False,True,0.0,5.0,33.742168674698796,54.94819277108432,False,False,True,False,False,False,84.059,88.69988428119764,-4.640884281197643
2026,Monza,FP2,PIA,81,McLaren,6.0,1.0,HARD,6.0,True,83.855,27.376,28.24,28.239,,1,True,False,True,0.0,5.0,33.742168674698796,54.94819277108432,False,False,True,False,False,False,83.855,88.69988428119764,-4.844884281197636
2026,Monza,FP2,PIA,81,McLaren,9.0,2.0,SOFT,2.0,True,120.863,39.461,39.169,42.233,,1,True,False,True,0.0,5.0,33.742168674698796,54.94819277108432,False,False,True,False,False,False,120.863,89.13294737922736,31.73005262077264
2026,Monza,FP2,PIA,81,McLaren,10.0,2.0,SOFT,3.0,True,83.028,27.348,27.945,27.735,,1,True,False,True,0.0,5.0,33.742168674698796,54.94819277108432,False,False,True,False,False,False,83.028,89.13294737922736,-6.1049473792273545
2026,Monza,FP2,PIA,81,McLaren,11.0,2.0,SOFT,4.0,True,123.674,40.908,45.71,37.056,,1,True,False,True,0.0,5.0,33.742168674698796,54.94819277108432,False,False,True,False,False,False,123.674,89.13294737922736,34.541052620772646
2026,Monza,FP2,PIA,81,McLaren,13.0,2.0,SOFT,6.0,True,83.219,27.408,27.987,27.824,,1,True,False,True,0.0,5.0,33.742168674698796,54.94819277108432,False,False,True,False,False,False,83.219,89.13294737922736,-5.913947379227366
2026,Monza,FP2,PIA,81,McLaren,16.0,3.0,HARD,9.0,False,86.467,28.295,29.379,28.793,,1,True,False,True,0.0,5.0,33.742168674698796,54.94819277108432,False,False,True,False,False,False,86.467,88.69988428119764,-2.2328842811976415
2026,Monza,FP2,PIA,81,McLaren,17.0,3.0,HARD,10.0,False,86.292,28.365,29.123,28.804,,1,True,False,True,0.0,5.0,33.742168674698796,54.94819277108432,False,False,True,False,False,False,86.292,88.69988428119764,-2.4078842811976386
2026,Monza,FP2,PIA,81,McLaren,18.0,3.0,HARD,11.0,False,86.865,28.276,29.839,28.75,,1,True,False,True,0.0,5.0,33.742168674698796,54.94819277108432,False,False,True,False,False,False,86.865,88.69988428119764,-1.8348842811976454
2026,Monza,FP2,PIA,81,McLaren,19.0,3.0,HARD,12.0,False,87.211,28.823,29.794,28.594,,1,True,False,True,0.0,5.0,33.742168674698796,54.94819277108432,False,False,True,False,False,False,87.211,88.69988428119764,-1.4888842811976417
2026,Monza,FP2,PIA,81,McLaren,22.0,4.0,SOFT,9.0,False,86.406,28.662,29.213,28.531,,1,True,False,True,0.0,5.0,33.742168674698796,54.94819277108432,False,False,True,False,False,False,86.406,89.13294737922736,-2.7269473792273544
2026,Monza,FP2,PIA,81,McLaren,23.0,4.0,SOFT,10.0,False,102.672,33.509,38.617,30.546,,1,True,False,True,0.0,5.0,33.742168674698796,54.94819277108432,False,False,True,False,False,False,102.672,89.13294737922736,13.539052620772637
2026,Monza,FP2,BEA,87,Haas F1 Team,2.0,1.0,MEDIUM,2.0,True,85.238,27.801,29.002,28.435,,1,True,False,True,0.0,5.0,33.742168674698796,54.94819277108432,False,False,True,False,False,False,85.238,88.2845655216829,-3.0465655216828935
2026,Monza,FP2,BEA,87,Haas F1 Team,5.0,2.0,MEDIUM,5.0,False,84.961,27.838,28.73,28.393,,1,True,False,True,0.0,5.0,33.742168674698796,54.94819277108432,False,False,True,False,False,False,84.961,88.2845655216829,-3.3235655216828945
2026,Monza,FP2,BEA,87,Haas F1 Team,9.0,3.0,MEDIUM,9.0,False,85.119,27.855,28.78,28.484,,1,True,False,True,0.0,5.0,33.742168674698796,54.94819277108432,False,False,True,False,False,False,85.119,88.2845655216829,-3.1655655216828933
2026,Monza,FP2,BEA,87,Haas F1 Team,12.0,4.0,SOFT,2.0,True,83.69,27.396,28.356,27.938,,1,True,False,True,0.0,5.0,33.742168674698796,54.94819277108432,False,False,True,False,False,False,83.69,89.13294737922736,-5.442947379227363
2026,Monza,FP2,BEA,87,Haas F1 Team,16.0,5.0,SOFT,6.0,False,83.37,27.244,28.301,27.825,,1,True,False,True,0.0,5.0,33.742168674698796,54.94819277108432,False,False,True,False,False,False,83.37,89.13294737922736,-5.762947379227356
2026,Monza,FP2,BEA,87,Haas F1 Team,19.0,6.0,MEDIUM,12.0,False,92.615,32.815,30.708,29.092,,1,True,False,True,0.0,5.0,33.742168674698796,54.94819277108432,False,False,True,False,False,False,92.615,88.2845655216829,4.330434478317102
2026,Monza,FP2,BEA,87,Haas F1 Team,20.0,6.0,MEDIUM,13.0,False,87.779,28.521,30.346,28.912,,1,True,False,True,0.0,5.0,33.742168674698796,54.94819277108432,False,False,True,False,False,False,87.779,88.2845655216829,-0.5055655216828967
2026,Monza,FP2,BEA,87,Haas F1 Team,21.0,6.0,MEDIUM,14.0,False,86.827,28.658,29.547,28.622,,1,True,False,True,0.0,5.0,33.742168674698796,54.94819277108432,False,False,True,False,False,False,86.827,88.2845655216829,-1.4575655216828949
2026,Monza,FP2,BEA,87,Haas F1 Team,22.0,6.0,MEDIUM,15.0,False,88.763,29.838,29.862,29.063,,1,True,False,True,0.0,5.0,33.742168674698796,54.94819277108432,False,False,True,False,False,False,88.763,88.2845655216829,0.47843447831711217
2026,Monza,FP2,BEA,87,Haas F1 Team,24.0,6.0,MEDIUM,17.0,False,86.847,28.501,29.604,28.742,,1,True,False,True,0.0,5.0,33.742168674698796,54.94819277108432,False,False,True,False,False,False,86.847,88.2845655216829,-1.4375655216828989
2026,Monza,FP2,BEA,87,Haas F1 Team,25.0,6.0,MEDIUM,18.0,False,87.476,28.685,29.867,28.924,,1,True,False,True,0.0,5.0,33.742168674698796,54.94819277108432,False,False,True,False,False,False,87.476,88.2845655216829,-0.808565521682894
2026,Monza,FP2,BEA,87,Haas F1 Team,26.0,6.0,MEDIUM,19.0,False,87.342,29.06,29.648,28.634,,1,True,False,True,0.0,5.0,33.742168674698796,54.94819277108432,False,False,True,False,False,False,87.342,88.2845655216829,-0.9425655216828943
2026,Monza,FP3,NOR,1,McLaren,2.0,1.0,MEDIUM,2.0,True,83.652,27.544,27.956,28.152,,1,True,False,True,0.0,5.0,31.3325,51.4825,False,False,False,True,False,False,83.652,87.14243121255546,-3.490431212555464
2026,Monza,FP3,NOR,1,McLaren,6.0,2.0,MEDIUM,6.0,False,83.959,27.583,28.082,28.294,,1,True,False,True,0.0,5.0,31.3325,51.4825,False,False,False,True,False,False,83.959,87.14243121255546,-3.183431212555462
2026,Monza,FP3,NOR,1,McLaren,8.0,2.0,MEDIUM,8.0,False,83.431,27.452,27.872,28.107,,1,True,False,True,0.0,5.0,31.3325,51.4825,False,False,False,True,False,False,83.431,87.14243121255546,-3.7114312125554676
2026,Monza,FP3,NOR,1,McLaren,13.0,3.0,SOFT,4.0,True,82.625,27.318,27.704,27.603,,1,True,False,True,0.0,5.0,31.3325,51.4825,False,False,False,True,False,False,82.625,87.99081307009993,-5.365813070099932
2026,Monza,FP3,NOR,1,McLaren,15.0,3.0,SOFT,6.0,True,109.435,39.33,34.931,35.174,,1,True,False,True,0.0,5.0,31.3325,51.4825,False,False,False,True,False,False,109.435,87.99081307009993,21.44418692990007
2026,Monza,FP3,NOR,1,McLaren,16.0,3.0,SOFT,7.0,True,82.863,27.217,27.896,27.75,,1,True,False,True,0.0,5.0,31.3325,51.4825,False,False,False,True,False,False,82.863,87.99081307009993,-5.127813070099933
2026,Monza,FP3,VER,3,Red Bull Racing,2.0,1.0,MEDIUM,2.0,True,83.467,27.354,28.342,27.771,,1,True,False,True,0.0,5.0,31.3325,51.4825,False,False,False,True,False,False,83.467,87.14243121255546,-3.6754312125554662
2026,Monza,FP3,VER,3,Red Bull Racing,5.0,2.0,MEDIUM,5.0,False,83.692,27.545,28.372,27.775,,1,True,False,True,0.0,5.0,31.3325,51.4825,False,False,False,True,False,False,83.692,87.14243121255546,-3.450431212555472
2026,Monza,FP3,VER,3,Red Bull Racing,7.0,2.0,MEDIUM,7.0,False,83.455,27.479,28.241,27.735,,1,True,False,True,0.0,5.0,31.3325,51.4825,False,False,False,True,False,False,83.455,87.14243121255546,-3.6874312125554667
2026,Monza,FP3,VER,3,Red Bull Racing,13.0,3.0,SOFT,2.0,True,82.79,27.263,28.186,27.341,,1,True,False,True,0.0,5.0,31.3325,51.4825,False,False,False,True,False,False,82.79,87.99081307009993,-5.200813070099926
2026,Monza,FP3,VER,3,Red Bull Racing,16.0,4.0,SOFT,5.0,False,101.181,27.355,34.525,39.301,,1,True,False,True,0.0,5.0,31.3325,51.4825,False,False,False,True,False,False,101.181,87.99081307009993,13.190186929900065
2026,Monza,FP3,VER,3,Red Bull Racing,19.0,4.0,SOFT,8.0,False,82.569,27.26,28.027,27.282,,1,True,False,True,0.0,5.0,31.3325,51.4825,False,False,False,True,False,False,82.569,87.99081307009993,-5.42181307009993
2026,Monza,FP3,VER,3,Red Bull Racing,21.0,4.0,SOFT,10.0,False,108.035,38.882,35.403,33.75,,1,True,False,True,0.0,5.0,31.3325,51.4825,False,False,False,True,False,False,108.035,87.99081307009993,20.044186929900064
2026,Monza,FP3,VER,3,Red Bull Racing,22.0,4.0,SOFT,11.0,False,110.76,33.08,42.582,35.098,,1,True,False,True,0.0,5.0,31.3325,51.4825,False,False,False,True,False,False,110.76,87.99081307009993,22.769186929900073
2026,Monza,FP3,BOR,5,Audi,3.0,2.0,MEDIUM,3.0,False,84.309,27.611,28.596,28.102,,1,True,False,True,0.0,5.0,31.3325,51.4825,False,False,False,True,False,False,84.309,87.14243121255546,-2.8334312125554675
2026,Monza,FP3,BOR,5,Audi,6.0,3.0,MEDIUM,6.0,False,83.893,27.542,28.444,27.907,,1,True,False,True,0.0,5.0,31.3325,51.4825,False,False,False,True,False,False,83.893,87.14243121255546,-3.2494312125554643
2026,Monza,FP3,BOR,5,Audi,9.0,4.0,MEDIUM,9.0,False,83.561,27.516,28.322,27.723,,1,True,False,True,0.0,5.0,31.3325,51.4825,False,False,False,True,False,False,83.561,87.14243121255546,-3.581431212555458
2026,Monza,FP3,BOR,5,Audi,14.0,6.0,SOFT,2.0,True,83.319,27.412,28.273,27.634,,1,True,False,True,0.0,5.0,31.3325,51.4825,False,False,False,True,False,False,83.319,87.99081307009993,-4.67181307009993
2026,Monza,FP3,BOR,5,Audi,17.0,7.0,SOFT,5.0,False,83.298,27.401,28.208,27.689,,1,True,False,True,0.0,5.0,31.3325,51.4825,False,False,False,True,False,False,83.298,87.99081307009993,-4.69281307009993
2026,Monza,FP3,BOR,5,Audi,20.0,8.0,SOFT,8.0,False,123.939,36.593,36.52,50.826,,1,True,False,True,0.0,5.0,31.3325,51.4825,False,False,False,True,False,False,123.939,87.99081307009993,35.94818692990006
2026,Monza,FP3,GAS,10,Alpine,2.0,1.0,MEDIUM,2.0,True,85.349,27.628,29.258,28.463,,1,True,False,True,0.0,5.0,31.3325,51.4825,False,False,False,True,False,False,85.349,87.14243121255546,-1.7934312125554612
2026,Monza,FP3,GAS,10,Alpine,4.0,1.0,MEDIUM,4.0,True,83.878,27.355,28.449,28.074,,1,True,False,True,0.0,5.0,31.3325,51.4825,False,False,False,True,False,False,83.878,87.14243121255546,-3.264431212555465
2026,Monza,FP3,GAS,10,Alpine,6.0,1.0,MEDIUM,6.0,True,83.875,27.492,28.281,28.102,,1,True,False,True,0.0,5.0,31.3325,51.4825,False,False,False,True,False,False,83.875,87.14243121255546,-3.267431212555465
2026,Monza,FP3,GAS,10,Alpine,9.0,2.0,MEDIUM,9.0,False,83.416,27.223,28.113,28.08,,1,True,False,True,0.0,5.0,31.3325,51.4825,False,False,False,True,False,False,83.416,87.14243121255546,-3.726431212555468
2026,Monza,FP3,GAS,10,Alpine,11.0,2.0,MEDIUM,11.0,False,85.143,27.785,28.844,28.514,,1,True,False,True,0.0,5.0,31.3325,51.4825,False,False,False,True,False,False,85.143,87.14243121255546,-1.9994312125554643
2026,Monza,FP3,GAS,10,Alpine,12.0,2.0,MEDIUM,12.0,False,85.056,28.195,28.914,27.947,,1,True,False,True,0.0,5.0,31.3325,51.4825,False,False,False,True,False,False,85.056,87.14243121255546,-2.0864312125554676
2026,Monza,FP3,GAS,10,Alpine,13.0,2.0,MEDIUM,13.0,False,84.991,28.183,28.811,27.997,,1,True,False,True,0.0,5.0,31.3325,51.4825,False,False,False,True,False,False,84.991,87.14243121255546,-2.1514312125554653
2026,Monza,FP3,GAS,10,Alpine,15.0,2.0,MEDIUM,15.0,False,84.716,27.994,28.759,27.963,,1,True,False,True,0.0,5.0,31.3325,51.4825,False,False,False,True,False,False,84.716,87.14243121255546,-2.426431212555471
2026,Monza,FP3,GAS,10,Alpine,16.0,2.0,MEDIUM,16.0,False,84.581,27.974,28.68,27.927,,1,True,False,True,0.0,5.0,31.3325,51.4825,False,False,False,True,False,False,84.581,87.14243121255546,-2.561431212555462
2026,Monza,FP3,GAS,10,Alpine,19.0,3.0,SOFT,2.0,True,83.096,27.219,28.142,27.735,,1,True,False,True,0.0,5.0,31.3325,51.4825,False,False,False,True,False,False,83.096,87.99081307009993,-4.894813070099929
2026,Monza,FP3,GAS,10,Alpine,22.0,4.0,SOFT,5.0,False,82.898,27.236,28.028,27.634,,1,True,False,True,0.0,5.0,31.3325,51.4825,False,False,False,True,False,False,82.898,87.99081307009993,-5.092813070099936
2026,Monza,FP3,PER,11,Cadillac,2.0,1.0,SOFT,2.0,True,86.381,27.916,29.189,29.276,,1,True,False,True,0.0,5.0,31.3325,51.4825,False,False,False,True,False,False,86.381,87.99081307009993,-1.609813070099932
2026,Monza,FP3,PER,11,Cadillac,5.0,2.0,SOFT,5.0,False,86.102,28.007,29.23,28.865,,1,True,False,True,0.0,5.0,31.3325,51.4825,False,False,False,True,False,False,86.102,87.99081307009993,-1.8888130700999284
2026,Monza,FP3,PER,11,Cadillac,8.0,3.0,SOFT,8.0,False,85.031,27.569,28.911,28.551,,1,True,False,True,0.0,5.0,31.3325,51.4825,False,False,False,True,False,False,85.031,87.99081307009993,-2.9598130700999263
2026,Monza,FP3,PER,11,Cadillac,13.0,4.0,SOFT,2.0,True,98.908,27.608,33.739,37.561,,1,True,False,True,0.0,5.0,31.3325,51.4825,False,False,False,True,False,False,98.908,87.99081307009993,10.917186929900069
2026,Monza,FP3,PER,11,Cadillac,16.0,5.0,SOFT,5.0,False,85.454,27.772,28.804,28.878,,1,True,False,True,0.0,5.0,31.3325,51.4825,False,False,False,True,False,False,85.454,87.99081307009993,-2.5368130700999387
2026,Monza,FP3,PER,11,Cadillac,19.0,6.0,SOFT,8.0,False,108.495,29.348,33.576,45.571,,1,True,False,True,0.0,5.0,31.3325,51.4825,False,False,False,True,False,False,108.495,87.99081307009993,20.504186929900072
2026,Monza,FP3,ANT,12,Mercedes,2.0,1.0,SOFT,2.0,True,83.032,27.269,28.173,27.59,,1,True,False,True,0.0,5.0,31.3325,51.4825,False,False,False,True,False,False,83.032,87.99081307009993,-4.958813070099936
2026,Monza,FP3,ANT,12,Mercedes,5.0,2.0,SOFT,5.0,False,83.565,27.257,27.858,28.45,,1,True,False,True,0.0,5.0,31.3325,51.4825,False,False,False,True,False,False,83.565,87.99081307009993,-4.4258130700999345
2026,Monza,FP3,ANT,12,Mercedes,11.0,4.0,SOFT,3.0,True,82.696,27.359,27.837,27.5,,1,True,False,True,0.0,5.0,31.3325,51.4825,False,False,False,True,False,False,82.696,87.99081307009993,-5.294813070099934
2026,Monza,FP3,ANT,12,Mercedes,14.0,5.0,SOFT,6.0,False,82.58,27.147,27.935,27.498,,1,True,False,True,0.0,5.0,31.3325,51.4825,False,False,False,True,False,False,82.58,87.99081307009993,-5.410813070099934
2026,Monza,FP3,ANT,12,Mercedes,17.0,6.0,SOFT,10.0,False,117.81,34.409,33.281,50.12,,1,True,False,True,0.0,5.0,31.3325,51.4825,False,False,False,True,False,False,117.81,87.99081307009993,29.81918692990007
2026,Monza,FP3,ALO,14,Aston Martin,2.0,1.0,SOFT,2.0,True,86.288,28.107,29.335,28.846,,1,True,False,True,0.0,5.0,31.3325,51.4825,False,False,False,True,False,False,86.288,87.99081307009993,-1.7028130700999355
2026,Monza,FP3,ALO,14,Aston Martin,4.0,1.0,SOFT,4.0,True,109.936,37.592,33.903,38.441,,1,True,False,True,0.0,5.0,31.3325,51.4825,False,False,False,True,False,False,109.936,87.99081307009993,21.945186929900075
2026,Monza,FP3,ALO,14,Aston Martin,5.0,1.0,SOFT,5.0,True,97.589,28.166,29.032,40.391,,1,True,False,True,0.0,5.0,31.3325,51.4825,False,False,False,True,False,False,97.589,87.99081307009993,9.598186929900066
2026,Monza,FP3,ALO,14,Aston Martin,10.0,2.0,SOFT,2.0,True,120.342,37.744,48.22,34.378,,1,True,False,True,0.0,5.0,31.3325,51.4825,False,False,False,True,False,False,120.342,87.99081307009993,32.35118692990007
2026,Monza,FP3,ALO,14,Aston Martin,11.0,2.0,SOFT,3.0,True,85.216,27.907,28.922,28.387,,1,True,False,True,0.0,5.0,31.3325,51.4825,False,False,False,True,False,False,85.216,87.99081307009993,-2.7748130700999383
2026,Monza,FP3,ALO,14,Aston Martin,12.0,2.0,SOFT,4.0,True,118.781,42.258,36.769,39.754,,1,True,False,True,0.0,5.0,31.3325,51.4825,False,False,False,True,False,False,118.781,87.99081307009993,30.790186929900074
2026,Monza,FP3,ALO,14,Aston Martin,15.0,2.0,SOFT,7.0,True,116.785,37.809,45.589,33.387,,1,True,False,True,0.0,5.0,31.3325,51.4825,False,False,False,True,False,False,116.785,87.99081307009993,28.794186929900064
2026,Monza,FP3,ALO,14,Aston Martin,16.0,2.0,SOFT,8.0,True,84.919,27.833,28.649,28.437,,1,True,False,True,0.0,5.0,31.3325,51.4825,False,False,False,True,False,False,84.919,87.99081307009993,-3.0718130700999353
2026,Monza,FP3,ALO,14,Aston Martin,19.0,3.0,SOFT,11.0,False,118.18,35.512,35.772,46.896,,1,True,False,True,0.0,5.0,31.3325,51.4825,False,False,False,True,False,False,118.18,87.99081307009993,30.189186929900075
2026,Monza,FP3,LEC,16,Ferrari,2.0,1.0,SOFT,2.0,True,83.25,27.265,28.328,27.657,,1,True,False,True,0.0,5.0,31.3325,51.4825,False,False,False,True,False,False,83.25,87.99081307009993,-4.740813070099932
2026,Monza,FP3,LEC,16,Ferrari,6.0,2.0,SOFT,6.0,False,83.271,27.53,28.131,27.61,,1,True,False,True,0.0,5.0,31.3325,51.4825,False,False,False,True,False,False,83.271,87.99081307009993,-4.7198130700999315
2026,Monza,FP3,LEC,16,Ferrari,9.0,3.0,SOFT,9.0,False,83.065,27.439,28.11,27.516,,1,True,False,True,0.0,5.0,31.3325,51.4825,False,False,False,True,False,False,83.065,87.99081307009993,-4.9258130700999345
2026,Monza,FP3,LEC,16,Ferrari,11.0,3.0,SOFT,11.0,False,82.913,27.215,28.169,27.529,,1,True,False,True,0.0,5.0,31.3325,51.4825,False,False,False,True,False,False,82.913,87.99081307009993,-5.0778130700999355
2026,Monza,FP3,LEC,16,Ferrari,14.0,4.0,SOFT,2.0,True,82.708,27.307,28.016,27.385,,1,True,False,True,0.0,5.0,31.3325,51.4825,False,False,False,True,False,False,82.708,87.99081307009993,-5.282813070099934
2026,Monza,FP3,LEC,16,Ferrari,17.0,5.0,SOFT,5.0,False,106.577,30.166,35.432,40.979,,1,True,False,True,0.0,5.0,31.3325,51.4825,False,False,False,True,False,False,106.577,87.99081307009993,18.586186929900066
2026,Monza,FP3,LEC,16,Ferrari,18.0,5.0,SOFT,6.0,False,105.368,40.908,32.417,32.043,,1,True,False,True,0.0,5.0,31.3325,51.4825,False,False,False,True,False,False,105.368,87.99081307009993,17.377186929900063
2026,Monza,FP3,LEC,16,Ferrari,19.0,5.0,SOFT,7.0,False,82.972,27.24,28.242,27.49,,1,True,False,True,0.0,5.0,31.3325,51.4825,False,False,False,True,False,False,82.972,87.99081307009993,-5.018813070099938
2026,Monza,FP3,STR,18,Aston Martin,2.0,1.0,SOFT,2.0,True,87.31,28.532,29.722,29.056,,1,True,False,True,0.0,5.0,31.3325,51.4825,False,False,False,True,False,False,87.31,87.99081307009993,-0.68081307009993
2026,Monza,FP3,STR,18,Aston Martin,5.0,2.0,SOFT,5.0,False,87.571,29.003,29.476,29.092,,1,True,False,True,0.0,5.0,31.3325,51.4825,False,False,False,True,False,False,87.571,87.99081307009993,-0.4198130700999343
2026,Monza,FP3,STR,18,Aston Martin,8.0,2.0,SOFT,8.0,False,86.506,28.346,29.242,28.918,,1,True,False,True,0.0,5.0,31.3325,51.4825,False,False,False,True,False,False,86.506,87.99081307009993,-1.484813070099932
2026,Monza,FP3,STR,18,Aston Martin,13.0,4.0,SOFT,3.0,True,85.68,28.177,28.991,28.512,,1,True,False,True,0.0,5.0,31.3325,51.4825,False,False,False,True,False,False,85.68,87.99081307009993,-2.3108130700999254
2026,Monza,FP3,STR,18,Aston Martin,18.0,5.0,SOFT,8.0,False,122.572,46.917,42.967,32.688,,1,True,False,True,0.0,5.0,31.3325,51.4825,False,False,False,True,False,False,122.572,87.99081307009993,34.58118692990007
2026,Monza,FP3,STR,18,Aston Martin,19.0,5.0,SOFT,9.0,False,85.555,27.978,28.945,28.632,,1,True,False,True,0.0,5.0,31.3325,51.4825,False,False,False,True,False,False,85.555,87.99081307009993,-2.4358130700999254
2026,Monza,FP3,TSU,22,Racing Bulls,2.0,1.0,SOFT,2.0,True,84.31,27.804,28.69,27.816,,1,True,False,True,0.0,5.0,31.3325,51.4825,False,False,False,True,False,False,84.31,87.99081307009993,-3.68081307009993
2026,Monza,FP3,TSU,22,Racing Bulls,7.0,2.0,SOFT,7.0,False,85.118,27.921,29.218,27.979,,1,True,False,True,0.0,5.0,31.3325,51.4825,False,False,False,True,False,False,85.118,87.99081307009993,-2.8728130700999372
2026,Monza,FP3,TSU,22,Racing Bulls,8.0,2.0,SOFT,8.0,False,85.435,28.401,29.027,28.007,,1,True,False,True,0.0,5.0,31.3325,51.4825,False,False,False,True,False,False,85.435,87.99081307009993,-2.55581307009993
2026,Monza,FP3,TSU,22,Racing Bulls,14.0,4.0,SOFT,5.0,False,99.946,27.89,38.364,33.692,,1,True,False,True,0.0,5.0,31.3325,51.4825,False,False,False,True,False,False,99.946,87.99081307009993,11.955186929900066
2026,Monza,FP3,TSU,22,Racing Bulls,15.0,4.0,SOFT,6.0,False,84.013,27.676,28.411,27.926,,1,True,False,True,0.0,5.0,31.3325,51.4825,False,False,False,True,False,False,84.013,87.99081307009993,-3.977813070099927
2026,Monza,FP3,ALB,23,Williams,2.0,1.0,SOFT,2.0,True,108.807,27.746,46.059,35.002,,1,True,False,True,0.0,5.0,31.3325,51.4825,False,False,False,True,False,False,108.807,87.99081307009993,20.81618692990007
2026,Monza,FP3,ALB,23,Williams,3.0,1.0,SOFT,3.0,True,84.922,27.705,28.772,28.445,,1,True,False,True,0.0,5.0,31.3325,51.4825,False,False,False,True,False,False,84.922,87.99081307009993,-3.068813070099935
2026,Monza,FP3,ALB,23,Williams,5.0,1.0,SOFT,5.0,True,106.932,34.859,40.094,31.979,,1,True,False,True,0.0,5.0,31.3325,51.4825,False,False,False,True,False,False,106.932,87.99081307009993,18.94118692990007
2026,Monza,FP3,ALB,23,Williams,6.0,1.0,SOFT,6.0,True,84.437,27.35,28.697,28.39,,1,True,False,True,0.0,5.0,31.3325,51.4825,False,False,False,True,False,False,84.437,87.99081307009993,-3.5538130700999346
2026,Monza,FP3,ALB,23,Williams,9.0,2.0,SOFT,2.0,True,86.049,28.095,29.365,28.589,,1,True,False,True,0.0,5.0,31.3325,51.4825,False,False,False,True,False,False,86.049,87.99081307009993,-1.9418130700999257
2026,Monza,FP3,ALB,23,Williams,10.0,2.0,SOFT,3.0,True,85.887,28.186,29.199,28.502,,1,True,False,True,0.0,5.0,31.3325,51.4825,False,False,False,True,False,False,85.887,87.99081307009993,-2.103813070099932
2026,Monza,FP3,ALB,23,Williams,12.0,2.0,SOFT,5.0,True,87.048,28.43,29.583,29.035,,1,True,False,True,0.0,5.0,31.3325,51.4825,False,False,False,True,False,False,87.048,87.99081307009993,-0.9428130700999304
2026,Monza,FP3,ALB,23,Williams,13.0,2.0,SOFT,6.0,True,86.001,28.083,29.35,28.568,,1,True,False,True,0.0,5.0,31.3325,51.4825,False,False,False,True,False,False,86.001,87.99081307009993,-1.9898130700999275
2026,Monza,FP3,ALB,23,Williams,14.0,2.0,SOFT,7.0,True,86.645,28.543,29.399,28.703,,1,True,False,True,0.0,5.0,31.3325,51.4825,False,False,False,True,False,False,86.645,87.99081307009993,-1.3458130700999362
2026,Monza,FP3,ALB,23,Williams,15.0,2.0,SOFT,8.0,True,86.032,28.299,29.43,28.303,,1,True,False,True,0.0,5.0,31.3325,51.4825,False,False,False,True,False,False,86.032,87.99081307009993,-1.9588130700999358
2026,Monza,FP3,ALB,23,Williams,16.0,2.0,SOFT,9.0,True,86.007,28.023,29.451,28.533,,1,True,False,True,0.0,5.0,31.3325,51.4825,False,False,False,True,False,False,86.007,87.99081307009993,-1.9838130700999272
2026,Monza,FP3,ALB,23,Williams,19.0,3.0,SOFT,9.0,False,88.309,27.531,28.98,31.798000000000002,,1,True,False,True,0.0,5.0,31.3325,51.4825,False,False,False,True,False,False,88.309,87.99081307009993,0.31818692990006525
2026,Monza,FP3,ALB,23,Williams,22.0,3.0,SOFT,12.0,False,86.591,28.306,29.605,28.68,,1,True,False,True,0.0,5.0,31.3325,51.4825,False,False,False,True,False,False,86.591,87.99081307009993,-1.3998130700999383
2026,Monza,FP3,ALB,23,Williams,23.0,3.0,SOFT,13.0,False,85.858,28.035,29.523,28.3,,1,True,False,True,0.0,5.0,31.3325,51.4825,False,False,False,True,False,False,85.858,87.99081307009993,-2.132813070099928
2026,Monza,FP3,ALB,23,Williams,24.0,3.0,SOFT,14.0,False,85.479,27.94,29.322,28.217,,1,True,False,True,0.0,5.0,31.3325,51.4825,False,False,False,True,False,False,85.479,87.99081307009993,-2.511813070099933
2026,Monza,FP3,ALB,23,Williams,25.0,3.0,SOFT,15.0,False,85.713,27.954,29.451,28.308,,1,True,False,True,0.0,5.0,31.3325,51.4825,False,False,False,True,False,False,85.713,87.99081307009993,-2.2778130700999384
2026,Monza,FP3,ALB,23,Williams,26.0,3.0,SOFT,16.0,False,86.214,28.053,29.844,28.317,,1,True,False,True,0.0,5.0,31.3325,51.4825,False,False,False,True,False,False,86.214,87.99081307009993,-1.7768130700999336
2026,Monza,FP3,ALB,23,Williams,27.0,3.0,SOFT,17.0,False,85.886,28.148,29.435,28.303,,1,True,False,True,0.0,5.0,31.3325,51.4825,False,False,False,True,False,False,85.886,87.99081307009993,-2.1048130700999366
2026,Monza,FP3,HUL,27,Audi,3.0,2.0,MEDIUM,3.0,False,84.683,27.884,28.654,28.145,,1,True,False,True,0.0,5.0,31.3325,51.4825,False,False,False,True,False,False,84.683,87.14243121255546,-2.459431212555458
2026,Monza,FP3,HUL,27,Audi,6.0,3.0,MEDIUM,6.0,False,84.388,27.586,28.572,28.23,,1,True,False,True,0.0,5.0,31.3325,51.4825,False,False,False,True,False,False,84.388,87.14243121255546,-2.7544312125554598
2026,Monza,FP3,HUL,27,Audi,9.0,4.0,MEDIUM,9.0,False,84.745,27.862,28.436,28.447,,1,True,False,True,0.0,5.0,31.3325,51.4825,False,False,False,True,False,False,84.745,87.14243121255546,-2.3974312125554604
2026,Monza,FP3,HUL,27,Audi,12.0,5.0,MEDIUM,12.0,False,84.181,27.539,28.352,28.29,,1,True,False,True,0.0,5.0,31.3325,51.4825,False,False,False,True,False,False,84.181,87.14243121255546,-2.9614312125554676
2026,Monza,FP3,HUL,27,Audi,15.0,6.0,SOFT,2.0,True,83.126,27.214,28.253,27.659,,1,True,False,True,0.0,5.0,31.3325,51.4825,False,False,False,True,False,False,83.126,87.99081307009993,-4.8648130700999275
2026,Monza,FP3,HUL,27,Audi,18.0,7.0,SOFT,5.0,False,83.827,27.554,28.488,27.785,,1,True,False,True,0.0,5.0,31.3325,51.4825,False,False,False,True,False,False,83.827,87.99081307009993,-4.163813070099934
2026,Monza,FP3,HUL,27,Audi,21.0,8.0,SOFT,8.0,False,115.169,31.682,36.129,47.358,,1,True,False,True,0.0,5.0,31.3325,51.4825,False,False,False,True,False,False,115.169,87.99081307009993,27.178186929900065
2026,Monza,FP3,LAW,30,Red Bull Racing,2.0,1.0,MEDIUM,2.0,True,84.24,27.772,28.666,27.802,,1,True,False,True,0.0,5.0,31.3325,51.4825,False,False,False,True,False,False,84.24,87.14243121255546,-2.90243121255547
2026,Monza,FP3,LAW,30,Red Bull Racing,4.0,1.0,MEDIUM,4.0,True,83.769,27.575,28.47,27.724,,1,True,False,True,0.0,5.0,31.3325,51.4825,False,False,False,True,False,False,83.769,87.14243121255546,-3.3734312125554595
2026,Monza,FP3,LAW,30,Red Bull Racing,6.0,1.0,MEDIUM,6.0,True,108.357,40.158,36.1,32.099,,1,True,False,True,0.0,5.0,31.3325,51.4825,False,False,False,True,False,False,108.357,87.14243121255546,21.214568787444534
2026,Monza,FP3,LAW,30,Red Bull Racing,9.0,2.0,MEDIUM,9.0,False,87.4,28.74,29.786,28.874,,1,True,False,True,0.0,5.0,31.3325,51.4825,False,False,False,True,False,False,87.4,87.14243121255546,0.2575687874445407
2026,Monza,FP3,LAW,30,Red Bull Racing,10.0,2.0,MEDIUM,10.0,False,90.803,28.763,32.897,29.143,,1,True,False,True,0.0,5.0,31.3325,51.4825,False,False,False,True,False,False,90.803,87.14243121255546,3.6605687874445323
2026,Monza,FP3,LAW,30,Red Bull Racing,11.0,2.0,MEDIUM,11.0,False,87.569,28.852,29.883,28.834,,1,True,False,True,0.0,5.0,31.3325,51.4825,False,False,False,True,False,False,87.569,87.14243121255546,0.42656878744453763
2026,Monza,FP3,LAW,30,Red Bull Racing,12.0,2.0,MEDIUM,12.0,False,86.362,28.337,29.561,28.464,,1,True,False,True,0.0,5.0,31.3325,51.4825,False,False,False,True,False,False,86.362,87.14243121255546,-0.7804312125554702
2026,Monza,FP3,LAW,30,Red Bull Racing,13.0,2.0,MEDIUM,13.0,False,86.658,28.465,29.573,28.62,,1,True,False,True,0.0,5.0,31.3325,51.4825,False,False,False,True,False,False,86.658,87.14243121255546,-0.48443121255546373
2026,Monza,FP3,LAW,30,Red Bull Racing,16.0,3.0,SOFT,2.0,True,83.714,27.535,28.376,27.803,,1,True,False,True,0.0,5.0,31.3325,51.4825,False,False,False,True,False,False,83.714,87.99081307009993,-4.276813070099934
2026,Monza,FP3,LAW,30,Red Bull Racing,18.0,3.0,SOFT,4.0,True,83.203,27.45,28.179,27.574,,1,True,False,True,0.0,5.0,31.3325,51.4825,False,False,False,True,False,False,83.203,87.99081307009993,-4.787813070099929
2026,Monza,FP3,LAW,30,Red Bull Racing,21.0,4.0,SOFT,7.0,False,96.828,29.879,35.381,31.568,,1,True,False,True,0.0,5.0,31.3325,51.4825,False,False,False,True,False,False,96.828,87.99081307009993,8.83718692990007
2026,Monza,FP3,OCO,31,Haas F1 Team,2.0,1.0,MEDIUM,2.0,True,86.547,28.379,29.399,28.769,,1,True,False,True,0.0,5.0,31.3325,51.4825,False,False,False,True,False,False,86.547,87.14243121255546,-0.5954312125554679
2026,Monza,FP3,OCO,31,Haas F1 Team,8.0,3.0,MEDIUM,8.0,False,85.478,27.788,29.286,28.404,,1,True,False,True,0.0,5.0,31.3325,51.4825,False,False,False,True,False,False,85.478,87.14243121255546,-1.6644312125554706
2026,Monza,FP3,OCO,31,Haas F1 Team,11.0,4.0,MEDIUM,11.0,False,95.203,27.527,34.848,32.828,,1,True,False,True,0.0,5.0,31.3325,51.4825,False,False,False,True,False,False,95.203,87.14243121255546,8.060568787444538
2026,Monza,FP3,OCO,31,Haas F1 Team,14.0,5.0,MEDIUM,14.0,False,85.091,27.891,28.914,28.286,,1,True,False,True,0.0,5.0,31.3325,51.4825,False,False,False,True,False,False,85.091,87.14243121255546,-2.051431212555471
2026,Monza,FP3,OCO,31,Haas F1 Team,17.0,6.0,SOFT,2.0,True,84.13,27.402,28.745,27.983,,1,True,False,True,0.0,5.0,31.3325,51.4825,False,False,False,True,False,False,84.13,87.99081307009993,-3.860813070099937
2026,Monza,FP3,OCO,31,Haas F1 Team,20.0,7.0,SOFT,5.0,False,84.02,27.461,28.644,27.915,,1,True,False,True,0.0,5.0,31.3325,51.4825,False,False,False,True,False,False,84.02,87.99081307009993,-3.9708130700999362
2026,Monza,FP3,OCO,31,Haas F1 Team,23.0,8.0,SOFT,8.0,False,105.649,30.978,38.045,36.626,,1,True,False,True,0.0,5.0,31.3325,51.4825,False,False,False,True,False,False,105.649,87.99081307009993,17.65818692990007
2026,Monza,FP3,LIN,41,Racing Bulls,2.0,1.0,SOFT,2.0,True,84.307,27.685,28.722,27.9,,1,True,False,True,0.0,5.0,31.3325,51.4825,False,False,False,True,False,False,84.307,87.99081307009993,-3.68381307009993
2026,Monza,FP3,LIN,41,Racing Bulls,5.0,2.0,SOFT,5.0,False,83.641,27.538,28.457,27.646,,1,True,False,True,0.0,5.0,31.3325,51.4825,False,False,False,True,False,False,83.641,87.99081307009993,-4.349813070099927
2026,Monza,FP3,LIN,41,Racing Bulls,8.0,3.0,SOFT,8.0,False,85.84,28.506,29.2,28.134,,1,True,False,True,0.0,5.0,31.3325,51.4825,False,False,False,True,False,False,85.84,87.99081307009993,-2.150813070099929
2026,Monza,FP3,LIN,41,Racing Bulls,9.0,3.0,SOFT,9.0,False,85.538,28.561,29.074,27.903,,1,True,False,True,0.0,5.0,31.3325,51.4825,False,False,False,True,False,False,85.538,87.99081307009993,-2.4528130700999355
2026,Monza,FP3,LIN,41,Racing Bulls,10.0,3.0,SOFT,10.0,False,84.875,28.268,28.871,27.736,,1,True,False,True,0.0,5.0,31.3325,51.4825,False,False,False,True,False,False,84.875,87.99081307009993,-3.1158130700999322
2026,Monza,FP3,LIN,41,Racing Bulls,11.0,3.0,SOFT,11.0,False,84.632,28.049,28.863,27.72,,1,True,False,True,0.0,5.0,31.3325,51.4825,False,False,False,True,False,False,84.632,87.99081307009993,-3.3588130700999272
2026,Monza,FP3,LIN,41,Racing Bulls,14.0,4.0,SOFT,2.0,True,82.724,27.232,28.192,27.3,,1,True,False,True,0.0,5.0,31.3325,51.4825,False,False,False,True,False,False,82.724,87.99081307009993,-5.2668130700999285
2026,Monza,FP3,LIN,41,Racing Bulls,17.0,5.0,SOFT,5.0,False,83.083,27.44,28.108,27.535,,1,True,False,True,0.0,5.0,31.3325,51.4825,False,False,False,True,False,False,83.083,87.99081307009993,-4.907813070099934
2026,Monza,FP3,LIN,41,Racing Bulls,19.0,5.0,SOFT,7.0,False,109.627,37.656,41.019,30.951999999999998,,1,True,False,True,0.0,5.0,31.3325,51.4825,False,False,False,True,False,False,109.627,87.99081307009993,21.636186929900063
2026,Monza,FP3,COL,43,Alpine,2.0,1.0,MEDIUM,2.0,True,86.561,28.268,29.22,29.073,,1,True,False,True,0.0,5.0,31.3325,51.4825,False,False,False,True,False,False,86.561,87.14243121255546,-0.5814312125554579
2026,Monza,FP3,COL,43,Alpine,4.0,1.0,MEDIUM,4.0,True,84.733,27.477,28.77,28.486,,1,True,False,True,0.0,5.0,31.3325,51.4825,False,False,False,True,False,False,84.733,87.14243121255546,-2.409431212555461
2026,Monza,FP3,COL,43,Alpine,6.0,1.0,MEDIUM,6.0,True,83.766,27.408,28.319,28.039,,1,True,False,True,0.0,5.0,31.3325,51.4825,False,False,False,True,False,False,83.766,87.14243121255546,-3.3764312125554596
2026,Monza,FP3,COL,43,Alpine,9.0,2.0,MEDIUM,9.0,False,86.521,28.48,29.333,28.708,,1,True,False,True,0.0,5.0,31.3325,51.4825,False,False,False,True,False,False,86.521,87.14243121255546,-0.6214312125554642
2026,Monza,FP3,COL,43,Alpine,10.0,2.0,MEDIUM,10.0,False,85.492,28.062,28.921,28.509,,1,True,False,True,0.0,5.0,31.3325,51.4825,False,False,False,True,False,False,85.492,87.14243121255546,-1.6504312125554605
2026,Monza,FP3,COL,43,Alpine,11.0,2.0,MEDIUM,11.0,False,85.536,28.138,28.977,28.421,,1,True,False,True,0.0,5.0,31.3325,51.4825,False,False,False,True,False,False,85.536,87.14243121255546,-1.6064312125554636
2026,Monza,FP3,COL,43,Alpine,12.0,2.0,MEDIUM,12.0,False,85.483,28.243,29.007,28.233,,1,True,False,True,0.0,5.0,31.3325,51.4825,False,False,False,True,False,False,85.483,87.14243121255546,-1.6594312125554609
2026,Monza,FP3,COL,43,Alpine,15.0,2.0,MEDIUM,15.0,False,85.061,28.102,29.049,27.91,,1,True,False,True,0.0,5.0,31.3325,51.4825,False,False,False,True,False,False,85.061,87.14243121255546,-2.081431212555458
2026,Monza,FP3,COL,43,Alpine,18.0,3.0,SOFT,2.0,True,83.101,27.098,28.174,27.829,,1,True,False,True,0.0,5.0,31.3325,51.4825,False,False,False,True,False,False,83.101,87.99081307009993,-4.889813070099933
2026,Monza,FP3,COL,43,Alpine,21.0,4.0,SOFT,5.0,False,83.726,27.583,28.222,27.921,,1,True,False,True,0.0,5.0,31.3325,51.4825,False,False,False,True,False,False,83.726,87.99081307009993,-4.264813070099933
2026,Monza,FP3,HAM,44,Ferrari,2.0,1.0,SOFT,2.0,True,84.912,27.659,29.181,28.072,,1,True,False,True,0.0,5.0,31.3325,51.4825,False,False,False,True,False,False,84.912,87.99081307009993,-3.078813070099926
2026,Monza,FP3,HAM,44,Ferrari,5.0,1.0,SOFT,5.0,True,83.683,27.465,28.408,27.81,,1,True,False,True,0.0,5.0,31.3325,51.4825,False,False,False,True,False,False,83.683,87.99081307009993,-4.307813070099925
2026,Monza,FP3,HAM,44,Ferrari,11.0,2.0,SOFT,11.0,False,83.04,27.193,28.145,27.701999999999998,,1,True,False,True,0.0,5.0,31.3325,51.4825,False,False,False,True,False,False,83.04,87.99081307009993,-4.950813070099926
2026,Monza,FP3,HAM,44,Ferrari,16.0,3.0,SOFT,4.0,True,82.445,27.046,27.896,27.503,,1,True,False,True,0.0,5.0,31.3325,51.4825,False,False,False,True,False,False,82.445,87.99081307009993,-5.545813070099939
2026,Monza,FP3,HAM,44,Ferrari,18.0,3.0,SOFT,6.0,True,111.42,44.879,32.733,33.808,,1,True,False,True,0.0,5.0,31.3325,51.4825,False,False,False,True,False,False,111.42,87.99081307009993,23.42918692990007
2026,Monza,FP3,HAM,44,Ferrari,19.0,3.0,SOFT,7.0,True,104.393,30.904,39.155,34.334,,1,True,False,True,0.0,5.0,31.3325,51.4825,False,False,False,True,False,False,104.393,87.99081307009993,16.40218692990007
2026,Monza,FP3,SAI,55,Williams,2.0,1.0,SOFT,2.0,True,85.482,27.923000000000002,28.964,28.595,,1,True,False,True,0.0,5.0,31.3325,51.4825,False,False,False,True,False,False,85.482,87.99081307009993,-2.508813070099933
2026,Monza,FP3,SAI,55,Williams,5.0,1.0,SOFT,5.0,True,84.642,27.333,28.9,28.409,,1,True,False,True,0.0,5.0,31.3325,51.4825,False,False,False,True,False,False,84.642,87.99081307009993,-3.3488130700999363
2026,Monza,FP3,SAI,55,Williams,8.0,1.0,SOFT,8.0,True,99.313,27.167,28.737,43.409,,1,True,False,True,0.0,5.0,31.3325,51.4825,False,False,False,True,False,False,99.313,87.99081307009993,11.32218692990007
2026,Monza,FP3,SAI,55,Williams,9.0,1.0,SOFT,9.0,True,107.836,40.06,34.747,33.029,,1,True,False,True,0.0,5.0,31.3325,51.4825,False,False,False,True,False,False,107.836,87.99081307009993,19.845186929900066
2026,Monza,FP3,SAI,55,Williams,12.0,2.0,SOFT,12.0,False,86.215,28.433,29.223,28.559,,1,True,False,True,0.0,5.0,31.3325,51.4825,False,False,False,True,False,False,86.215,87.99081307009993,-1.7758130700999288
2026,Monza,FP3,SAI,55,Williams,13.0,2.0,SOFT,13.0,False,85.511,28.029,29.178,28.304,,1,True,False,True,0.0,5.0,31.3325,51.4825,False,False,False,True,False,False,85.511,87.99081307009993,-2.4798130700999366
2026,Monza,FP3,SAI,55,Williams,14.0,2.0,SOFT,14.0,False,85.433,27.877,29.382,28.174,,1,True,False,True,0.0,5.0,31.3325,51.4825,False,False,False,True,False,False,85.433,87.99081307009993,-2.5578130700999253
2026,Monza,FP3,SAI,55,Williams,16.0,2.0,SOFT,16.0,False,85.902,27.576,29.588,28.738,,1,True,False,True,0.0,5.0,31.3325,51.4825,False,False,False,True,False,False,85.902,87.99081307009993,-2.0888130700999312
2026,Monza,FP3,SAI,55,Williams,20.0,4.0,SOFT,2.0,True,83.948,27.207,28.694,28.047,,1,True,False,True,0.0,5.0,31.3325,51.4825,False,False,False,True,False,False,83.948,87.99081307009993,-4.042813070099939
2026,Monza,FP3,SAI,55,Williams,23.0,5.0,SOFT,5.0,False,83.875,27.309,28.492,28.074,,1,True,False,True,0.0,5.0,31.3325,51.4825,False,False,False,True,False,False,83.875,87.99081307009993,-4.115813070099932
2026,Monza,FP3,SAI,55,Williams,26.0,6.0,SOFT,8.0,False,84.481,27.624,28.653,28.204,,1,True,False,True,0.0,5.0,31.3325,51.4825,False,False,False,True,False,False,84.481,87.99081307009993,-3.5098130700999377
2026,Monza,FP3,RUS,63,Mercedes,2.0,1.0,SOFT,2.0,True,83.508,27.224,28.224,28.06,,1,True,False,True,0.0,5.0,31.3325,51.4825,False,False,False,True,False,False,83.508,87.99081307009993,-4.482813070099937
2026,Monza,FP3,RUS,63,Mercedes,5.0,2.0,SOFT,5.0,False,82.687,27.094,27.933,27.66,,1,True,False,True,0.0,5.0,31.3325,51.4825,False,False,False,True,False,False,82.687,87.99081307009993,-5.303813070099935
2026,Monza,FP3,RUS,63,Mercedes,8.0,3.0,SOFT,2.0,True,82.463,27.251,27.709,27.503,,1,True,False,True,0.0,5.0,31.3325,51.4825,False,False,False,True,False,False,82.463,87.99081307009993,-5.527813070099938
2026,Monza,FP3,RUS,63,Mercedes,12.0,4.0,SOFT,6.0,False,82.219,27.112,27.768,27.339,,1,True,False,True,0.0,5.0,31.3325,51.4825,False,False,False,True,False,False,82.219,87.99081307009993,-5.771813070099938
2026,Monza,FP3,BOT,77,Cadillac,2.0,1.0,SOFT,2.0,True,87.019,28.177,29.408,29.434,,1,True,False,True,0.0,5.0,31.3325,51.4825,False,False,False,True,False,False,87.019,87.99081307009993,-0.9718130700999268
2026,Monza,FP3,BOT,77,Cadillac,5.0,2.0,SOFT,5.0,False,86.091,27.908,29.098,29.085,,1,True,False,True,0.0,5.0,31.3325,51.4825,False,False,False,True,False,False,86.091,87.99081307009993,-1.8998130700999383
2026,Monza,FP3,BOT,77,Cadillac,9.0,3.0,SOFT,9.0,False,118.113,42.464,39.53,36.119,,1,True,False,True,0.0,5.0,31.3325,51.4825,False,False,False,True,False,False,118.113,87.99081307009993,30.122186929900067
2026,Monza,FP3,BOT,77,Cadillac,10.0,3.0,SOFT,10.0,False,116.412,39.023,39.434,37.955,,1,True,False,True,0.0,5.0,31.3325,51.4825,False,False,False,True,False,False,116.412,87.99081307009993,28.421186929900074
2026,Monza,FP3,BOT,77,Cadillac,11.0,3.0,SOFT,11.0,False,85.209,27.652,28.854,28.703,,1,True,False,True,0.0,5.0,31.3325,51.4825,False,False,False,True,False,False,85.209,87.99081307009993,-2.781813070099929
2026,Monza,FP3,BOT,77,Cadillac,14.0,4.0,SOFT,2.0,True,85.093,27.585,28.779,28.729,,1,True,False,True,0.0,5.0,31.3325,51.4825,False,False,False,True,False,False,85.093,87.99081307009993,-2.8978130700999287
2026,Monza,FP3,BOT,77,Cadillac,17.0,5.0,SOFT,5.0,False,85.099,27.291,29.102,28.706,,1,True,False,True,0.0,5.0,31.3325,51.4825,False,False,False,True,False,False,85.099,87.99081307009993,-2.8918130700999285
2026,Monza,FP3,PIA,81,McLaren,7.0,2.0,MEDIUM,7.0,False,83.672,27.462,28.03,28.18,,1,True,False,True,0.0,5.0,31.3325,51.4825,False,False,False,True,False,False,83.672,87.14243121255546,-3.470431212555468
2026,Monza,FP3,PIA,81,McLaren,10.0,3.0,MEDIUM,10.0,False,83.342,27.229,28.1,28.013,,1,True,False,True,0.0,5.0,31.3325,51.4825,False,False,False,True,False,False,83.342,87.14243121255546,-3.8004312125554662
2026,Monza,FP3,PIA,81,McLaren,16.0,5.0,SOFT,4.0,True,83.022,27.422,27.86,27.74,,1,True,False,True,0.0,5.0,31.3325,51.4825,False,False,False,True,False,False,83.022,87.99081307009993,-4.968813070099927
2026,Monza,FP3,PIA,81,McLaren,18.0,5.0,SOFT,6.0,True,113.965,42.631,34.198,37.136,,1,True,False,True,0.0,5.0,31.3325,51.4825,False,False,False,True,False,False,113.965,87.99081307009993,25.97418692990007
2026,Monza,FP3,PIA,81,McLaren,19.0,5.0,SOFT,7.0,True,82.773,26.981,27.883,27.909,,1,True,False,True,0.0,5.0,31.3325,51.4825,False,False,False,True,False,False,82.773,87.99081307009993,-5.217813070099936
2026,Monza,FP3,BEA,87,Haas F1 Team,2.0,1.0,MEDIUM,2.0,True,84.922,28.077,28.667,28.178,,1,True,False,True,0.0,5.0,31.3325,51.4825,False,False,False,True,False,False,84.922,87.14243121255546,-2.220431212555468
2026,Monza,FP3,BEA,87,Haas F1 Team,5.0,1.0,MEDIUM,5.0,True,84.784,27.826,28.645,28.313,,1,True,False,True,0.0,5.0,31.3325,51.4825,False,False,False,True,False,False,84.784,87.14243121255546,-2.358431212555459
2026,Monza,FP3,BEA,87,Haas F1 Team,8.0,2.0,MEDIUM,8.0,False,118.351,27.796,52.603,37.952,,1,True,False,True,0.0,5.0,31.3325,51.4825,False,False,False,True,False,False,118.351,87.14243121255546,31.208568787444534
2026,Monza,FP3,BEA,87,Haas F1 Team,12.0,3.0,MEDIUM,12.0,False,84.663,27.831,28.713,28.119,,1,True,False,True,0.0,5.0,31.3325,51.4825,False,False,False,True,False,False,84.663,87.14243121255546,-2.4794312125554683
2026,Monza,FP3,BEA,87,Haas F1 Team,15.0,4.0,SOFT,2.0,True,83.947,27.584,28.475,27.888,,1,True,False,True,0.0,5.0,31.3325,51.4825,False,False,False,True,False,False,83.947,87.99081307009993,-4.0438130700999295
2026,Monza,FP3,BEA,87,Haas F1 Team,18.0,5.0,SOFT,5.0,False,83.95,27.593,28.463,27.894,,1,True,False,True,0.0,5.0,31.3325,51.4825,False,False,False,True,False,False,83.95,87.99081307009993,-4.040813070099929
2026,Monza,FP3,BEA,87,Haas F1 Team,21.0,6.0,SOFT,8.0,False,83.585,27.498,28.41,27.677,,1,True,False,True,0.0,5.0,31.3325,51.4825,False,False,False,True,False,False,83.585,87.99081307009993,-4.4058130700999385
