session,driver_number,driver,lap_number,stint,compound,tyre_age,lap_time_s,fuel_est_kg,te_index,min_gap_s,traffic_flag,air_temp,track_temp,e_deploy_lap_mj,e_harvest_lap_mj,soc_min_lap_mj,n_empty_battery_clips,n_superclips,empty_clip_duration_s,superclip_duration_s,lift_coast_duration_s,fuel_in_stint_kg,is_representative,event
R,1,NOR,1.0,1.0,MEDIUM,1.0,100.454,100.0,1.9459101490553128,inf,1,24.4,40.6,6.696274196497417,4.455978590775846,0.6814905879875169,11,0,36.00000000000001,0.0,18.5,0.0,1,Silverstone
R,1,NOR,2.0,1.0,MEDIUM,2.0,94.836,98.2,3.295836866004329,inf,0,24.6,42.2,6.929725976018658,3.8941410834444055,0.5082672448017921,14,0,27.699999999999974,0.0,18.2,-1.8,1,Silverstone
R,1,NOR,3.0,1.0,MEDIUM,3.0,95.241,96.4,3.8501476017100575,inf,0,24.6,42.3,6.333460714556939,4.167940637404975,1.1304516399158684,13,0,29.10000000000002,0.0,19.3,-3.6,1,Silverstone
R,1,NOR,4.0,1.0,MEDIUM,4.0,95.116,94.6,4.219507705176107,inf,0,24.5,41.7,5.764257978704241,4.618320899568449,1.6190237554720257,15,0,25.90000000000001,0.0,18.8,-5.4,1,Silverstone
R,1,NOR,5.0,1.0,MEDIUM,5.0,95.154,92.8,4.499809670330265,inf,0,24.5,42.6,6.385403463796553,4.4074981990826165,0.9679122278757318,11,0,34.60000000000004,0.0,18.2,-7.2,1,Silverstone
R,1,NOR,6.0,1.0,MEDIUM,6.0,94.875,91.0,4.718498871295094,inf,0,24.5,42.3,6.583826434170429,4.038952220329565,0.5592286344481716,11,0,38.49999999999999,0.0,18.1,-9.0,1,Silverstone
R,1,NOR,7.0,1.0,MEDIUM,7.0,95.086,89.2,4.897839799950911,inf,0,24.5,42.3,7.362003260351585,4.139339182987136,0.2792133276496288,10,0,38.50000000000001,0.0,17.2,-10.8,1,Silverstone
R,1,NOR,8.0,1.0,MEDIUM,8.0,95.281,87.4,5.043425116919247,inf,0,25.0,42.4,7.529436238334766,3.975834331420432,0.0379312642280438,11,0,33.79999999999999,0.0,17.0,-12.6,1,Silverstone
R,1,NOR,9.0,1.0,MEDIUM,9.0,95.62,85.6,5.170483995038151,inf,0,25.0,41.5,7.47915589069759,4.021935382782273,0.0855004481967036,12,0,33.30000000000001,0.0,17.5,-14.4,1,Silverstone
R,1,NOR,10.0,1.0,MEDIUM,10.0,95.286,83.8,5.2832037287379885,inf,0,25.2,42.4,7.409373832963573,3.9572701643861934,0.0535153158700877,13,0,36.00000000000002,0.0,16.5,-16.2,1,Silverstone
R,1,NOR,11.0,1.0,MEDIUM,11.0,95.318,82.0,5.37989735354046,inf,0,25.2,42.4,7.471209558459144,4.15198491015121,0.2472352217143896,13,0,29.700000000000017,0.0,16.6,-18.0,1,Silverstone
R,1,NOR,12.0,1.0,MEDIUM,12.0,95.442,80.2,5.476463551931511,inf,0,25.0,42.4,7.429299376486769,4.1789847896927546,0.2481153731900195,13,0,33.69999999999998,0.0,16.400000000000002,-19.8,1,Silverstone
R,1,NOR,13.0,1.0,MEDIUM,13.0,95.147,78.4,5.564520407322694,inf,0,25.0,42.4,6.703643467855686,4.171781240650409,0.9089004143388868,11,0,35.99999999999998,0.0,16.900000000000002,-21.6,1,Silverstone
R,1,NOR,14.0,1.0,MEDIUM,14.0,95.09,76.6,5.645446897643238,inf,0,25.0,43.7,6.772835991129956,4.410026968677167,0.919809639053529,12,0,36.5,0.0,17.0,-23.4,1,Silverstone
R,1,NOR,15.0,1.0,MEDIUM,15.0,95.14,74.8,5.720311776607412,inf,0,24.9,43.7,6.779031475951381,4.416507569077774,1.0504549066319555,12,0,38.49999999999999,0.0,16.400000000000002,-25.2,1,Silverstone
R,1,NOR,17.0,1.0,MEDIUM,17.0,95.716,71.2,5.84354441703136,inf,0,25.0,42.6,6.613711479094192,4.245287818107745,0.5697499530442117,13,0,35.89999999999999,0.0,17.0,-28.8,1,Silverstone
R,1,NOR,18.0,1.0,MEDIUM,18.0,94.741,69.4,5.8944028342648505,inf,0,25.0,42.6,6.69444059424057,4.068502770561345,0.3801384066636531,10,0,38.49999999999999,0.0,16.1,-30.6,1,Silverstone
R,1,NOR,19.0,1.0,MEDIUM,19.0,94.581,67.6,5.940171252720432,inf,0,25.5,41.4,6.43681274137324,4.091513190420766,0.9538303148032258,12,0,33.500000000000014,0.0,16.5,-32.4,1,Silverstone
R,1,NOR,20.0,1.0,MEDIUM,20.0,94.722,65.8,5.991464547107982,inf,0,25.3,40.8,7.119168314911484,3.5858912872992077,0.0007691361902374,11,0,39.600000000000016,0.0,16.3,-34.2,1,Silverstone
R,1,NOR,21.0,1.0,MEDIUM,21.0,94.58,64.0,6.035481432524756,inf,0,26.0,40.8,7.219105537023752,3.694771582287676,0.0180485622385904,13,0,31.699999999999985,0.0,15.5,-36.0,1,Silverstone
R,1,NOR,22.0,1.0,MEDIUM,22.0,105.666,62.2,6.077642243349034,inf,1,25.5,41.6,5.141045396855111,3.433472720080763,1.2477366968953802,10,0,25.200000000000014,0.0,21.1,-37.8,0,Silverstone
R,1,NOR,23.0,1.0,MEDIUM,23.0,94.73,60.4,6.113682179832232,inf,0,25.6,41.5,7.2057738734777,3.802703520975168,0.0207992131945081,10,0,39.9,0.0,15.4,-39.6,1,Silverstone
R,1,NOR,24.0,1.0,MEDIUM,24.0,94.882,58.6,6.152732694704104,inf,0,25.3,41.3,7.253046483541312,3.7967812224107096,0.0167463135914737,15,0,38.40000000000002,0.0,15.1,-41.4,1,Silverstone
R,1,NOR,25.0,1.0,MEDIUM,25.0,94.519,56.8,6.186208623900494,inf,0,26.0,41.3,7.140720949953067,3.7599944481196905,0.0162907430183452,14,0,37.8,0.0,16.1,-43.2,1,Silverstone
R,1,NOR,26.0,1.0,MEDIUM,26.0,94.724,55.0,6.226536669287466,inf,0,25.6,39.3,7.309030348433894,3.96365078421496,0.1165263257278859,11,0,31.699999999999992,0.0,16.900000000000002,-45.0,1,Silverstone
R,1,NOR,27.0,1.0,MEDIUM,27.0,94.525,53.2,6.26530121273771,inf,0,25.2,39.3,7.409025001765782,3.902634964351795,0.0396617786894205,12,0,34.100000000000016,0.0,15.8,-46.8,1,Silverstone
R,1,NOR,30.0,2.0,HARD,1.0,92.901,47.8,6.371611847231857,inf,0,25.0,37.5,5.918490875227895,4.06432153665714,0.9910304451461576,13,0,34.099999999999994,0.0,15.9,0.0,1,Silverstone
R,1,NOR,31.0,2.0,HARD,2.0,93.454,46.0,6.405228458030842,inf,0,25.0,38.8,7.129562577162276,3.8270655965607623,0.0581878988836702,12,0,35.60000000000001,0.0,16.8,-1.8,1,Silverstone
R,1,NOR,32.0,2.0,HARD,3.0,93.196,44.2,6.437751649736401,inf,0,25.0,37.7,7.4631480314426035,4.002714411990021,0.1264476703458846,11,0,33.10000000000001,0.0,16.3,-3.6,1,Silverstone
R,1,NOR,33.0,2.0,HARD,4.0,93.33,42.4,6.470799503782602,inf,0,25.8,37.7,7.331915631005727,3.761002865788246,0.0140043353423571,13,0,34.80000000000002,0.0,15.6,-5.4,1,Silverstone
R,1,NOR,34.0,2.0,HARD,5.0,93.468,40.6,6.501289670540389,inf,0,25.6,38.3,7.179329959947831,3.817595354437304,0.0422688702398692,12,0,32.699999999999974,0.0,16.6,-7.2,1,Silverstone
R,1,NOR,35.0,2.0,HARD,6.0,93.532,38.8,6.52795791762255,inf,0,25.6,38.9,7.341525530975501,3.790165276670166,0.0708462395326043,12,0,33.099999999999994,0.0,16.2,-9.0,1,Silverstone
R,1,NOR,36.0,2.0,HARD,7.0,93.514,37.0,6.555356891810665,inf,0,25.4,38.9,7.484520532080238,3.935223485178275,0.0257900569684985,11,0,35.000000000000014,0.0,15.5,-10.8,1,Silverstone
R,1,NOR,37.0,2.0,HARD,8.0,93.913,35.2,6.583409222158765,inf,0,25.2,38.9,7.303161129847886,3.8226101541691153,0.0210473514414445,10,0,34.0,0.0,17.0,-12.6,1,Silverstone
R,1,NOR,40.0,3.0,MEDIUM,1.0,92.759,29.8,6.656726524178391,inf,0,25.3,38.4,7.372638188301539,3.760901475348676,0.0097554868094329,10,0,38.8,0.0,15.5,0.0,1,Silverstone
R,1,NOR,41.0,3.0,MEDIUM,2.0,93.022,28.0,6.682108597449809,inf,0,25.4,38.8,7.279836543640467,3.784619296615371,0.0443383515591924,11,0,34.40000000000002,0.0,16.7,-1.8,1,Silverstone
R,1,NOR,42.0,3.0,MEDIUM,3.0,93.302,26.200000000000003,6.706862336602747,inf,0,25.6,38.7,7.0192324341961765,4.050756967865201,0.3649096001220703,13,0,41.29999999999999,0.0,15.8,-3.6,1,Silverstone
R,1,NOR,43.0,3.0,MEDIUM,4.0,93.167,24.39999999999999,6.728628613084702,inf,0,25.4,39.0,7.268331119150094,4.048654034317112,0.2669099677293843,11,0,36.1,0.0,15.7,-5.4,1,Silverstone
R,1,NOR,44.0,3.0,MEDIUM,5.0,92.775,22.599999999999994,6.74993119378857,inf,0,25.4,38.7,7.216711518371618,3.763140584110281,0.0352664673409469,10,0,34.099999999999994,0.0,15.8,-7.2,1,Silverstone
R,1,NOR,45.0,3.0,MEDIUM,6.0,92.625,20.8,6.773080375655535,inf,0,25.4,38.2,7.223646514835509,3.73273060133615,0.0581198982538127,10,0,33.40000000000001,0.0,15.9,-9.0,1,Silverstone
R,1,NOR,46.0,3.0,MEDIUM,7.0,93.028,19.0,6.795705775173515,inf,0,25.6,38.7,7.336540617347637,3.926804851243584,0.1303703973260307,11,0,34.50000000000001,0.0,15.9,-10.8,1,Silverstone
R,1,NOR,47.0,3.0,MEDIUM,8.0,98.834,17.200000000000003,6.816735880594968,inf,1,25.6,38.7,6.385395273586129,3.698899010572511,0.4310149296275744,8,0,29.400000000000016,0.0,22.1,-12.6,1,Silverstone
R,1,NOR,50.0,4.0,SOFT,1.0,144.647,11.799999999999995,6.834108738813838,inf,0,25.4,39.7,1.927385983094262,4.21698122283046,3.2276140169057346,3,0,6.699999999999999,0.0,45.2,0.0,1,Silverstone
R,1,NOR,52.0,4.0,SOFT,3.0,142.749,8.200000000000003,6.866933284461882,inf,0,25.8,40.1,0.5775000000000001,2.3169964670592096,3.6324999999999994,1,0,0.3999999999999971,0.0,42.6,-3.6,1,Silverstone
R,10,GAS,1.0,1.0,MEDIUM,1.0,105.047,100.0,2.4849066497880004,inf,1,24.4,40.6,5.577038337536082,3.1399984487429657,1.1129004528099984,9,0,24.599999999999994,0.0,18.4,0.0,0,Silverstone
R,10,GAS,2.0,1.0,MEDIUM,2.0,97.382,98.2,3.49650756146648,inf,0,24.6,42.2,6.055458574449405,3.4971030764319195,0.7816465543704629,16,0,31.500000000000004,0.0,19.4,-1.8,1,Silverstone
R,10,GAS,3.0,1.0,MEDIUM,3.0,96.022,96.4,3.951243718581428,inf,0,24.6,42.3,6.890641515558373,3.410121768405568,0.0903609661596325,14,0,36.900000000000006,0.0,17.0,-3.6,1,Silverstone
R,10,GAS,4.0,1.0,MEDIUM,4.0,96.294,94.6,4.290459441148391,inf,0,24.5,41.7,6.671274774481367,3.1675353546513536,0.009817163972031,11,0,34.9,0.0,16.1,-5.4,1,Silverstone
R,10,GAS,5.0,1.0,MEDIUM,5.0,97.169,92.8,4.553876891600541,inf,0,24.5,42.6,6.974903874095792,4.105376479621012,0.712991376651126,13,0,35.200000000000024,0.0,18.9,-7.2,1,Silverstone
R,10,GAS,6.0,1.0,MEDIUM,6.0,96.336,91.0,4.7535901911063645,inf,0,24.5,42.3,6.255230696941316,3.691917955501696,1.0249339039046377,12,0,34.60000000000002,0.0,17.400000000000002,-9.0,1,Silverstone
R,10,GAS,7.0,1.0,MEDIUM,7.0,97.056,89.2,4.927253685157205,inf,0,24.8,42.3,7.052905209879866,3.4132595396727194,0.137816783430557,11,0,36.30000000000002,0.0,17.6,-10.8,1,Silverstone
R,10,GAS,8.0,1.0,MEDIUM,8.0,97.256,87.4,5.075173815233827,inf,0,25.0,42.4,7.039365003052868,3.6111725112235766,0.0729897401330287,13,0,36.0,0.0,15.1,-12.6,1,Silverstone
R,10,GAS,9.0,1.0,MEDIUM,9.0,96.887,85.6,5.198497031265826,inf,0,25.3,41.5,6.895780495046843,3.1309977427688924,0.0001437002645639,13,0,29.399999999999984,0.0,15.4,-14.4,1,Silverstone
R,10,GAS,10.0,1.0,MEDIUM,10.0,96.162,83.8,5.308267697401205,inf,0,25.2,42.4,6.722367830824959,2.919009469252292,0.0009422153298624,15,0,34.700000000000024,0.0,15.7,-16.2,1,Silverstone
R,10,GAS,11.0,1.0,MEDIUM,11.0,96.225,82.0,5.402677381872279,inf,0,25.2,42.4,6.62822929866151,2.955905117897502,0.0002582778359957,15,0,34.20000000000001,0.0,15.0,-18.0,1,Silverstone
R,10,GAS,12.0,1.0,MEDIUM,12.0,96.165,80.2,5.497168225293202,inf,0,24.9,42.4,6.472629642500335,2.892798347576393,0.0018414364586229,13,0,35.299999999999976,0.0,14.8,-19.8,1,Silverstone
R,10,GAS,13.0,1.0,MEDIUM,13.0,96.45,78.4,5.583496308781699,inf,0,25.0,42.4,6.621130156766674,2.9711092063142046,0.0011401424476848,12,0,40.2,0.0,15.4,-21.6,1,Silverstone
R,10,GAS,14.0,1.0,MEDIUM,14.0,96.146,76.6,5.662960480135946,inf,0,25.0,43.8,6.579184212372201,2.944418478061075,0.0011959442396592,14,0,38.00000000000003,0.0,15.0,-23.4,1,Silverstone
R,10,GAS,15.0,1.0,MEDIUM,15.0,95.989,74.8,5.733341276897746,inf,0,24.9,43.7,6.654913595792495,3.074658399933593,0.0061271731621766,15,0,39.2,0.0,14.7,-25.2,1,Silverstone
R,10,GAS,16.0,1.0,MEDIUM,16.0,96.296,73.0,5.796057750765372,inf,0,25.0,42.9,6.615857893441605,2.9974233969917528,0.0058885767738295,13,0,35.59999999999998,0.0,15.5,-27.0,1,Silverstone
R,10,GAS,17.0,1.0,MEDIUM,17.0,96.175,71.2,5.855071922202427,inf,0,24.9,42.6,6.487976120670906,2.8555967667402,0.0009891533341076,13,0,34.79999999999999,0.0,14.5,-28.8,1,Silverstone
R,10,GAS,19.0,1.0,MEDIUM,19.0,95.953,67.6,5.953243334287785,inf,0,25.3,41.5,6.735810247513083,3.0016750249393898,0.0016665607446305,10,0,35.89999999999999,0.0,15.9,-32.4,1,Silverstone
R,10,GAS,20.0,1.0,MEDIUM,20.0,95.675,65.8,6.003887067106539,inf,0,25.3,40.8,6.560200229136497,2.996139193942424,0.0042456508341898,12,0,35.5,0.0,14.0,-34.2,1,Silverstone
R,10,GAS,21.0,1.0,MEDIUM,21.0,99.978,64.0,6.052089168924417,inf,1,26.0,40.8,6.273901138098699,2.9985130120163164,0.001094225958237,13,0,35.60000000000001,0.0,16.2,-36.0,1,Silverstone
R,10,GAS,22.0,1.0,MEDIUM,22.0,101.621,62.2,6.093569770045136,inf,1,25.5,41.5,6.373198554799669,2.929616773773964,0.0001249307390182,13,0,24.699999999999992,0.0,18.1,-37.8,1,Silverstone
R,10,GAS,25.0,2.0,HARD,1.0,94.576,56.8,6.210600077024653,inf,0,25.4,39.3,6.410806469150398,3.131423480459897,0.4062000262168658,11,0,34.1,0.0,15.5,0.0,1,Silverstone
R,10,GAS,26.0,2.0,HARD,2.0,95.614,55.0,6.248042874508429,inf,0,25.2,39.3,6.529941050181924,3.4204466097199204,0.5000131464491767,13,0,36.30000000000002,0.0,15.3,-1.8,1,Silverstone
R,10,GAS,27.0,2.0,HARD,3.0,94.731,53.2,6.284134161070802,inf,0,25.1,39.3,6.504388178679329,3.035862940532242,0.2089965407650448,13,0,35.50000000000001,0.0,15.0,-3.6,1,Silverstone
R,10,GAS,28.0,2.0,HARD,4.0,94.618,51.4,6.317164686747284,inf,0,24.8,38.4,6.669858663622493,2.988550943339602,0.0042638341817567,13,0,37.79999999999999,0.0,13.6,-5.4,1,Silverstone
R,10,GAS,29.0,2.0,HARD,5.0,94.437,49.6,6.35088571671474,inf,0,24.9,38.1,6.71201110532096,3.0686497259195864,0.0037938082028928,14,0,36.1,0.0,14.6,-7.2,1,Silverstone
R,10,GAS,30.0,2.0,HARD,6.0,94.619,47.8,6.385194398997726,inf,0,25.4,37.5,6.665635438903303,3.001522004380891,0.0056190951777885,16,0,34.59999999999999,0.0,14.5,-9.0,1,Silverstone
R,10,GAS,31.0,2.0,HARD,7.0,94.721,46.0,6.418364935936212,inf,0,25.0,38.8,6.632631924539172,3.0753293340191763,0.0082117545327694,12,0,36.80000000000001,0.0,13.9,-10.8,1,Silverstone
R,10,GAS,32.0,2.0,HARD,8.0,95.063,44.2,6.452048954437226,inf,0,25.2,37.7,6.568063207067666,2.926456495892761,0.0040030509885673,13,0,38.2,0.0,14.4,-12.6,1,Silverstone
R,10,GAS,33.0,2.0,HARD,9.0,94.963,42.4,6.486160788944089,inf,0,25.6,38.3,6.673482741292082,3.0701031578723037,0.0244922880007065,14,0,37.5,0.0,14.5,-14.4,1,Silverstone
R,10,GAS,34.0,2.0,HARD,10.0,94.996,40.6,6.51471269087253,inf,0,25.5,38.3,6.671059730142826,3.0470370073818445,0.0297395680171951,14,0,35.90000000000001,0.0,14.1,-16.2,1,Silverstone
R,10,GAS,35.0,2.0,HARD,11.0,95.558,38.8,6.541029999189903,inf,0,25.5,38.9,6.492365865078622,3.1812842344115184,0.2687035138858915,12,0,29.300000000000004,0.0,15.1,-18.0,1,Silverstone
R,10,GAS,36.0,2.0,HARD,12.0,94.937,37.0,6.569481420414296,inf,0,25.4,38.9,6.477368270599185,2.8354526357815324,0.0026728144093601,13,0,37.99999999999998,0.0,14.9,-19.8,1,Silverstone
R,10,GAS,37.0,2.0,HARD,13.0,94.861,35.2,6.594413459749778,inf,0,25.3,38.9,6.665380682174035,3.046331700741632,0.028232887986463,12,0,37.70000000000002,0.0,14.0,-21.6,1,Silverstone
R,10,GAS,38.0,2.0,HARD,14.0,117.887,33.39999999999999,6.616065185132817,inf,1,25.4,38.9,2.654077809264582,2.481914648454276,2.7980997444533604,5,0,7.999999999999999,0.0,26.700000000000003,-23.4,0,Silverstone
R,10,GAS,39.0,2.0,HARD,15.0,94.522,31.599999999999994,6.639875833826536,inf,0,25.3,38.8,6.696850520378535,3.005332434356811,0.0006670517463565,12,0,31.500000000000007,0.0,12.8,-25.2,1,Silverstone
R,10,GAS,40.0,2.0,HARD,16.0,94.455,29.8,6.666956792429207,inf,0,25.4,38.4,6.661491853187647,2.974678603481563,0.0239350990845662,13,0,37.3,0.0,14.2,-27.0,1,Silverstone
R,10,GAS,41.0,2.0,HARD,17.0,94.312,28.0,6.692083742506628,inf,0,25.6,38.7,6.747681644042149,3.1151562037493097,0.0632619283518282,13,0,37.7,0.0,14.3,-28.8,1,Silverstone
R,10,GAS,42.0,2.0,HARD,18.0,94.303,26.200000000000003,6.715383386334681,inf,0,25.4,38.7,6.6447942945248215,3.0105793547763278,0.1271255492408433,14,0,34.00000000000003,0.0,14.0,-30.6,1,Silverstone
R,10,GAS,43.0,2.0,HARD,19.0,94.387,24.39999999999999,6.738152494595957,inf,0,25.6,38.7,6.827601256840042,3.162717115898036,0.1017932334752794,14,0,37.00000000000001,0.0,15.0,-32.4,1,Silverstone
R,10,GAS,44.0,2.0,HARD,20.0,94.179,22.599999999999994,6.759255270663693,inf,0,25.4,38.7,6.855246563925679,3.131856234147787,0.0648807756054091,16,0,34.7,0.0,13.1,-34.2,1,Silverstone
R,10,GAS,45.0,2.0,HARD,21.0,94.51,20.8,6.78332520060396,inf,0,25.4,38.7,6.45047109616795,3.1354932457535334,0.2643425606562519,13,0,37.2,0.0,13.0,-36.0,1,Silverstone
R,10,GAS,46.0,2.0,HARD,22.0,95.978,19.0,6.806829360392176,inf,1,25.6,38.7,5.576995073087213,2.939707873333308,0.8004116210845951,15,0,30.70000000000004,0.0,17.900000000000002,-37.8,1,Silverstone
R,10,GAS,47.0,2.0,HARD,23.0,116.905,17.200000000000003,6.818924065275521,inf,1,25.6,39.3,4.555950549471597,3.83671048513836,1.8369864418177664,9,0,14.299999999999995,0.0,25.1,-39.6,0,Silverstone
R,10,GAS,50.0,3.0,SOFT,1.0,103.339,11.799999999999995,6.84587987526405,inf,0,25.4,39.7,5.886105720448709,2.7295331690135,3.4033006540613406e-05,9,0,34.8,0.0,20.1,0.0,1,Silverstone
R,10,GAS,52.0,3.0,SOFT,3.0,139.58,8.200000000000003,6.874198495453294,inf,1,25.8,40.1,0.9625,1.2398703210898376,3.4049999999999976,2,0,1.7000000000000144,0.0,33.6,-3.6,0,Silverstone
R,11,PER,1.0,1.0,MEDIUM,1.0,106.587,100.0,2.833213344056216,inf,1,24.4,40.6,6.091370260606707,6.924723377561595,1.3503811208547645,11,0,28.8,0.0,21.5,0.0,0,Silverstone
R,11,PER,2.0,1.0,MEDIUM,2.0,97.781,98.2,3.555348061489413,inf,0,24.4,42.3,6.668365916011695,5.825133487999024,1.4142285413475797,14,1,25.800000000000008,7.500000000000005,18.8,-1.8,1,Silverstone
R,11,PER,3.0,1.0,MEDIUM,3.0,96.934,96.4,4.007333185232471,inf,0,24.6,42.3,7.001199874227176,5.431677235971219,0.8715380225243275,12,0,32.800000000000004,0.0,20.200000000000003,-3.6,1,Silverstone
R,11,PER,4.0,1.0,MEDIUM,4.0,97.232,94.6,4.330733340286331,inf,0,24.5,41.7,7.65378792086373,5.206092184793626,0.0497110476975397,12,0,36.19999999999998,0.0,15.9,-5.4,1,Silverstone
R,11,PER,5.0,1.0,MEDIUM,5.0,97.229,92.8,4.584967478670572,inf,0,24.5,42.6,8.051120071262364,5.487508657718763,0.116641315430833,14,0,39.10000000000001,0.0,17.3,-7.2,1,Silverstone
R,11,PER,6.0,1.0,MEDIUM,6.0,96.94,91.0,4.787491742782046,inf,0,24.5,42.3,7.7001215890404655,5.284957864784606,0.1484823124918175,13,0,33.60000000000001,0.0,17.0,-9.0,1,Silverstone
R,11,PER,7.0,1.0,MEDIUM,7.0,97.311,89.2,4.955827057601261,inf,0,24.8,42.3,7.806482711243768,5.411645363464897,0.2148070672522883,11,0,36.6,0.0,14.6,-10.8,1,Silverstone
R,11,PER,8.0,1.0,MEDIUM,8.0,97.54,87.4,5.093750200806762,inf,0,25.0,42.4,7.87235272584397,5.304245941086661,0.0077368438167134,11,0,38.40000000000006,0.0,16.400000000000002,-12.6,1,Silverstone
R,11,PER,9.0,1.0,MEDIUM,9.0,97.662,85.6,5.220355825078325,inf,0,25.3,41.5,7.822402829689993,5.408306871508262,0.2721359372933465,15,0,35.70000000000002,0.0,17.7,-14.4,1,Silverstone
R,11,PER,10.0,1.0,MEDIUM,10.0,97.773,83.8,5.327876168789581,inf,0,25.2,42.4,8.050230588686185,5.266531726563203,0.0126895550273853,9,0,39.500000000000014,0.0,17.2,-16.2,1,Silverstone
R,11,PER,11.0,1.0,MEDIUM,11.0,97.545,82.0,5.420534999272286,inf,0,25.2,42.4,8.26995681488307,5.457900472744512,0.0239485884456299,17,0,36.499999999999964,0.0,17.6,-18.0,1,Silverstone
R,11,PER,12.0,1.0,MEDIUM,12.0,97.825,80.2,5.517452896464707,inf,0,24.9,42.4,7.473763808017985,5.7511397819936265,0.9336024388007046,10,1,25.299999999999983,8.699999999999994,19.3,-19.8,1,Silverstone
R,11,PER,13.0,1.0,MEDIUM,13.0,97.294,78.4,5.602118820879701,inf,0,25.0,42.4,7.649009909204105,5.7700787189346245,0.4702552870879785,15,0,35.09999999999999,0.0,18.6,-21.6,1,Silverstone
R,11,PER,14.0,1.0,MEDIUM,14.0,97.156,76.6,5.680172609017068,inf,0,25.0,43.8,7.630413070757005,5.550641029185249,0.574937629882934,11,0,35.800000000000004,0.0,16.6,-23.4,1,Silverstone
R,11,PER,15.0,1.0,MEDIUM,15.0,96.975,74.8,5.749392985908253,inf,0,24.8,42.9,7.640011538719518,5.394544519893593,0.5766476370732605,14,0,35.70000000000001,0.0,17.8,-25.2,1,Silverstone
R,11,PER,16.0,1.0,MEDIUM,16.0,97.265,73.0,5.8111409929767,inf,0,25.0,42.9,8.192265552230847,5.232917184756811,0.1231901338089294,10,0,35.70000000000002,0.0,18.3,-27.0,1,Silverstone
R,11,PER,17.0,1.0,MEDIUM,17.0,96.947,71.2,5.863631175598097,inf,0,24.9,42.6,8.250643037276362,5.52800657946867,0.0576289984218037,11,0,36.1,0.0,18.6,-28.8,1,Silverstone
R,11,PER,18.0,1.0,MEDIUM,18.0,97.577,69.4,5.91350300563827,inf,0,25.0,42.6,7.804872908715943,5.305183811510657,0.1044886409958061,14,0,34.100000000000016,0.0,19.0,-30.6,1,Silverstone
R,11,PER,19.0,1.0,MEDIUM,19.0,97.094,67.6,5.963579343618446,inf,0,25.3,41.5,7.943543785611776,5.310008783094851,0.1031471962210369,11,0,35.900000000000006,0.0,17.6,-32.4,1,Silverstone
R,11,PER,20.0,1.0,MEDIUM,20.0,96.721,65.8,6.0112671744041615,inf,0,25.5,40.8,7.962692891978211,5.480235137969752,0.0731980654989732,12,0,36.40000000000003,0.0,16.7,-34.2,1,Silverstone
R,11,PER,23.0,2.0,HARD,1.0,97.496,60.4,6.1463292576688975,inf,0,25.3,41.3,6.263323650156588,5.262366443263293,1.012347028507427,12,0,30.200000000000014,0.0,19.8,0.0,1,Silverstone
R,11,PER,24.0,2.0,HARD,2.0,97.186,58.6,6.182084906716632,inf,0,26.0,41.3,6.611648417895964,5.462821261350235,0.7906741432209472,13,1,22.90000000000001,4.500000000000005,19.0,-1.8,1,Silverstone
R,11,PER,25.0,2.0,HARD,3.0,95.826,56.8,6.220590170099739,inf,0,25.4,39.3,7.380936345358547,5.8256968895689365,1.0490767754962598,11,0,39.6,0.0,17.8,-3.6,1,Silverstone
R,11,PER,26.0,2.0,HARD,4.0,95.661,55.0,6.257667587882639,inf,0,25.2,39.3,8.079193616967009,5.400193497517842,0.0422492835693209,11,0,40.0,0.0,17.5,-5.4,1,Silverstone
R,11,PER,27.0,2.0,HARD,5.0,96.824,53.2,6.297109319933935,inf,0,25.1,39.3,7.997812600308816,5.285251501525492,0.0009523427499867,10,0,40.60000000000001,0.0,18.1,-7.2,1,Silverstone
R,11,PER,28.0,2.0,HARD,6.0,96.534,51.4,6.327936783729195,inf,0,24.8,38.4,6.721008632633861,5.8584557030177455,0.9887741562176688,10,0,33.6,0.0,20.700000000000003,-9.0,1,Silverstone
R,11,PER,29.0,2.0,HARD,7.0,97.003,49.6,6.363028103540465,inf,0,25.0,37.5,7.451155534238409,4.995246332622903,0.3831382015953857,7,0,33.89999999999999,0.0,20.700000000000003,-10.8,1,Silverstone
R,11,PER,30.0,2.0,HARD,8.0,96.389,47.8,6.396929655216146,inf,0,25.4,37.5,7.525803877880056,5.985722973870134,0.7842142522530134,11,0,37.70000000000001,0.0,17.8,-12.6,1,Silverstone
R,11,PER,31.0,2.0,HARD,9.0,96.666,46.0,6.431331081933479,inf,0,25.0,37.7,7.514549598879345,5.500502454171611,0.4778914385698554,11,0,34.00000000000001,0.0,19.5,-14.4,1,Silverstone
R,11,PER,32.0,2.0,HARD,10.0,96.292,44.2,6.464588303689961,inf,0,25.8,37.7,7.239859487289978,5.660165928450085,0.847052154466218,9,0,36.89999999999999,0.0,16.6,-16.2,1,Silverstone
R,11,PER,33.0,2.0,HARD,11.0,96.403,42.4,6.498282149476434,inf,0,25.6,38.3,7.487114987865263,5.564674546345415,0.6187301267335263,14,0,33.9,0.0,15.9,-18.0,1,Silverstone
R,11,PER,34.0,2.0,HARD,12.0,98.576,40.6,6.52649485957079,inf,1,25.6,38.9,7.520039568088096,5.576642546090886,0.4665129182954616,12,0,36.20000000000001,0.0,18.5,-19.8,1,Silverstone
R,11,PER,35.0,2.0,HARD,13.0,96.497,38.8,6.553933404025811,inf,0,25.5,38.9,7.201238234946293,5.572644917962395,0.946920871272296,11,0,35.50000000000002,0.0,18.6,-21.6,1,Silverstone
R,11,PER,36.0,2.0,HARD,14.0,96.457,37.0,6.582025138892826,inf,0,25.2,38.9,7.832361122262305,5.588487219084147,0.6626645788616696,9,0,39.4,0.0,14.6,-23.4,1,Silverstone
R,11,PER,37.0,2.0,HARD,15.0,103.49,35.2,6.606650186198215,inf,1,25.4,38.9,6.734045004596604,5.636841007693732,0.8275147409333524,10,0,31.500000000000004,0.0,23.9,-25.2,1,Silverstone
R,11,PER,38.0,2.0,HARD,16.0,110.614,33.39999999999999,6.6293632534374485,inf,1,25.4,38.9,4.500819672598361,4.21652959789353,1.6430540960631403,8,0,20.7,0.0,20.0,-27.0,0,Silverstone
R,11,PER,39.0,2.0,HARD,17.0,96.798,31.599999999999994,6.654152520183219,inf,0,25.3,38.4,7.246370360753783,5.6994160378047365,1.1217258828706842,12,0,33.60000000000001,0.0,17.1,-28.8,1,Silverstone
R,11,PER,40.0,2.0,HARD,18.0,97.296,29.8,6.680854678790215,inf,0,25.4,38.8,6.866562401277797,4.72442730674344,0.7324256087155259,13,0,36.09999999999999,0.0,19.700000000000003,-30.6,1,Silverstone
R,11,PER,41.0,2.0,HARD,19.0,95.713,28.0,6.705639094860003,inf,0,25.6,38.7,7.941338355057777,5.363976954207663,0.5468272781422349,10,0,39.2,0.0,16.8,-32.4,1,Silverstone
R,11,PER,42.0,2.0,HARD,20.0,98.281,26.200000000000003,6.729824070489475,inf,1,25.4,39.0,6.492399815683644,5.231411514682777,1.4987918667491846,8,0,31.00000000000001,0.0,18.0,-34.2,1,Silverstone
R,11,PER,43.0,2.0,HARD,21.0,95.557,24.39999999999999,6.75110146893676,inf,0,25.4,38.7,7.601920512592145,5.579499596054758,0.6902147800739691,11,0,35.800000000000004,0.0,15.2,-36.0,1,Silverstone
R,11,PER,44.0,2.0,HARD,22.0,95.52,22.599999999999994,6.774223886357614,inf,0,25.4,38.2,7.993311515097678,5.157020456662199,0.0889867004400715,12,0,38.2,0.0,16.6,-37.8,1,Silverstone
R,11,PER,45.0,2.0,HARD,23.0,96.872,20.8,6.79794041297493,inf,0,25.6,38.7,7.574907669793895,4.819427028536475,0.0614015537176256,9,0,33.50000000000004,0.0,18.7,-39.6,1,Silverstone
R,11,PER,48.0,3.0,SOFT,1.0,120.247,15.399999999999991,6.825460036255307,inf,1,25.7,39.5,3.9049765993938585,5.733173513459295,2.983227151824287,8,0,17.599999999999987,0.0,27.9,0.0,0,Silverstone
R,11,PER,49.0,3.0,SOFT,2.0,136.502,13.599999999999994,6.838405200847344,inf,1,25.4,39.7,3.583603297397036,6.625214469383199,2.213961328972452,5,0,14.69999999999999,0.0,45.400000000000006,-1.8,0,Silverstone
R,11,PER,50.0,3.0,SOFT,3.0,108.807,11.799999999999995,6.853299093186078,inf,0,25.5,39.3,3.516563622252981,4.348300818032703,2.2837364870228907,9,0,17.700000000000024,0.0,23.9,-3.6,1,Silverstone
R,11,PER,51.0,3.0,SOFT,4.0,98.756,10.0,6.86171134048073,inf,0,25.8,40.1,5.438265917502658,4.489334437962082,1.2976203713037822,9,0,23.199999999999992,0.0,24.5,-5.4,1,Silverstone
R,11,PER,52.0,3.0,SOFT,5.0,105.229,8.200000000000003,6.881411303642535,inf,0,25.8,40.1,4.498237435134252,4.981940502127698,2.4234754751036025,9,0,20.60000000000002,0.0,24.1,-7.2,1,Silverstone
R,12,ANT,1.0,1.0,MEDIUM,1.0,97.447,100.0,1.0986122886681096,inf,1,24.4,40.6,6.730544681991539,4.63461430077626,1.0873493954364173,18,0,36.90000000000002,0.0,13.0,0.0,1,Silverstone
R,12,ANT,2.0,1.0,MEDIUM,2.0,94.414,98.2,3.1354942159291497,inf,0,24.6,42.2,6.0348626928537,4.680688959288349,1.5206157039890549,12,0,31.6,0.0,16.1,-1.8,1,Silverstone
R,12,ANT,3.0,1.0,MEDIUM,3.0,94.05,96.4,3.7612001156935615,inf,0,24.6,42.3,6.017272301274813,4.301105177533689,1.3260831860321844,15,0,31.69999999999998,0.0,16.3,-3.6,1,Silverstone
R,12,ANT,4.0,1.0,MEDIUM,4.0,94.373,94.6,4.158883083359672,inf,0,24.6,42.3,6.2279244829556655,4.50229609116415,1.2029637318911564,14,0,28.3,0.0,16.1,-5.4,1,Silverstone
R,12,ANT,5.0,1.0,MEDIUM,5.0,94.751,92.8,4.454347296253507,inf,0,24.5,42.6,7.2072992845027475,4.380844225345252,0.6672578316024711,15,0,36.899999999999984,0.0,15.1,-7.2,1,Silverstone
R,12,ANT,6.0,1.0,MEDIUM,6.0,94.464,91.0,4.68213122712422,inf,0,24.5,42.3,7.2675662493918205,4.319411882635574,0.5123562854851172,15,0,29.000000000000007,0.0,15.0,-9.0,1,Silverstone
R,12,ANT,7.0,1.0,MEDIUM,7.0,94.477,89.2,4.867534450455582,inf,0,24.5,42.3,6.207300922670004,4.5277120583131865,1.2560627772906618,14,0,29.09999999999999,0.0,15.9,-10.8,1,Silverstone
R,12,ANT,8.0,1.0,MEDIUM,8.0,94.74,87.4,5.017279836814924,inf,0,25.0,42.4,6.544366147094188,4.654808127888125,1.2576883112022113,14,0,33.20000000000003,0.0,15.1,-12.6,1,Silverstone
R,12,ANT,9.0,1.0,MEDIUM,9.0,94.965,85.6,5.147494476813453,inf,0,25.0,41.5,6.518262335493182,4.747485991986279,1.4257606564733698,12,0,33.4,0.0,15.8,-14.4,1,Silverstone
R,12,ANT,10.0,1.0,MEDIUM,10.0,95.017,83.8,5.262690188904886,inf,0,25.2,42.4,7.014136607195105,4.512117146448848,1.007426551808832,14,0,28.2,0.0,16.1,-16.2,1,Silverstone
R,12,ANT,11.0,1.0,MEDIUM,11.0,94.276,82.0,5.356586274672012,inf,0,25.2,42.4,6.163513176691835,4.137717551750431,1.074335819272493,16,0,33.9,0.0,15.8,-18.0,1,Silverstone
R,12,ANT,12.0,1.0,MEDIUM,12.0,94.488,80.2,5.455321115357702,inf,0,25.0,42.4,7.203161057982119,3.809943659449029,0.0155018127900474,13,0,40.2,0.0,13.8,-19.8,1,Silverstone
R,12,ANT,13.0,1.0,MEDIUM,13.0,94.592,78.4,5.545177444479562,inf,0,25.0,42.4,7.4086793785262035,3.8821242874205377,0.0179757916434906,13,0,35.599999999999994,0.0,14.4,-21.6,1,Silverstone
R,12,ANT,14.0,1.0,MEDIUM,14.0,94.117,76.6,5.627621113690637,inf,0,25.0,43.7,7.5569102968498,3.994175101481332,0.0463684391923173,11,0,36.3,0.0,14.7,-23.4,1,Silverstone
R,12,ANT,15.0,1.0,MEDIUM,15.0,93.91,74.8,5.703782474656201,inf,0,24.9,43.7,7.486490731434605,3.9647453494366394,0.0367621965734201,13,0,36.19999999999998,0.0,13.3,-25.2,1,Silverstone
R,12,ANT,16.0,1.0,MEDIUM,16.0,94.29,73.0,5.771441123130016,inf,0,24.8,42.9,7.438418933907457,3.80060820531668,0.0149152539765097,14,0,34.49999999999997,0.0,12.5,-27.0,1,Silverstone
R,12,ANT,17.0,1.0,MEDIUM,17.0,94.544,71.2,5.831882477283517,inf,0,25.0,42.6,7.407014502397901,4.0364936292268,0.0307294510744303,13,0,37.89999999999997,0.0,14.8,-28.8,1,Silverstone
R,12,ANT,18.0,1.0,MEDIUM,18.0,94.259,69.4,5.883322388488279,inf,0,25.0,42.6,7.387901529541012,4.156460633493502,0.2395488442537214,12,0,35.69999999999998,0.0,14.2,-30.6,1,Silverstone
R,12,ANT,19.0,1.0,MEDIUM,19.0,94.268,67.6,5.932245187448011,inf,0,25.5,41.4,7.423211819288213,4.115076878409942,0.1012500177419463,13,0,36.0,0.0,15.0,-32.4,1,Silverstone
R,12,ANT,20.0,1.0,MEDIUM,20.0,94.066,65.8,5.981414211254481,inf,0,25.3,40.8,7.290992094510427,4.0451771525145706,0.0734304400392174,14,0,36.9,0.0,13.4,-34.2,1,Silverstone
R,12,ANT,21.0,1.0,MEDIUM,21.0,94.078,64.0,6.028278520230698,inf,0,25.5,40.8,7.453994945983286,3.897799307138503,0.0333552192748106,13,0,36.8,0.0,14.6,-36.0,1,Silverstone
R,12,ANT,22.0,1.0,MEDIUM,22.0,104.368,62.2,6.07073772800249,inf,1,25.5,41.6,5.385831529475459,4.793851850987709,2.053370274452948,7,0,24.000000000000018,0.0,21.5,-37.8,0,Silverstone
R,12,ANT,23.0,1.0,MEDIUM,23.0,93.914,60.4,6.111467339502679,inf,0,25.6,41.5,7.248732575147697,3.8852611407098943,0.1029606621308445,14,0,37.10000000000004,0.0,14.3,-39.6,1,Silverstone
R,12,ANT,24.0,1.0,MEDIUM,24.0,93.955,58.6,6.148468295917647,inf,0,25.3,41.3,6.666366938942605,4.125127203550556,0.60706953204342,14,0,35.49999999999998,0.0,14.7,-41.4,1,Silverstone
R,12,ANT,25.0,1.0,MEDIUM,25.0,94.001,56.8,6.180016653652572,inf,0,26.0,41.3,6.86901567019759,4.172392250586949,0.1106455528727815,13,0,37.79999999999999,0.0,15.9,-43.2,1,Silverstone
R,12,ANT,26.0,1.0,MEDIUM,26.0,93.951,55.0,6.218600119691729,inf,0,25.4,39.3,7.086461874904879,3.79755386123284,0.0228818799885831,13,0,37.89999999999999,0.0,14.3,-45.0,1,Silverstone
R,12,ANT,27.0,1.0,MEDIUM,27.0,93.686,53.2,6.255750041753367,inf,0,25.2,39.3,7.354028344021978,3.9077749176070977,0.0488225656953374,9,0,38.9,0.0,13.4,-46.8,1,Silverstone
R,12,ANT,28.0,1.0,MEDIUM,28.0,93.52,51.4,6.293419278846481,inf,0,25.1,39.3,7.227709859390744,3.978779532899192,0.028665111861531,12,0,38.70000000000001,0.0,14.5,-48.6,1,Silverstone
R,12,ANT,29.0,1.0,MEDIUM,29.0,93.467,49.6,6.324358962381311,inf,0,24.8,38.4,6.872553636221593,4.046272119008768,0.362524793177844,14,0,37.50000000000002,0.0,13.7,-50.4,1,Silverstone
R,12,ANT,30.0,1.0,MEDIUM,30.0,93.72,47.8,6.3578422665081,inf,0,24.9,38.1,6.932342434582076,3.99476187953769,0.3852259556257499,10,0,37.8,0.0,14.5,-52.2,1,Silverstone
R,12,ANT,31.0,1.0,MEDIUM,31.0,93.772,46.0,6.391917113392602,inf,0,25.4,37.5,7.063156906327829,4.041632821015908,0.4384748554354204,14,0,35.79999999999998,0.0,14.9,-54.0,1,Silverstone
R,12,ANT,32.0,1.0,MEDIUM,32.0,93.451,44.2,6.423246963533519,inf,0,25.0,37.7,6.553152305411042,4.1587008611769445,1.133008937031452,13,0,27.300000000000004,0.0,14.1,-55.8,1,Silverstone
R,12,ANT,33.0,1.0,MEDIUM,33.0,93.601,42.4,6.455198563340122,inf,0,25.2,37.7,7.458164666379508,4.020215304560132,0.1233428741425576,12,0,35.000000000000014,0.0,14.7,-57.6,1,Silverstone
R,12,ANT,34.0,1.0,MEDIUM,34.0,93.725,40.6,6.489204931325317,inf,0,25.6,38.3,7.16141909909847,4.029994625258784,0.3045529283891972,13,0,35.20000000000002,0.0,14.7,-59.4,1,Silverstone
R,12,ANT,37.0,2.0,HARD,1.0,91.777,35.2,6.573680166960646,inf,0,25.2,38.9,7.29311463844417,3.5208804842944894,0.0111816809451132,17,0,33.99999999999999,0.0,12.1,0.0,1,Silverstone
R,12,ANT,38.0,2.0,HARD,2.0,92.149,33.39999999999999,6.5998704992128365,inf,0,25.3,38.9,6.561141321345122,4.12360995301305,1.1874625643205825,16,0,35.2,0.0,13.0,-1.8,1,Silverstone
R,12,ANT,39.0,2.0,HARD,3.0,117.371,31.599999999999994,6.621405651764134,inf,1,25.4,38.9,3.93845667419384,3.6943254854906673,1.998519422678874,8,0,16.300000000000008,0.0,35.0,-3.6,0,Silverstone
R,12,ANT,40.0,2.0,HARD,4.0,91.904,29.8,6.645090969505644,inf,0,25.3,38.4,7.329605716111206,3.650831074247666,0.0719264019356326,14,0,34.400000000000006,0.0,12.3,-5.4,1,Silverstone
R,12,ANT,45.0,4.0,MEDIUM,1.0,93.812,20.8,6.78105762593618,inf,0,25.4,38.7,7.50599768136663,4.148812072451623,0.3052533725126651,12,0,32.8,0.0,15.9,0.0,1,Silverstone
R,12,ANT,46.0,4.0,MEDIUM,2.0,93.503,19.0,6.803505257608338,inf,0,25.6,38.7,6.796150274309815,4.087828309799804,0.6387189563408754,15,0,34.60000000000003,0.0,15.0,-1.8,1,Silverstone
R,12,ANT,47.0,4.0,MEDIUM,3.0,112.822,17.200000000000003,6.81783057145415,inf,0,25.6,39.3,2.9768612842987614,3.884860967719327,2.802354623820853,7,0,11.699999999999992,0.0,24.5,-3.6,1,Silverstone
R,12,ANT,48.0,4.0,MEDIUM,4.0,125.074,15.399999999999991,6.822197390620491,inf,1,25.5,39.8,0.1925,2.621845775233873,3.807499999999999,0,0,0.0,0.0,28.3,-5.4,0,Silverstone
R,12,ANT,49.0,4.0,MEDIUM,5.0,102.439,13.599999999999994,6.829793737512425,inf,0,25.7,39.5,3.634717185911693,3.3369765454870177,1.5346054892878225,6,0,16.39999999999999,0.0,21.4,-7.2,1,Silverstone
R,12,ANT,50.0,4.0,MEDIUM,6.0,132.263,11.799999999999995,6.843749949006225,inf,1,25.4,39.7,2.1317976665695397,3.527699987690667,2.893478451996917,2,0,8.3,0.0,42.400000000000006,-9.0,0,Silverstone
R,12,ANT,52.0,4.0,MEDIUM,8.0,140.268,8.200000000000003,6.872128101338986,inf,1,25.8,40.1,0.0,2.262439799065864,4.0,0,0,0.0,0.0,38.8,-12.6,0,Silverstone
R,14,ALO,2.0,1.0,MEDIUM,1.0,100.031,98.2,3.688879454113936,inf,0,24.4,42.3,8.412115090866195,5.627876888925835,0.1623570674249444,14,0,39.59999999999998,0.0,16.7,0.0,1,Silverstone
R,14,ALO,3.0,1.0,MEDIUM,2.0,98.632,96.4,4.0943445622221,inf,0,24.6,42.3,8.583530908762622,5.341556246176141,0.0682082253237109,14,0,41.60000000000001,0.0,18.0,-1.8,1,Silverstone
R,14,ALO,4.0,1.0,MEDIUM,3.0,98.775,94.6,4.394449154672439,inf,0,24.5,41.7,8.614249242002519,5.204759667395692,0.0029594126576881,14,0,44.59999999999999,0.0,17.400000000000002,-3.6,1,Silverstone
R,14,ALO,5.0,1.0,MEDIUM,4.0,98.933,92.8,4.634728988229636,inf,0,24.5,41.3,8.60269640784525,5.125290468880946,0.0006710769469702,16,0,43.100000000000016,0.0,17.7,-5.4,1,Silverstone
R,14,ALO,6.0,1.0,MEDIUM,5.0,98.79,91.0,4.8283137373023015,inf,0,24.5,42.3,8.538141591771721,5.158591055483209,0.0008753055134365,17,0,43.40000000000003,0.0,17.8,-7.2,1,Silverstone
R,14,ALO,7.0,1.0,MEDIUM,6.0,98.384,89.2,4.990432586778736,inf,0,24.8,42.3,8.825193095658342,5.404592670015081,0.0008498793479631,13,0,45.10000000000002,0.0,17.3,-9.0,1,Silverstone
R,14,ALO,8.0,1.0,MEDIUM,7.0,98.792,87.4,5.123963979403259,inf,0,25.0,42.4,8.890252711579139,5.599765381161442,0.013222811467341,15,0,47.49999999999999,0.0,17.5,-10.8,1,Silverstone
R,14,ALO,9.0,1.0,MEDIUM,8.0,99.472,85.6,5.241747015059643,inf,0,25.3,41.5,8.38381543654338,5.270726803336867,0.0332324723756004,15,0,43.20000000000002,0.0,18.7,-12.6,1,Silverstone
R,14,ALO,10.0,1.0,MEDIUM,9.0,99.093,83.8,5.342334251964811,inf,0,25.2,42.4,8.659617971361621,6.302073379625528,0.0835560423460401,14,0,45.8,0.0,17.1,-14.4,1,Silverstone
R,14,ALO,11.0,1.0,MEDIUM,10.0,99.003,82.0,5.442417710521793,inf,0,25.2,42.4,8.438188397387929,5.641435043790143,0.0235897845848118,13,0,44.49999999999999,0.0,19.0,-16.2,1,Silverstone
R,14,ALO,12.0,1.0,MEDIUM,11.0,99.136,80.2,5.53338948872752,inf,0,24.9,42.4,8.532702754893062,5.815423322817343,0.2703339119181461,13,0,43.39999999999997,0.0,18.8,-18.0,1,Silverstone
R,14,ALO,13.0,1.0,MEDIUM,12.0,98.877,78.4,5.616771097666572,inf,0,25.0,43.7,8.981438492847545,6.012869701303827,0.238406648284903,14,0,46.20000000000001,0.0,18.0,-19.8,1,Silverstone
R,14,ALO,14.0,1.0,MEDIUM,13.0,99.086,76.6,5.6937321388027,inf,0,25.0,43.8,8.457043725624446,5.976050435260924,0.5615772447595749,10,0,40.89999999999999,0.0,19.3,-21.6,1,Silverstone
R,14,ALO,15.0,1.0,MEDIUM,14.0,99.451,74.8,5.765191102784844,inf,0,24.8,42.9,8.279888040946382,6.4274966330909535,0.843327567181614,16,0,40.29999999999999,0.0,21.700000000000003,-23.4,1,Silverstone
R,14,ALO,16.0,1.0,MEDIUM,15.0,99.21,73.0,5.82600010738045,inf,0,25.0,42.6,8.723668070000766,6.353638668219071,0.5288072044412071,13,0,42.89999999999999,0.0,19.6,-25.2,1,Silverstone
R,14,ALO,18.0,1.0,MEDIUM,17.0,99.31,69.4,5.929589143389895,inf,0,25.5,41.4,7.364411978443668,5.816302253098237,1.5885343784578585,16,0,40.00000000000001,0.0,20.9,-28.8,1,Silverstone
R,14,ALO,19.0,1.0,MEDIUM,18.0,99.415,67.6,5.983936280687191,inf,0,25.3,40.8,7.881986739127703,4.904394544197299,0.0016577952312109,12,0,38.00000000000001,0.0,20.8,-30.6,1,Silverstone
R,14,ALO,22.0,2.0,HARD,1.0,97.414,62.2,6.118097198041348,inf,0,25.6,41.5,8.155367851974201,4.865698481729764,0.0002923693182301,12,0,41.500000000000014,0.0,18.1,0.0,1,Silverstone
R,14,ALO,23.0,2.0,HARD,2.0,97.404,60.4,6.156978985585555,inf,0,25.3,41.3,8.483638538822738,5.160195686778797,0.0048743101298829,14,0,44.49999999999999,0.0,19.200000000000003,-1.8,1,Silverstone
R,14,ALO,24.0,2.0,HARD,3.0,99.922,58.6,6.198478716492308,inf,1,26.0,41.3,7.415758695080493,4.272370052380819,7.521186136912544e-05,17,0,40.79999999999998,0.0,22.0,-3.6,1,Silverstone
R,14,ALO,25.0,2.0,HARD,4.0,98.695,56.8,6.240275845170769,inf,0,25.6,39.3,7.7898361615437794,4.707136934496928,0.0464944950977847,12,0,36.49999999999999,0.0,22.200000000000003,-5.4,1,Silverstone
R,14,ALO,26.0,2.0,HARD,5.0,97.375,55.0,6.278521424165844,inf,0,25.1,39.3,8.34510441142093,5.0976030499899245,0.0058814238363497,12,0,41.2,0.0,17.8,-7.2,1,Silverstone
R,14,ALO,27.0,2.0,HARD,6.0,97.736,53.2,6.311734809152915,inf,0,25.0,38.7,8.074251559320407,4.781794629937514,0.0001520725204748,12,0,42.59999999999999,0.0,16.400000000000002,-9.0,1,Silverstone
R,14,ALO,28.0,2.0,HARD,7.0,98.043,51.4,6.342121418721152,inf,0,24.9,38.1,8.182836748451662,4.835220230162349,0.0001379414548495,14,0,39.30000000000001,0.0,17.3,-10.8,1,Silverstone
R,14,ALO,29.0,2.0,HARD,8.0,97.534,49.6,6.375024819828097,inf,0,25.0,37.5,8.145750100735755,4.90992558638509,0.0003554606734907,12,0,42.00000000000001,0.0,18.6,-12.6,1,Silverstone
R,14,ALO,30.0,2.0,HARD,9.0,97.544,47.8,6.408528791059498,inf,0,25.0,38.8,8.214379027465647,4.958608055033701,0.0003885797592715,17,0,42.00000000000004,0.0,16.8,-14.4,1,Silverstone
R,14,ALO,31.0,2.0,HARD,10.0,100.146,46.0,6.448889394146858,inf,1,25.2,37.7,8.146262109479206,5.327046564131109,0.0659459516761981,13,0,38.00000000000001,0.0,21.3,-16.2,1,Silverstone
R,14,ALO,32.0,2.0,HARD,11.0,97.845,44.2,6.481577129276431,inf,0,25.8,37.7,8.368585174245192,5.104060915754436,0.0020155399731904,12,0,41.8,0.0,18.8,-18.0,1,Silverstone
R,14,ALO,33.0,2.0,HARD,12.0,97.52,42.4,6.511745329644728,inf,0,25.5,38.3,8.362699865599284,5.104456940330381,0.0013060677093744,14,0,42.80000000000002,0.0,17.5,-19.8,1,Silverstone
R,14,ALO,34.0,2.0,HARD,13.0,97.891,40.6,6.53813982376767,inf,0,25.5,38.9,8.22080860673257,4.922756866224676,0.0012857858536913,14,0,40.4,0.0,18.7,-21.6,1,Silverstone
R,14,ALO,35.0,2.0,HARD,14.0,98.76,38.8,6.568077911411976,inf,0,25.4,38.9,8.003319362226879,5.228034382034451,0.3065194250602143,14,0,37.90000000000002,0.0,19.8,-23.4,1,Silverstone
R,14,ALO,36.0,2.0,HARD,15.0,99.164,37.0,6.595780513961311,inf,1,25.3,38.9,8.380018382699603,5.750230393357661,0.444709859401415,12,0,37.30000000000001,0.0,20.700000000000003,-25.2,1,Silverstone
R,14,ALO,37.0,2.0,HARD,16.0,119.005,35.2,6.617402977974478,inf,1,25.4,38.9,6.355113414210672,6.111626658946842,2.1624999999999925,5,0,28.90000000000001,0.0,26.4,-27.0,0,Silverstone
R,14,ALO,38.0,2.0,HARD,17.0,97.33,33.39999999999999,6.641182169740591,inf,0,25.3,38.4,8.383865441911162,5.074801426797436,0.0026253237130702,10,0,43.10000000000002,0.0,18.3,-28.8,1,Silverstone
R,14,ALO,39.0,2.0,HARD,18.0,98.699,31.599999999999994,6.669498089857879,inf,0,25.4,38.4,8.461577330152217,5.366329816589639,0.0109969875406743,10,0,43.5,0.0,17.3,-30.6,1,Silverstone
R,14,ALO,40.0,2.0,HARD,19.0,97.543,29.8,6.694562058521095,inf,0,25.6,38.7,8.238294950205326,5.108291892181345,0.0011791835063934,12,0,40.90000000000003,0.0,17.900000000000002,-32.4,1,Silverstone
R,14,ALO,41.0,2.0,HARD,20.0,96.695,28.0,6.717804695023691,inf,0,25.4,38.7,8.370592598620412,5.082216079573329,0.0039664015398148,15,0,42.79999999999999,0.0,18.4,-34.2,1,Silverstone
R,14,ALO,42.0,2.0,HARD,21.0,97.102,26.200000000000003,6.740519359606223,inf,0,25.6,38.7,8.37176741336706,5.090290458466201,0.009154158355566,14,0,41.7,0.0,18.3,-36.0,1,Silverstone
R,14,ALO,43.0,2.0,HARD,22.0,97.26,24.39999999999999,6.762729506931879,inf,0,25.4,38.2,8.319796091101427,5.116385352847045,0.0019387838315471,11,0,41.8,0.0,18.8,-37.8,1,Silverstone
R,14,ALO,44.0,2.0,HARD,23.0,99.391,22.599999999999994,6.787844982309579,inf,1,25.4,38.7,7.869136898599084,5.580396129440928,0.8956541868024764,11,0,39.99999999999997,0.0,21.1,-39.6,1,Silverstone
R,14,ALO,45.0,2.0,HARD,24.0,99.377,20.8,6.811244378601294,inf,1,25.6,38.7,7.359482571590867,5.3737726213429085,0.1243723193056262,13,0,35.3,0.0,22.700000000000003,-41.4,1,Silverstone
R,14,ALO,49.0,3.0,SOFT,1.0,102.668,13.599999999999994,6.849066282633458,inf,0,25.5,39.3,8.072003665646431,4.777122560124159,0.0008083380684326,11,0,41.90000000000001,0.0,19.6,0.0,1,Silverstone
R,14,ALO,50.0,3.0,SOFT,2.0,95.827,11.799999999999995,6.85751406254539,inf,0,25.7,39.3,8.65631774170312,5.307499068425386,0.0144461032118324,13,0,42.6,0.0,17.1,-1.8,1,Silverstone
R,14,ALO,51.0,3.0,SOFT,3.0,117.679,10.0,6.877296071497429,inf,1,25.8,40.1,3.420864474184701,3.295344011328498,2.3549999999999933,5,0,11.500000000000004,0.0,38.1,-3.6,0,Silverstone
R,16,LEC,1.0,1.0,MEDIUM,1.0,96.275,100.0,0.0,inf,1,24.4,40.6,7.970980368924401,4.584830717920758,0.0085761322413054,18,0,44.20000000000004,0.0,10.0,0.0,1,Silverstone
R,16,LEC,2.0,1.0,MEDIUM,2.0,93.916,98.2,3.044522437723423,inf,0,24.6,42.2,7.780024334384359,4.041114068732764,0.0091589800020558,10,0,39.800000000000026,0.0,10.3,-1.8,1,Silverstone
R,16,LEC,3.0,1.0,MEDIUM,3.0,93.995,96.4,3.713572066704308,inf,0,24.6,42.3,7.749311718129203,3.912864019805597,0.0017980377606223,10,0,41.19999999999999,0.0,9.5,-3.6,1,Silverstone
R,16,LEC,4.0,1.0,MEDIUM,4.0,93.737,94.6,4.127134385045092,inf,0,24.6,42.3,7.70027645028869,3.9896780562922487,0.0102168056175111,12,0,40.400000000000006,0.0,9.1,-5.4,1,Silverstone
R,16,LEC,5.0,1.0,MEDIUM,5.0,94.32,92.8,4.430816798843313,inf,0,24.5,42.6,7.789294458813393,3.970526600333053,0.0047016379248465,15,0,44.400000000000006,0.0,9.6,-7.2,1,Silverstone
R,16,LEC,6.0,1.0,MEDIUM,6.0,94.069,91.0,4.663439094112067,inf,0,24.5,42.3,7.768921632514173,4.203175568643831,0.0448082077854311,9,0,36.4,0.0,11.5,-9.0,1,Silverstone
R,16,LEC,7.0,1.0,MEDIUM,7.0,94.66,89.2,4.844187086458591,inf,0,24.5,42.3,7.909695423794841,4.305172567499512,0.017520266943584,13,0,40.30000000000001,0.0,11.3,-10.8,1,Silverstone
R,16,LEC,8.0,1.0,MEDIUM,8.0,94.342,87.4,5.003946305945459,inf,0,25.0,42.4,7.758127578128132,4.180974953129157,0.02389032539918,11,0,41.79999999999998,0.0,11.5,-12.6,1,Silverstone
R,16,LEC,9.0,1.0,MEDIUM,9.0,94.452,85.6,5.135798437050262,inf,0,25.0,41.5,7.552700486904534,3.950888957523501,0.0040351675076865,13,0,40.7,0.0,10.4,-14.4,1,Silverstone
R,16,LEC,10.0,1.0,MEDIUM,10.0,94.302,83.8,5.25227342804663,inf,0,25.2,42.4,7.694874958102211,4.062932731399206,0.0128201644603575,11,0,40.500000000000014,0.0,10.1,-16.2,1,Silverstone
R,16,LEC,11.0,1.0,MEDIUM,11.0,94.614,82.0,5.351858133476067,inf,0,25.2,42.4,7.636585893442982,4.040290152877209,0.0251354609936155,10,0,37.9,0.0,10.8,-18.0,1,Silverstone
R,16,LEC,12.0,1.0,MEDIUM,12.0,94.346,80.2,5.4510384535657,inf,0,25.0,42.4,7.688781011070752,4.270544166368536,0.0288338151066482,12,0,38.69999999999998,0.0,10.7,-19.8,1,Silverstone
R,16,LEC,13.0,1.0,MEDIUM,13.0,94.46,78.4,5.541263545158426,inf,0,25.0,42.4,7.732762912001038,4.157167199339072,0.0125389300689774,11,0,39.70000000000002,0.0,10.1,-21.6,1,Silverstone
R,16,LEC,14.0,1.0,MEDIUM,14.0,94.149,76.6,5.6240175061873385,inf,0,25.0,43.7,7.966171786952346,4.488143003271004,0.1940944910367005,16,0,44.00000000000001,0.0,10.0,-23.4,1,Silverstone
R,16,LEC,15.0,1.0,MEDIUM,15.0,93.964,74.8,5.700443573390686,inf,0,24.9,43.7,7.970371669326482,4.298754116533826,0.0443521045806671,12,0,44.40000000000002,0.0,10.1,-25.2,1,Silverstone
R,16,LEC,16.0,1.0,MEDIUM,16.0,94.403,73.0,5.768320995793772,inf,0,24.8,42.9,7.846612195364385,4.361526611011876,0.0307273928972647,14,0,43.1,0.0,10.2,-27.0,1,Silverstone
R,16,LEC,17.0,1.0,MEDIUM,17.0,94.238,71.2,5.828945617610208,inf,0,25.0,42.6,7.714678468723417,4.024970953450726,0.0218512994967544,11,0,41.299999999999976,0.0,10.6,-28.8,1,Silverstone
R,16,LEC,18.0,1.0,MEDIUM,18.0,94.567,69.4,5.8805329864007,inf,0,24.9,42.6,7.580508745631414,4.391182918530471,0.1786304193398588,11,0,37.60000000000003,0.0,10.6,-30.6,1,Silverstone
R,16,LEC,19.0,1.0,MEDIUM,19.0,94.66,67.6,5.926926025970411,inf,0,25.5,41.4,7.570559779112328,4.78940425922278,0.7552115071795996,13,0,39.100000000000016,0.0,12.7,-32.4,1,Silverstone
R,16,LEC,20.0,1.0,MEDIUM,20.0,94.33,65.8,5.978885764901122,inf,0,25.3,40.8,7.819127541444878,4.406008998173973,0.0062484113725553,15,0,43.1,0.0,11.6,-34.2,1,Silverstone
R,16,LEC,21.0,1.0,MEDIUM,21.0,94.291,64.0,6.025865973825314,inf,0,25.5,40.8,7.759628581917564,4.07132169390286,0.0130499389412746,11,0,38.40000000000002,0.0,10.8,-36.0,1,Silverstone
R,16,LEC,22.0,1.0,MEDIUM,22.0,103.978,62.2,6.068425588244111,inf,1,25.5,41.6,4.496111663520338,5.459868947909776,2.302499999999993,7,0,20.4,0.0,17.8,-37.8,0,Silverstone
R,16,LEC,23.0,1.0,MEDIUM,23.0,94.457,60.4,6.1092475827643655,inf,0,25.5,41.5,7.301445196655985,4.443386111089328,0.4267610524636688,13,0,38.8,0.0,12.6,-39.6,1,Silverstone
R,16,LEC,24.0,1.0,MEDIUM,24.0,94.316,58.6,6.144185634125646,inf,0,25.3,41.3,7.531306227308114,4.368081033342924,0.3093422680973426,12,0,36.90000000000003,0.0,12.7,-41.4,1,Silverstone
R,16,LEC,27.0,2.0,HARD,1.0,92.951,53.2,6.263398262591624,inf,0,25.2,39.3,7.067848663842019,3.835727960798832,0.0008952995596897,11,0,44.3,0.0,11.2,0.0,1,Silverstone
R,16,LEC,28.0,2.0,HARD,2.0,93.427,51.4,6.300785794663244,inf,0,25.0,38.7,7.247003629830923,3.498325502808121,0.0002600407238785,12,0,41.49999999999998,0.0,11.4,-1.8,1,Silverstone
R,16,LEC,29.0,2.0,HARD,3.0,93.007,49.6,6.329720905522696,inf,0,24.8,38.4,7.6631892695498625,3.748410353679519,0.0060042876919121,14,0,42.80000000000001,0.0,10.2,-3.6,1,Silverstone
R,16,LEC,30.0,2.0,HARD,4.0,93.26,47.8,6.361302477572996,inf,0,25.0,37.5,7.623091186860027,4.008731586183762,0.0624514851568137,15,0,40.10000000000001,0.0,11.8,-5.4,1,Silverstone
R,16,LEC,31.0,2.0,HARD,5.0,93.347,46.0,6.393590753950631,inf,0,25.4,37.5,7.366952435497554,3.437516772900639,0.0025778257906528,13,0,42.10000000000002,0.0,10.2,-7.2,1,Silverstone
R,16,LEC,32.0,2.0,HARD,6.0,93.072,44.2,6.42648845745769,inf,0,25.0,37.7,7.199015357761536,3.2072115237575445,0.0081961659959872,15,0,44.09999999999998,0.0,9.5,-9.0,1,Silverstone
R,16,LEC,33.0,2.0,HARD,7.0,93.392,42.4,6.459904454377535,inf,0,25.2,37.7,7.232128581168211,3.392532354191927,0.0012649609748252,17,0,41.899999999999984,0.0,10.3,-10.8,1,Silverstone
R,16,LEC,34.0,2.0,HARD,8.0,93.247,40.6,6.493753839851687,inf,0,25.6,38.3,7.159830546189379,3.412671996708164,0.0017588137491858,13,0,41.19999999999998,0.0,10.9,-12.6,1,Silverstone
R,16,LEC,35.0,2.0,HARD,9.0,93.335,38.8,6.519147287940395,inf,0,25.5,38.3,7.356111503804123,3.85172286374466,0.0177255239645455,11,0,40.6,0.0,10.2,-14.4,1,Silverstone
R,16,LEC,36.0,2.0,HARD,10.0,93.448,37.0,6.546785410760524,inf,0,25.5,38.9,7.4999660041392575,4.152614910430303,0.2154547527796955,12,0,38.69999999999999,0.0,11.2,-16.2,1,Silverstone
R,16,LEC,37.0,2.0,HARD,11.0,93.449,35.2,6.570882962339584,inf,0,25.2,38.9,6.993255275810114,4.417130119206497,0.9617120234553264,15,0,38.10000000000001,0.0,12.2,-18.0,1,Silverstone
R,16,LEC,38.0,2.0,HARD,12.0,93.309,33.39999999999999,6.598509028614515,inf,0,25.3,38.9,7.863571473413335,4.261593435573045,0.0172969958682754,14,0,43.60000000000001,0.0,11.8,-19.8,1,Silverstone
R,16,LEC,39.0,2.0,HARD,13.0,116.733,31.599999999999994,6.620073206530356,inf,1,25.4,38.9,3.166268696104604,3.8588629228635063,2.6383237435678604,7,0,14.399999999999986,0.0,28.200000000000003,-21.6,0,Silverstone
R,16,LEC,40.0,2.0,HARD,14.0,93.101,29.8,6.642486801367256,inf,0,25.3,38.4,7.304719808165171,4.284598402716339,0.1722795932945249,14,0,39.79999999999997,0.0,10.8,-23.4,1,Silverstone
R,16,LEC,41.0,2.0,HARD,15.0,92.893,28.0,6.668228248417403,inf,0,25.4,38.4,7.534226754941911,4.035697505978897,0.0767169408598376,12,0,37.40000000000001,0.0,11.0,-25.2,1,Silverstone
R,16,LEC,42.0,2.0,HARD,16.0,93.422,26.200000000000003,6.693323668269949,inf,0,25.6,38.7,7.540663785701286,4.0434113724287055,0.0349909320259574,13,0,38.5,0.0,10.7,-27.0,1,Silverstone
R,16,LEC,43.0,2.0,HARD,17.0,92.871,24.39999999999999,6.716594773520978,inf,0,25.4,38.7,7.473014342929232,3.9587691992906815,0.0405926916814206,13,0,38.70000000000001,0.0,10.9,-28.8,1,Silverstone
R,16,LEC,44.0,2.0,HARD,18.0,93.09,22.599999999999994,6.739336627357174,inf,0,25.6,38.7,7.384361769737182,4.098904979026081,0.2830258713228982,11,0,38.600000000000016,0.0,10.7,-30.6,1,Silverstone
R,16,LEC,45.0,2.0,HARD,19.0,92.89,20.8,6.760414691083428,inf,0,25.4,38.7,6.7625003571107,4.046308319104623,0.7403338571991668,11,0,35.09999999999999,0.0,10.9,-32.4,1,Silverstone
R,16,LEC,46.0,2.0,HARD,20.0,93.385,19.0,6.784457062637643,inf,0,25.4,38.7,6.466926919981269,4.151398343748772,0.6889556098369229,10,0,34.599999999999994,0.0,12.0,-34.2,1,Silverstone
R,16,LEC,47.0,2.0,HARD,21.0,93.275,17.200000000000003,6.805722553416985,inf,0,25.6,38.7,6.823171980916231,4.311291864883162,0.4665944063014378,10,0,34.999999999999986,0.0,11.7,-36.0,1,Silverstone
R,16,LEC,52.0,3.0,SOFT,1.0,143.771,8.200000000000003,6.863803391452954,inf,0,25.8,40.1,0.4456118008689042,2.583975475704084,3.783718175650074,0,1,0.0,1.7999999999999887,45.400000000000006,0.0,1,Silverstone
R,18,STR,1.0,1.0,MEDIUM,1.0,108.01,100.0,2.9444389791664403,inf,1,24.4,40.6,6.596335022300188,6.191250349288815,0.8199259818350568,16,0,32.50000000000002,0.0,24.200000000000003,0.0,0,Silverstone
R,18,STR,2.0,1.0,MEDIUM,2.0,99.889,98.2,3.6375861597263857,inf,0,24.4,42.3,7.082010449573266,5.310625460256792,0.8028885644883151,12,0,31.0,0.0,26.3,-1.8,1,Silverstone
R,18,STR,3.0,1.0,MEDIUM,3.0,98.764,96.4,4.060443010546419,inf,0,24.6,42.3,7.717227372421443,5.243673322796408,0.4342055787692013,13,0,33.399999999999984,0.0,19.4,-3.6,1,Silverstone
R,18,STR,4.0,1.0,MEDIUM,4.0,99.417,94.6,4.382026634673881,inf,0,24.5,41.7,8.157679505139793,5.178507343252242,0.1229742491103226,15,0,38.69999999999999,0.0,20.700000000000003,-5.4,1,Silverstone
R,18,STR,5.0,1.0,MEDIUM,5.0,98.909,92.8,4.624972813284271,inf,0,24.5,41.3,8.406300530788418,5.1363745183624925,0.0209412243110855,15,0,37.900000000000006,0.0,19.3,-7.2,1,Silverstone
R,18,STR,6.0,1.0,MEDIUM,6.0,99.129,91.0,4.820281565605037,inf,0,24.5,42.3,8.160566480167358,5.069089422337823,0.0200148681524268,15,0,39.00000000000001,0.0,19.700000000000003,-9.0,1,Silverstone
R,18,STR,7.0,1.0,MEDIUM,7.0,98.907,89.2,4.983606621708336,inf,0,24.8,42.3,8.346352665196424,5.483693973596343,0.0168753763942518,15,0,42.0,0.0,18.3,-10.8,1,Silverstone
R,18,STR,8.0,1.0,MEDIUM,8.0,99.493,87.4,5.117993812416755,inf,0,25.0,42.4,8.53494401814365,5.301587108518246,0.0038679946361043,16,0,44.7,0.0,17.900000000000002,-12.6,1,Silverstone
R,18,STR,11.0,1.0,MEDIUM,11.0,99.195,82.0,5.438079308923196,inf,0,25.2,42.4,8.217238925168736,5.4613504586362485,0.0225885845387467,14,0,40.99999999999999,0.0,17.8,-18.0,1,Silverstone
R,18,STR,12.0,1.0,MEDIUM,12.0,98.983,80.2,5.529429087511423,inf,0,24.9,42.4,8.593127306204124,5.395748956786296,0.0852851597121741,15,0,38.4,0.0,18.4,-19.8,1,Silverstone
R,18,STR,13.0,1.0,MEDIUM,13.0,99.005,78.4,5.613128106388071,inf,0,25.0,43.7,8.635751601621038,5.558866168572749,0.1892426200676141,15,0,42.10000000000002,0.0,17.400000000000002,-21.6,1,Silverstone
R,18,STR,14.0,1.0,MEDIUM,14.0,99.034,76.6,5.69035945432406,inf,0,25.0,43.8,8.53431466109437,5.140998060055516,0.0455182725013848,14,0,39.799999999999976,0.0,19.6,-23.4,1,Silverstone
R,18,STR,15.0,1.0,MEDIUM,15.0,99.617,74.8,5.762051382780177,inf,0,24.8,42.9,7.990882963850771,4.833495396260116,0.0178557725273114,14,0,38.99999999999999,0.0,19.8,-25.2,1,Silverstone
R,18,STR,16.0,1.0,MEDIUM,16.0,99.129,73.0,5.823045895483019,inf,0,25.0,42.6,8.260522737806415,5.021298982302178,0.0076947925404162,12,0,42.399999999999984,0.0,19.9,-27.0,1,Silverstone
R,18,STR,17.0,1.0,MEDIUM,17.0,99.335,71.2,5.877735781779639,inf,0,24.9,42.6,8.193677580177468,4.83980399380312,0.0317588655783066,12,0,42.10000000000001,0.0,19.200000000000003,-28.8,1,Silverstone
R,18,STR,20.0,2.0,HARD,1.0,98.266,65.8,6.037870919922137,inf,0,26.0,40.8,7.9584279046888815,4.692124482257126,0.0048658884371156,11,0,39.00000000000001,0.0,20.0,0.0,1,Silverstone
R,18,STR,21.0,2.0,HARD,2.0,108.393,64.0,6.082218910376446,inf,1,25.5,41.6,6.548036476563202,5.075208988542114,0.6386542603667438,10,0,28.299999999999983,0.0,23.3,-1.8,0,Silverstone
R,18,STR,22.0,2.0,HARD,3.0,99.207,62.2,6.12029741895095,inf,0,25.6,41.5,8.454582768091331,5.166053109326464,0.1228133284036437,13,0,41.8,0.0,19.700000000000003,-3.6,1,Silverstone
R,18,STR,23.0,2.0,HARD,4.0,98.142,60.4,6.159095388491933,inf,0,25.3,41.3,7.697707159024988,4.866434478234215,0.0240692891087665,12,0,37.1,0.0,19.1,-5.4,1,Silverstone
R,18,STR,24.0,2.0,HARD,5.0,101.329,58.6,6.202535517187923,inf,1,26.0,41.3,7.974873503732486,5.021959320333238,0.0351913327619451,17,0,38.7,0.0,23.200000000000003,-7.2,1,Silverstone
R,18,STR,25.0,2.0,HARD,6.0,99.245,56.8,6.2422232654551655,inf,0,25.6,39.3,7.999517040854927,5.563273026117864,0.7441633861749385,13,0,39.3,0.0,20.1,-9.0,1,Silverstone
R,18,STR,26.0,2.0,HARD,7.0,97.697,55.0,6.280395838960195,inf,0,25.1,39.3,8.462018751455293,5.3349517161325615,0.0111206667092049,13,0,42.00000000000004,0.0,16.900000000000002,-10.8,1,Silverstone
R,18,STR,28.0,2.0,HARD,9.0,97.9,51.4,6.343880434126331,inf,0,24.9,38.1,8.846210382301344,5.456029264399729,0.0198811740116155,15,0,42.5,0.0,18.4,-14.4,1,Silverstone
R,18,STR,29.0,2.0,HARD,10.0,98.909,49.6,6.3784261836515865,inf,0,25.4,37.5,8.193010462241485,4.866504511987898,0.008158982093772,15,0,39.79999999999999,0.0,20.200000000000003,-16.2,1,Silverstone
R,18,STR,30.0,2.0,HARD,11.0,98.796,47.8,6.415096959171596,inf,0,25.0,38.8,7.471567898731093,5.288103018522355,0.4530667945008142,14,0,37.40000000000001,0.0,22.200000000000003,-18.0,1,Silverstone
R,18,STR,31.0,2.0,HARD,12.0,98.108,46.0,6.450470422144176,inf,0,25.2,37.7,8.480627860847154,5.065295113432984,0.0010447699688711,15,0,45.10000000000001,0.0,19.0,-19.8,1,Silverstone
R,18,STR,32.0,2.0,HARD,13.0,97.735,44.2,6.483107351457199,inf,0,25.8,37.7,8.669024560219142,5.241928141891311,0.0042191583743083,15,0,44.19999999999999,0.0,17.7,-21.6,1,Silverstone
R,18,STR,34.0,2.0,HARD,15.0,98.884,40.6,6.542471960506805,inf,0,25.5,38.9,8.395516399989608,5.091811505446031,0.0410814277463837,16,0,41.40000000000002,0.0,19.4,-25.2,1,Silverstone
R,18,STR,36.0,2.0,HARD,17.0,97.796,37.0,6.597145701886651,inf,0,25.3,38.9,8.563749233609386,5.412568693943181,0.0189973706787536,14,0,42.70000000000002,0.0,17.900000000000002,-28.8,1,Silverstone
R,18,STR,37.0,2.0,HARD,18.0,119.566,35.2,6.618738983517219,inf,1,25.4,38.9,6.243311203400892,6.085478974889439,1.867509670033559,11,0,26.200000000000024,0.0,21.5,-30.6,0,Silverstone
R,18,STR,38.0,2.0,HARD,19.0,97.286,33.39999999999999,6.643789733147672,inf,0,25.3,38.4,7.876768691817164,5.124404430627206,0.7244138730908753,13,0,38.80000000000001,0.0,18.4,-32.4,1,Silverstone
R,18,STR,39.0,2.0,HARD,20.0,98.264,31.599999999999994,6.670766320845874,inf,0,25.4,38.4,7.846658328150424,4.588008274105804,0.0312025942593504,14,0,38.9,0.0,21.6,-34.2,1,Silverstone
R,18,STR,40.0,2.0,HARD,21.0,97.36,29.8,6.695798917058491,inf,0,25.6,38.7,7.378036358037516,5.926650515554209,0.0317701227108715,9,0,35.19999999999998,0.0,17.2,-36.0,1,Silverstone
R,18,STR,41.0,2.0,HARD,22.0,97.232,28.0,6.71901315438526,inf,0,25.4,39.0,8.499291086726208,5.198421234739275,0.0037467938312841,15,0,41.8,0.0,17.1,-37.8,1,Silverstone
R,18,STR,43.0,2.0,HARD,24.0,97.51,24.39999999999999,6.767343125265392,inf,0,25.4,38.2,8.522046936746776,5.463566700994995,0.1803477320769892,16,0,43.000000000000014,0.0,17.7,-41.4,1,Silverstone
R,18,STR,44.0,2.0,HARD,25.0,97.703,22.599999999999994,6.7912214627261855,inf,0,25.4,38.7,8.210227829685003,5.241398398941606,0.0485986614222098,15,0,41.69999999999999,0.0,19.4,-43.2,1,Silverstone
R,18,STR,45.0,2.0,HARD,26.0,101.932,20.8,6.813444599510896,inf,1,25.6,38.7,8.087632562401204,5.883518551334944,0.2307738800802567,12,0,38.49999999999999,0.0,23.1,-45.0,1,Silverstone
R,18,STR,48.0,3.0,SOFT,1.0,136.94,15.399999999999991,6.836259277277067,inf,1,25.4,39.7,4.453352151437297,4.237211099076808,2.161482031216036,9,0,16.60000000000001,0.0,42.3,0.0,0,Silverstone
R,18,STR,49.0,3.0,SOFT,2.0,110.413,13.599999999999994,6.852242569051878,inf,1,25.5,39.3,7.210239355315115,4.472347568704612,0.01417740268025,10,0,35.69999999999999,0.0,19.700000000000003,-1.8,1,Silverstone
R,18,STR,50.0,3.0,SOFT,3.0,98.245,11.799999999999995,6.860663671448287,inf,0,25.8,40.1,7.871320152534335,4.424032022319639,0.0336945901009466,12,0,38.69999999999997,0.0,18.4,-3.6,1,Silverstone
R,18,STR,51.0,3.0,SOFT,4.0,105.831,10.0,6.880384082186005,inf,0,25.8,40.1,6.069505148189467,3.837474549181744,1.2777895801134729,13,0,24.599999999999984,0.0,24.6,-5.4,1,Silverstone
R,23,ALB,3.0,2.0,HARD,1.0,95.816,96.4,4.110873864173311,inf,0,24.6,42.3,6.713776933023579,3.2810229898651686,0.0027196829609652,11,0,32.90000000000001,0.0,17.0,0.0,1,Silverstone
R,23,ALB,4.0,2.0,HARD,2.0,96.46,94.6,4.418840607796598,inf,0,24.5,42.6,6.818899906423437,3.461492001224785,0.0011713809372339,12,0,34.70000000000001,0.0,17.8,-1.8,1,Silverstone
R,23,ALB,5.0,2.0,HARD,3.0,96.299,92.8,4.653960350157523,inf,0,24.5,42.3,6.831643312322768,3.4802396591768545,0.0097234033063189,12,0,32.899999999999984,0.0,17.8,-3.6,1,Silverstone
R,23,ALB,6.0,2.0,HARD,4.0,98.07,91.0,4.852030263919617,inf,0,24.5,42.3,5.995554946254725,3.1666209983067954,0.6624518198896769,10,0,26.8,0.0,17.7,-5.4,1,Silverstone
R,23,ALB,7.0,2.0,HARD,5.0,105.128,89.2,5.049856007249537,inf,1,25.0,42.4,3.4510579971507624,2.797433688589377,2.4214079974606357,8,0,11.999999999999996,0.0,20.6,-7.2,1,Silverstone
R,23,ALB,8.0,2.0,HARD,6.0,97.882,87.4,5.176149732573829,inf,0,25.3,41.5,6.771292901542311,3.354395191168884,0.0243927477181661,10,0,31.60000000000001,0.0,18.6,-9.0,1,Silverstone
R,23,ALB,9.0,2.0,HARD,7.0,97.185,85.6,5.288267030694535,inf,0,25.2,42.4,6.707377854468444,3.266500121169826,0.0202776711025415,9,0,34.09999999999998,0.0,18.2,-10.8,1,Silverstone
R,23,ALB,10.0,2.0,HARD,8.0,97.124,83.8,5.384495062789089,inf,0,25.2,42.4,6.942418606196076,3.508194277768657,0.0248728523946777,13,0,36.09999999999999,0.0,17.5,-12.6,1,Silverstone
R,23,ALB,11.0,2.0,HARD,9.0,97.148,82.0,5.480638923341991,inf,0,25.0,42.4,6.906175545331941,3.5590341249190454,0.0392703054294412,16,0,31.699999999999992,0.0,17.900000000000002,-14.4,1,Silverstone
R,23,ALB,12.0,2.0,HARD,10.0,100.539,80.2,5.575949103146316,inf,1,25.0,42.4,5.726382341590378,3.022514550672147,0.2963909215647868,13,0,27.800000000000026,0.0,21.1,-16.2,1,Silverstone
R,23,ALB,13.0,2.0,HARD,11.0,99.328,78.4,5.659482215759621,inf,1,25.0,43.8,6.034352874733659,3.119181523258612,0.4844139171476037,13,0,23.700000000000006,0.0,22.200000000000003,-18.0,1,Silverstone
R,23,ALB,16.0,3.0,MEDIUM,1.0,96.453,73.0,5.872117789475416,inf,0,24.9,42.6,6.647658709129475,3.3013777674246967,0.0276706210401431,10,0,33.2,0.0,18.2,0.0,1,Silverstone
R,23,ALB,17.0,3.0,MEDIUM,2.0,96.659,71.2,5.921578419643816,inf,0,25.5,41.4,6.70291372090531,3.3785750920975337,0.0148046040774158,10,0,34.3,0.0,18.1,-1.8,1,Silverstone
R,23,ALB,18.0,3.0,MEDIUM,3.0,96.373,69.4,5.973809611869261,inf,0,25.3,41.5,6.7755468976747935,3.532679830141835,0.1091766858618686,10,0,35.499999999999986,0.0,18.0,-3.6,1,Silverstone
R,23,ALB,19.0,3.0,MEDIUM,4.0,96.387,67.6,6.021023349349527,inf,0,25.5,40.8,6.797940798741603,3.4620908451343926,0.0359355409923017,11,0,36.2,0.0,17.3,-5.4,1,Silverstone
R,23,ALB,20.0,3.0,MEDIUM,5.0,109.164,65.8,6.066108090103747,inf,1,25.5,41.6,5.545281137809743,4.109776102354191,2.0239203233540506,8,0,27.799999999999983,0.0,24.700000000000003,-7.2,0,Silverstone
R,23,ALB,21.0,3.0,MEDIUM,6.0,96.902,64.0,6.107022887742255,inf,0,25.5,41.5,6.7458296847374495,3.438013410998452,0.0146626430387521,10,0,33.10000000000001,0.0,18.6,-9.0,1,Silverstone
R,23,ALB,22.0,3.0,MEDIUM,7.0,96.85,62.2,6.142037405587356,inf,0,25.3,41.3,6.712329166421648,3.7753521240585752,0.2918859336832926,10,0,35.4,0.0,17.7,-10.8,1,Silverstone
R,23,ALB,25.0,4.0,SOFT,1.0,94.897,56.8,6.272877006546167,inf,0,25.2,39.3,6.834523931406599,3.4774153275219506,0.0611779294964055,12,0,31.20000000000001,0.0,16.6,0.0,1,Silverstone
R,23,ALB,26.0,4.0,SOFT,2.0,95.09,55.0,6.3080984415095305,inf,0,25.0,38.7,6.732797151184906,3.342884460510977,0.0488310521857074,10,0,33.90000000000001,0.0,15.6,-1.8,1,Silverstone
R,23,ALB,27.0,4.0,SOFT,3.0,95.574,53.2,6.338594078203183,inf,0,24.9,38.1,6.706621469318583,3.3249466207991505,0.012892859678369,11,0,36.60000000000003,0.0,17.5,-3.6,1,Silverstone
R,23,ALB,28.0,4.0,SOFT,4.0,95.493,51.4,6.369900982828227,inf,0,25.0,37.5,6.790223307692973,3.404450471375725,0.0182609456218513,12,0,34.300000000000004,0.0,17.5,-5.4,1,Silverstone
R,23,ALB,29.0,4.0,SOFT,5.0,95.253,49.6,6.403574197934815,inf,0,25.0,38.8,6.687578544324776,3.20032640557175,0.0079226003729934,11,0,35.20000000000001,0.0,16.5,-7.2,1,Silverstone
R,23,ALB,30.0,4.0,SOFT,6.0,97.374,47.8,6.439350371100098,inf,1,25.0,37.7,6.806691682314181,3.434941438341085,0.1202214333863437,12,0,32.50000000000004,0.0,18.2,-9.0,1,Silverstone
R,23,ALB,31.0,4.0,SOFT,7.0,97.85,46.0,6.473890696352274,inf,1,25.8,37.7,6.170564905112209,3.8871860557964872,1.0640421563407223,12,0,31.50000000000001,0.0,19.9,-10.8,1,Silverstone
R,23,ALB,32.0,4.0,SOFT,8.0,95.828,44.2,6.504288173536645,inf,0,25.5,38.3,6.768736426251239,3.5020440571317804,0.0447295718072178,10,0,33.19999999999999,0.0,18.0,-12.6,1,Silverstone
R,23,ALB,33.0,4.0,SOFT,9.0,95.737,42.4,6.530877627725885,inf,0,25.6,38.9,6.599179026928124,3.365444208575462,0.1754903027718946,10,0,31.70000000000002,0.0,17.5,-14.4,1,Silverstone
R,23,ALB,34.0,4.0,SOFT,10.0,95.537,40.6,6.559615237493242,inf,0,25.4,38.9,6.78913332162352,3.3921049409281974,0.0401224237855739,9,0,37.600000000000016,0.0,16.5,-16.2,1,Silverstone
R,23,ALB,37.0,5.0,SOFT,1.0,98.129,35.2,6.637258031284457,inf,1,25.3,38.8,5.3256567120402,3.164955816842293,1.0268049548875997,11,0,16.80000000000001,0.0,18.8,0.0,1,Silverstone
R,23,ALB,38.0,5.0,SOFT,2.0,94.169,33.39999999999999,6.664409020350408,inf,0,25.4,38.4,6.715775705453521,3.296671608810846,0.0375371102761952,12,0,32.39999999999999,0.0,15.7,-1.8,1,Silverstone
R,23,ALB,39.0,5.0,SOFT,3.0,94.562,31.599999999999994,6.689599269178967,inf,0,25.4,38.8,6.510610620149112,3.303328411529691,0.0162190901176907,11,0,31.8,0.0,17.2,-3.6,1,Silverstone
R,23,ALB,42.0,6.0,SOFT,1.0,93.867,26.200000000000003,6.761572768804055,inf,0,25.4,38.2,6.56267777936217,3.2366853585170468,0.0580773325820529,15,0,30.30000000000002,0.0,13.7,0.0,1,Silverstone
R,27,HUL,1.0,1.0,MEDIUM,1.0,105.779,100.0,2.70805020110221,inf,1,24.4,40.6,5.257803675552095,6.553116410448825,1.820899809603038,11,0,25.500000000000007,0.0,18.1,0.0,0,Silverstone
R,27,HUL,2.0,1.0,MEDIUM,2.0,104.639,98.2,3.6635616461296463,inf,1,24.4,42.3,6.618122567214835,6.316995978781453,1.8137936601074756,13,0,30.00000000000001,0.0,17.3,-1.8,1,Silverstone
R,27,HUL,3.0,1.0,MEDIUM,3.0,96.803,96.4,4.07753744390572,inf,0,24.6,42.3,7.819476246726428,4.486372667853431,0.01061991335602,12,0,33.400000000000006,0.0,14.4,-3.6,1,Silverstone
R,27,HUL,4.0,1.0,MEDIUM,4.0,96.654,94.6,4.3694478524670215,inf,0,24.5,41.7,7.495845248009607,4.759526023424093,0.1677247812800666,12,0,32.7,0.0,16.3,-5.4,1,Silverstone
R,27,HUL,5.0,1.0,MEDIUM,5.0,96.676,92.8,4.61512051684126,inf,0,24.5,42.6,7.672748657535297,4.653344593926593,0.0665872963497866,13,0,36.6,0.0,16.5,-7.2,1,Silverstone
R,27,HUL,6.0,1.0,MEDIUM,6.0,96.766,91.0,4.812184355372417,inf,0,24.5,42.3,7.502026296202915,4.837087860874133,0.4466749431875838,12,0,36.99999999999997,0.0,15.6,-9.0,1,Silverstone
R,27,HUL,7.0,1.0,MEDIUM,7.0,96.294,89.2,4.969813299576001,inf,0,24.8,42.3,6.859367352498703,5.2972910043440535,1.0683608714004642,11,0,34.79999999999999,0.0,17.6,-10.8,1,Silverstone
R,27,HUL,8.0,1.0,MEDIUM,8.0,97.217,87.4,5.10594547390058,inf,0,25.0,42.4,7.935272898567112,5.143115017368428,0.0991694753934438,12,0,34.400000000000006,0.0,16.2,-12.6,1,Silverstone
R,27,HUL,9.0,1.0,MEDIUM,9.0,96.884,85.6,5.231108616854587,inf,0,25.3,41.5,7.156622544670016,5.078016458798749,0.6673031034467021,15,0,32.79999999999999,0.0,15.4,-14.4,1,Silverstone
R,27,HUL,11.0,1.0,MEDIUM,11.0,96.774,82.0,5.424950017481403,inf,0,25.2,42.4,7.491573051255406,4.939374135803755,0.4827567761779861,12,0,29.29999999999997,0.0,15.2,-18.0,1,Silverstone
R,27,HUL,12.0,1.0,MEDIUM,12.0,96.055,80.2,5.513428746164983,inf,0,24.9,42.4,7.652991727327038,5.064458185227976,0.1140487639833539,14,0,38.49999999999999,0.0,15.5,-19.8,1,Silverstone
R,27,HUL,13.0,1.0,MEDIUM,13.0,96.758,78.4,5.598421958998375,inf,0,25.0,42.4,7.810956546926395,4.606035542251772,0.0019921670193574,13,0,38.40000000000001,0.0,13.6,-21.6,1,Silverstone
R,27,HUL,14.0,1.0,MEDIUM,14.0,96.095,76.6,5.676753802268282,inf,0,25.0,43.8,7.978933631010805,4.693259766509048,0.0089959640686768,12,0,37.900000000000006,0.0,14.7,-23.4,1,Silverstone
R,27,HUL,15.0,1.0,MEDIUM,15.0,95.853,74.8,5.746203190540153,inf,0,24.8,42.9,7.701019844137783,4.7713737036536985,0.120024945585634,11,0,36.3,0.0,14.5,-25.2,1,Silverstone
R,27,HUL,16.0,1.0,MEDIUM,16.0,95.962,73.0,5.808142489980444,inf,0,25.0,42.9,7.268102829509822,5.042698454244521,0.6037523626874359,12,0,38.19999999999999,0.0,15.5,-27.0,1,Silverstone
R,27,HUL,19.0,2.0,HARD,1.0,95.979,67.6,5.971261839790462,inf,0,25.3,41.5,7.885480385562859,4.589444252331822,0.0061366079992291,16,0,34.39999999999999,0.0,15.2,0.0,1,Silverstone
R,27,HUL,20.0,2.0,HARD,2.0,95.386,65.8,6.016157159698354,inf,0,25.5,40.8,7.263264142639972,4.940582434320717,0.8696618686860023,16,0,37.5,0.0,15.0,-1.8,1,Silverstone
R,27,HUL,21.0,2.0,HARD,3.0,105.144,64.0,6.059123195581797,inf,1,25.5,41.6,6.418332398458479,5.533447837413503,1.867682388121206,11,0,29.69999999999999,0.0,20.1,-3.6,0,Silverstone
R,27,HUL,22.0,2.0,HARD,4.0,95.115,62.2,6.100318952020064,inf,0,25.5,41.5,7.729418162229235,4.784247507707114,0.1672157814764175,13,0,36.10000000000004,0.0,13.9,-5.4,1,Silverstone
R,27,HUL,23.0,2.0,HARD,5.0,95.077,60.4,6.135564891081739,inf,0,25.3,41.3,7.728190775693847,4.927137578098291,0.2051332339176472,14,0,38.000000000000014,0.0,13.8,-7.2,1,Silverstone
R,27,HUL,24.0,2.0,HARD,6.0,96.02,58.6,6.173786103901937,inf,0,25.3,41.3,7.034806538620339,5.607225136150282,0.9170074466517092,11,0,32.69999999999999,0.0,16.2,-9.0,1,Silverstone
R,27,HUL,25.0,2.0,HARD,7.0,95.04,56.8,6.212606095751519,inf,0,25.4,39.3,6.268490276203337,5.612441690955308,1.2634038302920665,14,0,33.50000000000001,0.0,14.3,-10.8,1,Silverstone
R,27,HUL,26.0,2.0,HARD,8.0,95.073,55.0,6.249975242259483,inf,0,25.2,39.3,7.5777931314380975,4.935213617109962,0.398935796931781,11,0,35.70000000000002,0.0,13.4,-12.6,1,Silverstone
R,27,HUL,27.0,2.0,HARD,9.0,95.019,53.2,6.285998094508865,inf,0,25.1,39.3,6.593724392096793,5.254161344957531,1.1636379689862903,10,2,25.70000000000001,13.499999999999996,13.1,-14.4,1,Silverstone
R,27,HUL,28.0,2.0,HARD,10.0,94.584,51.4,6.318968113746434,inf,0,24.8,38.4,7.483818558965364,4.788257432955061,0.4062628812506322,10,0,40.2,0.0,13.0,-16.2,1,Silverstone
R,27,HUL,29.0,2.0,HARD,11.0,94.554,49.6,6.352629396319567,inf,0,24.9,38.1,6.561133465923925,5.516271325184457,1.3598035355829527,9,0,37.09999999999999,0.0,14.0,-18.0,1,Silverstone
R,27,HUL,30.0,2.0,HARD,12.0,94.758,47.8,6.386879319362645,inf,0,25.4,37.5,7.461863488327053,4.470992414965753,0.0306331475247118,10,0,36.79999999999998,0.0,14.4,-19.8,1,Silverstone
R,27,HUL,31.0,2.0,HARD,13.0,94.783,46.0,6.419994928147142,inf,0,25.0,38.8,7.790279568636389,4.790960052310253,0.2403097640905179,12,0,39.80000000000002,0.0,14.5,-21.6,1,Silverstone
R,27,HUL,32.0,2.0,HARD,14.0,95.08,44.2,6.453624998892692,inf,0,25.2,37.7,7.589980015606514,4.911481915915767,0.3129080957247854,12,0,35.19999999999999,0.0,13.1,-23.4,1,Silverstone
R,27,HUL,33.0,2.0,HARD,15.0,94.947,42.4,6.487684018484611,inf,0,25.6,38.3,7.523030999379863,4.981469204374766,0.3939423729734887,13,0,40.99999999999998,0.0,13.7,-25.2,1,Silverstone
R,27,HUL,36.0,3.0,SOFT,1.0,93.433,37.0,6.57507584059962,inf,0,25.2,38.9,7.819435207733444,4.601071146363303,0.0565606469627764,14,0,36.3,0.0,12.4,0.0,1,Silverstone
R,3,VER,1.0,1.0,MEDIUM,1.0,99.3,100.0,1.791759469228055,inf,1,24.4,40.6,6.48195867817106,5.936180077871805,1.1992665310121606,14,0,30.599999999999973,0.0,19.5,0.0,1,Silverstone
R,3,VER,2.0,1.0,MEDIUM,2.0,94.919,98.2,3.258096538021482,inf,0,24.6,42.2,6.288495991890485,6.562288121908178,1.55124358732535,14,0,33.900000000000006,0.0,17.8,-1.8,1,Silverstone
R,3,VER,3.0,1.0,MEDIUM,3.0,95.127,96.4,3.80666248977032,inf,0,24.6,42.3,7.411902551309486,5.632996212532101,0.6656315383575574,14,0,40.600000000000016,0.0,16.8,-3.6,1,Silverstone
R,3,VER,4.0,1.0,MEDIUM,4.0,94.726,94.6,4.189654742026425,inf,0,24.5,41.7,8.032867151572201,5.445561494523419,0.2773196330116263,14,0,33.7,0.0,17.5,-5.4,1,Silverstone
R,3,VER,5.0,1.0,MEDIUM,5.0,94.801,92.8,4.477336814478207,inf,0,24.5,42.6,7.995187378710746,5.574967469661441,0.3048132534008381,12,0,35.20000000000002,0.0,17.7,-7.2,1,Silverstone
R,3,VER,6.0,1.0,MEDIUM,6.0,94.588,91.0,4.700480365792417,inf,0,24.5,42.3,8.103822423991312,5.692556319786345,0.3580250911316227,13,0,34.39999999999999,0.0,16.3,-9.0,1,Silverstone
R,3,VER,7.0,1.0,MEDIUM,7.0,94.514,89.2,4.882801922586371,inf,0,24.5,42.3,7.936500755768103,5.232960874343187,0.2152067894326718,14,0,33.100000000000016,0.0,17.2,-10.8,1,Silverstone
R,3,VER,8.0,1.0,MEDIUM,8.0,94.675,87.4,5.030437921392435,inf,0,25.0,42.4,8.052823696939925,5.4611281015878745,0.4157571673915586,15,0,33.100000000000016,0.0,16.3,-12.6,1,Silverstone
R,3,VER,9.0,1.0,MEDIUM,9.0,94.948,85.6,5.159055299214529,inf,0,25.0,41.5,7.474101338498617,5.51351594630035,0.394679800718711,12,0,29.599999999999994,0.0,18.0,-14.4,1,Silverstone
R,3,VER,10.0,1.0,MEDIUM,10.0,95.103,83.8,5.272999558563747,inf,0,25.2,42.4,7.79298459872749,5.43178613558927,0.447144793509675,12,0,34.700000000000024,0.0,16.400000000000002,-16.2,1,Silverstone
R,3,VER,11.0,1.0,MEDIUM,11.0,94.835,82.0,5.3706380281276624,inf,0,25.2,42.4,7.332555279389112,5.486690030377528,0.7047699573551994,13,0,33.499999999999986,0.0,17.0,-18.0,1,Silverstone
R,3,VER,12.0,1.0,MEDIUM,12.0,94.909,80.2,5.468060141135132,inf,0,25.0,42.4,7.560560649276933,5.514366706613486,0.5374904054688695,12,0,33.6,0.0,16.5,-19.8,1,Silverstone
R,3,VER,13.0,1.0,MEDIUM,13.0,94.979,78.4,5.556828061699537,inf,0,25.0,42.4,7.271613989284731,5.478959253207664,0.5446226417487003,14,0,31.900000000000023,0.0,16.8,-21.6,1,Silverstone
R,3,VER,14.0,1.0,MEDIUM,14.0,94.55,76.6,5.638354669333745,inf,0,25.0,43.7,6.534747869075383,5.720612779980314,1.0984069472393172,15,0,28.7,0.0,18.0,-23.4,1,Silverstone
R,3,VER,15.0,1.0,MEDIUM,15.0,94.57,74.8,5.713732805509369,inf,0,24.9,43.7,6.472124664490261,6.081139984182907,1.3720397832166615,14,0,33.79999999999999,0.0,17.900000000000002,-25.2,1,Silverstone
R,3,VER,16.0,1.0,MEDIUM,16.0,94.758,73.0,5.780743515792329,inf,0,24.8,42.9,6.211792026523288,5.950066498584309,1.4560482552300087,12,0,28.199999999999992,0.0,17.2,-27.0,1,Silverstone
R,3,VER,19.0,2.0,HARD,1.0,93.562,67.6,5.942799375126701,inf,0,25.3,41.5,8.243632135984742,4.930055085692456,0.0062119061824412,16,0,34.00000000000002,0.0,15.0,0.0,1,Silverstone
R,3,VER,20.0,2.0,HARD,2.0,93.619,65.8,5.993961427306569,inf,0,25.3,40.8,8.135006063928675,5.087199030569629,0.37380006963574,15,0,36.20000000000003,0.0,16.5,-1.8,1,Silverstone
R,3,VER,21.0,2.0,HARD,3.0,94.135,64.0,6.040254711277414,inf,0,26.0,40.8,7.506566890503697,5.201700931989784,0.5085687124522139,13,0,32.70000000000001,0.0,16.900000000000002,-3.6,1,Silverstone
R,3,VER,22.0,2.0,HARD,4.0,104.865,62.2,6.07993319509559,inf,1,25.5,41.6,6.270483478822785,4.508930343510289,0.0432166324203607,8,0,33.4,0.0,19.4,-5.4,0,Silverstone
R,3,VER,23.0,2.0,HARD,5.0,94.258,60.4,6.115892125483034,inf,0,25.6,41.5,8.259578970476767,5.006575025379876,0.0079386055331554,13,0,29.50000000000001,0.0,12.9,-7.2,1,Silverstone
R,3,VER,24.0,2.0,HARD,6.0,94.135,58.6,6.154858094016418,inf,0,25.3,41.3,8.221182454643976,5.0631253423671705,0.0478285737068433,15,0,30.100000000000005,0.0,16.7,-9.0,1,Silverstone
R,3,VER,25.0,2.0,HARD,7.0,93.964,56.8,6.18826412308259,inf,0,26.0,41.3,8.048653764673102,5.133168382789334,0.1776835831668667,14,0,39.4,0.0,16.1,-10.8,1,Silverstone
R,3,VER,26.0,2.0,HARD,8.0,94.028,55.0,6.228511003591184,inf,0,25.6,39.3,7.791035142100986,5.219424379669492,0.2492089071488269,13,0,30.299999999999983,0.0,16.1,-12.6,1,Silverstone
R,3,VER,27.0,2.0,HARD,9.0,94.143,53.2,6.267200548541362,inf,0,25.2,39.3,7.7947251816373075,5.281126089506404,0.334937799671928,16,0,32.59999999999999,0.0,16.1,-14.4,1,Silverstone
R,3,VER,28.0,2.0,HARD,10.0,93.823,51.4,6.302618975744905,inf,0,25.0,38.7,7.548485990527853,5.2623764136338185,0.3487320175359074,14,0,31.19999999999996,0.0,16.1,-16.2,1,Silverstone
R,3,VER,29.0,2.0,HARD,11.0,94.05,49.6,6.333279628139691,inf,0,24.8,38.4,8.007696164145617,5.232606612054104,0.1124400126366845,12,0,34.89999999999998,0.0,16.1,-18.0,1,Silverstone
R,3,VER,30.0,2.0,HARD,12.0,93.973,47.8,6.364750756851911,inf,0,25.0,37.5,7.882761177612406,5.034519258966736,0.2501086765355384,14,0,33.70000000000002,0.0,16.400000000000002,-19.8,1,Silverstone
R,3,VER,31.0,2.0,HARD,13.0,93.958,46.0,6.398594934535208,inf,0,25.4,37.5,7.576392057796104,5.053794129067473,0.5284131314287054,12,0,37.19999999999999,0.0,16.0,-21.6,1,Silverstone
R,3,VER,32.0,2.0,HARD,14.0,94.209,44.2,6.432940092739179,inf,0,25.0,37.7,8.065398476198904,5.137677355322818,0.2683045315232297,13,0,29.500000000000004,0.0,18.1,-23.4,1,Silverstone
R,3,VER,33.0,2.0,HARD,15.0,94.313,42.4,6.466144724237619,inf,0,25.8,37.7,7.817541290864998,5.582183510505431,0.4913219185261072,10,0,31.7,0.0,17.2,-25.2,1,Silverstone
R,3,VER,35.0,2.0,HARD,17.0,93.739,38.8,6.523562306149512,inf,0,25.6,38.9,7.30392606669948,5.55660071993093,0.8359429003629775,13,0,31.60000000000001,0.0,15.2,-28.8,1,Silverstone
R,3,VER,36.0,2.0,HARD,18.0,93.951,37.0,6.551080335043404,inf,0,25.5,38.9,7.624277387669988,5.320354114698591,0.5896765527684272,12,0,30.599999999999994,0.0,16.6,-30.6,1,Silverstone
R,3,VER,37.0,2.0,HARD,19.0,94.272,35.2,6.579251212010101,inf,0,25.2,38.9,7.238497958843082,5.465591614797182,0.8474130604597769,13,0,27.799999999999983,0.0,17.1,-32.4,1,Silverstone
R,3,VER,40.0,3.0,MEDIUM,1.0,92.101,29.8,6.652863029353347,inf,0,25.3,38.4,7.833687432393352,4.922600317855672,0.044401569718861,11,0,42.20000000000001,0.0,14.3,0.0,1,Silverstone
R,3,VER,41.0,3.0,MEDIUM,2.0,92.935,28.0,6.678342114654332,inf,0,25.4,38.8,7.899768556426742,5.072285202032695,0.2985310038340872,12,0,39.200000000000045,0.0,15.2,-1.8,1,Silverstone
R,3,VER,42.0,3.0,MEDIUM,3.0,92.544,26.200000000000003,6.703188113240863,inf,0,25.6,38.7,7.186693107790296,5.530199451693045,0.90355212633351,11,0,38.69999999999997,0.0,15.2,-3.6,1,Silverstone
R,3,VER,43.0,3.0,MEDIUM,4.0,92.621,24.39999999999999,6.725033642166843,inf,0,25.4,39.0,6.807569681375914,5.54917853650139,1.0652534527286723,12,1,31.899999999999995,4.1,15.5,-5.4,1,Silverstone
R,3,VER,44.0,3.0,MEDIUM,5.0,92.39,22.599999999999994,6.745236349484362,inf,0,25.6,38.7,7.098707570724375,4.971295108444158,0.6134073002488288,12,0,35.80000000000002,0.0,15.6,-7.2,1,Silverstone
R,3,VER,45.0,3.0,MEDIUM,6.0,92.873,20.8,6.76849321164863,inf,0,25.4,38.2,6.673100712411321,5.309997025264997,0.8311365391287615,13,0,36.0,0.0,16.3,-9.0,1,Silverstone
R,3,VER,46.0,3.0,MEDIUM,7.0,92.907,19.0,6.790097235513905,inf,0,25.4,38.7,6.962625709421504,4.683066839070336,0.5553374026737348,14,0,40.49999999999998,0.0,14.9,-10.8,1,Silverstone
R,30,LAW,1.0,1.0,MEDIUM,1.0,101.28,100.0,2.079441541679836,inf,1,24.4,40.6,5.264078402259276,4.489329127608038,1.4169506568101529,17,1,20.60000000000003,7.200000000000001,21.4,0.0,1,Silverstone
R,30,LAW,2.0,1.0,MEDIUM,2.0,96.083,98.2,3.332204510175204,inf,0,24.6,42.2,7.31537346621059,4.099111633112876,0.0186588195371182,13,0,24.599999999999987,0.0,18.2,-1.8,1,Silverstone
R,30,LAW,3.0,1.0,MEDIUM,3.0,96.255,96.4,3.8712010109078903,inf,0,24.6,42.3,7.426668082218342,3.923591986375136,0.0568957810280406,14,0,37.1,0.0,19.9,-3.6,1,Silverstone
R,30,LAW,4.0,1.0,MEDIUM,4.0,95.707,94.6,4.23410650459726,inf,0,24.5,41.7,7.507430858459037,4.004010268178526,0.0276436817409673,15,0,34.80000000000003,0.0,17.1,-5.4,1,Silverstone
R,30,LAW,5.0,1.0,MEDIUM,5.0,95.639,92.8,4.51085950651685,inf,0,24.5,42.6,7.260865792532465,4.050843961569605,0.0095530963381154,11,0,36.19999999999999,0.0,16.7,-7.2,1,Silverstone
R,30,LAW,6.0,1.0,MEDIUM,6.0,95.737,91.0,4.727387818712341,inf,0,24.5,42.3,7.484684481927157,4.185972613650609,0.0759104468462176,11,0,36.7,0.0,15.8,-9.0,1,Silverstone
R,30,LAW,7.0,1.0,MEDIUM,7.0,96.097,89.2,4.90527477843843,inf,0,24.5,42.3,7.392292892895258,3.920286590823676,0.0071047565334853,11,0,37.90000000000002,0.0,15.3,-10.8,1,Silverstone
R,30,LAW,8.0,1.0,MEDIUM,8.0,95.971,87.4,5.056245805348308,inf,0,25.0,42.4,7.325514222398809,4.01252679478292,0.0131390905362673,12,0,36.40000000000002,0.0,16.5,-12.6,1,Silverstone
R,30,LAW,9.0,1.0,MEDIUM,9.0,96.326,85.6,5.181783550292085,inf,0,25.3,41.5,7.325107642763038,3.9578329900545297,0.0702952571041522,14,0,35.00000000000001,0.0,16.7,-14.4,1,Silverstone
R,30,LAW,10.0,1.0,MEDIUM,10.0,96.255,83.8,5.293304824724492,inf,0,25.2,42.4,7.178980935599954,3.8734860915949314,0.0201358345161047,14,0,36.2,0.0,16.6,-16.2,1,Silverstone
R,30,LAW,11.0,1.0,MEDIUM,11.0,96.158,82.0,5.389071729816501,inf,0,25.2,42.4,7.287442202334505,3.9564492408933902,0.0296521764315753,12,0,38.000000000000014,0.0,16.6,-18.0,1,Silverstone
R,30,LAW,12.0,1.0,MEDIUM,12.0,96.401,80.2,5.484796933490655,inf,0,25.0,42.4,7.048339622178821,4.260775197630535,0.4471294884424069,10,0,34.4,0.0,16.900000000000002,-19.8,1,Silverstone
R,30,LAW,13.0,1.0,MEDIUM,13.0,95.831,78.4,5.568344503761097,inf,0,25.0,42.4,7.259678750606297,3.976394786689698,0.0341718646115552,11,0,35.59999999999999,0.0,16.2,-21.6,1,Silverstone
R,30,LAW,14.0,1.0,MEDIUM,14.0,95.903,76.6,5.648974238161206,inf,0,25.0,43.8,7.183414223560871,3.906511043129688,0.0077261007517979,12,0,36.20000000000001,0.0,16.0,-23.4,1,Silverstone
R,30,LAW,15.0,1.0,MEDIUM,15.0,95.66,74.8,5.723585101952381,inf,0,24.9,43.7,7.422974804665803,4.014832078443881,0.0223813195186484,11,0,38.10000000000001,0.0,16.1,-25.2,1,Silverstone
R,30,LAW,16.0,1.0,MEDIUM,16.0,95.721,73.0,5.786897381366708,inf,0,25.0,42.9,7.270700516541042,4.061114463926025,0.0114171123361243,11,0,38.29999999999999,0.0,16.1,-27.0,1,Silverstone
R,30,LAW,17.0,1.0,MEDIUM,17.0,95.603,71.2,5.846438775057724,inf,0,25.0,42.6,7.174739915258958,3.890302820117132,0.0027722289575438,12,0,39.20000000000002,0.0,16.2,-28.8,1,Silverstone
R,30,LAW,18.0,1.0,MEDIUM,18.0,95.81,69.4,5.8971538676367405,inf,0,25.0,42.6,7.092395694957855,3.9514733470865098,0.081874755473717,14,0,33.70000000000004,0.0,17.3,-30.6,1,Silverstone
R,30,LAW,19.0,1.0,MEDIUM,19.0,95.688,67.6,5.945420608606575,inf,0,25.3,41.5,7.219120978970328,4.009541504455288,0.0270129661443784,15,0,35.39999999999999,0.0,18.1,-32.4,1,Silverstone
R,30,LAW,20.0,1.0,MEDIUM,20.0,95.635,65.8,5.996452088619021,inf,0,25.3,40.8,7.26108294808462,3.883872541213311,0.0199691913449172,12,0,36.90000000000001,0.0,15.9,-34.2,1,Silverstone
R,30,LAW,21.0,1.0,MEDIUM,21.0,95.607,64.0,6.042632833682381,inf,0,26.0,40.8,7.198882115983969,4.054443344984021,0.0520117256393582,12,0,36.20000000000002,0.0,16.6,-36.0,1,Silverstone
R,30,LAW,22.0,1.0,MEDIUM,22.0,105.658,62.2,6.084499413075172,inf,1,25.5,41.6,4.668208684860179,4.2790200355347725,1.1083230411819034,10,0,23.10000000000001,0.0,19.4,-37.8,0,Silverstone
R,30,LAW,23.0,1.0,MEDIUM,23.0,96.051,60.4,6.1224928095143865,inf,0,25.6,41.5,7.182008345074056,3.9449747217877,0.0473788286884766,10,0,35.89999999999999,0.0,16.1,-39.6,1,Silverstone
R,30,LAW,24.0,1.0,MEDIUM,24.0,95.788,58.6,6.161207321695077,inf,0,25.3,41.3,7.331324447926633,4.170391938423261,0.0872334207793256,13,0,34.6,0.0,16.0,-41.4,1,Silverstone
R,30,LAW,25.0,1.0,MEDIUM,25.0,96.438,56.8,6.19644412779452,inf,0,26.0,41.3,6.45636205242599,4.226380180331479,0.6508194048630654,16,0,34.10000000000001,0.0,18.6,-43.2,1,Silverstone
R,30,LAW,26.0,1.0,MEDIUM,26.0,95.447,55.0,6.236369590203704,inf,0,25.6,39.3,6.068349603444861,4.263494437862811,1.1007171930525157,15,0,38.10000000000001,0.0,17.5,-45.0,1,Silverstone
R,30,LAW,27.0,1.0,MEDIUM,27.0,95.183,53.2,6.2766434893416445,inf,0,25.1,39.3,6.735473237148588,4.122062206452143,0.5980499873095099,11,0,34.90000000000001,0.0,17.400000000000002,-46.8,1,Silverstone
R,30,LAW,30.0,2.0,HARD,1.0,94.445,47.8,6.376726947898627,inf,0,25.4,37.5,7.398666274902121,4.084965410987465,0.179137222505214,13,0,33.70000000000005,0.0,15.4,0.0,1,Silverstone
R,30,LAW,31.0,2.0,HARD,2.0,94.099,46.0,6.410174881966167,inf,0,25.0,38.8,7.450624133299265,4.078382868237847,0.0181997591818946,14,0,34.300000000000004,0.0,15.6,-1.8,1,Silverstone
R,30,LAW,32.0,2.0,HARD,3.0,93.938,44.2,6.444131256700441,inf,0,25.2,37.7,7.51423139704692,4.0825134465612205,0.1097280608601309,13,0,34.399999999999984,0.0,16.900000000000002,-3.6,1,Silverstone
R,30,LAW,33.0,2.0,HARD,4.0,93.857,42.4,6.476972362889683,inf,0,25.8,37.7,7.334584406160597,3.837631885041761,0.0007242910232392,14,0,40.3,0.0,15.6,-5.4,1,Silverstone
R,30,LAW,34.0,2.0,HARD,5.0,93.867,40.6,6.507277712385012,inf,0,25.5,38.3,7.283021126067043,3.720845891811443,0.0042525265658057,11,0,36.29999999999999,0.0,14.1,-7.2,1,Silverstone
R,30,LAW,35.0,2.0,HARD,6.0,94.178,38.8,6.533788837933344,inf,0,25.6,38.9,7.328540500805206,3.955445564928177,0.0197906037794655,12,0,40.49999999999998,0.0,14.7,-9.0,1,Silverstone
R,30,LAW,36.0,2.0,HARD,7.0,94.238,37.0,6.56244409369372,inf,0,25.4,38.9,7.332180256668371,3.826730706641653,0.0135739391085664,11,0,38.9,0.0,17.0,-10.8,1,Silverstone
R,30,LAW,37.0,2.0,HARD,8.0,93.943,35.2,6.588926477533519,inf,0,25.3,38.9,7.321793593684747,4.028115896089591,0.067544884398968,13,0,36.19999999999999,0.0,14.7,-12.6,1,Silverstone
R,30,LAW,38.0,2.0,HARD,9.0,111.89,33.39999999999999,6.610696044717759,inf,1,25.4,38.9,6.638311962574392,4.29251008084022,1.466182533645215,6,0,32.49999999999998,0.0,22.9,-14.4,0,Silverstone
R,30,LAW,39.0,2.0,HARD,10.0,98.314,31.599999999999994,6.6320017773956295,inf,1,25.3,38.8,6.066866734115733,3.9584368576643074,1.0926723226140598,13,0,31.10000000000002,0.0,17.8,-16.2,1,Silverstone
R,30,LAW,40.0,2.0,HARD,11.0,93.912,29.8,6.659293919683638,inf,0,25.4,38.4,7.215242111147591,3.896768842774052,0.0328690239936972,13,0,37.3,0.0,15.9,-18.0,1,Silverstone
R,30,LAW,41.0,2.0,HARD,12.0,94.246,28.0,6.684611727667927,inf,0,25.4,38.8,7.411501023185289,3.94182027188774,0.015458378901682,12,0,36.4,0.0,16.7,-19.8,1,Silverstone
R,30,LAW,42.0,2.0,HARD,13.0,93.804,26.200000000000003,6.709304340258299,inf,0,25.4,38.7,7.216486481057981,4.043472994783873,0.2416505396989165,12,0,34.300000000000004,0.0,16.2,-21.6,1,Silverstone
R,30,LAW,43.0,2.0,HARD,14.0,94.026,24.39999999999999,6.732210706467206,inf,0,25.4,39.0,7.233310450939461,4.052151861469278,0.3139753548412441,12,0,36.09999999999998,0.0,16.1,-23.4,1,Silverstone
R,30,LAW,44.0,2.0,HARD,15.0,93.705,22.599999999999994,6.75343791859778,inf,0,25.4,38.7,7.304152389690884,4.076698765597274,0.2173611286303995,12,0,37.1,0.0,15.4,-25.2,1,Silverstone
R,30,LAW,45.0,2.0,HARD,16.0,93.648,20.8,6.776506992372183,inf,0,25.4,38.2,7.248988041301508,3.9177573685621305,0.1135159887064063,14,0,37.5,0.0,15.4,-27.0,1,Silverstone
R,30,LAW,46.0,2.0,HARD,17.0,93.918,19.0,6.799055862058796,inf,0,25.6,38.7,7.411239443749865,4.2136261833356645,0.2882080592309805,12,0,35.600000000000016,0.0,14.8,-28.8,1,Silverstone
R,30,LAW,49.0,3.0,SOFT,1.0,112.541,13.599999999999994,6.826545223556594,inf,0,25.7,39.5,8.239870193645558,4.332572848160877,0.0431021241426716,9,0,38.90000000000001,0.0,23.8,0.0,1,Silverstone
R,30,LAW,50.0,3.0,SOFT,2.0,135.984,11.799999999999995,6.839476438228843,inf,0,25.4,39.7,6.107500000000001,4.249240699993317,0.7114933568444918,12,0,18.70000000000001,0.0,42.7,-1.8,1,Silverstone
R,30,LAW,52.0,3.0,SOFT,4.0,141.87,8.200000000000003,6.8690144506657065,inf,1,25.8,40.1,2.415,3.192464568798394,3.317499999999997,9,0,8.600000000000023,0.0,42.0,-5.4,1,Silverstone
R,31,OCO,1.0,1.0,MEDIUM,1.0,104.681,100.0,2.3978952727983707,inf,1,24.4,40.6,5.217840995845497,3.980413020965118,1.438716410569139,18,0,31.30000000000004,0.0,12.7,0.0,1,Silverstone
R,31,OCO,2.0,1.0,MEDIUM,2.0,97.203,98.2,3.4657359027997265,inf,0,24.6,42.2,6.91711270213193,3.274910666351557,0.0876795874216589,13,0,33.20000000000001,0.0,13.7,-1.8,1,Silverstone
R,31,OCO,3.0,1.0,MEDIUM,3.0,97.122,96.4,3.970291913552122,inf,0,24.6,42.3,6.829034167875548,3.225244578408433,0.1165250081107756,14,0,36.099999999999966,0.0,11.0,-3.6,1,Silverstone
R,31,OCO,4.0,1.0,MEDIUM,4.0,96.797,94.6,4.304065093204169,inf,0,24.5,41.7,7.073686369425568,3.423515367724897,0.1740195359114143,15,0,37.399999999999984,0.0,12.3,-5.4,1,Silverstone
R,31,OCO,5.0,1.0,MEDIUM,5.0,97.673,92.8,4.574710978503383,inf,0,24.5,42.6,6.596957339099729,3.227823152819826,0.0079196258189356,15,0,33.999999999999986,0.0,13.1,-7.2,1,Silverstone
R,31,OCO,6.0,1.0,MEDIUM,6.0,97.297,91.0,4.77912349311153,inf,0,24.5,42.3,6.968836077705974,3.6241349399455993,0.2628954198958343,11,0,35.70000000000001,0.0,13.1,-9.0,1,Silverstone
R,31,OCO,7.0,1.0,MEDIUM,7.0,96.697,89.2,4.948759890378168,inf,0,24.8,42.3,6.927795541850583,3.3221686011652345,0.0761733268523838,12,0,34.80000000000001,0.0,12.1,-10.8,1,Silverstone
R,31,OCO,8.0,1.0,MEDIUM,8.0,97.005,87.4,5.087596335232384,inf,0,25.0,42.4,6.734378968071846,3.329281088639089,0.03079968156155,14,0,30.50000000000002,0.0,13.2,-12.6,1,Silverstone
R,31,OCO,9.0,1.0,MEDIUM,9.0,97.375,85.6,5.214935757608986,inf,0,25.3,41.5,6.844137234826173,3.322641533786113,0.0408500761601358,10,0,32.5,0.0,13.8,-14.4,1,Silverstone
R,31,OCO,10.0,1.0,MEDIUM,10.0,97.684,83.8,5.3230099791384085,inf,0,25.2,42.4,6.849775948648273,3.2779302576010343,0.0957337875110388,12,0,32.69999999999999,0.0,11.9,-16.2,1,Silverstone
R,31,OCO,11.0,1.0,MEDIUM,11.0,97.088,82.0,5.41610040220442,inf,0,25.2,42.4,6.689421614132524,3.40361149570318,0.1012884593306681,15,0,35.00000000000001,0.0,14.3,-18.0,1,Silverstone
R,31,OCO,12.0,1.0,MEDIUM,12.0,97.021,80.2,5.5093883366279774,inf,0,24.9,42.4,6.953672344160124,3.4625777489478184,0.0680852577451854,13,0,38.09999999999999,0.0,12.5,-19.8,1,Silverstone
R,31,OCO,13.0,1.0,MEDIUM,13.0,96.689,78.4,5.594711379601839,inf,0,25.0,42.4,6.882153357581853,3.483326547935373,0.0178542619951621,14,0,37.19999999999999,0.0,13.6,-21.6,1,Silverstone
R,31,OCO,14.0,1.0,MEDIUM,14.0,96.866,76.6,5.673323267171493,inf,0,25.0,43.8,6.884556083569092,3.2729719532261585,0.0224411903514234,12,0,37.1,0.0,14.4,-23.4,1,Silverstone
R,31,OCO,15.0,1.0,MEDIUM,15.0,96.67,74.8,5.7430031878094825,inf,0,24.8,42.9,6.917713262123471,3.283494926563197,0.025401580185286,15,0,36.30000000000002,0.0,13.0,-25.2,1,Silverstone
R,31,OCO,16.0,1.0,MEDIUM,16.0,97.073,73.0,5.805134968916488,inf,0,25.0,42.9,6.753303093733049,3.2771449824447108,0.0044241422372711,11,0,37.49999999999999,0.0,13.6,-27.0,1,Silverstone
R,31,OCO,17.0,1.0,MEDIUM,17.0,97.263,71.2,5.860786223465865,inf,0,24.9,42.6,6.730513566750325,3.187423746540589,0.0018384919543872,13,0,35.7,0.0,14.5,-28.8,1,Silverstone
R,31,OCO,18.0,1.0,MEDIUM,18.0,96.953,69.4,5.910796644040527,inf,0,25.0,42.6,6.671534998793334,3.147629628131763,0.0077891784740542,12,0,35.90000000000001,0.0,13.8,-30.6,1,Silverstone
R,31,OCO,19.0,1.0,MEDIUM,19.0,96.765,67.6,5.961005339623274,inf,0,25.3,41.5,6.719846580741103,3.142752384139681,0.0013236815227308,13,0,33.6,0.0,13.7,-32.4,1,Silverstone
R,31,OCO,20.0,1.0,MEDIUM,20.0,96.514,65.8,6.008813185442595,inf,0,25.5,40.8,6.674485836011684,3.129010353268459,0.0009898741542001,11,0,35.00000000000001,0.0,13.7,-34.2,1,Silverstone
R,31,OCO,23.0,2.0,HARD,1.0,96.507,60.4,6.150602768446279,inf,0,25.3,41.3,5.778507231463022,3.272444203332036,1.1098256855654316,12,0,29.80000000000003,0.0,12.6,0.0,1,Silverstone
R,31,OCO,24.0,2.0,HARD,2.0,95.533,58.6,6.184148890937483,inf,0,26.0,41.3,6.858908495056458,3.3518572284540107,0.0632280891595809,12,0,34.60000000000002,0.0,14.5,-1.8,1,Silverstone
R,31,OCO,25.0,2.0,HARD,3.0,95.738,56.8,6.222576268071369,inf,0,25.4,39.3,6.44556399581821,3.609127716869668,0.5619887292570066,13,0,31.799999999999983,0.0,14.4,-3.6,1,Silverstone
R,31,OCO,26.0,2.0,HARD,4.0,95.711,55.0,6.259581464064923,inf,0,25.2,39.3,6.673627367268764,3.3829881565375874,0.2465596092042389,10,0,34.599999999999994,0.0,13.3,-5.4,1,Silverstone
R,31,OCO,27.0,2.0,HARD,5.0,95.844,53.2,6.295266001439646,inf,0,25.1,39.3,6.900402710858922,3.4040676987159677,0.0972474210058269,12,0,34.800000000000004,0.0,11.7,-7.2,1,Silverstone
R,31,OCO,28.0,2.0,HARD,6.0,95.946,51.4,6.326149473155099,inf,0,24.8,38.4,6.586682052343621,2.876973409271585,8.222494708627104e-05,14,0,39.000000000000014,0.0,12.8,-9.0,1,Silverstone
R,31,OCO,29.0,2.0,HARD,7.0,95.893,49.6,6.359573868672378,inf,0,25.0,37.5,6.568938021736169,2.899879817462107,3.271103124379109e-05,15,0,37.79999999999999,0.0,12.2,-10.8,1,Silverstone
R,31,OCO,30.0,2.0,HARD,8.0,97.178,47.8,6.395261598115449,inf,1,25.4,37.5,6.7705694849718085,3.1412549400130594,0.000323796101443,13,0,40.60000000000003,0.0,11.7,-12.6,1,Silverstone
R,31,OCO,31.0,2.0,HARD,9.0,95.36,46.0,6.428105272684596,inf,0,25.0,37.7,6.398980236378996,2.675472648483305,7.985799019741743e-05,11,0,39.50000000000002,0.0,12.5,-14.4,1,Silverstone
R,31,OCO,32.0,2.0,HARD,10.0,95.614,44.2,6.461468176353717,inf,0,25.2,37.7,6.646689436788767,2.923683887121728,3.725663548218638e-05,12,0,40.29999999999999,0.0,11.6,-16.2,1,Silverstone
R,31,OCO,33.0,2.0,HARD,11.0,95.41,42.4,6.495265555937008,inf,0,25.6,38.3,6.390251132755282,2.892355460975262,6.549985883639377e-05,13,0,38.90000000000001,0.0,12.8,-18.0,1,Silverstone
R,31,OCO,34.0,2.0,HARD,12.0,96.252,40.6,6.522092798170152,inf,0,25.6,38.9,6.595164018292494,3.149288039690634,0.001380127084947,14,0,37.1,0.0,13.0,-19.8,1,Silverstone
R,31,OCO,35.0,2.0,HARD,13.0,95.455,38.8,6.54965074223381,inf,0,25.5,38.9,6.711214164287847,3.324943051855576,0.0037075364239424,17,1,36.99999999999999,2.700000000000001,13.3,-21.6,1,Silverstone
R,31,OCO,36.0,2.0,HARD,14.0,95.142,37.0,6.577861357721047,inf,0,25.2,38.9,6.875860812096786,3.4114160192681693,0.052896578018674,14,0,39.49999999999999,0.0,14.6,-23.4,1,Silverstone
R,31,OCO,37.0,2.0,HARD,15.0,100.71,35.2,6.6039438246004725,inf,1,25.3,38.9,6.471849958231596,3.2097454364843268,0.0026509896926492,9,0,36.79999999999999,0.0,14.7,-25.2,1,Silverstone
R,31,OCO,38.0,2.0,HARD,16.0,113.76,33.39999999999999,6.626717749249025,inf,1,25.4,38.9,1.8974285539265603,2.422741060780453,2.516435755187006,4,0,8.199999999999983,0.0,17.8,-27.0,0,Silverstone
R,31,OCO,39.0,2.0,HARD,17.0,95.393,31.599999999999994,6.651571873589727,inf,0,25.3,38.4,6.43929878363565,3.5269331735963134,0.8033482203714177,13,0,36.99999999999999,0.0,12.3,-28.8,1,Silverstone
R,31,OCO,40.0,2.0,HARD,18.0,95.486,29.8,6.677083461247136,inf,0,25.4,38.8,6.6138779496808775,3.002418513631022,0.0211349883718561,13,0,36.70000000000005,0.0,15.2,-30.6,1,Silverstone
R,31,OCO,41.0,2.0,HARD,19.0,95.127,28.0,6.70196036600254,inf,0,25.6,38.7,6.599942010673112,3.104532051595426,0.0120343739995151,11,0,35.999999999999986,0.0,14.3,-32.4,1,Silverstone
R,31,OCO,42.0,2.0,HARD,20.0,95.893,26.200000000000003,6.726233402358747,inf,0,25.4,39.0,6.2893581909507645,3.1010528012386067,0.3693145920459155,8,0,32.500000000000014,0.0,12.9,-34.2,1,Silverstone
R,31,OCO,43.0,2.0,HARD,21.0,94.792,24.39999999999999,6.747586526829315,inf,0,25.6,38.7,6.660168706534385,3.158182167600632,0.08362965270121,10,0,34.60000000000001,0.0,14.2,-36.0,1,Silverstone
R,31,OCO,44.0,2.0,HARD,22.0,95.925,22.599999999999994,6.771935555839602,inf,0,25.4,38.2,6.24069213693395,3.1100507545451004,0.4487721792206365,11,0,33.699999999999974,0.0,14.0,-37.8,1,Silverstone
R,31,OCO,45.0,2.0,HARD,23.0,94.896,20.8,6.794586580876499,inf,0,25.6,38.7,6.73915740340793,3.120830437039533,0.0453932528071352,12,0,36.79999999999997,0.0,13.6,-39.6,1,Silverstone
R,31,OCO,46.0,2.0,HARD,24.0,101.821,19.0,6.815639990074331,inf,1,25.6,38.7,6.482445113699345,3.242082829151613,0.0451933725972808,13,0,33.100000000000016,0.0,19.3,-41.4,1,Silverstone
R,31,OCO,49.0,3.0,SOFT,1.0,142.847,13.599999999999994,6.835184586147301,inf,1,25.4,39.7,2.574950801239368,3.242183104849198,2.2521028135606804,4,0,11.000000000000002,0.0,21.4,0.0,0,Silverstone
R,31,OCO,50.0,3.0,SOFT,2.0,102.089,11.799999999999995,6.851184927493743,inf,0,25.5,39.3,6.262735891770824,2.822663972908405,0.004571836083811,11,0,25.200000000000014,0.0,14.2,-1.8,1,Silverstone
R,31,OCO,51.0,3.0,SOFT,3.0,95.859,10.0,6.859614903654202,inf,0,25.7,39.3,6.3199962964612,2.8400612977400206,0.0041506730388271,12,0,34.5,0.0,14.7,-3.6,1,Silverstone
R,31,OCO,52.0,3.0,SOFT,4.0,116.629,8.200000000000003,6.879355804460439,inf,1,25.8,40.1,2.6789185922417698,2.2515669597178167,2.395026066915249,3,0,10.500000000000009,0.0,20.4,-5.4,1,Silverstone
R,41,LIN,1.0,1.0,MEDIUM,1.0,103.006,100.0,2.19722457733622,inf,1,24.4,40.6,5.92246948929574,3.9179983110368815,1.4956771686413528,18,0,28.2,0.0,20.9,0.0,1,Silverstone
R,41,LIN,2.0,1.0,MEDIUM,2.0,96.203,98.2,3.367295829986474,inf,0,24.6,42.2,7.289289007250541,3.668565447005284,0.0050612517110697,18,0,26.30000000000001,0.0,16.8,-1.8,1,Silverstone
R,41,LIN,3.0,1.0,MEDIUM,3.0,95.959,96.4,3.8918202981106265,inf,0,24.6,42.3,7.1243195504794965,3.5947389447085403,0.0209889448736031,17,0,31.8,0.0,17.0,-3.6,1,Silverstone
R,41,LIN,4.0,1.0,MEDIUM,4.0,95.642,94.6,4.248495242049359,inf,0,24.5,41.7,7.163028679519842,3.668504338802709,0.0432955138853845,12,0,37.19999999999999,0.0,16.3,-5.4,1,Silverstone
R,41,LIN,5.0,1.0,MEDIUM,5.0,95.73,92.8,4.5217885770490405,inf,0,24.5,42.6,7.173506374015686,3.6898473124590336,0.0785934954839048,11,0,38.3,0.0,16.900000000000002,-7.2,1,Silverstone
R,41,LIN,6.0,1.0,MEDIUM,6.0,95.824,91.0,4.736198448394496,inf,0,24.5,42.3,7.09177403218256,3.698018018512205,0.0496814081944231,11,0,34.70000000000002,0.0,17.6,-9.0,1,Silverstone
R,41,LIN,7.0,1.0,MEDIUM,7.0,95.972,89.2,4.912654885736052,inf,0,24.5,42.3,7.02382983256385,3.5290425449587066,0.0178175037784264,10,0,38.90000000000002,0.0,17.8,-10.8,1,Silverstone
R,41,LIN,8.0,1.0,MEDIUM,8.0,96.144,87.4,5.062595033026967,inf,0,25.0,42.4,7.160138858414839,3.664418324577653,0.0112314049804663,10,0,38.1,0.0,15.2,-12.6,1,Silverstone
R,41,LIN,9.0,1.0,MEDIUM,9.0,96.4,85.6,5.187385805840755,inf,0,25.3,41.5,7.019376210255964,3.544105679985617,0.0275437743409686,14,0,36.400000000000006,0.0,17.5,-14.4,1,Silverstone
R,41,LIN,10.0,1.0,MEDIUM,10.0,96.249,83.8,5.298317366548036,inf,0,25.2,42.4,7.112761958123249,3.729865753872148,0.0239979393579558,12,0,37.40000000000003,0.0,17.3,-16.2,1,Silverstone
R,41,LIN,11.0,1.0,MEDIUM,11.0,96.093,82.0,5.393627546352361,inf,0,25.2,42.4,7.138456976686816,3.6742424447582542,0.0130168538630005,9,0,39.30000000000001,0.0,16.1,-18.0,1,Silverstone
R,41,LIN,12.0,1.0,MEDIUM,12.0,95.905,80.2,5.488937726156687,inf,0,25.0,42.4,7.091978640900992,3.6961953848193416,0.0618657980144576,13,0,36.6,0.0,16.7,-19.8,1,Silverstone
R,41,LIN,13.0,1.0,MEDIUM,13.0,96.167,78.4,5.572154032177765,inf,0,25.0,42.4,7.002481896348653,3.7668809220651647,0.0588168424184329,14,0,38.39999999999999,0.0,17.6,-21.6,1,Silverstone
R,41,LIN,14.0,1.0,MEDIUM,14.0,95.72,76.6,5.652489180268651,inf,0,25.0,43.8,7.185267837997156,3.827637162610038,0.0793968030549177,11,0,36.69999999999999,0.0,18.2,-23.4,1,Silverstone
R,41,LIN,15.0,1.0,MEDIUM,15.0,95.448,74.8,5.726847747587197,inf,0,24.9,43.7,7.0563611900140994,3.660797704012114,0.0543893617494537,12,0,39.000000000000014,0.0,17.3,-25.2,1,Silverstone
R,41,LIN,16.0,1.0,MEDIUM,16.0,95.99,73.0,5.7899601708972535,inf,0,25.0,42.9,7.142069041183623,3.601500174128418,0.0180784340944745,13,0,38.7,0.0,17.5,-27.0,1,Silverstone
R,41,LIN,17.0,1.0,MEDIUM,17.0,95.751,71.2,5.849324779946859,inf,0,25.0,42.6,7.031084953338546,3.771716929814267,0.0387668125085002,12,0,35.900000000000006,0.0,17.3,-28.8,1,Silverstone
R,41,LIN,18.0,1.0,MEDIUM,18.0,95.857,69.4,5.899897353582492,inf,0,25.0,42.6,7.015316201342889,3.73655839534497,0.036228442414344,9,0,37.10000000000001,0.0,16.8,-30.6,1,Silverstone
R,41,LIN,19.0,1.0,MEDIUM,19.0,95.923,67.6,5.948034989180646,inf,0,25.3,41.5,7.190376077832916,3.731718592137296,0.0584775196814952,9,0,38.00000000000001,0.0,17.0,-32.4,1,Silverstone
R,41,LIN,20.0,1.0,MEDIUM,20.0,95.841,65.8,5.998936561946683,inf,0,25.3,40.8,7.085700530585315,3.6895407733359686,0.0084877451110965,13,0,38.2,0.0,16.5,-34.2,1,Silverstone
R,41,LIN,21.0,1.0,MEDIUM,21.0,95.779,64.0,6.045005314036012,inf,0,26.0,40.8,6.993435266063286,3.5334559602479496,0.0273727120533143,11,0,36.09999999999998,0.0,17.5,-36.0,1,Silverstone
R,41,LIN,22.0,1.0,MEDIUM,22.0,106.791,62.2,6.0867747269123065,inf,1,25.5,41.6,5.900021529586915,3.9361807330041554,0.2653183626540472,11,0,28.999999999999982,0.0,21.5,-37.8,0,Silverstone
R,41,LIN,23.0,1.0,MEDIUM,23.0,96.608,60.4,6.126869184114185,inf,0,25.6,41.5,6.663050513983922,3.8399751167641822,0.4935117319167195,11,0,32.20000000000001,0.0,17.7,-39.6,1,Silverstone
R,41,LIN,24.0,1.0,MEDIUM,24.0,95.523,58.6,6.16541785423142,inf,0,25.3,41.3,7.060034254384766,3.7047470206710296,0.0809100482563265,10,0,38.60000000000001,0.0,16.5,-41.4,1,Silverstone
R,41,LIN,25.0,1.0,MEDIUM,25.0,95.82,56.8,6.20050917404269,inf,0,26.0,41.3,6.66381153325754,3.8073134017187273,0.4659331053430393,10,0,33.79999999999998,0.0,17.6,-43.2,1,Silverstone
R,41,LIN,26.0,1.0,MEDIUM,26.0,95.523,55.0,6.238324625039508,inf,0,25.6,39.3,6.654033700358579,3.938216644491652,0.5242405800669678,13,0,31.999999999999982,0.0,17.1,-45.0,1,Silverstone
R,41,LIN,29.0,2.0,HARD,1.0,93.632,49.6,6.345636360828596,inf,0,24.9,38.1,7.145126814504158,3.664300895273257,0.0942498928490309,12,0,39.00000000000001,0.0,15.0,0.0,1,Silverstone
R,41,LIN,30.0,2.0,HARD,2.0,93.928,47.8,6.380122536899765,inf,0,25.4,37.5,6.943934794909955,3.5847622356708984,0.1790614684873329,12,0,34.200000000000024,0.0,15.5,-1.8,1,Silverstone
R,41,LIN,31.0,2.0,HARD,3.0,93.748,46.0,6.411818267709897,inf,0,25.0,38.8,6.669365913251545,3.667812866312641,0.4922222806045559,13,0,35.40000000000002,0.0,15.9,-3.6,1,Silverstone
R,41,LIN,32.0,2.0,HARD,4.0,93.919,44.2,6.4457198193855785,inf,0,25.2,37.7,6.376182275748171,3.8829180622497375,0.9604338132858972,11,0,34.90000000000001,0.0,15.7,-5.4,1,Silverstone
R,41,LIN,33.0,2.0,HARD,5.0,93.853,42.4,6.478509642208569,inf,0,25.8,37.7,6.447569446130153,3.995720713413823,0.8704351934883946,12,0,32.59999999999998,0.0,15.3,-7.2,1,Silverstone
R,41,LIN,34.0,2.0,HARD,6.0,94.074,40.6,6.508769136971682,inf,0,25.5,38.3,6.932852463943616,3.625163766992839,0.2008553344219714,13,0,31.3,0.0,15.7,-9.0,1,Silverstone
R,41,LIN,35.0,2.0,HARD,7.0,94.158,38.8,6.535241271013659,inf,0,25.6,38.9,7.186793522670079,3.7775712982601695,0.1421855076832913,12,0,35.39999999999999,0.0,15.9,-10.8,1,Silverstone
R,41,LIN,36.0,2.0,HARD,8.0,94.38,37.0,6.563855526532128,inf,0,25.4,38.9,7.1063541334303775,3.713992107715328,0.0804693858620056,11,0,36.60000000000001,0.0,15.9,-12.6,1,Silverstone
R,41,LIN,37.0,2.0,HARD,9.0,94.247,35.2,6.590301048196686,inf,0,25.3,38.9,6.715192908498246,3.759211293263605,0.4774482041368935,10,0,37.19999999999998,0.0,15.3,-14.4,1,Silverstone
R,41,LIN,38.0,2.0,HARD,10.0,113.527,33.39999999999999,6.612041034833092,inf,1,25.4,38.9,5.826221902837554,4.030031396945275,1.0335854818810952,5,0,30.699999999999992,0.0,27.700000000000003,-16.2,0,Silverstone
R,41,LIN,39.0,2.0,HARD,11.0,97.215,31.599999999999994,6.634633357861686,inf,1,25.3,38.8,6.135105786633857,3.1780719262345096,0.5033126383186525,13,0,33.8,0.0,15.6,-18.0,1,Silverstone
R,41,LIN,40.0,2.0,HARD,12.0,94.136,29.8,6.660575149839686,inf,0,25.4,38.4,6.979894190194005,3.671772635180312,0.0553330959721182,12,0,37.2,0.0,14.6,-19.8,1,Silverstone
R,41,LIN,41.0,2.0,HARD,13.0,94.369,28.0,6.68586094706836,inf,0,25.4,38.8,7.024635047026832,3.602250406816589,0.07833750793566,12,0,35.999999999999986,0.0,14.8,-21.6,1,Silverstone
R,41,LIN,42.0,2.0,HARD,14.0,94.11,26.200000000000003,6.710523109452428,inf,0,25.4,38.7,6.853358234347003,3.626346431740157,0.3560006893059339,14,0,35.300000000000004,0.0,14.0,-23.4,1,Silverstone
R,41,LIN,43.0,2.0,HARD,15.0,94.576,24.39999999999999,6.733401891837359,inf,0,25.4,39.0,6.940880652797505,3.741759788713748,0.1629113445754214,13,0,35.800000000000004,0.0,15.5,-25.2,1,Silverstone
R,41,LIN,44.0,2.0,HARD,16.0,94.327,22.599999999999994,6.754604099487962,inf,0,25.4,38.7,7.099271900820956,3.5771952256830484,0.0616532868420785,13,0,38.2,0.0,15.0,-27.0,1,Silverstone
R,41,LIN,45.0,2.0,HARD,17.0,94.039,20.8,6.777646593635117,inf,0,25.4,38.7,7.0364066703990265,3.5796898266339574,0.083746597097905,11,0,36.6,0.0,14.9,-28.8,1,Silverstone
R,41,LIN,46.0,2.0,HARD,18.0,94.257,19.0,6.8001700683022,inf,0,25.6,38.7,7.107120566625913,3.626604585493229,0.0393671979808486,13,0,36.500000000000014,0.0,14.9,-30.6,1,Silverstone
R,41,LIN,49.0,3.0,SOFT,1.0,106.269,13.599999999999994,6.827629234502852,inf,0,25.7,39.5,6.334653308540936,3.099661117156548,0.0010453890886509,9,0,33.700000000000024,0.0,19.8,0.0,1,Silverstone
R,41,LIN,50.0,3.0,SOFT,2.0,133.907,11.799999999999995,6.840546529288687,inf,0,25.4,39.7,5.3025,3.4439937685344955,0.8931128636516881,6,0,22.599999999999987,0.0,41.2,-1.8,1,Silverstone
R,41,LIN,52.0,3.0,SOFT,4.0,141.471,8.200000000000003,6.870053411798126,inf,1,25.8,40.1,1.1725,2.361511463309921,3.562923668424395,5,0,4.199999999999989,0.0,38.8,-5.4,1,Silverstone
R,43,COL,1.0,1.0,MEDIUM,1.0,106.174,100.0,2.772588722239781,inf,1,24.4,40.6,5.357516158277996,5.244231669143421,1.720060050478254,13,0,24.799999999999976,0.0,18.0,0.0,0,Silverstone
R,43,COL,2.0,1.0,MEDIUM,2.0,97.205,98.2,3.5263605246161616,inf,0,24.6,42.2,6.365433859899494,4.67207047742504,1.4209450126558616,10,0,29.700000000000003,0.0,15.0,-1.8,1,Silverstone
R,43,COL,3.0,1.0,MEDIUM,3.0,96.677,96.4,3.9889840465642745,inf,0,24.6,42.3,6.752118941701982,3.98573863370128,0.5755785796348226,13,0,31.199999999999985,0.0,15.8,-3.6,1,Silverstone
R,43,COL,4.0,1.0,MEDIUM,4.0,96.311,94.6,4.31748811353631,inf,0,24.5,41.7,5.767698973386706,4.597838517443449,1.4958723404980765,9,0,28.899999999999984,0.0,16.7,-5.4,1,Silverstone
R,43,COL,5.0,1.0,MEDIUM,5.0,96.694,92.8,4.564348191467836,inf,0,24.5,42.6,6.190114942588148,4.764222193800249,1.5957866518814527,13,0,30.599999999999984,0.0,17.400000000000002,-7.2,1,Silverstone
R,43,COL,6.0,1.0,MEDIUM,6.0,97.119,91.0,4.770684624465665,inf,0,24.5,42.3,7.481300595983088,4.2642981621855895,0.1885739015082294,13,0,25.899999999999977,0.0,14.8,-9.0,1,Silverstone
R,43,COL,7.0,1.0,MEDIUM,7.0,96.459,89.2,4.941642422609304,inf,0,24.8,42.3,6.383894023457907,4.661220322983388,1.3752400133224714,12,0,31.6,0.0,16.6,-10.8,1,Silverstone
R,43,COL,8.0,1.0,MEDIUM,8.0,97.208,87.4,5.081404364984463,inf,0,25.0,42.4,5.955324225601834,4.567404948231943,1.7459079710890872,12,0,29.399999999999995,0.0,17.7,-12.6,1,Silverstone
R,43,COL,9.0,1.0,MEDIUM,9.0,96.548,85.6,5.204006687076795,inf,0,25.3,41.5,6.302720817350364,4.757318199682091,1.561842364869438,14,0,34.800000000000004,0.0,16.3,-14.4,1,Silverstone
R,43,COL,10.0,1.0,MEDIUM,10.0,97.468,83.8,5.313205979041787,inf,0,25.2,42.4,7.021916504143127,4.379962524698722,0.9216801367404068,14,0,32.89999999999999,0.0,13.3,-16.2,1,Silverstone
R,43,COL,11.0,1.0,MEDIUM,11.0,96.477,82.0,5.407171771460119,inf,0,25.2,42.4,6.731439982675099,4.058290418042139,0.7234460646864636,11,0,33.400000000000006,0.0,15.5,-18.0,1,Silverstone
R,43,COL,12.0,1.0,MEDIUM,12.0,96.843,80.2,5.501258210544727,inf,0,24.9,42.4,7.34894246272374,3.94677566792806,0.0461406152725053,15,0,30.399999999999977,0.0,16.2,-19.8,1,Silverstone
R,43,COL,13.0,1.0,MEDIUM,13.0,96.073,78.4,5.58724865840025,inf,0,25.0,42.4,7.099242473824907,4.069598185884003,0.3947702851052179,14,0,36.39999999999999,0.0,14.1,-21.6,1,Silverstone
R,43,COL,14.0,1.0,MEDIUM,14.0,95.917,76.6,5.666426688112432,inf,0,25.0,43.8,6.650159126755149,4.106268597804895,0.8128885286333478,15,0,31.60000000000001,0.0,15.3,-23.4,1,Silverstone
R,43,COL,15.0,1.0,MEDIUM,15.0,95.857,74.8,5.736572297479192,inf,0,24.9,43.7,7.128486705663075,4.052113895627841,0.348881288392402,12,0,38.80000000000002,0.0,13.9,-25.2,1,Silverstone
R,43,COL,16.0,1.0,MEDIUM,16.0,96.579,73.0,5.799092654460526,inf,0,25.0,42.9,7.203342349522754,4.160247549439644,0.2998611024211499,14,0,35.800000000000004,0.0,14.8,-27.0,1,Silverstone
R,43,COL,17.0,1.0,MEDIUM,17.0,96.239,71.2,5.857933154483459,inf,0,24.9,42.6,7.1058495039598935,4.003925431787601,0.2545736470849695,11,0,36.69999999999998,0.0,15.7,-28.8,1,Silverstone
R,43,COL,18.0,1.0,MEDIUM,18.0,96.248,69.4,5.905361848054571,inf,0,25.0,42.6,7.0071518142384,4.032186445225047,0.3671962137361705,11,0,36.69999999999999,0.0,14.7,-30.6,1,Silverstone
R,43,COL,19.0,1.0,MEDIUM,19.0,96.072,67.6,5.955837369464831,inf,0,25.3,41.5,6.820483245882771,4.012407987493376,0.3261074176986047,11,0,34.90000000000003,0.0,13.3,-32.4,1,Silverstone
R,43,COL,20.0,1.0,MEDIUM,20.0,95.78,65.8,6.0063531596017325,inf,0,25.3,40.8,7.043387824240389,4.004905871806628,0.3774803445365429,12,0,34.90000000000002,0.0,13.9,-34.2,1,Silverstone
R,43,COL,21.0,1.0,MEDIUM,21.0,100.468,64.0,6.054439346269371,inf,1,26.0,40.8,5.911755418102253,4.094513400951027,0.7505696763052215,10,0,29.7,0.0,17.5,-36.0,1,Silverstone
R,43,COL,24.0,2.0,HARD,1.0,94.712,58.6,6.169610732491456,inf,0,25.3,41.3,7.277369664207988,3.9518910206364986,0.1812381602689752,12,0,36.60000000000001,0.0,14.2,0.0,1,Silverstone
R,43,COL,25.0,2.0,HARD,2.0,94.281,56.8,6.206575926724928,inf,0,25.4,39.3,7.068043396011171,3.90098835184679,0.0864459849261368,14,0,35.59999999999999,0.0,13.2,-1.8,1,Silverstone
R,43,COL,26.0,2.0,HARD,3.0,94.712,55.0,6.244166900663736,inf,0,25.6,39.3,7.240156446031403,3.8420044405517264,0.1847141798286881,14,0,35.300000000000004,0.0,13.7,-3.6,1,Silverstone
R,43,COL,27.0,2.0,HARD,4.0,94.61,53.2,6.282266746896006,inf,0,25.1,39.3,6.785938030669817,4.064931193914074,0.594922766990325,13,0,29.4,0.0,13.4,-5.4,1,Silverstone
R,43,COL,28.0,2.0,HARD,5.0,94.652,51.4,6.315358001522335,inf,0,24.8,38.4,6.765802835557437,3.8968998668647066,0.3906431900009693,11,0,34.500000000000014,0.0,13.6,-7.2,1,Silverstone
R,43,COL,29.0,2.0,HARD,6.0,94.868,49.6,6.349138991379798,inf,0,24.9,38.1,6.972072721440144,3.918584092063596,0.2545031827031683,12,0,35.4,0.0,13.0,-9.0,1,Silverstone
R,43,COL,30.0,2.0,HARD,7.0,94.744,47.8,6.3835066348840055,inf,0,25.4,37.5,6.785570753125654,3.938124246478076,0.4520309463485115,13,0,32.69999999999999,0.0,14.0,-10.8,1,Silverstone
R,43,COL,31.0,2.0,HARD,8.0,95.017,46.0,6.416732282512326,inf,0,25.0,38.8,6.602190941562793,4.040229591896437,0.5716184777284635,14,0,32.80000000000001,0.0,13.0,-12.6,1,Silverstone
R,43,COL,33.0,2.0,HARD,10.0,95.319,42.4,6.484635235635252,inf,0,25.6,38.3,6.801812802582889,4.128885348617159,0.6838079294976177,12,0,35.200000000000024,0.0,13.6,-16.2,1,Silverstone
R,43,COL,34.0,2.0,HARD,11.0,95.707,40.6,6.513230110912307,inf,0,25.5,38.3,6.152625571286659,4.222709700724197,1.477145955143974,13,0,29.59999999999999,0.0,14.5,-18.0,1,Silverstone
R,43,COL,35.0,2.0,HARD,12.0,95.458,38.8,6.539585955617669,inf,0,25.5,38.9,6.844919095611405,4.000767501785557,0.4022247202532061,14,0,33.50000000000002,0.0,14.6,-19.8,1,Silverstone
R,43,COL,36.0,2.0,HARD,13.0,95.137,37.0,6.566672429803241,inf,0,25.4,38.9,6.933042881346598,4.053182016895523,0.4185274189467262,12,0,36.40000000000001,0.0,13.0,-21.6,1,Silverstone
R,43,COL,37.0,2.0,HARD,14.0,94.759,35.2,6.593044534142437,inf,0,25.3,38.9,6.954317062841822,4.020848350030466,0.5026500218208972,12,0,32.599999999999994,0.0,11.8,-23.4,1,Silverstone
R,43,COL,38.0,2.0,HARD,15.0,117.349,33.39999999999999,6.61472560020376,inf,1,25.4,38.9,2.490859837889356,4.3758405173631765,3.014140162110642,7,0,9.09999999999999,0.0,22.700000000000003,-25.2,0,Silverstone
R,43,COL,39.0,2.0,HARD,16.0,94.609,31.599999999999994,6.638567789166521,inf,0,25.3,38.8,7.188573853134903,4.011153756405608,0.1351970136347367,12,0,36.19999999999999,0.0,13.5,-27.0,1,Silverstone
R,43,COL,40.0,2.0,HARD,17.0,94.765,29.8,6.665683717782408,inf,0,25.4,38.4,6.888806583800356,4.114252542791096,0.3394416754545224,15,0,35.399999999999984,0.0,13.6,-28.8,1,Silverstone
R,43,COL,41.0,2.0,HARD,18.0,94.718,28.0,6.690842277418564,inf,0,25.6,38.7,6.72817339170377,4.129860097397895,0.4808911842073829,13,0,36.19999999999999,0.0,13.4,-30.6,1,Silverstone
R,43,COL,42.0,2.0,HARD,19.0,94.624,26.200000000000003,6.714170529909472,inf,0,25.4,38.7,7.282493456147751,3.942200521466343,0.0705060216983991,14,0,35.40000000000001,0.0,12.2,-32.4,1,Silverstone
R,43,COL,43.0,2.0,HARD,20.0,94.785,24.39999999999999,6.736966958001855,inf,0,25.6,38.7,6.871205380956191,4.078171044849585,0.2992792238073015,11,0,31.799999999999983,0.0,12.4,-34.2,1,Silverstone
R,43,COL,44.0,2.0,HARD,21.0,94.432,22.599999999999994,6.7580945044277305,inf,0,25.4,38.7,5.858944543635879,4.414263398907193,1.3495948105140223,12,0,27.90000000000001,0.0,13.5,-36.0,1,Silverstone
R,43,COL,45.0,2.0,HARD,22.0,94.565,20.8,6.782192056006791,inf,0,25.4,38.7,6.02565754621755,4.286960036852992,1.4040015850919956,14,0,31.80000000000001,0.0,14.3,-37.8,1,Silverstone
R,43,COL,46.0,2.0,HARD,23.0,94.87,19.0,6.804614520062624,inf,0,25.6,38.7,6.655931001908122,3.998866779712487,0.5080572441324077,10,0,37.800000000000026,0.0,13.2,-39.6,1,Silverstone
R,43,COL,49.0,3.0,SOFT,1.0,106.198,13.599999999999994,6.831953565565855,inf,0,25.7,39.5,4.83,3.282607019006704,0.6524140655360855,5,0,21.99999999999999,0.0,18.5,0.0,1,Silverstone
R,43,COL,50.0,3.0,SOFT,2.0,109.756,11.799999999999995,6.844815479208263,inf,0,25.4,39.7,5.4505178710178575,3.282699240293371,0.8584783238388819,8,0,20.700000000000006,0.0,22.5,-1.8,1,Silverstone
R,43,COL,52.0,3.0,SOFT,4.0,139.959,8.200000000000003,6.873163834212518,inf,1,25.8,40.1,0.6650000000000001,1.856605692208881,3.5799999999999983,3,0,2.200000000000005,0.0,37.8,-5.4,0,Silverstone
R,44,HAM,1.0,1.0,MEDIUM,1.0,96.912,100.0,0.6931471805599453,inf,1,24.4,40.6,6.853659666574515,3.514704614181208,0.3577280362575888,18,0,40.30000000000002,0.0,11.8,0.0,1,Silverstone
R,44,HAM,2.0,1.0,MEDIUM,2.0,94.226,98.2,3.091042453358316,inf,0,24.6,42.2,6.840719072720738,2.9767843247450068,0.0388613127321397,17,0,33.1,0.0,12.5,-1.8,1,Silverstone
R,44,HAM,3.0,1.0,MEDIUM,3.0,94.05,96.4,3.737669618283368,inf,0,24.6,42.3,6.941227613377563,3.0826269188689506,0.0317797422568143,14,0,36.49999999999999,0.0,13.7,-3.6,1,Silverstone
R,44,HAM,4.0,1.0,MEDIUM,4.0,93.943,94.6,4.143134726391533,inf,0,24.6,42.3,6.886256870487783,3.149856933611593,0.0113116057822974,15,0,36.899999999999984,0.0,13.5,-5.4,1,Silverstone
R,44,HAM,5.0,1.0,MEDIUM,5.0,94.755,92.8,4.442651256490317,inf,0,24.5,42.6,6.9681963151060415,3.112208408889299,0.0019833358632697,15,0,41.39999999999998,0.0,12.2,-7.2,1,Silverstone
R,44,HAM,6.0,1.0,MEDIUM,6.0,94.672,91.0,4.672828834461906,inf,0,24.5,42.3,6.90614221315971,3.0754001356698035,0.0009217104366239,12,0,39.30000000000001,0.0,13.2,-9.0,1,Silverstone
R,44,HAM,7.0,1.0,MEDIUM,7.0,94.735,89.2,4.859812404361672,inf,0,24.5,42.3,6.743200986109519,3.031222936398565,0.0006751960389695,10,0,37.29999999999999,0.0,12.3,-10.8,1,Silverstone
R,44,HAM,8.0,1.0,MEDIUM,8.0,94.651,87.4,5.010635294096256,inf,0,25.0,42.4,6.865257887005498,3.001155782312772,0.000619823518154,11,0,39.99999999999999,0.0,12.6,-12.6,1,Silverstone
R,44,HAM,9.0,1.0,MEDIUM,9.0,95.009,85.6,5.14166355650266,inf,0,25.0,41.5,6.792194517284514,2.970771136056408,0.0015053097782406,12,0,40.1,0.0,11.2,-14.4,1,Silverstone
R,44,HAM,10.0,1.0,MEDIUM,10.0,94.986,83.8,5.2574953720277815,inf,0,25.2,42.4,6.664648393661593,2.9542904941115924,0.0011326547437565,14,0,38.49999999999999,0.0,12.5,-16.2,1,Silverstone
R,44,HAM,11.0,1.0,MEDIUM,11.0,95.741,82.0,5.3612921657094255,inf,0,25.2,42.4,6.948981015608403,3.484088453009273,0.0914313961629381,10,0,34.09999999999999,0.0,12.5,-18.0,1,Silverstone
R,44,HAM,12.0,1.0,MEDIUM,12.0,94.641,80.2,5.459585514144159,inf,0,25.0,42.4,6.926721780127879,3.4539754142053987,0.0276364917423621,15,0,34.79999999999998,0.0,13.1,-19.8,1,Silverstone
R,44,HAM,13.0,1.0,MEDIUM,13.0,94.778,78.4,5.54907608489522,inf,0,25.0,42.4,6.88149520231949,3.230395950706096,0.0050196469174346,10,0,31.7,0.0,14.0,-21.6,1,Silverstone
R,44,HAM,14.0,1.0,MEDIUM,14.0,94.431,76.6,5.631211781821365,inf,0,25.0,43.7,7.004231264549571,3.36035924072518,0.0467887999371011,10,0,37.10000000000001,0.0,13.2,-23.4,1,Silverstone
R,44,HAM,15.0,1.0,MEDIUM,15.0,94.761,74.8,5.707110264748875,inf,0,24.9,43.7,6.742600871178338,2.8769897533863613,7.665620802026202e-05,12,0,37.9,0.0,13.0,-25.2,1,Silverstone
R,44,HAM,16.0,1.0,MEDIUM,16.0,95.372,73.0,5.7745515455444085,inf,0,24.8,42.9,6.482725726364716,2.700724719054062,0.0001190038695914,12,0,42.99999999999999,0.0,13.0,-27.0,1,Silverstone
R,44,HAM,17.0,1.0,MEDIUM,17.0,95.107,71.2,5.834810737062605,inf,0,25.0,42.6,6.547013708463515,2.622999729815702,0.0005107722226981,11,0,41.0,0.0,12.4,-28.8,1,Silverstone
R,44,HAM,18.0,1.0,MEDIUM,18.0,94.887,69.4,5.886104031450156,inf,0,25.0,42.6,6.408307265549923,2.706762875641484,0.0041033450614071,12,0,35.59999999999997,0.0,12.7,-30.6,1,Silverstone
R,44,HAM,19.0,1.0,MEDIUM,19.0,94.606,67.6,5.934894195619588,inf,0,25.5,41.4,6.647879051644177,2.79932768482607,0.0063157274464858,12,0,34.7,0.0,10.8,-32.4,1,Silverstone
R,44,HAM,20.0,1.0,MEDIUM,20.0,94.395,65.8,5.986452005284438,inf,0,25.3,40.8,6.488104253116815,2.747831655514112,0.0039101031217036,11,0,39.00000000000001,0.0,13.0,-34.2,1,Silverstone
R,44,HAM,21.0,1.0,MEDIUM,21.0,94.801,64.0,6.030685260261263,inf,0,25.5,40.8,6.675543134138644,2.952831574816212,0.0092221941399241,11,0,37.70000000000002,0.0,11.3,-36.0,1,Silverstone
R,44,HAM,22.0,1.0,MEDIUM,22.0,104.647,62.2,6.073044534100405,inf,1,25.5,41.6,5.350353970223833,3.3176955228349616,1.725368867611158,9,0,25.500000000000018,0.0,13.8,-37.8,0,Silverstone
R,44,HAM,25.0,2.0,HARD,1.0,92.309,56.8,6.192362489474872,inf,0,26.0,41.3,6.849310058282551,3.11685922062478,0.0369272085626353,11,0,39.3,0.0,12.8,0.0,1,Silverstone
R,44,HAM,26.0,2.0,HARD,2.0,92.667,55.0,6.2324480165505225,inf,0,25.6,39.3,6.781993808908226,3.1138452501860048,0.0279636302494568,11,0,35.80000000000002,0.0,13.5,-1.8,1,Silverstone
R,44,HAM,27.0,2.0,HARD,3.0,92.916,53.2,6.270988431858299,inf,0,25.2,39.3,6.883593169194041,3.331852007627985,0.1154215556515767,13,0,35.999999999999986,0.0,12.8,-3.6,1,Silverstone
R,44,HAM,28.0,2.0,HARD,4.0,92.922,51.4,6.306275286948016,inf,0,25.0,38.7,6.779020774815008,3.288425791714795,0.066813244133254,12,0,34.70000000000001,0.0,12.8,-5.4,1,Silverstone
R,44,HAM,29.0,2.0,HARD,5.0,94.747,49.6,6.336825731146441,inf,1,24.8,38.4,6.813783373218772,3.577869091938839,0.3767296760198488,7,1,27.199999999999992,6.700000000000001,10.8,-7.2,1,Silverstone
R,44,HAM,30.0,2.0,HARD,6.0,93.207,47.8,6.368187186350492,inf,0,25.0,37.5,6.76409493325542,3.5383365917282266,0.2180273754423765,10,0,35.10000000000002,0.0,11.7,-9.0,1,Silverstone
R,44,HAM,31.0,2.0,HARD,7.0,94.738,46.0,6.401917196727186,inf,1,25.0,38.8,6.701022675966461,3.651257430922208,0.4121594231394624,8,1,29.40000000000002,7.400000000000004,13.2,-10.8,1,Silverstone
R,44,HAM,32.0,2.0,HARD,8.0,93.746,44.2,6.436150368369428,inf,0,25.0,37.7,6.93787758128009,3.2006224994851427,0.0314450275763501,10,0,33.99999999999999,0.0,14.9,-12.6,1,Silverstone
R,44,HAM,33.0,2.0,HARD,9.0,93.882,42.4,6.4692503167957724,inf,0,25.8,37.7,6.750534511431543,3.2783236340724518,0.0525888264356383,10,0,32.69999999999999,0.0,14.4,-14.4,1,Silverstone
R,44,HAM,34.0,2.0,HARD,10.0,93.896,40.6,6.499787040655854,inf,0,25.6,38.3,6.386723613616157,3.7638229579385953,0.7867510923938626,10,0,32.19999999999999,0.0,13.0,-16.2,1,Silverstone
R,44,HAM,35.0,2.0,HARD,11.0,94.034,38.8,6.525029657843462,inf,0,25.6,38.9,6.63083741782174,3.404748721351268,0.4544670880511645,11,0,32.40000000000002,0.0,14.4,-18.0,1,Silverstone
R,44,HAM,36.0,2.0,HARD,12.0,93.993,37.0,6.55250788703459,inf,0,25.5,38.9,6.894104481863004,3.321266610355601,0.0965555504398051,14,0,35.40000000000004,0.0,10.0,-19.8,1,Silverstone
R,44,HAM,37.0,2.0,HARD,13.0,93.738,35.2,6.580639137284949,inf,0,25.2,38.9,6.383341066674332,3.610440956742431,0.7831397877372673,13,1,30.200000000000024,4.199999999999994,13.1,-21.6,1,Silverstone
R,44,HAM,38.0,2.0,HARD,14.0,99.294,33.39999999999999,6.6052979209482015,inf,1,25.4,38.9,6.135841360458842,3.311484604465502,0.4797970358750146,11,0,32.29999999999999,0.0,16.8,-23.4,1,Silverstone
R,44,HAM,39.0,2.0,HARD,15.0,111.594,31.599999999999994,6.625392368007956,inf,1,25.4,38.9,2.574575949083978,2.5450895523681654,2.53624544867684,6,0,10.400000000000013,0.0,21.4,-25.2,0,Silverstone
R,44,HAM,40.0,2.0,HARD,16.0,93.742,29.8,6.647688373563329,inf,0,25.3,38.4,6.650799781997613,2.9942776738063186,0.0214351920584272,12,0,37.09999999999999,0.0,12.9,-27.0,1,Silverstone
R,44,HAM,41.0,2.0,HARD,17.0,93.421,28.0,6.673297967767654,inf,0,25.4,38.8,6.556394484659507,2.791528705473228,0.0039262530472936,14,0,40.400000000000006,0.0,11.1,-28.8,1,Silverstone
R,44,HAM,42.0,2.0,HARD,18.0,93.337,26.200000000000003,6.698268054115413,inf,0,25.6,38.7,6.556919625992418,2.8454750341414146,0.0021976224531915,13,0,40.2,0.0,10.0,-30.6,1,Silverstone
R,44,HAM,43.0,2.0,HARD,19.0,93.029,24.39999999999999,6.721425700790643,inf,0,25.4,39.0,6.706644293211636,2.941455716918404,0.0068167238687343,12,0,40.00000000000003,0.0,11.0,-32.4,1,Silverstone
R,44,HAM,44.0,2.0,HARD,20.0,93.042,22.599999999999994,6.742880635791903,inf,0,25.6,38.7,6.622850359774398,3.103947143961097,0.0483285840346836,14,0,35.7,0.0,10.0,-34.2,1,Silverstone
R,44,HAM,45.0,2.0,HARD,21.0,92.783,20.8,6.763884908562435,inf,0,25.4,38.2,6.5387610346185285,3.0097949338890517,0.0194096834673606,13,0,35.70000000000002,0.0,10.6,-36.0,1,Silverstone
R,44,HAM,46.0,2.0,HARD,22.0,92.973,19.0,6.785587645007929,inf,0,25.4,38.7,6.582233478353141,2.8674030866594604,0.0089814740525423,13,0,39.70000000000004,0.0,9.4,-37.8,1,Silverstone
R,44,HAM,47.0,2.0,HARD,23.0,93.06,17.200000000000003,6.807934943699926,inf,0,25.6,38.7,6.581608737641831,2.8638615074019538,0.0054049255818639,11,0,37.69999999999997,0.0,9.2,-39.6,1,Silverstone
R,44,HAM,52.0,3.0,SOFT,1.0,143.14,8.200000000000003,6.865891074883439,inf,0,25.8,40.1,0.4134869386316375,2.307336606127066,3.6412031825340287,1,0,3.0000000000000058,0.0,21.3,0.0,1,Silverstone
R,5,BOR,1.0,1.0,MEDIUM,1.0,105.208,100.0,2.5649493574615367,inf,1,24.4,40.6,5.787533020259318,4.337621975489201,1.2633708638182863,14,0,26.6,0.0,18.8,0.0,0,Silverstone
R,5,BOR,2.0,1.0,MEDIUM,2.0,96.134,98.2,3.4339872044851463,inf,0,24.6,42.2,7.126825202994305,3.593576743434928,0.1141354066544176,12,0,38.20000000000003,0.0,14.5,-1.8,1,Silverstone
R,5,BOR,3.0,1.0,MEDIUM,3.0,96.169,96.4,3.9318256327243257,inf,0,24.6,42.3,7.038121610037434,3.4369824609439448,0.0024345938586331,14,0,39.5,0.0,15.5,-3.6,1,Silverstone
R,5,BOR,4.0,1.0,MEDIUM,4.0,96.262,94.6,4.276666119016055,inf,0,24.5,41.7,6.952613573330281,3.527929155510148,0.1256686368979472,13,0,34.0,0.0,14.3,-5.4,1,Silverstone
R,5,BOR,5.0,1.0,MEDIUM,5.0,96.569,92.8,4.532599493153256,inf,0,24.5,42.6,7.287669854636412,3.8385124101992254,0.1298900486045685,12,1,28.19999999999998,7.6,14.3,-7.2,1,Silverstone
R,5,BOR,6.0,1.0,MEDIUM,6.0,96.503,91.0,4.74493212836325,inf,0,24.5,42.3,6.721187750804017,3.1061863832979566,2.3536224709633065e-05,14,0,34.89999999999999,0.0,13.7,-9.0,1,Silverstone
R,5,BOR,7.0,1.0,MEDIUM,7.0,95.792,89.2,4.919980925828125,inf,0,24.5,42.3,6.748205468899847,3.1149524033972047,4.96457497974952e-05,12,0,40.7,0.0,13.0,-10.8,1,Silverstone
R,5,BOR,8.0,1.0,MEDIUM,8.0,95.972,87.4,5.068904202220232,inf,0,25.0,42.4,6.869459618709151,3.242689023473,6.427399077034424e-05,13,0,41.1,0.0,13.3,-12.6,1,Silverstone
R,5,BOR,9.0,1.0,MEDIUM,9.0,96.141,85.6,5.19295685089021,inf,0,25.3,41.5,6.8112295946462105,3.2890186276013385,0.0002952984132551,14,0,38.20000000000002,0.0,13.6,-14.4,1,Silverstone
R,5,BOR,10.0,1.0,MEDIUM,10.0,96.116,83.8,5.303304908059076,inf,0,25.2,42.4,6.716392967347119,3.147021658421195,0.0001839305535022,12,0,39.70000000000002,0.0,13.6,-16.2,1,Silverstone
R,5,BOR,11.0,1.0,MEDIUM,11.0,95.671,82.0,5.3981627015177525,inf,0,25.2,42.4,6.774629610129445,3.1996896167451467,0.0003336327091642,13,0,38.20000000000002,0.0,13.4,-18.0,1,Silverstone
R,5,BOR,12.0,1.0,MEDIUM,12.0,95.88,80.2,5.493061443340548,inf,0,25.0,42.4,6.755425498165893,3.2451665204246973,0.000420155404193,16,0,38.1,0.0,13.2,-19.8,1,Silverstone
R,5,BOR,13.0,1.0,MEDIUM,13.0,96.293,78.4,5.579729825986222,inf,0,25.0,42.4,6.749191201783514,3.249867984915599,0.002093431988678,9,0,37.99999999999999,0.0,14.3,-21.6,1,Silverstone
R,5,BOR,14.0,1.0,MEDIUM,14.0,95.862,76.6,5.655991810819852,inf,0,25.0,43.8,6.846795905441351,3.274591176322871,0.0039373480558014,11,0,36.90000000000001,0.0,13.7,-23.4,1,Silverstone
R,5,BOR,15.0,1.0,MEDIUM,15.0,95.766,74.8,5.730099782973575,inf,0,24.9,43.7,6.898540144682158,3.292156649681081,0.0001674125915141,12,0,42.000000000000014,0.0,14.4,-25.2,1,Silverstone
R,5,BOR,16.0,1.0,MEDIUM,16.0,96.062,73.0,5.793013608384144,inf,0,25.0,42.9,6.911418339569541,3.402183774031248,0.0001250872172144,12,0,39.30000000000001,0.0,13.7,-27.0,1,Silverstone
R,5,BOR,17.0,1.0,MEDIUM,17.0,95.662,71.2,5.8522024797744745,inf,0,25.0,42.6,6.8608042517968375,3.3253797562904728,0.0002098606863458,14,0,40.400000000000006,0.0,13.3,-28.8,1,Silverstone
R,5,BOR,18.0,1.0,MEDIUM,18.0,95.885,69.4,5.902633333401366,inf,0,25.0,42.6,6.914865208593806,3.392251097927187,0.0003228460231916,13,0,40.600000000000016,0.0,14.0,-30.6,1,Silverstone
R,5,BOR,19.0,1.0,MEDIUM,19.0,95.876,67.6,5.950642552587727,inf,0,25.3,41.5,6.908149584471668,3.378246789211529,0.0005863477731749,9,0,37.79999999999998,0.0,13.2,-32.4,1,Silverstone
R,5,BOR,20.0,1.0,MEDIUM,20.0,96.716,65.8,6.001414877961151,inf,0,25.3,40.8,7.030983846956726,3.500908633024721,0.0257100703890022,11,0,37.300000000000026,0.0,14.1,-34.2,1,Silverstone
R,5,BOR,21.0,1.0,MEDIUM,21.0,96.56,64.0,6.049733455231958,inf,0,26.0,40.8,6.727491489487499,3.491416263635424,0.0020497516481582,12,0,39.29999999999998,0.0,14.4,-36.0,1,Silverstone
R,5,BOR,22.0,1.0,MEDIUM,22.0,104.884,62.2,6.091309882077698,inf,1,25.5,41.5,5.868056925369095,3.1817438174663235,0.0167712253625875,11,0,25.49999999999997,0.0,13.0,-37.8,0,Silverstone
R,5,BOR,23.0,1.0,MEDIUM,23.0,95.718,60.4,6.129050210060545,inf,0,25.6,41.5,6.913683106037898,3.3847812701784745,0.0240960727214371,12,0,37.7,0.0,13.6,-39.6,1,Silverstone
R,5,BOR,24.0,1.0,MEDIUM,24.0,95.663,58.6,6.1675164908883415,inf,0,25.3,41.3,6.9841021460803,3.430062554805124,0.0051497805782792,12,0,38.40000000000003,0.0,13.5,-41.4,1,Silverstone
R,5,BOR,25.0,1.0,MEDIUM,25.0,95.525,56.8,6.20455776256869,inf,0,26.0,41.3,6.95716350389505,3.4153697224877666,0.0128464424263762,10,0,39.4,0.0,13.8,-43.2,1,Silverstone
R,5,BOR,28.0,2.0,HARD,1.0,94.07,51.4,6.313548046277095,inf,0,24.8,38.4,6.901392193555265,3.644565289405188,0.371719453782893,13,0,34.69999999999999,0.0,12.3,0.0,1,Silverstone
R,5,BOR,29.0,2.0,HARD,2.0,93.776,49.6,6.3473892096560105,inf,0,24.9,38.1,6.766139343221033,3.464328918642587,0.348388358951957,12,0,38.6,0.0,12.5,-1.8,1,Silverstone
R,5,BOR,30.0,2.0,HARD,3.0,93.65,47.8,6.3818160174060985,inf,0,25.4,37.5,6.867321526335044,3.355346556017497,0.0440655638626679,10,0,39.9,0.0,13.7,-3.6,1,Silverstone
R,5,BOR,31.0,2.0,HARD,4.0,94.158,46.0,6.413458957167357,inf,0,25.0,38.8,6.701994094176106,3.4451952857213284,0.1005419484935462,13,0,36.400000000000034,0.0,13.7,-5.4,1,Silverstone
R,5,BOR,32.0,2.0,HARD,5.0,94.422,44.2,6.447305862541213,inf,0,25.2,37.7,6.902576927039977,3.429470266578648,0.0056528178545813,13,0,42.7,0.0,12.6,-7.2,1,Silverstone
R,5,BOR,33.0,2.0,HARD,6.0,94.652,42.4,6.480044561926653,inf,0,25.8,37.7,6.872725143738132,3.2694828137885144,0.0003078774502212,12,0,41.6,0.0,13.2,-9.0,1,Silverstone
R,5,BOR,34.0,2.0,HARD,7.0,94.485,40.6,6.51025834052315,inf,0,25.5,38.3,6.84708672042176,3.298319186068796,0.0015149947678766,13,0,41.40000000000001,0.0,12.4,-10.8,1,Silverstone
R,5,BOR,35.0,2.0,HARD,8.0,94.516,38.8,6.536691597591305,inf,0,25.6,38.9,6.889970863217929,3.332224122521719,0.0004980987829818,10,0,41.8,0.0,12.6,-12.6,1,Silverstone
R,5,BOR,36.0,2.0,HARD,9.0,94.588,37.0,6.565264970035361,inf,0,25.4,38.9,6.924212460707555,3.331509763880592,0.000754807427525,9,0,40.5,0.0,12.6,-14.4,1,Silverstone
R,5,BOR,37.0,2.0,HARD,10.0,94.507,35.2,6.591673732008658,inf,0,25.3,38.9,6.800267912156241,3.238294290614085,0.0006665167848196,14,0,39.40000000000001,0.0,12.2,-16.2,1,Silverstone
R,5,BOR,38.0,2.0,HARD,11.0,114.01,33.39999999999999,6.61338421837956,inf,1,25.4,38.9,5.762086040788612,3.4928996085547297,1.131423000437104,6,0,27.10000000000003,0.0,21.5,-18.0,0,Silverstone
R,5,BOR,39.0,2.0,HARD,12.0,97.83,31.599999999999994,6.635946555686647,inf,1,25.3,38.8,6.557688643934403,3.1479567502702857,0.0179652399329344,14,0,35.50000000000002,0.0,12.5,-19.8,1,Silverstone
R,5,BOR,40.0,2.0,HARD,13.0,94.412,29.8,6.663132695990803,inf,0,25.4,38.4,6.921743167491666,3.343742595938848,0.0106209670450866,11,0,42.6,0.0,13.1,-21.6,1,Silverstone
R,5,BOR,41.0,2.0,HARD,14.0,94.648,28.0,6.687108607866515,inf,0,25.4,38.8,6.937157133060648,3.402018590719832,0.0591145194528551,11,0,36.99999999999997,0.0,13.0,-23.4,1,Silverstone
R,5,BOR,42.0,2.0,HARD,15.0,94.452,26.200000000000003,6.71174039505618,inf,0,25.4,38.7,6.788804761891189,3.294249363602251,0.0027012750933215,11,0,38.90000000000001,0.0,12.2,-25.2,1,Silverstone
R,5,BOR,43.0,2.0,HARD,16.0,94.658,24.39999999999999,6.734591659972948,inf,0,25.4,39.0,6.823447893414643,3.245055243283688,0.0003692232249137,10,0,40.19999999999999,0.0,13.0,-27.0,1,Silverstone
R,5,BOR,44.0,2.0,HARD,17.0,94.402,22.599999999999994,6.755768921984256,inf,0,25.4,38.7,6.716696462640207,3.277717400045753,0.0002910775847159,9,0,39.6,0.0,12.5,-28.8,1,Silverstone
R,5,BOR,45.0,2.0,HARD,18.0,94.239,20.8,6.778784897685177,inf,0,25.4,38.7,6.691523632782872,3.179330662323386,0.0012787514612533,13,0,40.2,0.0,12.2,-30.6,1,Silverstone
R,5,BOR,46.0,2.0,HARD,19.0,94.538,19.0,6.80128303447162,inf,0,25.6,38.7,6.939662561283147,3.350739468617062,0.0002390928265151,11,0,43.0,0.0,12.6,-32.4,1,Silverstone
R,5,BOR,49.0,3.0,SOFT,1.0,103.684,13.599999999999994,6.828712071641684,inf,0,25.7,39.5,6.275052594477623,3.235574251506523,0.0004248159218421,9,0,28.200000000000006,0.0,19.8,0.0,1,Silverstone
R,5,BOR,50.0,3.0,SOFT,2.0,132.538,11.799999999999995,6.842683282238422,inf,0,25.4,39.7,4.320237660370015,3.1844648363468644,1.4427222822387369,5,0,10.900000000000004,0.0,35.4,-1.8,1,Silverstone
R,5,BOR,52.0,3.0,SOFT,4.0,140.723,8.200000000000003,6.871091294610546,inf,1,25.8,40.1,1.3818708445723025,2.707438259043866,3.596185345439302,6,0,2.899999999999997,0.0,28.1,-5.4,0,Silverstone
R,55,SAI,1.0,1.0,MEDIUM,1.0,103.989,100.0,2.302585092994046,inf,1,24.4,40.6,5.0462057771798925,4.150326111401656,1.967737230332951,12,1,17.800000000000008,4.89999999999999,16.7,0.0,1,Silverstone
R,55,SAI,2.0,1.0,MEDIUM,2.0,96.527,98.2,3.4011973816621555,inf,0,24.6,42.2,6.762911221895673,3.203825624045657,0.0013983065303693,9,0,33.60000000000001,0.0,15.8,-1.8,1,Silverstone
R,55,SAI,3.0,1.0,MEDIUM,3.0,96.47,96.4,3.912023005428146,inf,0,24.6,42.3,6.911798585829609,3.290031882772825,0.0144626986214493,14,0,38.69999999999997,0.0,15.4,-3.6,1,Silverstone
R,55,SAI,4.0,1.0,MEDIUM,4.0,96.292,94.6,4.262679877041316,inf,0,24.5,41.7,6.6256071477461855,3.1216106680798186,0.0002034932818458,14,0,33.299999999999976,0.0,15.4,-5.4,1,Silverstone
R,55,SAI,5.0,1.0,MEDIUM,5.0,98.075,92.8,4.543294782270004,inf,1,24.5,42.6,6.908738194982792,3.397249007522841,0.002546737578709,14,0,37.1,0.0,17.5,-7.2,1,Silverstone
R,55,SAI,6.0,1.0,MEDIUM,6.0,97.424,91.0,4.762173934797756,inf,0,24.5,42.3,6.996567346688513,3.4308894507470984,0.0121687862501015,13,0,31.6,0.0,17.0,-9.0,1,Silverstone
R,55,SAI,7.0,1.0,MEDIUM,7.0,97.155,89.2,4.934473933130692,inf,0,24.8,42.3,7.024399088920351,3.510982510745894,0.106392256068787,12,0,34.100000000000016,0.0,17.7,-10.8,1,Silverstone
R,55,SAI,9.0,1.0,MEDIUM,9.0,97.749,85.6,5.209486152841421,inf,0,25.3,41.5,6.781870023153156,3.698429790637162,0.393364577783776,13,0,33.10000000000002,0.0,19.700000000000003,-14.4,1,Silverstone
R,55,SAI,10.0,1.0,MEDIUM,10.0,97.881,83.8,5.318119993844216,inf,1,25.2,42.4,6.202417082813263,3.685248294538322,1.0780808237065065,13,0,34.000000000000014,0.0,17.8,-16.2,1,Silverstone
R,55,SAI,11.0,1.0,MEDIUM,11.0,96.954,82.0,5.41164605185504,inf,0,25.2,42.4,6.727207155895879,3.5264181000379304,0.3738303514626189,12,0,37.50000000000001,0.0,19.0,-18.0,1,Silverstone
R,55,SAI,12.0,1.0,MEDIUM,12.0,96.976,80.2,5.5053315359323625,inf,0,24.9,42.4,6.926669180531091,3.4067315728233103,0.0367783378219484,13,0,34.9,0.0,17.2,-19.8,1,Silverstone
R,55,SAI,13.0,1.0,MEDIUM,13.0,96.635,78.4,5.5909869805108565,inf,0,25.0,42.4,6.801866291586112,3.3017654103805105,0.0191307497458154,12,0,34.59999999999997,0.0,17.2,-21.6,1,Silverstone
R,55,SAI,14.0,1.0,MEDIUM,14.0,96.051,76.6,5.66988092298052,inf,0,25.0,43.8,6.843286429344172,3.337739977303466,0.0748224612534903,14,0,37.300000000000026,0.0,15.4,-23.4,1,Silverstone
R,55,SAI,15.0,1.0,MEDIUM,15.0,96.383,74.8,5.739792912179234,inf,0,24.9,43.7,6.940270666687248,3.370436725896348,0.0397017055953008,13,0,37.49999999999999,0.0,16.7,-25.2,1,Silverstone
R,55,SAI,16.0,1.0,MEDIUM,16.0,96.554,73.0,5.802118375377063,inf,0,25.0,42.9,6.740283246843347,3.2217918629001976,0.006058433366133,13,0,35.699999999999974,0.0,16.400000000000002,-27.0,1,Silverstone
R,55,SAI,18.0,1.0,MEDIUM,18.0,96.657,69.4,5.908082938168931,inf,0,25.0,42.6,6.78116030710051,3.2254526573005755,0.0109410410075569,11,0,37.80000000000001,0.0,17.1,-30.6,1,Silverstone
R,55,SAI,19.0,1.0,MEDIUM,19.0,96.288,67.6,5.958424693029782,inf,0,25.3,41.5,6.720571934249335,3.220373889435459,0.0367609567583698,14,0,35.49999999999999,0.0,17.400000000000002,-32.4,1,Silverstone
R,55,SAI,22.0,2.0,HARD,1.0,95.449,62.2,6.09807428216624,inf,0,25.5,41.5,6.631626613372778,2.951218487081895,9.443569468043686e-05,16,0,35.89999999999999,0.0,14.7,0.0,1,Silverstone
R,55,SAI,23.0,2.0,HARD,2.0,94.923,60.4,6.133398042996649,inf,0,25.3,41.3,6.841252988332965,3.193807296733256,0.0267433691993198,16,0,36.00000000000004,0.0,15.6,-1.8,1,Silverstone
R,55,SAI,25.0,2.0,HARD,4.0,96.742,56.8,6.214608098422191,inf,0,25.4,39.3,6.808782846651585,3.43502278521892,0.1461277654403931,14,0,35.90000000000003,0.0,17.0,-5.4,1,Silverstone
R,55,SAI,26.0,2.0,HARD,5.0,95.549,55.0,6.251903883165888,inf,0,25.2,39.3,5.801329788255786,3.5303237197743886,1.2647625692788105,16,0,29.3,0.0,16.900000000000002,-7.2,1,Silverstone
R,55,SAI,27.0,2.0,HARD,6.0,95.707,53.2,6.289715570908998,inf,0,25.1,39.3,5.8514484690917525,3.637002049246868,1.0398087073380575,12,0,32.000000000000014,0.0,17.0,-9.0,1,Silverstone
R,55,SAI,28.0,2.0,HARD,7.0,95.769,51.4,6.320768294250582,inf,0,24.8,38.4,6.867530846424405,3.353040633000286,0.0639425476220052,13,0,33.50000000000001,0.0,13.8,-10.8,1,Silverstone
R,55,SAI,29.0,2.0,HARD,8.0,95.453,49.6,6.354370040797351,inf,0,24.9,38.1,6.66195135591766,3.0636598759047344,0.0087417211251117,12,0,35.3,0.0,16.3,-12.6,1,Silverstone
R,55,SAI,30.0,2.0,HARD,9.0,95.522,47.8,6.38856140554563,inf,0,25.4,37.5,6.695350197083513,3.1361938786567576,0.011081026054688,14,0,37.40000000000002,0.0,15.7,-14.4,1,Silverstone
R,55,SAI,31.0,2.0,HARD,10.0,95.62,46.0,6.421622267806518,inf,0,25.0,37.7,6.752877587128454,3.0736375880091744,0.0049993151091869,12,0,35.09999999999999,0.0,16.2,-16.2,1,Silverstone
R,55,SAI,32.0,2.0,HARD,11.0,97.184,44.2,6.456769655572163,inf,1,25.2,37.7,6.370425742128219,2.889224520338659,0.1014406946129262,12,0,27.499999999999982,0.0,20.6,-18.0,1,Silverstone
R,55,SAI,33.0,2.0,HARD,12.0,96.566,42.4,6.492239835020471,inf,0,25.6,38.3,6.979244053568564,3.513477091861632,0.0805122363566204,14,0,32.000000000000014,0.0,16.900000000000002,-19.8,1,Silverstone
R,55,SAI,34.0,2.0,HARD,13.0,97.358,40.6,6.517671272912275,inf,1,25.5,38.3,6.660590263681517,3.778461093656469,0.5424143160369169,11,0,31.800000000000008,0.0,17.8,-21.6,1,Silverstone
R,55,SAI,35.0,2.0,HARD,14.0,95.775,38.8,6.54534966033442,inf,0,25.5,38.9,6.255591035563065,3.464393183668006,0.7205908811237851,15,0,30.80000000000001,0.0,17.1,-23.4,1,Silverstone
R,55,SAI,36.0,2.0,HARD,15.0,96.697,37.0,6.572282542694008,inf,0,25.2,38.9,5.628503603082645,3.5196504171814915,1.453898461439178,12,0,29.30000000000002,0.0,16.2,-25.2,1,Silverstone
R,55,SAI,37.0,2.0,HARD,16.0,96.901,35.2,6.601230118728877,inf,0,25.3,38.9,6.581988793863981,3.1037383169114205,0.0673298611914156,12,0,31.69999999999999,0.0,16.1,-27.0,1,Silverstone
R,55,SAI,38.0,2.0,HARD,17.0,119.393,33.39999999999999,6.62273632394984,inf,1,25.4,38.9,2.238966624857045,2.845943660254299,2.971237159318828,6,0,9.5,0.0,34.4,-28.8,0,Silverstone
R,55,SAI,39.0,2.0,HARD,18.0,95.26,31.599999999999994,6.646390514847729,inf,0,25.3,38.4,6.584733238850633,2.9936904342668638,0.0560439588928106,12,0,36.2,0.0,15.1,-30.6,1,Silverstone
R,55,SAI,40.0,2.0,HARD,19.0,95.542,29.8,6.672032945461067,inf,0,25.4,38.4,6.674447198441442,3.1151707917949896,0.0331708839221348,12,0,34.90000000000001,0.0,15.2,-32.4,1,Silverstone
R,55,SAI,41.0,2.0,HARD,20.0,95.553,28.0,6.697034247666484,inf,0,25.6,38.7,6.178193268611252,2.9709010677393817,0.0501294696887601,13,0,33.40000000000001,0.0,15.9,-34.2,1,Silverstone
R,55,SAI,42.0,2.0,HARD,21.0,95.085,26.200000000000003,6.720220155135295,inf,0,25.4,39.0,6.318067040895816,3.1329877634888543,0.3567622542692638,9,0,36.80000000000001,0.0,16.3,-36.0,1,Silverstone
R,55,SAI,43.0,2.0,HARD,22.0,95.666,24.39999999999999,6.741700694652055,inf,0,25.6,38.7,6.397190799700089,3.261207370693569,0.4007401502893626,13,0,35.700000000000024,0.0,16.0,-37.8,1,Silverstone
R,55,SAI,44.0,2.0,HARD,23.0,96.988,22.599999999999994,6.766191714660351,inf,1,25.4,38.2,5.785149245463368,2.9617203190480184,0.6453824751279468,10,0,27.70000000000001,0.0,18.4,-39.6,1,Silverstone
R,55,SAI,45.0,2.0,HARD,24.0,95.6,20.8,6.78897174299217,inf,0,25.4,38.7,5.886368587666631,3.2836444543988987,0.9716619666119708,14,0,27.0,0.0,16.400000000000002,-41.4,1,Silverstone
R,55,SAI,46.0,2.0,HARD,25.0,96.704,19.0,6.810142450115136,inf,0,25.6,38.7,5.531837784278986,3.0316727401147867,1.0276956299966071,13,0,31.60000000000001,0.0,20.0,-43.2,1,Silverstone
R,55,SAI,47.0,2.0,HARD,26.0,128.204,17.200000000000003,6.82001636467413,inf,1,26.1,39.3,0.5876565716979901,2.315093858460896,3.412343428302009,0,0,0.0,0.0,31.4,-45.0,0,Silverstone
R,55,SAI,50.0,3.0,SOFT,1.0,98.352,11.799999999999995,6.848005274576363,inf,0,25.5,39.3,6.070684394760638,3.0971714543611544,0.6920652657137656,12,0,28.30000000000003,0.0,15.3,0.0,1,Silverstone
R,55,SAI,51.0,3.0,SOFT,2.0,92.734,10.0,6.856461984594587,inf,0,25.7,39.3,6.480054960411793,2.918682405334156,0.035284545726777,12,0,34.49999999999999,0.0,13.7,-1.8,1,Silverstone
R,55,SAI,52.0,3.0,SOFT,3.0,125.438,8.200000000000003,6.876264611890766,inf,1,25.8,40.1,1.4725850588528384,2.199628724432245,2.98817332306129,3,0,4.900000000000002,0.0,22.1,-3.6,0,Silverstone
R,6,HAD,1.0,1.0,MEDIUM,1.0,98.756,100.0,1.6094379124341005,inf,1,24.4,40.6,6.155120640951987,5.697656239685633,1.2911618027673784,12,0,28.900000000000023,0.0,19.3,0.0,1,Silverstone
R,6,HAD,2.0,1.0,MEDIUM,2.0,94.945,98.2,3.218875824868201,inf,0,24.6,42.2,5.732823385235932,6.926773750464447,1.8447351393806788,12,0,26.999999999999996,0.0,18.9,-1.8,1,Silverstone
R,6,HAD,3.0,1.0,MEDIUM,3.0,96.372,96.4,3.828641396489095,inf,0,24.6,42.3,6.6638763943416,5.982615667553354,1.710794892398649,14,0,36.6,0.0,19.9,-3.6,1,Silverstone
R,6,HAD,4.0,1.0,MEDIUM,4.0,94.846,94.6,4.204692619390966,inf,0,24.5,41.7,6.454666744667627,5.349624009435378,1.199710555132158,11,0,28.3,0.0,18.2,-5.4,1,Silverstone
R,6,HAD,5.0,1.0,MEDIUM,5.0,95.002,92.8,4.48863636973214,inf,0,24.5,42.6,7.102534059580426,5.557432967675439,0.8999548430218526,17,0,30.80000000000004,0.0,17.5,-7.2,1,Silverstone
R,6,HAD,6.0,1.0,MEDIUM,6.0,94.531,91.0,4.709530201312334,inf,0,24.5,42.3,6.4969445383467965,6.3889089939161,1.5823107397439755,13,0,31.500000000000004,0.0,17.2,-9.0,1,Silverstone
R,6,HAD,7.0,1.0,MEDIUM,7.0,94.882,89.2,4.890349128221754,inf,0,24.5,42.3,6.33364527255401,5.371029734176473,1.0131303902184816,16,0,33.499999999999986,0.0,17.6,-10.8,1,Silverstone
R,6,HAD,8.0,1.0,MEDIUM,8.0,95.17,87.4,5.0369526024136295,inf,0,25.0,42.4,6.9669400376143145,5.337994695769611,1.0023006126051646,17,0,28.9,0.0,16.900000000000002,-12.6,1,Silverstone
R,6,HAD,9.0,1.0,MEDIUM,9.0,95.34,85.6,5.1647859739235145,inf,0,25.0,41.5,7.077527798976848,5.202027635043263,0.8857293935616768,16,0,29.50000000000004,0.0,16.400000000000002,-14.4,1,Silverstone
R,6,HAD,10.0,1.0,MEDIUM,10.0,95.537,83.8,5.278114659230518,inf,0,25.2,42.4,6.7919403105713805,5.353392059858312,1.0776013430349756,14,0,28.300000000000004,0.0,17.6,-16.2,1,Silverstone
R,6,HAD,11.0,1.0,MEDIUM,11.0,95.653,82.0,5.375278407684165,inf,0,25.2,42.4,6.945194132058874,5.229127712279438,0.7104091553213415,16,0,36.40000000000002,0.0,17.8,-18.0,1,Silverstone
R,6,HAD,12.0,1.0,MEDIUM,12.0,95.565,80.2,5.472270673671475,inf,0,25.0,42.4,7.320472723566452,5.132270731034936,0.6690376652775725,14,0,31.000000000000018,0.0,16.8,-19.8,1,Silverstone
R,6,HAD,13.0,1.0,MEDIUM,13.0,95.336,78.4,5.560681631015528,inf,0,25.0,42.4,7.589512689635251,5.399970955493345,0.8804480823302513,12,0,34.9,0.0,16.900000000000002,-21.6,1,Silverstone
R,6,HAD,14.0,1.0,MEDIUM,14.0,95.029,76.6,5.641907070938114,inf,0,25.0,43.7,7.179358625485686,5.364273453037461,1.071699300250578,13,0,35.50000000000001,0.0,16.0,-23.4,1,Silverstone
R,6,HAD,15.0,1.0,MEDIUM,15.0,95.305,74.8,5.717027701406222,inf,0,24.9,43.7,8.002197202344538,4.97908780880654,0.110065235739034,15,0,33.600000000000016,0.0,16.3,-25.2,1,Silverstone
R,6,HAD,16.0,1.0,MEDIUM,16.0,95.184,73.0,5.783825182329737,inf,0,25.0,42.9,7.459063944254964,5.254587429369321,0.800245866280437,16,0,28.299999999999983,0.0,16.2,-27.0,1,Silverstone
R,6,HAD,17.0,1.0,MEDIUM,17.0,95.382,71.2,5.840641657373398,inf,0,25.0,42.6,7.644282488781824,5.133472052210866,0.4947908403778087,15,0,28.000000000000007,0.0,16.8,-28.8,1,Silverstone
R,6,HAD,18.0,1.0,MEDIUM,18.0,95.024,69.4,5.891644211825771,inf,0,25.0,42.6,7.359503388478105,5.085421393915489,0.5001117644611878,12,0,35.8,0.0,17.0,-30.6,1,Silverstone
R,6,HAD,21.0,2.0,HARD,1.0,94.043,64.0,6.0473721790462776,inf,0,26.0,40.8,7.312920184038712,5.192281389326883,0.8961879151062176,12,1,24.79999999999997,4.3000000000000025,16.7,0.0,1,Silverstone
R,6,HAD,22.0,2.0,HARD,2.0,105.667,62.2,6.089044875446846,inf,1,25.5,41.5,4.63509414391582,6.03707501856149,1.56018562742165,7,0,23.6,0.0,23.700000000000003,-1.8,0,Silverstone
R,6,HAD,23.0,2.0,HARD,3.0,94.73,60.4,6.124683390894205,inf,0,25.6,41.5,6.091450685982308,5.717482353342392,1.6547530552016958,13,0,32.0,0.0,16.5,-3.6,1,Silverstone
R,6,HAD,24.0,2.0,HARD,4.0,94.502,58.6,6.163314804034641,inf,0,25.3,41.3,7.213945365774091,5.185314138283141,0.7298661968394115,17,1,25.60000000000001,4.200000000000008,17.6,-5.4,1,Silverstone
R,6,HAD,25.0,2.0,HARD,5.0,94.33,56.8,6.194405391104672,inf,0,26.0,41.3,5.628431287269724,5.723189920208572,1.7600069410197334,13,0,31.0,0.0,17.5,-7.2,1,Silverstone
R,6,HAD,26.0,2.0,HARD,6.0,94.704,55.0,6.234410725718371,inf,0,25.6,39.3,7.694588708456454,5.18078734034721,0.4815515484397047,13,0,33.99999999999997,0.0,16.0,-9.0,1,Silverstone
R,6,HAD,27.0,2.0,HARD,7.0,94.636,53.2,6.274762021241939,inf,0,25.2,39.3,7.993058566121,5.204081707812847,0.3357935711722951,12,0,33.00000000000005,0.0,15.8,-10.8,1,Silverstone
R,6,HAD,28.0,2.0,HARD,8.0,94.243,51.4,6.309918278226516,inf,0,25.0,38.7,7.3801281710796465,5.141341585169634,0.5258394574077689,11,0,33.30000000000001,0.0,15.4,-12.6,1,Silverstone
R,6,HAD,29.0,2.0,HARD,9.0,93.941,49.6,6.340359303727752,inf,0,24.9,38.1,6.909019440159103,5.627393944986005,1.3049464039506011,11,0,37.399999999999984,0.0,15.9,-14.4,1,Silverstone
R,6,HAD,30.0,2.0,HARD,10.0,94.877,47.8,6.373319789577012,inf,0,25.0,37.5,7.076460408017774,5.952019057976337,1.5566718552696284,11,0,38.5,0.0,16.900000000000002,-16.2,1,Silverstone
R,6,HAD,31.0,2.0,HARD,11.0,94.725,46.0,6.406879986069314,inf,0,25.0,38.8,6.313538475097673,5.235815263048677,1.0437030085720311,13,0,26.000000000000007,0.0,17.1,-18.0,1,Silverstone
R,6,HAD,32.0,2.0,HARD,12.0,94.843,44.2,6.440946540632921,inf,0,25.0,37.7,7.324688464765652,5.288874273116374,0.802942367503367,17,0,32.4,0.0,17.400000000000002,-19.8,1,Silverstone
R,6,HAD,33.0,2.0,HARD,13.0,94.76,42.4,6.472346294500901,inf,0,25.8,37.7,6.602954013387793,5.591513414550906,1.2052551548381123,10,0,27.5,0.0,16.3,-21.6,1,Silverstone
R,6,HAD,34.0,2.0,HARD,14.0,94.324,40.6,6.502790045915623,inf,0,25.5,38.3,7.508987159924238,5.562267799580947,0.6550395167081351,12,0,28.200000000000017,0.0,14.5,-23.4,1,Silverstone
R,6,HAD,35.0,2.0,HARD,15.0,94.26,38.8,6.529418838262226,inf,0,25.6,38.9,6.976262636972549,5.173575240625318,0.8900235509423403,13,0,32.70000000000001,0.0,16.3,-25.2,1,Silverstone
R,6,HAD,36.0,2.0,HARD,16.0,94.961,37.0,6.558197802812269,inf,0,25.4,38.9,6.624136915187806,5.86317980215884,1.610713875974621,12,0,37.8,0.0,17.7,-27.0,1,Silverstone
R,6,HAD,37.0,2.0,HARD,17.0,94.324,35.2,6.586171654854675,inf,0,25.2,38.9,6.968054327846256,5.320576423938056,1.077738797380546,17,0,28.499999999999996,0.0,16.2,-28.8,1,Silverstone
R,6,HAD,40.0,3.0,MEDIUM,1.0,92.268,29.8,6.658011045870748,inf,0,25.4,38.4,7.884946581749819,4.602892544376416,0.0403147524645289,17,0,34.7,0.0,12.3,0.0,1,Silverstone
R,6,HAD,41.0,3.0,MEDIUM,2.0,92.697,28.0,6.683360945766275,inf,0,25.4,38.8,7.653323620386116,4.933164569320974,0.6706467310360354,13,0,30.89999999999999,0.0,15.6,-1.8,1,Silverstone
R,6,HAD,42.0,3.0,MEDIUM,3.0,92.919,26.200000000000003,6.70808408385307,inf,0,25.4,38.7,7.459331031016646,4.902268829543292,0.6305960552882786,13,0,36.70000000000002,0.0,14.5,-3.6,1,Silverstone
R,6,HAD,43.0,3.0,MEDIUM,4.0,92.895,24.39999999999999,6.731018100482083,inf,0,25.4,39.0,7.169776648974873,5.115296701043396,0.6209982082058405,14,0,34.400000000000006,0.0,14.7,-5.4,1,Silverstone
R,6,HAD,44.0,3.0,MEDIUM,5.0,92.693,22.599999999999994,6.752270376141742,inf,0,25.4,38.7,7.140491262290696,5.015697616103297,0.8272002329998958,14,0,34.79999999999999,0.0,14.7,-7.2,1,Silverstone
R,6,HAD,45.0,3.0,MEDIUM,6.0,92.481,20.8,6.775366090936392,inf,0,25.4,38.2,7.26328239307834,4.852563558293852,0.6963854359757289,12,0,22.99999999999998,0.0,14.7,-9.0,1,Silverstone
R,6,HAD,46.0,3.0,MEDIUM,7.0,93.072,19.0,6.796823718274855,inf,0,25.6,38.7,6.593997836496323,5.323408165025056,1.269727053086791,13,0,35.40000000000002,0.0,15.2,-10.8,1,Silverstone
R,6,HAD,49.0,4.0,SOFT,1.0,124.842,13.599999999999994,6.824373670043086,inf,0,25.7,39.5,1.3825000000000005,4.543958316367319,3.527499999999998,4,0,3.300000000000017,0.0,38.7,0.0,1,Silverstone
R,6,HAD,50.0,4.0,SOFT,2.0,136.488,11.799999999999995,6.837332814685591,inf,0,25.4,39.7,4.230999324737752,7.395334060047542,2.4249999999999936,10,0,18.700000000000014,0.0,47.2,-1.8,1,Silverstone
R,6,HAD,52.0,4.0,SOFT,4.0,142.241,8.200000000000003,6.8679744089702925,inf,1,25.8,40.1,0.945,2.571445479398672,3.2944752258238403,1,0,1.1999999999999944,0.0,43.7,-5.4,1,Silverstone
R,63,RUS,1.0,1.0,MEDIUM,1.0,98.171,100.0,1.3862943611198906,inf,1,24.4,40.6,6.535292157242894,3.927676812371704,0.8457060685969889,13,1,36.30000000000001,4.899999999999997,9.2,0.0,1,Silverstone
R,63,RUS,2.0,1.0,MEDIUM,2.0,94.809,98.2,3.1780538303479458,inf,0,24.6,42.2,7.212406697103037,3.527309934536254,0.0149779405528751,14,0,35.50000000000002,0.0,14.0,-1.8,1,Silverstone
R,63,RUS,3.0,1.0,MEDIUM,3.0,94.725,96.4,3.784189633918261,inf,0,24.6,42.3,7.166607245192556,3.4281367531829146,0.0081838215196602,13,0,37.70000000000002,0.0,14.9,-3.6,1,Silverstone
R,63,RUS,4.0,1.0,MEDIUM,4.0,94.598,94.6,4.174387269895637,inf,0,24.6,42.3,7.085499846796559,3.333292821403924,0.0019132922763928,13,0,36.59999999999999,0.0,13.9,-5.4,1,Silverstone
R,63,RUS,5.0,1.0,MEDIUM,5.0,94.769,92.8,4.465908118654584,inf,0,24.5,42.6,7.06422831220865,3.384397988884167,0.0008624737415266,13,0,33.59999999999999,0.0,14.8,-7.2,1,Silverstone
R,63,RUS,6.0,1.0,MEDIUM,6.0,94.872,91.0,4.691347882229144,inf,0,24.5,42.3,7.095867463836976,3.397324008687744,0.0003645086658759,15,0,35.40000000000003,0.0,14.1,-9.0,1,Silverstone
R,63,RUS,7.0,1.0,MEDIUM,7.0,94.469,89.2,4.875197323201151,inf,0,24.5,42.3,7.149407223668202,3.406236699790941,0.0022479617406612,12,0,35.800000000000004,0.0,15.7,-10.8,1,Silverstone
R,63,RUS,8.0,1.0,MEDIUM,8.0,94.797,87.4,5.0238805208462765,inf,0,25.0,42.4,7.327508072858663,3.627853807597957,0.0044526123575995,14,0,38.0,0.0,14.4,-12.6,1,Silverstone
R,63,RUS,9.0,1.0,MEDIUM,9.0,95.043,85.6,5.153291594497779,inf,0,25.0,41.5,7.244803392960305,3.533309420143316,0.00183189760937,16,0,29.1,0.0,16.2,-14.4,1,Silverstone
R,63,RUS,10.0,1.0,MEDIUM,10.0,95.047,83.8,5.267858159063328,inf,0,25.2,42.4,7.060067116912918,3.4006510853192147,0.0006730385957407,12,0,30.899999999999995,0.0,15.6,-16.2,1,Silverstone
R,63,RUS,11.0,1.0,MEDIUM,11.0,95.107,82.0,5.365976015021851,inf,0,25.2,42.4,7.017911488380456,3.42880839567908,0.0005692791155943,15,0,34.69999999999997,0.0,15.5,-18.0,1,Silverstone
R,63,RUS,12.0,1.0,MEDIUM,12.0,94.961,80.2,5.4638318050256105,inf,0,25.0,42.4,7.084748735125511,3.373578972723541,0.0026403705346087,15,0,35.49999999999999,0.0,14.7,-19.8,1,Silverstone
R,63,RUS,13.0,1.0,MEDIUM,13.0,95.077,78.4,5.552959584921617,inf,0,25.0,42.4,7.119880013098267,3.461336059180245,0.0010304776740779,11,0,36.20000000000001,0.0,15.8,-21.6,1,Silverstone
R,63,RUS,14.0,1.0,MEDIUM,14.0,94.708,76.6,5.634789603169249,inf,0,25.0,43.7,7.194615509275653,3.57446018567773,0.0175068281937164,9,0,34.599999999999994,0.0,14.9,-23.4,1,Silverstone
R,63,RUS,15.0,1.0,MEDIUM,15.0,94.564,74.8,5.71042701737487,inf,0,24.9,43.7,7.11089898207398,3.5240215834388056,0.031665927527894,9,0,34.59999999999997,0.0,14.2,-25.2,1,Silverstone
R,63,RUS,16.0,1.0,MEDIUM,16.0,94.867,73.0,5.777652323222656,inf,0,24.8,42.9,6.9665731215933615,3.4514791666809064,0.0080957813978653,12,0,31.999999999999982,0.0,15.5,-27.0,1,Silverstone
R,63,RUS,17.0,1.0,MEDIUM,17.0,95.783,71.2,5.83773044716594,inf,0,25.0,42.6,7.523809972472744,4.182359479990514,0.3883919239322716,10,0,37.90000000000001,0.0,16.8,-28.8,1,Silverstone
R,63,RUS,18.0,1.0,MEDIUM,18.0,95.196,69.4,5.8888779583328805,inf,0,25.0,42.6,6.971721676562197,3.3242321880761807,0.0005938720603886,13,0,36.800000000000026,0.0,17.1,-30.6,1,Silverstone
R,63,RUS,19.0,1.0,MEDIUM,19.0,94.581,67.6,5.937536205082426,inf,0,25.5,41.4,7.022591066591047,3.243977284508004,0.0013552844833516,13,0,37.69999999999998,0.0,14.5,-32.4,1,Silverstone
R,63,RUS,20.0,1.0,MEDIUM,20.0,94.553,65.8,5.988961416889864,inf,0,25.3,40.8,7.00380740258997,3.3854479589662008,0.0007338892098555,16,0,34.099999999999994,0.0,14.6,-34.2,1,Silverstone
R,63,RUS,21.0,1.0,MEDIUM,21.0,94.405,64.0,6.0330862217988015,inf,0,25.5,40.8,7.053019383553751,3.498007807431051,0.027873967675003,10,0,28.50000000000001,0.0,14.1,-36.0,1,Silverstone
R,63,RUS,22.0,1.0,MEDIUM,22.0,105.934,62.2,6.075346031088684,inf,1,25.5,41.6,6.513005196717589,3.4695027628175232,0.579587656283966,12,0,29.90000000000001,0.0,19.8,-37.8,0,Silverstone
R,63,RUS,25.0,2.0,HARD,1.0,92.758,56.8,6.190315405853148,inf,0,26.0,41.3,7.0533488066944905,3.213429117510908,0.0016960787155034,13,0,38.89999999999999,0.0,13.4,0.0,1,Silverstone
R,63,RUS,26.0,2.0,HARD,2.0,92.807,55.0,6.230481447578482,inf,0,25.6,39.3,7.1267459658042736,3.4805883472495656,0.0186606476772933,12,0,38.19999999999999,0.0,12.8,-1.8,1,Silverstone
R,63,RUS,27.0,2.0,HARD,3.0,92.953,53.2,6.269096283706261,inf,0,25.2,39.3,7.126657152316094,3.42668621705287,0.007427349421093,10,0,37.49999999999999,0.0,13.7,-3.6,1,Silverstone
R,63,RUS,28.0,2.0,HARD,4.0,93.108,51.4,6.304448802421981,inf,0,25.0,38.7,7.087542398150446,3.497905715615284,0.019859893354089,14,0,35.1,0.0,13.5,-5.4,1,Silverstone
R,63,RUS,29.0,2.0,HARD,5.0,94.497,49.6,6.335054251498059,inf,0,24.8,38.4,6.765480564030129,4.1349276628427,1.002503069686429,11,1,28.90000000000003,6.899999999999997,16.6,-7.2,1,Silverstone
R,63,RUS,30.0,2.0,HARD,6.0,93.734,47.8,6.366470447731438,inf,0,25.0,37.5,7.067029664195406,3.6501696412046334,0.2747341236388175,11,0,34.900000000000006,0.0,15.4,-9.0,1,Silverstone
R,63,RUS,31.0,2.0,HARD,7.0,93.895,46.0,6.400257445308821,inf,0,25.0,38.8,6.845531927356568,3.6080617605053473,0.5077617062882979,11,0,37.1,0.0,16.0,-10.8,1,Silverstone
R,63,RUS,32.0,2.0,HARD,8.0,94.015,44.2,6.434546518787453,inf,0,25.0,37.7,7.020395860388528,3.7699892647239097,0.4402005895588257,12,0,34.300000000000004,0.0,16.400000000000002,-12.6,1,Silverstone
R,63,RUS,33.0,2.0,HARD,9.0,94.18,42.4,6.467698726104354,inf,0,25.8,37.7,6.573123447134977,4.01286533269283,0.8678426453788748,12,0,36.49999999999998,0.0,17.5,-14.4,1,Silverstone
R,63,RUS,36.0,3.0,MEDIUM,1.0,92.489,37.0,6.556778356158042,inf,0,25.4,38.9,7.063897662313325,3.1865615944711965,0.0127654199155121,15,0,37.0,0.0,12.6,0.0,1,Silverstone
R,63,RUS,37.0,3.0,MEDIUM,2.0,92.498,35.2,6.584791392385716,inf,0,25.2,38.9,6.901142758089746,3.119630494236996,0.0007337270232165,12,0,38.5,0.0,12.2,-1.8,1,Silverstone
R,63,RUS,38.0,3.0,MEDIUM,3.0,104.164,33.39999999999999,6.608000625296087,inf,1,25.4,38.9,6.167513198702952,3.8525814748586114,0.9758252727183674,11,0,30.000000000000025,0.0,25.5,-3.6,0,Silverstone
R,63,RUS,39.0,3.0,MEDIUM,4.0,105.496,31.599999999999994,6.630683385642372,inf,1,25.3,38.8,5.540859340923394,2.2933331068070046,0.0249149574012974,12,0,28.200000000000003,0.0,18.4,-5.4,0,Silverstone
R,63,RUS,40.0,3.0,MEDIUM,5.0,92.583,29.8,6.655440350367647,inf,0,25.3,38.4,6.890366128492552,3.22212859787268,0.0286963799216579,14,0,36.99999999999999,0.0,14.8,-7.2,1,Silverstone
R,63,RUS,41.0,3.0,MEDIUM,6.0,92.732,28.0,6.679599185844383,inf,0,25.4,38.8,7.038598207204199,3.362597783185608,0.017716640115628,13,0,40.49999999999999,0.0,13.7,-9.0,1,Silverstone
R,63,RUS,42.0,3.0,MEDIUM,7.0,92.686,26.200000000000003,6.704414354964107,inf,0,25.6,38.7,7.073416558819325,3.4332024300389405,0.0149600473045511,10,0,36.3,0.0,12.8,-10.8,1,Silverstone
R,63,RUS,43.0,3.0,MEDIUM,8.0,92.755,24.39999999999999,6.727431724850855,inf,0,25.4,39.0,6.913392547161553,3.274143451051719,0.0171010939475911,13,0,35.00000000000001,0.0,12.7,-12.6,1,Silverstone
R,63,RUS,44.0,3.0,MEDIUM,9.0,92.491,22.599999999999994,6.748759547491679,inf,0,25.6,38.7,6.304758109761332,3.3997334725193817,0.5690602527770218,13,0,30.300000000000026,0.0,14.4,-14.4,1,Silverstone
R,63,RUS,45.0,3.0,MEDIUM,10.0,93.142,20.8,6.769641976852503,inf,0,25.4,38.2,6.060401501825143,3.583931357856061,1.0495272327392318,11,0,33.69999999999998,0.0,15.0,-16.2,1,Silverstone
R,63,RUS,46.0,3.0,MEDIUM,11.0,92.986,19.0,6.792344427470809,inf,0,25.6,38.7,6.981251600038259,3.397250381308829,0.0434949587512188,12,0,35.7,0.0,12.4,-18.0,1,Silverstone
R,63,RUS,47.0,3.0,MEDIUM,12.0,93.258,17.200000000000003,6.812345094177479,inf,0,25.6,38.7,6.0006380445610965,3.8461572629521337,1.0587753168622875,14,0,35.6,0.0,15.6,-19.8,1,Silverstone
R,63,RUS,48.0,3.0,MEDIUM,13.0,126.839,15.399999999999991,6.821107472256465,inf,1,26.1,39.3,4.2,5.023621575842517,2.153251295705072,7,0,12.30000000000001,0.0,28.9,-21.6,0,Silverstone
R,63,RUS,49.0,3.0,MEDIUM,14.0,130.986,13.599999999999994,6.823286122355687,inf,1,25.7,39.8,6.910398062110231,4.078326112019761,0.6325132422800243,12,0,31.399999999999984,0.0,30.700000000000003,-23.4,0,Silverstone
R,63,RUS,52.0,3.0,MEDIUM,17.0,143.285,8.200000000000003,6.86484777797086,inf,1,25.8,40.1,0.0175,2.432054813061867,3.982756409843185,0,0,0.0,0.0,29.0,-28.8,0,Silverstone
R,77,BOT,1.0,1.0,MEDIUM,1.0,107.296,100.0,2.8903717578961645,inf,1,24.4,40.6,5.783381359985783,4.291797462281343,0.9642042000982752,9,1,21.099999999999994,6.999999999999998,21.700000000000003,0.0,0,Silverstone
R,77,BOT,2.0,1.0,MEDIUM,2.0,98.708,98.2,3.58351893845611,inf,0,24.4,42.3,6.58476799843995,3.963029501754716,0.757325830626902,15,0,28.70000000000001,0.0,22.3,-1.8,1,Silverstone
R,77,BOT,3.0,1.0,MEDIUM,3.0,97.527,96.4,4.02535169073515,inf,0,24.6,42.3,7.359844520524497,3.8404971729738735,0.0458960280182064,12,0,35.59999999999999,0.0,17.3,-3.6,1,Silverstone
R,77,BOT,4.0,1.0,MEDIUM,4.0,97.283,94.6,4.343805421853684,inf,0,24.5,41.7,7.256258227627105,3.7078518915222856,0.001481318107654,14,0,37.6,0.0,18.2,-5.4,1,Silverstone
R,77,BOT,5.0,1.0,MEDIUM,5.0,97.157,92.8,4.59511985013459,inf,0,24.5,42.6,7.241653952861325,3.723837876150148,0.0061074493991807,15,0,34.89999999999999,0.0,16.400000000000002,-7.2,1,Silverstone
R,77,BOT,6.0,1.0,MEDIUM,6.0,98.028,91.0,4.804021044733257,inf,0,24.5,42.3,7.39163989149063,4.038024592944353,0.1111953468632401,14,0,35.40000000000001,0.0,17.5,-9.0,1,Silverstone
R,77,BOT,7.0,1.0,MEDIUM,7.0,98.414,89.2,4.976733742420574,inf,0,24.8,42.3,6.9840027715723885,4.253983902387001,0.5650794557261297,14,0,33.60000000000001,0.0,18.3,-10.8,1,Silverstone
R,77,BOT,8.0,1.0,MEDIUM,8.0,97.759,87.4,5.111987788356544,inf,0,25.0,42.4,6.97258378924808,3.9978765311832856,0.5073996764669201,14,0,33.7,0.0,18.5,-12.6,1,Silverstone
R,77,BOT,9.0,1.0,MEDIUM,9.0,98.164,85.6,5.236441962829949,inf,0,25.3,41.5,7.061093832531114,3.5918798997304613,0.0225959101558104,10,0,35.999999999999986,0.0,19.9,-14.4,1,Silverstone
R,77,BOT,10.0,1.0,MEDIUM,10.0,98.044,83.8,5.337538079701318,inf,0,25.2,42.4,6.988589356584706,3.5128027143899723,0.0073215568694688,14,0,36.19999999999998,0.0,18.3,-16.2,1,Silverstone
R,77,BOT,11.0,1.0,MEDIUM,11.0,98.082,82.0,5.43372200355424,inf,0,25.2,42.4,7.255953396362491,3.71498695086439,0.0039071594810252,14,0,36.8,0.0,18.2,-18.0,1,Silverstone
R,77,BOT,12.0,1.0,MEDIUM,12.0,97.854,80.2,5.525452939131784,inf,0,24.9,42.4,7.106523676032804,3.626433394620263,0.0061715842379589,14,0,36.99999999999998,0.0,17.7,-19.8,1,Silverstone
R,77,BOT,13.0,1.0,MEDIUM,13.0,97.644,78.4,5.60947179518496,inf,0,25.0,42.4,7.090696598944527,3.5272104316686788,0.0061579702283175,14,0,35.7,0.0,16.5,-21.6,1,Silverstone
R,77,BOT,14.0,1.0,MEDIUM,14.0,97.7,76.6,5.68697535633982,inf,0,25.0,43.8,7.161455139448664,3.635225344948497,0.0064316312598815,11,0,35.70000000000002,0.0,17.400000000000002,-23.4,1,Silverstone
R,77,BOT,15.0,1.0,MEDIUM,15.0,97.577,74.8,5.755742213586912,inf,0,24.8,42.9,7.036321878560601,3.536267720146597,0.0008965238573831,12,0,36.6,0.0,15.5,-25.2,1,Silverstone
R,77,BOT,16.0,1.0,MEDIUM,16.0,97.667,73.0,5.817111159963204,inf,0,25.0,42.9,6.895955815047238,3.451092014122389,0.1492639478893236,11,0,27.20000000000002,0.0,16.6,-27.0,1,Silverstone
R,77,BOT,17.0,1.0,MEDIUM,17.0,97.675,71.2,5.869296913133774,inf,0,24.9,42.6,6.94477204191828,3.3527290827037683,0.0002220005608386,14,0,39.000000000000014,0.0,17.8,-28.8,1,Silverstone
R,77,BOT,18.0,1.0,MEDIUM,18.0,98.067,69.4,5.918893854273146,inf,0,25.5,41.4,7.178382683965992,3.7005107746327983,0.0014003600640603,15,0,37.90000000000001,0.0,16.6,-30.6,1,Silverstone
R,77,BOT,19.0,1.0,MEDIUM,19.0,97.829,67.6,5.968707559985366,inf,0,25.3,41.5,6.968288973728619,3.412094181283269,0.0036231101196253,12,0,33.7,0.0,17.5,-32.4,1,Silverstone
R,77,BOT,20.0,1.0,MEDIUM,20.0,98.788,65.8,6.018593214496234,inf,0,25.5,40.8,7.167155789327753,3.705543311490577,0.0084485661722198,15,0,34.100000000000016,0.0,18.9,-34.2,1,Silverstone
R,77,BOT,21.0,1.0,MEDIUM,21.0,107.04,64.0,6.061456918928017,inf,1,25.5,41.6,4.354443851279838,3.8757208156290814,2.2244028484387983,8,0,19.299999999999983,0.0,20.700000000000003,-36.0,0,Silverstone
R,77,BOT,22.0,1.0,MEDIUM,22.0,99.272,62.2,6.104793232414985,inf,1,25.5,41.5,5.154192553673278,3.2305461447857358,1.5042140588570103,10,0,22.899999999999995,0.0,19.200000000000003,-37.8,1,Silverstone
R,77,BOT,23.0,1.0,MEDIUM,23.0,97.992,60.4,6.139884552226255,inf,0,25.3,41.3,7.0227257366466125,3.620172896578974,0.1157555369652356,13,0,30.600000000000023,0.0,18.6,-39.6,1,Silverstone
R,77,BOT,24.0,1.0,MEDIUM,24.0,99.176,58.6,6.1779441140506,inf,0,26.0,41.3,6.291609189912616,3.603180350651856,0.8040613287847913,13,0,30.10000000000001,0.0,19.8,-41.4,1,Silverstone
R,77,BOT,25.0,1.0,MEDIUM,25.0,100.201,56.8,6.22455842927536,inf,1,25.4,39.3,6.048673614072557,3.4639272234244283,0.9040305772802492,12,0,26.599999999999994,0.0,20.9,-43.2,1,Silverstone
R,77,BOT,26.0,1.0,MEDIUM,26.0,97.5,55.0,6.261491684321042,inf,0,25.2,39.3,5.972341284263194,3.7713695838205914,1.2592215923492798,9,0,31.8,0.0,18.4,-45.0,1,Silverstone
R,77,BOT,27.0,1.0,MEDIUM,27.0,97.926,53.2,6.298949246855942,inf,0,25.0,38.7,6.380447195933998,3.705480723300129,0.8352566429573455,11,0,30.19999999999999,0.0,16.3,-46.8,1,Silverstone
R,77,BOT,28.0,1.0,MEDIUM,28.0,98.598,51.4,6.331501849893691,inf,0,24.8,38.4,6.11019173426334,4.384317803488614,1.7145612204468723,12,0,30.800000000000008,0.0,16.3,-48.6,1,Silverstone
R,77,BOT,31.0,2.0,HARD,1.0,95.893,46.0,6.442540166468199,inf,0,25.0,37.7,7.289145706705283,3.7340361847873793,0.045766885518223,12,0,35.2,0.0,15.8,0.0,1,Silverstone
R,77,BOT,32.0,2.0,HARD,2.0,96.192,44.2,6.47543271670409,inf,0,25.8,37.7,6.830497553681711,3.3316305716090984,0.001029282473634,12,0,35.599999999999994,0.0,15.6,-1.8,1,Silverstone
R,77,BOT,33.0,2.0,HARD,3.0,96.204,42.4,6.505784060128229,inf,0,25.5,38.3,6.972819308606892,3.495398645241206,0.0111499523686084,13,0,36.29999999999996,0.0,15.9,-3.6,1,Silverstone
R,77,BOT,34.0,2.0,HARD,4.0,96.54,40.6,6.532334292222349,inf,0,25.6,38.9,7.023862784720922,3.468103882804697,0.0101606620171121,13,0,35.000000000000014,0.0,16.5,-5.4,1,Silverstone
R,77,BOT,35.0,2.0,HARD,5.0,96.131,38.8,6.561030665896573,inf,0,25.4,38.9,6.828484234014326,3.3458145836037145,0.0151019177098543,14,0,35.90000000000002,0.0,15.7,-7.2,1,Silverstone
R,77,BOT,36.0,2.0,HARD,6.0,96.181,37.0,6.587550014824796,inf,0,25.2,38.9,6.967579539864153,3.471414324671204,0.0277678128095791,11,0,34.40000000000002,0.0,16.400000000000002,-9.0,1,Silverstone
R,77,BOT,37.0,2.0,HARD,7.0,111.519,35.2,6.60934924316738,inf,1,25.4,38.9,5.393197577827292,3.938205959716135,1.8656307244933923,9,0,23.50000000000001,0.0,28.700000000000003,-10.8,0,Silverstone
R,77,BOT,38.0,2.0,HARD,8.0,106.271,33.39999999999999,6.633318433280377,inf,1,25.3,38.8,4.719532895478127,3.087047800294771,1.5497955108111765,11,0,23.600000000000023,0.0,26.6,-12.6,0,Silverstone
R,77,BOT,39.0,2.0,HARD,9.0,97.651,31.599999999999994,6.661854740545311,inf,1,25.4,38.4,5.759323536321053,3.825210433600885,1.4459932987301136,13,0,29.099999999999984,0.0,18.2,-14.4,1,Silverstone
R,77,BOT,40.0,2.0,HARD,10.0,98.45,29.8,6.688354713946762,inf,1,25.4,38.8,6.720986746652487,3.456566941039384,0.1113469166539336,13,0,30.8,0.0,18.8,-16.2,1,Silverstone
R,77,BOT,41.0,2.0,HARD,11.0,96.141,28.0,6.71295620067707,inf,0,25.4,38.7,6.421691565811209,3.544981794290827,0.6542717137401344,11,0,33.4,0.0,16.2,-18.0,1,Silverstone
R,77,BOT,42.0,2.0,HARD,12.0,96.287,26.200000000000003,6.735780014242327,inf,0,25.6,38.7,6.84767395902099,3.3115359801484203,0.016112671907971,13,0,35.10000000000002,0.0,15.9,-19.8,1,Silverstone
R,77,BOT,43.0,2.0,HARD,13.0,96.161,24.39999999999999,6.756932389247553,inf,0,25.4,38.7,7.032496865580708,3.426733876556492,0.0239007614692817,13,0,34.50000000000001,0.0,16.7,-21.6,1,Silverstone
R,77,BOT,44.0,2.0,HARD,14.0,97.012,22.599999999999994,6.779921907472252,inf,0,25.4,38.7,7.095397955778423,3.5128853660985824,0.0123510372385259,14,0,34.400000000000006,0.0,17.0,-23.4,1,Silverstone
R,77,BOT,45.0,2.0,HARD,15.0,96.561,20.8,6.802394763324311,inf,0,25.6,38.7,6.9266507463686935,3.421406994698837,0.01891710586199,15,0,35.2,0.0,15.6,-25.2,1,Silverstone
R,77,BOT,48.0,3.0,SOFT,1.0,101.889,15.399999999999991,6.83087423464618,inf,0,25.7,39.5,5.997948826254444,3.607603770809415,0.940153846578555,10,0,22.100000000000005,0.0,22.8,0.0,1,Silverstone
R,77,BOT,49.0,3.0,SOFT,2.0,113.938,13.599999999999994,6.8416154764775925,inf,1,25.4,39.7,4.2344625560076565,2.760730872550141,1.5912646897212972,7,0,15.100000000000003,0.0,29.8,-1.8,0,Silverstone
R,77,BOT,50.0,3.0,SOFT,3.0,106.482,11.799999999999995,6.854354502255021,inf,1,25.5,39.3,4.488807141478258,4.045505573931029,1.952957630206245,11,0,21.70000000000002,0.0,25.0,-3.6,1,Silverstone
R,77,BOT,51.0,3.0,SOFT,4.0,98.626,10.0,6.862757913051401,inf,0,25.8,40.1,4.951800779769091,3.696513644170442,1.942732425445105,14,0,25.299999999999976,0.0,22.0,-5.4,1,Silverstone
R,77,BOT,52.0,3.0,SOFT,5.0,105.132,8.200000000000003,6.882437470997847,inf,0,25.8,40.1,4.436382726522718,3.3818223187749563,2.3415388108320685,10,0,18.40000000000001,0.0,25.200000000000003,-7.2,1,Silverstone
R,81,PIA,1.0,1.0,MEDIUM,1.0,105.476,100.0,2.639057329615259,inf,0,24.4,40.6,5.616498811971087,1.8755942721882624,0.0036634825767544,10,0,27.99999999999999,0.0,21.700000000000003,0.0,1,Silverstone
R,81,PIA,4.0,2.0,HARD,1.0,94.363,94.6,4.406719247264253,inf,0,24.5,42.6,5.525324346595836,1.5663240230988555,0.000130032417534,12,0,31.80000000000001,0.0,16.0,0.0,1,Silverstone
R,81,PIA,5.0,2.0,HARD,2.0,94.721,92.8,4.6443908991413725,inf,0,24.5,41.3,5.471997562806985,1.5159658789373762,4.828569601640066e-05,13,0,33.700000000000024,0.0,16.900000000000002,-1.8,1,Silverstone
R,81,PIA,6.0,2.0,HARD,3.0,94.631,91.0,4.836281906951478,inf,0,24.5,42.3,5.485161018281488,1.5544317563888526,6.570290932638054e-05,11,0,33.79999999999999,0.0,16.6,-3.6,1,Silverstone
R,81,PIA,7.0,2.0,HARD,4.0,94.878,89.2,4.997212273764115,inf,0,24.8,42.3,5.491188330975359,1.5262225859893737,6.59208911282087e-05,12,0,33.7,0.0,15.7,-5.4,1,Silverstone
R,81,PIA,8.0,2.0,HARD,5.0,94.798,87.4,5.1298987149230735,inf,0,25.0,41.5,5.549149811101805,1.5919801666943738,0.0001283635083204,13,0,33.20000000000004,0.0,15.8,-7.2,1,Silverstone
R,81,PIA,9.0,2.0,HARD,6.0,95.396,85.6,5.247024072160486,inf,0,25.3,41.5,5.510125961737112,1.535344965797642,0.0001704138700759,11,0,33.300000000000004,0.0,17.0,-9.0,1,Silverstone
R,81,PIA,10.0,2.0,HARD,7.0,95.224,83.8,5.3471075307174685,inf,0,25.2,42.4,5.517485698174888,1.5784889519888008,0.0001035463854067,13,0,36.6,0.0,16.1,-10.8,1,Silverstone
R,81,PIA,11.0,2.0,HARD,8.0,95.302,82.0,5.44673737166631,inf,0,25.0,42.4,5.540245386119564,1.6050667197307926,0.0001889355915834,9,0,33.300000000000026,0.0,16.900000000000002,-12.6,1,Silverstone
R,81,PIA,12.0,2.0,HARD,9.0,95.64,80.2,5.537334267018537,inf,0,24.9,42.4,5.5013716904891545,1.5424769038483452,8.372497714851733e-05,11,0,37.00000000000002,0.0,17.1,-14.4,1,Silverstone
R,81,PIA,13.0,2.0,HARD,10.0,95.182,78.4,5.62040086571715,inf,0,25.0,43.7,5.543340405586503,1.5933959539418516,0.0001800517485344,11,0,36.00000000000003,0.0,16.6,-16.2,1,Silverstone
R,81,PIA,14.0,2.0,HARD,11.0,95.317,76.6,5.697093486505405,inf,0,25.0,43.8,5.472059305131046,1.5921293693702117,0.0008509832720882,11,0,35.000000000000014,0.0,16.8,-18.0,1,Silverstone
R,81,PIA,15.0,2.0,HARD,12.0,96.324,74.8,5.75890177387728,inf,0,24.8,42.9,5.677397698238375,1.729296201658917,0.0059772800538031,13,0,31.80000000000001,0.0,19.5,-19.8,1,Silverstone
R,81,PIA,16.0,2.0,HARD,13.0,95.157,73.0,5.820082930352362,inf,0,25.0,42.6,5.443097584167268,1.597723391419585,8.028217505652017e-05,9,0,35.500000000000014,0.0,16.6,-21.6,1,Silverstone
R,81,PIA,17.0,2.0,HARD,14.0,95.241,71.2,5.87493073085203,inf,0,24.9,42.6,5.508707755776678,1.5760663428307513,5.587166374889658e-05,12,0,36.19999999999998,0.0,17.2,-23.4,1,Silverstone
R,81,PIA,18.0,2.0,HARD,15.0,94.928,69.4,5.924255797414532,inf,0,25.5,41.4,5.545070208979858,1.5966627405528908,0.0001186040171218,12,0,36.2,0.0,18.0,-25.2,1,Silverstone
R,81,PIA,19.0,2.0,HARD,16.0,94.863,67.6,5.976350909297934,inf,0,25.3,41.5,5.516226637695759,1.6159864731297882,0.0001147827826269,10,0,31.80000000000003,0.0,17.0,-27.0,1,Silverstone
R,81,PIA,20.0,2.0,HARD,17.0,94.996,65.8,6.023447592961033,inf,0,25.5,40.8,5.432568402424907,1.5931197390296927,0.0006376041610734,9,0,33.09999999999999,0.0,17.6,-28.8,1,Silverstone
R,81,PIA,21.0,2.0,HARD,18.0,105.378,64.0,6.063785208687608,inf,1,25.5,41.6,5.3634216670898365,2.2052097918619324,0.8182373096263393,13,0,27.3,0.0,24.700000000000003,-30.6,0,Silverstone
R,81,PIA,22.0,2.0,HARD,19.0,95.295,62.2,6.102558594613569,inf,0,25.5,41.5,5.436064242705217,1.5696315637040033,0.0004467900586579,11,0,32.800000000000004,0.0,16.900000000000002,-32.4,1,Silverstone
R,81,PIA,23.0,2.0,HARD,20.0,94.964,60.4,6.137727054086234,inf,0,25.3,41.3,5.534994699836741,1.6042625949579905,0.0001829299944046,13,0,35.499999999999986,0.0,16.5,-34.2,1,Silverstone
R,81,PIA,24.0,2.0,HARD,21.0,94.763,58.6,6.175867270105761,inf,0,25.3,41.3,5.429486549200831,1.6172313497085788,0.0001056104358697,12,0,32.69999999999997,0.0,16.900000000000002,-36.0,1,Silverstone
R,81,PIA,25.0,2.0,HARD,22.0,94.685,56.8,6.2166061010848646,inf,0,25.4,39.3,5.466279852099184,1.6092792108021143,0.0004495816795906,11,0,33.4,0.0,16.5,-37.8,1,Silverstone
R,81,PIA,26.0,2.0,HARD,23.0,94.616,55.0,6.253828811575473,inf,0,25.2,39.3,5.5074831456266615,1.5898076211086658,0.0013919573443217,13,0,35.300000000000004,0.0,16.7,-39.6,1,Silverstone
R,81,PIA,27.0,2.0,HARD,24.0,94.99,53.2,6.29156913955832,inf,0,25.1,39.3,5.452577796046236,1.716842860295816,0.0216506764044121,10,0,29.299999999999983,0.0,16.3,-41.4,1,Silverstone
R,81,PIA,29.0,2.0,HARD,26.0,95.402,49.6,6.356107660695892,inf,0,24.9,38.1,5.727593379136623,1.8545464818103383,0.0180627843267976,8,0,30.899999999999995,0.0,18.6,-45.0,1,Silverstone
R,81,PIA,30.0,2.0,HARD,27.0,95.285,47.8,6.39024066706535,inf,0,25.4,37.5,5.501542793549611,1.6482888685934092,0.0010070413978107,10,0,35.099999999999994,0.0,17.900000000000002,-46.8,1,Silverstone
R,81,PIA,31.0,2.0,HARD,28.0,96.685,46.0,6.424869023905388,inf,1,25.0,37.7,5.387351143186112,1.549513050245828,0.0082548942242415,13,0,29.600000000000005,0.0,19.3,-48.6,1,Silverstone
R,81,PIA,32.0,2.0,HARD,29.0,95.71,44.2,6.45833828334479,inf,0,25.2,37.7,5.596929298504056,1.6827231042552062,0.0006593942314323,11,0,34.799999999999976,0.0,17.7,-50.4,1,Silverstone
R,81,PIA,33.0,2.0,HARD,30.0,95.303,42.4,6.490723534502507,inf,0,25.6,38.3,5.155207970106675,2.077879962656606,0.7851419298512368,10,0,28.90000000000002,0.0,18.9,-52.2,1,Silverstone
R,81,PIA,34.0,2.0,HARD,31.0,96.816,40.6,6.516193076042964,inf,1,25.5,38.3,5.698592239019766,1.780956785531631,1.238577617446009e-05,13,0,31.300000000000008,0.0,17.0,-54.0,1,Silverstone
R,81,PIA,35.0,2.0,HARD,32.0,95.929,38.8,6.543911845564792,inf,0,25.5,38.9,5.228927566753291,1.5976006395954534,6.73086345309076e-05,8,0,33.8,0.0,18.3,-55.8,1,Silverstone
R,81,PIA,38.0,3.0,MEDIUM,1.0,111.162,33.39999999999999,6.628041376179533,inf,1,25.4,38.9,3.782908456527518,1.4367516054478744,1.4698971903078644,6,0,16.80000000000003,0.0,23.1,0.0,0,Silverstone
R,81,PIA,39.0,3.0,MEDIUM,2.0,93.169,31.599999999999994,6.650279048587422,inf,0,25.3,38.4,5.59079693405018,1.854895587391618,0.1381863978063235,12,0,29.899999999999988,0.0,17.2,-1.8,1,Silverstone
R,81,PIA,40.0,3.0,MEDIUM,3.0,93.535,29.8,6.674561391814426,inf,0,25.4,38.8,5.611668901049006,1.7072264694793633,0.0153482219249078,9,0,32.19999999999999,0.0,16.900000000000002,-3.6,1,Silverstone
R,81,PIA,41.0,3.0,MEDIUM,4.0,93.145,28.0,6.699500340161678,inf,0,25.6,38.7,5.549925383259342,1.6319480909887312,0.0021357153555608,10,0,30.599999999999994,0.0,16.400000000000002,-5.4,1,Silverstone
R,81,PIA,42.0,3.0,MEDIUM,5.0,92.917,26.200000000000003,6.7226297948554485,inf,0,25.4,39.0,5.519784368253927,1.6563987189787923,0.0732798356778161,13,0,32.10000000000001,0.0,16.8,-7.2,1,Silverstone
R,81,PIA,43.0,3.0,MEDIUM,6.0,93.069,24.39999999999999,6.744059186311348,inf,0,25.6,38.7,5.450390118629103,1.712280766048187,0.1541043434059667,11,0,34.2,0.0,16.2,-9.0,1,Silverstone
R,81,PIA,44.0,3.0,MEDIUM,7.0,94.287,22.599999999999994,6.765038976780541,inf,0,25.4,38.2,5.355042351817904,1.7736650046242088,0.4186226528062867,9,0,28.30000000000001,0.0,19.3,-10.8,1,Silverstone
R,81,PIA,45.0,3.0,MEDIUM,8.0,93.405,20.8,6.786716950605081,inf,0,25.4,38.7,5.47478222625276,1.538114552436689,0.0002688560068348,10,0,36.8,0.0,15.2,-12.6,1,Silverstone
R,81,PIA,46.0,3.0,MEDIUM,9.0,93.032,19.0,6.80903930604298,inf,0,25.6,38.7,5.498141362430346,1.5371933688316095,0.0010199965353157,11,0,33.2,0.0,15.1,-14.4,1,Silverstone
R,81,PIA,50.0,4.0,SOFT,1.0,94.706,11.799999999999995,6.846943139585379,inf,0,25.5,39.3,5.455772042501447,1.4983052261437797,0.0002385970499712,13,0,30.900000000000013,0.0,14.9,0.0,1,Silverstone
R,81,PIA,51.0,4.0,SOFT,2.0,93.586,10.0,6.855408798609928,inf,0,25.7,39.3,4.951699809622492,1.4265804636049948,3.532918881105086e-05,7,0,27.100000000000005,0.0,16.8,-1.8,1,Silverstone
R,81,PIA,52.0,4.0,SOFT,3.0,128.578,8.200000000000003,6.875232087276577,inf,1,25.8,40.1,0.5593707816222772,0.8231465671104631,3.531519318309558,1,0,0.3000000000000001,0.0,32.6,-3.6,0,Silverstone
R,87,BEA,1.0,1.0,MEDIUM,1.0,109.557,100.0,2.995732273553991,inf,1,24.4,40.6,6.2076474101241335,4.651546763999087,1.0484508726825184,14,0,31.00000000000003,0.0,16.7,0.0,0,Silverstone
R,87,BEA,2.0,1.0,MEDIUM,2.0,97.833,98.2,3.610917912644224,inf,0,24.4,42.3,6.577721096115687,4.331003676399957,0.793069696237627,14,0,29.8,0.0,14.6,-1.8,1,Silverstone
R,87,BEA,3.0,1.0,MEDIUM,3.0,97.373,96.4,4.04305126783455,inf,0,24.6,42.3,7.450807903654871,4.021449344326037,0.0820295706101277,9,0,32.70000000000001,0.0,14.9,-3.6,1,Silverstone
R,87,BEA,4.0,1.0,MEDIUM,4.0,97.13,94.6,4.356708826689592,inf,0,24.5,41.7,7.145570251056711,4.161548250380135,0.3689567118420608,14,0,33.800000000000004,0.0,12.3,-5.4,1,Silverstone
R,87,BEA,5.0,1.0,MEDIUM,5.0,96.867,92.8,4.605170185988092,inf,0,24.5,42.6,6.808810781614605,4.28410021609224,0.6069748601006999,13,0,29.70000000000003,0.0,13.7,-7.2,1,Silverstone
R,87,BEA,6.0,1.0,MEDIUM,6.0,96.479,91.0,4.795790545596741,inf,0,24.5,42.3,6.428020541361601,4.7613570646929855,1.278031080704084,13,0,32.30000000000001,0.0,14.1,-9.0,1,Silverstone
R,87,BEA,7.0,1.0,MEDIUM,7.0,97.331,89.2,4.962844630259907,inf,0,24.8,42.3,7.305090718732227,3.826296690759949,0.0005986386509604,11,0,37.900000000000006,0.0,13.9,-10.8,1,Silverstone
R,87,BEA,8.0,1.0,MEDIUM,8.0,97.205,87.4,5.099866427824199,inf,0,25.0,42.4,7.326987302123026,3.793591862296221,0.0006588268693179,11,0,36.399999999999984,0.0,13.9,-12.6,1,Silverstone
R,87,BEA,9.0,1.0,MEDIUM,9.0,97.289,85.6,5.225746673713202,inf,0,25.3,41.5,7.425082446679548,4.075042531904876,0.0395691663134199,12,0,37.90000000000003,0.0,14.1,-14.4,1,Silverstone
R,87,BEA,10.0,1.0,MEDIUM,10.0,98.369,83.8,5.332718793265369,inf,1,25.2,42.4,6.897936211521124,4.266782826664089,0.6325677256421148,12,0,32.599999999999994,0.0,16.7,-16.2,1,Silverstone
R,87,BEA,11.0,1.0,MEDIUM,11.0,97.041,82.0,5.429345628954441,inf,0,25.2,42.4,6.847223480014141,3.974451456253985,0.3507116293184215,12,0,32.49999999999999,0.0,15.8,-18.0,1,Silverstone
R,87,BEA,12.0,1.0,MEDIUM,12.0,97.18,80.2,5.521460917862246,inf,0,24.9,42.4,7.123895382707257,3.855917372512896,0.2690233525829055,10,0,34.500000000000014,0.0,15.2,-19.8,1,Silverstone
R,87,BEA,13.0,1.0,MEDIUM,13.0,97.119,78.4,5.605802066295998,inf,0,25.0,42.4,7.130645944390292,4.275167221116423,0.4455081685108139,12,0,37.29999999999999,0.0,14.8,-21.6,1,Silverstone
R,87,BEA,14.0,1.0,MEDIUM,14.0,96.894,76.6,5.683579767338681,inf,0,25.0,43.8,7.139446251575867,4.257142686027308,0.4851404080995323,12,0,36.99999999999998,0.0,15.3,-23.4,1,Silverstone
R,87,BEA,15.0,1.0,MEDIUM,15.0,97.135,74.8,5.752572638825633,inf,0,24.8,42.9,6.995619677119071,4.109471892089041,0.5803429633789972,14,0,34.00000000000001,0.0,14.9,-25.2,1,Silverstone
R,87,BEA,16.0,1.0,MEDIUM,16.0,96.996,73.0,5.814130531825066,inf,0,25.0,42.9,6.607844314638683,4.366429055091909,0.9834366397367044,13,0,34.8,0.0,15.4,-27.0,1,Silverstone
R,87,BEA,17.0,1.0,MEDIUM,17.0,97.008,71.2,5.8664680569332965,inf,0,24.9,42.6,6.854519142519983,4.354032953089619,0.6236119014204189,11,0,36.1,0.0,16.0,-28.8,1,Silverstone
R,87,BEA,18.0,1.0,MEDIUM,18.0,97.453,69.4,5.916202062607435,inf,0,25.0,42.6,6.845862700438479,4.48712025913588,0.7228760559364181,11,0,33.59999999999999,0.0,15.2,-30.6,1,Silverstone
R,87,BEA,19.0,1.0,MEDIUM,19.0,97.157,67.6,5.966146739123692,inf,0,25.3,41.5,7.110933839007806,4.117847543153777,0.2836201759162586,10,0,35.8,0.0,15.0,-32.4,1,Silverstone
R,87,BEA,20.0,1.0,MEDIUM,20.0,96.729,65.8,6.013715156042802,inf,0,25.5,40.8,6.9837367419277285,4.188651338491907,0.4634113183522869,10,0,35.2,0.0,14.5,-34.2,1,Silverstone
R,87,BEA,21.0,1.0,MEDIUM,21.0,106.856,64.0,6.056784013228625,inf,1,26.0,40.8,5.608380799447426,4.720377314557965,1.990557956292352,6,0,24.7,0.0,19.200000000000003,-36.0,0,Silverstone
R,87,BEA,22.0,1.0,MEDIUM,22.0,96.419,62.2,6.095824562432225,inf,0,25.5,41.5,7.360053172354295,3.942279550983945,0.003068942402478,11,0,39.6,0.0,12.7,-37.8,1,Silverstone
R,87,BEA,23.0,1.0,MEDIUM,23.0,96.657,60.4,6.131226489483141,inf,0,25.3,41.3,7.428473132970756,4.124694484573103,0.0019046184884486,11,0,39.99999999999999,0.0,12.1,-39.6,1,Silverstone
R,87,BEA,24.0,1.0,MEDIUM,24.0,96.956,58.6,6.171700597410915,inf,0,25.3,41.3,7.442621202617114,4.190806224620133,0.1088147417530787,8,0,35.59999999999998,0.0,14.1,-41.4,1,Silverstone
R,87,BEA,25.0,1.0,MEDIUM,25.0,96.495,56.8,6.208590026096629,inf,0,25.4,39.3,7.228608732215454,3.905934235432993,0.0026433112850208,10,0,39.29999999999998,0.0,14.0,-43.2,1,Silverstone
R,87,BEA,26.0,1.0,MEDIUM,26.0,96.617,55.0,6.246106765481563,inf,0,25.2,39.3,7.170580942587487,3.9111589614019326,0.0247869785185475,12,0,36.399999999999984,0.0,14.0,-45.0,1,Silverstone
R,87,BEA,27.0,1.0,MEDIUM,27.0,97.32,53.2,6.2878585601617845,inf,0,25.1,39.3,7.360719337381273,4.354841665048122,0.2497148002995184,10,0,37.100000000000016,0.0,13.5,-46.8,1,Silverstone
R,87,BEA,28.0,1.0,MEDIUM,28.0,97.185,51.4,6.322565239927284,inf,0,24.8,38.4,6.693777934052129,4.094744742874985,0.7229719929394886,12,0,30.90000000000002,0.0,15.4,-48.6,1,Silverstone
R,87,BEA,31.0,2.0,HARD,1.0,94.455,46.0,6.429719478039138,inf,0,25.0,37.7,7.247634686487771,4.183158554838003,0.1524430341417118,13,0,39.100000000000016,0.0,14.0,0.0,1,Silverstone
R,87,BEA,32.0,2.0,HARD,2.0,94.854,44.2,6.46302945692067,inf,0,25.8,37.7,7.407847616795227,3.939314382304136,0.0014471580217422,13,0,41.899999999999984,0.0,13.4,-1.8,1,Silverstone
R,87,BEA,33.0,2.0,HARD,3.0,95.006,42.4,6.496774990185863,inf,0,25.6,38.3,7.36342589178801,4.023334200147136,0.0584736776077287,13,0,36.900000000000006,0.0,14.1,-3.6,1,Silverstone
R,87,BEA,34.0,2.0,HARD,4.0,94.565,40.6,6.520621127558696,inf,0,25.6,38.9,6.496753487214782,4.063272796302744,1.0602817068944914,14,2,30.100000000000005,4.799999999999994,13.6,-5.4,1,Silverstone
R,87,BEA,35.0,2.0,HARD,5.0,95.352,38.8,6.548219102762372,inf,0,25.5,38.9,7.421942547666593,4.029746267648434,0.0221227143485794,15,0,41.100000000000016,0.0,13.4,-7.2,1,Silverstone
R,87,BEA,36.0,2.0,HARD,6.0,95.004,37.0,6.576469569048224,inf,0,25.2,38.9,7.200698937764669,3.658054955436212,0.0003595134319111,13,0,42.500000000000014,0.0,13.5,-9.0,1,Silverstone
R,87,BEA,37.0,2.0,HARD,7.0,99.886,35.2,6.602587892189336,inf,1,25.3,38.9,6.998392347152264,3.8673692940157047,0.0011434838895069,10,0,39.6,0.0,14.9,-10.8,1,Silverstone
R,87,BEA,38.0,2.0,HARD,8.0,113.009,33.39999999999999,6.6240652277998935,inf,1,25.4,38.9,2.662161070439659,2.695135401299338,2.748606345000055,4,0,9.4,0.0,16.7,-12.6,0,Silverstone
R,87,BEA,39.0,2.0,HARD,9.0,96.431,31.599999999999994,6.648984550024776,inf,0,25.3,38.4,6.761882074842383,4.012492662612137,0.5377644693152642,10,0,32.10000000000001,0.0,12.8,-14.4,1,Silverstone
R,87,BEA,40.0,2.0,HARD,10.0,95.464,29.8,6.675823221634848,inf,0,25.4,38.8,6.459382313907563,4.192605528876973,1.0288646345953427,10,0,28.7,0.0,12.6,-16.2,1,Silverstone
R,87,BEA,41.0,2.0,HARD,11.0,95.163,28.0,6.70073110954781,inf,0,25.6,38.7,7.124341629273017,3.7016810901980857,0.008594763656716,12,0,38.399999999999984,0.0,11.9,-18.0,1,Silverstone
R,87,BEA,42.0,2.0,HARD,12.0,94.989,26.200000000000003,6.723832440821209,inf,0,25.4,39.0,6.994484144009677,3.6490084106510814,0.0288414077356651,8,0,36.5,0.0,11.5,-19.8,1,Silverstone
R,87,BEA,43.0,2.0,HARD,13.0,95.876,24.39999999999999,6.746412128573375,inf,0,25.6,38.7,6.696456325352253,3.806083729345511,0.4602629182450899,11,0,34.30000000000002,0.0,15.4,-21.6,1,Silverstone
R,87,BEA,44.0,2.0,HARD,14.0,95.994,22.599999999999994,6.77078942390898,inf,0,25.4,38.2,6.934509903390901,3.820671362414013,0.1147526125418922,8,0,35.599999999999994,0.0,13.0,-23.4,1,Silverstone
R,87,BEA,45.0,2.0,HARD,15.0,94.916,20.8,6.79346613258001,inf,0,25.6,38.7,6.77830419493182,3.862338237072201,0.393030592581244,13,0,34.8,0.0,12.7,-25.2,1,Silverstone
R,87,BEA,46.0,2.0,HARD,16.0,100.75,19.0,6.814542897259958,inf,1,25.6,38.7,6.1925237095809305,4.481395634553129,0.8507190609465812,10,0,30.9,0.0,17.7,-27.0,1,Silverstone
R,87,BEA,49.0,3.0,SOFT,1.0,149.732,13.599999999999994,6.833031732786201,inf,1,25.4,39.7,0.8812482322917445,3.249284716053081,3.196002475937945,3,0,3.6000000000000165,0.0,35.800000000000004,0.0,0,Silverstone
R,87,BEA,50.0,3.0,SOFT,2.0,102.712,11.799999999999995,6.8501261661455,inf,0,25.5,39.3,4.353042181363406,2.726843727519573,1.5705293019375848,7,0,19.40000000000001,0.0,18.5,-1.8,1,Silverstone
R,87,BEA,51.0,3.0,SOFT,3.0,96.174,10.0,6.858565034791365,inf,0,25.7,39.3,5.2120045340642775,2.894767826095615,0.8324473225732378,12,0,24.600000000000005,0.0,22.3,-3.6,1,Silverstone
R,87,BEA,52.0,3.0,SOFT,4.0,116.945,8.200000000000003,6.878326468291325,inf,1,25.8,40.1,2.5697288594063137,2.7550918084227343,2.9315375235048333,6,0,7.800000000000004,0.0,24.5,-5.4,1,Silverstone
R,1,NOR,1.0,1.0,MEDIUM,1.0,91.58,100.0,1.9459101490553128,inf,1,31.8,55.8,5.618561833688397,4.841047870991835,2.306938886244555,13,0,33.79999999999999,0.0,18.4,0.0,1,Monza
R,1,NOR,2.0,1.0,MEDIUM,2.0,86.915,98.2,3.258096538021482,inf,0,32.0,56.2,5.922820991457266,5.317280421092076,1.556431840654026,12,0,27.899999999999995,0.0,14.0,-1.8,1,Monza
R,1,NOR,7.0,2.0,HARD,1.0,86.993,89.2,4.060443010546419,inf,0,32.5,56.3,5.69213622813428,5.533002046018583,1.7689745244392918,10,0,35.29999999999998,0.0,14.0,0.0,1,Monza
R,1,NOR,8.0,2.0,HARD,2.0,86.433,87.4,4.3694478524670215,inf,0,32.4,56.2,5.505576970699172,5.5629449756063565,2.034399088488984,11,0,32.59999999999997,0.0,13.4,-1.8,1,Monza
R,1,NOR,9.0,2.0,HARD,3.0,86.203,85.6,4.59511985013459,inf,0,32.5,56.4,5.4858989023638856,5.465281318492384,2.0077482032558533,12,0,32.5,0.0,13.1,-3.6,1,Monza
R,1,NOR,10.0,2.0,HARD,4.0,86.591,83.8,4.787491742782046,inf,0,32.4,56.2,6.327270531496541,5.353080278108851,1.3471785722403422,9,0,41.50000000000003,0.0,12.5,-5.4,1,Monza
R,1,NOR,11.0,2.0,HARD,5.0,86.238,82.0,4.948759890378168,inf,0,32.4,55.8,5.274446501726926,5.77253709744979,2.1463172520156006,9,0,31.700000000000017,0.0,13.5,-7.2,1,Monza
R,1,NOR,12.0,2.0,HARD,6.0,86.213,80.2,5.087596335232384,inf,0,32.5,55.8,5.407402177943798,5.634303039542546,2.016703287421367,12,0,30.7,0.0,12.0,-9.0,1,Monza
R,1,NOR,13.0,2.0,HARD,7.0,86.07,78.4,5.204006687076795,inf,0,32.4,54.9,5.407185879422604,5.642380074050852,2.0358614687686223,13,0,29.500000000000018,0.0,11.8,-10.8,1,Monza
R,1,NOR,14.0,2.0,HARD,8.0,86.06,76.6,5.303304908059076,inf,0,32.5,55.4,5.711988793107477,5.463330458358379,1.6542854107195415,15,0,40.70000000000002,0.0,12.5,-12.6,1,Monza
R,1,NOR,15.0,2.0,HARD,9.0,86.201,74.8,5.402677381872279,inf,0,32.6,53.8,5.497114115203965,5.835589771438437,1.9762020424284488,9,0,31.700000000000014,0.0,14.7,-14.4,1,Monza
R,1,NOR,16.0,2.0,HARD,10.0,86.262,73.0,5.493061443340548,inf,0,32.6,54.9,4.96358171342221,5.952852088463476,2.548972226084593,13,0,32.000000000000014,0.0,13.5,-16.2,1,Monza
R,1,NOR,17.0,2.0,HARD,11.0,86.549,71.2,5.575949103146316,inf,0,32.6,54.9,5.6014263165243285,5.6660894183714685,1.9159885346289585,13,0,34.4,0.0,13.0,-18.0,1,Monza
R,1,NOR,18.0,2.0,HARD,12.0,86.456,69.4,5.652489180268651,inf,0,32.6,54.4,5.235904623900479,5.829342331229364,2.2603831147288207,10,0,41.69999999999999,0.0,13.5,-19.8,1,Monza
R,1,NOR,19.0,2.0,HARD,13.0,86.99,67.6,5.723585101952381,inf,0,32.6,54.5,5.349676926893412,6.091435417144269,2.461686472724554,15,0,34.79999999999996,0.0,14.3,-21.6,1,Monza
R,1,NOR,21.0,2.0,HARD,15.0,86.728,64.0,5.846438775057724,inf,0,32.5,54.4,7.120303387089848,4.804721090588288,0.0180398186892268,13,0,35.29999999999999,0.0,11.9,-25.2,1,Monza
R,1,NOR,22.0,2.0,HARD,16.0,87.1,62.2,5.902633333401366,inf,0,32.4,53.8,7.10059151612076,4.5687675382114055,0.0031620806539986,11,0,25.79999999999999,0.0,10.9,-27.0,1,Monza
R,1,NOR,23.0,2.0,HARD,17.0,85.706,60.4,5.953243334287785,inf,0,32.5,54.0,6.06275497574188,4.5658776786400335,1.140386580177413,11,0,40.4,0.0,10.0,-28.8,1,Monza
R,1,NOR,24.0,2.0,HARD,18.0,85.988,58.6,6.001414877961151,inf,0,32.4,53.5,6.787227469502857,4.58883056728425,0.3867366034517425,14,0,38.89999999999997,0.0,9.5,-30.6,1,Monza
R,1,NOR,25.0,2.0,HARD,19.0,86.13,56.8,6.049733455231958,inf,0,32.4,53.2,6.507028984593319,4.5566428189644,0.6076423886293025,13,0,37.3,0.0,11.5,-32.4,1,Monza
R,1,NOR,26.0,2.0,HARD,20.0,85.864,55.0,6.091309882077698,inf,0,32.5,53.8,6.645292639243042,4.677930459241253,0.5478593508796797,10,0,44.10000000000001,0.0,10.1,-34.2,1,Monza
R,1,NOR,27.0,2.0,HARD,21.0,86.106,53.2,6.135564891081739,inf,0,32.5,54.3,6.494198888507039,4.7598956701276895,0.7638053272760159,11,0,37.89999999999999,0.0,11.2,-36.0,1,Monza
R,1,NOR,28.0,2.0,HARD,22.0,111.146,51.4,6.161207321695077,inf,1,32.5,53.5,1.9265125839260404,3.3921868982871763,3.3859874160739576,4,0,6.0999999999999925,0.0,27.200000000000003,-37.8,0,Monza
R,1,NOR,29.0,2.0,HARD,23.0,91.49,49.6,6.186208623900494,inf,1,32.6,54.0,6.491685385419556,4.095554673121528,0.9088453508769272,7,0,32.99999999999998,0.0,15.2,-39.6,1,Monza
R,1,NOR,30.0,2.0,HARD,24.0,86.322,47.8,6.218600119691729,inf,0,32.3,53.3,6.547101144064722,4.817628789376349,0.767211793395366,13,0,44.80000000000002,0.0,11.0,-41.4,1,Monza
R,1,NOR,31.0,2.0,HARD,25.0,86.391,46.0,6.255750041753367,inf,0,32.3,54.1,7.717261197200244,7.015065391701832,1.025903149761228,13,2,56.49999999999999,5.600000000000006,3.5,-43.2,1,Monza
R,1,NOR,32.0,2.0,HARD,26.0,85.685,44.2,6.29156913955832,inf,0,32.7,53.9,5.960660852117586,4.963095575256387,1.4426482153955913,9,0,38.0,0.0,12.4,-45.0,1,Monza
R,1,NOR,33.0,2.0,HARD,27.0,86.434,42.4,6.326149473155099,inf,0,32.7,53.8,5.426963492201528,5.32551418767178,2.21714310692541,11,1,42.59999999999999,0.8999999999999971,12.1,-46.8,1,Monza
R,1,NOR,34.0,2.0,HARD,28.0,85.191,40.6,6.359573868672378,inf,0,32.7,54.5,5.570623273122931,4.897835034554154,1.6692342409127263,13,0,40.7,0.0,10.7,-48.6,1,Monza
R,1,NOR,35.0,2.0,HARD,29.0,84.971,38.8,6.39024066706535,inf,0,32.9,54.2,5.696199464042595,4.907587733454837,1.6249709924134463,12,0,38.900000000000006,0.0,11.9,-50.4,1,Monza
R,1,NOR,36.0,2.0,HARD,30.0,85.352,37.0,6.421622267806518,inf,0,32.8,53.8,5.781308548648638,5.012692702130676,1.63582798915688,10,0,43.6,0.0,10.7,-52.2,1,Monza
R,1,NOR,37.0,2.0,HARD,31.0,85.22,35.2,6.452048954437226,inf,0,32.8,53.6,5.962957307452165,4.706204575653323,1.234843368964481,9,1,35.900000000000006,0.8999999999999971,10.2,-54.0,1,Monza
R,1,NOR,38.0,2.0,HARD,32.0,85.288,33.39999999999999,6.481577129276431,inf,0,32.8,53.7,6.050804781264125,4.850191788842853,1.244911841678146,12,0,44.89999999999998,0.0,10.4,-55.8,1,Monza
R,1,NOR,39.0,2.0,HARD,33.0,85.213,31.599999999999994,6.51025834052315,inf,0,32.7,53.1,5.926749222264461,4.86662531284872,1.3795712227677688,8,1,42.89999999999999,0.3999999999999971,9.9,-57.6,1,Monza
R,1,NOR,40.0,2.0,HARD,34.0,85.162,29.8,6.536691597591305,inf,0,32.8,53.4,5.454416892870384,5.2861252651535136,1.86034713227818,12,0,36.1,0.0,11.8,-59.4,1,Monza
R,1,NOR,41.0,2.0,HARD,35.0,86.173,28.0,6.563855526532128,inf,0,32.8,53.1,4.68950828931342,5.765776085824771,2.5747798020361685,10,0,37.69999999999997,0.0,14.4,-61.2,1,Monza
R,1,NOR,42.0,2.0,HARD,36.0,85.067,26.200000000000003,6.587550014824796,inf,0,32.8,52.9,5.44916151578081,5.027548011184008,1.952704507920858,15,0,32.60000000000002,0.0,10.8,-63.0,1,Monza
R,1,NOR,43.0,2.0,HARD,37.0,85.482,24.39999999999999,6.612041034833092,inf,0,32.7,53.3,5.684315050066978,5.201516074946108,1.7066768266639158,13,1,32.5,0.4000000000000042,10.8,-64.8,1,Monza
R,1,NOR,44.0,2.0,HARD,38.0,85.215,22.599999999999994,6.635946555686647,inf,0,32.5,53.0,4.79958535894807,5.049417813969928,2.281120550816973,9,1,41.899999999999984,0.5000000000000057,10.4,-66.60000000000001,1,Monza
R,1,NOR,45.0,2.0,HARD,39.0,84.873,20.8,6.660575149839686,inf,0,32.6,52.5,5.1110693015398265,5.221365511682844,2.349476802515498,9,0,41.900000000000006,0.0,10.8,-68.4,1,Monza
R,1,NOR,46.0,2.0,HARD,40.0,85.143,19.0,6.684611727667927,inf,0,32.6,52.7,4.846243842675498,5.374223093702896,2.5559951133561847,12,1,34.899999999999984,0.8000000000000028,11.9,-70.2,1,Monza
R,1,NOR,47.0,2.0,HARD,41.0,85.234,17.200000000000003,6.706862336602747,inf,0,32.8,52.7,4.685729181028643,5.572346305597961,2.6432750244184158,10,0,37.3,0.0,12.4,-72.0,1,Monza
R,1,NOR,48.0,2.0,HARD,42.0,84.864,15.399999999999991,6.727431724850855,inf,0,32.8,52.3,4.73060759317203,5.158579275411867,2.115952795042201,9,1,35.89999999999999,0.9999999999999986,11.0,-73.8,1,Monza
R,1,NOR,49.0,2.0,HARD,43.0,86.503,13.599999999999994,6.747586526829315,inf,0,32.6,52.5,5.380576545918064,5.571881068662206,2.3209213157921846,13,1,38.70000000000003,0.7999999999999957,10.9,-75.60000000000001,1,Monza
R,1,NOR,50.0,2.0,HARD,44.0,85.327,11.799999999999995,6.769641976852503,inf,0,32.6,52.6,4.917314170390457,5.375468180276672,2.439810147635752,10,0,42.80000000000001,0.0,11.4,-77.4,1,Monza
R,1,NOR,51.0,2.0,HARD,45.0,86.589,10.0,6.7912214627261855,inf,0,32.7,51.8,4.268250399123174,5.851129873695436,2.7544929536770293,12,0,31.99999999999999,0.0,12.6,-79.2,1,Monza
R,1,NOR,52.0,2.0,HARD,46.0,85.316,8.200000000000003,6.812345094177479,inf,0,32.6,52.4,4.670819182756505,5.394910023806679,2.6476091599517644,13,1,36.19999999999998,0.4000000000000042,11.7,-81.0,1,Monza
R,10,GAS,1.0,1.0,MEDIUM,1.0,88.47,100.0,0.0,inf,0,31.8,55.8,7.032902109339155,3.048355356645126,4.543776241853626e-05,11,1,36.600000000000016,3.900000000000005,7.7,0.0,1,Monza
R,10,GAS,2.0,1.0,MEDIUM,2.0,87.795,98.2,3.091042453358316,inf,0,32.0,56.2,6.477475993854213,3.160426876961808,0.0050907295934221,14,1,30.4,3.600000000000007,8.1,-1.8,1,Monza
R,10,GAS,7.0,2.0,HARD,1.0,87.477,89.2,3.9889840465642745,inf,1,32.5,56.3,6.596727991939206,3.8550788565427982,0.0020230599205685,10,1,37.2,0.4999999999999985,9.8,0.0,1,Monza
R,10,GAS,8.0,2.0,HARD,2.0,86.557,87.4,4.31748811353631,inf,0,32.4,56.2,6.45915496076446,3.834531661165003,0.1391612058350099,11,2,33.7,4.2999999999999945,8.700000000000001,-1.8,1,Monza
R,10,GAS,9.0,2.0,HARD,3.0,86.428,85.6,4.553876891600541,inf,0,32.5,56.4,6.388723834708857,3.5888253741403053,0.0194296647018488,9,1,45.500000000000014,3.7000000000000015,8.200000000000001,-3.6,1,Monza
R,10,GAS,10.0,2.0,HARD,4.0,88.305,83.8,4.77912349311153,inf,1,32.4,56.2,6.717319372691396,4.118756197229925,0.1623893412657838,10,1,38.1,0.8999999999999971,10.4,-5.4,1,Monza
R,10,GAS,11.0,2.0,HARD,5.0,86.546,82.0,4.941642422609304,inf,0,32.4,55.8,6.503396758854205,4.006886888920662,0.2230051677435361,10,2,40.399999999999984,4.000000000000004,8.8,-7.2,1,Monza
R,10,GAS,12.0,2.0,HARD,6.0,86.112,80.2,5.081404364984463,inf,0,32.5,55.8,6.318680570727189,3.659025995812804,0.1175658557732786,17,1,34.099999999999994,3.7000000000000015,8.3,-9.0,1,Monza
R,10,GAS,13.0,2.0,HARD,7.0,85.998,78.4,5.198497031265826,inf,0,32.4,54.9,6.010988223919792,3.785858252567877,0.5449198437103339,10,1,44.70000000000002,3.600000000000007,8.9,-10.8,1,Monza
R,10,GAS,14.0,2.0,HARD,8.0,86.221,76.6,5.298317366548036,inf,0,32.5,55.4,5.931104046597278,3.506689229550891,0.2890908437521384,15,1,38.00000000000003,3.5000000000000058,9.1,-12.6,1,Monza
R,10,GAS,15.0,2.0,HARD,9.0,86.246,74.8,5.3981627015177525,inf,0,32.6,53.8,4.907451047932503,4.115421105133928,1.9593955682764703,12,1,32.299999999999976,3.6,9.2,-14.4,1,Monza
R,10,GAS,16.0,2.0,HARD,10.0,86.249,73.0,5.488937726156687,inf,0,32.6,54.9,5.112942097699023,4.066338287173052,1.7374595003048523,12,1,32.7,3.7000000000000015,9.6,-16.2,1,Monza
R,10,GAS,17.0,2.0,HARD,11.0,86.329,71.2,5.572154032177765,inf,0,32.6,54.9,5.408919130839042,4.070516347072026,1.446423867491771,15,0,35.900000000000006,0.0,11.8,-18.0,1,Monza
R,10,GAS,18.0,2.0,HARD,12.0,86.809,69.4,5.648974238161206,inf,0,32.6,54.4,4.661660847827299,4.265643167352409,2.2702322131378163,14,1,38.70000000000001,0.4999999999999985,9.3,-19.8,1,Monza
R,10,GAS,19.0,2.0,HARD,13.0,86.979,67.6,5.720311776607412,inf,0,32.6,54.5,5.544292411726043,3.813712239366152,0.9874010501847706,11,1,41.40000000000002,3.7000000000000015,8.4,-21.6,1,Monza
R,10,GAS,20.0,2.0,HARD,14.0,88.85,65.8,5.786897381366708,inf,1,32.5,54.6,6.422956190389094,3.7068517904162728,0.0060454621148422,11,0,31.1,0.0,12.3,-23.4,1,Monza
R,10,GAS,21.0,2.0,HARD,15.0,87.627,64.0,5.849324779946859,inf,1,32.5,54.4,6.078750970075605,3.9196485749020975,0.628417346599098,13,1,34.300000000000004,3.7000000000000015,8.3,-25.2,1,Monza
R,10,GAS,22.0,2.0,HARD,16.0,86.919,62.2,5.905361848054571,inf,0,32.4,53.8,5.119688748077151,4.044429146535372,1.6194788957844064,13,1,32.7,0.3999999999999971,7.800000000000001,-27.0,1,Monza
R,10,GAS,23.0,2.0,HARD,17.0,86.578,60.4,5.955837369464831,inf,0,32.5,54.0,6.07416185306447,3.519779530118801,0.244764465595909,11,2,39.400000000000006,3.5999999999999988,8.3,-28.8,1,Monza
R,10,GAS,24.0,2.0,HARD,18.0,86.022,58.6,6.003887067106539,inf,0,32.4,53.5,6.38149341795144,3.5916246652279664,0.0269057606511962,13,1,33.700000000000024,3.800000000000003,7.9,-30.6,1,Monza
R,10,GAS,25.0,2.0,HARD,19.0,86.283,56.8,6.052089168924417,inf,0,32.4,53.2,6.02752944486012,3.7528829303609994,0.6031247833644383,11,1,36.70000000000001,3.7000000000000015,7.2,-32.4,1,Monza
R,10,GAS,26.0,2.0,HARD,20.0,85.888,55.0,6.093569770045136,inf,0,32.5,54.0,5.7221927213308055,3.715991681416325,0.8716185549448257,12,0,35.599999999999994,0.0,11.0,-34.2,1,Monza
R,10,GAS,27.0,2.0,HARD,21.0,85.82,53.2,6.137727054086234,inf,0,32.5,54.3,5.809335820226429,3.863213473662361,0.857880066321455,11,1,35.7,0.3000000000000028,10.7,-36.0,1,Monza
R,10,GAS,28.0,2.0,HARD,22.0,111.068,51.4,6.163314804034641,inf,1,32.5,53.5,1.9775,2.778980689384841,3.3349999999999973,4,0,4.299999999999986,0.0,24.3,-37.8,0,Monza
R,10,GAS,29.0,2.0,HARD,23.0,92.132,49.6,6.18826412308259,inf,1,32.6,54.0,7.427657705962826,3.495499544618362,0.0583998478453409,12,1,40.90000000000002,3.4999999999999987,15.4,-39.6,1,Monza
R,10,GAS,30.0,2.0,HARD,24.0,86.733,47.8,6.222576268071369,inf,0,32.3,53.3,6.22211836080334,3.90871547582084,0.48719948817577,13,1,37.299999999999976,3.5000000000000058,8.1,-41.4,1,Monza
R,10,GAS,31.0,2.0,HARD,25.0,86.423,46.0,6.259581464064923,inf,0,32.3,54.1,6.082511883466895,3.714922996546419,0.4440391972305262,13,1,35.29999999999998,3.6,8.9,-43.2,1,Monza
R,10,GAS,32.0,2.0,HARD,26.0,85.927,44.2,6.295266001439646,inf,0,32.7,53.9,6.2983413144435705,3.8760610993394815,0.4148387378791189,9,2,37.00000000000002,3.8000000000000016,8.0,-45.0,1,Monza
R,10,GAS,33.0,2.0,HARD,27.0,86.073,42.4,6.329720905522696,inf,0,32.7,53.8,6.130116676463144,3.710945772301845,0.4680955164795854,12,1,36.30000000000002,3.6,7.9,-46.8,1,Monza
R,10,GAS,34.0,2.0,HARD,28.0,85.974,40.6,6.361302477572996,inf,0,32.8,54.2,5.405541228264418,3.912260554031053,1.3277592736330657,13,0,30.60000000000002,0.0,11.1,-48.6,1,Monza
R,10,GAS,35.0,2.0,HARD,29.0,85.963,38.8,6.391917113392602,inf,0,32.9,54.2,5.993134570747895,3.147705394225369,0.0170305836629445,11,2,39.50000000000003,4.100000000000006,7.6,-50.4,1,Monza
R,10,GAS,36.0,2.0,HARD,30.0,86.041,37.0,6.423246963533519,inf,0,32.8,53.8,6.496249959880234,3.6173548456359454,0.0287980811040296,9,1,35.19999999999996,3.399999999999997,7.4,-52.2,1,Monza
R,10,GAS,37.0,2.0,HARD,31.0,85.938,35.2,6.453624998892692,inf,0,32.8,53.6,6.330921414765892,3.5586799071273107,0.1344302594597324,10,1,35.19999999999999,0.3000000000000028,9.7,-54.0,1,Monza
R,10,GAS,38.0,2.0,HARD,32.0,85.998,33.39999999999999,6.483107351457199,inf,0,32.8,53.7,6.312981537682278,3.4065054082624946,0.0138786695900936,9,2,34.49999999999998,4.2999999999999945,6.7,-55.8,1,Monza
R,10,GAS,39.0,2.0,HARD,33.0,85.938,31.599999999999994,6.511745329644728,inf,0,32.7,53.1,5.92070241611434,3.5667235655814498,0.552389080379806,13,0,41.100000000000016,0.0,9.7,-57.6,1,Monza
R,10,GAS,40.0,2.0,HARD,34.0,85.844,29.8,6.53813982376767,inf,0,32.8,53.4,6.384673619078372,3.4126640441807234,0.0267763718945442,14,1,42.39999999999997,3.800000000000003,8.200000000000001,-59.4,1,Monza
R,10,GAS,41.0,2.0,HARD,35.0,85.878,28.0,6.565264970035361,inf,0,32.7,53.0,6.349676116141016,3.396681643648206,0.0101592232909061,9,1,44.30000000000001,3.7000000000000015,6.1000000000000005,-61.2,1,Monza
R,10,GAS,42.0,2.0,HARD,36.0,85.776,26.200000000000003,6.590301048196686,inf,0,32.8,52.9,6.3672591336690445,3.3964711852627643,0.0265810415331197,8,1,35.59999999999997,3.599999999999993,7.0,-63.0,1,Monza
R,10,GAS,43.0,2.0,HARD,37.0,85.92,24.39999999999999,6.61472560020376,inf,0,32.7,53.3,6.302020487993507,3.426105453293523,0.0177846845479728,14,1,37.40000000000003,3.4999999999999987,7.1000000000000005,-64.8,1,Monza
R,10,GAS,44.0,2.0,HARD,38.0,85.632,22.599999999999994,6.638567789166521,inf,0,32.5,53.0,6.305636899655812,3.4163982815442844,0.0235917732118614,12,1,37.500000000000014,3.7000000000000015,6.800000000000001,-66.60000000000001,1,Monza
R,10,GAS,45.0,2.0,HARD,39.0,85.779,20.8,6.663132695990803,inf,0,32.6,52.5,6.006795926222447,3.5160426487112986,0.4271666078000129,11,0,35.6,0.0,9.4,-68.4,1,Monza
R,10,GAS,46.0,2.0,HARD,40.0,85.52,19.0,6.687108607866515,inf,0,32.6,52.7,6.24484045275358,3.3462592006047336,0.0202067102467888,10,1,36.5,3.999999999999999,6.800000000000001,-70.2,1,Monza
R,10,GAS,47.0,2.0,HARD,41.0,85.566,17.200000000000003,6.709304340258299,inf,0,32.8,52.7,6.288591668421127,3.401772968861509,0.0352088722191545,13,1,38.000000000000014,3.399999999999997,7.1000000000000005,-72.0,1,Monza
R,10,GAS,48.0,2.0,HARD,42.0,85.453,15.399999999999991,6.731018100482083,inf,0,32.8,52.0,6.310533152223517,3.4316270957542967,0.0191928119754675,10,1,37.70000000000001,3.6,6.800000000000001,-73.8,1,Monza
R,10,GAS,49.0,2.0,HARD,43.0,85.364,13.599999999999994,6.75110146893676,inf,0,32.6,52.5,6.19291047976905,3.264091570259609,0.0128531208384182,9,1,44.49999999999999,3.800000000000003,7.7,-75.60000000000001,1,Monza
R,10,GAS,50.0,2.0,HARD,44.0,85.277,11.799999999999995,6.773080375655535,inf,0,32.6,52.6,6.159855249351447,3.4100465352308635,0.1676925330846699,9,0,38.1,0.0,9.0,-77.4,1,Monza
R,10,GAS,51.0,2.0,HARD,45.0,85.505,10.0,6.794586580876499,inf,0,32.7,51.8,5.639687547396459,3.4690798999359016,0.763435743237124,12,1,41.8,0.3000000000000028,9.3,-79.2,1,Monza
R,10,GAS,52.0,2.0,HARD,46.0,85.223,8.200000000000003,6.815639990074331,inf,0,32.6,52.4,6.150113737755665,3.3029233445407966,0.0231221062288027,11,1,45.59999999999998,3.6,6.4,-81.0,1,Monza
R,10,GAS,53.0,2.0,HARD,47.0,84.927,6.399999999999992,6.835184586147301,inf,0,32.6,51.9,6.292832882809469,3.505474263073858,0.1139043959279011,12,2,40.70000000000002,4.100000000000006,7.4,-82.8,1,Monza
R,11,PER,1.0,1.0,SOFT,1.0,96.657,100.0,2.833213344056216,inf,1,31.8,55.8,7.403480033048686,7.160584115812432,2.224633686378307,12,0,39.8,0.0,17.6,0.0,1,Monza
R,11,PER,2.0,1.0,SOFT,2.0,90.033,98.2,3.610917912644224,inf,0,32.0,56.2,6.1099181337813855,6.970665890392036,1.898473641327808,11,0,36.1,0.0,16.2,-1.8,1,Monza
R,11,PER,6.0,2.0,SOFT,1.0,134.373,91.0,3.8712010109078903,inf,1,32.5,56.4,6.9968746643514095,7.702515115024146,1.9363288664618152,13,0,37.90000000000002,0.0,25.9,0.0,0,Monza
R,11,PER,7.0,2.0,SOFT,2.0,88.725,89.2,4.219507705176107,inf,0,32.5,56.3,6.396740525446697,6.678206520291591,1.6897936330609706,9,0,40.40000000000002,0.0,15.0,-1.8,1,Monza
R,11,PER,8.0,2.0,SOFT,3.0,88.382,87.4,4.48863636973214,inf,0,32.4,56.2,6.75909589486867,6.533639383223099,1.5448938808767454,9,0,42.4,0.0,13.0,-3.6,1,Monza
R,11,PER,9.0,2.0,SOFT,4.0,88.491,85.6,4.700480365792417,inf,0,32.5,56.4,6.222872467835189,6.725593635704311,1.8474999999999917,11,0,42.9,0.0,15.1,-5.4,1,Monza
R,11,PER,10.0,2.0,SOFT,5.0,88.248,83.8,4.875197323201151,inf,0,32.4,55.8,6.525569849563928,6.888744288452685,1.52540500256387,10,0,38.50000000000002,0.0,13.1,-7.2,1,Monza
R,11,PER,11.0,2.0,SOFT,6.0,88.527,82.0,5.0238805208462765,inf,0,32.4,55.8,6.426659351444281,6.485076741425594,1.7578206828183522,15,0,40.69999999999999,0.0,13.9,-9.0,1,Monza
R,11,PER,12.0,2.0,SOFT,7.0,88.087,80.2,5.147494476813453,inf,0,32.4,55.3,6.474206798934095,6.256905307884919,1.5093704294301058,11,0,36.70000000000001,0.0,11.3,-10.8,1,Monza
R,11,PER,13.0,2.0,SOFT,8.0,88.614,78.4,5.2574953720277815,inf,0,32.4,54.9,7.844595770852417,6.292444403481533,0.4209268701622015,11,0,43.50000000000001,0.0,10.2,-12.6,1,Monza
R,11,PER,14.0,2.0,SOFT,9.0,88.92,76.6,5.351858133476067,inf,0,32.5,55.0,8.018038372331755,5.954829016186255,0.0945954182564187,9,0,44.90000000000003,0.0,10.2,-14.4,1,Monza
R,11,PER,15.0,2.0,SOFT,10.0,89.001,74.8,5.44673737166631,inf,0,32.6,53.8,7.884431695504917,5.840558251159582,0.0418264323888148,10,0,46.2,0.0,10.6,-16.2,1,Monza
R,11,PER,16.0,2.0,SOFT,11.0,88.785,73.0,5.537334267018537,inf,0,32.6,54.9,6.335302368038322,6.31349962018348,1.5332851383036596,11,0,43.30000000000001,0.0,12.3,-18.0,1,Monza
R,11,PER,17.0,2.0,SOFT,12.0,88.357,71.2,5.613128106388071,inf,0,32.7,54.7,7.583428519447475,5.586980727776929,0.0107968854186221,11,0,41.6,0.0,10.2,-19.8,1,Monza
R,11,PER,18.0,2.0,SOFT,13.0,89.089,69.4,5.69035945432406,inf,0,32.6,54.4,7.75787553679238,5.935341020851361,0.0037953343029993,15,0,38.49999999999998,0.0,11.3,-21.6,1,Monza
R,11,PER,19.0,2.0,SOFT,14.0,88.416,67.6,5.755742213586912,inf,0,32.6,54.2,7.357644208581464,5.311794550322556,0.0004162705505216,10,0,40.90000000000002,0.0,9.3,-23.4,1,Monza
R,11,PER,20.0,2.0,SOFT,15.0,88.77,65.8,5.817111159963204,inf,0,32.5,54.6,7.529880051833995,5.404077691907343,0.0002222297090719,11,0,48.20000000000002,0.0,9.6,-25.2,1,Monza
R,11,PER,21.0,2.0,SOFT,16.0,88.824,64.0,5.87493073085203,inf,0,32.5,53.8,7.900399270384613,5.602421399484406,0.0028728844610473,12,0,45.5,0.0,10.5,-27.0,1,Monza
R,11,PER,23.0,2.0,SOFT,18.0,88.92,60.4,5.981414211254481,inf,0,32.5,54.1,6.93160267657883,5.843009111939116,1.0697770834490057,10,0,33.20000000000001,0.0,15.0,-30.6,1,Monza
R,11,PER,24.0,2.0,SOFT,19.0,89.367,58.6,6.030685260261263,inf,0,32.4,53.5,7.086598899129303,5.99690383406473,0.5376208142682228,13,0,42.399999999999984,0.0,11.1,-32.4,1,Monza
R,11,PER,25.0,2.0,SOFT,20.0,88.282,56.8,6.077642243349034,inf,0,32.5,53.8,7.559385707235955,5.669829451649893,0.104905759756972,8,0,43.49999999999999,0.0,12.2,-34.2,1,Monza
R,11,PER,26.0,2.0,SOFT,21.0,88.847,55.0,6.118097198041348,inf,0,32.5,54.0,7.728177657676587,5.663665885595021,0.0035141556793921,9,0,38.20000000000001,0.0,12.0,-36.0,1,Monza
R,11,PER,29.0,3.0,MEDIUM,1.0,88.04,49.6,6.210600077024653,inf,0,32.3,53.3,7.375060864643064,5.3602811723816375,0.0589579915922951,9,0,42.79999999999998,0.0,11.2,0.0,1,Monza
R,11,PER,30.0,3.0,MEDIUM,2.0,88.678,47.8,6.249975242259483,inf,0,32.3,54.1,7.084782814720375,5.297559547488849,0.3032490124501761,11,0,39.299999999999976,0.0,10.3,-1.8,1,Monza
R,11,PER,31.0,3.0,MEDIUM,3.0,88.981,46.0,6.2878585601617845,inf,0,32.7,53.9,6.095793252985658,5.200537504291827,1.3326337290441757,14,0,33.50000000000002,0.0,19.0,-3.6,1,Monza
R,11,PER,32.0,3.0,MEDIUM,4.0,90.477,44.2,6.327936783729195,inf,1,32.7,53.8,4.434192380536079,5.702242476690955,1.8649999999999916,7,0,29.40000000000001,0.0,15.0,-5.4,1,Monza
R,11,PER,33.0,3.0,MEDIUM,5.0,88.076,42.4,6.363028103540465,inf,0,32.8,54.2,6.423267506964841,5.7147502290198124,1.188339378681643,13,0,37.3,0.0,12.5,-7.2,1,Monza
R,11,PER,34.0,3.0,MEDIUM,6.0,87.021,40.6,6.393590753950631,inf,0,32.9,54.2,6.669416205609222,6.0230175693780215,1.2346980813513655,12,0,41.2,0.0,11.5,-9.0,1,Monza
R,11,PER,35.0,3.0,MEDIUM,7.0,87.651,38.8,6.424869023905388,inf,0,32.8,53.8,7.740298156527035,5.855452840131412,0.0916158684058715,10,0,37.4,0.0,10.1,-10.8,1,Monza
R,11,PER,36.0,3.0,MEDIUM,8.0,88.358,37.0,6.455198563340122,inf,0,32.8,53.6,7.773634018756928,5.774874321669305,0.0345751017890379,16,0,39.00000000000004,0.0,9.9,-12.6,1,Monza
R,11,PER,37.0,3.0,MEDIUM,9.0,88.711,35.2,6.486160788944089,inf,0,32.8,53.7,7.336762068597608,5.169131750167029,0.0210818763333324,13,0,44.69999999999998,0.0,13.0,-14.4,1,Monza
R,11,PER,38.0,3.0,MEDIUM,10.0,87.454,33.39999999999999,6.51471269087253,inf,0,32.7,53.1,6.291436690889359,5.735817944555402,1.4068541784919475,12,0,36.69999999999999,0.0,10.8,-16.2,1,Monza
R,11,PER,39.0,3.0,MEDIUM,11.0,87.85,31.599999999999994,6.541029999189903,inf,0,32.8,53.4,7.517096055499,5.461384086416487,0.0135187376323011,10,0,38.69999999999998,0.0,11.5,-18.0,1,Monza
R,11,PER,40.0,3.0,MEDIUM,12.0,88.034,29.8,6.568077911411976,inf,0,32.7,53.0,7.563728831284476,5.464124468360954,0.0031684783739924,9,0,46.9,0.0,10.3,-19.8,1,Monza
R,11,PER,41.0,3.0,MEDIUM,13.0,87.714,28.0,6.593044534142437,inf,0,32.8,52.9,7.542375758704884,5.489273800663604,0.001973297898399,12,0,45.70000000000002,0.0,9.3,-21.6,1,Monza
R,11,PER,42.0,3.0,MEDIUM,14.0,90.03,26.200000000000003,6.618738983517219,inf,1,32.6,52.9,6.057309343146348,5.352443787530719,1.7430478894805048,13,0,40.60000000000003,0.0,17.1,-23.4,1,Monza
R,11,PER,43.0,3.0,MEDIUM,15.0,87.078,24.39999999999999,6.643789733147672,inf,0,32.5,53.0,6.82025483831935,5.961519174213861,1.124529989115574,16,0,40.7,0.0,10.9,-25.2,1,Monza
R,11,PER,44.0,3.0,MEDIUM,16.0,87.289,22.599999999999994,6.668228248417403,inf,0,32.6,52.7,7.338074715951166,5.7056972193321,0.377437109590911,11,0,43.50000000000001,0.0,10.3,-27.0,1,Monza
R,11,PER,45.0,3.0,MEDIUM,17.0,87.432,20.8,6.692083742506628,inf,0,32.6,52.7,7.321755568758524,5.884445132496156,0.568215354193465,10,0,44.99999999999999,0.0,10.0,-28.8,1,Monza
R,11,PER,46.0,3.0,MEDIUM,18.0,87.573,19.0,6.714170529909472,inf,0,32.8,52.3,7.339586891025711,5.346189127432104,0.0053272827832706,13,0,40.19999999999998,0.0,9.0,-30.6,1,Monza
R,11,PER,47.0,3.0,MEDIUM,19.0,87.524,17.200000000000003,6.735780014242327,inf,0,32.8,52.0,7.682471312964386,5.45534897059642,0.029907590136879,12,0,47.600000000000016,0.0,9.2,-32.4,1,Monza
R,11,PER,48.0,3.0,MEDIUM,20.0,88.716,15.399999999999991,6.756932389247553,inf,0,32.6,52.5,6.6443244943677815,5.268184100516272,0.834218259532039,10,0,40.60000000000001,0.0,13.5,-34.2,1,Monza
R,11,PER,49.0,3.0,MEDIUM,21.0,87.889,13.599999999999994,6.778784897685177,inf,0,32.7,52.3,6.645726331386845,5.423190217841824,1.168163587285568,10,0,39.00000000000001,0.0,12.7,-36.0,1,Monza
R,11,PER,50.0,3.0,MEDIUM,22.0,87.496,11.799999999999995,6.8001700683022,inf,0,32.7,51.8,7.171767985978764,5.946664928211667,0.7998640720884254,12,0,36.60000000000001,0.0,9.8,-37.8,1,Monza
R,11,PER,51.0,3.0,MEDIUM,23.0,86.914,10.0,6.821107472256465,inf,0,32.6,52.2,6.579320699936421,5.7109167041434805,1.1237861160162048,11,0,43.89999999999996,0.0,9.5,-39.6,1,Monza
R,11,PER,52.0,3.0,MEDIUM,24.0,87.327,8.200000000000003,6.8416154764775925,inf,0,32.6,51.9,5.985769442077199,5.883107236798368,1.5619199879374386,13,0,40.6,0.0,12.1,-41.4,1,Monza
R,12,ANT,1.0,1.0,HARD,1.0,95.414,100.0,2.639057329615259,inf,1,31.8,55.8,5.1818822356552525,6.117468841277376,2.9493529826795304,16,0,38.6,0.0,16.1,0.0,1,Monza
R,12,ANT,2.0,1.0,HARD,2.0,87.011,98.2,3.4657359027997265,inf,0,32.0,56.2,5.219876460483084,5.636096138034681,2.194080914489996,12,0,38.1,0.0,14.8,-1.8,1,Monza
R,12,ANT,6.0,2.0,MEDIUM,1.0,140.752,91.0,3.737669618283368,inf,1,32.5,56.4,5.765373005401576,6.0560815939661,2.4843746489511265,17,0,34.900000000000034,0.0,27.200000000000003,0.0,0,Monza
R,12,ANT,7.0,2.0,MEDIUM,2.0,86.503,89.2,4.04305126783455,inf,0,32.5,56.3,6.15746120555324,5.570572663315724,1.6450297755432253,12,0,39.59999999999999,0.0,10.9,-1.8,1,Monza
R,12,ANT,8.0,2.0,MEDIUM,3.0,86.3,87.4,4.356708826689592,inf,0,32.4,56.2,6.106632359449292,5.316889540973213,1.4655650250663317,13,0,44.30000000000001,0.0,10.3,-3.6,1,Monza
R,12,ANT,9.0,2.0,MEDIUM,4.0,85.749,85.6,4.584967478670572,inf,0,32.5,56.4,5.497961525964322,5.371149287535491,2.032969798252462,11,0,39.4,0.0,10.0,-5.4,1,Monza
R,12,ANT,10.0,2.0,MEDIUM,5.0,86.352,83.8,4.770684624465665,inf,0,32.4,56.2,5.488070513825072,5.52591338034453,1.9146867222106203,14,0,39.2,0.0,13.1,-7.2,1,Monza
R,12,ANT,11.0,2.0,MEDIUM,6.0,86.101,82.0,4.934473933130692,inf,0,32.4,55.8,5.232797059340621,5.5361099633752,2.3933839951626674,14,0,36.99999999999999,0.0,11.6,-9.0,1,Monza
R,12,ANT,12.0,2.0,MEDIUM,7.0,85.721,80.2,5.068904202220232,inf,0,32.5,55.8,5.07373420802657,5.42828009917503,2.2811138820196324,13,0,33.40000000000002,0.0,12.9,-10.8,1,Monza
R,12,ANT,13.0,2.0,MEDIUM,8.0,85.469,78.4,5.181783550292085,inf,0,32.4,54.9,5.868373699119921,4.836753680145273,1.2515816005818934,11,0,39.80000000000003,0.0,10.3,-12.6,1,Monza
R,12,ANT,14.0,2.0,MEDIUM,9.0,85.828,76.6,5.288267030694535,inf,0,32.5,55.4,5.6170802031060845,5.2910052109853,1.9599094429950683,13,0,32.40000000000002,0.0,10.5,-14.4,1,Monza
R,12,ANT,15.0,2.0,MEDIUM,10.0,86.118,74.8,5.384495062789089,inf,0,32.6,53.8,5.243412540199981,5.360654953334857,2.3195664364027198,12,0,34.49999999999999,0.0,14.5,-16.2,1,Monza
R,12,ANT,16.0,2.0,MEDIUM,11.0,85.615,73.0,5.472270673671475,inf,0,32.6,54.9,5.623703878956205,4.875461488867841,1.5926010843113974,15,0,35.800000000000004,0.0,10.6,-18.0,1,Monza
R,12,ANT,17.0,2.0,MEDIUM,12.0,85.203,71.2,5.556828061699537,inf,0,32.6,54.9,5.388302810426015,4.893683513817282,1.869807334716926,14,0,43.79999999999999,0.0,10.2,-19.8,1,Monza
R,12,ANT,18.0,2.0,MEDIUM,13.0,85.224,69.4,5.631211781821365,inf,0,32.6,54.4,6.362517217975516,4.059192486317234,0.0031685278616812,11,0,34.29999999999998,0.0,8.6,-21.6,1,Monza
R,12,ANT,19.0,2.0,MEDIUM,14.0,85.729,67.6,5.703782474656201,inf,0,32.6,54.5,6.635277991121727,4.078106108835524,0.0062242539016245,10,0,39.00000000000001,0.0,7.7,-23.4,1,Monza
R,12,ANT,20.0,2.0,MEDIUM,15.0,85.589,65.8,5.771441123130016,inf,0,32.5,54.6,6.211244635908987,4.1927978988806185,0.2668223353609678,13,0,47.30000000000001,0.0,8.3,-25.2,1,Monza
R,12,ANT,21.0,2.0,MEDIUM,16.0,85.833,64.0,5.831882477283517,inf,0,32.5,54.4,6.797695820844211,4.12690523025752,0.0115899180606606,14,0,44.09999999999999,0.0,8.200000000000001,-27.0,1,Monza
R,12,ANT,22.0,2.0,MEDIUM,17.0,86.536,62.2,5.8888779583328805,inf,0,32.4,53.8,6.566025507473981,4.176617952246632,0.0425326931349991,11,0,32.99999999999999,0.0,9.7,-28.8,1,Monza
R,12,ANT,23.0,2.0,MEDIUM,18.0,86.685,60.4,5.942799375126701,inf,0,32.5,54.0,5.051736873094471,4.95463963880523,2.165396633114845,14,0,35.79999999999999,0.0,13.3,-30.6,1,Monza
R,12,ANT,24.0,2.0,MEDIUM,19.0,85.994,58.6,5.991464547107982,inf,0,32.5,54.1,5.200477243941525,4.7271729602155546,2.1672094376734585,9,0,25.0,0.0,14.4,-32.4,1,Monza
R,12,ANT,25.0,2.0,MEDIUM,20.0,85.287,56.8,6.040254711277414,inf,0,32.4,53.2,5.284808037491564,5.052123990589132,2.263743741037516,15,0,35.50000000000001,0.0,11.3,-34.2,1,Monza
R,12,ANT,27.0,2.0,MEDIUM,22.0,85.544,53.2,6.126869184114185,inf,0,32.5,54.3,5.429355945205065,4.919284636964045,1.869240018794353,10,0,39.1,0.0,12.5,-37.8,1,Monza
R,12,ANT,30.0,3.0,MEDIUM,1.0,84.595,47.8,6.220590170099739,inf,0,32.3,53.3,5.1905787259854765,4.912546705296765,2.020420470341392,13,0,39.1,0.0,11.6,0.0,1,Monza
R,12,ANT,31.0,3.0,MEDIUM,2.0,84.816,46.0,6.253828811575473,inf,0,32.3,54.1,5.708444175204008,4.619626765118854,1.2313146399618269,12,0,40.50000000000002,0.0,9.6,-1.8,1,Monza
R,12,ANT,32.0,3.0,MEDIUM,3.0,84.672,44.2,6.289715570908998,inf,0,32.7,53.9,5.997735765642288,4.473927935705801,0.9676778575429592,12,0,44.10000000000002,0.0,8.4,-3.6,1,Monza
R,12,ANT,33.0,3.0,MEDIUM,4.0,84.976,42.4,6.322565239927284,inf,0,32.7,53.8,6.1487506867033135,4.508300879779192,0.7955165122773151,10,0,36.1,0.0,9.5,-5.4,1,Monza
R,12,ANT,34.0,3.0,MEDIUM,5.0,84.669,40.6,6.356107660695892,inf,0,32.7,54.5,5.881941062900502,4.566396616276464,1.1731604857926132,14,0,36.79999999999996,0.0,9.9,-7.2,1,Monza
R,12,ANT,35.0,3.0,MEDIUM,6.0,84.421,38.8,6.386879319362645,inf,0,32.9,54.2,5.853184768152762,4.691296285701027,1.2146011767333196,10,0,37.09999999999998,0.0,8.5,-9.0,1,Monza
R,12,ANT,36.0,3.0,MEDIUM,7.0,84.684,37.0,6.416732282512326,inf,0,32.8,53.8,5.709888908181535,5.1063155961067945,1.55015605294809,13,0,44.10000000000001,0.0,11.6,-10.8,1,Monza
R,12,ANT,37.0,3.0,MEDIUM,8.0,84.463,35.2,6.4457198193855785,inf,0,32.8,53.6,6.462165138011952,4.042976181251428,0.0606029492970201,9,0,40.29999999999998,0.0,8.0,-12.6,1,Monza
R,12,ANT,38.0,3.0,MEDIUM,9.0,84.86,33.39999999999999,6.47543271670409,inf,0,32.8,53.7,6.661556853000797,4.169828496260741,0.0319273348635126,13,0,36.000000000000014,0.0,9.0,-14.4,1,Monza
R,12,ANT,39.0,3.0,MEDIUM,10.0,84.725,31.599999999999994,6.504288173536645,inf,0,32.7,53.8,6.439018156164739,4.0592114601571385,0.146748850273552,13,0,44.900000000000006,0.0,8.1,-16.2,1,Monza
R,12,ANT,40.0,3.0,MEDIUM,11.0,84.613,29.8,6.530877627725885,inf,0,32.8,53.4,6.501012100998706,4.106623694363787,0.1638700824204461,10,0,44.59999999999997,0.0,8.9,-18.0,1,Monza
R,12,ANT,41.0,3.0,MEDIUM,12.0,84.577,28.0,6.558197802812269,inf,0,32.8,53.1,6.5101052296708,4.0167312389441845,0.0804118556443677,11,0,47.69999999999999,0.0,8.5,-19.8,1,Monza
R,12,ANT,42.0,3.0,MEDIUM,13.0,84.347,26.200000000000003,6.584791392385716,inf,0,32.8,52.9,6.573099387202477,4.074442193574596,0.1163329971364879,10,0,46.30000000000003,0.0,7.800000000000001,-21.6,1,Monza
R,12,ANT,43.0,3.0,MEDIUM,14.0,84.478,24.39999999999999,6.608000625296087,inf,0,32.7,53.3,6.471766388727662,4.062495017340999,0.1000206795448339,13,0,43.799999999999976,0.0,7.7,-23.4,1,Monza
R,12,ANT,44.0,3.0,MEDIUM,15.0,84.344,22.599999999999994,6.6320017773956295,inf,0,32.5,53.0,6.456761752207606,4.027952967900374,0.1591647098008697,12,0,46.3,0.0,6.9,-25.2,1,Monza
R,12,ANT,45.0,3.0,MEDIUM,16.0,84.037,20.8,6.656726524178391,inf,0,32.6,52.5,6.321699973562613,4.057591682071401,0.3600100373617912,13,0,44.7,0.0,7.6,-27.0,1,Monza
R,12,ANT,46.0,3.0,MEDIUM,17.0,83.861,19.0,6.680854678790215,inf,0,32.6,52.7,6.085967318120527,4.189039980476076,0.6480451192692579,12,0,39.4,0.0,7.6,-28.8,1,Monza
R,12,ANT,47.0,3.0,MEDIUM,18.0,84.128,17.200000000000003,6.703188113240863,inf,0,32.8,52.7,5.8054624432548,4.530070002608156,1.1324125992122402,15,0,40.19999999999998,0.0,9.5,-30.6,1,Monza
R,12,ANT,48.0,3.0,MEDIUM,19.0,84.572,15.399999999999991,6.725033642166843,inf,0,32.8,52.3,5.556946502151517,4.998029908216862,1.5488795959616584,12,0,36.50000000000002,0.0,12.8,-32.4,1,Monza
R,12,ANT,50.0,3.0,MEDIUM,21.0,84.124,11.799999999999995,6.765038976780541,inf,0,32.6,52.6,5.22438594277807,4.555271296247085,1.7476771939678952,11,0,39.3,0.0,10.2,-36.0,1,Monza
R,12,ANT,51.0,3.0,MEDIUM,22.0,84.398,10.0,6.785587645007929,inf,0,32.7,52.3,5.87694621000216,4.366152710559758,0.9761607026543452,14,0,40.899999999999984,0.0,9.5,-37.8,1,Monza
R,12,ANT,52.0,3.0,MEDIUM,23.0,84.305,8.200000000000003,6.805722553416985,inf,0,32.6,52.4,6.410589417827964,3.915009871109346,0.0174003806753021,12,0,39.600000000000016,0.0,8.200000000000001,-39.6,1,Monza
R,12,ANT,53.0,3.0,MEDIUM,24.0,83.504,6.399999999999992,6.826545223556594,inf,0,32.6,52.2,5.588035540187652,4.2651461007338085,1.1339253194429662,12,0,39.39999999999999,0.0,8.9,-41.4,1,Monza
R,14,ALO,2.0,1.0,HARD,1.0,91.15,98.2,3.6635616461296463,inf,0,32.0,56.2,6.9840642446108365,7.76262035711879,1.735002165247376,14,0,51.59999999999998,0.0,12.7,0.0,1,Monza
R,14,ALO,6.0,2.0,SOFT,1.0,125.482,91.0,3.912023005428146,inf,1,32.5,56.4,9.121839020960795,7.557417139615922,1.4973033309100745,17,1,51.39999999999998,1.0000000000000058,21.3,0.0,0,Monza
R,14,ALO,7.0,2.0,SOFT,2.0,89.577,89.2,4.248495242049359,inf,0,32.5,56.3,7.695215201644421,6.906553894711637,1.0449208758807824,15,1,45.6,0.4999999999999985,8.3,-1.8,1,Monza
R,14,ALO,8.0,2.0,SOFT,3.0,87.961,87.4,4.51085950651685,inf,0,32.4,56.2,7.047522942461367,6.843586383893561,0.8705363380723578,16,0,48.60000000000001,0.0,8.8,-3.6,1,Monza
R,14,ALO,9.0,2.0,SOFT,4.0,88.093,85.6,4.709530201312334,inf,0,32.5,56.4,7.358698036260057,7.086239987707301,0.6523628566331879,16,0,45.90000000000002,0.0,8.0,-5.4,1,Monza
R,14,ALO,10.0,2.0,SOFT,5.0,88.261,83.8,4.882801922586371,inf,0,32.4,55.8,7.345911583602275,6.627649645365982,0.9159263449367367,17,0,49.09999999999999,0.0,11.5,-7.2,1,Monza
R,14,ALO,11.0,2.0,SOFT,6.0,88.548,82.0,5.030437921392435,inf,0,32.4,55.8,7.240551930597224,6.639078793447368,0.8100508203345936,17,0,47.6,0.0,12.1,-9.0,1,Monza
R,14,ALO,12.0,2.0,SOFT,7.0,88.323,80.2,5.153291594497779,inf,0,32.4,55.3,7.777797567838595,6.192061345834242,0.422190177666977,19,0,50.10000000000004,0.0,9.7,-10.8,1,Monza
R,14,ALO,13.0,2.0,SOFT,8.0,88.213,78.4,5.262690188904886,inf,0,32.4,54.9,8.033138271050365,5.82097875368043,0.3021635934669329,14,0,50.29999999999999,0.0,9.0,-12.6,1,Monza
R,14,ALO,14.0,2.0,SOFT,9.0,88.889,76.6,5.356586274672012,inf,0,32.5,55.0,7.673599742119139,6.3092756892555855,0.6073623602909003,16,0,45.90000000000001,0.0,12.2,-14.4,1,Monza
R,14,ALO,15.0,2.0,SOFT,10.0,88.951,74.8,5.4510384535657,inf,0,32.6,53.8,7.576370926684767,6.451010567053929,0.8439381124274469,12,1,43.10000000000001,0.4999999999999985,11.2,-16.2,1,Monza
R,14,ALO,16.0,2.0,SOFT,11.0,88.058,73.0,5.53338948872752,inf,0,32.6,54.9,7.632294892310512,5.606979287955298,0.0007914784979413,18,1,44.20000000000003,0.9000000000000042,9.0,-18.0,1,Monza
R,14,ALO,17.0,2.0,SOFT,12.0,89.39,71.2,5.616771097666572,inf,0,32.7,54.7,9.025185163578346,5.694221936752731,0.0037345526308091,15,0,53.50000000000003,0.0,9.6,-19.8,1,Monza
R,14,ALO,18.0,2.0,SOFT,13.0,88.488,69.4,5.68697535633982,inf,0,32.6,54.4,7.816684686671854,6.10305629697113,0.1889604032671602,17,0,49.3,0.0,10.7,-21.6,1,Monza
R,14,ALO,19.0,2.0,SOFT,14.0,89.067,67.6,5.75890177387728,inf,0,32.6,54.2,8.725922246567333,5.81599121043068,0.007702163914686,14,1,51.4,2.6,8.8,-23.4,1,Monza
R,14,ALO,20.0,2.0,SOFT,15.0,88.702,65.8,5.820082930352362,inf,0,32.5,54.6,8.392805274919729,5.397702737784981,0.0028803189248464,10,0,55.1,0.0,9.2,-25.2,1,Monza
R,14,ALO,21.0,2.0,SOFT,16.0,88.45,64.0,5.877735781779639,inf,0,32.5,53.8,8.049786381908968,6.15625988791235,0.0781247606860634,15,0,47.399999999999984,0.0,9.1,-27.0,1,Monza
R,14,ALO,22.0,2.0,SOFT,17.0,88.719,62.2,5.929589143389895,inf,0,32.4,53.8,7.243144517114813,4.740286174829925,8.117512126199203e-05,19,0,46.2,0.0,9.2,-28.8,1,Monza
R,16,LEC,1.0,1.0,SOFT,1.0,89.371,100.0,1.0986122886681096,inf,0,31.8,55.8,7.70865446423691,4.695664771757664,0.4403241467228205,14,0,44.000000000000014,0.0,10.1,0.0,1,Monza
R,18,STR,1.0,1.0,SOFT,1.0,97.717,100.0,2.9444389791664403,inf,1,31.8,55.8,8.265849521311475,6.679165702057217,1.5126188388925843,15,0,45.4,0.0,16.3,0.0,1,Monza
R,18,STR,2.0,1.0,SOFT,2.0,92.315,98.2,3.713572066704308,inf,0,32.0,56.2,7.352684688150287,6.9984515385390464,1.1175897369682375,14,0,36.1,0.0,14.2,-1.8,1,Monza
R,18,STR,6.0,2.0,HARD,1.0,127.64,91.0,3.8918202981106265,inf,1,32.5,56.4,7.740226170170001,7.315535188236982,1.7828523040222797,18,0,45.29999999999998,0.0,28.1,0.0,0,Monza
R,18,STR,7.0,2.0,HARD,2.0,90.832,89.2,4.262679877041316,inf,1,32.5,56.3,8.144403263717427,6.304053102827044,0.4492243822891324,15,0,29.3,0.0,13.8,-1.8,1,Monza
R,18,STR,8.0,2.0,HARD,3.0,89.718,87.4,4.532599493153256,inf,0,32.4,56.2,7.994227716429421,5.827109604626804,0.0055807736034639,15,0,33.40000000000001,0.0,12.6,-3.6,1,Monza
R,18,STR,9.0,2.0,HARD,4.0,89.406,85.6,4.727387818712341,inf,0,32.5,56.4,8.131482542240864,5.516742484480591,0.0005542773270383,12,0,34.70000000000001,0.0,9.1,-5.4,1,Monza
R,18,STR,10.0,2.0,HARD,5.0,89.06,83.8,4.897839799950911,inf,0,32.4,55.8,8.258350631340333,5.6126021265872605,0.0026289385273603,14,0,32.8,0.0,9.7,-7.2,1,Monza
R,18,STR,11.0,2.0,HARD,6.0,88.415,82.0,5.043425116919247,inf,0,32.4,55.8,8.280233607223137,5.70287558552225,0.1226028618545082,11,0,38.60000000000001,0.0,9.7,-9.0,1,Monza
R,18,STR,12.0,2.0,HARD,7.0,88.887,80.2,5.1647859739235145,inf,0,32.4,55.3,7.86965520791831,5.610911940282035,0.0181263708956678,15,0,37.19999999999999,0.0,11.2,-10.8,1,Monza
R,18,STR,13.0,2.0,HARD,8.0,88.946,78.4,5.272999558563747,inf,0,32.4,54.9,8.429854524582108,5.579957494929859,0.0044134516642861,16,0,32.30000000000001,0.0,10.5,-12.6,1,Monza
R,18,STR,14.0,2.0,HARD,9.0,89.076,76.6,5.365976015021851,inf,0,32.5,55.0,8.367895570227233,5.565320906499903,0.0044495305819701,13,0,31.09999999999997,0.0,10.0,-14.4,1,Monza
R,18,STR,15.0,2.0,HARD,10.0,89.438,74.8,5.459585514144159,inf,0,32.6,53.8,8.513856767262347,5.309881734096731,0.0014995830659585,13,0,32.099999999999994,0.0,11.2,-16.2,1,Monza
R,18,STR,16.0,2.0,HARD,11.0,89.347,73.0,5.545177444479562,inf,0,32.6,54.9,8.492323692195932,5.101987701447164,0.0006323898043745,15,0,31.4,0.0,12.0,-18.0,1,Monza
R,18,STR,17.0,2.0,HARD,12.0,89.085,71.2,5.6240175061873385,inf,0,32.7,54.7,8.491733425921552,5.267440516905388,0.0003891043810969,15,0,31.80000000000002,0.0,12.3,-19.8,1,Monza
R,18,STR,18.0,2.0,HARD,13.0,89.285,69.4,5.697093486505405,inf,0,32.6,54.5,8.254757198712525,4.951399851161852,0.0007380290972871,11,0,32.49999999999999,0.0,11.8,-21.6,1,Monza
R,18,STR,19.0,2.0,HARD,14.0,89.11,67.6,5.765191102784844,inf,0,32.6,54.2,8.349259406575936,5.181962829290125,0.0005990486826371,13,0,29.39999999999998,0.0,11.9,-23.4,1,Monza
R,18,STR,20.0,2.0,HARD,15.0,89.196,65.8,5.82600010738045,inf,0,32.5,54.4,8.513290291078329,4.842617353747675,0.0002080514042394,16,0,31.399999999999984,0.0,11.5,-25.2,1,Monza
R,18,STR,21.0,2.0,HARD,16.0,89.655,64.0,5.886104031450156,inf,0,32.5,53.8,8.48244277891765,5.28499220819518,0.0009873243915984,13,0,28.900000000000016,0.0,12.1,-27.0,1,Monza
R,18,STR,22.0,2.0,HARD,17.0,89.206,62.2,5.937536205082426,inf,0,32.5,54.0,8.384461165936795,5.0605830888922,6.146597078457723e-05,12,0,30.10000000000003,0.0,9.4,-28.8,1,Monza
R,18,STR,24.0,2.0,HARD,19.0,89.978,58.6,6.035481432524756,inf,0,32.4,53.2,8.754691607860419,5.0057782726761735,6.131612530900735e-05,15,0,34.50000000000002,0.0,7.7,-32.4,1,Monza
R,18,STR,26.0,2.0,HARD,21.0,89.445,55.0,6.1224928095143865,inf,0,32.5,54.3,8.93138500377745,5.219109644113078,0.0001812529599716,13,0,35.59999999999998,0.0,11.0,-36.0,1,Monza
R,22,TSU,1.0,1.0,HARD,1.0,96.174,100.0,2.70805020110221,inf,1,31.8,55.8,8.612732090095987,5.374407255796267,0.7052005360607216,14,0,30.900000000000023,0.0,20.0,0.0,1,Monza
R,22,TSU,2.0,1.0,HARD,2.0,88.814,98.2,3.5263605246161616,inf,0,32.0,56.2,7.3309441190730755,4.617633324014521,0.0001676566872798,15,0,31.600000000000023,0.0,10.2,-1.8,1,Monza
R,22,TSU,6.0,2.0,MEDIUM,1.0,136.065,91.0,3.7612001156935615,inf,1,32.5,56.4,9.51125128305555,5.80113283459974,0.044529352639819,16,0,33.999999999999986,0.0,24.200000000000003,0.0,0,Monza
R,22,TSU,7.0,2.0,MEDIUM,2.0,88.09,89.2,4.110873864173311,inf,1,32.5,56.3,7.686867053727637,5.622713392586187,0.2075346244068997,10,0,33.8,0.0,15.4,-1.8,1,Monza
R,22,TSU,8.0,2.0,MEDIUM,3.0,87.369,87.4,4.406719247264253,inf,0,32.4,56.2,7.783033457247541,5.567701413423047,0.0033901558155167,11,0,39.59999999999999,0.0,14.2,-3.6,1,Monza
R,22,TSU,9.0,2.0,MEDIUM,4.0,86.631,85.6,4.61512051684126,inf,0,32.5,56.4,7.293723855640849,4.722359929314299,0.0022437256476948,16,0,32.20000000000001,0.0,14.3,-5.4,1,Monza
R,22,TSU,10.0,2.0,MEDIUM,5.0,86.994,83.8,4.804021044733257,inf,0,32.4,55.8,7.281747922727164,4.768585256308399,0.0011664389167569,11,0,25.9,0.0,12.7,-7.2,1,Monza
R,22,TSU,11.0,2.0,MEDIUM,6.0,86.859,82.0,4.962844630259907,inf,0,32.4,55.8,7.416511528664918,4.904592516802369,0.000915115153941,9,0,28.39999999999999,0.0,12.1,-9.0,1,Monza
R,22,TSU,12.0,2.0,MEDIUM,7.0,86.733,80.2,5.099866427824199,inf,0,32.5,55.8,7.292037451879548,4.765126400777906,0.0004244507321784,14,0,33.00000000000002,0.0,11.8,-10.8,1,Monza
R,22,TSU,13.0,2.0,MEDIUM,8.0,86.481,78.4,5.214935757608986,inf,0,32.4,54.9,7.344884559093797,4.851155739610844,0.0051952748641369,10,0,38.900000000000006,0.0,10.8,-12.6,1,Monza
R,22,TSU,14.0,2.0,MEDIUM,9.0,86.876,76.6,5.313205979041787,inf,0,32.5,55.4,7.1147848425655456,4.570985610887657,0.0033261654334453,11,0,23.80000000000002,0.0,11.9,-14.4,1,Monza
R,22,TSU,15.0,2.0,MEDIUM,10.0,86.53,74.8,5.41164605185504,inf,0,32.6,53.8,7.279157734544794,4.719393429128188,0.0013857055419891,10,0,39.40000000000002,0.0,11.1,-16.2,1,Monza
R,22,TSU,16.0,2.0,MEDIUM,11.0,86.692,73.0,5.501258210544727,inf,0,32.6,54.9,7.166436580485469,4.675593044737168,0.0037512979085935,10,0,39.29999999999996,0.0,11.2,-18.0,1,Monza
R,22,TSU,17.0,2.0,MEDIUM,12.0,86.585,71.2,5.583496308781699,inf,0,32.7,54.7,7.239896696846035,4.7755858555194095,0.003780629811752,10,0,34.900000000000006,0.0,12.4,-19.8,1,Monza
R,22,TSU,18.0,2.0,MEDIUM,13.0,86.686,69.4,5.659482215759621,inf,0,32.6,54.4,7.245611480869782,4.788772119580109,0.0074481658539648,10,0,32.6,0.0,12.0,-21.6,1,Monza
R,22,TSU,19.0,2.0,MEDIUM,14.0,86.976,67.6,5.730099782973575,inf,0,32.6,54.2,7.296711984716945,4.819430288051581,0.0119853613898434,13,0,30.7,0.0,13.9,-23.4,1,Monza
R,22,TSU,20.0,2.0,MEDIUM,15.0,86.951,65.8,5.793013608384144,inf,0,32.5,54.6,7.433147592493647,4.957048522706456,0.0196268048952248,11,0,30.09999999999998,0.0,12.0,-25.2,1,Monza
R,22,TSU,21.0,2.0,MEDIUM,16.0,86.899,64.0,5.855071922202427,inf,0,32.5,54.4,7.392877209651486,4.920132786115566,0.0282390951593795,13,0,32.2,0.0,13.9,-27.0,1,Monza
R,22,TSU,22.0,2.0,MEDIUM,17.0,86.866,62.2,5.910796644040527,inf,0,32.4,53.8,7.457744655051347,5.014588068210138,0.0300693239105594,11,0,31.399999999999988,0.0,13.3,-28.8,1,Monza
R,22,TSU,23.0,2.0,MEDIUM,18.0,86.818,60.4,5.961005339623274,inf,0,32.5,54.0,7.448545973929082,4.958845586269812,0.0184479330131235,12,0,28.299999999999983,0.0,12.3,-30.6,1,Monza
R,22,TSU,24.0,2.0,MEDIUM,19.0,86.997,58.6,6.008813185442595,inf,0,32.4,53.5,7.395084577245613,4.89982981272968,0.0266648357053107,15,0,32.70000000000002,0.0,12.9,-32.4,1,Monza
R,22,TSU,25.0,2.0,MEDIUM,20.0,87.052,56.8,6.056784013228625,inf,0,32.4,53.2,7.300566392074626,4.8284049097766655,0.0196354189877405,11,0,32.70000000000002,0.0,13.0,-34.2,1,Monza
R,22,TSU,26.0,2.0,MEDIUM,21.0,87.135,55.0,6.09807428216624,inf,0,32.5,54.0,7.465590005135297,4.955283099731179,0.0279544052196625,11,0,37.80000000000004,0.0,13.0,-36.0,1,Monza
R,22,TSU,27.0,2.0,MEDIUM,22.0,86.935,53.2,6.142037405587356,inf,0,32.5,54.3,7.265850493754434,4.772352882057536,0.0248174102649794,14,0,33.1,0.0,13.0,-37.8,1,Monza
R,22,TSU,28.0,2.0,MEDIUM,23.0,113.621,51.4,6.1675164908883415,inf,1,32.5,53.5,1.699387430312867,3.586685074298244,2.300612569687125,1,0,3.6,0.0,20.6,-39.6,0,Monza
R,22,TSU,29.0,2.0,MEDIUM,24.0,89.654,49.6,6.192362489474872,inf,1,32.6,54.0,7.630391417642364,4.313476010863673,0.0110081934541621,13,0,31.39999999999999,0.0,12.7,-41.4,1,Monza
R,22,TSU,30.0,2.0,MEDIUM,25.0,86.86,47.8,6.228511003591184,inf,0,32.3,53.3,7.284709803244304,4.78655367403746,0.0209433180898428,8,0,34.599999999999994,0.0,11.9,-43.2,1,Monza
R,22,TSU,31.0,2.0,MEDIUM,26.0,86.86,46.0,6.26530121273771,inf,0,32.3,54.1,7.306462757250282,4.781959512384542,0.0244080159341121,11,0,28.00000000000001,0.0,12.7,-45.0,1,Monza
R,22,TSU,32.0,2.0,MEDIUM,27.0,86.625,44.2,6.300785794663244,inf,0,32.7,53.9,7.251000647115363,4.666042269926787,0.0159575628236302,9,0,36.800000000000026,0.0,11.7,-46.8,1,Monza
R,22,TSU,33.0,2.0,MEDIUM,28.0,86.751,42.4,6.335054251498059,inf,0,32.7,53.8,7.207522306033716,4.632305794914826,0.0072138610611819,11,0,39.90000000000001,0.0,12.3,-48.6,1,Monza
R,22,TSU,34.0,2.0,MEDIUM,29.0,86.634,40.6,6.368187186350492,inf,0,32.8,54.2,7.138968426820209,4.632732298051787,0.011072112165856,13,0,40.7,0.0,11.4,-50.4,1,Monza
R,22,TSU,35.0,2.0,MEDIUM,30.0,86.696,38.8,6.398594934535208,inf,0,32.9,54.2,7.252461787887366,4.743214822095967,0.0165892491573398,10,0,39.90000000000001,0.0,11.6,-52.2,1,Monza
R,22,TSU,36.0,2.0,MEDIUM,31.0,86.408,37.0,6.429719478039138,inf,0,32.8,53.7,7.340830224944047,4.851033148471753,0.0161847312910749,11,0,35.79999999999998,0.0,11.6,-54.0,1,Monza
R,22,TSU,37.0,2.0,MEDIUM,32.0,86.383,35.2,6.45833828334479,inf,0,32.8,53.6,7.22881190176982,4.740230252636625,0.0117505593341251,10,0,36.89999999999999,0.0,12.7,-55.8,1,Monza
R,22,TSU,38.0,2.0,MEDIUM,33.0,86.612,33.39999999999999,6.487684018484611,inf,0,32.8,53.7,7.267001182429101,4.725342576425635,0.0035897230947179,8,0,38.399999999999984,0.0,10.2,-57.6,1,Monza
R,22,TSU,39.0,2.0,MEDIUM,34.0,86.607,31.599999999999994,6.516193076042964,inf,0,32.7,53.1,7.224575176608289,4.701059393803501,0.0026672231262702,13,0,31.9,0.0,10.6,-59.4,1,Monza
R,22,TSU,40.0,2.0,MEDIUM,35.0,86.892,29.8,6.542471960506805,inf,0,32.8,53.4,7.109020207313373,4.605752026965083,0.0078356267350974,11,0,38.80000000000001,0.0,11.6,-61.2,1,Monza
R,22,TSU,41.0,2.0,MEDIUM,36.0,87.25,28.0,6.570882962339584,inf,0,32.7,53.0,7.637129388025166,5.254123377497597,0.1066789880405915,10,0,38.8,0.0,15.7,-63.0,1,Monza
R,22,TSU,42.0,2.0,MEDIUM,37.0,86.32,26.200000000000003,6.595780513961311,inf,0,32.8,52.9,7.327594628949285,5.13294616310849,0.1716006477287594,9,0,31.90000000000001,0.0,13.8,-64.8,1,Monza
R,22,TSU,43.0,2.0,MEDIUM,38.0,86.789,24.39999999999999,6.617402977974478,inf,0,32.6,52.9,7.320553476012506,4.92948572698104,0.0914728011313555,10,0,27.79999999999998,0.0,13.6,-66.60000000000001,1,Monza
R,22,TSU,44.0,2.0,MEDIUM,39.0,86.494,22.599999999999994,6.642486801367256,inf,0,32.5,53.0,7.248220622596296,4.756939560546469,0.0426900071764944,9,0,25.1,0.0,12.8,-68.4,1,Monza
R,22,TSU,45.0,2.0,MEDIUM,40.0,86.533,20.8,6.666956792429207,inf,0,32.6,52.7,7.265236467864652,4.834775207148409,0.0539266252537393,11,0,29.700000000000024,0.0,12.5,-70.2,1,Monza
R,22,TSU,46.0,2.0,MEDIUM,41.0,86.495,19.0,6.690842277418564,inf,0,32.6,52.7,7.124847243449841,4.625863722001462,0.0162930485784494,13,0,35.50000000000001,0.0,12.0,-72.0,1,Monza
R,22,TSU,47.0,2.0,MEDIUM,42.0,86.589,17.200000000000003,6.71295620067707,inf,0,32.8,52.7,7.225573814358322,4.741854455329382,0.0181374023085202,11,0,39.49999999999999,0.0,11.7,-73.8,1,Monza
R,22,TSU,48.0,2.0,MEDIUM,43.0,86.613,15.399999999999991,6.734591659972948,inf,0,32.8,52.0,7.17979146316897,4.639904997736459,0.0132571689907266,12,0,40.59999999999998,0.0,11.4,-75.60000000000001,1,Monza
R,22,TSU,49.0,2.0,MEDIUM,44.0,86.53,13.599999999999994,6.754604099487962,inf,0,32.6,52.5,7.138258334023334,4.615021913009108,0.0122453044911051,11,0,34.8,0.0,12.6,-77.4,1,Monza
R,22,TSU,50.0,2.0,MEDIUM,45.0,86.694,11.799999999999995,6.776506992372183,inf,0,32.7,52.3,7.222975254698028,4.7271689160547865,0.0123259341507871,12,0,39.80000000000002,0.0,11.3,-79.2,1,Monza
R,22,TSU,51.0,2.0,MEDIUM,46.0,86.755,10.0,6.79794041297493,inf,0,32.7,51.8,7.24217303107308,4.731668339737212,0.0077055479932014,11,0,37.59999999999997,0.0,12.0,-81.0,1,Monza
R,22,TSU,52.0,2.0,MEDIUM,47.0,86.82,8.200000000000003,6.818924065275521,inf,0,32.6,52.2,7.221755411274147,4.684042380584325,0.0086369907789576,8,0,37.3,0.0,11.3,-82.8,1,Monza
R,22,TSU,53.0,2.0,MEDIUM,48.0,86.64,6.399999999999992,6.838405200847344,inf,0,32.6,51.9,7.217541880537928,4.679725634335881,0.0024968077607423,11,0,37.6,0.0,12.3,-84.60000000000001,1,Monza
R,23,ALB,1.0,1.0,MEDIUM,1.0,97.381,100.0,2.8903717578961645,inf,1,31.8,55.8,7.322904336835503,5.17717327003046,1.6296258680064266,13,1,37.00000000000001,3.399999999999997,14.6,0.0,1,Monza
R,23,ALB,2.0,1.0,MEDIUM,2.0,90.395,98.2,3.6375861597263857,inf,0,32.0,56.2,6.092577778262919,4.35028218642765,0.8809172745312673,14,1,27.60000000000002,2.899999999999997,13.2,-1.8,1,Monza
R,23,ALB,7.0,2.0,HARD,1.0,89.017,89.2,4.23410650459726,inf,1,32.5,56.3,6.331812158884459,4.623221556599721,1.1631243548773906,12,1,32.3,2.800000000000003,12.1,0.0,1,Monza
R,23,ALB,8.0,2.0,HARD,2.0,88.244,87.4,4.499809670330265,inf,0,32.4,56.2,5.129722457955787,4.733574827811903,2.03752143736974,14,1,27.900000000000023,2.4999999999999987,14.0,-1.8,1,Monza
R,23,ALB,9.0,2.0,HARD,3.0,87.844,85.6,4.691347882229144,inf,0,32.5,56.4,5.956586369900762,4.014498566106703,0.5382102710295026,11,1,30.4,3.100000000000007,11.4,-3.6,1,Monza
R,23,ALB,10.0,2.0,HARD,4.0,88.151,83.8,4.867534450455582,inf,0,32.4,55.8,6.376006557527337,4.8642412760860045,1.0409843219865116,13,0,26.000000000000018,0.0,12.3,-5.4,1,Monza
R,23,ALB,11.0,2.0,HARD,5.0,88.044,82.0,5.017279836814924,inf,0,32.4,55.8,6.217630211235669,4.467748131154464,0.8454427653310373,14,1,32.70000000000001,3.100000000000007,9.3,-7.2,1,Monza
R,23,ALB,12.0,2.0,HARD,6.0,87.078,80.2,5.14166355650266,inf,0,32.4,55.3,6.323430855322332,4.192412480721162,0.3890120016084953,13,1,41.000000000000014,3.200000000000001,9.9,-9.0,1,Monza
R,23,ALB,13.0,2.0,HARD,7.0,87.066,78.4,5.25227342804663,inf,0,32.4,54.9,6.415186648247259,4.446413030589147,0.4363444151928268,11,1,33.70000000000003,3.300000000000003,10.6,-10.8,1,Monza
R,23,ALB,14.0,2.0,HARD,8.0,87.405,76.6,5.3471075307174685,inf,0,32.5,55.4,6.155024422285939,4.425681286406629,0.7428520277697929,11,0,28.3,0.0,10.9,-12.6,1,Monza
R,23,ALB,15.0,2.0,HARD,9.0,87.772,74.8,5.442417710521793,inf,0,32.6,53.8,5.852129147548232,4.927764704769549,1.3516218309386474,12,1,28.400000000000016,2.6,10.5,-14.4,1,Monza
R,23,ALB,16.0,2.0,HARD,10.0,87.356,73.0,5.529429087511423,inf,0,32.6,54.9,5.445279554800691,4.807678476626116,1.6739433020683483,10,0,30.1,0.0,12.3,-16.2,1,Monza
R,23,ALB,17.0,2.0,HARD,11.0,87.29,71.2,5.60947179518496,inf,0,32.7,54.7,5.438257553515417,4.717333493582242,1.461942554691538,13,1,35.79999999999999,0.4000000000000042,10.3,-18.0,1,Monza
R,23,ALB,18.0,2.0,HARD,12.0,87.195,69.4,5.683579767338681,inf,0,32.6,54.4,5.565523185099531,4.888041554659627,1.6134642109860695,13,0,29.799999999999997,0.0,13.3,-19.8,1,Monza
R,23,ALB,19.0,2.0,HARD,13.0,87.073,67.6,5.752572638825633,inf,0,32.6,54.2,6.54894061550087,4.449300580161057,0.3409276261218207,11,0,40.70000000000002,0.0,9.7,-21.6,1,Monza
R,23,ALB,20.0,2.0,HARD,14.0,87.018,65.8,5.814130531825066,inf,0,32.5,54.6,5.862300789530859,4.745204165733088,1.389689967298213,14,0,37.40000000000002,0.0,12.4,-23.4,1,Monza
R,23,ALB,22.0,2.0,HARD,16.0,86.992,62.2,5.926926025970411,inf,0,32.4,53.8,6.187769293509069,4.940994551832962,1.224467686705789,12,2,31.6,2.7,10.5,-27.0,1,Monza
R,23,ALB,23.0,2.0,HARD,17.0,87.064,60.4,5.978885764901122,inf,0,32.5,54.1,6.33452981435911,4.613360049797713,0.6566379268406033,13,1,34.29999999999999,2.9999999999999987,10.0,-28.8,1,Monza
R,23,ALB,24.0,2.0,HARD,18.0,86.975,58.6,6.025865973825314,inf,0,32.4,53.5,5.722519349606952,4.251046360263711,0.7595586262319624,14,1,24.99999999999999,3.1,10.5,-30.6,1,Monza
R,23,ALB,25.0,2.0,HARD,19.0,86.978,56.8,6.073044534100405,inf,0,32.4,53.2,6.240690819004468,4.662175665303503,0.7629316250029795,12,1,33.89999999999998,3.6,9.8,-32.4,1,Monza
R,23,ALB,26.0,2.0,HARD,20.0,87.13,55.0,6.113682179832232,inf,0,32.5,54.0,6.267276332868667,4.740295614987863,0.7432350492790784,13,1,33.900000000000006,1.5000000000000058,9.8,-34.2,1,Monza
R,23,ALB,27.0,2.0,HARD,21.0,91.758,53.2,6.150602768446279,inf,1,32.5,54.3,5.734017374284686,4.880848777052142,0.3597333023657941,9,0,27.90000000000001,0.0,13.7,-36.0,1,Monza
R,23,ALB,28.0,2.0,HARD,22.0,110.739,51.4,6.175867270105761,inf,1,32.5,53.5,3.1130924217933096,3.5723763509790047,2.004999999999992,3,0,13.39999999999999,0.0,16.3,-37.8,0,Monza
R,23,ALB,29.0,2.0,HARD,23.0,86.935,49.6,6.20050917404269,inf,0,32.4,53.7,6.825868841502327,4.330794792587801,0.0617533402526421,11,0,45.19999999999999,0.0,9.2,-39.6,1,Monza
R,23,ALB,30.0,2.0,HARD,24.0,87.063,47.8,6.236369590203704,inf,0,32.3,53.3,6.751413230102149,4.263593027096211,0.1849444915969726,11,1,38.7,3.200000000000001,8.9,-41.4,1,Monza
R,23,ALB,31.0,2.0,HARD,25.0,87.192,46.0,6.272877006546167,inf,0,32.5,53.9,6.357399199258593,4.452654394619692,0.7884953607540756,11,0,35.799999999999976,0.0,10.9,-43.2,1,Monza
R,23,ALB,32.0,2.0,HARD,26.0,86.909,44.2,6.3080984415095305,inf,0,32.7,53.9,6.31668102028366,4.46092316159532,0.7759304575143722,11,0,35.300000000000004,0.0,10.1,-45.0,1,Monza
R,23,ALB,33.0,2.0,HARD,27.0,86.973,42.4,6.342121418721152,inf,0,32.7,54.5,6.565993811147971,3.9644247515745215,0.016420661220023,13,0,43.49999999999999,0.0,8.200000000000001,-46.8,1,Monza
R,23,ALB,34.0,2.0,HARD,28.0,87.059,40.6,6.375024819828097,inf,0,32.8,54.2,6.63153717971226,4.185223357018637,0.1798895920267068,11,1,37.000000000000014,3.6,9.9,-48.6,1,Monza
R,23,ALB,35.0,2.0,HARD,29.0,86.811,38.8,6.405228458030842,inf,0,32.9,54.2,6.575184240792571,4.427716776475749,0.5175049512148091,11,1,36.50000000000003,3.6,8.700000000000001,-50.4,1,Monza
R,23,ALB,36.0,2.0,HARD,30.0,86.742,37.0,6.436150368369428,inf,0,32.8,53.7,6.558098403519722,3.969895341949597,0.0580559520150004,11,0,41.50000000000004,0.0,8.4,-52.2,1,Monza
R,23,ALB,37.0,2.0,HARD,31.0,86.955,35.2,6.466144724237619,inf,0,32.8,53.6,6.618837528191556,4.189214510892724,0.1604196362918667,10,1,34.50000000000001,3.300000000000003,9.1,-54.0,1,Monza
R,23,ALB,38.0,2.0,HARD,32.0,86.851,33.39999999999999,6.495265555937008,inf,0,32.7,53.8,6.479148809286633,4.444992550464909,0.5825883014150911,13,1,38.20000000000003,3.200000000000001,8.8,-55.8,1,Monza
R,23,ALB,39.0,2.0,HARD,33.0,87.069,31.599999999999994,6.523562306149512,inf,0,32.7,53.1,6.621148794735667,4.192239214476437,0.0881487809098546,12,0,43.6,0.0,8.200000000000001,-57.6,1,Monza
R,23,ALB,40.0,2.0,HARD,34.0,86.977,29.8,6.54965074223381,inf,0,32.8,53.1,6.581786308496246,4.048561641551062,0.0536274094947022,10,1,37.9,3.7000000000000015,8.5,-59.4,1,Monza
R,23,ALB,41.0,2.0,HARD,35.0,86.842,28.0,6.576469569048224,inf,0,32.7,53.0,6.518871464192694,3.953632496449259,0.0230168706186562,10,0,44.9,0.0,8.9,-61.2,1,Monza
R,23,ALB,43.0,2.0,HARD,37.0,87.742,24.39999999999999,6.625392368007956,inf,0,32.6,52.9,5.207495725715038,4.42629926444363,1.8276525677972928,13,1,31.29999999999999,2.9000000000000044,10.7,-64.8,1,Monza
R,23,ALB,44.0,2.0,HARD,38.0,87.563,22.599999999999994,6.650279048587422,inf,0,32.5,53.0,5.735829726318077,4.642152290533789,1.4458673515326197,8,0,33.4,0.0,11.1,-66.60000000000001,1,Monza
R,23,ALB,45.0,2.0,HARD,39.0,87.258,20.8,6.674561391814426,inf,0,32.6,52.7,6.274694054744559,4.522833911664975,0.7971414887554018,11,1,31.800000000000036,2.9999999999999987,9.0,-68.4,1,Monza
R,23,ALB,48.0,3.0,SOFT,1.0,90.011,15.399999999999991,6.748759547491679,inf,1,32.6,52.5,4.619620299872443,4.63065749253835,2.784424458225066,11,2,29.599999999999987,2.0999999999999988,10.7,0.0,1,Monza
R,23,ALB,49.0,3.0,SOFT,2.0,85.456,13.599999999999994,6.77078942390898,inf,0,32.6,52.6,4.141764530581856,4.535716688170893,2.4879575246076038,18,1,36.6,1.8999999999999968,9.5,-1.8,1,Monza
R,23,ALB,50.0,3.0,SOFT,3.0,85.783,11.799999999999995,6.792344427470809,inf,0,32.7,51.8,4.7946845012468735,5.272333587166743,2.1514243274474505,11,1,37.2,3.1,10.8,-3.6,1,Monza
R,23,ALB,51.0,3.0,SOFT,4.0,86.164,10.0,6.813444599510896,inf,0,32.6,52.4,5.483327515153473,4.01804637667894,0.951661261792869,11,1,33.499999999999986,2.9000000000000044,10.1,-5.4,1,Monza
R,23,ALB,52.0,3.0,SOFT,5.0,85.341,8.200000000000003,6.833031732786201,inf,0,32.6,51.9,5.137035564061669,4.937571936828671,1.9406872018357613,16,0,32.69999999999998,0.0,11.7,-7.2,1,Monza
R,27,HUL,1.0,1.0,MEDIUM,1.0,95.032,100.0,2.5649493574615367,inf,1,31.8,55.8,7.000677192964614,6.719954742347374,2.114888860853493,12,0,36.40000000000003,0.0,15.5,0.0,1,Monza
R,27,HUL,2.0,1.0,MEDIUM,2.0,87.941,98.2,3.49650756146648,inf,0,32.0,56.2,6.255463463430965,6.103087978598291,1.897070737287408,11,0,40.09999999999999,0.0,14.1,-1.8,1,Monza
R,27,HUL,6.0,2.0,HARD,1.0,140.996,91.0,3.784189633918261,inf,1,32.5,56.4,7.542679978009404,7.435398538602783,2.239255795789295,15,0,40.50000000000004,0.0,19.5,0.0,0,Monza
R,27,HUL,7.0,2.0,HARD,2.0,88.531,89.2,4.127134385045092,inf,1,32.5,56.3,6.148270823050488,6.619764287173753,1.989324165407221,10,1,37.29999999999998,0.7000000000000014,14.9,-1.8,1,Monza
R,27,HUL,8.0,2.0,HARD,3.0,88.742,87.4,4.430816798843313,inf,1,32.4,56.2,6.279835098282599,6.218548215283686,1.7265896281965032,12,1,40.49999999999998,0.3999999999999971,13.6,-3.6,1,Monza
R,27,HUL,9.0,2.0,HARD,4.0,87.005,85.6,4.6443908991413725,inf,0,32.5,56.4,6.106768076461084,6.04909206875295,1.906143096481831,12,0,34.09999999999999,0.0,11.2,-5.4,1,Monza
R,27,HUL,10.0,2.0,HARD,5.0,87.082,83.8,4.8283137373023015,inf,0,32.4,55.8,6.160434305086847,5.972722609069434,1.757666641999195,12,0,31.500000000000007,0.0,10.2,-7.2,1,Monza
R,27,HUL,11.0,2.0,HARD,6.0,88.411,82.0,4.983606621708336,inf,1,32.4,55.8,5.362157269112288,6.559389017616766,2.520874667125875,12,0,24.70000000000001,0.0,14.8,-9.0,1,Monza
R,27,HUL,12.0,2.0,HARD,7.0,87.856,80.2,5.111987788356544,inf,0,32.5,55.8,6.603546508473137,5.995679475045465,1.5254639538695571,10,0,36.6,0.0,11.5,-10.8,1,Monza
R,27,HUL,13.0,2.0,HARD,8.0,87.54,78.4,5.225746673713202,inf,0,32.4,54.9,7.258540065245455,5.282096801753952,0.3789282661911579,9,0,43.09999999999997,0.0,9.1,-12.6,1,Monza
R,27,HUL,14.0,2.0,HARD,9.0,87.394,76.6,5.3230099791384085,inf,0,32.5,55.4,7.141151040328005,5.559539905174055,0.741777143276386,19,0,41.3,0.0,10.2,-14.4,1,Monza
R,27,HUL,15.0,2.0,HARD,10.0,87.629,74.8,5.420534999272286,inf,0,32.6,53.8,7.342864961386288,5.10550547279896,0.1714372603545079,16,0,34.899999999999984,0.0,9.3,-16.2,1,Monza
R,27,HUL,16.0,2.0,HARD,11.0,88.638,73.0,5.517452896464707,inf,1,32.6,54.9,6.346800660885325,6.047200499568146,1.784914113636809,15,0,36.10000000000001,0.0,12.6,-18.0,1,Monza
R,27,HUL,17.0,2.0,HARD,12.0,86.977,71.2,5.598421958998375,inf,0,32.7,54.7,5.917760590381421,6.259244403064349,1.8614177131238716,11,1,32.49999999999997,0.6,12.5,-19.8,1,Monza
R,27,HUL,18.0,2.0,HARD,13.0,86.453,69.4,5.66988092298052,inf,0,32.6,54.4,6.360768465804412,5.856109036423643,1.4709281139076993,13,1,37.10000000000002,0.6,10.1,-21.6,1,Monza
R,27,HUL,19.0,2.0,HARD,14.0,86.662,67.6,5.739792912179234,inf,0,32.6,54.2,6.681163212542691,5.63550010253122,1.1338278463409093,14,0,38.09999999999998,0.0,10.1,-23.4,1,Monza
R,27,HUL,20.0,2.0,HARD,15.0,86.345,65.8,5.802118375377063,inf,0,32.5,54.6,6.355471447326389,5.8365402354968,1.4736189668226247,14,0,33.69999999999998,0.0,9.7,-25.2,1,Monza
R,27,HUL,21.0,2.0,HARD,16.0,86.672,64.0,5.863631175598097,inf,0,32.5,53.8,6.269184573471398,5.672613677031797,1.4666783642960337,12,0,36.60000000000001,0.0,10.0,-27.0,1,Monza
R,27,HUL,23.0,2.0,HARD,18.0,86.917,60.4,5.971261839790462,inf,0,32.5,54.0,6.041153456717593,5.920518232746854,1.66297766524471,13,1,29.400000000000016,0.3000000000000028,11.6,-30.6,1,Monza
R,27,HUL,24.0,2.0,HARD,19.0,86.544,58.6,6.018593214496234,inf,0,32.4,53.5,6.280147368074156,5.581518925354267,1.5121826860725611,15,0,28.50000000000003,0.0,9.9,-32.4,1,Monza
R,27,HUL,25.0,2.0,HARD,20.0,86.76,56.8,6.066108090103747,inf,0,32.4,53.2,6.459142141850755,5.678767848972772,1.4071735130645835,15,0,35.800000000000004,0.0,9.5,-34.2,1,Monza
R,27,HUL,26.0,2.0,HARD,21.0,86.533,55.0,6.107022887742255,inf,0,32.5,54.0,6.261793187841409,5.337658458191475,1.361001366215297,11,0,27.10000000000001,0.0,9.1,-36.0,1,Monza
R,27,HUL,30.0,3.0,MEDIUM,1.0,86.734,47.8,6.238324625039508,inf,0,32.3,53.3,7.351485241717285,4.756425816550493,0.0229301143933221,17,0,34.4,0.0,9.4,0.0,1,Monza
R,27,HUL,31.0,3.0,MEDIUM,2.0,86.407,46.0,6.274762021241939,inf,0,32.5,53.9,7.273239500302708,4.652247965445626,0.0240930785950218,15,0,34.0,0.0,8.5,-1.8,1,Monza
R,27,HUL,32.0,3.0,MEDIUM,3.0,86.398,44.2,6.309918278226516,inf,0,32.7,53.9,7.213743356273909,4.62872506657004,0.0181140621471163,12,0,34.59999999999999,0.0,8.1,-3.6,1,Monza
R,27,HUL,33.0,3.0,MEDIUM,4.0,86.249,42.4,6.343880434126331,inf,0,32.7,54.5,7.318177456435695,4.660320677820844,0.0213049114048137,14,0,36.10000000000002,0.0,8.0,-5.4,1,Monza
R,27,HUL,34.0,3.0,MEDIUM,5.0,86.196,40.6,6.376726947898627,inf,0,32.8,54.2,7.307400582436601,4.742026562389588,0.0201358920221605,11,0,36.40000000000001,0.0,8.0,-7.2,1,Monza
R,27,HUL,35.0,3.0,MEDIUM,6.0,86.033,38.8,6.406879986069314,inf,0,32.8,53.8,7.309967395119627,4.603635601363254,0.0137706618069787,16,0,38.69999999999999,0.0,7.300000000000001,-9.0,1,Monza
R,27,HUL,36.0,3.0,MEDIUM,7.0,86.017,37.0,6.437751649736401,inf,0,32.8,53.7,7.099475531137292,4.486683527041688,0.0167370380086513,18,0,38.500000000000014,0.0,7.6,-10.8,1,Monza
R,27,HUL,37.0,3.0,MEDIUM,8.0,85.975,35.2,6.467698726104354,inf,0,32.8,53.6,7.021999349353821,4.348286335664212,0.0074719068501953,16,0,40.50000000000002,0.0,8.700000000000001,-12.6,1,Monza
R,27,HUL,38.0,3.0,MEDIUM,9.0,86.093,33.39999999999999,6.496774990185863,inf,0,32.7,53.8,7.419308230378542,4.876363855340283,0.09614261872359,10,0,36.0,0.0,7.9,-14.4,1,Monza
R,27,HUL,39.0,3.0,MEDIUM,10.0,85.893,31.599999999999994,6.525029657843462,inf,0,32.7,53.1,7.16914883122724,4.710616866870082,0.0537607928033083,13,0,35.0,0.0,7.4,-16.2,1,Monza
R,27,HUL,40.0,3.0,MEDIUM,11.0,85.991,29.8,6.551080335043404,inf,0,32.8,53.1,7.137408899795006,4.907745232810862,0.3693526113353977,16,0,43.0,0.0,8.3,-18.0,1,Monza
R,27,HUL,41.0,3.0,MEDIUM,12.0,85.757,28.0,6.577861357721047,inf,0,32.7,53.0,6.946937870243268,4.855286395584817,0.3561111656842896,17,0,37.20000000000001,0.0,8.4,-19.8,1,Monza
R,27,HUL,42.0,3.0,MEDIUM,13.0,85.648,26.200000000000003,6.601230118728877,inf,0,32.7,53.3,6.157679733774957,5.204874466996649,1.3966817942034089,16,0,39.400000000000034,0.0,7.9,-21.6,1,Monza
R,27,HUL,43.0,3.0,MEDIUM,14.0,85.382,24.39999999999999,6.6240652277998935,inf,0,32.6,52.9,7.240975068502307,4.962652414962311,0.0422523412578815,13,0,31.3,0.0,8.3,-23.4,1,Monza
R,27,HUL,44.0,3.0,MEDIUM,15.0,86.052,22.599999999999994,6.648984550024776,inf,0,32.5,53.0,6.9279136494787465,4.765125330405524,0.4038183580693253,12,0,27.0,0.0,8.4,-25.2,1,Monza
R,27,HUL,45.0,3.0,MEDIUM,16.0,85.567,20.8,6.673297967767654,inf,0,32.6,52.7,6.310069908847717,5.149399666735653,1.2819157535934882,15,0,43.29999999999998,0.0,8.700000000000001,-27.0,1,Monza
R,27,HUL,46.0,3.0,MEDIUM,17.0,86.659,19.0,6.697034247666484,inf,0,32.6,52.7,5.770570896096197,5.693332620930616,1.7921412998117283,15,0,32.40000000000001,0.0,11.3,-28.8,1,Monza
R,27,HUL,47.0,3.0,MEDIUM,18.0,85.67,17.200000000000003,6.716594773520978,inf,0,32.8,52.3,6.887384369989739,4.911371591966482,0.3485748774047105,15,1,35.09999999999999,0.3999999999999971,8.200000000000001,-30.6,1,Monza
R,27,HUL,48.0,3.0,MEDIUM,19.0,86.256,15.399999999999991,6.738152494595957,inf,0,32.8,52.0,7.342774544022502,4.694280577638779,0.035920648268921,14,0,36.300000000000026,0.0,7.300000000000001,-32.4,1,Monza
R,27,HUL,49.0,3.0,MEDIUM,20.0,85.912,13.599999999999994,6.7580945044277305,inf,0,32.6,52.6,7.060231667107066,4.636804446049865,0.2435218377774669,13,0,30.799999999999997,0.0,7.6,-34.2,1,Monza
R,27,HUL,50.0,3.0,MEDIUM,21.0,85.947,11.799999999999995,6.779921907472252,inf,0,32.7,52.3,6.884079506557654,4.72463314364784,0.5563946421138529,18,0,36.29999999999999,0.0,8.1,-36.0,1,Monza
R,27,HUL,51.0,3.0,MEDIUM,22.0,85.71,10.0,6.80128303447162,inf,0,32.7,51.8,6.694155594296138,4.79636239218368,0.7218582598713851,18,0,35.699999999999974,0.0,7.7,-37.8,1,Monza
R,27,HUL,52.0,3.0,MEDIUM,23.0,84.927,8.200000000000003,6.822197390620491,inf,0,32.6,52.2,6.1634991144262905,5.168585699283659,1.433016348424102,12,0,46.29999999999999,0.0,8.4,-39.6,1,Monza
R,27,HUL,53.0,3.0,MEDIUM,24.0,84.364,6.399999999999992,6.840546529288687,inf,0,32.6,51.9,5.99269383130096,5.02785124178768,1.4412304814914163,11,0,36.89999999999995,0.0,7.5,-41.4,1,Monza
R,3,VER,1.0,1.0,SOFT,1.0,89.682,100.0,1.3862943611198906,inf,1,31.8,55.8,7.223235807314207,7.113052607833389,1.90754459158898,13,1,35.20000000000002,0.4000000000000042,14.3,0.0,1,Monza
R,3,VER,2.0,1.0,SOFT,2.0,87.174,98.2,3.1354942159291497,inf,0,32.0,56.2,6.068413062123424,7.287047924676592,1.8995467015237968,15,0,32.6,0.0,13.0,-1.8,1,Monza
R,3,VER,7.0,2.0,MEDIUM,1.0,86.328,89.2,3.970291913552122,inf,0,32.5,56.3,6.001261380719132,6.974862199626246,1.9221386984648416,14,0,29.500000000000007,0.0,13.5,0.0,1,Monza
R,3,VER,8.0,2.0,MEDIUM,2.0,86.407,87.4,4.304065093204169,inf,0,32.4,56.8,6.533110710311142,6.556802155293277,1.7813782941910292,15,0,28.000000000000043,0.0,12.9,-1.8,1,Monza
R,3,VER,9.0,2.0,MEDIUM,3.0,86.096,85.6,4.543294782270004,inf,0,32.5,56.4,6.570674277248973,6.214182236302533,1.548089455996026,15,0,30.49999999999997,0.0,12.3,-3.6,1,Monza
R,3,VER,10.0,2.0,MEDIUM,4.0,85.609,83.8,4.74493212836325,inf,0,32.4,56.2,6.537072252544842,6.800037065892485,1.5011830965090185,11,0,41.70000000000002,0.0,12.3,-5.4,1,Monza
R,3,VER,11.0,2.0,MEDIUM,5.0,86.154,82.0,4.912654885736052,inf,0,32.4,55.8,6.328840141049152,6.883747440384992,1.6649483601635449,14,0,34.99999999999997,0.0,13.3,-7.2,1,Monza
R,3,VER,12.0,2.0,MEDIUM,6.0,86.438,80.2,5.049856007249537,inf,0,32.5,55.8,7.396080576867865,6.005431935557618,0.5908714907044318,12,0,38.5,0.0,10.3,-9.0,1,Monza
R,3,VER,13.0,2.0,MEDIUM,7.0,86.28,78.4,5.170483995038151,inf,0,32.4,54.9,7.372451566129984,5.894500955639277,0.5908289973374872,15,0,42.30000000000001,0.0,10.1,-10.8,1,Monza
R,3,VER,14.0,2.0,MEDIUM,8.0,86.411,76.6,5.278114659230518,inf,0,32.5,55.4,7.098943258701385,6.063332897152131,1.114343162011607,14,0,36.900000000000006,0.0,11.0,-12.6,1,Monza
R,3,VER,15.0,2.0,MEDIUM,9.0,86.958,74.8,5.37989735354046,inf,0,32.6,53.8,6.462511975398585,6.3867068388806265,1.8027974082514824,12,0,39.19999999999999,0.0,12.1,-14.4,1,Monza
R,3,VER,16.0,2.0,MEDIUM,10.0,86.445,73.0,5.476463551931511,inf,0,32.6,54.9,5.696803467779465,6.6268466447794,1.9772370320445232,17,0,32.10000000000001,0.0,14.0,-16.2,1,Monza
R,3,VER,17.0,2.0,MEDIUM,11.0,85.419,71.2,5.560681631015528,inf,0,32.6,54.9,5.9642917494763,6.598292558499816,1.9844620932886796,10,0,37.300000000000026,0.0,13.0,-18.0,1,Monza
R,3,VER,18.0,2.0,MEDIUM,12.0,85.467,69.4,5.638354669333745,inf,0,32.6,54.4,4.9598278453821285,7.176007426357016,2.3849231654721987,12,0,35.7,0.0,13.1,-19.8,1,Monza
R,3,VER,19.0,2.0,MEDIUM,13.0,86.426,67.6,5.71042701737487,inf,0,32.6,54.5,6.50170923399237,6.978459295319325,1.403413183773096,11,0,36.100000000000016,0.0,12.9,-21.6,1,Monza
R,3,VER,20.0,2.0,MEDIUM,14.0,86.073,65.8,5.777652323222656,inf,0,32.5,54.6,6.745864204213803,6.308443163964615,1.5141934937498625,12,1,41.79999999999999,0.3000000000000028,11.9,-23.4,1,Monza
R,3,VER,21.0,2.0,MEDIUM,15.0,86.171,64.0,5.83773044716594,inf,0,32.5,54.4,6.847196277547246,6.566916363425403,1.5404947891825678,13,0,33.49999999999999,0.0,11.6,-25.2,1,Monza
R,3,VER,22.0,2.0,MEDIUM,16.0,86.062,62.2,5.8944028342648505,inf,0,32.4,53.8,6.469282258938031,6.451324691731075,1.7417445596458183,14,0,36.20000000000003,0.0,11.6,-27.0,1,Monza
R,3,VER,23.0,2.0,MEDIUM,17.0,85.85,60.4,5.945420608606575,inf,0,32.5,54.0,6.28434890027191,6.760707567193244,1.8178755094180796,13,0,30.49999999999999,0.0,12.2,-28.8,1,Monza
R,3,VER,24.0,2.0,MEDIUM,18.0,85.725,58.6,5.993961427306569,inf,0,32.5,54.1,6.129972269262563,6.673768089282156,1.8891165193250845,11,0,31.40000000000001,0.0,11.9,-30.6,1,Monza
R,3,VER,25.0,2.0,MEDIUM,19.0,85.377,56.8,6.042632833682381,inf,0,32.4,53.2,6.148001697921124,6.547717866000841,1.905179311551859,15,0,34.90000000000002,0.0,12.5,-32.4,1,Monza
R,3,VER,26.0,2.0,MEDIUM,20.0,85.706,55.0,6.084499413075172,inf,0,32.5,53.8,5.915932229129233,7.018386663467705,1.893812982285124,12,0,30.900000000000023,0.0,12.3,-34.2,1,Monza
R,3,VER,27.0,2.0,MEDIUM,21.0,85.81,53.2,6.129050210060545,inf,0,32.5,54.3,6.192368491143586,6.752716494754605,1.8845319573944608,12,0,35.80000000000001,0.0,12.3,-36.0,1,Monza
R,3,VER,30.0,3.0,HARD,1.0,85.13,47.8,6.22455842927536,inf,0,32.3,53.3,5.986438693437237,6.798175564651329,1.701480482257115,12,0,41.00000000000001,0.0,12.5,0.0,1,Monza
R,3,VER,31.0,3.0,HARD,2.0,84.514,46.0,6.257667587882639,inf,0,32.3,54.1,5.546784264565828,6.544311319763205,2.013722643325728,10,0,39.60000000000001,0.0,10.6,-1.8,1,Monza
R,3,VER,32.0,3.0,HARD,3.0,85.391,44.2,6.293419278846481,inf,0,32.7,53.9,5.231428313335096,7.092763923098049,2.333180616937188,12,1,22.400000000000038,0.9000000000000042,16.0,-3.6,1,Monza
R,3,VER,33.0,3.0,HARD,4.0,84.9,42.4,6.324358962381311,inf,0,32.7,53.8,5.743865888705102,6.53834303133484,1.96060759873642,10,1,35.70000000000001,0.4999999999999985,10.7,-5.4,1,Monza
R,3,VER,34.0,3.0,HARD,5.0,85.025,40.6,6.3578422665081,inf,0,32.7,54.5,6.211355343572386,6.37404778611811,1.82494774695685,12,0,33.50000000000001,0.0,11.7,-7.2,1,Monza
R,3,VER,35.0,3.0,HARD,6.0,84.816,38.8,6.38856140554563,inf,0,32.9,54.2,6.125003742042066,6.329591635923213,1.799104752412485,12,0,31.999999999999996,0.0,11.4,-9.0,1,Monza
R,3,VER,36.0,3.0,HARD,7.0,84.677,37.0,6.419994928147142,inf,0,32.8,53.8,5.843479024241256,6.257863541385891,1.8769813778813844,17,0,37.10000000000001,0.0,11.5,-10.8,1,Monza
R,3,VER,37.0,3.0,HARD,8.0,84.242,35.2,6.448889394146858,inf,0,32.8,53.6,4.867755492713327,6.303057919580539,2.300985755453326,12,0,38.29999999999999,0.0,11.7,-12.6,1,Monza
R,3,VER,38.0,3.0,HARD,9.0,84.705,33.39999999999999,6.478509642208569,inf,0,32.8,53.7,6.088382518295493,6.541550130692485,1.886600090184233,15,0,40.50000000000005,0.0,12.1,-14.4,1,Monza
R,3,VER,39.0,3.0,HARD,10.0,84.614,31.599999999999994,6.505784060128229,inf,0,32.7,53.1,5.40265185823213,6.29989477116146,1.9228124591351567,12,0,39.300000000000026,0.0,10.9,-16.2,1,Monza
R,3,VER,40.0,3.0,HARD,11.0,86.643,29.8,6.532334292222349,inf,1,32.8,53.4,6.463691831413647,6.140950216870066,1.6642556797588717,12,1,34.59999999999999,0.6,12.5,-18.0,1,Monza
R,3,VER,41.0,3.0,HARD,12.0,87.132,28.0,6.561030665896573,inf,1,32.8,53.1,5.999759797543196,6.460902512390632,1.759999999999991,11,0,35.00000000000003,0.0,14.3,-19.8,1,Monza
R,3,VER,43.0,3.0,HARD,14.0,85.03,24.39999999999999,6.60934924316738,inf,0,32.7,53.3,6.283957200931203,6.0662165527591085,1.666234690967757,10,1,35.099999999999966,3.6,11.3,-23.4,1,Monza
R,3,VER,44.0,3.0,HARD,15.0,85.158,22.599999999999994,6.633318433280377,inf,0,32.5,53.0,6.711486430195148,5.748683473075559,1.0004211104527487,13,0,40.09999999999999,0.0,10.1,-25.2,1,Monza
R,3,VER,45.0,3.0,HARD,16.0,85.411,20.8,6.658011045870748,inf,0,32.6,52.5,6.751669920031119,5.601118697435932,0.8526420040003533,16,0,35.8,0.0,10.5,-27.0,1,Monza
R,3,VER,46.0,3.0,HARD,17.0,85.235,19.0,6.682108597449809,inf,0,32.6,52.7,6.8413228021997625,5.637222705232954,0.9150330238926796,14,0,31.0,0.0,10.1,-28.8,1,Monza
R,3,VER,47.0,3.0,HARD,18.0,85.209,17.200000000000003,6.704414354964107,inf,0,32.8,52.7,6.757081344269452,5.518394624145554,1.031684311175918,15,1,37.399999999999984,0.3000000000000028,9.6,-30.6,1,Monza
R,3,VER,48.0,3.0,HARD,19.0,84.844,15.399999999999991,6.726233402358747,inf,0,32.8,52.3,6.000261757784837,5.547239437828464,1.555975007352994,12,0,42.30000000000001,0.0,10.1,-32.4,1,Monza
R,3,VER,49.0,3.0,HARD,20.0,85.023,13.599999999999994,6.745236349484362,inf,0,32.6,52.5,6.64614471630624,5.809668446695559,1.180410519561112,14,0,34.19999999999999,0.0,9.3,-34.2,1,Monza
R,3,VER,50.0,3.0,HARD,21.0,85.392,11.799999999999995,6.767343125265392,inf,0,32.6,52.6,6.674526594935816,5.648303551847,1.1929162652833525,14,0,39.00000000000001,0.0,9.7,-36.0,1,Monza
R,3,VER,51.0,3.0,HARD,22.0,85.419,10.0,6.78897174299217,inf,0,32.7,51.8,6.42712531516694,5.753007202542177,1.4917301046734677,14,0,32.30000000000001,0.0,10.0,-37.8,1,Monza
R,3,VER,52.0,3.0,HARD,23.0,85.373,8.200000000000003,6.810142450115136,inf,0,32.6,52.4,6.079644840904251,5.864817177575493,1.7315055570917763,17,0,32.799999999999976,0.0,10.8,-39.6,1,Monza
R,3,VER,53.0,3.0,HARD,24.0,84.804,6.399999999999992,6.83087423464618,inf,0,32.6,52.2,5.914824842062403,6.542197316538702,1.803736613537961,11,1,36.399999999999984,0.3000000000000028,11.4,-41.4,1,Monza
R,30,LAW,2.0,1.0,MEDIUM,1.0,88.836,98.2,3.58351893845611,inf,0,32.0,56.2,5.317755053455177,5.200315885381409,1.8409011370694035,13,0,29.200000000000006,0.0,19.200000000000003,0.0,1,Monza
R,30,LAW,6.0,2.0,HARD,1.0,134.843,91.0,3.80666248977032,inf,1,32.5,56.4,7.48109571050888,5.72528373544754,1.7988425106577657,16,1,39.79999999999999,0.7000000000000085,26.0,0.0,0,Monza
R,30,LAW,7.0,2.0,HARD,2.0,88.26,89.2,4.143134726391533,inf,0,32.5,56.3,5.673393300861471,5.224108122196736,1.7221123673883274,17,0,29.69999999999999,0.0,16.900000000000002,-1.8,1,Monza
R,30,LAW,8.0,2.0,HARD,3.0,87.679,87.4,4.418840607796598,inf,0,32.4,56.2,6.001564305815696,5.104720587088314,1.332965572447848,15,0,28.8,0.0,15.4,-3.6,1,Monza
R,30,LAW,9.0,2.0,HARD,4.0,86.838,85.6,4.634728988229636,inf,0,32.5,56.4,6.075658258240827,5.142207892989943,1.4309035330669464,17,0,26.899999999999988,0.0,14.7,-5.4,1,Monza
R,30,LAW,10.0,2.0,HARD,5.0,87.259,83.8,4.820281565605037,inf,0,32.4,55.8,5.505987693259483,5.3312500061893004,1.65595606051831,13,0,25.500000000000004,0.0,16.7,-7.2,1,Monza
R,30,LAW,11.0,2.0,HARD,6.0,88.705,82.0,4.976733742420574,inf,0,32.4,55.8,5.654259480689168,5.326008677264623,1.7421964583511058,12,0,34.800000000000004,0.0,16.900000000000002,-9.0,1,Monza
R,30,LAW,14.0,3.0,MEDIUM,1.0,87.044,76.6,5.3706380281276624,inf,0,32.5,55.0,6.857644908233665,4.216784370966701,0.0586336392208301,11,0,41.09999999999999,0.0,13.6,0.0,1,Monza
R,30,LAW,15.0,3.0,MEDIUM,2.0,86.698,74.8,5.4638318050256105,inf,0,32.6,53.8,6.780493190022902,4.195726053205923,0.0412621641483039,10,0,41.80000000000002,0.0,13.2,-1.8,1,Monza
R,30,LAW,16.0,3.0,MEDIUM,3.0,86.544,73.0,5.54907608489522,inf,0,32.6,54.9,6.6540541534633295,3.995018123610799,0.0118727216352024,12,0,29.59999999999999,0.0,13.2,-3.6,1,Monza
R,30,LAW,17.0,3.0,MEDIUM,4.0,86.377,71.2,5.627621113690637,inf,0,32.7,54.7,6.619380041048537,4.0099764046000965,0.0143241630586896,13,0,31.799999999999983,0.0,11.5,-5.4,1,Monza
R,30,LAW,18.0,3.0,MEDIUM,5.0,86.313,69.4,5.700443573390686,inf,0,32.6,54.5,6.714942031677921,4.1395661071901,0.0692327156450066,15,0,35.700000000000024,0.0,13.2,-7.2,1,Monza
R,30,LAW,19.0,3.0,MEDIUM,6.0,86.181,67.6,5.768320995793772,inf,0,32.6,54.2,6.433290556362385,4.110475984914487,0.3353413596065231,14,0,31.89999999999998,0.0,11.0,-9.0,1,Monza
R,30,LAW,20.0,3.0,MEDIUM,7.0,86.294,65.8,5.828945617610208,inf,0,32.5,54.4,6.026022672891372,4.538851285293308,1.0549544600716827,11,0,35.59999999999999,0.0,14.1,-10.8,1,Monza
R,30,LAW,21.0,3.0,MEDIUM,8.0,86.506,64.0,5.883322388488279,inf,0,32.5,53.8,6.3665748725073446,4.139846181544562,0.3954232048525993,13,0,34.499999999999986,0.0,13.0,-12.6,1,Monza
R,30,LAW,22.0,3.0,MEDIUM,9.0,86.352,62.2,5.934894195619588,inf,0,32.4,53.8,6.203894743204332,4.408356157542445,0.8131493354053374,15,0,31.40000000000001,0.0,14.5,-14.4,1,Monza
R,30,LAW,23.0,3.0,MEDIUM,10.0,86.313,60.4,5.986452005284438,inf,0,32.5,54.1,5.836091361716258,4.756115496743944,1.3843758931959311,14,0,28.599999999999994,0.0,15.4,-16.2,1,Monza
R,30,LAW,24.0,3.0,MEDIUM,11.0,87.045,58.6,6.028278520230698,inf,0,32.4,53.5,6.165490275868892,4.811265430105408,1.187667642503455,13,0,37.89999999999999,0.0,14.3,-18.0,1,Monza
R,30,LAW,25.0,3.0,MEDIUM,12.0,86.748,56.8,6.075346031088684,inf,0,32.5,53.8,6.740573658127394,4.121036410821115,0.0274397869100848,14,0,32.80000000000002,0.0,13.6,-19.8,1,Monza
R,30,LAW,26.0,3.0,MEDIUM,13.0,86.514,55.0,6.115892125483034,inf,0,32.5,54.0,6.589227516781908,3.9860702576561446,0.0529682864112003,14,0,37.7,0.0,12.1,-21.6,1,Monza
R,30,LAW,27.0,3.0,MEDIUM,14.0,97.509,53.2,6.152732694704104,inf,1,32.5,54.3,5.30725512569906,4.631382536125759,0.6675347013230671,6,0,21.9,0.0,16.3,-23.4,0,Monza
R,30,LAW,28.0,3.0,MEDIUM,15.0,105.3,51.4,6.1779441140506,inf,1,32.5,53.5,2.453433030227358,4.157961712485541,2.796117962377876,6,0,11.900000000000013,0.0,22.3,-25.2,0,Monza
R,30,LAW,29.0,3.0,MEDIUM,16.0,86.251,49.6,6.206575926724928,inf,0,32.4,53.7,6.127173565527624,4.237519101884161,0.7516168035539946,15,0,31.5,0.0,12.9,-27.0,1,Monza
R,30,LAW,30.0,3.0,MEDIUM,17.0,86.343,47.8,6.244166900663736,inf,0,32.3,54.1,6.176087643133289,4.348984417174927,0.7900776647199704,18,0,31.70000000000004,0.0,12.9,-28.8,1,Monza
R,30,LAW,31.0,3.0,MEDIUM,18.0,86.071,46.0,6.280395838960195,inf,0,32.5,53.9,6.188968974305823,4.366226427649794,0.7824154081421767,18,0,30.100000000000016,0.0,12.8,-30.6,1,Monza
R,30,LAW,32.0,3.0,MEDIUM,19.0,86.097,44.2,6.315358001522335,inf,0,32.7,53.9,5.845088709123874,4.265654266860491,1.0366948611529876,17,0,30.500000000000018,0.0,13.9,-32.4,1,Monza
R,30,LAW,33.0,3.0,MEDIUM,20.0,85.838,42.4,6.349138991379798,inf,0,32.7,54.5,5.740033924107221,4.428204172727693,1.2598774117667475,11,0,43.29999999999997,0.0,13.5,-34.2,1,Monza
R,30,LAW,34.0,3.0,MEDIUM,21.0,85.728,40.6,6.3818160174060985,inf,0,32.8,54.2,5.709556853406431,4.593168997291796,1.370027596552483,7,0,32.79999999999999,0.0,13.7,-36.0,1,Monza
R,30,LAW,35.0,3.0,MEDIUM,22.0,85.662,38.8,6.411818267709897,inf,0,32.8,53.8,5.671254276183894,4.975472451374769,1.550424586801605,12,0,34.70000000000003,0.0,14.3,-37.8,1,Monza
R,30,LAW,36.0,3.0,MEDIUM,23.0,85.777,37.0,6.440946540632921,inf,0,32.8,53.7,5.32225010661178,4.552092111583892,1.6989832551065944,11,0,31.9,0.0,13.5,-39.6,1,Monza
R,30,LAW,37.0,3.0,MEDIUM,24.0,85.917,35.2,6.470799503782602,inf,0,32.8,53.7,5.820507306978783,4.434266407932034,1.168050555953662,12,0,28.799999999999983,0.0,13.8,-41.4,1,Monza
R,30,LAW,38.0,3.0,MEDIUM,25.0,85.838,33.39999999999999,6.499787040655854,inf,0,32.7,53.8,5.944041935970437,4.19900241294074,0.8776494907170321,11,0,36.10000000000001,0.0,14.0,-43.2,1,Monza
R,30,LAW,39.0,3.0,MEDIUM,26.0,85.776,31.599999999999994,6.52649485957079,inf,0,32.7,53.1,5.777446605863693,4.518198415528586,1.32608277733198,12,0,32.20000000000001,0.0,13.4,-45.0,1,Monza
R,30,LAW,40.0,3.0,MEDIUM,27.0,86.138,29.8,6.553933404025811,inf,0,32.8,53.1,6.004815719844254,4.477321294841119,1.0170339595642348,16,0,39.09999999999998,0.0,14.1,-46.8,1,Monza
R,30,LAW,41.0,3.0,MEDIUM,28.0,85.898,28.0,6.580639137284949,inf,0,32.7,53.0,6.127097165184386,4.480204114536534,0.889840493935788,13,0,36.400000000000006,0.0,12.3,-48.6,1,Monza
R,30,LAW,42.0,3.0,MEDIUM,29.0,85.752,26.200000000000003,6.6039438246004725,inf,0,32.7,53.3,5.592594036123948,4.411891639042226,1.4042856703785995,14,0,30.600000000000005,0.0,13.9,-50.4,1,Monza
R,30,LAW,43.0,3.0,MEDIUM,30.0,85.731,24.39999999999999,6.628041376179533,inf,0,32.6,52.9,5.782315604812254,4.614335606234917,1.2953513897551228,9,1,41.900000000000006,1.0000000000000058,13.4,-52.2,1,Monza
R,30,LAW,44.0,3.0,MEDIUM,31.0,87.463,22.599999999999994,6.652863029353347,inf,1,32.6,52.5,5.722327018125914,4.565369430489489,1.2010531306333945,11,0,32.90000000000004,0.0,14.1,-54.0,1,Monza
R,30,LAW,45.0,3.0,MEDIUM,32.0,85.862,20.8,6.677083461247136,inf,0,32.6,52.7,5.857865860084873,4.458287066240928,1.1523315470753552,12,0,33.1,0.0,13.7,-55.8,1,Monza
R,30,LAW,46.0,3.0,MEDIUM,33.0,85.669,19.0,6.699500340161678,inf,0,32.6,52.7,5.537937949839092,4.509378069192627,1.3008129821958505,12,0,28.500000000000018,0.0,12.2,-57.6,1,Monza
R,30,LAW,47.0,3.0,MEDIUM,34.0,85.74,17.200000000000003,6.721425700790643,inf,0,32.8,52.3,5.658164596465012,4.23376685930678,1.1587226355343594,14,0,31.99999999999999,0.0,11.9,-59.4,1,Monza
R,30,LAW,48.0,3.0,MEDIUM,35.0,86.328,15.399999999999991,6.741700694652055,inf,0,32.8,52.0,5.688797337909528,4.374926309788508,1.3314483499837628,12,0,28.400000000000027,0.0,14.0,-61.2,1,Monza
R,30,LAW,49.0,3.0,MEDIUM,36.0,85.857,13.599999999999994,6.761572768804055,inf,0,32.6,52.6,5.708930184922974,4.402350676641494,1.206056314013026,11,0,31.5,0.0,14.0,-63.0,1,Monza
R,30,LAW,50.0,3.0,MEDIUM,37.0,85.81,11.799999999999995,6.78332520060396,inf,0,32.7,52.3,5.352739584682652,4.573518160898257,1.5557156069984566,19,0,31.6,0.0,14.5,-64.8,1,Monza
R,30,LAW,51.0,3.0,MEDIUM,38.0,86.13,10.0,6.804614520062624,inf,0,32.6,52.4,5.207520832359584,5.142110452353196,1.675050613328872,15,0,34.6,0.0,16.0,-66.60000000000001,1,Monza
R,30,LAW,52.0,3.0,MEDIUM,39.0,85.861,8.200000000000003,6.824373670043086,inf,0,32.6,52.2,5.08922934949882,4.804494349735944,2.066232356514925,9,0,29.600000000000023,0.0,13.7,-68.4,1,Monza
R,30,LAW,53.0,3.0,MEDIUM,40.0,85.578,6.399999999999992,6.843749949006225,inf,0,32.6,51.9,5.495966544797512,4.637425213972079,1.6122316978351747,14,0,38.1,0.0,14.3,-70.2,1,Monza
R,31,OCO,1.0,1.0,SOFT,1.0,93.92,100.0,2.4849066497880004,inf,1,31.8,55.8,5.858364318071548,3.837619853227246,1.892915733841947,15,0,35.1,0.0,15.0,0.0,1,Monza
R,31,OCO,2.0,1.0,SOFT,2.0,87.558,98.2,3.4011973816621555,inf,0,32.0,56.2,6.392490992438017,3.947675850047051,0.2770133030341825,10,0,41.1,0.0,10.4,-1.8,1,Monza
R,31,OCO,7.0,2.0,HARD,1.0,88.798,89.2,4.158883083359672,inf,1,32.5,56.3,6.215262755953522,4.262259932757883,0.7178305383473371,14,0,35.29999999999998,0.0,10.5,0.0,1,Monza
R,31,OCO,8.0,2.0,HARD,2.0,88.213,87.4,4.442651256490317,inf,0,32.4,56.2,5.70805235962249,4.121579355863249,1.2221447247388304,13,0,34.00000000000004,0.0,9.8,-1.8,1,Monza
R,31,OCO,9.0,2.0,HARD,3.0,87.357,85.6,4.653960350157523,inf,0,32.5,56.4,6.4021262611207765,3.927442827067951,0.2888464973018532,13,0,34.60000000000001,0.0,10.8,-3.6,1,Monza
R,31,OCO,10.0,2.0,HARD,4.0,87.462,83.8,4.836281906951478,inf,0,32.4,55.8,6.463240401999158,3.696300748273345,0.02932955540946,18,0,37.9,0.0,9.0,-5.4,1,Monza
R,31,OCO,11.0,2.0,HARD,5.0,87.862,82.0,4.990432586778736,inf,0,32.4,55.8,6.222822676063926,3.889828390809164,0.5603995453794411,12,0,30.700000000000003,0.0,10.7,-7.2,1,Monza
R,31,OCO,12.0,2.0,HARD,6.0,88.095,80.2,5.117993812416755,inf,0,32.5,55.8,5.719321341507058,3.941312792739141,1.0551834487232374,15,0,35.20000000000002,0.0,10.9,-9.0,1,Monza
R,31,OCO,13.0,2.0,HARD,7.0,86.89,78.4,5.231108616854587,inf,0,32.4,54.9,5.721378155897341,3.690808107702288,0.7754624801505872,9,0,41.20000000000001,0.0,9.3,-10.8,1,Monza
R,31,OCO,14.0,2.0,HARD,8.0,87.64,76.6,5.327876168789581,inf,0,32.5,55.4,6.076110937258908,3.8691800910296656,0.6702071729301807,14,0,42.50000000000001,0.0,9.0,-12.6,1,Monza
R,31,OCO,15.0,2.0,HARD,9.0,87.795,74.8,5.429345628954441,inf,0,32.6,53.8,5.543619604886354,4.043216990203814,1.3097558464624808,10,0,42.3,0.0,10.1,-14.4,1,Monza
R,31,OCO,16.0,2.0,HARD,10.0,87.285,73.0,5.513428746164983,inf,0,32.6,54.9,5.636528994924852,3.868540965413391,0.9748724965410172,11,0,37.600000000000016,0.0,10.5,-16.2,1,Monza
R,31,OCO,17.0,2.0,HARD,11.0,87.129,71.2,5.594711379601839,inf,0,32.7,54.7,6.421192127288668,3.6158313025896023,0.029340178858085,9,0,35.5,0.0,10.4,-18.0,1,Monza
R,31,OCO,18.0,2.0,HARD,12.0,87.507,69.4,5.673323267171493,inf,0,32.6,54.4,6.045131084074897,3.9351697313666394,0.7080917380888438,13,0,43.19999999999998,0.0,9.9,-19.8,1,Monza
R,31,OCO,19.0,2.0,HARD,13.0,86.937,67.6,5.7430031878094825,inf,0,32.6,54.2,6.118985371506033,3.777020737865687,0.431264102840027,10,0,36.49999999999997,0.0,10.0,-21.6,1,Monza
R,31,OCO,20.0,2.0,HARD,14.0,86.787,65.8,5.805134968916488,inf,0,32.5,54.6,6.164784601377301,3.689525900412024,0.3512831682681541,13,0,40.0,0.0,10.5,-23.4,1,Monza
R,31,OCO,21.0,2.0,HARD,15.0,88.309,64.0,5.869296913133774,inf,0,32.5,53.8,5.780025046658539,3.9933962175851576,1.0061767506890869,14,0,32.09999999999998,0.0,11.0,-25.2,1,Monza
R,31,OCO,22.0,2.0,HARD,16.0,87.61,62.2,5.921578419643816,inf,0,32.4,53.8,6.098873801328296,3.844680162960993,0.6151031769740722,11,0,39.9,0.0,11.4,-27.0,1,Monza
R,31,OCO,23.0,2.0,HARD,17.0,86.978,60.4,5.973809611869261,inf,0,32.5,54.1,5.913487592832745,3.8870696928801394,0.7782503797130096,12,0,34.60000000000003,0.0,10.8,-28.8,1,Monza
R,31,OCO,24.0,2.0,HARD,18.0,86.758,58.6,6.021023349349527,inf,0,32.4,53.5,5.916796796555814,3.976501052858655,0.8347034523199867,12,0,35.80000000000002,0.0,10.2,-30.6,1,Monza
R,31,OCO,25.0,2.0,HARD,19.0,87.046,56.8,6.068425588244111,inf,0,32.4,53.2,6.267611635968702,3.7109689895147904,0.3308927737963459,13,0,41.5,0.0,10.2,-32.4,1,Monza
R,31,OCO,26.0,2.0,HARD,20.0,88.014,55.0,6.1092475827643655,inf,0,32.5,54.0,6.395531268288663,3.607784121603705,0.0408911136696808,8,0,35.2,0.0,10.6,-34.2,1,Monza
R,31,OCO,29.0,3.0,MEDIUM,1.0,86.554,49.6,6.20455776256869,inf,0,32.4,53.7,6.245573754010162,3.3416669563274426,0.0157883657894887,9,0,45.80000000000002,0.0,9.9,0.0,1,Monza
R,31,OCO,30.0,3.0,MEDIUM,2.0,86.32,47.8,6.2422232654551655,inf,0,32.3,53.3,6.268646298506209,3.4306011136414547,0.0444328337665026,12,0,41.400000000000006,0.0,9.3,-1.8,1,Monza
R,31,OCO,31.0,3.0,MEDIUM,3.0,86.443,46.0,6.278521424165844,inf,0,32.5,53.9,6.299643232912191,3.4369245990659296,0.0194593724121689,8,0,35.800000000000004,0.0,9.3,-3.6,1,Monza
R,31,OCO,32.0,3.0,MEDIUM,4.0,86.4,44.2,6.313548046277095,inf,0,32.7,53.9,6.237043857449446,3.362617655673984,0.0215042837007973,11,0,37.5,0.0,9.8,-5.4,1,Monza
R,31,OCO,33.0,3.0,MEDIUM,5.0,86.577,42.4,6.3473892096560105,inf,0,32.7,54.5,6.311134253409357,3.426550289442388,0.0178279874749934,9,0,45.69999999999999,0.0,10.3,-7.2,1,Monza
R,31,OCO,34.0,3.0,MEDIUM,6.0,86.207,40.6,6.380122536899765,inf,0,32.8,54.2,6.275904884894959,3.4386838396768926,0.0300817640876955,8,0,44.2,0.0,8.6,-9.0,1,Monza
R,31,OCO,35.0,3.0,MEDIUM,7.0,86.303,38.8,6.410174881966167,inf,0,32.8,53.8,6.310238743822708,3.449580768253992,0.0201700423309741,12,0,42.9,0.0,9.6,-10.8,1,Monza
R,31,OCO,36.0,3.0,MEDIUM,8.0,87.157,37.0,6.442540166468199,inf,0,32.8,53.7,5.934617400044431,3.72849869668604,0.7238158947067399,15,0,36.30000000000001,0.0,10.9,-12.6,1,Monza
R,31,OCO,37.0,3.0,MEDIUM,9.0,86.108,35.2,6.472346294500901,inf,0,32.8,53.7,6.234690008913818,3.8289197748562,0.4263875101072878,12,0,37.10000000000003,0.0,10.8,-14.4,1,Monza
R,31,OCO,38.0,3.0,MEDIUM,10.0,86.22,33.39999999999999,6.501289670540389,inf,0,32.7,53.8,6.469313806729985,3.712704238937079,0.1081671792028512,11,0,41.49999999999999,0.0,10.6,-16.2,1,Monza
R,31,OCO,39.0,3.0,MEDIUM,11.0,86.88,31.599999999999994,6.52795791762255,inf,0,32.7,53.1,6.41848368044657,3.4273007355654177,0.0180412344295606,13,0,30.700000000000017,0.0,10.0,-18.0,1,Monza
R,31,OCO,40.0,3.0,MEDIUM,12.0,87.268,29.8,6.555356891810665,inf,0,32.8,53.1,6.218604357615437,3.32959697639071,0.0098289355306942,13,0,40.3,0.0,9.6,-19.8,1,Monza
R,31,OCO,41.0,3.0,MEDIUM,13.0,86.802,28.0,6.582025138892826,inf,0,32.7,53.0,6.223707322322463,3.2710187085158178,0.0123501882332195,14,0,35.400000000000006,0.0,8.8,-21.6,1,Monza
R,31,OCO,42.0,3.0,MEDIUM,14.0,87.065,26.200000000000003,6.6052979209482015,inf,0,32.7,53.3,6.25293839372334,3.287893948646199,0.0064014242176897,9,0,34.4,0.0,9.5,-23.4,1,Monza
R,31,OCO,43.0,3.0,MEDIUM,15.0,87.169,24.39999999999999,6.6293632534374485,inf,0,32.6,52.9,6.187733926498149,3.249519100546994,0.0085697396924222,9,0,44.6,0.0,9.1,-25.2,1,Monza
R,31,OCO,44.0,3.0,MEDIUM,16.0,86.874,22.599999999999994,6.654152520183219,inf,0,32.6,52.5,6.159823756488642,3.2448043730030403,0.0073134894829451,10,0,45.70000000000002,0.0,9.3,-27.0,1,Monza
R,31,OCO,45.0,3.0,MEDIUM,17.0,86.827,20.8,6.678342114654332,inf,0,32.6,52.7,6.172192726031447,3.233443502652374,0.0105639965862159,9,0,43.49999999999999,0.0,8.700000000000001,-28.8,1,Monza
R,31,OCO,46.0,3.0,MEDIUM,18.0,87.095,19.0,6.70073110954781,inf,0,32.8,52.7,6.267770070255569,3.321527462136608,0.0069956169067977,10,0,43.49999999999998,0.0,10.5,-30.6,1,Monza
R,31,OCO,47.0,3.0,MEDIUM,19.0,87.06,17.200000000000003,6.7226297948554485,inf,0,32.8,52.3,6.219570198759154,3.1979208391940075,0.0037383882093175,9,0,44.4,0.0,8.9,-32.4,1,Monza
R,31,OCO,48.0,3.0,MEDIUM,20.0,87.059,15.399999999999991,6.742880635791903,inf,0,32.8,52.0,6.284916937338124,3.253585791055014,0.0113212791007163,9,0,44.900000000000006,0.0,9.3,-34.2,1,Monza
R,31,OCO,49.0,3.0,MEDIUM,21.0,86.899,13.599999999999994,6.763884908562435,inf,0,32.6,52.6,6.193574231124201,3.2383545547926205,0.0121939324149114,12,0,45.8,0.0,9.0,-36.0,1,Monza
R,31,OCO,50.0,3.0,MEDIUM,22.0,86.831,11.799999999999995,6.784457062637643,inf,0,32.7,52.3,6.227785187892266,3.242355860426249,0.0214781514217501,13,0,34.59999999999997,0.0,9.4,-37.8,1,Monza
R,31,OCO,51.0,3.0,MEDIUM,23.0,89.644,10.0,6.807934943699926,inf,1,32.6,52.4,6.175384776421309,3.00893652414243,0.3226171822494794,7,0,38.30000000000001,0.0,15.4,-39.6,1,Monza
R,31,OCO,52.0,3.0,MEDIUM,24.0,85.711,8.200000000000003,6.828712071641684,inf,0,32.6,52.2,6.127413832390334,3.636440644516494,0.3913937756534457,8,0,39.90000000000002,0.0,8.8,-41.4,1,Monza
R,41,LIN,1.0,1.0,MEDIUM,1.0,92.262,100.0,2.079441541679836,inf,1,31.8,55.8,6.592196870980712,4.513330459725497,1.779721899854678,10,0,30.400000000000016,0.0,16.1,0.0,1,Monza
R,41,LIN,2.0,1.0,MEDIUM,2.0,87.165,98.2,3.295836866004329,inf,0,32.0,56.2,6.287612369262305,4.1433622783129245,0.5166701720376807,8,0,42.7,0.0,11.5,-1.8,1,Monza
R,41,LIN,7.0,2.0,HARD,1.0,87.902,89.2,4.07753744390572,inf,1,32.5,56.3,6.138830840905165,4.273509050724277,1.0528224818086471,9,0,37.8,0.0,14.4,0.0,1,Monza
R,41,LIN,8.0,2.0,HARD,2.0,86.83,87.4,4.382026634673881,inf,0,32.4,56.2,6.10013072577746,4.401405627350906,0.9285495313525144,9,1,27.5,0.4000000000000042,13.1,-1.8,1,Monza
R,41,LIN,9.0,2.0,HARD,3.0,86.526,85.6,4.605170185988092,inf,0,32.5,56.4,6.161269475897464,4.132472757909199,0.6184039923912358,11,0,29.4,0.0,11.5,-3.6,1,Monza
R,41,LIN,10.0,2.0,HARD,4.0,86.552,83.8,4.795790545596741,inf,0,32.4,56.2,6.3234566560891885,4.239015719394772,0.6138646429225739,17,0,32.6,0.0,12.5,-5.4,1,Monza
R,41,LIN,11.0,2.0,HARD,5.0,86.667,82.0,4.955827057601261,inf,0,32.4,55.8,6.198578644597905,4.19381448879245,0.7111343327445565,10,0,33.3,0.0,12.4,-7.2,1,Monza
R,41,LIN,12.0,2.0,HARD,6.0,86.508,80.2,5.093750200806762,inf,0,32.5,55.8,6.22112108413093,4.2180318119753855,0.6551507019536669,10,0,30.2,0.0,11.5,-9.0,1,Monza
R,41,LIN,13.0,2.0,HARD,7.0,86.71,78.4,5.209486152841421,inf,0,32.4,54.9,6.099993907898718,4.064524391258562,0.7143459375315037,12,0,33.80000000000002,0.0,11.6,-10.8,1,Monza
R,41,LIN,14.0,2.0,HARD,8.0,86.522,76.6,5.308267697401205,inf,0,32.5,55.4,6.173820124999869,4.146088781757775,0.7463730247264821,11,1,30.9,0.4999999999999985,12.4,-12.6,1,Monza
R,41,LIN,15.0,2.0,HARD,9.0,86.841,74.8,5.407171771460119,inf,0,32.6,53.8,6.205783021524486,4.075211567228944,0.6188942543215515,8,0,32.0,0.0,11.6,-14.4,1,Monza
R,41,LIN,16.0,2.0,HARD,10.0,86.919,73.0,5.497168225293202,inf,0,32.6,54.9,6.051768793906197,4.148795290879102,0.8089405385517351,13,1,33.8,0.3000000000000028,12.2,-16.2,1,Monza
R,41,LIN,17.0,2.0,HARD,11.0,86.858,71.2,5.579729825986222,inf,0,32.7,54.7,6.286979138441772,4.09798337297462,0.5090902948625252,8,0,33.9,0.0,13.2,-18.0,1,Monza
R,41,LIN,18.0,2.0,HARD,12.0,86.892,69.4,5.655991810819852,inf,0,32.6,54.4,6.3747462741565055,4.011531353538086,0.3528095593367634,9,0,33.89999999999999,0.0,12.4,-19.8,1,Monza
R,41,LIN,19.0,2.0,HARD,13.0,86.785,67.6,5.726847747587197,inf,0,32.6,54.5,6.38328534913417,3.933430331462503,0.2733733105774388,10,0,34.30000000000002,0.0,11.4,-21.6,1,Monza
R,41,LIN,20.0,2.0,HARD,14.0,86.927,65.8,5.7899601708972535,inf,0,32.5,54.6,6.213090528179507,4.057511406458444,0.5363060628538069,10,0,32.400000000000006,0.0,12.3,-23.4,1,Monza
R,41,LIN,21.0,2.0,HARD,15.0,86.861,64.0,5.8522024797744745,inf,0,32.5,54.4,6.0328552819626,4.155099403360869,0.8861960702651417,13,0,35.69999999999999,0.0,12.0,-25.2,1,Monza
R,41,LIN,22.0,2.0,HARD,16.0,86.674,62.2,5.908082938168931,inf,0,32.4,53.8,6.101157984099647,4.106685435798631,0.6791508372583747,9,1,30.999999999999982,0.6,12.0,-27.0,1,Monza
R,41,LIN,23.0,2.0,HARD,17.0,86.693,60.4,5.958424693029782,inf,0,32.5,54.0,6.225955622136313,4.163475175951328,0.6613336024746841,13,1,28.199999999999992,0.4999999999999985,12.5,-28.8,1,Monza
R,41,LIN,24.0,2.0,HARD,18.0,86.782,58.6,6.0063531596017325,inf,0,32.4,53.5,6.230734636872515,4.080356427388248,0.5904216687435428,8,0,32.2,0.0,12.1,-30.6,1,Monza
R,41,LIN,25.0,2.0,HARD,19.0,86.657,56.8,6.054439346269371,inf,0,32.4,53.2,6.184812667051812,4.016023385675814,0.5768731060170287,10,0,41.8,0.0,11.4,-32.4,1,Monza
R,41,LIN,26.0,2.0,HARD,20.0,86.725,55.0,6.095824562432225,inf,0,32.5,54.0,6.210148294243471,4.083692405850649,0.5716064770090041,12,0,35.09999999999999,0.0,12.4,-34.2,1,Monza
R,41,LIN,27.0,2.0,HARD,21.0,86.907,53.2,6.139884552226255,inf,0,32.5,54.3,6.22444285152018,4.054151847002484,0.5340059611313221,8,1,32.89999999999999,0.3999999999999971,12.1,-36.0,1,Monza
R,41,LIN,28.0,2.0,HARD,22.0,112.456,51.4,6.16541785423142,inf,1,32.5,53.5,3.675,3.18504479637937,2.057499999999992,4,0,13.000000000000004,0.0,23.9,-37.8,0,Monza
R,41,LIN,29.0,2.0,HARD,23.0,90.26,49.6,6.190315405853148,inf,1,32.6,54.0,5.860445363208072,3.653079674175913,0.994284278900948,9,0,31.800000000000008,0.0,11.9,-39.6,1,Monza
R,41,LIN,30.0,2.0,HARD,24.0,86.476,47.8,6.226536669287466,inf,0,32.3,53.3,6.202131052830241,3.9873494155768783,0.5393595594792149,13,0,39.2,0.0,11.2,-41.4,1,Monza
R,41,LIN,31.0,2.0,HARD,25.0,86.451,46.0,6.263398262591624,inf,0,32.3,54.1,5.843821965019508,3.9093620564574505,0.8804282853561721,10,0,40.100000000000016,0.0,11.9,-43.2,1,Monza
R,41,LIN,32.0,2.0,HARD,26.0,86.266,44.2,6.298949246855942,inf,0,32.7,53.9,5.754184668595757,4.059103391200868,1.0624108155812797,8,0,39.19999999999999,0.0,11.6,-45.0,1,Monza
R,41,LIN,33.0,2.0,HARD,27.0,86.412,42.4,6.331501849893691,inf,0,32.7,53.8,5.821898559539879,4.1805790538419165,1.1028687485917017,10,0,32.00000000000003,0.0,12.8,-46.8,1,Monza
R,41,LIN,34.0,2.0,HARD,28.0,86.58,40.6,6.364750756851911,inf,0,32.8,54.2,6.288590387580825,4.117529477498154,0.5406675471376063,12,1,35.700000000000024,0.6,11.8,-48.6,1,Monza
R,41,LIN,35.0,2.0,HARD,29.0,86.401,38.8,6.395261598115449,inf,0,32.9,54.2,6.235851682806535,3.993167764974572,0.5002821093462332,11,0,41.89999999999999,0.0,10.9,-50.4,1,Monza
R,41,LIN,36.0,2.0,HARD,30.0,86.301,37.0,6.42648845745769,inf,0,32.8,53.7,5.905704930914849,3.9495262009338745,0.7609173385611878,9,0,40.30000000000003,0.0,10.4,-52.2,1,Monza
R,41,LIN,37.0,2.0,HARD,31.0,86.345,35.2,6.456769655572163,inf,0,32.8,53.6,5.927136752195609,4.023316562069191,0.8432521552179697,9,1,39.1,0.4999999999999985,11.6,-54.0,1,Monza
R,41,LIN,38.0,2.0,HARD,32.0,86.482,33.39999999999999,6.484635235635252,inf,0,32.8,53.7,5.786480723849882,4.2204702398231,1.1421963612284334,12,1,27.70000000000001,0.6,13.9,-55.8,1,Monza
R,41,LIN,39.0,2.0,HARD,33.0,86.314,31.599999999999994,6.513230110912307,inf,0,32.7,53.1,6.149728798482116,3.920004473018437,0.5135766976840259,7,0,39.49999999999998,0.0,11.1,-57.6,1,Monza
R,41,LIN,40.0,2.0,HARD,34.0,86.324,29.8,6.539585955617669,inf,0,32.8,53.4,6.383982177936144,3.850227711288565,0.2722632990203901,8,0,32.60000000000001,0.0,11.2,-59.4,1,Monza
R,41,LIN,41.0,2.0,HARD,35.0,86.638,28.0,6.566672429803241,inf,0,32.7,53.0,6.490861577634801,3.807310894504907,0.0601306697004648,8,0,41.20000000000001,0.0,12.4,-61.2,1,Monza
R,41,LIN,42.0,2.0,HARD,36.0,86.427,26.200000000000003,6.591673732008658,inf,0,32.8,52.9,6.489300305051821,3.843582019319984,0.0816575062693725,8,1,41.40000000000002,0.4000000000000042,10.8,-63.0,1,Monza
R,41,LIN,43.0,2.0,HARD,37.0,86.343,24.39999999999999,6.616065185132817,inf,0,32.6,52.9,6.36668131815826,3.868132945411412,0.2623347117887369,10,0,32.999999999999986,0.0,10.0,-64.8,1,Monza
R,41,LIN,44.0,2.0,HARD,38.0,86.162,22.599999999999994,6.639875833826536,inf,0,32.5,53.0,6.3660137633539815,3.813391821336892,0.2379389725416359,10,0,41.7,0.0,10.2,-66.60000000000001,1,Monza
R,41,LIN,45.0,2.0,HARD,39.0,86.194,20.8,6.664409020350408,inf,0,32.6,52.5,6.379301927165322,3.75657455505477,0.1620537572272535,11,0,42.9,0.0,10.8,-68.4,1,Monza
R,41,LIN,46.0,2.0,HARD,40.0,86.053,19.0,6.688354713946762,inf,0,32.6,52.7,6.317564252414823,3.739041140288312,0.2311389224314644,11,0,35.39999999999999,0.0,10.6,-70.2,1,Monza
R,41,LIN,47.0,2.0,HARD,41.0,86.028,17.200000000000003,6.710523109452428,inf,0,32.8,52.7,6.330917493241268,3.592210854144154,0.0746195027313713,9,1,43.3,0.6000000000000071,9.5,-72.0,1,Monza
R,41,LIN,48.0,2.0,HARD,42.0,86.033,15.399999999999991,6.732210706467206,inf,0,32.8,52.0,6.193488102881382,3.6948793070349617,0.2481466230012431,8,0,42.8,0.0,9.9,-73.8,1,Monza
R,41,LIN,49.0,2.0,HARD,43.0,86.207,13.599999999999994,6.752270376141742,inf,0,32.6,52.5,6.137803510149708,3.5017792797186837,0.2566717985940199,9,0,40.800000000000026,0.0,10.8,-75.60000000000001,1,Monza
R,41,LIN,50.0,2.0,HARD,44.0,86.221,11.799999999999995,6.774223886357614,inf,0,32.7,52.3,6.187281234133612,3.566262479295644,0.2354274710567031,10,0,38.99999999999999,0.0,10.6,-77.4,1,Monza
R,41,LIN,51.0,2.0,HARD,45.0,86.233,10.0,6.795705775173515,inf,0,32.7,51.8,6.33037811858663,3.656029299938801,0.1593172539107936,9,0,42.00000000000001,0.0,10.7,-79.2,1,Monza
R,41,LIN,52.0,2.0,HARD,46.0,86.238,8.200000000000003,6.816735880594968,inf,0,32.6,52.2,6.316582470216576,3.716550073998752,0.2036062526961272,8,1,40.8,0.3000000000000028,10.6,-81.0,1,Monza
R,41,LIN,53.0,2.0,HARD,47.0,86.055,6.399999999999992,6.836259277277067,inf,0,32.6,51.9,5.944069340337963,3.727917286449805,0.6087699728244346,11,0,40.69999999999998,0.0,10.4,-82.8,1,Monza
R,43,COL,1.0,1.0,MEDIUM,1.0,90.606,100.0,1.791759469228055,inf,1,31.8,55.8,6.590537478990523,4.87922561904034,1.6024259284257656,17,0,34.59999999999999,0.0,10.9,0.0,1,Monza
R,43,COL,2.0,1.0,MEDIUM,2.0,87.137,98.2,3.218875824868201,inf,0,32.0,56.2,6.094166674129079,5.283782629343906,1.2292962377524554,14,0,41.0,0.0,10.9,-1.8,1,Monza
R,43,COL,7.0,2.0,HARD,1.0,88.926,89.2,4.204692619390966,inf,1,32.5,56.3,6.223114140937312,5.475716972809696,1.6300506315075405,13,0,35.69999999999999,0.0,9.9,0.0,1,Monza
R,43,COL,8.0,2.0,HARD,2.0,88.122,87.4,4.477336814478207,inf,1,32.4,56.2,6.104324304867934,5.303759127849949,1.6011285656399257,10,0,32.00000000000003,0.0,10.7,-1.8,1,Monza
R,43,COL,9.0,2.0,HARD,3.0,87.968,85.6,4.68213122712422,inf,1,32.5,56.4,5.712762041052288,5.035076583028501,1.4517115571699364,14,1,28.69999999999999,3.5000000000000058,9.6,-3.6,1,Monza
R,43,COL,10.0,2.0,HARD,4.0,87.626,83.8,4.859812404361672,inf,1,32.4,55.8,5.784130738907691,5.1725275572649325,1.4888725166564518,14,0,31.30000000000001,0.0,9.5,-5.4,1,Monza
R,43,COL,11.0,2.0,HARD,5.0,87.702,82.0,5.010635294096256,inf,1,32.4,55.8,5.215077338847728,5.098714119345814,2.296881477243697,13,1,28.600000000000023,3.399999999999997,11.0,-7.2,1,Monza
R,43,COL,12.0,2.0,HARD,6.0,87.951,80.2,5.135798437050262,inf,1,32.4,55.3,6.619718311564204,4.8297098529357285,0.6404159739669124,12,1,41.39999999999999,3.6,9.7,-9.0,1,Monza
R,43,COL,13.0,2.0,HARD,7.0,87.236,78.4,5.247024072160486,inf,0,32.4,54.9,6.4462955864421225,4.962598502292272,0.6767522648428429,7,1,39.7,3.6,10.2,-10.8,1,Monza
R,43,COL,14.0,2.0,HARD,8.0,87.071,76.6,5.342334251964811,inf,0,32.5,55.4,5.510701478650748,4.415546243173811,0.919103114025243,8,1,29.8,3.200000000000001,9.6,-12.6,1,Monza
R,43,COL,15.0,2.0,HARD,9.0,87.214,74.8,5.438079308923196,inf,0,32.6,53.8,6.559097124606618,4.997343961350491,0.4629774999784279,11,1,38.70000000000002,4.299999999999995,9.7,-14.4,1,Monza
R,43,COL,16.0,2.0,HARD,10.0,87.334,73.0,5.521460917862246,inf,0,32.6,54.9,6.019000151808489,5.033721743149561,1.3689490007605034,11,1,34.200000000000024,3.399999999999997,9.5,-16.2,1,Monza
R,43,COL,17.0,2.0,HARD,11.0,87.06,71.2,5.602118820879701,inf,0,32.7,54.7,6.6899265449416365,4.747557344196094,0.3321747266743399,12,1,36.000000000000014,3.7000000000000015,8.6,-18.0,1,Monza
R,43,COL,18.0,2.0,HARD,12.0,86.81,69.4,5.676753802268282,inf,0,32.6,54.4,6.2844408186572975,4.90064665157397,0.8172441468369642,10,0,35.19999999999999,0.0,8.200000000000001,-19.8,1,Monza
R,43,COL,19.0,2.0,HARD,13.0,86.908,67.6,5.746203190540153,inf,0,32.6,54.2,6.2308238900465645,4.904331767688266,0.936585071692866,12,2,39.19999999999998,4.000000000000004,9.1,-21.6,1,Monza
R,43,COL,20.0,2.0,HARD,14.0,86.59,65.8,5.808142489980444,inf,0,32.5,54.6,6.166006939176119,4.8809607607235215,1.1095968677786483,9,1,38.1,3.300000000000003,8.8,-23.4,1,Monza
R,43,COL,21.0,2.0,HARD,15.0,86.714,64.0,5.8664680569332965,inf,0,32.5,53.8,6.323441359441824,4.506359164060552,0.5657555628123568,11,0,39.79999999999999,0.0,8.3,-25.2,1,Monza
R,43,COL,22.0,2.0,HARD,16.0,87.052,62.2,5.918893854273146,inf,0,32.4,53.8,6.866129923747227,4.336820378306978,0.028773875896492,10,1,37.90000000000002,3.299999999999996,7.7,-27.0,1,Monza
R,43,COL,23.0,2.0,HARD,17.0,86.727,60.4,5.968707559985366,inf,0,32.5,54.0,6.486182910878676,3.978883161212116,0.0197450662818538,11,2,35.59999999999999,4.600000000000006,7.6,-28.8,1,Monza
R,43,COL,24.0,2.0,HARD,18.0,86.302,58.6,6.016157159698354,inf,0,32.4,53.5,6.629718271322921,4.662889892795282,0.5700167210893432,11,1,36.49999999999999,3.800000000000003,6.9,-30.6,1,Monza
R,43,COL,25.0,2.0,HARD,19.0,86.238,56.8,6.063785208687608,inf,0,32.4,53.2,6.476212695168414,4.582838512498731,0.5165061424455347,10,1,35.09999999999999,3.800000000000003,6.7,-32.4,1,Monza
R,43,COL,26.0,2.0,HARD,20.0,86.376,55.0,6.104793232414985,inf,0,32.5,54.0,6.433175167299851,4.376688909161542,0.1353670918116525,12,1,35.5,2.6,8.6,-34.2,1,Monza
R,43,COL,27.0,2.0,HARD,21.0,91.763,53.2,6.148468295917647,inf,1,32.5,54.3,5.8144984222567215,5.72260107503371,0.7500584181676638,13,1,28.20000000000002,3.7000000000000015,11.7,-36.0,1,Monza
R,43,COL,28.0,2.0,HARD,22.0,111.26,51.4,6.171700597410915,inf,1,32.5,53.5,6.900791192590171,3.756701710694576,0.008049972762369,7,0,35.400000000000006,0.0,14.3,-37.8,0,Monza
R,43,COL,29.0,2.0,HARD,23.0,86.245,49.6,6.194405391104672,inf,0,32.4,53.7,6.553989049495056,4.1387491680521045,0.022265570370877,11,2,36.49999999999999,4.899999999999996,6.9,-39.6,1,Monza
R,43,COL,30.0,2.0,HARD,24.0,86.558,47.8,6.230481447578482,inf,0,32.3,53.3,6.849144546093058,4.238670489091128,0.0313880191138087,9,1,44.39999999999999,3.800000000000003,6.4,-41.4,1,Monza
R,43,COL,31.0,2.0,HARD,25.0,85.846,46.0,6.267200548541362,inf,0,32.3,54.1,6.852078666545381,4.320688511005081,0.0977190144449796,11,2,39.2,4.2,6.6000000000000005,-43.2,1,Monza
R,43,COL,32.0,2.0,HARD,26.0,86.446,44.2,6.302618975744905,inf,0,32.7,53.9,6.872893144430416,4.44820066343159,0.2180091534572872,11,2,40.70000000000001,4.300000000000009,7.4,-45.0,1,Monza
R,43,COL,33.0,2.0,HARD,27.0,86.354,42.4,6.336825731146441,inf,0,32.7,53.8,6.871040688478144,4.387399283965879,0.1931049229489708,14,0,42.800000000000026,0.0,6.300000000000001,-46.8,1,Monza
R,43,COL,34.0,2.0,HARD,28.0,86.326,40.6,6.369900982828227,inf,0,32.8,54.2,6.868062573150533,4.253415255467476,0.0549176822308955,10,1,37.29999999999999,3.799999999999996,7.0,-48.6,1,Monza
R,43,COL,35.0,2.0,HARD,29.0,85.991,38.8,6.400257445308821,inf,0,32.9,54.2,6.71135823703643,4.235312182754659,0.1574695820916263,10,2,41.99999999999999,3.8000000000000016,7.0,-50.4,1,Monza
R,43,COL,36.0,2.0,HARD,30.0,85.862,37.0,6.431331081933479,inf,0,32.8,53.7,6.767366380798029,4.187937923141583,0.0676927386760807,15,0,44.40000000000001,0.0,6.6000000000000005,-52.2,1,Monza
R,43,COL,37.0,2.0,HARD,31.0,85.669,35.2,6.461468176353717,inf,0,32.8,53.6,5.936642124774172,4.297875406591041,1.007112128324571,10,0,46.40000000000002,0.0,8.4,-54.0,1,Monza
R,43,COL,38.0,2.0,HARD,32.0,85.64,33.39999999999999,6.489204931325317,inf,0,32.7,53.8,6.623878539833807,4.2460549339657465,0.2312529005846304,10,2,36.2,4.2,6.9,-55.8,1,Monza
R,43,COL,39.0,2.0,HARD,33.0,85.676,31.599999999999994,6.517671272912275,inf,0,32.7,53.1,6.291070869014316,4.368019078240966,0.6639556039026969,9,2,34.59999999999999,4.100000000000006,7.300000000000001,-57.6,1,Monza
R,43,COL,40.0,2.0,HARD,34.0,85.817,29.8,6.543911845564792,inf,0,32.8,53.4,6.431420236286471,4.63700355072685,0.416581564038959,10,2,34.60000000000001,6.099999999999999,7.5,-59.4,1,Monza
R,43,COL,41.0,2.0,HARD,35.0,86.223,28.0,6.569481420414296,inf,0,32.7,53.0,5.885319228241329,4.413747539643255,0.5788988077770972,13,1,38.6,0.6,8.200000000000001,-61.2,1,Monza
R,43,COL,42.0,2.0,HARD,36.0,85.834,26.200000000000003,6.594413459749778,inf,0,32.8,52.9,6.550496720603808,4.323742914195441,0.4048795021632041,9,0,41.2,0.0,7.0,-63.0,1,Monza
R,43,COL,44.0,2.0,HARD,38.0,86.061,22.599999999999994,6.641182169740591,inf,0,32.5,53.0,6.5179411266319605,4.245537024980531,0.4810623777247524,14,1,39.000000000000014,3.600000000000007,7.2,-66.60000000000001,1,Monza
R,43,COL,45.0,2.0,HARD,39.0,85.958,20.8,6.665683717782408,inf,0,32.6,52.7,6.652967555714541,4.026505867444595,0.0770254024511538,9,2,37.7,4.000000000000004,6.800000000000001,-68.4,1,Monza
R,43,COL,46.0,2.0,HARD,40.0,85.72,19.0,6.689599269178967,inf,0,32.6,52.7,6.67591977348394,4.065465371589868,0.1130302786242827,9,1,35.9,3.4999999999999987,6.2,-70.2,1,Monza
R,43,COL,47.0,2.0,HARD,41.0,85.803,17.200000000000003,6.71174039505618,inf,0,32.8,52.7,6.239106051837265,4.123501909661642,0.6772674190918172,12,1,39.400000000000006,1.300000000000003,8.6,-72.0,1,Monza
R,43,COL,48.0,2.0,HARD,42.0,85.821,15.399999999999991,6.733401891837359,inf,0,32.8,52.0,6.368106725520359,3.746549198809111,0.0201126030380706,11,1,41.99999999999999,3.900000000000005,7.0,-73.8,1,Monza
R,43,COL,49.0,2.0,HARD,43.0,85.796,13.599999999999994,6.75343791859778,inf,0,32.6,52.5,6.595453176008272,3.933434140859649,0.0501118430423359,10,1,45.1,3.7000000000000015,6.6000000000000005,-75.60000000000001,1,Monza
R,43,COL,50.0,2.0,HARD,44.0,85.695,11.799999999999995,6.775366090936392,inf,0,32.7,52.3,6.546725391017435,4.363144333374619,0.5158531363271877,11,2,37.0,4.100000000000006,6.6000000000000005,-77.4,1,Monza
R,43,COL,51.0,2.0,HARD,45.0,85.656,10.0,6.796823718274855,inf,0,32.7,51.8,6.593036746154635,4.295735054367865,0.4219852847419998,13,1,38.500000000000014,3.799999999999996,6.5,-79.2,1,Monza
R,43,COL,52.0,2.0,HARD,46.0,85.403,8.200000000000003,6.81783057145415,inf,0,32.6,52.2,6.399848495004213,4.219012874425644,0.504855324290836,9,2,43.1,4.500000000000004,6.5,-81.0,1,Monza
R,43,COL,53.0,2.0,HARD,47.0,84.933,6.399999999999992,6.837332814685591,inf,0,32.6,51.9,6.299954104186688,4.30714840659146,0.6311222400978171,11,0,45.89999999999999,0.0,7.300000000000001,-82.8,1,Monza
R,44,HAM,1.0,1.0,SOFT,1.0,93.234,100.0,2.302585092994046,inf,1,31.8,55.8,6.634907231138942,4.087086966214296,1.1418265426914291,17,0,42.90000000000001,0.0,10.4,0.0,1,Monza
R,44,HAM,2.0,1.0,SOFT,2.0,87.244,98.2,3.367295829986474,inf,0,32.0,56.2,5.823235245118775,4.085895143956799,0.950349858701304,11,0,38.30000000000002,0.0,10.4,-1.8,1,Monza
R,44,HAM,7.0,2.0,MEDIUM,1.0,86.663,89.2,4.007333185232471,inf,0,32.5,56.3,6.111438078009084,3.300311573708355,0.0033528228212903,12,0,42.7,0.0,7.1000000000000005,0.0,1,Monza
R,44,HAM,8.0,2.0,MEDIUM,2.0,85.931,87.4,4.330733340286331,inf,0,32.4,56.2,6.482221491380229,3.631040042842782,0.0325307287116949,16,0,31.10000000000003,0.0,8.8,-1.8,1,Monza
R,44,HAM,9.0,2.0,MEDIUM,3.0,86.176,85.6,4.564348191467836,inf,0,32.5,56.4,5.519318595905314,3.688196406504441,0.9936525821974176,11,0,43.30000000000001,0.0,8.3,-3.6,1,Monza
R,44,HAM,10.0,2.0,MEDIUM,4.0,86.082,83.8,4.7535901911063645,inf,0,32.4,56.2,6.075985541376343,3.31725694389013,0.0028512761736393,10,0,38.0,0.0,7.0,-5.4,1,Monza
R,44,HAM,11.0,2.0,MEDIUM,5.0,86.738,82.0,4.919980925828125,inf,0,32.4,55.8,6.291174089269077,3.168635651453546,0.0038548478867753,14,0,31.500000000000032,0.0,7.300000000000001,-7.2,1,Monza
R,44,HAM,12.0,2.0,MEDIUM,6.0,87.104,80.2,5.075173815233827,inf,0,32.5,55.8,5.72708147457562,3.7932887746161774,0.9784875831573244,13,0,34.80000000000001,0.0,9.5,-9.0,1,Monza
R,44,HAM,13.0,2.0,MEDIUM,7.0,85.929,78.4,5.19295685089021,inf,0,32.4,54.9,5.174341122921568,3.815993558667888,1.3602426831895202,15,0,33.89999999999999,0.0,8.700000000000001,-10.8,1,Monza
R,44,HAM,15.0,2.0,MEDIUM,9.0,85.869,74.8,5.393627546352361,inf,0,32.6,53.8,5.70203286041806,3.6277604496429934,0.7860568537125714,13,0,42.49999999999999,0.0,8.200000000000001,-14.4,1,Monza
R,44,HAM,16.0,2.0,MEDIUM,10.0,86.218,73.0,5.480638923341991,inf,0,32.6,54.9,5.648408511863282,3.5432659659339407,0.7296894947450462,17,0,38.20000000000001,0.0,8.1,-16.2,1,Monza
R,44,HAM,17.0,2.0,MEDIUM,11.0,86.489,71.2,5.564520407322694,inf,0,32.6,54.9,6.147217358134497,3.195762875125709,0.001263423379305,14,0,38.2,0.0,6.800000000000001,-18.0,1,Monza
R,44,HAM,18.0,2.0,MEDIUM,12.0,86.839,69.4,5.641907070938114,inf,0,32.6,54.4,6.121184688019223,3.1394795193822604,0.0013415519950511,14,0,31.700000000000017,0.0,6.5,-19.8,1,Monza
R,44,HAM,19.0,2.0,MEDIUM,13.0,86.587,67.6,5.717027701406222,inf,0,32.6,54.5,5.694511221480086,3.692405873096382,1.014855741806988,21,0,29.8,0.0,8.4,-21.6,1,Monza
R,44,HAM,20.0,2.0,MEDIUM,14.0,86.324,65.8,5.783825182329737,inf,0,32.5,54.6,6.148883263886293,3.291934620545805,0.0256192910658623,14,0,42.00000000000002,0.0,7.800000000000001,-23.4,1,Monza
R,44,HAM,21.0,2.0,MEDIUM,15.0,86.171,64.0,5.84354441703136,inf,0,32.5,54.4,6.150870120286718,3.2986804302654007,0.0307836968835708,14,0,43.00000000000002,0.0,7.300000000000001,-25.2,1,Monza
R,44,HAM,22.0,2.0,MEDIUM,16.0,86.002,62.2,5.899897353582492,inf,0,32.4,53.8,6.174104824740295,3.324851417655504,0.0474633939676617,11,0,44.7,0.0,7.2,-27.0,1,Monza
R,44,HAM,23.0,2.0,MEDIUM,17.0,85.3,60.4,5.948034989180646,inf,0,32.5,54.0,5.956567045232071,3.1360390362794,0.013912029975528,12,0,42.900000000000006,0.0,6.4,-28.8,1,Monza
R,44,HAM,24.0,2.0,MEDIUM,18.0,86.047,58.6,5.996452088619021,inf,0,32.4,53.5,6.250687232935491,3.20387894146694,0.0053040539060083,11,0,46.20000000000002,0.0,6.9,-30.6,1,Monza
R,44,HAM,25.0,2.0,MEDIUM,19.0,87.168,56.8,6.0473721790462776,inf,0,32.4,53.2,6.123451548742398,3.570743628641452,1.0603942393811607,16,0,33.40000000000001,0.0,9.4,-32.4,1,Monza
R,44,HAM,26.0,2.0,MEDIUM,20.0,86.493,55.0,6.089044875446846,inf,0,32.5,53.8,6.158277354356545,3.253859033366973,0.0383547901061148,11,0,44.4,0.0,8.4,-34.2,1,Monza
R,44,HAM,27.0,2.0,MEDIUM,21.0,85.897,53.2,6.133398042996649,inf,0,32.5,54.3,6.162919340572236,3.386764036896748,0.1016369690853477,11,0,37.09999999999997,0.0,8.5,-36.0,1,Monza
R,44,HAM,28.0,2.0,MEDIUM,22.0,109.638,51.4,6.159095388491933,inf,1,32.5,54.3,0.7174666133904198,3.2514484154374736,3.582398312997147,1,0,0.6,0.0,23.5,-37.8,0,Monza
R,44,HAM,29.0,2.0,MEDIUM,23.0,93.044,49.6,6.184148890937483,inf,1,32.6,54.0,5.828767385433762,2.6201193044128908,0.0347253316349273,11,0,33.100000000000016,0.0,10.8,-39.6,1,Monza
R,44,HAM,30.0,2.0,MEDIUM,24.0,85.912,47.8,6.214608098422191,inf,0,32.3,53.3,6.141988427314721,3.280854154694381,0.0203376008424782,10,0,43.6,0.0,8.700000000000001,-41.4,1,Monza
R,44,HAM,31.0,2.0,MEDIUM,25.0,85.964,46.0,6.251903883165888,inf,0,32.3,54.1,6.191996843664029,3.3393347906024635,0.074826808584161,10,0,43.6,0.0,7.1000000000000005,-43.2,1,Monza
R,44,HAM,32.0,2.0,MEDIUM,26.0,86.065,44.2,6.285998094508865,inf,0,32.7,53.9,6.149959550309696,3.2414498113052765,0.0288846956579579,10,0,38.3,0.0,7.7,-45.0,1,Monza
R,44,HAM,33.0,2.0,MEDIUM,27.0,85.904,42.4,6.320768294250582,inf,0,32.7,53.8,6.082760757955137,3.151447865451237,0.0194819918751908,10,0,37.2,0.0,7.0,-46.8,1,Monza
R,44,HAM,34.0,2.0,MEDIUM,28.0,85.73,40.6,6.354370040797351,inf,0,32.7,54.5,6.154557937772251,3.304960677174954,0.0398860618937353,13,0,39.89999999999999,0.0,7.0,-48.6,1,Monza
R,44,HAM,36.0,2.0,MEDIUM,30.0,85.543,37.0,6.418364935936212,inf,0,32.8,53.8,6.223395812366348,3.410831882718782,0.0492180637448729,17,0,34.90000000000001,0.0,6.7,-52.2,1,Monza
R,44,HAM,37.0,2.0,MEDIUM,31.0,85.925,35.2,6.450470422144176,inf,0,32.8,53.6,5.540890941378134,3.449918579336014,0.8527029573569873,13,0,42.39999999999999,0.0,8.4,-54.0,1,Monza
R,44,HAM,38.0,2.0,MEDIUM,32.0,85.443,33.39999999999999,6.480044561926653,inf,0,32.8,53.7,6.230532143757227,3.440137659653596,0.0855551081521543,18,0,38.999999999999964,0.0,7.300000000000001,-55.8,1,Monza
R,44,HAM,39.0,2.0,MEDIUM,33.0,85.895,31.599999999999994,6.508769136971682,inf,0,32.7,53.1,6.075574609972964,3.2632369756023505,0.0780321280642804,13,0,38.39999999999999,0.0,6.4,-57.6,1,Monza
R,44,HAM,40.0,2.0,MEDIUM,34.0,85.75,29.8,6.535241271013659,inf,0,32.8,53.4,5.849405459321092,3.430687938673411,0.4546372026723651,12,0,43.1,0.0,7.800000000000001,-59.4,1,Monza
R,44,HAM,41.0,2.0,MEDIUM,35.0,86.421,28.0,6.56244409369372,inf,0,32.8,53.1,6.040000216738578,3.591727024465864,0.3918378843829423,17,0,37.69999999999999,0.0,9.0,-61.2,1,Monza
R,44,HAM,42.0,2.0,MEDIUM,36.0,86.718,26.200000000000003,6.588926477533519,inf,0,32.8,52.9,5.80699721989625,3.4804637705033423,0.6062849072171518,8,0,42.20000000000001,0.0,8.6,-63.0,1,Monza
R,44,HAM,43.0,2.0,MEDIUM,37.0,85.463,24.39999999999999,6.61338421837956,inf,0,32.7,53.3,5.643340057967999,3.5484139024417765,0.7374881107814264,15,0,38.800000000000026,0.0,8.5,-64.8,1,Monza
R,44,HAM,44.0,2.0,MEDIUM,38.0,85.612,22.599999999999994,6.637258031284457,inf,0,32.5,53.0,6.01828015022258,3.605377904784544,0.3999125096332749,15,0,32.300000000000004,0.0,7.5,-66.60000000000001,1,Monza
R,44,HAM,45.0,2.0,MEDIUM,39.0,85.636,20.8,6.661854740545311,inf,0,32.6,52.5,6.009056791136905,3.244192317055597,0.1413674895789135,10,0,43.29999999999999,0.0,7.2,-68.4,1,Monza
R,44,HAM,46.0,2.0,MEDIUM,40.0,85.469,19.0,6.68586094706836,inf,0,32.6,52.7,5.795559905026117,3.250992796345245,0.3402860635405716,14,0,41.20000000000002,0.0,6.9,-70.2,1,Monza
R,44,HAM,47.0,2.0,MEDIUM,41.0,85.75,17.200000000000003,6.70808408385307,inf,0,32.8,52.7,5.90606026037954,3.344254544271158,0.3323803878363032,14,0,39.79999999999999,0.0,7.7,-72.0,1,Monza
R,44,HAM,48.0,2.0,MEDIUM,42.0,85.601,15.399999999999991,6.729824070489475,inf,0,32.8,52.3,5.865196628554021,3.250903611265313,0.3354698674851487,13,0,43.40000000000005,0.0,7.7,-73.8,1,Monza
R,44,HAM,49.0,2.0,MEDIUM,43.0,86.632,13.599999999999994,6.74993119378857,inf,0,32.6,52.5,6.196287445455555,3.358124274214622,0.0991675176899948,12,0,31.799999999999997,0.0,7.6,-75.60000000000001,1,Monza
R,44,HAM,50.0,2.0,MEDIUM,44.0,86.063,11.799999999999995,6.771935555839602,inf,0,32.6,52.6,5.694164592377669,3.3180243727175016,0.5251971724879929,10,0,42.40000000000003,0.0,8.5,-77.4,1,Monza
R,44,HAM,51.0,2.0,MEDIUM,45.0,85.659,10.0,6.79346613258001,inf,0,32.7,51.8,5.8829782636467325,3.495881709829472,0.4912196031306515,13,0,32.60000000000003,0.0,8.5,-79.2,1,Monza
R,44,HAM,52.0,2.0,MEDIUM,46.0,86.244,8.200000000000003,6.814542897259958,inf,0,32.6,52.4,5.7333662532806695,3.3846402949440213,0.5782022883372826,12,0,39.40000000000002,0.0,7.6,-81.0,1,Monza
R,44,HAM,53.0,2.0,MEDIUM,47.0,85.997,6.399999999999992,6.834108738813838,inf,0,32.6,51.9,5.7797933776066825,3.4554412565116457,0.580350697862099,13,0,28.800000000000004,0.0,7.6,-82.8,1,Monza
R,5,BOR,1.0,1.0,SOFT,1.0,93.432,100.0,2.3978952727983707,inf,1,31.8,55.8,5.967418580853791,4.218620446224882,2.1476580822643188,18,0,34.100000000000016,0.0,16.6,0.0,1,Monza
R,5,BOR,2.0,1.0,SOFT,2.0,88.416,98.2,3.4339872044851463,inf,0,32.0,56.2,5.723160932584096,4.375589494488219,1.2493184352827174,16,0,30.900000000000013,0.0,14.2,-1.8,1,Monza
R,5,BOR,6.0,2.0,MEDIUM,1.0,147.85,91.0,3.8501476017100575,inf,1,32.5,56.4,6.436653310505952,4.456695241358057,1.7546204439845707,19,0,30.9,0.0,26.700000000000003,0.0,0,Monza
R,5,BOR,7.0,2.0,MEDIUM,2.0,88.211,89.2,4.189654742026425,inf,1,32.5,56.3,6.078030853010287,4.127954686009874,0.7575920273579221,14,0,41.19999999999999,0.0,12.7,-1.8,1,Monza
R,5,BOR,8.0,2.0,MEDIUM,3.0,88.035,87.4,4.465908118654584,inf,1,32.4,56.2,5.8899803479313935,4.559501474288043,1.326742672373188,16,0,35.80000000000002,0.0,14.3,-3.6,1,Monza
R,5,BOR,9.0,2.0,MEDIUM,4.0,87.597,85.6,4.663439094112067,inf,0,32.5,56.4,5.764579066951576,4.374895079468026,1.2839359887307014,11,0,34.70000000000002,0.0,11.9,-5.4,1,Monza
R,5,BOR,10.0,2.0,MEDIUM,5.0,87.849,83.8,4.844187086458591,inf,0,32.4,55.8,6.140139069182625,4.287247157862857,0.8714089069253402,13,0,39.400000000000006,0.0,11.4,-7.2,1,Monza
R,5,BOR,11.0,2.0,MEDIUM,6.0,87.978,82.0,5.003946305945459,inf,0,32.4,55.8,5.8687805349103,4.391920751961929,1.36489983779343,13,0,36.900000000000006,0.0,12.1,-9.0,1,Monza
R,5,BOR,12.0,2.0,MEDIUM,7.0,86.673,80.2,5.123963979403259,inf,0,32.4,55.3,5.365458525342783,4.377050479906671,1.5748519700296668,11,0,35.69999999999999,0.0,11.1,-10.8,1,Monza
R,5,BOR,13.0,2.0,MEDIUM,8.0,86.929,78.4,5.236441962829949,inf,0,32.4,54.9,5.858733886334597,4.381627132820498,1.1906679611978657,13,0,28.600000000000023,0.0,13.1,-12.6,1,Monza
R,5,BOR,14.0,2.0,MEDIUM,9.0,87.295,76.6,5.332718793265369,inf,0,32.5,55.4,5.183893045213534,4.481359740738818,1.9946092007202771,15,0,42.1,0.0,13.5,-14.4,1,Monza
R,5,BOR,15.0,2.0,MEDIUM,10.0,86.993,74.8,5.424950017481403,inf,0,32.6,53.8,5.989045635777663,4.121822410506963,0.8325664172433235,13,0,38.300000000000026,0.0,13.0,-16.2,1,Monza
R,5,BOR,16.0,2.0,MEDIUM,11.0,86.813,73.0,5.5093883366279774,inf,0,32.6,54.9,6.370716412115082,3.589596840959022,0.0016723673083651,13,0,28.90000000000001,0.0,10.0,-18.0,1,Monza
R,5,BOR,17.0,2.0,MEDIUM,12.0,87.012,71.2,5.5909869805108565,inf,0,32.7,54.7,6.500480553725026,3.558170816748088,0.0006930876015775,11,0,31.900000000000023,0.0,8.9,-19.8,1,Monza
R,5,BOR,18.0,2.0,MEDIUM,13.0,86.949,69.4,5.666426688112432,inf,0,32.6,54.4,6.283511866239959,3.4359827786729684,0.0023489533744241,16,0,32.7,0.0,9.9,-21.6,1,Monza
R,5,BOR,19.0,2.0,MEDIUM,14.0,86.883,67.6,5.736572297479192,inf,0,32.6,54.2,6.374419476633332,3.598775270153596,0.0052750215064011,16,0,31.10000000000001,0.0,9.4,-23.4,1,Monza
R,5,BOR,20.0,2.0,MEDIUM,15.0,86.735,65.8,5.799092654460526,inf,0,32.5,54.6,6.403880061302356,3.6224655780774255,0.0088744642098392,10,0,44.80000000000003,0.0,9.5,-25.2,1,Monza
R,5,BOR,21.0,2.0,MEDIUM,16.0,86.582,64.0,5.860786223465865,inf,0,32.5,53.8,6.40081562646647,3.681147813424956,0.0297021414420895,11,0,29.60000000000001,0.0,10.4,-27.0,1,Monza
R,5,BOR,22.0,2.0,MEDIUM,17.0,87.315,62.2,5.916202062607435,inf,0,32.4,53.8,6.542215723576329,3.67684363993106,0.0066688651047719,15,0,33.40000000000001,0.0,9.8,-28.8,1,Monza
R,5,BOR,23.0,2.0,MEDIUM,18.0,86.971,60.4,5.966146739123692,inf,0,32.5,54.0,6.482051632903323,3.7210179944706008,0.008507376076873,12,0,30.599999999999994,0.0,10.3,-30.6,1,Monza
R,5,BOR,24.0,2.0,MEDIUM,19.0,86.94,58.6,6.013715156042802,inf,0,32.4,53.5,6.545577622083375,3.784789003626948,0.0154353253309124,13,0,29.50000000000002,0.0,9.9,-32.4,1,Monza
R,5,BOR,25.0,2.0,MEDIUM,20.0,86.449,56.8,6.061456918928017,inf,0,32.4,53.2,6.171414673421367,3.9647905668649006,0.5530739235626474,14,0,34.399999999999984,0.0,10.5,-34.2,1,Monza
R,5,BOR,26.0,2.0,MEDIUM,21.0,86.998,55.0,6.102558594613569,inf,0,32.5,54.0,6.093076164544383,3.9788229907476538,0.6612108580160789,15,0,34.90000000000002,0.0,11.6,-36.0,1,Monza
R,5,BOR,27.0,2.0,MEDIUM,22.0,87.878,53.2,6.144185634125646,inf,0,32.5,54.3,6.275146568294217,4.596304018249498,0.1904835444895316,12,0,36.5,0.0,11.9,-37.8,1,Monza
R,5,BOR,28.0,2.0,MEDIUM,23.0,114.938,51.4,6.169610732491456,inf,1,32.5,53.5,3.618878477524025,3.451595672079282,2.6874999999999947,8,0,12.300000000000008,0.0,19.9,-39.6,0,Monza
R,5,BOR,29.0,2.0,MEDIUM,24.0,87.681,49.6,6.19644412779452,inf,0,32.4,53.7,6.609932443784105,4.036194850115916,0.822436452449051,14,0,40.79999999999999,0.0,11.6,-41.4,1,Monza
R,5,BOR,30.0,2.0,MEDIUM,25.0,86.882,47.8,6.2324480165505225,inf,0,32.3,53.3,6.07143419634256,4.028947356277431,0.6532356835679367,9,0,42.3,0.0,12.2,-43.2,1,Monza
R,5,BOR,31.0,2.0,MEDIUM,26.0,86.188,46.0,6.269096283706261,inf,0,32.5,53.9,6.415086817386163,3.788230619710767,0.0951146943345147,17,0,35.7,0.0,10.8,-45.0,1,Monza
R,5,BOR,32.0,2.0,MEDIUM,27.0,86.488,44.2,6.304448802421981,inf,0,32.7,53.9,6.431798566018907,3.660406491064428,0.0833973555332916,18,0,38.50000000000002,0.0,9.2,-46.8,1,Monza
R,5,BOR,33.0,2.0,MEDIUM,28.0,86.408,42.4,6.338594078203183,inf,0,32.7,53.8,6.405035202778213,3.831491923514184,0.1656919994338655,16,0,30.10000000000004,0.0,9.3,-48.6,1,Monza
R,5,BOR,34.0,2.0,MEDIUM,29.0,86.549,40.6,6.371611847231857,inf,0,32.8,54.2,6.379091427951375,3.744777491302672,0.1392457445515298,11,0,29.8,0.0,10.5,-50.4,1,Monza
R,5,BOR,35.0,2.0,MEDIUM,30.0,86.639,38.8,6.401917196727186,inf,0,32.9,54.2,6.53593707046026,3.770284753024899,0.0100446920875418,14,0,34.80000000000001,0.0,9.9,-52.2,1,Monza
R,5,BOR,36.0,2.0,MEDIUM,31.0,86.798,37.0,6.432940092739179,inf,0,32.8,53.7,6.502669844901744,3.7537168870857736,0.0158354117842945,9,1,29.399999999999988,0.5000000000000057,10.0,-54.0,1,Monza
R,5,BOR,37.0,2.0,MEDIUM,32.0,86.721,35.2,6.46302945692067,inf,0,32.8,53.6,6.419942615324486,3.661320346965884,0.0096254425589089,15,0,30.60000000000001,0.0,9.5,-55.8,1,Monza
R,5,BOR,38.0,2.0,MEDIUM,33.0,86.615,33.39999999999999,6.492239835020471,inf,0,32.7,53.8,6.372507651635747,3.596276066162601,0.0137672715381445,13,0,31.50000000000001,0.0,9.7,-57.6,1,Monza
R,5,BOR,39.0,2.0,MEDIUM,34.0,86.557,31.599999999999994,6.520621127558696,inf,0,32.7,53.1,6.392566404233119,3.632319728329214,0.027641832663879,13,0,29.0,0.0,8.9,-59.4,1,Monza
R,5,BOR,40.0,2.0,MEDIUM,35.0,86.706,29.8,6.546785410760524,inf,0,32.8,53.1,6.423446164233559,3.752618732074884,0.1003121765024189,12,0,38.500000000000014,0.0,9.7,-61.2,1,Monza
R,5,BOR,41.0,2.0,MEDIUM,36.0,86.672,28.0,6.572282542694008,inf,0,32.7,53.0,6.337073547035431,3.607539852400973,0.0367149361550475,9,0,29.999999999999996,0.0,9.7,-63.0,1,Monza
R,5,BOR,42.0,2.0,MEDIUM,37.0,86.761,26.200000000000003,6.597145701886651,inf,0,32.8,52.9,6.358858745083176,3.5379509992074523,0.0103364402523251,12,0,40.49999999999997,0.0,9.8,-64.8,1,Monza
R,5,BOR,43.0,2.0,MEDIUM,38.0,86.777,24.39999999999999,6.620073206530356,inf,0,32.6,52.9,6.311789948596255,3.533317898577905,0.0166882704896199,12,0,33.599999999999994,0.0,8.9,-66.60000000000001,1,Monza
R,5,BOR,44.0,2.0,MEDIUM,39.0,86.592,22.599999999999994,6.645090969505644,inf,0,32.5,53.0,6.354298400111491,3.59203931998938,0.0307527772277305,15,0,41.50000000000004,0.0,9.3,-68.4,1,Monza
R,5,BOR,45.0,2.0,MEDIUM,40.0,86.634,20.8,6.669498089857879,inf,0,32.6,52.7,6.366843838438497,3.5824046099142226,0.018016664012673,12,0,31.29999999999999,0.0,9.7,-70.2,1,Monza
R,5,BOR,46.0,2.0,MEDIUM,41.0,86.607,19.0,6.693323668269949,inf,0,32.6,52.7,6.329270609640529,3.545516675017797,0.0164468730001183,15,0,30.99999999999998,0.0,9.1,-72.0,1,Monza
R,5,BOR,47.0,2.0,MEDIUM,42.0,86.466,17.200000000000003,6.715383386334681,inf,0,32.8,52.3,6.2751085883328654,3.517475371014878,0.0661620798937554,8,0,41.8,0.0,10.3,-73.8,1,Monza
R,5,BOR,48.0,2.0,MEDIUM,43.0,86.363,15.399999999999991,6.736966958001855,inf,0,32.8,52.0,6.069482888699247,3.683659118014262,0.3881985855429997,20,0,35.70000000000001,0.0,9.8,-75.60000000000001,1,Monza
R,5,BOR,49.0,2.0,MEDIUM,44.0,86.395,13.599999999999994,6.755768921984256,inf,0,32.6,52.5,6.198783845955504,3.8193733484898496,0.3940766659750063,13,0,24.50000000000001,0.0,9.6,-77.4,1,Monza
R,5,BOR,50.0,2.0,MEDIUM,45.0,86.788,11.799999999999995,6.777646593635117,inf,0,32.7,52.3,6.284583249363546,3.460837265744744,0.015830457344111,11,0,42.400000000000006,0.0,9.4,-79.2,1,Monza
R,5,BOR,51.0,2.0,MEDIUM,46.0,86.904,10.0,6.799055862058796,inf,0,32.7,51.8,6.281954874131274,3.524257144468416,0.0577726678196394,19,0,35.1,0.0,9.5,-81.0,1,Monza
R,5,BOR,52.0,2.0,MEDIUM,47.0,86.851,8.200000000000003,6.82001636467413,inf,0,32.6,52.2,6.353597787523119,3.570733529202223,0.0478775310627703,18,0,35.899999999999984,0.0,9.6,-82.8,1,Monza
R,5,BOR,53.0,2.0,MEDIUM,48.0,86.322,6.399999999999992,6.839476438228843,inf,0,32.6,51.9,6.204690220534559,3.5552094911790046,0.1499346952361871,9,0,44.3,0.0,9.1,-84.60000000000001,1,Monza
R,55,SAI,1.0,1.0,SOFT,1.0,96.596,100.0,2.772588722239781,inf,1,31.8,55.8,6.298799320800499,4.323005857735746,1.51669011779085,12,0,27.900000000000023,0.0,15.9,0.0,1,Monza
R,55,SAI,2.0,1.0,SOFT,2.0,89.305,98.2,3.555348061489413,inf,0,32.0,56.2,5.538405082544612,4.156127200393094,1.382785275960441,11,0,33.600000000000044,0.0,13.2,-1.8,1,Monza
R,55,SAI,6.0,2.0,HARD,1.0,133.388,91.0,3.828641396489095,inf,1,32.5,56.4,6.424222377935806,4.629867289188676,1.6863087630049507,16,0,35.50000000000004,0.0,20.200000000000003,0.0,0,Monza
R,55,SAI,7.0,2.0,HARD,2.0,88.332,89.2,4.174387269895637,inf,0,32.5,56.3,5.1861308262263766,4.487433117279517,2.051763378241883,12,0,35.600000000000016,0.0,14.6,-1.8,1,Monza
R,55,SAI,8.0,2.0,HARD,3.0,88.665,87.4,4.454347296253507,inf,1,32.4,56.2,5.372409330008788,4.326146376351741,1.634999709426791,13,0,30.700000000000006,0.0,13.4,-3.6,1,Monza
R,55,SAI,9.0,2.0,HARD,4.0,88.223,85.6,4.672828834461906,inf,0,32.5,56.4,6.279491376752569,3.878873500414981,0.349850823232359,11,1,31.899999999999984,3.299999999999996,9.2,-5.4,1,Monza
R,55,SAI,10.0,2.0,HARD,5.0,87.945,83.8,4.852030263919617,inf,0,32.4,55.8,6.24401787408812,3.659620861667402,0.0099848821183075,15,0,40.89999999999999,0.0,8.200000000000001,-7.2,1,Monza
R,55,SAI,11.0,2.0,HARD,6.0,87.155,82.0,4.997212273764115,inf,0,32.4,55.8,5.9443238422194575,4.023988266670794,0.7449508120615127,12,0,36.8,0.0,11.3,-9.0,1,Monza
R,55,SAI,12.0,2.0,HARD,7.0,87.941,80.2,5.1298987149230735,inf,0,32.4,55.3,5.68352883421723,4.21364741989006,1.2448674762945553,14,0,34.199999999999974,0.0,13.5,-10.8,1,Monza
R,55,SAI,13.0,2.0,HARD,8.0,87.268,78.4,5.241747015059643,inf,0,32.4,54.9,5.305872611078369,4.191364206275489,1.62413820891018,13,0,29.3,0.0,12.7,-12.6,1,Monza
R,55,SAI,14.0,2.0,HARD,9.0,87.406,76.6,5.337538079701318,inf,0,32.5,55.4,5.733032035783954,4.109957066807903,1.2051354219114108,13,0,35.200000000000045,0.0,13.2,-14.4,1,Monza
R,55,SAI,15.0,2.0,HARD,10.0,87.571,74.8,5.43372200355424,inf,0,32.6,53.8,5.644480877903057,4.24688774949267,1.357825945621273,14,0,32.20000000000002,0.0,12.2,-16.2,1,Monza
R,55,SAI,16.0,2.0,HARD,11.0,88.221,73.0,5.525452939131784,inf,0,32.6,54.9,5.541904473439411,4.326991982614739,1.4173228079302074,17,1,33.100000000000016,3.300000000000003,11.8,-18.0,1,Monza
R,55,SAI,17.0,2.0,HARD,12.0,87.494,71.2,5.605802066295998,inf,0,32.7,54.7,5.553486459217405,4.207388486934455,1.3400602995826008,12,1,29.000000000000007,3.200000000000001,10.0,-19.8,1,Monza
R,55,SAI,18.0,2.0,HARD,13.0,86.915,69.4,5.680172609017068,inf,0,32.6,54.4,5.328842954243348,4.220132507925422,1.6341327822626486,11,0,30.000000000000018,0.0,12.1,-21.6,1,Monza
R,55,SAI,19.0,2.0,HARD,14.0,87.074,67.6,5.749392985908253,inf,0,32.6,54.2,5.99888698432776,4.1078110421773655,0.8712487613047035,13,0,31.100000000000023,0.0,12.1,-23.4,1,Monza
R,55,SAI,20.0,2.0,HARD,15.0,86.895,65.8,5.8111409929767,inf,0,32.5,54.6,5.770850543233038,4.128323004332687,1.1491261906260932,17,0,29.80000000000004,0.0,10.8,-25.2,1,Monza
R,55,SAI,21.0,2.0,HARD,16.0,87.067,64.0,5.872117789475416,inf,0,32.5,53.8,6.160585907759139,4.119928457903342,0.707441736887585,11,1,27.99999999999999,3.7000000000000015,9.8,-27.0,1,Monza
R,55,SAI,22.0,2.0,HARD,17.0,87.456,62.2,5.924255797414532,inf,0,32.4,53.8,5.171914071431411,3.848001513407372,1.44537774049894,10,1,30.80000000000002,3.1,9.6,-28.8,1,Monza
R,55,SAI,23.0,2.0,HARD,18.0,87.169,60.4,5.976350909297934,inf,0,32.5,54.1,5.393033651289038,4.1415080421681605,1.5293320409176026,12,1,32.09999999999999,3.300000000000003,9.2,-30.6,1,Monza
R,55,SAI,24.0,2.0,HARD,19.0,87.005,58.6,6.023447592961033,inf,0,32.4,53.5,5.6318070145384365,3.888130038227266,1.062940409361992,12,1,30.700000000000028,3.6,8.6,-32.4,1,Monza
R,55,SAI,25.0,2.0,HARD,20.0,87.114,56.8,6.07073772800249,inf,0,32.4,53.2,5.959202904575943,4.170893804617219,0.989618461894396,13,0,34.2,0.0,12.1,-34.2,1,Monza
R,55,SAI,26.0,2.0,HARD,21.0,87.305,55.0,6.111467339502679,inf,0,32.5,54.0,5.8933126025587725,3.943913603994881,0.8196022081577216,12,1,30.79999999999999,3.1,8.4,-36.0,1,Monza
R,55,SAI,29.0,3.0,MEDIUM,1.0,86.613,49.6,6.202535517187923,inf,0,32.4,53.7,6.7070947939306,3.704939515491611,0.015731902593954,14,0,36.90000000000002,0.0,8.5,0.0,1,Monza
R,55,SAI,30.0,3.0,MEDIUM,2.0,86.488,47.8,6.240275845170769,inf,0,32.3,53.3,6.284502563680013,3.664035752882221,0.2544901115723579,12,0,30.90000000000003,0.0,10.7,-1.8,1,Monza
R,55,SAI,31.0,3.0,MEDIUM,3.0,86.128,46.0,6.2766434893416445,inf,0,32.5,53.9,6.3279312015469,3.5936837127604457,0.2214355248111498,15,0,33.300000000000004,0.0,9.9,-3.6,1,Monza
R,55,SAI,32.0,3.0,MEDIUM,4.0,86.236,44.2,6.311734809152915,inf,0,32.7,53.9,6.157409860936757,3.631826324420889,0.3490380419683367,13,0,34.300000000000026,0.0,9.3,-5.4,1,Monza
R,55,SAI,33.0,3.0,MEDIUM,5.0,86.415,42.4,6.345636360828596,inf,0,32.7,54.5,5.815666225508052,3.737289114511048,0.7860145158117584,13,0,35.5,0.0,10.2,-7.2,1,Monza
R,55,SAI,34.0,3.0,MEDIUM,6.0,86.278,40.6,6.3784261836515865,inf,0,32.8,54.2,6.003808931174692,3.751253666630744,0.6466984958347661,9,0,35.09999999999999,0.0,10.3,-9.0,1,Monza
R,55,SAI,35.0,3.0,MEDIUM,7.0,86.124,38.8,6.408528791059498,inf,0,32.8,53.8,5.871158608616319,3.77428921840196,0.74491132742408,12,0,37.10000000000001,0.0,10.1,-10.8,1,Monza
R,55,SAI,36.0,3.0,MEDIUM,8.0,86.1,37.0,6.439350371100098,inf,0,32.8,53.7,6.061498803416836,3.6591240321098986,0.4382602714847254,13,0,39.50000000000002,0.0,8.8,-12.6,1,Monza
R,55,SAI,37.0,3.0,MEDIUM,9.0,85.91,35.2,6.4692503167957724,inf,0,32.8,53.6,6.060905590096674,3.659925735432496,0.4972597379194084,12,0,27.699999999999974,0.0,8.4,-14.4,1,Monza
R,55,SAI,38.0,3.0,MEDIUM,10.0,85.772,33.39999999999999,6.498282149476434,inf,0,32.7,53.8,6.2920447946410665,3.503594257915298,0.1135920450084278,11,1,34.29999999999999,3.900000000000005,7.0,-16.2,1,Monza
R,55,SAI,40.0,3.0,MEDIUM,12.0,86.036,29.8,6.55250788703459,inf,0,32.8,53.1,6.2178891233101705,3.4054313466381974,0.0328298843943164,11,1,36.5,3.6,7.6,-19.8,1,Monza
R,55,SAI,41.0,3.0,MEDIUM,13.0,85.93,28.0,6.579251212010101,inf,0,32.7,53.0,5.884889172858038,3.071388274275465,0.0205799140868687,10,1,34.40000000000003,3.800000000000003,6.7,-21.6,1,Monza
R,55,SAI,42.0,3.0,MEDIUM,14.0,85.88,26.200000000000003,6.602587892189336,inf,0,32.7,53.3,6.407900961687104,3.646592497482215,0.084212872129132,12,1,36.50000000000001,3.999999999999999,7.5,-23.4,1,Monza
R,55,SAI,43.0,3.0,MEDIUM,15.0,86.39,24.39999999999999,6.626717749249025,inf,0,32.6,52.9,6.150790895300959,3.873980741449454,0.5502810070168139,11,0,35.60000000000004,0.0,10.3,-25.2,1,Monza
R,55,SAI,44.0,3.0,MEDIUM,16.0,86.149,22.599999999999994,6.651571873589727,inf,0,32.6,52.5,5.891851003390591,3.900643172392295,0.8768193198761228,14,1,33.19999999999998,0.3000000000000028,9.7,-27.0,1,Monza
R,55,SAI,45.0,3.0,MEDIUM,17.0,86.098,20.8,6.675823221634848,inf,0,32.6,52.7,5.194884825261051,4.21954594519662,1.699770435909469,14,0,39.50000000000002,0.0,9.8,-28.8,1,Monza
R,55,SAI,46.0,3.0,MEDIUM,18.0,85.683,19.0,6.698268054115413,inf,0,32.6,52.7,5.924443824156743,3.5286053632368777,0.439460062217169,13,1,38.99999999999998,3.200000000000001,7.2,-30.6,1,Monza
R,55,SAI,47.0,3.0,MEDIUM,19.0,85.783,17.200000000000003,6.720220155135295,inf,0,32.8,52.3,6.268967802793322,3.750073801164662,0.3366876935072515,13,1,35.30000000000001,3.799999999999996,7.2,-32.4,1,Monza
R,55,SAI,48.0,3.0,MEDIUM,20.0,86.113,15.399999999999991,6.740519359606223,inf,0,32.8,52.0,5.83257795568356,3.8152269002279593,0.7584259403070936,12,0,35.2,0.0,10.2,-34.2,1,Monza
R,55,SAI,49.0,3.0,MEDIUM,21.0,85.847,13.599999999999994,6.760414691083428,inf,0,32.6,52.6,5.277151098657148,4.078001061750445,1.5949126260399302,16,0,32.69999999999998,0.0,10.5,-36.0,1,Monza
R,55,SAI,50.0,3.0,MEDIUM,22.0,86.399,11.799999999999995,6.78105762593618,inf,0,32.7,52.3,5.161125365660423,3.768210341481707,1.35945757258663,12,0,35.89999999999999,0.0,11.9,-37.8,1,Monza
R,55,SAI,51.0,3.0,MEDIUM,23.0,86.257,10.0,6.802394763324311,inf,0,32.6,52.4,6.395161883066269,3.5092472296262702,0.0426147722269236,14,1,39.39999999999998,3.399999999999997,8.4,-39.6,1,Monza
R,55,SAI,52.0,3.0,MEDIUM,24.0,85.96,8.200000000000003,6.823286122355687,inf,0,32.6,52.2,5.8976852965865385,3.702628614133357,0.6661905364532108,12,0,35.999999999999986,0.0,9.3,-41.4,1,Monza
R,55,SAI,53.0,3.0,MEDIUM,25.0,85.964,6.399999999999992,6.842683282238422,inf,0,32.6,51.9,5.837240804394244,3.657383649595502,0.7559784622620936,13,0,39.8,0.0,9.9,-43.2,1,Monza
R,63,RUS,1.0,1.0,MEDIUM,1.0,88.774,100.0,0.6931471805599453,inf,0,31.8,55.8,6.3195280963227,4.377394411410723,1.747063716048742,11,0,40.40000000000001,0.0,12.8,0.0,1,Monza
R,63,RUS,2.0,1.0,MEDIUM,2.0,86.651,98.2,3.044522437723423,inf,0,32.0,56.2,6.473071155403559,3.762406549979901,0.0171542926690573,10,0,38.20000000000003,0.0,10.6,-1.8,1,Monza
R,63,RUS,7.0,2.0,HARD,1.0,86.44,89.2,3.951243718581428,inf,0,32.5,56.3,6.54166377974331,3.850414033872936,0.0416978998911559,12,0,33.40000000000003,0.0,9.1,0.0,1,Monza
R,63,RUS,8.0,2.0,HARD,2.0,86.093,87.4,4.290459441148391,inf,0,32.4,56.8,6.537484422929953,3.858985966439081,0.0131572971942265,14,0,32.30000000000001,0.0,9.9,-1.8,1,Monza
R,63,RUS,10.0,2.0,HARD,4.0,86.305,83.8,4.736198448394496,inf,0,32.4,56.2,6.593230647567356,3.809786500611192,0.0213809131339226,15,0,44.10000000000001,0.0,8.9,-5.4,1,Monza
R,63,RUS,11.0,2.0,HARD,5.0,86.63,82.0,4.90527477843843,inf,0,32.4,55.8,6.533195653507257,3.8378532989011855,0.0109766171208784,9,0,40.00000000000003,0.0,9.9,-7.2,1,Monza
R,63,RUS,12.0,2.0,HARD,6.0,87.352,80.2,5.056245805348308,inf,1,32.5,55.8,5.402939869656182,4.554011404702661,1.7881446495742022,12,0,43.1,0.0,10.5,-9.0,1,Monza
R,63,RUS,13.0,2.0,HARD,7.0,86.142,78.4,5.176149732573829,inf,0,32.4,54.9,4.851029361722205,4.548548399459121,2.1329536011892194,10,0,37.99999999999999,0.0,11.0,-10.8,1,Monza
R,63,RUS,14.0,2.0,HARD,8.0,86.549,76.6,5.2832037287379885,inf,0,32.5,55.4,5.249153720623699,4.220215185184772,1.4867894823233636,10,0,39.100000000000016,0.0,9.9,-12.6,1,Monza
R,63,RUS,15.0,2.0,HARD,9.0,85.773,74.8,5.375278407684165,inf,0,32.6,53.8,6.098601101301826,3.7402600124855976,0.152376497557237,12,0,40.70000000000002,0.0,8.3,-14.4,1,Monza
R,63,RUS,16.0,2.0,HARD,10.0,85.742,73.0,5.468060141135132,inf,0,32.6,54.9,6.4631327029901975,3.635649691338182,0.0219652714581117,11,0,40.19999999999999,0.0,8.9,-16.2,1,Monza
R,63,RUS,17.0,2.0,HARD,11.0,85.584,71.2,5.552959584921617,inf,0,32.6,54.9,6.270051147537494,3.633543443297458,0.2361043438587024,17,0,32.400000000000034,0.0,9.5,-18.0,1,Monza
R,63,RUS,18.0,2.0,HARD,12.0,86.152,69.4,5.634789603169249,inf,0,32.6,54.4,5.178434569981228,4.290778343246107,1.7475352317198651,17,0,39.80000000000004,0.0,10.9,-19.8,1,Monza
R,63,RUS,19.0,2.0,HARD,13.0,85.802,67.6,5.707110264748875,inf,0,32.6,54.5,5.803960781470978,4.149153237354398,0.8866837151986217,10,0,39.19999999999999,0.0,9.2,-21.6,1,Monza
R,63,RUS,20.0,2.0,HARD,14.0,85.606,65.8,5.7745515455444085,inf,0,32.5,54.6,5.5806257048528565,4.441523016151699,1.406040238284888,11,0,36.799999999999976,0.0,11.2,-23.4,1,Monza
R,63,RUS,21.0,2.0,HARD,15.0,85.768,64.0,5.834810737062605,inf,0,32.5,54.4,4.969219539839415,4.394948096809559,1.84966397482624,9,0,37.399999999999984,0.0,10.2,-25.2,1,Monza
R,63,RUS,22.0,2.0,HARD,16.0,86.496,62.2,5.891644211825771,inf,0,32.4,53.8,4.979624202172635,4.325818340015113,1.9477005973423336,11,0,36.900000000000006,0.0,11.0,-27.0,1,Monza
R,63,RUS,23.0,2.0,HARD,17.0,85.827,60.4,5.940171252720432,inf,0,32.5,54.0,6.06446621844736,3.939251805390356,0.4635370217514963,14,0,33.799999999999976,0.0,9.7,-28.8,1,Monza
R,63,RUS,24.0,2.0,HARD,18.0,85.642,58.6,5.988961416889864,inf,0,32.5,54.1,6.095361543973812,3.90569614637932,0.6396794264823369,12,0,27.8,0.0,9.9,-30.6,1,Monza
R,63,RUS,25.0,2.0,HARD,19.0,85.345,56.8,6.037870919922137,inf,0,32.4,53.2,5.818713652129859,3.7830069228508783,0.8250746441853914,14,0,29.700000000000006,0.0,8.4,-32.4,1,Monza
R,63,RUS,26.0,2.0,HARD,20.0,85.505,55.0,6.082218910376446,inf,0,32.5,53.8,5.768248379712677,3.7849341454206953,0.8019827603350589,10,0,24.1,0.0,9.9,-34.2,1,Monza
R,63,RUS,27.0,2.0,HARD,21.0,85.517,53.2,6.124683390894205,inf,0,32.5,54.3,5.749163543462322,3.9068571635699936,1.0011751667266784,11,0,26.60000000000001,0.0,9.3,-36.0,1,Monza
R,63,RUS,28.0,2.0,HARD,22.0,105.699,51.4,6.154858094016418,inf,1,32.5,54.3,1.9714949797439012,4.284371411808127,2.228155955190715,5,0,6.200000000000003,0.0,20.3,-37.8,0,Monza
R,63,RUS,29.0,2.0,HARD,23.0,98.375,49.6,6.180016653652572,inf,1,32.6,54.0,5.7123831984588485,3.08970765520517,0.0639438731955068,10,0,26.900000000000027,0.0,12.4,-39.6,0,Monza
R,63,RUS,30.0,2.0,HARD,24.0,85.66,47.8,6.208590026096629,inf,0,32.3,53.3,6.058364857930403,3.9165937923969327,0.5894934755496704,9,0,40.5,0.0,9.6,-41.4,1,Monza
R,63,RUS,31.0,2.0,HARD,25.0,85.569,46.0,6.246106765481563,inf,0,32.3,54.1,6.091027367301575,3.887795416754986,0.5444719088889054,8,0,43.40000000000001,0.0,9.0,-43.2,1,Monza
R,63,RUS,32.0,2.0,HARD,26.0,85.34,44.2,6.282266746896006,inf,0,32.5,53.9,6.354123514970237,3.8951138059326578,0.2564561925275196,8,0,43.60000000000001,0.0,7.7,-45.0,1,Monza
R,63,RUS,33.0,2.0,HARD,27.0,85.404,42.4,6.317164686747284,inf,0,32.7,53.8,6.215891512278333,3.830443480427312,0.3483526667549224,9,0,41.000000000000014,0.0,9.5,-46.8,1,Monza
R,63,RUS,34.0,2.0,HARD,28.0,85.412,40.6,6.35088571671474,inf,0,32.7,54.5,6.137994765056407,3.686346491333153,0.3441676968411944,11,0,37.7,0.0,9.0,-48.6,1,Monza
R,63,RUS,35.0,2.0,HARD,29.0,85.296,38.8,6.3835066348840055,inf,0,32.9,54.2,5.998179037847596,3.7951658971390314,0.5752836592529005,9,0,43.00000000000001,0.0,9.0,-50.4,1,Monza
R,63,RUS,36.0,2.0,HARD,30.0,85.223,37.0,6.413458957167357,inf,0,32.8,53.8,5.990747132761858,3.789461612234085,0.5461848926146508,11,0,40.69999999999999,0.0,8.5,-52.2,1,Monza
R,63,RUS,37.0,2.0,HARD,31.0,85.337,35.2,6.444131256700441,inf,0,32.8,53.7,6.076504781209263,3.8571688492646734,0.5202577709168459,10,0,40.40000000000002,0.0,9.3,-54.0,1,Monza
R,63,RUS,38.0,2.0,HARD,32.0,85.386,33.39999999999999,6.473890696352274,inf,0,32.8,53.7,5.932768532819893,3.856694437845004,0.6852744277521771,10,0,41.49999999999999,0.0,8.6,-55.8,1,Monza
R,63,RUS,39.0,2.0,HARD,33.0,85.018,31.599999999999994,6.502790045915623,inf,0,32.7,53.8,6.080147838128546,3.825079323816477,0.5111395276357771,10,0,43.09999999999998,0.0,8.9,-57.6,1,Monza
R,63,RUS,40.0,2.0,HARD,34.0,85.094,29.8,6.529418838262226,inf,0,32.8,53.4,6.08024805213714,3.874431659730969,0.5467805160009044,11,0,42.2,0.0,8.9,-59.4,1,Monza
R,63,RUS,41.0,2.0,HARD,35.0,85.331,28.0,6.556778356158042,inf,0,32.8,53.1,5.948346140820069,3.901889826969666,0.6715812379112265,11,0,42.500000000000014,0.0,9.4,-61.2,1,Monza
R,63,RUS,42.0,2.0,HARD,36.0,85.137,26.200000000000003,6.583409222158765,inf,0,32.8,52.9,6.124021073074657,3.7666774372023353,0.3532406430365952,10,0,44.0,0.0,8.9,-63.0,1,Monza
R,63,RUS,43.0,2.0,HARD,37.0,85.261,24.39999999999999,6.606650186198215,inf,0,32.7,53.3,5.991649615195688,3.752521347067978,0.4711417958815281,10,0,42.600000000000016,0.0,9.4,-64.8,1,Monza
R,63,RUS,44.0,2.0,HARD,38.0,85.128,22.599999999999994,6.630683385642372,inf,0,32.6,52.9,6.01668714272428,3.9107516771651376,0.5883458416818117,10,0,43.20000000000001,0.0,9.1,-66.60000000000001,1,Monza
R,63,RUS,45.0,2.0,HARD,39.0,85.183,20.8,6.655440350367647,inf,0,32.6,52.5,5.8513706633590985,3.840402094714642,0.6824676384768947,10,0,42.2,0.0,9.3,-68.4,1,Monza
R,63,RUS,46.0,2.0,HARD,40.0,84.961,19.0,6.679599185844383,inf,0,32.6,52.7,5.613105294672262,3.904906116466271,0.9947241421625412,11,0,35.39999999999999,0.0,9.0,-70.2,1,Monza
R,63,RUS,47.0,2.0,HARD,41.0,84.861,17.200000000000003,6.70196036600254,inf,0,32.8,52.7,5.601870247557814,4.038475517595973,1.114511117239912,9,0,43.49999999999999,0.0,9.5,-72.0,1,Monza
R,63,RUS,48.0,2.0,HARD,42.0,85.276,15.399999999999991,6.723832440821209,inf,0,32.8,52.3,5.371748607431496,4.14801426842063,1.3093980961395209,14,0,39.19999999999999,0.0,9.8,-73.8,1,Monza
R,63,RUS,49.0,2.0,HARD,43.0,87.975,13.599999999999994,6.744059186311348,inf,1,32.6,52.5,5.125826470526103,4.225751902749236,1.6679069272376372,15,0,37.400000000000006,0.0,11.6,-75.60000000000001,1,Monza
R,63,RUS,50.0,2.0,HARD,44.0,86.206,11.799999999999995,6.766191714660351,inf,0,32.6,52.6,5.241847789318936,4.47907666287787,1.554498319277794,10,0,45.3,0.0,11.4,-77.4,1,Monza
R,63,RUS,51.0,2.0,HARD,45.0,84.39,10.0,6.786716950605081,inf,0,32.7,52.3,4.2248151448551,4.415182813092379,2.3798754781519365,11,0,42.900000000000006,0.0,10.8,-79.2,1,Monza
R,63,RUS,52.0,2.0,HARD,46.0,84.977,8.200000000000003,6.806829360392176,inf,0,32.6,52.4,4.578302219613223,4.470045912416796,2.110924927698356,13,0,38.59999999999999,0.0,10.3,-81.0,1,Monza
R,63,RUS,53.0,2.0,HARD,47.0,85.486,6.399999999999992,6.827629234502852,inf,0,32.6,52.2,4.6060909282631375,4.493528688774106,2.192378990469895,13,0,29.60000000000002,0.0,11.4,-82.8,1,Monza
R,77,BOT,1.0,1.0,SOFT,1.0,97.725,100.0,2.995732273553991,inf,1,31.8,55.8,6.37879898029898,4.44945312225153,1.530456821549734,16,0,34.100000000000016,0.0,16.900000000000002,0.0,1,Monza
R,77,BOT,2.0,1.0,SOFT,2.0,91.895,98.2,3.688879454113936,inf,0,32.0,56.2,7.135672585367465,4.587406928536131,0.0783803088098364,9,0,37.3,0.0,13.5,-1.8,1,Monza
R,77,BOT,6.0,2.0,MEDIUM,1.0,131.615,91.0,3.9318256327243257,inf,1,32.5,56.4,6.578046445404013,4.40111762941796,1.309798384316385,12,0,29.599999999999984,0.0,30.1,0.0,0,Monza
R,77,BOT,7.0,2.0,MEDIUM,2.0,89.851,89.2,4.276666119016055,inf,1,32.5,56.3,5.786853558417915,4.418537786495966,1.157807503613835,11,0,36.40000000000002,0.0,18.3,-1.8,1,Monza
R,77,BOT,8.0,2.0,MEDIUM,3.0,88.429,87.4,4.5217885770490405,inf,0,32.4,56.2,6.74823692657196,4.25329917981956,0.1078784855599408,11,0,38.70000000000001,0.0,12.8,-3.6,1,Monza
R,77,BOT,9.0,2.0,MEDIUM,4.0,89.044,85.6,4.718498871295094,inf,0,32.5,56.4,6.872850892077637,4.185032173301966,0.1110510617123395,12,0,30.4,0.0,13.2,-5.4,1,Monza
R,77,BOT,10.0,2.0,MEDIUM,5.0,89.11,83.8,4.890349128221754,inf,0,32.4,55.8,6.803984383545456,3.984726045426021,0.0199723720713572,10,0,37.10000000000001,0.0,11.2,-7.2,1,Monza
R,77,BOT,11.0,2.0,MEDIUM,6.0,88.906,82.0,5.0369526024136295,inf,0,32.4,55.8,6.74855870957029,4.00750936891774,0.0027727682166975,15,0,39.7,0.0,11.7,-9.0,1,Monza
R,77,BOT,12.0,2.0,MEDIUM,7.0,88.549,80.2,5.159055299214529,inf,0,32.4,55.3,6.7768104760486345,4.03625259173498,0.015772196640108,12,0,39.6,0.0,11.3,-10.8,1,Monza
R,77,BOT,13.0,2.0,MEDIUM,8.0,88.807,78.4,5.267858159063328,inf,0,32.4,54.9,6.681924979512067,3.98772780357856,0.0036222704401301,14,0,45.90000000000002,0.0,10.1,-12.6,1,Monza
R,77,BOT,14.0,2.0,MEDIUM,9.0,88.37,76.6,5.3612921657094255,inf,0,32.5,55.0,6.648988372737431,3.9836951764746074,0.0565157198741393,7,0,41.5,0.0,10.6,-14.4,1,Monza
R,77,BOT,15.0,2.0,MEDIUM,10.0,88.597,74.8,5.455321115357702,inf,0,32.6,53.8,6.478485547861947,3.758291766245445,0.0017922311991608,9,0,43.2,0.0,10.3,-16.2,1,Monza
R,77,BOT,16.0,2.0,MEDIUM,11.0,88.572,73.0,5.541263545158426,inf,0,32.6,54.9,6.606111538464795,3.90476988334768,0.0020704007871882,13,0,41.80000000000001,0.0,10.4,-18.0,1,Monza
R,77,BOT,17.0,2.0,MEDIUM,12.0,88.476,71.2,5.62040086571715,inf,0,32.7,54.7,6.663785850110504,3.988324976489293,0.0153296828297325,10,0,44.9,0.0,10.6,-19.8,1,Monza
R,77,BOT,18.0,2.0,MEDIUM,13.0,88.539,69.4,5.6937321388027,inf,0,32.6,54.5,6.715108462331155,4.054475183508895,0.0073183661729765,10,0,40.400000000000006,0.0,10.6,-21.6,1,Monza
R,77,BOT,19.0,2.0,MEDIUM,14.0,88.471,67.6,5.762051382780177,inf,0,32.6,54.2,6.364959120321082,3.654774172560845,0.0050693068106386,10,0,43.8,0.0,10.8,-23.4,1,Monza
R,77,BOT,20.0,2.0,MEDIUM,15.0,88.568,65.8,5.823045895483019,inf,0,32.5,54.6,6.657486794230346,3.9866291156588263,0.0022404611205861,12,0,41.09999999999997,0.0,11.0,-25.2,1,Monza
R,77,BOT,21.0,2.0,MEDIUM,16.0,88.41,64.0,5.8805329864007,inf,0,32.5,53.8,6.713582009196089,4.013843738033941,0.0373531046808543,14,0,43.70000000000001,0.0,10.7,-27.0,1,Monza
R,77,BOT,22.0,2.0,MEDIUM,17.0,88.594,62.2,5.932245187448011,inf,0,32.4,53.8,6.819025591214934,4.113771871578276,0.0123798386152539,14,0,41.40000000000003,0.0,10.7,-28.8,1,Monza
R,77,BOT,23.0,2.0,MEDIUM,18.0,88.386,60.4,5.983936280687191,inf,0,32.5,54.1,6.853736422829785,4.2435959168352575,0.1163228585759504,11,0,32.7,0.0,10.5,-30.6,1,Monza
R,77,BOT,24.0,2.0,MEDIUM,19.0,89.711,58.6,6.0330862217988015,inf,0,32.4,53.5,6.658178236136406,4.231428269300186,0.249653600776295,16,0,40.400000000000034,0.0,11.7,-32.4,1,Monza
R,77,BOT,25.0,2.0,MEDIUM,20.0,88.57,56.8,6.07993319509559,inf,0,32.5,53.8,6.848158125911608,4.183168513388828,0.0218787130253056,9,0,39.000000000000014,0.0,10.8,-34.2,1,Monza
R,77,BOT,26.0,2.0,MEDIUM,21.0,88.707,55.0,6.12029741895095,inf,0,32.5,54.0,6.81836248804136,4.129224588838241,0.0236754576236894,16,0,39.00000000000002,0.0,11.3,-36.0,1,Monza
R,77,BOT,29.0,3.0,SOFT,1.0,87.982,49.6,6.2166061010848646,inf,0,32.3,53.3,6.54420970908321,3.851587298981082,0.0004265575220837,10,0,38.70000000000001,0.0,10.6,0.0,1,Monza
R,77,BOT,30.0,3.0,SOFT,2.0,90.847,47.8,6.261491684321042,inf,1,32.3,54.1,5.771708914415668,3.787654275936392,1.025657512102517,10,0,36.3,0.0,17.3,-1.8,1,Monza
R,77,BOT,31.0,3.0,SOFT,3.0,87.803,46.0,6.297109319933935,inf,0,32.7,53.9,6.652975885535328,4.035744224970179,0.0269008933810985,8,0,41.9,0.0,10.0,-3.6,1,Monza
R,77,BOT,32.0,3.0,SOFT,4.0,89.253,44.2,6.333279628139691,inf,1,32.7,53.8,6.420919580911065,3.805459197140376,0.1192735922160801,12,0,34.20000000000002,0.0,11.7,-5.4,1,Monza
R,77,BOT,33.0,3.0,SOFT,5.0,87.801,42.4,6.366470447731438,inf,0,32.8,54.2,6.311447185326732,3.973370391258543,0.348474997071831,14,0,43.30000000000003,0.0,10.9,-7.2,1,Monza
R,77,BOT,34.0,3.0,SOFT,6.0,87.661,40.6,6.396929655216146,inf,0,32.9,54.2,6.676983728797199,4.001074690472004,0.0100345359194182,14,0,41.80000000000002,0.0,9.5,-9.0,1,Monza
R,77,BOT,35.0,3.0,SOFT,7.0,88.14,38.8,6.428105272684596,inf,0,32.8,53.7,6.628031652834025,3.894372593342765,0.0103852079002961,12,0,44.20000000000002,0.0,10.2,-10.8,1,Monza
R,77,BOT,36.0,3.0,SOFT,8.0,88.744,37.0,6.459904454377535,inf,0,32.8,53.6,5.673966674682369,3.961149042127477,1.0073515205112409,14,0,39.80000000000001,0.0,14.4,-12.6,1,Monza
R,77,BOT,37.0,3.0,SOFT,9.0,89.146,35.2,6.490723534502507,inf,1,32.7,53.8,6.536173697429238,3.8790350080875458,0.0581392269346313,11,0,43.1,0.0,11.5,-14.4,1,Monza
R,77,BOT,38.0,3.0,SOFT,10.0,87.625,33.39999999999999,6.519147287940395,inf,0,32.7,53.1,6.394493159340307,4.03677049105165,0.3079884896987028,10,0,41.4,0.0,10.9,-16.2,1,Monza
R,77,BOT,39.0,3.0,SOFT,11.0,87.716,31.599999999999994,6.54534966033442,inf,0,32.8,53.4,6.5344104928280045,3.8364819422128273,0.0728849655117744,13,0,34.70000000000002,0.0,10.4,-18.0,1,Monza
R,77,BOT,40.0,3.0,SOFT,12.0,89.414,29.8,6.573680166960646,inf,1,32.7,53.0,5.970584727795618,3.740580295030243,0.2864505768166596,10,0,37.70000000000001,0.0,11.7,-19.8,1,Monza
R,77,BOT,41.0,3.0,SOFT,13.0,87.597,28.0,6.598509028614515,inf,0,32.8,52.9,6.303664166045633,3.9864449985648096,0.3764791045397321,16,0,37.60000000000001,0.0,11.1,-21.6,1,Monza
R,77,BOT,42.0,3.0,SOFT,14.0,87.468,26.200000000000003,6.621405651764134,inf,0,32.6,52.9,6.6607956895077765,3.961069358771248,0.0243079444218242,10,0,42.100000000000016,0.0,10.1,-23.4,1,Monza
R,77,BOT,43.0,3.0,SOFT,15.0,87.46,24.39999999999999,6.646390514847729,inf,0,32.5,53.0,6.562046837924299,3.840025691844279,0.020563265170983,11,0,39.69999999999999,0.0,9.5,-25.2,1,Monza
R,77,BOT,44.0,3.0,SOFT,16.0,87.616,22.599999999999994,6.670766320845874,inf,0,32.6,52.7,6.407028439092199,3.684918143619252,0.0102777084698866,16,0,38.00000000000001,0.0,10.2,-27.0,1,Monza
R,77,BOT,45.0,3.0,SOFT,17.0,87.585,20.8,6.694562058521095,inf,0,32.6,52.7,6.249619235578269,3.840465100038811,0.33830490973716,13,0,39.50000000000002,0.0,10.8,-28.8,1,Monza
R,77,BOT,46.0,3.0,SOFT,18.0,92.412,19.0,6.71901315438526,inf,1,32.8,52.3,6.225882632362499,3.94012243144148,0.4627069440529304,13,0,36.1,0.0,17.0,-30.6,1,Monza
R,77,BOT,48.0,3.0,SOFT,20.0,88.393,15.399999999999991,6.762729506931879,inf,0,32.6,52.6,6.530884488563492,3.8234127127943855,0.0045309243233834,11,0,40.400000000000006,0.0,9.9,-34.2,1,Monza
R,77,BOT,49.0,3.0,SOFT,21.0,93.564,13.599999999999994,6.787844982309579,inf,1,32.7,52.3,5.463984704021287,4.044709160928647,0.5088599313963024,7,0,35.20000000000001,0.0,14.4,-36.0,1,Monza
R,77,BOT,50.0,3.0,SOFT,22.0,89.946,11.799999999999995,6.80903930604298,inf,1,32.6,52.4,5.615619248156295,4.171939081675714,1.1288576876873049,10,0,38.10000000000001,0.0,14.0,-37.8,1,Monza
R,77,BOT,51.0,3.0,SOFT,23.0,87.325,10.0,6.829793737512425,inf,0,32.6,52.2,6.389327729084009,3.874487842643274,0.2190253863109586,12,0,40.20000000000001,0.0,10.6,-39.6,1,Monza
R,81,PIA,1.0,1.0,MEDIUM,1.0,90.028,100.0,1.6094379124341005,inf,1,31.8,55.8,5.317964877852024,2.398837356396321,1.0804282531004912,16,0,35.30000000000001,0.0,15.1,0.0,1,Monza
R,81,PIA,2.0,1.0,MEDIUM,2.0,87.486,98.2,3.1780538303479458,inf,0,32.0,56.2,5.274861913756306,2.52048309639057,0.5325822010176924,14,0,27.1,0.0,14.4,-1.8,1,Monza
R,81,PIA,7.0,2.0,HARD,1.0,87.432,89.2,4.02535169073515,inf,1,32.5,56.3,5.541858337045033,2.417753100054456,0.090626055202077,11,0,33.49999999999998,0.0,10.4,0.0,1,Monza
R,81,PIA,8.0,2.0,HARD,2.0,86.051,87.4,4.343805421853684,inf,0,32.4,56.2,5.482879637559879,2.238799355797033,0.0064428925014674,12,1,28.59999999999999,0.4000000000000007,10.7,-1.8,1,Monza
R,81,PIA,9.0,2.0,HARD,3.0,85.978,85.6,4.574710978503383,inf,0,32.5,56.4,5.464307899148842,2.269654180849578,0.0491937671882828,15,1,30.900000000000027,0.4000000000000007,10.2,-3.6,1,Monza
R,81,PIA,10.0,2.0,HARD,4.0,86.321,83.8,4.762173934797756,inf,0,32.4,56.2,5.534912923424821,2.216230825724017,0.0276594088049937,14,0,38.70000000000002,0.0,12.2,-5.4,1,Monza
R,81,PIA,11.0,2.0,HARD,5.0,86.086,82.0,4.927253685157205,inf,0,32.4,55.8,5.366634391265947,2.0464379999633677,0.0871188434135736,14,0,41.7,0.0,11.9,-7.2,1,Monza
R,81,PIA,12.0,2.0,HARD,6.0,85.975,80.2,5.062595033026967,inf,0,32.5,55.8,5.30720317550041,1.9334922559609704,0.0077646103013891,13,0,40.70000000000002,0.0,11.2,-9.0,1,Monza
R,81,PIA,13.0,2.0,HARD,7.0,86.547,78.4,5.187385805840755,inf,0,32.4,54.9,5.4189853896249005,2.0529692193641877,0.0155047320079587,11,0,44.19999999999999,0.0,11.0,-10.8,1,Monza
R,81,PIA,14.0,2.0,HARD,8.0,86.111,76.6,5.293304824724492,inf,0,32.5,55.4,5.367570185793357,2.118373375829666,0.0122531901156509,13,0,45.2,0.0,7.2,-12.6,1,Monza
R,81,PIA,15.0,2.0,HARD,9.0,86.233,74.8,5.389071729816501,inf,0,32.6,53.8,5.459574835180961,2.175286514240837,0.0591933183627695,12,0,34.50000000000001,0.0,11.1,-14.4,1,Monza
R,81,PIA,16.0,2.0,HARD,10.0,86.723,73.0,5.484796933490655,inf,0,32.6,54.9,5.419148745389567,2.236574306638168,0.1400616086225171,13,1,39.40000000000001,2.399999999999997,10.6,-16.2,1,Monza
R,81,PIA,17.0,2.0,HARD,11.0,86.552,71.2,5.568344503761097,inf,0,32.6,54.9,5.483501705398174,2.153028869076991,0.0221762539287861,12,0,42.2,0.0,11.9,-18.0,1,Monza
R,81,PIA,18.0,2.0,HARD,12.0,86.764,69.4,5.645446897643238,inf,0,32.6,54.4,5.311320997304888,2.213083250069075,0.2453266672685184,11,1,37.7,0.9000000000000042,11.3,-19.8,1,Monza
R,81,PIA,19.0,2.0,HARD,13.0,85.646,67.6,5.713732805509369,inf,0,32.6,54.5,5.302819667405553,1.9148512513400369,0.0048377562895626,11,1,38.70000000000001,0.7000000000000014,9.6,-21.6,1,Monza
R,81,PIA,20.0,2.0,HARD,14.0,86.094,65.8,5.780743515792329,inf,0,32.5,54.6,5.262929614878873,1.993380598782296,0.0011106535061778,12,0,35.800000000000026,0.0,8.8,-23.4,1,Monza
R,81,PIA,21.0,2.0,HARD,15.0,86.231,64.0,5.840641657373398,inf,0,32.5,54.4,5.380447374378708,2.001195107763498,0.0014781608282298,15,0,44.10000000000001,0.0,9.7,-25.2,1,Monza
R,81,PIA,22.0,2.0,HARD,16.0,86.083,62.2,5.8971538676367405,inf,0,32.4,53.8,5.3782895108583,2.006863309235925,0.0057831228322777,14,0,36.60000000000004,0.0,10.6,-27.0,1,Monza
R,81,PIA,23.0,2.0,HARD,17.0,86.811,60.4,5.950642552587727,inf,0,32.5,54.0,5.385870039635469,2.2095929145559605,0.1804445337501014,12,0,41.89999999999999,0.0,10.5,-28.8,1,Monza
R,81,PIA,24.0,2.0,HARD,18.0,85.926,58.6,5.998936561946683,inf,0,32.4,53.5,5.318757314653215,2.105649374462007,0.1299116748056805,15,0,34.50000000000001,0.0,11.6,-30.6,1,Monza
R,81,PIA,25.0,2.0,HARD,19.0,85.884,56.8,6.045005314036012,inf,0,32.4,53.2,5.218662057453628,1.8426186751130729,0.0034554057647213,11,0,41.4,0.0,9.6,-32.4,1,Monza
R,81,PIA,26.0,2.0,HARD,20.0,86.143,55.0,6.0867747269123065,inf,0,32.5,53.8,5.276674363088244,1.8545228005865877,0.0002400571812207,11,0,37.6,0.0,10.2,-34.2,1,Monza
R,81,PIA,27.0,2.0,HARD,21.0,86.106,53.2,6.131226489483141,inf,0,32.5,54.3,5.268256611708333,1.8939423732765253,0.001172422393367,12,0,40.49999999999999,0.0,10.1,-36.0,1,Monza
R,81,PIA,28.0,2.0,HARD,22.0,109.065,51.4,6.156978985585555,inf,1,32.5,54.3,1.0543251592093288,1.7409298672723132,3.303700011513208,1,0,2.1,0.0,23.6,-37.8,0,Monza
R,81,PIA,29.0,2.0,HARD,23.0,92.536,49.6,6.182084906716632,inf,1,32.6,54.0,4.78073976965311,1.551587945010969,0.3601919159912483,12,0,29.9,0.0,15.0,-39.6,1,Monza
R,81,PIA,30.0,2.0,HARD,24.0,85.915,47.8,6.212606095751519,inf,0,32.3,53.3,5.3520256084992015,1.892824874035108,0.0062551500788873,11,0,39.89999999999999,0.0,10.3,-41.4,1,Monza
R,81,PIA,31.0,2.0,HARD,25.0,85.967,46.0,6.248042874508429,inf,0,32.3,54.1,5.289826969464141,1.910406633697061,0.0080083065115636,14,0,32.600000000000016,0.0,9.9,-43.2,1,Monza
R,81,PIA,32.0,2.0,HARD,26.0,86.02,44.2,6.284134161070802,inf,0,32.5,53.9,5.240609359461415,1.807064400922872,0.0004817807768446,10,1,44.60000000000001,0.8999999999999971,10.0,-45.0,1,Monza
R,81,PIA,33.0,2.0,HARD,27.0,86.251,42.4,6.318968113746434,inf,0,32.7,53.8,5.258803702908674,1.796393358168268,0.0002689387131116,12,0,38.600000000000016,0.0,9.9,-46.8,1,Monza
R,81,PIA,34.0,2.0,HARD,28.0,86.035,40.6,6.352629396319567,inf,0,32.7,54.5,5.242837318930728,1.784346627256763,0.0007082426605667,11,0,43.10000000000001,0.0,10.0,-48.6,1,Monza
R,81,PIA,35.0,2.0,HARD,29.0,85.597,38.8,6.385194398997726,inf,0,32.9,54.2,5.212146006111398,1.7900240697149792,0.0035903184632937,10,0,43.19999999999998,0.0,9.9,-50.4,1,Monza
R,81,PIA,36.0,2.0,HARD,30.0,85.544,37.0,6.415096959171596,inf,0,32.8,53.8,5.240850376897964,1.7732358174974063,0.0016964071667188,12,0,45.19999999999997,0.0,8.8,-52.2,1,Monza
R,81,PIA,37.0,2.0,HARD,31.0,86.128,35.2,6.447305862541213,inf,0,32.8,53.6,5.422766947948465,1.987828021165232,0.0206352489891577,14,0,44.99999999999999,0.0,11.0,-54.0,1,Monza
R,81,PIA,38.0,2.0,HARD,32.0,85.315,33.39999999999999,6.476972362889683,inf,0,32.8,53.7,5.3620020895210985,2.016544844591728,0.0111958367908917,13,1,41.30000000000002,0.8000000000000028,10.8,-55.8,1,Monza
R,81,PIA,39.0,2.0,HARD,33.0,86.325,31.599999999999994,6.507277712385012,inf,0,32.7,53.1,5.444228296124088,2.164109901663236,0.0861767733068293,11,0,41.20000000000002,0.0,11.4,-57.6,1,Monza
R,81,PIA,40.0,2.0,HARD,34.0,86.156,29.8,6.533788837933344,inf,0,32.8,53.4,4.96018416736386,2.198149947581995,0.5631830806029579,14,0,32.2,0.0,11.8,-59.4,1,Monza
R,81,PIA,41.0,2.0,HARD,35.0,86.152,28.0,6.559615237493242,inf,0,32.8,53.1,5.254858606291849,2.076407372635774,0.0092488127400103,12,0,35.99999999999997,0.0,7.7,-61.2,1,Monza
R,81,PIA,42.0,2.0,HARD,36.0,85.692,26.200000000000003,6.586171654854675,inf,0,32.8,52.9,5.220850072448827,1.9565088125028076,0.0005104482503631,10,1,33.30000000000002,0.9000000000000042,7.0,-63.0,1,Monza
R,81,PIA,43.0,2.0,HARD,37.0,86.242,24.39999999999999,6.610696044717759,inf,0,32.7,53.3,5.122189339053652,2.020227350339719,0.3382606581945747,16,0,39.29999999999998,0.0,11.4,-64.8,1,Monza
R,81,PIA,44.0,2.0,HARD,38.0,85.194,22.599999999999994,6.634633357861686,inf,0,32.5,53.0,5.227621118366168,2.1048728366792115,0.1264891286023808,12,0,40.7,0.0,9.9,-66.60000000000001,1,Monza
R,81,PIA,45.0,2.0,HARD,39.0,85.125,20.8,6.659293919683638,inf,0,32.6,52.5,5.172114951292047,2.0625825478681934,0.2451028531814713,12,0,34.89999999999999,0.0,10.8,-68.4,1,Monza
R,81,PIA,46.0,2.0,HARD,40.0,85.313,19.0,6.683360945766275,inf,0,32.6,52.7,4.75581563501146,2.096212959227008,0.6773896636697315,11,0,38.09999999999999,0.0,11.3,-70.2,1,Monza
R,81,PIA,47.0,2.0,HARD,41.0,85.385,17.200000000000003,6.705639094860003,inf,0,32.8,52.7,4.807354031172112,2.0547963037142685,0.5886118590454872,12,0,43.09999999999998,0.0,11.3,-72.0,1,Monza
R,81,PIA,48.0,2.0,HARD,42.0,85.755,15.399999999999991,6.728628613084702,inf,0,32.8,52.3,4.99814631883352,2.234966594750317,0.5417403373012628,11,0,39.99999999999999,0.0,12.4,-73.8,1,Monza
R,81,PIA,49.0,2.0,HARD,43.0,85.458,13.599999999999994,6.746412128573375,inf,0,32.6,52.5,5.009904963665106,2.0660399044893847,0.334768059755452,16,0,39.60000000000001,0.0,9.8,-75.60000000000001,1,Monza
R,81,PIA,50.0,2.0,HARD,44.0,85.525,11.799999999999995,6.76849321164863,inf,0,32.6,52.6,5.327203218394178,1.971398081484784,0.0080417277224203,8,0,41.3,0.0,9.7,-77.4,1,Monza
R,81,PIA,51.0,2.0,HARD,45.0,86.314,10.0,6.790097235513905,inf,0,32.7,51.8,5.348816436194225,1.9709506092827576,0.0108070451254522,15,1,41.90000000000003,0.6,10.0,-79.2,1,Monza
R,81,PIA,52.0,2.0,HARD,46.0,85.521,8.200000000000003,6.811244378601294,inf,0,32.6,52.4,5.345302346013471,2.123845385800108,0.0161303973568312,8,1,42.8,0.3000000000000028,8.3,-81.0,1,Monza
R,81,PIA,53.0,2.0,HARD,47.0,85.834,6.399999999999992,6.831953565565855,inf,0,32.6,51.9,5.23146763692789,2.3391585205977448,0.4196782393382554,10,1,43.3,0.3999999999999971,8.4,-82.8,1,Monza
R,87,BEA,1.0,1.0,SOFT,1.0,92.659,100.0,2.19722457733622,inf,1,31.8,55.8,6.421872694317653,5.257485445541184,2.00369605332735,13,0,40.000000000000014,0.0,13.0,0.0,1,Monza
R,87,BEA,2.0,1.0,SOFT,2.0,87.733,98.2,3.332204510175204,inf,0,32.0,56.2,6.188256877627067,5.041565051830924,1.1336666499327346,11,0,40.80000000000001,0.0,10.6,-1.8,1,Monza
R,87,BEA,7.0,2.0,HARD,1.0,88.252,89.2,4.0943445622221,inf,0,32.5,56.3,6.214899017363729,5.344873783821264,1.4768727423284718,14,0,34.0,0.0,12.3,0.0,1,Monza
R,87,BEA,8.0,2.0,HARD,2.0,87.442,87.4,4.394449154672439,inf,0,32.4,56.2,7.032516526667479,5.0859277822572135,0.3643013106056553,8,1,39.8,0.3000000000000028,9.6,-1.8,1,Monza
R,87,BEA,9.0,2.0,HARD,3.0,87.651,85.6,4.624972813284271,inf,0,32.5,56.4,6.19638790058636,5.239053480535768,1.28580883452271,17,0,34.7,0.0,9.6,-3.6,1,Monza
R,87,BEA,10.0,2.0,HARD,4.0,87.26,83.8,4.812184355372417,inf,0,32.4,55.8,6.459347056873693,4.871954453677246,0.8827642643871525,10,0,44.00000000000001,0.0,9.4,-5.4,1,Monza
R,87,BEA,11.0,2.0,HARD,5.0,87.38,82.0,4.969813299576001,inf,0,32.4,55.8,6.829111734195278,4.968140095819972,0.5532780251843157,9,0,42.29999999999999,0.0,9.6,-7.2,1,Monza
R,87,BEA,12.0,2.0,HARD,6.0,87.033,80.2,5.10594547390058,inf,0,32.5,55.8,6.650440213107148,4.788921224826824,0.6097019768834234,11,0,42.900000000000006,0.0,8.9,-9.0,1,Monza
R,87,BEA,13.0,2.0,HARD,7.0,86.883,78.4,5.220355825078325,inf,0,32.4,54.9,6.495540640161407,4.7972091288106,0.7499702212338508,10,0,38.10000000000001,0.0,9.3,-10.8,1,Monza
R,87,BEA,14.0,2.0,HARD,8.0,87.305,76.6,5.318119993844216,inf,0,32.5,55.4,6.81098496346722,4.675154799595479,0.3478068536336122,14,0,40.899999999999984,0.0,9.7,-12.6,1,Monza
R,87,BEA,15.0,2.0,HARD,9.0,87.145,74.8,5.41610040220442,inf,0,32.6,53.8,6.945932364319603,4.703477988670201,0.2400776191419514,7,0,44.8,0.0,9.2,-14.4,1,Monza
R,87,BEA,16.0,2.0,HARD,10.0,87.283,73.0,5.5053315359323625,inf,0,32.6,54.9,7.081249285840324,4.676195895812221,0.0735563138620939,12,0,42.79999999999996,0.0,8.9,-16.2,1,Monza
R,87,BEA,17.0,2.0,HARD,11.0,87.071,71.2,5.58724865840025,inf,0,32.7,54.7,6.994161718459121,4.573765092275357,0.0472614679255788,7,0,45.8,0.0,8.700000000000001,-18.0,1,Monza
R,87,BEA,18.0,2.0,HARD,12.0,86.939,69.4,5.662960480135946,inf,0,32.6,54.4,7.102687103130059,4.705107009673374,0.1307184614653393,10,0,39.59999999999998,0.0,8.6,-19.8,1,Monza
R,87,BEA,19.0,2.0,HARD,13.0,87.321,67.6,5.733341276897746,inf,0,32.6,54.2,7.073208425966571,4.596656122703963,0.0540563750373077,8,0,38.59999999999999,0.0,9.1,-21.6,1,Monza
R,87,BEA,20.0,2.0,HARD,14.0,87.378,65.8,5.796057750765372,inf,0,32.5,54.6,7.090552570224319,4.645139679363783,0.0603034286992555,9,0,44.79999999999998,0.0,9.4,-23.4,1,Monza
R,87,BEA,21.0,2.0,HARD,15.0,87.353,64.0,5.857933154483459,inf,0,32.5,54.4,7.130721321293583,4.573213803948272,0.0480802425649859,9,0,38.70000000000001,0.0,8.200000000000001,-25.2,1,Monza
R,87,BEA,22.0,2.0,HARD,16.0,87.582,62.2,5.91350300563827,inf,0,32.4,53.8,7.019726518934762,4.52950746737656,0.0455358971716897,12,0,43.900000000000006,0.0,9.4,-27.0,1,Monza
R,87,BEA,23.0,2.0,HARD,17.0,87.111,60.4,5.963579343618446,inf,0,32.5,54.0,7.005543049755919,4.521320306834176,0.0361185226558916,11,0,40.70000000000002,0.0,8.9,-28.8,1,Monza
R,87,BEA,24.0,2.0,HARD,18.0,87.252,58.6,6.0112671744041615,inf,0,32.4,53.5,7.078404206774608,4.713487016533859,0.1560508345444946,11,0,45.6,0.0,7.5,-30.6,1,Monza
R,87,BEA,25.0,2.0,HARD,19.0,87.224,56.8,6.059123195581797,inf,0,32.4,53.2,6.967994993423077,4.455747713126804,0.0393705614550542,13,0,40.3,0.0,8.6,-32.4,1,Monza
R,87,BEA,26.0,2.0,HARD,20.0,87.231,55.0,6.100318952020064,inf,0,32.5,54.0,7.030217742408926,4.545783902691015,0.0661046168817965,9,0,37.50000000000001,0.0,7.9,-34.2,1,Monza
R,87,BEA,27.0,2.0,HARD,21.0,92.347,53.2,6.1463292576688975,inf,1,32.5,54.3,5.520046182765256,6.193458643809669,1.7426092968593636,11,0,37.50000000000001,0.0,14.4,-36.0,1,Monza
R,87,BEA,28.0,2.0,HARD,22.0,111.9,51.4,6.173786103901937,inf,1,32.5,53.5,3.4523355578558808,3.506096822192511,1.5337295436047436,3,0,15.599999999999998,0.0,20.200000000000003,-37.8,0,Monza
R,87,BEA,29.0,2.0,HARD,23.0,87.369,49.6,6.198478716492308,inf,0,32.4,53.7,5.5210162032834,5.209016950905308,1.6464021418537762,10,0,38.00000000000001,0.0,11.5,-39.6,1,Monza
R,87,BEA,30.0,2.0,HARD,24.0,86.754,47.8,6.234410725718371,inf,0,32.3,53.3,5.662101074133951,5.335003363084959,1.607714332682278,8,1,41.10000000000001,0.3000000000000028,10.5,-41.4,1,Monza
R,87,BEA,31.0,2.0,HARD,25.0,86.356,46.0,6.270988431858299,inf,0,32.5,53.9,5.478518780588118,5.254510116336943,1.8822808386644796,9,0,34.99999999999999,0.0,10.1,-43.2,1,Monza
R,87,BEA,32.0,2.0,HARD,26.0,86.734,44.2,6.306275286948016,inf,0,32.7,53.9,5.799554448532611,5.104347001399115,1.4242897645562271,11,0,41.69999999999997,0.0,10.3,-45.0,1,Monza
R,87,BEA,33.0,2.0,HARD,27.0,86.724,42.4,6.340359303727752,inf,0,32.7,53.8,5.854709237548255,5.244233276180083,1.466831122720518,10,0,38.7,0.0,10.2,-46.8,1,Monza
R,87,BEA,34.0,2.0,HARD,28.0,87.017,40.6,6.373319789577012,inf,0,32.8,54.2,6.01878097949828,5.180288343179612,1.2067990303774652,12,0,38.49999999999999,0.0,10.2,-48.6,1,Monza
R,87,BEA,35.0,2.0,HARD,29.0,87.122,38.8,6.403574197934815,inf,0,32.9,54.2,6.159424611165861,5.0322996554656525,1.1531748225263037,12,0,35.2,0.0,9.9,-50.4,1,Monza
R,87,BEA,36.0,2.0,HARD,30.0,87.322,37.0,6.434546518787453,inf,0,32.8,53.7,6.502725838060405,4.741823204009776,0.6655085742912223,9,0,44.7,0.0,9.3,-52.2,1,Monza
R,87,BEA,37.0,2.0,HARD,31.0,87.099,35.2,6.464588303689961,inf,0,32.8,53.6,6.067059866377891,4.993889169341392,1.164887406561553,8,0,40.00000000000002,0.0,9.8,-54.0,1,Monza
R,87,BEA,38.0,2.0,HARD,32.0,87.281,33.39999999999999,6.493753839851687,inf,0,32.7,53.8,6.716655906955968,4.8520687935093125,0.6184882540293611,15,0,39.49999999999999,0.0,10.3,-55.8,1,Monza
R,87,BEA,39.0,2.0,HARD,33.0,87.431,31.599999999999994,6.522092798170152,inf,0,32.7,53.1,6.613341301335785,4.774127526843959,0.6313142996306034,10,0,42.7,0.0,9.6,-57.6,1,Monza
R,87,BEA,40.0,2.0,HARD,34.0,87.156,29.8,6.548219102762372,inf,0,32.8,53.1,6.513124666487176,4.83850782939805,0.8289557035087353,7,1,44.20000000000001,0.3999999999999971,8.8,-59.4,1,Monza
R,87,BEA,41.0,2.0,HARD,35.0,87.574,28.0,6.57507584059962,inf,0,32.7,53.0,6.840168940938462,4.735374057121002,0.3493438997112482,8,0,43.70000000000002,0.0,10.7,-61.2,1,Monza
R,87,BEA,42.0,2.0,HARD,36.0,87.137,26.200000000000003,6.5998704992128365,inf,0,32.8,52.9,6.7985931984022585,4.662494160096703,0.3403249150905434,11,0,46.2,0.0,8.700000000000001,-63.0,1,Monza
R,87,BEA,43.0,2.0,HARD,37.0,87.049,24.39999999999999,6.62273632394984,inf,0,32.6,52.9,6.743014396632661,4.679715325104928,0.4586334895911335,12,0,36.99999999999999,0.0,9.5,-64.8,1,Monza
R,87,BEA,44.0,2.0,HARD,38.0,87.02,22.599999999999994,6.647688373563329,inf,0,32.5,53.0,6.543390313888296,4.585123079396217,0.5606367122482957,10,0,44.69999999999999,0.0,9.4,-66.60000000000001,1,Monza
R,87,BEA,45.0,2.0,HARD,39.0,86.952,20.8,6.672032945461067,inf,0,32.6,52.7,6.165544054470427,4.789500594693053,1.0816566951486428,10,0,42.30000000000002,0.0,9.6,-68.4,1,Monza
R,87,BEA,46.0,2.0,HARD,40.0,87.224,19.0,6.695798917058491,inf,0,32.6,52.7,6.517778017586383,4.883825682037955,0.8828651760902657,11,0,44.20000000000001,0.0,9.1,-70.2,1,Monza
R,87,BEA,47.0,2.0,HARD,41.0,87.75,17.200000000000003,6.717804695023691,inf,0,32.8,52.3,5.940539195706437,4.878225310134928,1.4199795833037638,10,0,44.3,0.0,10.9,-72.0,1,Monza
R,87,BEA,48.0,2.0,HARD,42.0,86.933,15.399999999999991,6.739336627357174,inf,0,32.8,52.0,6.034462701269162,4.860063097510124,1.1920801690247025,8,0,42.70000000000001,0.0,10.3,-73.8,1,Monza
R,87,BEA,49.0,2.0,HARD,43.0,87.192,13.599999999999994,6.759255270663693,inf,0,32.6,52.6,6.730171186416394,4.818123775132833,0.5764763673270696,15,0,39.49999999999998,0.0,10.4,-75.60000000000001,1,Monza
R,87,BEA,50.0,2.0,HARD,44.0,87.828,11.799999999999995,6.782192056006791,inf,0,32.7,52.3,5.546255680435912,5.141685813009149,1.4352890760327248,7,0,38.6,0.0,11.3,-77.4,1,Monza
R,87,BEA,51.0,2.0,HARD,45.0,86.955,10.0,6.803505257608338,inf,0,32.6,52.4,5.741576105388472,5.047308399098554,1.295606077396513,11,0,42.00000000000001,0.0,11.0,-79.2,1,Monza
R,87,BEA,52.0,2.0,HARD,46.0,88.04,8.200000000000003,6.825460036255307,inf,0,32.6,52.2,5.452345894662663,5.376942756168609,1.6551399924829338,16,0,32.500000000000014,0.0,12.0,-81.0,1,Monza
R,87,BEA,53.0,2.0,HARD,47.0,87.158,6.399999999999992,6.844815479208263,inf,0,32.6,51.9,5.151132995532307,5.601389502090805,2.4185544837292325,7,0,43.50000000000002,0.0,13.3,-82.8,1,Monza
