year,event,session,driver,driver_number,team,lap_number,stint,compound,tyre_life,fresh_tyre,lap_time_s,sector1_s,sector2_s,sector3_s,position,track_status,deleted,is_accurate,is_pit_lap,is_green,fuel_kg_burned,lap_time_fuel_corr_s,assumed_harvest_mj,air_temp_c,track_temp_c,rainfall
2026,Austria,R,NOR,1,McLaren,1.0,1.0,MEDIUM,1.0,True,78.505,,34.025,23.01,7.0,1,,False,False,True,0.0,78.505,8.5,34.46711409395974,50.162416107382555,False
2026,Austria,R,NOR,1,McLaren,2.0,1.0,MEDIUM,2.0,True,73.406,17.506,32.889,23.011,7.0,1,,True,False,True,1.8,73.46000000000001,8.5,34.46711409395974,50.162416107382555,False
2026,Austria,R,NOR,1,McLaren,3.0,1.0,MEDIUM,3.0,True,73.015,17.426,33.028,22.561,7.0,1,,True,False,True,3.6,73.123,8.5,34.46711409395974,50.162416107382555,False
2026,Austria,R,NOR,1,McLaren,4.0,1.0,MEDIUM,4.0,True,72.63,17.419,32.841,22.37,7.0,1,,True,False,True,5.4,72.792,8.5,34.46711409395974,50.162416107382555,False
2026,Austria,R,NOR,1,McLaren,5.0,1.0,MEDIUM,5.0,True,72.439,17.338,32.593,22.508,7.0,1,,True,False,True,7.2,72.65499999999999,8.5,34.46711409395974,50.162416107382555,False
2026,Austria,R,NOR,1,McLaren,6.0,1.0,MEDIUM,6.0,True,72.493,17.515,32.435,22.543,7.0,1,,True,False,True,9.0,72.76299999999999,8.5,34.46711409395974,50.162416107382555,False
2026,Austria,R,NOR,1,McLaren,7.0,1.0,MEDIUM,7.0,True,73.459,17.552,32.673,23.234,7.0,1,,True,False,True,10.8,73.783,8.5,34.46711409395974,50.162416107382555,False
2026,Austria,R,NOR,1,McLaren,8.0,1.0,MEDIUM,8.0,True,73.025,17.671,32.712,22.642,7.0,1,,True,False,True,12.6,73.403,8.5,34.46711409395974,50.162416107382555,False
2026,Austria,R,NOR,1,McLaren,9.0,1.0,MEDIUM,9.0,True,73.013,17.558,32.642,22.813,7.0,1,,True,False,True,14.4,73.44500000000001,8.5,34.46711409395974,50.162416107382555,False
2026,Austria,R,NOR,1,McLaren,10.0,1.0,MEDIUM,10.0,True,73.197,17.709,32.656,22.832,7.0,1,,True,False,True,16.2,73.683,8.5,34.46711409395974,50.162416107382555,False
2026,Austria,R,NOR,1,McLaren,11.0,1.0,MEDIUM,11.0,True,73.335,17.759,32.595,22.981,7.0,1,,True,False,True,18.0,73.875,8.5,34.46711409395974,50.162416107382555,False
2026,Austria,R,NOR,1,McLaren,12.0,1.0,MEDIUM,12.0,True,73.25,17.664,32.673,22.913,7.0,1,,True,False,True,19.8,73.844,8.5,34.46711409395974,50.162416107382555,False
2026,Austria,R,NOR,1,McLaren,13.0,1.0,MEDIUM,13.0,True,73.591,17.75,32.838,23.003,5.0,1,,True,False,True,21.6,74.23899999999999,8.5,34.46711409395974,50.162416107382555,False
2026,Austria,R,NOR,1,McLaren,14.0,1.0,MEDIUM,14.0,True,73.423,17.732,32.727,22.964,5.0,1,,True,False,True,23.400000000000002,74.125,8.5,34.46711409395974,50.162416107382555,False
2026,Austria,R,NOR,1,McLaren,15.0,1.0,MEDIUM,15.0,True,73.419,17.68,32.838,22.901,5.0,1,,True,False,True,25.2,74.175,8.5,34.46711409395974,50.162416107382555,False
2026,Austria,R,NOR,1,McLaren,16.0,1.0,MEDIUM,16.0,True,73.323,17.711,32.724,22.888,5.0,1,,True,False,True,27.0,74.133,8.5,34.46711409395974,50.162416107382555,False
2026,Austria,R,NOR,1,McLaren,17.0,1.0,MEDIUM,17.0,True,73.157,17.722,32.594,22.841,5.0,1,,True,False,True,28.8,74.021,8.5,34.46711409395974,50.162416107382555,False
2026,Austria,R,NOR,1,McLaren,18.0,1.0,MEDIUM,18.0,True,73.381,17.792,32.786,22.803,5.0,1,,True,False,True,30.6,74.299,8.5,34.46711409395974,50.162416107382555,False
2026,Austria,R,NOR,1,McLaren,19.0,1.0,MEDIUM,19.0,True,74.33,17.879,33.596,22.855,3.0,1,,True,False,True,32.4,75.30199999999999,8.5,34.46711409395974,50.162416107382555,False
2026,Austria,R,NOR,1,McLaren,20.0,1.0,MEDIUM,20.0,True,73.655,17.835,33.001,22.819,2.0,1,,True,False,True,34.2,74.681,8.5,34.46711409395974,50.162416107382555,False
2026,Austria,R,NOR,1,McLaren,21.0,1.0,MEDIUM,21.0,True,78.354,17.954,32.931,27.469,5.0,1,,False,True,True,36.0,79.434,8.5,34.46711409395974,50.162416107382555,False
2026,Austria,R,NOR,1,McLaren,22.0,2.0,HARD,1.0,True,90.005,34.292,33.236,22.477,8.0,1,,False,True,True,37.800000000000004,91.139,8.5,34.46711409395974,50.162416107382555,False
2026,Austria,R,NOR,1,McLaren,23.0,2.0,HARD,2.0,True,72.148,17.602,32.287,22.259,8.0,1,,True,False,True,39.6,73.336,8.5,34.46711409395974,50.162416107382555,False
2026,Austria,R,NOR,1,McLaren,24.0,2.0,HARD,3.0,True,78.463,17.524,32.23,28.709,8.0,126,,False,False,False,41.4,79.705,8.5,34.46711409395974,50.162416107382555,False
2026,Austria,R,NOR,1,McLaren,25.0,2.0,HARD,4.0,True,96.995,23.668,41.017,32.31,8.0,6,,False,False,False,43.2,98.29100000000001,8.5,34.46711409395974,50.162416107382555,False
2026,Austria,R,NOR,1,McLaren,26.0,2.0,HARD,5.0,True,84.972,20.212,42.528,22.232,8.0,671,,False,False,False,45.0,86.32199999999999,8.5,34.46711409395974,50.162416107382555,False
2026,Austria,R,NOR,1,McLaren,27.0,2.0,HARD,6.0,True,71.773,17.518,32.193,22.062,8.0,1,,True,False,True,46.800000000000004,73.17699999999999,8.5,34.46711409395974,50.162416107382555,False
2026,Austria,R,NOR,1,McLaren,28.0,2.0,HARD,7.0,True,71.568,17.479,32.001,22.088,8.0,1,,True,False,True,48.6,73.026,8.5,34.46711409395974,50.162416107382555,False
2026,Austria,R,NOR,1,McLaren,29.0,2.0,HARD,8.0,True,71.843,17.379,32.231,22.233,8.0,1,,True,False,True,50.4,73.355,8.5,34.46711409395974,50.162416107382555,False
2026,Austria,R,NOR,1,McLaren,30.0,2.0,HARD,9.0,True,71.797,17.473,32.285,22.039,8.0,1,,True,False,True,52.2,73.363,8.5,34.46711409395974,50.162416107382555,False
2026,Austria,R,NOR,1,McLaren,31.0,2.0,HARD,10.0,True,71.666,17.507,31.988,22.171,8.0,1,,True,False,True,54.0,73.286,8.5,34.46711409395974,50.162416107382555,False
2026,Austria,R,NOR,1,McLaren,32.0,2.0,HARD,11.0,True,71.593,17.428,32.128,22.037,8.0,1,,True,False,True,55.800000000000004,73.26700000000001,8.5,34.46711409395974,50.162416107382555,False
2026,Austria,R,NOR,1,McLaren,33.0,2.0,HARD,12.0,True,71.542,17.477,32.059,22.006,8.0,1,,True,False,True,57.6,73.27,8.5,34.46711409395974,50.162416107382555,False
2026,Austria,R,NOR,1,McLaren,34.0,2.0,HARD,13.0,True,71.916,17.439,32.411,22.066,8.0,1,,True,False,True,59.4,73.698,8.5,34.46711409395974,50.162416107382555,False
2026,Austria,R,NOR,1,McLaren,35.0,2.0,HARD,14.0,True,71.547,17.348,32.124,22.075,8.0,1,,True,False,True,61.2,73.383,8.5,34.46711409395974,50.162416107382555,False
2026,Austria,R,NOR,1,McLaren,36.0,2.0,HARD,15.0,True,71.824,17.435,32.261,22.128,8.0,1,,True,False,True,63.0,73.714,8.5,34.46711409395974,50.162416107382555,False
2026,Austria,R,NOR,1,McLaren,37.0,2.0,HARD,16.0,True,72.345,17.458,32.611,22.276,8.0,1,,True,False,True,64.8,74.289,8.5,34.46711409395974,50.162416107382555,False
2026,Austria,R,NOR,1,McLaren,38.0,2.0,HARD,17.0,True,71.788,17.381,32.192,22.215,7.0,1,,True,False,True,66.60000000000001,73.786,8.5,34.46711409395974,50.162416107382555,False
2026,Austria,R,NOR,1,McLaren,39.0,2.0,HARD,18.0,True,72.229,17.454,32.54,22.235,7.0,1,,True,False,True,68.4,74.281,8.5,34.46711409395974,50.162416107382555,False
2026,Austria,R,NOR,1,McLaren,40.0,2.0,HARD,19.0,True,72.078,17.461,32.325,22.292,6.0,1,,True,False,True,70.2,74.184,8.5,34.46711409395974,50.162416107382555,False
2026,Austria,R,NOR,1,McLaren,41.0,2.0,HARD,20.0,True,72.134,17.479,32.446,22.209,6.0,1,,True,False,True,72.0,74.294,8.5,34.46711409395974,50.162416107382555,False
2026,Austria,R,NOR,1,McLaren,42.0,2.0,HARD,21.0,True,71.746,17.382,32.187,22.177,6.0,1,,True,False,True,73.8,73.96,8.5,34.46711409395974,50.162416107382555,False
2026,Austria,R,NOR,1,McLaren,43.0,2.0,HARD,22.0,True,72.194,17.507,32.457,22.23,4.0,1,,True,False,True,75.60000000000001,74.462,8.5,34.46711409395974,50.162416107382555,False
2026,Austria,R,NOR,1,McLaren,44.0,2.0,HARD,23.0,True,72.353,17.372,32.541,22.44,4.0,1,,True,False,True,77.4,74.675,8.5,34.46711409395974,50.162416107382555,False
2026,Austria,R,NOR,1,McLaren,45.0,2.0,HARD,24.0,True,72.274,17.448,32.404,22.422,4.0,1,,True,False,True,79.2,74.65,8.5,34.46711409395974,50.162416107382555,False
2026,Austria,R,NOR,1,McLaren,46.0,2.0,HARD,25.0,True,72.465,17.561,32.591,22.313,4.0,1,,True,False,True,81.0,74.89500000000001,8.5,34.46711409395974,50.162416107382555,False
2026,Austria,R,NOR,1,McLaren,47.0,2.0,HARD,26.0,True,76.801,17.463,32.548,26.79,4.0,1,,False,True,True,82.8,79.285,8.5,34.46711409395974,50.162416107382555,False
2026,Austria,R,NOR,1,McLaren,48.0,3.0,HARD,1.0,True,88.64,34.472,32.378,21.79,8.0,1,,False,True,True,84.60000000000001,91.178,8.5,34.46711409395974,50.162416107382555,False
2026,Austria,R,NOR,1,McLaren,49.0,3.0,HARD,2.0,True,70.994,17.212,31.847,21.935,8.0,1,,True,False,True,86.4,73.586,8.5,34.46711409395974,50.162416107382555,False
2026,Austria,R,NOR,1,McLaren,50.0,3.0,HARD,3.0,True,70.865,17.235,31.649,21.981,8.0,1,,True,False,True,88.2,73.511,8.5,34.46711409395974,50.162416107382555,False
2026,Austria,R,NOR,1,McLaren,51.0,3.0,HARD,4.0,True,71.17,17.33,32.096,21.744,8.0,1,,True,False,True,90.0,73.87,8.5,34.46711409395974,50.162416107382555,False
2026,Austria,R,NOR,1,McLaren,52.0,3.0,HARD,5.0,True,82.848,17.38,37.324,28.144,8.0,167,,False,False,False,91.8,85.602,8.5,34.46711409395974,50.162416107382555,False
2026,Austria,R,NOR,1,McLaren,53.0,3.0,HARD,6.0,True,70.659,17.286,31.641,21.732,8.0,1,,True,False,True,93.60000000000001,73.46700000000001,8.5,34.46711409395974,50.162416107382555,False
2026,Austria,R,NOR,1,McLaren,54.0,3.0,HARD,7.0,True,70.983,17.362,31.805,21.816,8.0,1,,True,False,True,95.4,73.845,8.5,34.46711409395974,50.162416107382555,False
2026,Austria,R,NOR,1,McLaren,55.0,3.0,HARD,8.0,True,70.652,17.328,31.55,21.774,8.0,1,,True,False,True,97.2,73.568,8.5,34.46711409395974,50.162416107382555,False
2026,Austria,R,NOR,1,McLaren,56.0,3.0,HARD,9.0,True,70.907,17.314,31.74,21.853,8.0,1,,True,False,True,99.0,73.877,8.5,34.46711409395974,50.162416107382555,False
2026,Austria,R,NOR,1,McLaren,57.0,3.0,HARD,10.0,True,70.979,17.23,31.846,21.903,8.0,1,,True,False,True,100.8,74.003,8.5,34.46711409395974,50.162416107382555,False
2026,Austria,R,NOR,1,McLaren,58.0,3.0,HARD,11.0,True,71.465,17.248,31.993,22.224,8.0,1,,True,False,True,102.60000000000001,74.543,8.5,34.46711409395974,50.162416107382555,False
2026,Austria,R,NOR,1,McLaren,59.0,3.0,HARD,12.0,True,71.584,17.312,32.329,21.943,7.0,1,,True,False,True,104.4,74.71600000000001,8.5,34.46711409395974,50.162416107382555,False
2026,Austria,R,NOR,1,McLaren,60.0,3.0,HARD,13.0,True,71.216,17.308,31.984,21.924,7.0,1,,True,False,True,106.2,74.40199999999999,8.5,34.46711409395974,50.162416107382555,False
2026,Austria,R,NOR,1,McLaren,61.0,3.0,HARD,14.0,True,71.205,17.385,31.818,22.002,7.0,1,,True,False,True,108.0,74.445,8.5,34.46711409395974,50.162416107382555,False
2026,Austria,R,NOR,1,McLaren,62.0,3.0,HARD,15.0,True,71.586,17.368,32.022,22.196,7.0,1,,True,False,True,109.8,74.88,8.5,34.46711409395974,50.162416107382555,False
2026,Austria,R,NOR,1,McLaren,63.0,3.0,HARD,16.0,True,71.385,17.298,32.006,22.081,7.0,1,,True,False,True,111.60000000000001,74.733,8.5,34.46711409395974,50.162416107382555,False
2026,Austria,R,NOR,1,McLaren,64.0,3.0,HARD,17.0,True,71.318,17.34,31.904,22.074,7.0,1,,True,False,True,113.4,74.72,8.5,34.46711409395974,50.162416107382555,False
2026,Austria,R,NOR,1,McLaren,65.0,3.0,HARD,18.0,True,71.409,17.259,31.996,22.154,7.0,1,,True,False,True,115.2,74.86500000000001,8.5,34.46711409395974,50.162416107382555,False
2026,Austria,R,NOR,1,McLaren,66.0,3.0,HARD,19.0,True,71.497,17.287,32.157,22.053,7.0,1,,True,False,True,117.0,75.007,8.5,34.46711409395974,50.162416107382555,False
2026,Austria,R,NOR,1,McLaren,67.0,3.0,HARD,20.0,True,72.49,17.415,32.955,22.12,7.0,1,,True,False,True,118.8,76.05399999999999,8.5,34.46711409395974,50.162416107382555,False
2026,Austria,R,NOR,1,McLaren,68.0,3.0,HARD,21.0,True,71.939,17.357,32.217,22.365,7.0,1,,True,False,True,120.60000000000001,75.55699999999999,8.5,34.46711409395974,50.162416107382555,False
2026,Austria,R,NOR,1,McLaren,69.0,3.0,HARD,22.0,True,71.821,17.31,32.303,22.208,7.0,1,,True,False,True,122.4,75.493,8.5,34.46711409395974,50.162416107382555,False
2026,Austria,R,NOR,1,McLaren,70.0,3.0,HARD,23.0,True,72.674,17.779,32.604,22.291,7.0,1,,True,False,True,124.2,76.4,8.5,34.46711409395974,50.162416107382555,False
2026,Austria,R,NOR,1,McLaren,71.0,3.0,HARD,24.0,True,72.739,17.573,32.799,22.367,7.0,1,,True,False,True,126.0,76.519,8.5,34.46711409395974,50.162416107382555,False
2026,Austria,R,GAS,10,Alpine,1.0,1.0,MEDIUM,1.0,True,80.728,,34.497,23.172,13.0,1,,False,False,True,0.0,80.728,8.5,34.46711409395974,50.162416107382555,False
2026,Austria,R,GAS,10,Alpine,2.0,1.0,MEDIUM,2.0,True,74.455,17.978,33.506,22.971,13.0,1,,True,False,True,1.8,74.509,8.5,34.46711409395974,50.162416107382555,False
2026,Austria,R,GAS,10,Alpine,3.0,1.0,MEDIUM,3.0,True,73.713,17.556,33.245,22.912,13.0,1,,True,False,True,3.6,73.821,8.5,34.46711409395974,50.162416107382555,False
2026,Austria,R,GAS,10,Alpine,4.0,1.0,MEDIUM,4.0,True,74.015,17.499,33.374,23.142,13.0,1,,True,False,True,5.4,74.177,8.5,34.46711409395974,50.162416107382555,False
2026,Austria,R,GAS,10,Alpine,5.0,1.0,MEDIUM,5.0,True,74.023,17.65,33.322,23.051,13.0,1,,True,False,True,7.2,74.23899999999999,8.5,34.46711409395974,50.162416107382555,False
2026,Austria,R,GAS,10,Alpine,6.0,1.0,MEDIUM,6.0,True,74.065,17.615,33.232,23.218,13.0,1,,True,False,True,9.0,74.335,8.5,34.46711409395974,50.162416107382555,False
2026,Austria,R,GAS,10,Alpine,7.0,1.0,MEDIUM,7.0,True,74.705,17.855,33.382,23.468,13.0,1,,True,False,True,10.8,75.029,8.5,34.46711409395974,50.162416107382555,False
2026,Austria,R,GAS,10,Alpine,8.0,1.0,MEDIUM,8.0,True,74.513,17.804,33.364,23.345,13.0,1,,True,False,True,12.6,74.891,8.5,34.46711409395974,50.162416107382555,False
2026,Austria,R,GAS,10,Alpine,9.0,1.0,MEDIUM,9.0,True,74.864,17.659,33.712,23.493,13.0,1,,True,False,True,14.4,75.296,8.5,34.46711409395974,50.162416107382555,False
2026,Austria,R,GAS,10,Alpine,10.0,1.0,MEDIUM,10.0,True,75.154,17.818,33.839,23.497,13.0,1,,True,False,True,16.2,75.64,8.5,34.46711409395974,50.162416107382555,False
2026,Austria,R,GAS,10,Alpine,11.0,1.0,MEDIUM,11.0,True,75.588,17.67,34.249,23.669,13.0,1,,True,False,True,18.0,76.128,8.5,34.46711409395974,50.162416107382555,False
2026,Austria,R,GAS,10,Alpine,12.0,1.0,MEDIUM,12.0,True,74.943,17.793,33.77,23.38,13.0,1,,True,False,True,19.8,75.53699999999999,8.5,34.46711409395974,50.162416107382555,False
2026,Austria,R,GAS,10,Alpine,13.0,1.0,MEDIUM,13.0,True,79.306,17.879,33.723,27.704,16.0,1,,False,True,True,21.6,79.954,8.5,34.46711409395974,50.162416107382555,False
2026,Austria,R,GAS,10,Alpine,14.0,2.0,HARD,1.0,True,90.469,34.852,32.869,22.748,20.0,1,,False,True,True,23.400000000000002,91.17099999999999,8.5,34.46711409395974,50.162416107382555,False
2026,Austria,R,GAS,10,Alpine,15.0,2.0,HARD,2.0,True,72.983,17.674,32.528,22.781,19.0,1,,True,False,True,25.2,73.739,8.5,34.46711409395974,50.162416107382555,False
2026,Austria,R,GAS,10,Alpine,16.0,2.0,HARD,3.0,True,73.349,17.478,32.757,23.114,18.0,1,,True,False,True,27.0,74.159,8.5,34.46711409395974,50.162416107382555,False
2026,Austria,R,GAS,10,Alpine,17.0,2.0,HARD,4.0,True,73.244,17.934,32.543,22.767,17.0,1,,True,False,True,28.8,74.108,8.5,34.46711409395974,50.162416107382555,False
2026,Austria,R,GAS,10,Alpine,18.0,2.0,HARD,5.0,True,73.04,17.741,32.577,22.722,17.0,1,,True,False,True,30.6,73.95800000000001,8.5,34.46711409395974,50.162416107382555,False
2026,Austria,R,GAS,10,Alpine,19.0,2.0,HARD,6.0,True,72.932,17.639,32.697,22.596,15.0,1,,True,False,True,32.4,73.904,8.5,34.46711409395974,50.162416107382555,False
2026,Austria,R,GAS,10,Alpine,20.0,2.0,HARD,7.0,True,72.916,17.651,32.554,22.711,14.0,1,,True,False,True,34.2,73.942,8.5,34.46711409395974,50.162416107382555,False
2026,Austria,R,GAS,10,Alpine,21.0,2.0,HARD,8.0,True,72.772,17.627,32.539,22.606,14.0,1,,True,False,True,36.0,73.852,8.5,34.46711409395974,50.162416107382555,False
2026,Austria,R,GAS,10,Alpine,22.0,2.0,HARD,9.0,True,72.985,17.615,32.635,22.735,13.0,1,,True,False,True,37.800000000000004,74.119,8.5,34.46711409395974,50.162416107382555,False
2026,Austria,R,GAS,10,Alpine,23.0,2.0,HARD,10.0,True,73.89,17.536,33.273,23.081,12.0,1,,True,False,True,39.6,75.078,8.5,34.46711409395974,50.162416107382555,False
2026,Austria,R,GAS,10,Alpine,24.0,2.0,HARD,11.0,True,83.514,17.883,35.274,30.357,12.0,126,,False,False,False,41.4,84.756,8.5,34.46711409395974,50.162416107382555,False
2026,Austria,R,GAS,10,Alpine,25.0,2.0,HARD,12.0,True,96.491,21.814,43.764,30.913,12.0,6,,False,False,False,43.2,97.787,8.5,34.46711409395974,50.162416107382555,False
2026,Austria,R,GAS,10,Alpine,26.0,2.0,HARD,13.0,True,82.551,22.507,37.224,22.82,12.0,671,,False,False,False,45.0,83.901,8.5,34.46711409395974,50.162416107382555,False
2026,Austria,R,GAS,10,Alpine,27.0,2.0,HARD,14.0,True,73.061,17.648,32.772,22.641,12.0,1,,True,False,True,46.800000000000004,74.465,8.5,34.46711409395974,50.162416107382555,False
2026,Austria,R,GAS,10,Alpine,28.0,2.0,HARD,15.0,True,72.923,17.686,32.568,22.669,12.0,1,,True,False,True,48.6,74.381,8.5,34.46711409395974,50.162416107382555,False
2026,Austria,R,GAS,10,Alpine,29.0,2.0,HARD,16.0,True,73.094,17.703,32.541,22.85,12.0,1,,True,False,True,50.4,74.606,8.5,34.46711409395974,50.162416107382555,False
2026,Austria,R,GAS,10,Alpine,30.0,2.0,HARD,17.0,True,73.146,17.61,32.824,22.712,12.0,1,,True,False,True,52.2,74.712,8.5,34.46711409395974,50.162416107382555,False
2026,Austria,R,GAS,10,Alpine,31.0,2.0,HARD,18.0,True,73.156,17.732,32.738,22.686,12.0,1,,True,False,True,54.0,74.77600000000001,8.5,34.46711409395974,50.162416107382555,False
2026,Austria,R,GAS,10,Alpine,32.0,2.0,HARD,19.0,True,73.184,17.679,32.779,22.726,12.0,1,,True,False,True,55.800000000000004,74.858,8.5,34.46711409395974,50.162416107382555,False
2026,Austria,R,GAS,10,Alpine,33.0,2.0,HARD,20.0,True,73.464,17.658,32.95,22.856,12.0,1,,True,False,True,57.6,75.192,8.5,34.46711409395974,50.162416107382555,False
2026,Austria,R,GAS,10,Alpine,34.0,2.0,HARD,21.0,True,73.591,17.7,33.087,22.804,12.0,1,,True,False,True,59.4,75.37299999999999,8.5,34.46711409395974,50.162416107382555,False
2026,Austria,R,GAS,10,Alpine,35.0,2.0,HARD,22.0,True,73.749,17.825,33.133,22.791,12.0,1,,True,False,True,61.2,75.585,8.5,34.46711409395974,50.162416107382555,False
2026,Austria,R,GAS,10,Alpine,36.0,2.0,HARD,23.0,True,73.927,17.833,33.193,22.901,12.0,1,,True,False,True,63.0,75.81700000000001,8.5,34.46711409395974,50.162416107382555,False
2026,Austria,R,GAS,10,Alpine,37.0,2.0,HARD,24.0,True,73.947,17.865,33.078,23.004,12.0,1,,True,False,True,64.8,75.891,8.5,34.46711409395974,50.162416107382555,False
2026,Austria,R,GAS,10,Alpine,38.0,2.0,HARD,25.0,True,78.051,17.831,33.162,27.058,13.0,1,,False,True,True,66.60000000000001,80.049,8.5,34.46711409395974,50.162416107382555,False
2026,Austria,R,GAS,10,Alpine,39.0,3.0,MEDIUM,1.0,True,89.337,33.938,32.652,22.747,14.0,1,,False,True,True,68.4,91.38900000000001,8.5,34.46711409395974,50.162416107382555,False
2026,Austria,R,GAS,10,Alpine,40.0,3.0,MEDIUM,2.0,True,72.259,17.611,32.318,22.33,14.0,1,,True,False,True,70.2,74.365,8.5,34.46711409395974,50.162416107382555,False
2026,Austria,R,GAS,10,Alpine,41.0,3.0,MEDIUM,3.0,True,72.291,17.545,32.248,22.498,14.0,1,,True,False,True,72.0,74.451,8.5,34.46711409395974,50.162416107382555,False
2026,Austria,R,GAS,10,Alpine,42.0,3.0,MEDIUM,4.0,True,72.583,17.443,32.375,22.765,14.0,1,,True,False,True,73.8,74.797,8.5,34.46711409395974,50.162416107382555,False
2026,Austria,R,GAS,10,Alpine,43.0,3.0,MEDIUM,5.0,True,72.471,17.332,32.721,22.418,13.0,1,,True,False,True,75.60000000000001,74.739,8.5,34.46711409395974,50.162416107382555,False
2026,Austria,R,GAS,10,Alpine,44.0,3.0,MEDIUM,6.0,True,72.371,17.575,32.394,22.402,13.0,1,,True,False,True,77.4,74.693,8.5,34.46711409395974,50.162416107382555,False
2026,Austria,R,GAS,10,Alpine,45.0,3.0,MEDIUM,7.0,True,72.718,17.602,32.612,22.504,13.0,1,,True,False,True,79.2,75.09400000000001,8.5,34.46711409395974,50.162416107382555,False
2026,Austria,R,GAS,10,Alpine,46.0,3.0,MEDIUM,8.0,True,72.366,17.427,32.519,22.42,12.0,1,,True,False,True,81.0,74.79599999999999,8.5,34.46711409395974,50.162416107382555,False
2026,Austria,R,GAS,10,Alpine,47.0,3.0,MEDIUM,9.0,True,72.967,17.464,32.539,22.964,12.0,1,,True,False,True,82.8,75.451,8.5,34.46711409395974,50.162416107382555,False
2026,Austria,R,GAS,10,Alpine,48.0,3.0,MEDIUM,10.0,True,73.261,18.11,32.722,22.429,12.0,1,,True,False,True,84.60000000000001,75.79899999999999,8.5,34.46711409395974,50.162416107382555,False
2026,Austria,R,GAS,10,Alpine,49.0,3.0,MEDIUM,11.0,True,72.557,17.439,32.709,22.409,12.0,1,,True,False,True,86.4,75.149,8.5,34.46711409395974,50.162416107382555,False
2026,Austria,R,GAS,10,Alpine,50.0,3.0,MEDIUM,12.0,True,72.686,17.421,32.756,22.509,12.0,1,,True,False,True,88.2,75.33200000000001,8.5,34.46711409395974,50.162416107382555,False
2026,Austria,R,GAS,10,Alpine,51.0,3.0,MEDIUM,13.0,True,78.808,17.637,32.689,28.482,12.0,16,,False,True,False,90.0,81.50800000000001,8.5,34.46711409395974,50.162416107382555,False
2026,Austria,R,GAS,10,Alpine,52.0,4.0,SOFT,1.0,True,91.156,34.094,34.661,22.401,13.0,671,,False,True,False,91.8,93.91000000000001,8.5,34.46711409395974,50.162416107382555,False
2026,Austria,R,GAS,10,Alpine,53.0,4.0,SOFT,2.0,True,73.63,17.089,34.092,22.449,13.0,1,,True,False,True,93.60000000000001,76.438,8.5,34.46711409395974,50.162416107382555,False
2026,Austria,R,GAS,10,Alpine,54.0,4.0,SOFT,3.0,True,71.466,17.196,32.076,22.194,13.0,1,,True,False,True,95.4,74.32799999999999,8.5,34.46711409395974,50.162416107382555,False
2026,Austria,R,GAS,10,Alpine,55.0,4.0,SOFT,4.0,True,72.805,17.298,32.824,22.683,13.0,1,,True,False,True,97.2,75.721,8.5,34.46711409395974,50.162416107382555,False
2026,Austria,R,GAS,10,Alpine,56.0,4.0,SOFT,5.0,True,72.053,17.305,32.536,22.212,13.0,1,,True,False,True,99.0,75.023,8.5,34.46711409395974,50.162416107382555,False
2026,Austria,R,GAS,10,Alpine,57.0,4.0,SOFT,6.0,True,73.102,18.218,32.571,22.313,13.0,1,,True,False,True,100.8,76.126,8.5,34.46711409395974,50.162416107382555,False
2026,Austria,R,GAS,10,Alpine,58.0,4.0,SOFT,7.0,True,73.762,17.172,32.908,23.682,13.0,1,,True,False,True,102.60000000000001,76.84,8.5,34.46711409395974,50.162416107382555,False
2026,Austria,R,GAS,10,Alpine,59.0,4.0,SOFT,8.0,True,71.953,17.564,32.185,22.204,13.0,1,,True,False,True,104.4,75.08500000000001,8.5,34.46711409395974,50.162416107382555,False
2026,Austria,R,GAS,10,Alpine,60.0,4.0,SOFT,9.0,True,71.581,17.481,32.097,22.003,13.0,1,,True,False,True,106.2,74.767,8.5,34.46711409395974,50.162416107382555,False
2026,Austria,R,GAS,10,Alpine,61.0,4.0,SOFT,10.0,True,71.651,17.474,32.049,22.128,13.0,1,,True,False,True,108.0,74.89099999999999,8.5,34.46711409395974,50.162416107382555,False
2026,Austria,R,GAS,10,Alpine,62.0,4.0,SOFT,11.0,True,71.625,17.357,32.172,22.096,13.0,1,,True,False,True,109.8,74.919,8.5,34.46711409395974,50.162416107382555,False
2026,Austria,R,GAS,10,Alpine,63.0,4.0,SOFT,12.0,True,71.779,17.391,32.199,22.189,13.0,1,,True,False,True,111.60000000000001,75.127,8.5,34.46711409395974,50.162416107382555,False
2026,Austria,R,GAS,10,Alpine,64.0,4.0,SOFT,13.0,True,73.001,17.35,33.213,22.438,13.0,1,,True,False,True,113.4,76.403,8.5,34.46711409395974,50.162416107382555,False
2026,Austria,R,GAS,10,Alpine,65.0,4.0,SOFT,14.0,True,72.076,17.376,32.327,22.373,13.0,1,,True,False,True,115.2,75.532,8.5,34.46711409395974,50.162416107382555,False
2026,Austria,R,GAS,10,Alpine,66.0,4.0,SOFT,15.0,True,72.223,17.414,32.477,22.332,13.0,1,,True,False,True,117.0,75.733,8.5,34.46711409395974,50.162416107382555,False
2026,Austria,R,GAS,10,Alpine,67.0,4.0,SOFT,16.0,True,72.562,17.37,32.901,22.291,13.0,1,,True,False,True,118.8,76.12599999999999,8.5,34.46711409395974,50.162416107382555,False
2026,Austria,R,GAS,10,Alpine,68.0,4.0,SOFT,17.0,True,71.986,17.31,32.381,22.295,13.0,1,,True,False,True,120.60000000000001,75.604,8.5,34.46711409395974,50.162416107382555,False
2026,Austria,R,GAS,10,Alpine,69.0,4.0,SOFT,18.0,True,72.97,17.355,33.071,22.544,13.0,1,,True,False,True,122.4,76.642,8.5,34.46711409395974,50.162416107382555,False
2026,Austria,R,GAS,10,Alpine,70.0,4.0,SOFT,19.0,True,72.673,17.5,32.742,22.431,13.0,1,,True,False,True,124.2,76.399,8.5,34.46711409395974,50.162416107382555,False
2026,Austria,R,PER,11,Cadillac,1.0,1.0,MEDIUM,1.0,True,82.791,,35.102,23.618,18.0,1,,False,False,True,0.0,82.791,8.5,34.46711409395974,50.162416107382555,False
2026,Austria,R,PER,11,Cadillac,2.0,1.0,MEDIUM,2.0,True,75.275,17.711,34.119,23.445,18.0,1,,True,False,True,1.8,75.32900000000001,8.5,34.46711409395974,50.162416107382555,False
2026,Austria,R,PER,11,Cadillac,3.0,1.0,MEDIUM,3.0,True,74.448,17.579,33.468,23.401,18.0,1,,True,False,True,3.6,74.556,8.5,34.46711409395974,50.162416107382555,False
2026,Austria,R,PER,11,Cadillac,4.0,1.0,MEDIUM,4.0,True,84.857,17.553,34.591,32.713,21.0,1,,False,True,True,5.4,85.019,8.5,34.46711409395974,50.162416107382555,False
2026,Austria,R,ANT,12,Mercedes,1.0,1.0,MEDIUM,1.0,True,76.931,,33.513,22.318,4.0,1,,False,False,True,0.0,76.931,8.5,34.46711409395974,50.162416107382555,False
2026,Austria,R,ANT,12,Mercedes,2.0,1.0,MEDIUM,2.0,True,74.216,17.866,33.687,22.663,5.0,1,,True,False,True,1.8,74.27,8.5,34.46711409395974,50.162416107382555,False
2026,Austria,R,ANT,12,Mercedes,3.0,1.0,MEDIUM,3.0,True,72.568,17.354,32.791,22.423,5.0,1,,True,False,True,3.6,72.676,8.5,34.46711409395974,50.162416107382555,False
2026,Austria,R,ANT,12,Mercedes,4.0,1.0,MEDIUM,4.0,True,72.114,17.393,32.509,22.212,5.0,1,,True,False,True,5.4,72.27600000000001,8.5,34.46711409395974,50.162416107382555,False
2026,Austria,R,ANT,12,Mercedes,5.0,1.0,MEDIUM,5.0,True,72.168,17.236,32.605,22.327,5.0,1,,True,False,True,7.2,72.384,8.5,34.46711409395974,50.162416107382555,False
2026,Austria,R,ANT,12,Mercedes,6.0,1.0,MEDIUM,6.0,True,72.285,17.212,32.76,22.313,5.0,1,,True,False,True,9.0,72.55499999999999,8.5,34.46711409395974,50.162416107382555,False
2026,Austria,R,ANT,12,Mercedes,7.0,1.0,MEDIUM,7.0,True,72.607,17.404,32.702,22.501,4.0,1,,True,False,True,10.8,72.931,8.5,34.46711409395974,50.162416107382555,False
2026,Austria,R,ANT,12,Mercedes,8.0,1.0,MEDIUM,8.0,True,72.163,17.248,32.688,22.227,4.0,1,,True,False,True,12.6,72.541,8.5,34.46711409395974,50.162416107382555,False
2026,Austria,R,ANT,12,Mercedes,9.0,1.0,MEDIUM,9.0,True,72.268,17.476,32.478,22.314,4.0,1,,True,False,True,14.4,72.7,8.5,34.46711409395974,50.162416107382555,False
2026,Austria,R,ANT,12,Mercedes,10.0,1.0,MEDIUM,10.0,True,72.586,17.501,32.532,22.553,4.0,1,,True,False,True,16.2,73.072,8.5,34.46711409395974,50.162416107382555,False
2026,Austria,R,ANT,12,Mercedes,11.0,1.0,MEDIUM,11.0,True,73.147,17.636,32.893,22.618,4.0,1,,True,False,True,18.0,73.68700000000001,8.5,34.46711409395974,50.162416107382555,False
2026,Austria,R,ANT,12,Mercedes,12.0,1.0,MEDIUM,12.0,True,73.221,17.527,32.923,22.771,3.0,1,,True,False,True,19.8,73.815,8.5,34.46711409395974,50.162416107382555,False
2026,Austria,R,ANT,12,Mercedes,13.0,1.0,MEDIUM,13.0,True,72.782,17.705,32.575,22.502,3.0,1,,True,False,True,21.6,73.42999999999999,8.5,34.46711409395974,50.162416107382555,False
2026,Austria,R,ANT,12,Mercedes,14.0,1.0,MEDIUM,14.0,True,72.696,17.59,32.56,22.546,3.0,1,,True,False,True,23.400000000000002,73.398,8.5,34.46711409395974,50.162416107382555,False
2026,Austria,R,ANT,12,Mercedes,15.0,1.0,MEDIUM,15.0,True,72.993,17.536,32.839,22.618,3.0,1,,True,False,True,25.2,73.749,8.5,34.46711409395974,50.162416107382555,False
2026,Austria,R,ANT,12,Mercedes,16.0,1.0,MEDIUM,16.0,True,72.883,17.618,32.685,22.58,3.0,1,,True,False,True,27.0,73.693,8.5,34.46711409395974,50.162416107382555,False
2026,Austria,R,ANT,12,Mercedes,17.0,1.0,MEDIUM,17.0,True,72.474,17.491,32.552,22.431,3.0,1,,True,False,True,28.8,73.33800000000001,8.5,34.46711409395974,50.162416107382555,False
2026,Austria,R,ANT,12,Mercedes,18.0,1.0,MEDIUM,18.0,True,72.816,17.761,32.5,22.555,2.0,1,,True,False,True,30.6,73.73400000000001,8.5,34.46711409395974,50.162416107382555,False
2026,Austria,R,ANT,12,Mercedes,19.0,1.0,MEDIUM,19.0,True,72.476,17.547,32.511,22.418,2.0,1,,True,False,True,32.4,73.448,8.5,34.46711409395974,50.162416107382555,False
2026,Austria,R,ANT,12,Mercedes,20.0,1.0,MEDIUM,20.0,True,73.419,17.629,33.429,22.361,1.0,1,,True,False,True,34.2,74.445,8.5,34.46711409395974,50.162416107382555,False
2026,Austria,R,ANT,12,Mercedes,21.0,1.0,MEDIUM,21.0,True,72.804,17.627,32.728,22.449,1.0,1,,True,False,True,36.0,73.884,8.5,34.46711409395974,50.162416107382555,False
2026,Austria,R,ANT,12,Mercedes,22.0,1.0,MEDIUM,22.0,True,73.952,17.674,33.883,22.395,1.0,1,,True,False,True,37.800000000000004,75.086,8.5,34.46711409395974,50.162416107382555,False
2026,Austria,R,ANT,12,Mercedes,23.0,1.0,MEDIUM,23.0,True,73.136,17.615,33.02,22.501,1.0,1,,True,False,True,39.6,74.324,8.5,34.46711409395974,50.162416107382555,False
2026,Austria,R,ANT,12,Mercedes,24.0,1.0,MEDIUM,24.0,True,78.234,17.581,33.054,27.599,1.0,12,,False,True,False,41.4,79.476,8.5,34.46711409395974,50.162416107382555,False
2026,Austria,R,ANT,12,Mercedes,25.0,2.0,HARD,1.0,True,113.381,40.351,41.693,31.337,5.0,26,,False,True,False,43.2,114.677,8.5,34.46711409395974,50.162416107382555,False
2026,Austria,R,ANT,12,Mercedes,26.0,2.0,HARD,2.0,True,90.081,22.55,43.266,24.265,4.0,671,,False,False,False,45.0,91.431,8.5,34.46711409395974,50.162416107382555,False
2026,Austria,R,ANT,12,Mercedes,27.0,2.0,HARD,3.0,True,71.342,17.095,32.248,21.999,4.0,1,,True,False,True,46.800000000000004,72.746,8.5,34.46711409395974,50.162416107382555,False
2026,Austria,R,ANT,12,Mercedes,28.0,2.0,HARD,4.0,True,71.395,17.22,32.12,22.055,4.0,1,,True,False,True,48.6,72.853,8.5,34.46711409395974,50.162416107382555,False
2026,Austria,R,ANT,12,Mercedes,29.0,2.0,HARD,5.0,True,72.092,17.207,32.605,22.28,4.0,1,,True,False,True,50.4,73.604,8.5,34.46711409395974,50.162416107382555,False
2026,Austria,R,ANT,12,Mercedes,30.0,2.0,HARD,6.0,True,71.297,17.182,32.008,22.107,3.0,1,,True,False,True,52.2,72.863,8.5,34.46711409395974,50.162416107382555,False
2026,Austria,R,ANT,12,Mercedes,31.0,2.0,HARD,7.0,True,71.43,17.502,32.065,21.863,3.0,1,,True,False,True,54.0,73.05000000000001,8.5,34.46711409395974,50.162416107382555,False
2026,Austria,R,ANT,12,Mercedes,32.0,2.0,HARD,8.0,True,71.23,17.388,32.03,21.812,3.0,1,,True,False,True,55.800000000000004,72.90400000000001,8.5,34.46711409395974,50.162416107382555,False
2026,Austria,R,ANT,12,Mercedes,33.0,2.0,HARD,9.0,True,71.368,17.368,32.054,21.946,3.0,1,,True,False,True,57.6,73.09599999999999,8.5,34.46711409395974,50.162416107382555,False
2026,Austria,R,ANT,12,Mercedes,34.0,2.0,HARD,10.0,True,71.356,17.368,32.159,21.829,3.0,1,,True,False,True,59.4,73.13799999999999,8.5,34.46711409395974,50.162416107382555,False
2026,Austria,R,ANT,12,Mercedes,35.0,2.0,HARD,11.0,True,71.363,17.31,32.179,21.874,3.0,1,,True,False,True,61.2,73.199,8.5,34.46711409395974,50.162416107382555,False
2026,Austria,R,ANT,12,Mercedes,36.0,2.0,HARD,12.0,True,71.26,17.288,32.164,21.808,3.0,1,,True,False,True,63.0,73.15,8.5,34.46711409395974,50.162416107382555,False
2026,Austria,R,ANT,12,Mercedes,37.0,2.0,HARD,13.0,True,71.327,17.311,32.117,21.899,3.0,1,,True,False,True,64.8,73.271,8.5,34.46711409395974,50.162416107382555,False
2026,Austria,R,ANT,12,Mercedes,38.0,2.0,HARD,14.0,True,71.595,17.398,32.245,21.951999999999998,3.0,1,,True,False,True,66.60000000000001,73.593,8.5,34.46711409395974,50.162416107382555,False
2026,Austria,R,ANT,12,Mercedes,39.0,2.0,HARD,15.0,True,71.644,17.571,32.225,21.848,3.0,1,,True,False,True,68.4,73.69600000000001,8.5,34.46711409395974,50.162416107382555,False
2026,Austria,R,ANT,12,Mercedes,40.0,2.0,HARD,16.0,True,72.599,17.389,33.183,22.027,3.0,1,,True,False,True,70.2,74.705,8.5,34.46711409395974,50.162416107382555,False
2026,Austria,R,ANT,12,Mercedes,41.0,2.0,HARD,17.0,True,72.131,17.383,32.657,22.091,3.0,1,,True,False,True,72.0,74.291,8.5,34.46711409395974,50.162416107382555,False
2026,Austria,R,ANT,12,Mercedes,42.0,2.0,HARD,18.0,True,71.507,17.378,32.234,21.895,3.0,1,,True,False,True,73.8,73.721,8.5,34.46711409395974,50.162416107382555,False
2026,Austria,R,ANT,12,Mercedes,43.0,2.0,HARD,19.0,True,71.691,17.434,32.249,22.008,3.0,1,,True,False,True,75.60000000000001,73.959,8.5,34.46711409395974,50.162416107382555,False
2026,Austria,R,ANT,12,Mercedes,44.0,2.0,HARD,20.0,True,71.723,17.436,32.306,21.981,2.0,1,,True,False,True,77.4,74.045,8.5,34.46711409395974,50.162416107382555,False
2026,Austria,R,ANT,12,Mercedes,45.0,2.0,HARD,21.0,True,71.825,17.408,32.327,22.09,2.0,1,,True,False,True,79.2,74.20100000000001,8.5,34.46711409395974,50.162416107382555,False
2026,Austria,R,ANT,12,Mercedes,46.0,2.0,HARD,22.0,True,71.748,17.431,32.282,22.035,2.0,1,,True,False,True,81.0,74.178,8.5,34.46711409395974,50.162416107382555,False
2026,Austria,R,ANT,12,Mercedes,47.0,2.0,HARD,23.0,True,71.785,17.459,32.347,21.979,2.0,1,,True,False,True,82.8,74.26899999999999,8.5,34.46711409395974,50.162416107382555,False
2026,Austria,R,ANT,12,Mercedes,48.0,2.0,HARD,24.0,True,71.746,17.454,32.345,21.947,2.0,1,,True,False,True,84.60000000000001,74.28399999999999,8.5,34.46711409395974,50.162416107382555,False
2026,Austria,R,ANT,12,Mercedes,49.0,2.0,HARD,25.0,True,72.214,17.5,32.289,22.425,1.0,1,,True,False,True,86.4,74.806,8.5,34.46711409395974,50.162416107382555,False
2026,Austria,R,ANT,12,Mercedes,50.0,2.0,HARD,26.0,True,72.121,17.423,32.526,22.172,1.0,1,,True,False,True,88.2,74.767,8.5,34.46711409395974,50.162416107382555,False
2026,Austria,R,ANT,12,Mercedes,51.0,2.0,HARD,27.0,True,76.579,17.506,32.489,26.584,1.0,1,,False,True,True,90.0,79.279,8.5,34.46711409395974,50.162416107382555,False
2026,Austria,R,ANT,12,Mercedes,52.0,3.0,HARD,1.0,True,96.107,34.036,32.141,29.93,3.0,16,,False,True,False,91.8,98.861,8.5,34.46711409395974,50.162416107382555,False
2026,Austria,R,ANT,12,Mercedes,53.0,3.0,HARD,2.0,True,75.677,22.254,31.712,21.711,3.0,671,,False,False,False,93.60000000000001,78.48500000000001,8.5,34.46711409395974,50.162416107382555,False
2026,Austria,R,ANT,12,Mercedes,54.0,3.0,HARD,3.0,True,70.424,17.124,31.578,21.722,3.0,1,,True,False,True,95.4,73.286,8.5,34.46711409395974,50.162416107382555,False
2026,Austria,R,ANT,12,Mercedes,55.0,3.0,HARD,4.0,True,70.444,17.156,31.713,21.575,3.0,1,,True,False,True,97.2,73.36,8.5,34.46711409395974,50.162416107382555,False
2026,Austria,R,ANT,12,Mercedes,56.0,3.0,HARD,5.0,True,70.43,17.178,31.593,21.659,3.0,1,,True,False,True,99.0,73.4,8.5,34.46711409395974,50.162416107382555,False
2026,Austria,R,ANT,12,Mercedes,57.0,3.0,HARD,6.0,True,70.47,17.195,31.642,21.633,3.0,1,,True,False,True,100.8,73.494,8.5,34.46711409395974,50.162416107382555,False
2026,Austria,R,ANT,12,Mercedes,58.0,3.0,HARD,7.0,True,70.632,17.153,31.826,21.653,3.0,1,,True,False,True,102.60000000000001,73.71000000000001,8.5,34.46711409395974,50.162416107382555,False
2026,Austria,R,ANT,12,Mercedes,59.0,3.0,HARD,8.0,True,70.374,17.126,31.58,21.668,3.0,1,,True,False,True,104.4,73.506,8.5,34.46711409395974,50.162416107382555,False
2026,Austria,R,ANT,12,Mercedes,60.0,3.0,HARD,9.0,True,70.391,17.237,31.569,21.585,3.0,1,,True,False,True,106.2,73.577,8.5,34.46711409395974,50.162416107382555,False
2026,Austria,R,ANT,12,Mercedes,61.0,3.0,HARD,10.0,True,70.442,17.195,31.624,21.623,3.0,1,,True,False,True,108.0,73.68199999999999,8.5,34.46711409395974,50.162416107382555,False
2026,Austria,R,ANT,12,Mercedes,62.0,3.0,HARD,11.0,True,70.892,17.173,31.941,21.778,3.0,1,,True,False,True,109.8,74.18599999999999,8.5,34.46711409395974,50.162416107382555,False
2026,Austria,R,ANT,12,Mercedes,63.0,3.0,HARD,12.0,True,71.051,17.177,32.008,21.866,3.0,1,,True,False,True,111.60000000000001,74.399,8.5,34.46711409395974,50.162416107382555,False
2026,Austria,R,ANT,12,Mercedes,64.0,3.0,HARD,13.0,True,70.895,17.25,31.925,21.72,3.0,1,,True,False,True,113.4,74.297,8.5,34.46711409395974,50.162416107382555,False
2026,Austria,R,ANT,12,Mercedes,65.0,3.0,HARD,14.0,True,70.64,17.155,31.875,21.61,3.0,1,,True,False,True,115.2,74.096,8.5,34.46711409395974,50.162416107382555,False
2026,Austria,R,ANT,12,Mercedes,66.0,3.0,HARD,15.0,True,70.732,17.179,31.833,21.72,3.0,1,,True,False,True,117.0,74.242,8.5,34.46711409395974,50.162416107382555,False
2026,Austria,R,ANT,12,Mercedes,67.0,3.0,HARD,16.0,True,71.031,17.416,31.935,21.68,3.0,1,,True,False,True,118.8,74.595,8.5,34.46711409395974,50.162416107382555,False
2026,Austria,R,ANT,12,Mercedes,68.0,3.0,HARD,17.0,True,70.549,17.142,31.804,21.603,3.0,1,,True,False,True,120.60000000000001,74.167,8.5,34.46711409395974,50.162416107382555,False
2026,Austria,R,ANT,12,Mercedes,69.0,3.0,HARD,18.0,True,70.407,17.065,31.72,21.622,3.0,1,,True,False,True,122.4,74.079,8.5,34.46711409395974,50.162416107382555,False
2026,Austria,R,ANT,12,Mercedes,70.0,3.0,HARD,19.0,True,70.675,17.063,31.891,21.721,3.0,1,,True,False,True,124.2,74.401,8.5,34.46711409395974,50.162416107382555,False
2026,Austria,R,ANT,12,Mercedes,71.0,3.0,HARD,20.0,True,70.933,17.009,32.087,21.837,3.0,1,,True,False,True,126.0,74.71300000000001,8.5,34.46711409395974,50.162416107382555,False
2026,Austria,R,ALO,14,Aston Martin,1.0,1.0,MEDIUM,1.0,True,83.498,,35.167,23.8,19.0,1,,False,False,True,0.0,83.498,8.5,34.46711409395974,50.162416107382555,False
2026,Austria,R,ALO,14,Aston Martin,2.0,1.0,MEDIUM,2.0,True,75.948,18.442,34.013,23.493,20.0,1,,True,False,True,1.8,76.002,8.5,34.46711409395974,50.162416107382555,False
2026,Austria,R,ALO,14,Aston Martin,3.0,1.0,MEDIUM,3.0,True,74.905,18.063,33.504,23.338,20.0,1,,True,False,True,3.6,75.013,8.5,34.46711409395974,50.162416107382555,False
2026,Austria,R,ALO,14,Aston Martin,4.0,1.0,MEDIUM,4.0,True,75.429,18.142,33.702,23.585,19.0,1,,True,False,True,5.4,75.59100000000001,8.5,34.46711409395974,50.162416107382555,False
2026,Austria,R,ALO,14,Aston Martin,5.0,1.0,MEDIUM,5.0,True,74.923,18.174,33.482,23.267,19.0,1,,True,False,True,7.2,75.139,8.5,34.46711409395974,50.162416107382555,False
2026,Austria,R,ALO,14,Aston Martin,6.0,1.0,MEDIUM,6.0,True,75.018,18.238,33.488,23.292,19.0,1,,True,False,True,9.0,75.288,8.5,34.46711409395974,50.162416107382555,False
2026,Austria,R,ALO,14,Aston Martin,7.0,1.0,MEDIUM,7.0,True,75.227,18.304,33.583,23.34,19.0,1,,True,False,True,10.8,75.551,8.5,34.46711409395974,50.162416107382555,False
2026,Austria,R,ALO,14,Aston Martin,8.0,1.0,MEDIUM,8.0,True,75.257,18.241,33.638,23.378,19.0,1,,True,False,True,12.6,75.635,8.5,34.46711409395974,50.162416107382555,False
2026,Austria,R,ALO,14,Aston Martin,9.0,1.0,MEDIUM,9.0,True,75.554,18.261,33.807,23.486,19.0,1,,True,False,True,14.4,75.986,8.5,34.46711409395974,50.162416107382555,False
2026,Austria,R,ALO,14,Aston Martin,10.0,1.0,MEDIUM,10.0,True,75.756,18.246,33.912,23.598,19.0,1,,True,False,True,16.2,76.242,8.5,34.46711409395974,50.162416107382555,False
2026,Austria,R,ALO,14,Aston Martin,11.0,1.0,MEDIUM,11.0,True,75.881,18.389,33.835,23.657,19.0,1,,True,False,True,18.0,76.421,8.5,34.46711409395974,50.162416107382555,False
2026,Austria,R,ALO,14,Aston Martin,12.0,1.0,MEDIUM,12.0,True,75.723,18.319,33.878,23.526,19.0,1,,True,False,True,19.8,76.317,8.5,34.46711409395974,50.162416107382555,False
2026,Austria,R,ALO,14,Aston Martin,13.0,1.0,MEDIUM,13.0,True,75.941,18.325,33.897,23.719,19.0,1,,True,False,True,21.6,76.589,8.5,34.46711409395974,50.162416107382555,False
2026,Austria,R,ALO,14,Aston Martin,14.0,1.0,MEDIUM,14.0,True,75.946,18.328,33.926,23.692,18.0,1,,True,False,True,23.400000000000002,76.648,8.5,34.46711409395974,50.162416107382555,False
2026,Austria,R,ALO,14,Aston Martin,15.0,1.0,MEDIUM,15.0,True,75.804,18.397,33.839,23.568,17.0,1,,True,False,True,25.2,76.56,8.5,34.46711409395974,50.162416107382555,False
2026,Austria,R,ALO,14,Aston Martin,16.0,1.0,MEDIUM,16.0,True,75.789,18.354,33.84,23.595,17.0,1,,True,False,True,27.0,76.599,8.5,34.46711409395974,50.162416107382555,False
2026,Austria,R,ALO,14,Aston Martin,17.0,1.0,MEDIUM,17.0,True,76.338,18.603,34.091,23.644,18.0,1,,True,False,True,28.8,77.202,8.5,34.46711409395974,50.162416107382555,False
2026,Austria,R,ALO,14,Aston Martin,18.0,1.0,MEDIUM,18.0,True,75.715,18.283,33.922,23.51,18.0,1,,True,False,True,30.6,76.63300000000001,8.5,34.46711409395974,50.162416107382555,False
2026,Austria,R,ALO,14,Aston Martin,19.0,1.0,MEDIUM,19.0,True,75.875,18.304,34.02,23.551,16.0,1,,True,False,True,32.4,76.847,8.5,34.46711409395974,50.162416107382555,False
2026,Austria,R,ALO,14,Aston Martin,20.0,1.0,MEDIUM,20.0,True,76.185,18.367,34.388,23.43,17.0,1,,True,False,True,34.2,77.211,8.5,34.46711409395974,50.162416107382555,False
2026,Austria,R,ALO,14,Aston Martin,21.0,1.0,MEDIUM,21.0,True,75.818,18.07,34.105,23.643,16.0,1,,True,False,True,36.0,76.898,8.5,34.46711409395974,50.162416107382555,False
2026,Austria,R,ALO,14,Aston Martin,22.0,1.0,MEDIUM,22.0,True,76.694,18.39,34.507,23.797,17.0,1,,True,False,True,37.800000000000004,77.828,8.5,34.46711409395974,50.162416107382555,False
2026,Austria,R,ALO,14,Aston Martin,23.0,1.0,MEDIUM,23.0,True,77.438,18.585,34.302,24.551,19.0,12,,True,False,False,39.6,78.626,8.5,34.46711409395974,50.162416107382555,False
2026,Austria,R,ALO,14,Aston Martin,24.0,1.0,MEDIUM,24.0,True,92.536,18.486,44.217,29.833,18.0,26,,False,True,False,41.4,93.778,8.5,34.46711409395974,50.162416107382555,False
2026,Austria,R,ALO,14,Aston Martin,25.0,2.0,SOFT,1.0,True,109.372,38.129,43.928,27.315,18.0,671,,False,True,False,43.2,110.668,8.5,34.46711409395974,50.162416107382555,False
2026,Austria,R,ALO,14,Aston Martin,26.0,2.0,SOFT,2.0,True,74.944,18.259,33.331,23.354,18.0,1,,True,False,True,45.0,76.294,8.5,34.46711409395974,50.162416107382555,False
2026,Austria,R,ALO,14,Aston Martin,27.0,2.0,SOFT,3.0,True,74.776,18.044,33.501,23.231,18.0,1,,True,False,True,46.800000000000004,76.17999999999999,8.5,34.46711409395974,50.162416107382555,False
2026,Austria,R,ALO,14,Aston Martin,28.0,2.0,SOFT,4.0,True,75.591,18.949,33.275,23.367,18.0,1,,True,False,True,48.6,77.04899999999999,8.5,34.46711409395974,50.162416107382555,False
2026,Austria,R,ALO,14,Aston Martin,29.0,2.0,SOFT,5.0,True,75.61,18.517,33.897,23.196,18.0,1,,True,False,True,50.4,77.122,8.5,34.46711409395974,50.162416107382555,False
2026,Austria,R,ALO,14,Aston Martin,30.0,2.0,SOFT,6.0,True,73.997,17.734,33.408,22.855,18.0,1,,True,False,True,52.2,75.563,8.5,34.46711409395974,50.162416107382555,False
2026,Austria,R,ALO,14,Aston Martin,31.0,2.0,SOFT,7.0,True,75.128,18.043,34.029,23.056,18.0,1,,True,False,True,54.0,76.748,8.5,34.46711409395974,50.162416107382555,False
2026,Austria,R,ALO,14,Aston Martin,32.0,2.0,SOFT,8.0,True,74.869,18.002,33.562,23.305,18.0,1,,True,False,True,55.800000000000004,76.543,8.5,34.46711409395974,50.162416107382555,False
2026,Austria,R,ALO,14,Aston Martin,33.0,2.0,SOFT,9.0,True,75.24,18.169,33.75,23.321,18.0,1,,True,False,True,57.6,76.96799999999999,8.5,34.46711409395974,50.162416107382555,False
2026,Austria,R,ALO,14,Aston Martin,34.0,2.0,SOFT,10.0,True,75.439,18.209,33.801,23.429,18.0,1,,True,False,True,59.4,77.22099999999999,8.5,34.46711409395974,50.162416107382555,False
2026,Austria,R,ALO,14,Aston Martin,35.0,2.0,SOFT,11.0,True,75.632,18.298,33.896,23.438,18.0,1,,True,False,True,61.2,77.468,8.5,34.46711409395974,50.162416107382555,False
2026,Austria,R,ALO,14,Aston Martin,36.0,2.0,SOFT,12.0,True,75.213,18.211,33.85,23.152,18.0,1,,True,False,True,63.0,77.103,8.5,34.46711409395974,50.162416107382555,False
2026,Austria,R,ALO,14,Aston Martin,37.0,2.0,SOFT,13.0,True,76.781,18.189,34.511,24.081,19.0,1,,True,False,True,64.8,78.72500000000001,8.5,34.46711409395974,50.162416107382555,False
2026,Austria,R,ALO,14,Aston Martin,38.0,2.0,SOFT,14.0,True,76.961,18.423,34.989,23.549,19.0,1,,True,False,True,66.60000000000001,78.959,8.5,34.46711409395974,50.162416107382555,False
2026,Austria,R,ALO,14,Aston Martin,39.0,2.0,SOFT,15.0,True,74.707,17.851,33.542,23.314,19.0,1,,True,False,True,68.4,76.759,8.5,34.46711409395974,50.162416107382555,False
2026,Austria,R,ALO,14,Aston Martin,40.0,2.0,SOFT,16.0,True,75.383,18.439,33.949,22.995,19.0,1,,True,False,True,70.2,77.48899999999999,8.5,34.46711409395974,50.162416107382555,False
2026,Austria,R,ALO,14,Aston Martin,41.0,2.0,SOFT,17.0,True,74.996,17.733,33.852,23.411,19.0,1,,True,False,True,72.0,77.15599999999999,8.5,34.46711409395974,50.162416107382555,False
2026,Austria,R,ALO,14,Aston Martin,42.0,2.0,SOFT,18.0,True,74.917,17.842,33.868,23.207,19.0,1,,True,False,True,73.8,77.131,8.5,34.46711409395974,50.162416107382555,False
2026,Austria,R,ALO,14,Aston Martin,43.0,2.0,SOFT,19.0,True,74.576,17.766,33.612,23.198,19.0,1,,True,False,True,75.60000000000001,76.844,8.5,34.46711409395974,50.162416107382555,False
2026,Austria,R,ALO,14,Aston Martin,44.0,2.0,SOFT,20.0,True,74.541,17.775,33.614,23.152,19.0,1,,True,False,True,77.4,76.863,8.5,34.46711409395974,50.162416107382555,False
2026,Austria,R,ALO,14,Aston Martin,45.0,2.0,SOFT,21.0,True,74.743,17.736,33.843,23.164,18.0,1,,True,False,True,79.2,77.119,8.5,34.46711409395974,50.162416107382555,False
2026,Austria,R,ALO,14,Aston Martin,46.0,2.0,SOFT,22.0,True,74.929,18.135,33.655,23.139,18.0,1,,True,False,True,81.0,77.35900000000001,8.5,34.46711409395974,50.162416107382555,False
2026,Austria,R,ALO,14,Aston Martin,47.0,2.0,SOFT,23.0,True,75.133,18.248,33.573,23.312,18.0,1,,True,False,True,82.8,77.61699999999999,8.5,34.46711409395974,50.162416107382555,False
2026,Austria,R,ALO,14,Aston Martin,48.0,2.0,SOFT,24.0,True,77.095,18.362,34.836,23.897,18.0,1,,True,False,True,84.60000000000001,79.633,8.5,34.46711409395974,50.162416107382555,False
2026,Austria,R,ALO,14,Aston Martin,49.0,2.0,SOFT,25.0,True,80.214,17.895,33.7,28.619,18.0,1,,False,True,True,86.4,82.806,8.5,34.46711409395974,50.162416107382555,False
2026,Austria,R,ALO,14,Aston Martin,50.0,3.0,SOFT,1.0,True,108.485,42.111,39.735,26.639,18.0,167,,False,True,False,88.2,111.131,8.5,34.46711409395974,50.162416107382555,False
2026,Austria,R,ALO,14,Aston Martin,51.0,3.0,SOFT,2.0,True,74.353,18.286,33.507,22.56,18.0,1,,True,False,True,90.0,77.053,8.5,34.46711409395974,50.162416107382555,False
2026,Austria,R,ALO,14,Aston Martin,52.0,3.0,SOFT,3.0,True,72.501,17.427,32.696,22.378,18.0,1,,True,False,True,91.8,75.25500000000001,8.5,34.46711409395974,50.162416107382555,False
2026,Austria,R,ALO,14,Aston Martin,53.0,3.0,SOFT,4.0,True,72.938,17.579,32.751,22.608,18.0,1,,True,False,True,93.60000000000001,75.74600000000001,8.5,34.46711409395974,50.162416107382555,False
2026,Austria,R,ALO,14,Aston Martin,54.0,3.0,SOFT,5.0,True,73.384,17.808,33.009,22.567,18.0,1,,True,False,True,95.4,76.246,8.5,34.46711409395974,50.162416107382555,False
2026,Austria,R,ALO,14,Aston Martin,55.0,3.0,SOFT,6.0,True,73.479,17.781,32.998,22.7,18.0,1,,True,False,True,97.2,76.395,8.5,34.46711409395974,50.162416107382555,False
2026,Austria,R,ALO,14,Aston Martin,56.0,3.0,SOFT,7.0,True,73.439,17.869,33.027,22.543,18.0,1,,True,False,True,99.0,76.40899999999999,8.5,34.46711409395974,50.162416107382555,False
2026,Austria,R,ALO,14,Aston Martin,57.0,3.0,SOFT,8.0,True,73.645,17.747,33.092,22.806,18.0,1,,True,False,True,100.8,76.669,8.5,34.46711409395974,50.162416107382555,False
2026,Austria,R,ALO,14,Aston Martin,58.0,3.0,SOFT,9.0,True,73.449,17.791,33.028,22.63,18.0,1,,True,False,True,102.60000000000001,76.527,8.5,34.46711409395974,50.162416107382555,False
2026,Austria,R,ALO,14,Aston Martin,59.0,3.0,SOFT,10.0,True,73.643,17.874,33.093,22.676,18.0,1,,True,False,True,104.4,76.775,8.5,34.46711409395974,50.162416107382555,False
2026,Austria,R,ALO,14,Aston Martin,60.0,3.0,SOFT,11.0,True,74.801,17.84,34.19,22.771,18.0,1,,True,False,True,106.2,77.987,8.5,34.46711409395974,50.162416107382555,False
2026,Austria,R,ALO,14,Aston Martin,61.0,3.0,SOFT,12.0,True,74.322,18.206,33.442,22.674,18.0,1,,True,False,True,108.0,77.562,8.5,34.46711409395974,50.162416107382555,False
2026,Austria,R,ALO,14,Aston Martin,62.0,3.0,SOFT,13.0,True,73.519,17.562,33.232,22.725,18.0,1,,True,False,True,109.8,76.813,8.5,34.46711409395974,50.162416107382555,False
2026,Austria,R,ALO,14,Aston Martin,63.0,3.0,SOFT,14.0,True,74.181,17.837,33.473,22.871,18.0,1,,True,False,True,111.60000000000001,77.529,8.5,34.46711409395974,50.162416107382555,False
2026,Austria,R,ALO,14,Aston Martin,64.0,3.0,SOFT,15.0,True,73.986,17.831,33.117,23.038,18.0,1,,True,False,True,113.4,77.388,8.5,34.46711409395974,50.162416107382555,False
2026,Austria,R,ALO,14,Aston Martin,65.0,3.0,SOFT,16.0,True,74.483,18.095,33.405,22.983,18.0,1,,True,False,True,115.2,77.93900000000001,8.5,34.46711409395974,50.162416107382555,False
2026,Austria,R,ALO,14,Aston Martin,66.0,3.0,SOFT,17.0,True,73.84,17.899,33.24,22.701,18.0,1,,True,False,True,117.0,77.35000000000001,8.5,34.46711409395974,50.162416107382555,False
2026,Austria,R,ALO,14,Aston Martin,67.0,3.0,SOFT,18.0,True,74.742,17.87,33.122,23.75,18.0,1,,True,False,True,118.8,78.306,8.5,34.46711409395974,50.162416107382555,False
2026,Austria,R,ALO,14,Aston Martin,68.0,3.0,SOFT,19.0,True,75.637,18.139,34.258,23.24,18.0,1,,True,False,True,120.60000000000001,79.255,8.5,34.46711409395974,50.162416107382555,False
2026,Austria,R,LEC,16,Ferrari,1.0,1.0,MEDIUM,1.0,True,76.526,,33.298,22.615,3.0,1,,False,False,True,0.0,76.526,8.5,34.46711409395974,50.162416107382555,False
2026,Austria,R,LEC,16,Ferrari,2.0,1.0,MEDIUM,2.0,True,74.142,18.292,33.256,22.594,4.0,1,,True,False,True,1.8,74.196,8.5,34.46711409395974,50.162416107382555,False
2026,Austria,R,LEC,16,Ferrari,3.0,1.0,MEDIUM,3.0,True,72.446,17.423,32.611,22.412,4.0,1,,True,False,True,3.6,72.554,8.5,34.46711409395974,50.162416107382555,False
2026,Austria,R,LEC,16,Ferrari,4.0,1.0,MEDIUM,4.0,True,71.971,17.5,32.207,22.264,4.0,1,,True,False,True,5.4,72.13300000000001,8.5,34.46711409395974,50.162416107382555,False
2026,Austria,R,LEC,16,Ferrari,5.0,1.0,MEDIUM,5.0,True,72.252,17.54,32.443,22.269,4.0,1,,True,False,True,7.2,72.46799999999999,8.5,34.46711409395974,50.162416107382555,False
2026,Austria,R,LEC,16,Ferrari,6.0,1.0,MEDIUM,6.0,True,72.216,17.513,32.383,22.32,4.0,1,,True,False,True,9.0,72.48599999999999,8.5,34.46711409395974,50.162416107382555,False
2026,Austria,R,LEC,16,Ferrari,7.0,1.0,MEDIUM,7.0,True,73.951,17.517,32.993,23.441,5.0,1,,True,False,True,10.8,74.27499999999999,8.5,34.46711409395974,50.162416107382555,False
2026,Austria,R,LEC,16,Ferrari,8.0,1.0,MEDIUM,8.0,True,72.717,17.561,32.776,22.38,5.0,1,,True,False,True,12.6,73.095,8.5,34.46711409395974,50.162416107382555,False
2026,Austria,R,LEC,16,Ferrari,9.0,1.0,MEDIUM,9.0,True,72.895,17.537,32.632,22.726,5.0,1,,True,False,True,14.4,73.327,8.5,34.46711409395974,50.162416107382555,False
2026,Austria,R,LEC,16,Ferrari,10.0,1.0,MEDIUM,10.0,True,73.061,17.789,32.663,22.609,5.0,1,,True,False,True,16.2,73.54700000000001,8.5,34.46711409395974,50.162416107382555,False
2026,Austria,R,LEC,16,Ferrari,11.0,1.0,MEDIUM,11.0,True,73.493,17.662,33.057,22.774,5.0,1,,True,False,True,18.0,74.033,8.5,34.46711409395974,50.162416107382555,False
2026,Austria,R,LEC,16,Ferrari,12.0,1.0,MEDIUM,12.0,True,73.433,17.684,32.934,22.815,5.0,1,,True,False,True,19.8,74.027,8.5,34.46711409395974,50.162416107382555,False
2026,Austria,R,LEC,16,Ferrari,13.0,1.0,MEDIUM,13.0,True,77.722,17.762,32.799,27.161,7.0,1,,False,True,True,21.6,78.36999999999999,8.5,34.46711409395974,50.162416107382555,False
2026,Austria,R,LEC,16,Ferrari,14.0,2.0,HARD,1.0,True,89.806,34.661,32.511,22.634,11.0,1,,False,True,True,23.400000000000002,90.508,8.5,34.46711409395974,50.162416107382555,False
2026,Austria,R,LEC,16,Ferrari,15.0,2.0,HARD,2.0,True,72.788,17.615,32.512,22.661,11.0,1,,True,False,True,25.2,73.544,8.5,34.46711409395974,50.162416107382555,False
2026,Austria,R,LEC,16,Ferrari,16.0,2.0,HARD,3.0,True,72.567,17.651,32.396,22.52,11.0,1,,True,False,True,27.0,73.377,8.5,34.46711409395974,50.162416107382555,False
2026,Austria,R,LEC,16,Ferrari,17.0,2.0,HARD,4.0,True,72.975,17.476,32.455,23.044,10.0,1,,True,False,True,28.8,73.839,8.5,34.46711409395974,50.162416107382555,False
2026,Austria,R,LEC,16,Ferrari,18.0,2.0,HARD,5.0,True,72.591,17.611,32.357,22.623,9.0,1,,True,False,True,30.6,73.509,8.5,34.46711409395974,50.162416107382555,False
2026,Austria,R,LEC,16,Ferrari,19.0,2.0,HARD,6.0,True,72.245,17.56,32.3,22.385,7.0,1,,True,False,True,32.4,73.217,8.5,34.46711409395974,50.162416107382555,False
2026,Austria,R,LEC,16,Ferrari,20.0,2.0,HARD,7.0,True,72.066,17.557,32.277,22.232,6.0,1,,True,False,True,34.2,73.092,8.5,34.46711409395974,50.162416107382555,False
2026,Austria,R,LEC,16,Ferrari,21.0,2.0,HARD,8.0,True,71.661,17.468,32.069,22.124,6.0,1,,True,False,True,36.0,72.741,8.5,34.46711409395974,50.162416107382555,False
2026,Austria,R,LEC,16,Ferrari,22.0,2.0,HARD,9.0,True,71.932,17.554,32.211,22.167,5.0,1,,True,False,True,37.800000000000004,73.066,8.5,34.46711409395974,50.162416107382555,False
2026,Austria,R,LEC,16,Ferrari,23.0,2.0,HARD,10.0,True,71.83,17.526,32.141,22.163,5.0,1,,True,False,True,39.6,73.018,8.5,34.46711409395974,50.162416107382555,False
2026,Austria,R,LEC,16,Ferrari,24.0,2.0,HARD,11.0,True,72.699,17.473,32.229,22.997,5.0,12,,True,False,False,41.4,73.941,8.5,34.46711409395974,50.162416107382555,False
2026,Austria,R,LEC,16,Ferrari,25.0,2.0,HARD,12.0,True,98.068,24.467,42.804,30.797,4.0,26,,False,False,False,43.2,99.364,8.5,34.46711409395974,50.162416107382555,False
2026,Austria,R,LEC,16,Ferrari,26.0,2.0,HARD,13.0,True,90.934,22.587,43.996,24.351,3.0,671,,False,False,False,45.0,92.28399999999999,8.5,34.46711409395974,50.162416107382555,False
2026,Austria,R,LEC,16,Ferrari,27.0,2.0,HARD,14.0,True,71.905,17.478,32.277,22.15,3.0,1,,True,False,True,46.800000000000004,73.309,8.5,34.46711409395974,50.162416107382555,False
2026,Austria,R,LEC,16,Ferrari,28.0,2.0,HARD,15.0,True,71.737,17.509,32.026,22.202,3.0,1,,True,False,True,48.6,73.195,8.5,34.46711409395974,50.162416107382555,False
2026,Austria,R,LEC,16,Ferrari,29.0,2.0,HARD,16.0,True,71.995,17.488,32.376,22.131,3.0,1,,True,False,True,50.4,73.507,8.5,34.46711409395974,50.162416107382555,False
2026,Austria,R,LEC,16,Ferrari,30.0,2.0,HARD,17.0,True,72.682,17.48,32.865,22.337,4.0,1,,True,False,True,52.2,74.248,8.5,34.46711409395974,50.162416107382555,False
2026,Austria,R,LEC,16,Ferrari,31.0,2.0,HARD,18.0,True,71.859,17.397,32.321,22.141,4.0,1,,True,False,True,54.0,73.479,8.5,34.46711409395974,50.162416107382555,False
2026,Austria,R,LEC,16,Ferrari,32.0,2.0,HARD,19.0,True,72.044,17.473,32.42,22.151,4.0,1,,True,False,True,55.800000000000004,73.718,8.5,34.46711409395974,50.162416107382555,False
2026,Austria,R,LEC,16,Ferrari,33.0,2.0,HARD,20.0,True,72.345,17.433,32.661,22.251,4.0,1,,True,False,True,57.6,74.073,8.5,34.46711409395974,50.162416107382555,False
2026,Austria,R,LEC,16,Ferrari,34.0,2.0,HARD,21.0,True,72.316,17.543,32.497,22.276,4.0,1,,True,False,True,59.4,74.098,8.5,34.46711409395974,50.162416107382555,False
2026,Austria,R,LEC,16,Ferrari,35.0,2.0,HARD,22.0,True,72.19,17.528,32.444,22.218,4.0,1,,True,False,True,61.2,74.026,8.5,34.46711409395974,50.162416107382555,False
2026,Austria,R,LEC,16,Ferrari,36.0,2.0,HARD,23.0,True,72.588,17.608,32.544,22.436,4.0,1,,True,False,True,63.0,74.478,8.5,34.46711409395974,50.162416107382555,False
2026,Austria,R,LEC,16,Ferrari,37.0,2.0,HARD,24.0,True,78.434,17.659,33.744,27.031,7.0,1,,False,True,True,64.8,80.378,8.5,34.46711409395974,50.162416107382555,False
2026,Austria,R,LEC,16,Ferrari,38.0,3.0,HARD,1.0,True,88.302,34.101,32.181,22.02,8.0,1,,False,True,True,66.60000000000001,90.30000000000001,8.5,34.46711409395974,50.162416107382555,False
2026,Austria,R,LEC,16,Ferrari,39.0,3.0,HARD,2.0,True,71.611,17.33,32.107,22.174,8.0,1,,True,False,True,68.4,73.66300000000001,8.5,34.46711409395974,50.162416107382555,False
2026,Austria,R,LEC,16,Ferrari,40.0,3.0,HARD,3.0,True,71.701,17.421,32.258,22.022,8.0,1,,True,False,True,70.2,73.80699999999999,8.5,34.46711409395974,50.162416107382555,False
2026,Austria,R,LEC,16,Ferrari,41.0,3.0,HARD,4.0,True,71.055,17.306,31.886,21.863,7.0,1,,True,False,True,72.0,73.215,8.5,34.46711409395974,50.162416107382555,False
2026,Austria,R,LEC,16,Ferrari,42.0,3.0,HARD,5.0,True,70.916,17.371,31.788,21.757,7.0,1,,True,False,True,73.8,73.13,8.5,34.46711409395974,50.162416107382555,False
2026,Austria,R,LEC,16,Ferrari,43.0,3.0,HARD,6.0,True,71.184,17.227,31.953,22.004,5.0,1,,True,False,True,75.60000000000001,73.452,8.5,34.46711409395974,50.162416107382555,False
2026,Austria,R,LEC,16,Ferrari,44.0,3.0,HARD,7.0,True,71.165,17.332,31.992,21.841,5.0,1,,True,False,True,77.4,73.48700000000001,8.5,34.46711409395974,50.162416107382555,False
2026,Austria,R,LEC,16,Ferrari,45.0,3.0,HARD,8.0,True,71.251,17.375,31.906,21.97,5.0,1,,True,False,True,79.2,73.62700000000001,8.5,34.46711409395974,50.162416107382555,False
2026,Austria,R,LEC,16,Ferrari,46.0,3.0,HARD,9.0,True,71.718,17.427,32.205,22.086,5.0,1,,True,False,True,81.0,74.148,8.5,34.46711409395974,50.162416107382555,False
2026,Austria,R,LEC,16,Ferrari,47.0,3.0,HARD,10.0,True,71.665,17.389,32.163,22.113,5.0,1,,True,False,True,82.8,74.149,8.5,34.46711409395974,50.162416107382555,False
2026,Austria,R,LEC,16,Ferrari,48.0,3.0,HARD,11.0,True,72.597,17.494,32.868,22.235,5.0,1,,True,False,True,84.60000000000001,75.13499999999999,8.5,34.46711409395974,50.162416107382555,False
2026,Austria,R,LEC,16,Ferrari,49.0,3.0,HARD,12.0,True,71.607,17.34,32.246,22.021,5.0,1,,True,False,True,86.4,74.199,8.5,34.46711409395974,50.162416107382555,False
2026,Austria,R,LEC,16,Ferrari,50.0,3.0,HARD,13.0,True,71.537,17.226,32.254,22.057,5.0,1,,True,False,True,88.2,74.183,8.5,34.46711409395974,50.162416107382555,False
2026,Austria,R,LEC,16,Ferrari,51.0,3.0,HARD,14.0,True,71.582,17.403,32.167,22.012,5.0,1,,True,False,True,90.0,74.282,8.5,34.46711409395974,50.162416107382555,False
2026,Austria,R,LEC,16,Ferrari,52.0,3.0,HARD,15.0,True,81.968,17.771,34.628,29.569,6.0,167,,False,False,False,91.8,84.72200000000001,8.5,34.46711409395974,50.162416107382555,False
2026,Austria,R,LEC,16,Ferrari,53.0,3.0,HARD,16.0,True,74.572,19.612,32.795,22.165,6.0,71,,False,False,False,93.60000000000001,77.38000000000001,8.5,34.46711409395974,50.162416107382555,False
2026,Austria,R,LEC,16,Ferrari,54.0,3.0,HARD,17.0,True,72.063,17.419,32.465,22.179,6.0,1,,True,False,True,95.4,74.925,8.5,34.46711409395974,50.162416107382555,False
2026,Austria,R,LEC,16,Ferrari,55.0,3.0,HARD,18.0,True,72.011,17.423,32.291,22.297,6.0,1,,True,False,True,97.2,74.92699999999999,8.5,34.46711409395974,50.162416107382555,False
2026,Austria,R,LEC,16,Ferrari,56.0,3.0,HARD,19.0,True,74.03,17.544,34.005,22.481,7.0,1,,True,False,True,99.0,77.0,8.5,34.46711409395974,50.162416107382555,False
2026,Austria,R,LEC,16,Ferrari,57.0,3.0,HARD,20.0,True,72.075,17.468,32.375,22.232,7.0,1,,True,False,True,100.8,75.099,8.5,34.46711409395974,50.162416107382555,False
2026,Austria,R,LEC,16,Ferrari,58.0,3.0,HARD,21.0,True,72.651,17.42,32.71,22.521,7.0,1,,True,False,True,102.60000000000001,75.729,8.5,34.46711409395974,50.162416107382555,False
2026,Austria,R,LEC,16,Ferrari,59.0,3.0,HARD,22.0,True,78.286,17.565,33.266,27.455,8.0,1,,False,True,True,104.4,81.418,8.5,34.46711409395974,50.162416107382555,False
2026,Austria,R,LEC,16,Ferrari,60.0,4.0,SOFT,4.0,False,89.606,35.641,32.162,21.803,8.0,1,,False,True,True,106.2,92.792,8.5,34.46711409395974,50.162416107382555,False
2026,Austria,R,LEC,16,Ferrari,61.0,4.0,SOFT,5.0,False,70.87,17.14,31.721,22.009,8.0,1,,True,False,True,108.0,74.11,8.5,34.46711409395974,50.162416107382555,False
2026,Austria,R,LEC,16,Ferrari,62.0,4.0,SOFT,6.0,False,71.098,17.282,32.083,21.733,8.0,1,,True,False,True,109.8,74.392,8.5,34.46711409395974,50.162416107382555,False
2026,Austria,R,LEC,16,Ferrari,63.0,4.0,SOFT,7.0,False,70.936,17.216,31.93,21.79,8.0,1,,True,False,True,111.60000000000001,74.284,8.5,34.46711409395974,50.162416107382555,False
2026,Austria,R,LEC,16,Ferrari,64.0,4.0,SOFT,8.0,False,70.878,17.247,31.783,21.848,8.0,1,,True,False,True,113.4,74.28,8.5,34.46711409395974,50.162416107382555,False
2026,Austria,R,LEC,16,Ferrari,65.0,4.0,SOFT,9.0,False,71.021,17.325,31.888,21.808,8.0,1,,True,False,True,115.2,74.477,8.5,34.46711409395974,50.162416107382555,False
2026,Austria,R,LEC,16,Ferrari,66.0,4.0,SOFT,10.0,False,70.684,17.322,31.681,21.681,8.0,1,,True,False,True,117.0,74.194,8.5,34.46711409395974,50.162416107382555,False
2026,Austria,R,LEC,16,Ferrari,67.0,4.0,SOFT,11.0,False,70.606,17.277,31.801,21.528,8.0,1,,True,False,True,118.8,74.16999999999999,8.5,34.46711409395974,50.162416107382555,False
2026,Austria,R,LEC,16,Ferrari,68.0,4.0,SOFT,12.0,False,70.713,17.297,31.813,21.603,8.0,1,,True,False,True,120.60000000000001,74.33099999999999,8.5,34.46711409395974,50.162416107382555,False
2026,Austria,R,LEC,16,Ferrari,69.0,4.0,SOFT,13.0,False,70.803,17.299,31.867,21.637,8.0,1,,True,False,True,122.4,74.475,8.5,34.46711409395974,50.162416107382555,False
2026,Austria,R,LEC,16,Ferrari,70.0,4.0,SOFT,14.0,False,70.998,17.321,31.936,21.741,8.0,1,,True,False,True,124.2,74.724,8.5,34.46711409395974,50.162416107382555,False
2026,Austria,R,LEC,16,Ferrari,71.0,4.0,SOFT,15.0,False,70.796,17.267,31.792,21.737,8.0,1,,True,False,True,126.0,74.57600000000001,8.5,34.46711409395974,50.162416107382555,False
2026,Austria,R,STR,18,Aston Martin,1.0,1.0,MEDIUM,1.0,True,84.834,,36.219,24.039,22.0,1,,False,False,True,0.0,84.834,8.5,34.46711409395974,50.162416107382555,False
2026,Austria,R,STR,18,Aston Martin,2.0,1.0,MEDIUM,2.0,True,76.042,18.197,34.26,23.585,21.0,1,,True,False,True,1.8,76.096,8.5,34.46711409395974,50.162416107382555,False
2026,Austria,R,STR,18,Aston Martin,3.0,1.0,MEDIUM,3.0,True,75.015,18.181,33.401,23.433,21.0,1,,True,False,True,3.6,75.123,8.5,34.46711409395974,50.162416107382555,False
2026,Austria,R,STR,18,Aston Martin,4.0,1.0,MEDIUM,4.0,True,75.217,18.063,33.599,23.555,20.0,1,,True,False,True,5.4,75.379,8.5,34.46711409395974,50.162416107382555,False
2026,Austria,R,STR,18,Aston Martin,5.0,1.0,MEDIUM,5.0,True,74.987,18.108,33.453,23.426,20.0,1,,True,False,True,7.2,75.20299999999999,8.5,34.46711409395974,50.162416107382555,False
2026,Austria,R,STR,18,Aston Martin,6.0,1.0,MEDIUM,6.0,True,74.995,18.045,33.49,23.46,20.0,1,,True,False,True,9.0,75.265,8.5,34.46711409395974,50.162416107382555,False
2026,Austria,R,STR,18,Aston Martin,7.0,1.0,MEDIUM,7.0,True,75.59,18.262,33.787,23.541,20.0,1,,True,False,True,10.8,75.914,8.5,34.46711409395974,50.162416107382555,False
2026,Austria,R,STR,18,Aston Martin,8.0,1.0,MEDIUM,8.0,True,75.485,18.111,33.75,23.624,20.0,1,,True,False,True,12.6,75.863,8.5,34.46711409395974,50.162416107382555,False
2026,Austria,R,STR,18,Aston Martin,9.0,1.0,MEDIUM,9.0,True,75.455,18.209,33.544,23.701999999999998,20.0,1,,True,False,True,14.4,75.887,8.5,34.46711409395974,50.162416107382555,False
2026,Austria,R,STR,18,Aston Martin,10.0,1.0,MEDIUM,10.0,True,75.64,18.178,33.787,23.675,20.0,1,,True,False,True,16.2,76.126,8.5,34.46711409395974,50.162416107382555,False
2026,Austria,R,STR,18,Aston Martin,11.0,1.0,MEDIUM,11.0,True,75.956,18.231,33.753,23.972,20.0,1,,True,False,True,18.0,76.49600000000001,8.5,34.46711409395974,50.162416107382555,False
2026,Austria,R,STR,18,Aston Martin,12.0,1.0,MEDIUM,12.0,True,75.835,18.295,33.751,23.789,20.0,1,,True,False,True,19.8,76.42899999999999,8.5,34.46711409395974,50.162416107382555,False
2026,Austria,R,STR,18,Aston Martin,13.0,1.0,MEDIUM,13.0,True,75.717,18.222,33.698,23.797,20.0,1,,True,False,True,21.6,76.365,8.5,34.46711409395974,50.162416107382555,False
2026,Austria,R,STR,18,Aston Martin,14.0,1.0,MEDIUM,14.0,True,75.964,18.198,33.927,23.839,19.0,1,,True,False,True,23.400000000000002,76.666,8.5,34.46711409395974,50.162416107382555,False
2026,Austria,R,STR,18,Aston Martin,15.0,1.0,MEDIUM,15.0,True,75.826,18.287,33.722,23.817,18.0,1,,True,False,True,25.2,76.582,8.5,34.46711409395974,50.162416107382555,False
2026,Austria,R,STR,18,Aston Martin,16.0,1.0,MEDIUM,16.0,True,76.64,18.258,34.528,23.854,19.0,1,,True,False,True,27.0,77.45,8.5,34.46711409395974,50.162416107382555,False
2026,Austria,R,STR,18,Aston Martin,17.0,1.0,MEDIUM,17.0,True,75.683,18.192,33.785,23.706,19.0,1,,True,False,True,28.8,76.54700000000001,8.5,34.46711409395974,50.162416107382555,False
2026,Austria,R,STR,18,Aston Martin,18.0,1.0,MEDIUM,18.0,True,75.879,18.168,33.925,23.786,19.0,1,,True,False,True,30.6,76.79700000000001,8.5,34.46711409395974,50.162416107382555,False
2026,Austria,R,STR,18,Aston Martin,19.0,1.0,MEDIUM,19.0,True,76.515,18.192,34.311,24.012,18.0,1,,True,False,True,32.4,77.487,8.5,34.46711409395974,50.162416107382555,False
2026,Austria,R,STR,18,Aston Martin,20.0,1.0,MEDIUM,20.0,True,76.451,18.244,34.026,24.181,19.0,1,,True,False,True,34.2,77.47699999999999,8.5,34.46711409395974,50.162416107382555,False
2026,Austria,R,STR,18,Aston Martin,21.0,1.0,MEDIUM,21.0,True,77.047,18.055,35.021,23.971,19.0,1,,True,False,True,36.0,78.127,8.5,34.46711409395974,50.162416107382555,False
2026,Austria,R,STR,18,Aston Martin,22.0,1.0,MEDIUM,22.0,True,76.336,18.25,33.92,24.166,20.0,1,,True,False,True,37.800000000000004,77.47,8.5,34.46711409395974,50.162416107382555,False
2026,Austria,R,STR,18,Aston Martin,23.0,1.0,MEDIUM,23.0,True,77.269,18.025,35.27,23.974,20.0,12,,True,False,False,39.6,78.45700000000001,8.5,34.46711409395974,50.162416107382555,False
2026,Austria,R,STR,18,Aston Martin,24.0,1.0,MEDIUM,24.0,True,97.078,18.255,43.617,35.206,19.0,26,,False,True,False,41.4,98.32000000000001,8.5,34.46711409395974,50.162416107382555,False
2026,Austria,R,STR,18,Aston Martin,25.0,2.0,SOFT,1.0,True,108.627,39.788,44.317,24.522,19.0,671,,False,True,False,43.2,109.923,8.5,34.46711409395974,50.162416107382555,False
2026,Austria,R,STR,18,Aston Martin,26.0,2.0,SOFT,2.0,True,74.671,18.317,33.116,23.238,19.0,1,,True,False,True,45.0,76.021,8.5,34.46711409395974,50.162416107382555,False
2026,Austria,R,STR,18,Aston Martin,27.0,2.0,SOFT,3.0,True,76.193,19.209,33.933,23.051,19.0,1,,True,False,True,46.800000000000004,77.597,8.5,34.46711409395974,50.162416107382555,False
2026,Austria,R,STR,18,Aston Martin,28.0,2.0,SOFT,4.0,True,74.161,17.861,33.254,23.046,19.0,1,,True,False,True,48.6,75.619,8.5,34.46711409395974,50.162416107382555,False
2026,Austria,R,STR,18,Aston Martin,29.0,2.0,SOFT,5.0,True,75.246,18.159,34.03,23.057,19.0,1,,True,False,True,50.4,76.758,8.5,34.46711409395974,50.162416107382555,False
2026,Austria,R,STR,18,Aston Martin,30.0,2.0,SOFT,6.0,True,73.796,17.905,33.012,22.879,19.0,1,,True,False,True,52.2,75.36200000000001,8.5,34.46711409395974,50.162416107382555,False
2026,Austria,R,STR,18,Aston Martin,31.0,2.0,SOFT,7.0,True,74.006,17.919,33.103,22.984,19.0,1,,True,False,True,54.0,75.626,8.5,34.46711409395974,50.162416107382555,False
2026,Austria,R,STR,18,Aston Martin,32.0,2.0,SOFT,8.0,True,74.101,17.919,33.151,23.031,19.0,1,,True,False,True,55.800000000000004,75.775,8.5,34.46711409395974,50.162416107382555,False
2026,Austria,R,STR,18,Aston Martin,33.0,2.0,SOFT,9.0,True,74.416,17.963,33.301,23.152,19.0,1,,True,False,True,57.6,76.14399999999999,8.5,34.46711409395974,50.162416107382555,False
2026,Austria,R,STR,18,Aston Martin,34.0,2.0,SOFT,10.0,True,74.224,17.92,33.159,23.145,19.0,1,,True,False,True,59.4,76.006,8.5,34.46711409395974,50.162416107382555,False
2026,Austria,R,STR,18,Aston Martin,35.0,2.0,SOFT,11.0,True,74.355,17.94,33.135,23.28,19.0,1,,True,False,True,61.2,76.191,8.5,34.46711409395974,50.162416107382555,False
2026,Austria,R,STR,18,Aston Martin,36.0,2.0,SOFT,12.0,True,74.615,17.982,33.398,23.235,19.0,1,,True,False,True,63.0,76.505,8.5,34.46711409395974,50.162416107382555,False
2026,Austria,R,STR,18,Aston Martin,37.0,2.0,SOFT,13.0,True,74.863,17.674,33.894,23.295,18.0,1,,True,False,True,64.8,76.807,8.5,34.46711409395974,50.162416107382555,False
2026,Austria,R,STR,18,Aston Martin,38.0,2.0,SOFT,14.0,True,77.36,18.946,35.054,23.36,18.0,1,,True,False,True,66.60000000000001,79.358,8.5,34.46711409395974,50.162416107382555,False
2026,Austria,R,STR,18,Aston Martin,39.0,2.0,SOFT,15.0,True,74.619,18.025,33.4,23.194,18.0,1,,True,False,True,68.4,76.671,8.5,34.46711409395974,50.162416107382555,False
2026,Austria,R,STR,18,Aston Martin,40.0,2.0,SOFT,16.0,True,74.584,17.929,33.41,23.245,18.0,1,,True,False,True,70.2,76.69,8.5,34.46711409395974,50.162416107382555,False
2026,Austria,R,STR,18,Aston Martin,41.0,2.0,SOFT,17.0,True,76.04,18.061,34.651,23.328,18.0,1,,True,False,True,72.0,78.2,8.5,34.46711409395974,50.162416107382555,False
2026,Austria,R,STR,18,Aston Martin,42.0,2.0,SOFT,18.0,True,74.654,17.855,33.517,23.282,18.0,1,,True,False,True,73.8,76.868,8.5,34.46711409395974,50.162416107382555,False
2026,Austria,R,STR,18,Aston Martin,43.0,2.0,SOFT,19.0,True,74.641,17.877,33.439,23.325,18.0,1,,True,False,True,75.60000000000001,76.909,8.5,34.46711409395974,50.162416107382555,False
2026,Austria,R,STR,18,Aston Martin,44.0,2.0,SOFT,20.0,True,74.53,17.947,33.357,23.226,18.0,1,,True,False,True,77.4,76.852,8.5,34.46711409395974,50.162416107382555,False
2026,Austria,R,STR,18,Aston Martin,45.0,2.0,SOFT,21.0,True,107.427,20.383,46.63,40.414,19.0,1,,False,True,True,79.2,109.80300000000001,8.5,34.46711409395974,50.162416107382555,False
2026,Austria,R,ALB,23,Williams,1.0,1.0,MEDIUM,1.0,True,82.522,,34.885,23.653,17.0,1,,False,False,True,0.0,82.522,8.5,34.46711409395974,50.162416107382555,False
2026,Austria,R,ALB,23,Williams,2.0,1.0,MEDIUM,2.0,True,74.956,17.941,33.71,23.305,17.0,1,,True,False,True,1.8,75.01,8.5,34.46711409395974,50.162416107382555,False
2026,Austria,R,ALB,23,Williams,3.0,1.0,MEDIUM,3.0,True,74.318,17.615,33.334,23.369,17.0,1,,True,False,True,3.6,74.426,8.5,34.46711409395974,50.162416107382555,False
2026,Austria,R,ALB,23,Williams,4.0,1.0,MEDIUM,4.0,True,74.27,17.656,33.367,23.247,17.0,1,,True,False,True,5.4,74.432,8.5,34.46711409395974,50.162416107382555,False
2026,Austria,R,ALB,23,Williams,5.0,1.0,MEDIUM,5.0,True,74.288,17.736,33.235,23.317,17.0,1,,True,False,True,7.2,74.50399999999999,8.5,34.46711409395974,50.162416107382555,False
2026,Austria,R,ALB,23,Williams,6.0,1.0,MEDIUM,6.0,True,74.684,17.751,33.48,23.453,17.0,1,,True,False,True,9.0,74.954,8.5,34.46711409395974,50.162416107382555,False
2026,Austria,R,ALB,23,Williams,7.0,1.0,MEDIUM,7.0,True,74.463,17.758,33.249,23.456,17.0,1,,True,False,True,10.8,74.78699999999999,8.5,34.46711409395974,50.162416107382555,False
2026,Austria,R,ALB,23,Williams,8.0,1.0,MEDIUM,8.0,True,74.716,17.742,33.556,23.418,17.0,1,,True,False,True,12.6,75.094,8.5,34.46711409395974,50.162416107382555,False
2026,Austria,R,ALB,23,Williams,9.0,1.0,MEDIUM,9.0,True,75.298,17.625,33.784,23.889,17.0,1,,True,False,True,14.4,75.73,8.5,34.46711409395974,50.162416107382555,False
2026,Austria,R,ALB,23,Williams,10.0,1.0,MEDIUM,10.0,True,75.141,17.748,33.517,23.876,17.0,1,,True,False,True,16.2,75.62700000000001,8.5,34.46711409395974,50.162416107382555,False
2026,Austria,R,ALB,23,Williams,11.0,1.0,MEDIUM,11.0,True,75.982,17.724,34.134,24.124,17.0,1,,True,False,True,18.0,76.522,8.5,34.46711409395974,50.162416107382555,False
2026,Austria,R,ALB,23,Williams,12.0,1.0,MEDIUM,12.0,True,75.281,17.814,33.492,23.975,17.0,1,,True,False,True,19.8,75.875,8.5,34.46711409395974,50.162416107382555,False
2026,Austria,R,ALB,23,Williams,13.0,1.0,MEDIUM,13.0,True,75.112,17.816,33.435,23.861,17.0,1,,True,False,True,21.6,75.75999999999999,8.5,34.46711409395974,50.162416107382555,False
2026,Austria,R,ALB,23,Williams,14.0,1.0,MEDIUM,14.0,True,74.921,17.734,33.572,23.615,15.0,1,,True,False,True,23.400000000000002,75.623,8.5,34.46711409395974,50.162416107382555,False
2026,Austria,R,ALB,23,Williams,15.0,1.0,MEDIUM,15.0,True,74.858,17.969,33.477,23.412,15.0,1,,True,False,True,25.2,75.614,8.5,34.46711409395974,50.162416107382555,False
2026,Austria,R,ALB,23,Williams,16.0,1.0,MEDIUM,16.0,True,74.979,18.014,33.472,23.493,15.0,1,,True,False,True,27.0,75.789,8.5,34.46711409395974,50.162416107382555,False
2026,Austria,R,ALB,23,Williams,17.0,1.0,MEDIUM,17.0,True,75.072,17.988,33.635,23.449,15.0,1,,True,False,True,28.8,75.936,8.5,34.46711409395974,50.162416107382555,False
2026,Austria,R,ALB,23,Williams,18.0,1.0,MEDIUM,18.0,True,78.858,17.933,33.618,27.307,16.0,1,,False,True,True,30.6,79.77600000000001,8.5,34.46711409395974,50.162416107382555,False
2026,Austria,R,ALB,23,Williams,19.0,2.0,MEDIUM,1.0,True,91.904,34.958,33.957,22.989,20.0,1,,False,True,True,32.4,92.87599999999999,8.5,34.46711409395974,50.162416107382555,False
2026,Austria,R,ALB,23,Williams,20.0,2.0,MEDIUM,2.0,True,73.642,17.625,33.019,22.998,20.0,1,,True,False,True,34.2,74.66799999999999,8.5,34.46711409395974,50.162416107382555,False
2026,Austria,R,ALB,23,Williams,21.0,2.0,MEDIUM,3.0,True,73.823,17.683,33.018,23.122,18.0,1,,True,False,True,36.0,74.90299999999999,8.5,34.46711409395974,50.162416107382555,False
2026,Austria,R,ALB,23,Williams,22.0,2.0,MEDIUM,4.0,True,74.202,17.71,33.312,23.18,18.0,1,,True,False,True,37.800000000000004,75.336,8.5,34.46711409395974,50.162416107382555,False
2026,Austria,R,ALB,23,Williams,23.0,2.0,MEDIUM,5.0,True,73.794,17.752,33.018,23.024,17.0,1,,True,False,True,39.6,74.982,8.5,34.46711409395974,50.162416107382555,False
2026,Austria,R,ALB,23,Williams,24.0,2.0,MEDIUM,6.0,True,92.19,17.78,41.22,33.19,16.0,126,,False,False,False,41.4,93.432,8.5,34.46711409395974,50.162416107382555,False
2026,Austria,R,ALB,23,Williams,25.0,2.0,MEDIUM,7.0,True,94.459,22.086,42.125,30.248,16.0,67,,False,False,False,43.2,95.75500000000001,8.5,34.46711409395974,50.162416107382555,False
2026,Austria,R,ALB,23,Williams,26.0,2.0,MEDIUM,8.0,True,75.348,19.065,33.354,22.929,16.0,71,,False,False,False,45.0,76.698,8.5,34.46711409395974,50.162416107382555,False
2026,Austria,R,ALB,23,Williams,27.0,2.0,MEDIUM,9.0,True,73.344,17.574,32.96,22.81,16.0,1,,True,False,True,46.800000000000004,74.74799999999999,8.5,34.46711409395974,50.162416107382555,False
2026,Austria,R,ALB,23,Williams,28.0,2.0,MEDIUM,10.0,True,73.531,17.619,33.078,22.834,16.0,1,,True,False,True,48.6,74.989,8.5,34.46711409395974,50.162416107382555,False
2026,Austria,R,ALB,23,Williams,29.0,2.0,MEDIUM,11.0,True,73.404,17.608,32.985,22.811,16.0,1,,True,False,True,50.4,74.916,8.5,34.46711409395974,50.162416107382555,False
2026,Austria,R,ALB,23,Williams,30.0,2.0,MEDIUM,12.0,True,74.285,17.649,33.586,23.05,17.0,1,,True,False,True,52.2,75.851,8.5,34.46711409395974,50.162416107382555,False
2026,Austria,R,ALB,23,Williams,31.0,2.0,MEDIUM,13.0,True,74.701,18.383,33.28,23.038,17.0,1,,True,False,True,54.0,76.321,8.5,34.46711409395974,50.162416107382555,False
2026,Austria,R,ALB,23,Williams,32.0,2.0,MEDIUM,14.0,True,74.764,17.623,34.184,22.957,17.0,1,,True,False,True,55.800000000000004,76.438,8.5,34.46711409395974,50.162416107382555,False
2026,Austria,R,ALB,23,Williams,33.0,2.0,MEDIUM,15.0,True,74.294,17.912,33.371,23.011,17.0,1,,True,False,True,57.6,76.02199999999999,8.5,34.46711409395974,50.162416107382555,False
2026,Austria,R,ALB,23,Williams,34.0,2.0,MEDIUM,16.0,True,74.002,17.776,33.252,22.974,16.0,1,,True,False,True,59.4,75.78399999999999,8.5,34.46711409395974,50.162416107382555,False
2026,Austria,R,ALB,23,Williams,35.0,2.0,MEDIUM,17.0,True,75.013,17.744,34.281,22.988,16.0,1,,True,False,True,61.2,76.849,8.5,34.46711409395974,50.162416107382555,False
2026,Austria,R,ALB,23,Williams,36.0,2.0,MEDIUM,18.0,True,74.131,17.723,33.428,22.98,16.0,1,,True,False,True,63.0,76.021,8.5,34.46711409395974,50.162416107382555,False
2026,Austria,R,ALB,23,Williams,37.0,2.0,MEDIUM,19.0,True,78.04,17.856,33.19,26.994,16.0,1,,False,True,True,64.8,79.98400000000001,8.5,34.46711409395974,50.162416107382555,False
2026,Austria,R,ALB,23,Williams,38.0,3.0,HARD,1.0,True,91.91,35.014,34.132,22.764,17.0,1,,False,True,True,66.60000000000001,93.908,8.5,34.46711409395974,50.162416107382555,False
2026,Austria,R,ALB,23,Williams,39.0,3.0,HARD,2.0,True,73.202,17.599,32.824,22.779,17.0,1,,True,False,True,68.4,75.254,8.5,34.46711409395974,50.162416107382555,False
2026,Austria,R,ALB,23,Williams,40.0,3.0,HARD,3.0,True,73.974,17.542,32.722,23.71,17.0,1,,True,False,True,70.2,76.08,8.5,34.46711409395974,50.162416107382555,False
2026,Austria,R,ALB,23,Williams,41.0,3.0,HARD,4.0,True,73.163,17.593,32.814,22.756,17.0,1,,True,False,True,72.0,75.323,8.5,34.46711409395974,50.162416107382555,False
2026,Austria,R,ALB,23,Williams,42.0,3.0,HARD,5.0,True,73.526,17.524,33.018,22.984,17.0,1,,True,False,True,73.8,75.74,8.5,34.46711409395974,50.162416107382555,False
2026,Austria,R,ALB,23,Williams,43.0,3.0,HARD,6.0,True,73.137,17.604,32.861,22.672,17.0,1,,True,False,True,75.60000000000001,75.405,8.5,34.46711409395974,50.162416107382555,False
2026,Austria,R,ALB,23,Williams,44.0,3.0,HARD,7.0,True,73.181,17.556,32.853,22.772,17.0,1,,True,False,True,77.4,75.503,8.5,34.46711409395974,50.162416107382555,False
2026,Austria,R,ALB,23,Williams,45.0,3.0,HARD,8.0,True,73.39,17.576999999999998,32.915,22.898,17.0,1,,True,False,True,79.2,75.766,8.5,34.46711409395974,50.162416107382555,False
2026,Austria,R,ALB,23,Williams,46.0,3.0,HARD,9.0,True,73.426,17.627,32.926,22.873,17.0,1,,True,False,True,81.0,75.856,8.5,34.46711409395974,50.162416107382555,False
2026,Austria,R,ALB,23,Williams,47.0,3.0,HARD,10.0,True,73.635,17.602,33.091,22.942,16.0,1,,True,False,True,82.8,76.119,8.5,34.46711409395974,50.162416107382555,False
2026,Austria,R,ALB,23,Williams,48.0,3.0,HARD,11.0,True,73.344,17.571,32.834,22.939,16.0,1,,True,False,True,84.60000000000001,75.88199999999999,8.5,34.46711409395974,50.162416107382555,False
2026,Austria,R,ALB,23,Williams,49.0,3.0,HARD,12.0,True,74.02,17.624,33.485,22.911,17.0,1,,True,False,True,86.4,76.612,8.5,34.46711409395974,50.162416107382555,False
2026,Austria,R,ALB,23,Williams,50.0,3.0,HARD,13.0,True,73.711,17.638,33.153,22.92,17.0,1,,True,False,True,88.2,76.357,8.5,34.46711409395974,50.162416107382555,False
2026,Austria,R,ALB,23,Williams,51.0,3.0,HARD,14.0,True,84.164,17.716,41.786,24.662,17.0,167,,False,False,False,90.0,86.864,8.5,34.46711409395974,50.162416107382555,False
2026,Austria,R,ALB,23,Williams,52.0,3.0,HARD,15.0,True,73.575,17.859,32.958,22.758,17.0,1,,True,False,True,91.8,76.32900000000001,8.5,34.46711409395974,50.162416107382555,False
2026,Austria,R,ALB,23,Williams,53.0,3.0,HARD,16.0,True,73.197,17.618,32.867,22.712,17.0,1,,True,False,True,93.60000000000001,76.00500000000001,8.5,34.46711409395974,50.162416107382555,False
2026,Austria,R,ALB,23,Williams,54.0,3.0,HARD,17.0,True,73.197,17.63,32.8,22.767,17.0,1,,True,False,True,95.4,76.059,8.5,34.46711409395974,50.162416107382555,False
2026,Austria,R,ALB,23,Williams,55.0,3.0,HARD,18.0,True,73.301,17.618,32.852,22.831,17.0,1,,True,False,True,97.2,76.217,8.5,34.46711409395974,50.162416107382555,False
2026,Austria,R,ALB,23,Williams,56.0,3.0,HARD,19.0,True,73.484,17.654,32.991,22.839,17.0,1,,True,False,True,99.0,76.454,8.5,34.46711409395974,50.162416107382555,False
2026,Austria,R,ALB,23,Williams,57.0,3.0,HARD,20.0,True,73.664,17.698,33.093,22.873,17.0,1,,True,False,True,100.8,76.688,8.5,34.46711409395974,50.162416107382555,False
2026,Austria,R,ALB,23,Williams,58.0,3.0,HARD,21.0,True,73.538,17.643,32.94,22.955,17.0,1,,True,False,True,102.60000000000001,76.616,8.5,34.46711409395974,50.162416107382555,False
2026,Austria,R,ALB,23,Williams,59.0,3.0,HARD,22.0,True,73.351,17.679,32.902,22.77,17.0,1,,True,False,True,104.4,76.483,8.5,34.46711409395974,50.162416107382555,False
2026,Austria,R,ALB,23,Williams,60.0,3.0,HARD,23.0,True,73.735,17.744,33.067,22.924,17.0,1,,True,False,True,106.2,76.92099999999999,8.5,34.46711409395974,50.162416107382555,False
2026,Austria,R,ALB,23,Williams,61.0,3.0,HARD,24.0,True,74.077,17.694,33.377,23.006,17.0,1,,True,False,True,108.0,77.317,8.5,34.46711409395974,50.162416107382555,False
2026,Austria,R,ALB,23,Williams,62.0,3.0,HARD,25.0,True,73.893,17.849,33.141,22.903,17.0,1,,True,False,True,109.8,77.187,8.5,34.46711409395974,50.162416107382555,False
2026,Austria,R,ALB,23,Williams,63.0,3.0,HARD,26.0,True,76.208,18.238,34.83,23.14,17.0,1,,True,False,True,111.60000000000001,79.556,8.5,34.46711409395974,50.162416107382555,False
2026,Austria,R,ALB,23,Williams,64.0,3.0,HARD,27.0,True,76.311,18.358,33.721,24.232,17.0,1,,True,False,True,113.4,79.71300000000001,8.5,34.46711409395974,50.162416107382555,False
2026,Austria,R,ALB,23,Williams,65.0,3.0,HARD,28.0,True,74.656,17.963,33.657,23.036,17.0,1,,True,False,True,115.2,78.11200000000001,8.5,34.46711409395974,50.162416107382555,False
2026,Austria,R,ALB,23,Williams,66.0,3.0,HARD,29.0,True,76.007,17.872,34.705,23.43,17.0,1,,True,False,True,117.0,79.51700000000001,8.5,34.46711409395974,50.162416107382555,False
2026,Austria,R,ALB,23,Williams,67.0,3.0,HARD,30.0,True,75.416,18.501,33.54,23.375,17.0,1,,True,False,True,118.8,78.97999999999999,8.5,34.46711409395974,50.162416107382555,False
2026,Austria,R,ALB,23,Williams,68.0,3.0,HARD,31.0,True,75.609,18.428,33.872,23.309,17.0,1,,True,False,True,120.60000000000001,79.22699999999999,8.5,34.46711409395974,50.162416107382555,False
2026,Austria,R,ALB,23,Williams,69.0,3.0,HARD,32.0,True,76.469,18.104,34.844,23.521,17.0,1,,True,False,True,122.4,80.14099999999999,8.5,34.46711409395974,50.162416107382555,False
2026,Austria,R,HUL,27,Audi,1.0,1.0,MEDIUM,1.0,True,81.214,,34.506,23.464,14.0,1,,False,False,True,0.0,81.214,8.5,34.46711409395974,50.162416107382555,False
2026,Austria,R,HUL,27,Audi,2.0,1.0,MEDIUM,2.0,True,74.302,17.712,33.563,23.027,14.0,1,,True,False,True,1.8,74.35600000000001,8.5,34.46711409395974,50.162416107382555,False
2026,Austria,R,HUL,27,Audi,3.0,1.0,MEDIUM,3.0,True,73.988,17.588,33.321,23.079,14.0,1,,True,False,True,3.6,74.096,8.5,34.46711409395974,50.162416107382555,False
2026,Austria,R,HUL,27,Audi,4.0,1.0,MEDIUM,4.0,True,73.905,17.548000000000002,33.332,23.025,14.0,1,,True,False,True,5.4,74.06700000000001,8.5,34.46711409395974,50.162416107382555,False
2026,Austria,R,HUL,27,Audi,5.0,1.0,MEDIUM,5.0,True,74.026,17.673000000000002,33.335,23.018,14.0,1,,True,False,True,7.2,74.24199999999999,8.5,34.46711409395974,50.162416107382555,False
2026,Austria,R,HUL,27,Audi,6.0,1.0,MEDIUM,6.0,True,74.391,17.714,33.376,23.301,14.0,1,,True,False,True,9.0,74.661,8.5,34.46711409395974,50.162416107382555,False
2026,Austria,R,HUL,27,Audi,7.0,1.0,MEDIUM,7.0,True,74.418,17.75,33.288,23.38,14.0,1,,True,False,True,10.8,74.742,8.5,34.46711409395974,50.162416107382555,False
2026,Austria,R,HUL,27,Audi,8.0,1.0,MEDIUM,8.0,True,74.675,17.853,33.479,23.343,14.0,1,,True,False,True,12.6,75.053,8.5,34.46711409395974,50.162416107382555,False
2026,Austria,R,HUL,27,Audi,9.0,1.0,MEDIUM,9.0,True,74.506,17.795,33.44,23.271,14.0,1,,True,False,True,14.4,74.938,8.5,34.46711409395974,50.162416107382555,False
2026,Austria,R,HUL,27,Audi,10.0,1.0,MEDIUM,10.0,True,75.271,17.709,34.088,23.474,14.0,1,,True,False,True,16.2,75.757,8.5,34.46711409395974,50.162416107382555,False
2026,Austria,R,HUL,27,Audi,11.0,1.0,MEDIUM,11.0,True,75.626,17.9,33.934,23.792,14.0,1,,True,False,True,18.0,76.16600000000001,8.5,34.46711409395974,50.162416107382555,False
2026,Austria,R,HUL,27,Audi,12.0,1.0,MEDIUM,12.0,True,75.137,17.894,33.677,23.566,14.0,1,,True,False,True,19.8,75.731,8.5,34.46711409395974,50.162416107382555,False
2026,Austria,R,HUL,27,Audi,13.0,1.0,MEDIUM,13.0,True,75.169,17.797,33.7,23.672,13.0,1,,True,False,True,21.6,75.817,8.5,34.46711409395974,50.162416107382555,False
2026,Austria,R,HUL,27,Audi,14.0,1.0,MEDIUM,14.0,True,74.773,17.91,33.388,23.475,13.0,1,,True,False,True,23.400000000000002,75.475,8.5,34.46711409395974,50.162416107382555,False
2026,Austria,R,HUL,27,Audi,15.0,1.0,MEDIUM,15.0,True,74.945,17.969,33.507,23.469,13.0,1,,True,False,True,25.2,75.701,8.5,34.46711409395974,50.162416107382555,False
2026,Austria,R,HUL,27,Audi,16.0,1.0,MEDIUM,16.0,True,74.474,18.027,33.199,23.248,12.0,1,,True,False,True,27.0,75.284,8.5,34.46711409395974,50.162416107382555,False
2026,Austria,R,HUL,27,Audi,17.0,1.0,MEDIUM,17.0,True,75.244,18.315,33.601,23.328,12.0,1,,True,False,True,28.8,76.108,8.5,34.46711409395974,50.162416107382555,False
2026,Austria,R,HUL,27,Audi,18.0,1.0,MEDIUM,18.0,True,74.765,18.118,33.453,23.194,11.0,1,,True,False,True,30.6,75.683,8.5,34.46711409395974,50.162416107382555,False
2026,Austria,R,HUL,27,Audi,19.0,1.0,MEDIUM,19.0,True,74.434,18.011,33.273,23.15,10.0,1,,True,False,True,32.4,75.40599999999999,8.5,34.46711409395974,50.162416107382555,False
2026,Austria,R,HUL,27,Audi,20.0,1.0,MEDIUM,20.0,True,74.408,17.977,33.324,23.107,9.0,1,,True,False,True,34.2,75.434,8.5,34.46711409395974,50.162416107382555,False
2026,Austria,R,HUL,27,Audi,21.0,1.0,MEDIUM,21.0,True,78.389,17.953,33.288,27.148,12.0,1,,False,True,True,36.0,79.469,8.5,34.46711409395974,50.162416107382555,False
2026,Austria,R,HUL,27,Audi,22.0,2.0,MEDIUM,1.0,True,90.115,34.284,33.144,22.687,15.0,1,,False,True,True,37.800000000000004,91.249,8.5,34.46711409395974,50.162416107382555,False
2026,Austria,R,HUL,27,Audi,23.0,2.0,MEDIUM,2.0,True,73.21,17.513,32.619,23.078,14.0,1,,True,False,True,39.6,74.398,8.5,34.46711409395974,50.162416107382555,False
2026,Austria,R,HUL,27,Audi,24.0,2.0,MEDIUM,3.0,True,88.537,17.675,39.268,31.594,14.0,126,,False,False,False,41.4,89.77900000000001,8.5,34.46711409395974,50.162416107382555,False
2026,Austria,R,HUL,27,Audi,25.0,2.0,MEDIUM,4.0,True,94.121,21.787,42.336,29.998,13.0,6,,False,False,False,43.2,95.417,8.5,34.46711409395974,50.162416107382555,False
2026,Austria,R,HUL,27,Audi,26.0,2.0,MEDIUM,5.0,True,78.893,23.4,32.86,22.633,13.0,671,,False,False,False,45.0,80.243,8.5,34.46711409395974,50.162416107382555,False
2026,Austria,R,HUL,27,Audi,27.0,2.0,MEDIUM,6.0,True,72.63,17.633,32.35,22.647,13.0,1,,True,False,True,46.800000000000004,74.03399999999999,8.5,34.46711409395974,50.162416107382555,False
2026,Austria,R,HUL,27,Audi,28.0,2.0,MEDIUM,7.0,True,72.965,17.728,32.442,22.795,13.0,1,,True,False,True,48.6,74.423,8.5,34.46711409395974,50.162416107382555,False
2026,Austria,R,HUL,27,Audi,29.0,2.0,MEDIUM,8.0,True,72.755,17.636,32.376,22.743,13.0,1,,True,False,True,50.4,74.267,8.5,34.46711409395974,50.162416107382555,False
2026,Austria,R,HUL,27,Audi,30.0,2.0,MEDIUM,9.0,True,72.673,17.703,32.301,22.669,13.0,1,,True,False,True,52.2,74.239,8.5,34.46711409395974,50.162416107382555,False
2026,Austria,R,HUL,27,Audi,31.0,2.0,MEDIUM,10.0,True,72.629,17.634,32.404,22.591,13.0,1,,True,False,True,54.0,74.24900000000001,8.5,34.46711409395974,50.162416107382555,False
2026,Austria,R,HUL,27,Audi,32.0,2.0,MEDIUM,11.0,True,72.47,17.698,32.306,22.466,13.0,1,,True,False,True,55.800000000000004,74.144,8.5,34.46711409395974,50.162416107382555,False
2026,Austria,R,HUL,27,Audi,33.0,2.0,MEDIUM,12.0,True,72.863,17.668,32.591,22.604,13.0,1,,True,False,True,57.6,74.591,8.5,34.46711409395974,50.162416107382555,False
2026,Austria,R,HUL,27,Audi,34.0,2.0,MEDIUM,13.0,True,72.65,17.674,32.457,22.519,13.0,1,,True,False,True,59.4,74.432,8.5,34.46711409395974,50.162416107382555,False
2026,Austria,R,HUL,27,Audi,35.0,2.0,MEDIUM,14.0,True,72.663,17.681,32.435,22.547,13.0,1,,True,False,True,61.2,74.499,8.5,34.46711409395974,50.162416107382555,False
2026,Austria,R,HUL,27,Audi,36.0,2.0,MEDIUM,15.0,True,72.792,17.673000000000002,32.534,22.585,13.0,1,,True,False,True,63.0,74.682,8.5,34.46711409395974,50.162416107382555,False
2026,Austria,R,HUL,27,Audi,37.0,2.0,MEDIUM,16.0,True,72.747,17.712,32.503,22.532,13.0,1,,True,False,True,64.8,74.691,8.5,34.46711409395974,50.162416107382555,False
2026,Austria,R,HUL,27,Audi,38.0,2.0,MEDIUM,17.0,True,72.959,17.742,32.624,22.593,12.0,1,,True,False,True,66.60000000000001,74.95700000000001,8.5,34.46711409395974,50.162416107382555,False
2026,Austria,R,HUL,27,Audi,39.0,2.0,MEDIUM,18.0,True,72.988,17.796,32.709,22.483,12.0,1,,True,False,True,68.4,75.04,8.5,34.46711409395974,50.162416107382555,False
2026,Austria,R,HUL,27,Audi,40.0,2.0,MEDIUM,19.0,True,72.757,17.639,32.583,22.535,12.0,1,,True,False,True,70.2,74.863,8.5,34.46711409395974,50.162416107382555,False
2026,Austria,R,HUL,27,Audi,41.0,2.0,MEDIUM,20.0,True,73.096,17.66,32.827,22.609,12.0,1,,True,False,True,72.0,75.256,8.5,34.46711409395974,50.162416107382555,False
2026,Austria,R,HUL,27,Audi,42.0,2.0,MEDIUM,21.0,True,72.891,17.67,32.715,22.506,12.0,1,,True,False,True,73.8,75.105,8.5,34.46711409395974,50.162416107382555,False
2026,Austria,R,HUL,27,Audi,43.0,2.0,MEDIUM,22.0,True,73.058,17.699,32.789,22.57,12.0,1,,True,False,True,75.60000000000001,75.32600000000001,8.5,34.46711409395974,50.162416107382555,False
2026,Austria,R,HUL,27,Audi,44.0,2.0,MEDIUM,23.0,True,73.105,17.719,32.771,22.615,12.0,1,,True,False,True,77.4,75.427,8.5,34.46711409395974,50.162416107382555,False
2026,Austria,R,HUL,27,Audi,45.0,2.0,MEDIUM,24.0,True,77.06,17.655,32.782,26.623,11.0,1,,False,True,True,79.2,79.436,8.5,34.46711409395974,50.162416107382555,False
2026,Austria,R,HUL,27,Audi,46.0,3.0,HARD,1.0,True,89.611,34.98,32.535,22.096,13.0,1,,False,True,True,81.0,92.041,8.5,34.46711409395974,50.162416107382555,False
2026,Austria,R,HUL,27,Audi,47.0,3.0,HARD,2.0,True,72.534,17.583,32.366,22.585,13.0,1,,True,False,True,82.8,75.018,8.5,34.46711409395974,50.162416107382555,False
2026,Austria,R,HUL,27,Audi,48.0,3.0,HARD,3.0,True,72.446,17.591,32.32,22.535,13.0,1,,True,False,True,84.60000000000001,74.984,8.5,34.46711409395974,50.162416107382555,False
2026,Austria,R,HUL,27,Audi,49.0,3.0,HARD,4.0,True,72.255,17.524,32.274,22.457,13.0,1,,True,False,True,86.4,74.847,8.5,34.46711409395974,50.162416107382555,False
2026,Austria,R,HUL,27,Audi,50.0,3.0,HARD,5.0,True,73.623,17.739,33.506,22.378,13.0,1,,True,False,True,88.2,76.269,8.5,34.46711409395974,50.162416107382555,False
2026,Austria,R,HUL,27,Audi,51.0,3.0,HARD,6.0,True,80.193,17.473,32.169,30.551,13.0,16,,False,False,False,90.0,82.893,8.5,34.46711409395974,50.162416107382555,False
2026,Austria,R,HUL,27,Audi,52.0,3.0,HARD,7.0,True,76.548,21.992,32.221,22.335,12.0,671,,False,False,False,91.8,79.302,8.5,34.46711409395974,50.162416107382555,False
2026,Austria,R,HUL,27,Audi,53.0,3.0,HARD,8.0,True,73.956,17.659,32.863,23.434,12.0,1,,True,False,True,93.60000000000001,76.76400000000001,8.5,34.46711409395974,50.162416107382555,False
2026,Austria,R,HUL,27,Audi,54.0,3.0,HARD,9.0,True,71.722,17.339,32.291,22.092,12.0,1,,True,False,True,95.4,74.58399999999999,8.5,34.46711409395974,50.162416107382555,False
2026,Austria,R,HUL,27,Audi,55.0,3.0,HARD,10.0,True,71.634,17.433,32.036,22.165,12.0,1,,True,False,True,97.2,74.55,8.5,34.46711409395974,50.162416107382555,False
2026,Austria,R,HUL,27,Audi,56.0,3.0,HARD,11.0,True,71.772,17.406,32.116,22.25,12.0,1,,True,False,True,99.0,74.742,8.5,34.46711409395974,50.162416107382555,False
2026,Austria,R,HUL,27,Audi,57.0,3.0,HARD,12.0,True,73.683,17.585,33.618,22.48,12.0,1,,True,False,True,100.8,76.70700000000001,8.5,34.46711409395974,50.162416107382555,False
2026,Austria,R,HUL,27,Audi,58.0,3.0,HARD,13.0,True,72.082,17.454,32.229,22.399,12.0,1,,True,False,True,102.60000000000001,75.16,8.5,34.46711409395974,50.162416107382555,False
2026,Austria,R,HUL,27,Audi,59.0,3.0,HARD,14.0,True,72.413,17.439,32.46,22.514,12.0,1,,True,False,True,104.4,75.545,8.5,34.46711409395974,50.162416107382555,False
2026,Austria,R,HUL,27,Audi,60.0,3.0,HARD,15.0,True,72.796,17.556,32.651,22.589,12.0,1,,True,False,True,106.2,75.982,8.5,34.46711409395974,50.162416107382555,False
2026,Austria,R,HUL,27,Audi,61.0,3.0,HARD,16.0,True,75.042,17.86,33.604,23.578,12.0,1,,True,False,True,108.0,78.282,8.5,34.46711409395974,50.162416107382555,False
2026,Austria,R,HUL,27,Audi,62.0,3.0,HARD,17.0,True,72.449,17.471,32.608,22.37,12.0,1,,True,False,True,109.8,75.743,8.5,34.46711409395974,50.162416107382555,False
2026,Austria,R,HUL,27,Audi,63.0,3.0,HARD,18.0,True,73.081,17.819,32.658,22.604,12.0,1,,True,False,True,111.60000000000001,76.429,8.5,34.46711409395974,50.162416107382555,False
2026,Austria,R,HUL,27,Audi,64.0,3.0,HARD,19.0,True,72.846,17.753,32.596,22.497,12.0,1,,True,False,True,113.4,76.248,8.5,34.46711409395974,50.162416107382555,False
2026,Austria,R,HUL,27,Audi,65.0,3.0,HARD,20.0,True,72.344,17.597,32.485,22.262,12.0,1,,True,False,True,115.2,75.8,8.5,34.46711409395974,50.162416107382555,False
2026,Austria,R,HUL,27,Audi,66.0,3.0,HARD,21.0,True,72.492,17.582,32.553,22.357,12.0,1,,True,False,True,117.0,76.00200000000001,8.5,34.46711409395974,50.162416107382555,False
2026,Austria,R,HUL,27,Audi,67.0,3.0,HARD,22.0,True,72.301,17.562,32.53,22.209,12.0,1,,True,False,True,118.8,75.865,8.5,34.46711409395974,50.162416107382555,False
2026,Austria,R,HUL,27,Audi,68.0,3.0,HARD,23.0,True,72.371,17.488,32.526,22.357,12.0,1,,True,False,True,120.60000000000001,75.98899999999999,8.5,34.46711409395974,50.162416107382555,False
2026,Austria,R,HUL,27,Audi,69.0,3.0,HARD,24.0,True,73.022,17.495,33.054,22.473,12.0,1,,True,False,True,122.4,76.694,8.5,34.46711409395974,50.162416107382555,False
2026,Austria,R,HUL,27,Audi,70.0,3.0,HARD,25.0,True,72.56,17.678,32.575,22.307,12.0,1,,True,False,True,124.2,76.286,8.5,34.46711409395974,50.162416107382555,False
2026,Austria,R,VER,3,Red Bull Racing,1.0,1.0,MEDIUM,1.0,True,77.653,,33.443,22.779,5.0,1,,False,False,True,0.0,77.653,8.5,34.46711409395974,50.162416107382555,False
2026,Austria,R,VER,3,Red Bull Racing,2.0,1.0,MEDIUM,2.0,True,72.102,17.386,32.542,22.174,3.0,1,,True,False,True,1.8,72.156,8.5,34.46711409395974,50.162416107382555,False
2026,Austria,R,VER,3,Red Bull Racing,3.0,1.0,MEDIUM,3.0,True,72.084,17.562,32.522,22.0,3.0,1,,True,False,True,3.6,72.19200000000001,8.5,34.46711409395974,50.162416107382555,False
2026,Austria,R,VER,3,Red Bull Racing,4.0,1.0,MEDIUM,4.0,True,71.733,17.386,32.177,22.17,3.0,1,,True,False,True,5.4,71.89500000000001,8.5,34.46711409395974,50.162416107382555,False
2026,Austria,R,VER,3,Red Bull Racing,5.0,1.0,MEDIUM,5.0,True,71.846,17.439,32.187,22.22,3.0,1,,True,False,True,7.2,72.062,8.5,34.46711409395974,50.162416107382555,False
2026,Austria,R,VER,3,Red Bull Racing,6.0,1.0,MEDIUM,6.0,True,71.845,17.44,32.226,22.179,3.0,1,,True,False,True,9.0,72.115,8.5,34.46711409395974,50.162416107382555,False
2026,Austria,R,VER,3,Red Bull Racing,7.0,1.0,MEDIUM,7.0,True,72.072,17.26,32.456,22.356,3.0,1,,True,False,True,10.8,72.396,8.5,34.46711409395974,50.162416107382555,False
2026,Austria,R,VER,3,Red Bull Racing,8.0,1.0,MEDIUM,8.0,True,72.396,17.28,32.686,22.43,3.0,1,,True,False,True,12.6,72.774,8.5,34.46711409395974,50.162416107382555,False
2026,Austria,R,VER,3,Red Bull Racing,9.0,1.0,MEDIUM,9.0,True,72.558,17.328,32.734,22.496,3.0,1,,True,False,True,14.4,72.99000000000001,8.5,34.46711409395974,50.162416107382555,False
2026,Austria,R,VER,3,Red Bull Racing,10.0,1.0,MEDIUM,10.0,True,72.875,17.425,32.824,22.626,3.0,1,,True,False,True,16.2,73.361,8.5,34.46711409395974,50.162416107382555,False
2026,Austria,R,VER,3,Red Bull Racing,11.0,1.0,MEDIUM,11.0,True,74.413,17.23,33.75,23.433,3.0,1,,True,False,True,18.0,74.953,8.5,34.46711409395974,50.162416107382555,False
2026,Austria,R,VER,3,Red Bull Racing,12.0,1.0,MEDIUM,12.0,True,73.34,17.599,32.866,22.875,2.0,1,,True,False,True,19.8,73.934,8.5,34.46711409395974,50.162416107382555,False
2026,Austria,R,VER,3,Red Bull Racing,13.0,1.0,MEDIUM,13.0,True,72.789,17.731,32.634,22.424,2.0,1,,True,False,True,21.6,73.437,8.5,34.46711409395974,50.162416107382555,False
2026,Austria,R,VER,3,Red Bull Racing,14.0,1.0,MEDIUM,14.0,True,72.607,17.617,32.568,22.422,2.0,1,,True,False,True,23.400000000000002,73.309,8.5,34.46711409395974,50.162416107382555,False
2026,Austria,R,VER,3,Red Bull Racing,15.0,1.0,MEDIUM,15.0,True,72.765,17.579,32.626,22.56,2.0,1,,True,False,True,25.2,73.521,8.5,34.46711409395974,50.162416107382555,False
2026,Austria,R,VER,3,Red Bull Racing,16.0,1.0,MEDIUM,16.0,True,72.626,17.61,32.579,22.437,2.0,1,,True,False,True,27.0,73.436,8.5,34.46711409395974,50.162416107382555,False
2026,Austria,R,VER,3,Red Bull Racing,17.0,1.0,MEDIUM,17.0,True,72.733,17.601,32.657,22.475,2.0,1,,True,False,True,28.8,73.59700000000001,8.5,34.46711409395974,50.162416107382555,False
2026,Austria,R,VER,3,Red Bull Racing,18.0,1.0,MEDIUM,18.0,True,76.633,17.614,32.708,26.311,3.0,1,,False,True,True,30.6,77.551,8.5,34.46711409395974,50.162416107382555,False
2026,Austria,R,VER,3,Red Bull Racing,19.0,2.0,HARD,1.0,True,88.537,34.065,32.456,22.016,6.0,1,,False,True,True,32.4,89.509,8.5,34.46711409395974,50.162416107382555,False
2026,Austria,R,VER,3,Red Bull Racing,20.0,2.0,HARD,2.0,True,71.48,17.221,32.195,22.064,5.0,1,,True,False,True,34.2,72.506,8.5,34.46711409395974,50.162416107382555,False
2026,Austria,R,VER,3,Red Bull Racing,21.0,2.0,HARD,3.0,True,71.484,17.139,32.147,22.198,4.0,1,,True,False,True,36.0,72.564,8.5,34.46711409395974,50.162416107382555,False
2026,Austria,R,VER,3,Red Bull Racing,22.0,2.0,HARD,4.0,True,72.409,17.152,33.249,22.008,3.0,1,,True,False,True,37.800000000000004,73.543,8.5,34.46711409395974,50.162416107382555,False
2026,Austria,R,VER,3,Red Bull Racing,23.0,2.0,HARD,5.0,True,71.787,17.516,32.271,22.0,3.0,1,,True,False,True,39.6,72.97500000000001,8.5,34.46711409395974,50.162416107382555,False
2026,Austria,R,VER,3,Red Bull Racing,24.0,2.0,HARD,6.0,True,72.016,17.335,32.068,22.613,3.0,12,,True,False,False,41.4,73.25800000000001,8.5,34.46711409395974,50.162416107382555,False
2026,Austria,R,VER,3,Red Bull Racing,25.0,2.0,HARD,7.0,True,96.916,21.429,42.112,33.375,2.0,26,,False,False,False,43.2,98.212,8.5,34.46711409395974,50.162416107382555,False
2026,Austria,R,VER,3,Red Bull Racing,26.0,2.0,HARD,8.0,True,93.03,21.814,44.073,27.143,2.0,671,,False,False,False,45.0,94.38,8.5,34.46711409395974,50.162416107382555,False
2026,Austria,R,VER,3,Red Bull Racing,27.0,2.0,HARD,9.0,True,71.307,17.245,32.01,22.052,2.0,1,,True,False,True,46.800000000000004,72.711,8.5,34.46711409395974,50.162416107382555,False
2026,Austria,R,VER,3,Red Bull Racing,28.0,2.0,HARD,10.0,True,71.072,17.292,31.896,21.884,2.0,1,,True,False,True,48.6,72.53,8.5,34.46711409395974,50.162416107382555,False
2026,Austria,R,VER,3,Red Bull Racing,29.0,2.0,HARD,11.0,True,71.209,17.238,32.016,21.955,2.0,1,,True,False,True,50.4,72.721,8.5,34.46711409395974,50.162416107382555,False
2026,Austria,R,VER,3,Red Bull Racing,30.0,2.0,HARD,12.0,True,71.041,17.288,31.92,21.833,2.0,1,,True,False,True,52.2,72.607,8.5,34.46711409395974,50.162416107382555,False
2026,Austria,R,VER,3,Red Bull Racing,31.0,2.0,HARD,13.0,True,71.249,17.387,31.926,21.936,2.0,1,,True,False,True,54.0,72.869,8.5,34.46711409395974,50.162416107382555,False
2026,Austria,R,VER,3,Red Bull Racing,32.0,2.0,HARD,14.0,True,71.492,17.343,32.146,22.003,2.0,1,,True,False,True,55.800000000000004,73.16600000000001,8.5,34.46711409395974,50.162416107382555,False
2026,Austria,R,VER,3,Red Bull Racing,33.0,2.0,HARD,15.0,True,71.442,17.233,32.152,22.057,2.0,1,,True,False,True,57.6,73.16999999999999,8.5,34.46711409395974,50.162416107382555,False
2026,Austria,R,VER,3,Red Bull Racing,34.0,2.0,HARD,16.0,True,71.846,17.411,32.344,22.091,2.0,1,,True,False,True,59.4,73.628,8.5,34.46711409395974,50.162416107382555,False
2026,Austria,R,VER,3,Red Bull Racing,35.0,2.0,HARD,17.0,True,71.606,17.346,32.172,22.088,2.0,1,,True,False,True,61.2,73.442,8.5,34.46711409395974,50.162416107382555,False
2026,Austria,R,VER,3,Red Bull Racing,36.0,2.0,HARD,18.0,True,71.931,17.367,32.296,22.268,2.0,1,,True,False,True,63.0,73.821,8.5,34.46711409395974,50.162416107382555,False
2026,Austria,R,VER,3,Red Bull Racing,37.0,2.0,HARD,19.0,True,71.809,17.392,32.213,22.204,2.0,1,,True,False,True,64.8,73.753,8.5,34.46711409395974,50.162416107382555,False
2026,Austria,R,VER,3,Red Bull Racing,38.0,2.0,HARD,20.0,True,72.159,17.354,32.509,22.296,2.0,1,,True,False,True,66.60000000000001,74.15700000000001,8.5,34.46711409395974,50.162416107382555,False
2026,Austria,R,VER,3,Red Bull Racing,39.0,2.0,HARD,21.0,True,72.245,17.575,32.458,22.212,2.0,1,,True,False,True,68.4,74.29700000000001,8.5,34.46711409395974,50.162416107382555,False
2026,Austria,R,VER,3,Red Bull Racing,40.0,2.0,HARD,22.0,True,72.132,17.457,32.406,22.269,2.0,1,,True,False,True,70.2,74.238,8.5,34.46711409395974,50.162416107382555,False
2026,Austria,R,VER,3,Red Bull Racing,41.0,2.0,HARD,23.0,True,71.892,17.31,32.356,22.226,2.0,1,,True,False,True,72.0,74.05199999999999,8.5,34.46711409395974,50.162416107382555,False
2026,Austria,R,VER,3,Red Bull Racing,42.0,2.0,HARD,24.0,True,72.168,17.477,32.254,22.437,2.0,1,,True,False,True,73.8,74.382,8.5,34.46711409395974,50.162416107382555,False
2026,Austria,R,VER,3,Red Bull Racing,43.0,2.0,HARD,25.0,True,72.087,17.356,32.402,22.329,1.0,1,,True,False,True,75.60000000000001,74.355,8.5,34.46711409395974,50.162416107382555,False
2026,Austria,R,VER,3,Red Bull Racing,44.0,2.0,HARD,26.0,True,72.414,17.481,32.552,22.381,1.0,1,,True,False,True,77.4,74.736,8.5,34.46711409395974,50.162416107382555,False
2026,Austria,R,VER,3,Red Bull Racing,45.0,2.0,HARD,27.0,True,72.356,17.496,32.526,22.334,1.0,1,,True,False,True,79.2,74.732,8.5,34.46711409395974,50.162416107382555,False
2026,Austria,R,VER,3,Red Bull Racing,46.0,2.0,HARD,28.0,True,72.38,17.397,32.486,22.497,1.0,1,,True,False,True,81.0,74.81,8.5,34.46711409395974,50.162416107382555,False
2026,Austria,R,VER,3,Red Bull Racing,47.0,2.0,HARD,29.0,True,72.63,17.621,32.63,22.379,1.0,1,,True,False,True,82.8,75.11399999999999,8.5,34.46711409395974,50.162416107382555,False
2026,Austria,R,VER,3,Red Bull Racing,48.0,2.0,HARD,30.0,True,72.681,17.531,32.702,22.448,1.0,1,,True,False,True,84.60000000000001,75.219,8.5,34.46711409395974,50.162416107382555,False
2026,Austria,R,VER,3,Red Bull Racing,49.0,2.0,HARD,31.0,True,77.001,18.041,32.677,26.283,2.0,1,,False,True,True,86.4,79.593,8.5,34.46711409395974,50.162416107382555,False
2026,Austria,R,VER,3,Red Bull Racing,50.0,3.0,HARD,1.0,True,87.513,33.914,31.942,21.657,3.0,1,,False,True,True,88.2,90.159,8.5,34.46711409395974,50.162416107382555,False
2026,Austria,R,VER,3,Red Bull Racing,51.0,3.0,HARD,2.0,True,70.888,17.148,32.17,21.57,3.0,1,,True,False,True,90.0,73.58800000000001,8.5,34.46711409395974,50.162416107382555,False
2026,Austria,R,VER,3,Red Bull Racing,52.0,3.0,HARD,3.0,True,77.264,17.187,31.692,28.385,2.0,16,,False,False,False,91.8,80.018,8.5,34.46711409395974,50.162416107382555,False
2026,Austria,R,VER,3,Red Bull Racing,53.0,3.0,HARD,4.0,True,76.936,23.72,31.668,21.548000000000002,2.0,671,,False,False,False,93.60000000000001,79.74400000000001,8.5,34.46711409395974,50.162416107382555,False
2026,Austria,R,VER,3,Red Bull Racing,54.0,3.0,HARD,5.0,True,70.596,17.201,31.787,21.608,2.0,1,,True,False,True,95.4,73.458,8.5,34.46711409395974,50.162416107382555,False
2026,Austria,R,VER,3,Red Bull Racing,55.0,3.0,HARD,6.0,True,70.599,17.239,31.689,21.671,2.0,1,,True,False,True,97.2,73.515,8.5,34.46711409395974,50.162416107382555,False
2026,Austria,R,VER,3,Red Bull Racing,56.0,3.0,HARD,7.0,True,70.633,17.202,31.722,21.709,2.0,1,,True,False,True,99.0,73.603,8.5,34.46711409395974,50.162416107382555,False
2026,Austria,R,VER,3,Red Bull Racing,57.0,3.0,HARD,8.0,True,70.483,17.162,31.741,21.58,2.0,1,,True,False,True,100.8,73.507,8.5,34.46711409395974,50.162416107382555,False
2026,Austria,R,VER,3,Red Bull Racing,58.0,3.0,HARD,9.0,True,70.622,17.18,31.792,21.65,2.0,1,,True,False,True,102.60000000000001,73.7,8.5,34.46711409395974,50.162416107382555,False
2026,Austria,R,VER,3,Red Bull Racing,59.0,3.0,HARD,10.0,True,70.508,17.166,31.608,21.734,2.0,1,,True,False,True,104.4,73.64,8.5,34.46711409395974,50.162416107382555,False
2026,Austria,R,VER,3,Red Bull Racing,60.0,3.0,HARD,11.0,True,70.9,17.278,31.905,21.717,2.0,1,,True,False,True,106.2,74.08600000000001,8.5,34.46711409395974,50.162416107382555,False
2026,Austria,R,VER,3,Red Bull Racing,61.0,3.0,HARD,12.0,True,70.828,17.15,31.895,21.783,2.0,1,,True,False,True,108.0,74.068,8.5,34.46711409395974,50.162416107382555,False
2026,Austria,R,VER,3,Red Bull Racing,62.0,3.0,HARD,13.0,True,71.077,17.155,32.024,21.898,2.0,1,,True,False,True,109.8,74.371,8.5,34.46711409395974,50.162416107382555,False
2026,Austria,R,VER,3,Red Bull Racing,63.0,3.0,HARD,14.0,True,70.936,17.261,31.826,21.849,2.0,1,,True,False,True,111.60000000000001,74.284,8.5,34.46711409395974,50.162416107382555,False
2026,Austria,R,VER,3,Red Bull Racing,64.0,3.0,HARD,15.0,True,70.846,17.317,31.822,21.707,2.0,1,,True,False,True,113.4,74.248,8.5,34.46711409395974,50.162416107382555,False
2026,Austria,R,VER,3,Red Bull Racing,65.0,3.0,HARD,16.0,True,71.038,17.222,31.995,21.821,2.0,1,,True,False,True,115.2,74.494,8.5,34.46711409395974,50.162416107382555,False
2026,Austria,R,VER,3,Red Bull Racing,66.0,3.0,HARD,17.0,True,71.149,17.254,31.972,21.923000000000002,2.0,1,,True,False,True,117.0,74.659,8.5,34.46711409395974,50.162416107382555,False
2026,Austria,R,VER,3,Red Bull Racing,67.0,3.0,HARD,18.0,True,71.467,17.32,32.302,21.845,2.0,1,,True,False,True,118.8,75.03099999999999,8.5,34.46711409395974,50.162416107382555,False
2026,Austria,R,VER,3,Red Bull Racing,68.0,3.0,HARD,19.0,True,71.016,17.251,31.993,21.772,2.0,1,,True,False,True,120.60000000000001,74.634,8.5,34.46711409395974,50.162416107382555,False
2026,Austria,R,VER,3,Red Bull Racing,69.0,3.0,HARD,20.0,True,71.034,17.294,31.929,21.811,2.0,1,,True,False,True,122.4,74.706,8.5,34.46711409395974,50.162416107382555,False
2026,Austria,R,VER,3,Red Bull Racing,70.0,3.0,HARD,21.0,True,71.133,17.225,32.04,21.868,2.0,1,,True,False,True,124.2,74.859,8.5,34.46711409395974,50.162416107382555,False
2026,Austria,R,VER,3,Red Bull Racing,71.0,3.0,HARD,22.0,True,71.246,17.143,32.075,22.028,2.0,1,,True,False,True,126.0,75.026,8.5,34.46711409395974,50.162416107382555,False
2026,Austria,R,LAW,30,Racing Bulls,1.0,1.0,MEDIUM,1.0,True,78.967,,33.884,23.049,8.0,1,,False,False,True,0.0,78.967,8.5,34.46711409395974,50.162416107382555,False
2026,Austria,R,LAW,30,Racing Bulls,2.0,1.0,MEDIUM,2.0,True,73.546,17.503,33.281,22.762,8.0,1,,True,False,True,1.8,73.60000000000001,8.5,34.46711409395974,50.162416107382555,False
2026,Austria,R,LAW,30,Racing Bulls,3.0,1.0,MEDIUM,3.0,True,73.61,17.397,33.401,22.812,8.0,1,,True,False,True,3.6,73.718,8.5,34.46711409395974,50.162416107382555,False
2026,Austria,R,LAW,30,Racing Bulls,4.0,1.0,MEDIUM,4.0,True,74.368,17.383,34.049,22.936,9.0,1,,True,False,True,5.4,74.53,8.5,34.46711409395974,50.162416107382555,False
2026,Austria,R,LAW,30,Racing Bulls,5.0,1.0,MEDIUM,5.0,True,73.224,17.524,32.992,22.708,9.0,1,,True,False,True,7.2,73.44,8.5,34.46711409395974,50.162416107382555,False
2026,Austria,R,LAW,30,Racing Bulls,6.0,1.0,MEDIUM,6.0,True,73.108,17.547,32.892,22.669,9.0,1,,True,False,True,9.0,73.378,8.5,34.46711409395974,50.162416107382555,False
2026,Austria,R,LAW,30,Racing Bulls,7.0,1.0,MEDIUM,7.0,True,73.265,17.571,32.948,22.746,9.0,1,,True,False,True,10.8,73.589,8.5,34.46711409395974,50.162416107382555,False
2026,Austria,R,LAW,30,Racing Bulls,8.0,1.0,MEDIUM,8.0,True,73.244,17.615,32.942,22.687,9.0,1,,True,False,True,12.6,73.622,8.5,34.46711409395974,50.162416107382555,False
2026,Austria,R,LAW,30,Racing Bulls,9.0,1.0,MEDIUM,9.0,True,73.428,17.584,33.102,22.742,9.0,1,,True,False,True,14.4,73.86,8.5,34.46711409395974,50.162416107382555,False
2026,Austria,R,LAW,30,Racing Bulls,10.0,1.0,MEDIUM,10.0,True,73.576,17.619,33.122,22.835,9.0,1,,True,False,True,16.2,74.062,8.5,34.46711409395974,50.162416107382555,False
2026,Austria,R,LAW,30,Racing Bulls,11.0,1.0,MEDIUM,11.0,True,73.714,17.653,33.138,22.923000000000002,9.0,1,,True,False,True,18.0,74.254,8.5,34.46711409395974,50.162416107382555,False
2026,Austria,R,LAW,30,Racing Bulls,12.0,1.0,MEDIUM,12.0,True,73.624,17.708,33.044,22.872,9.0,1,,True,False,True,19.8,74.21799999999999,8.5,34.46711409395974,50.162416107382555,False
2026,Austria,R,LAW,30,Racing Bulls,13.0,1.0,MEDIUM,13.0,True,73.823,17.757,33.047,23.019,8.0,1,,True,False,True,21.6,74.47099999999999,8.5,34.46711409395974,50.162416107382555,False
2026,Austria,R,LAW,30,Racing Bulls,14.0,1.0,MEDIUM,14.0,True,73.824,17.708,33.1,23.016,7.0,1,,True,False,True,23.400000000000002,74.526,8.5,34.46711409395974,50.162416107382555,False
2026,Austria,R,LAW,30,Racing Bulls,15.0,1.0,MEDIUM,15.0,True,73.988,17.858,33.179,22.951,7.0,1,,True,False,True,25.2,74.744,8.5,34.46711409395974,50.162416107382555,False
2026,Austria,R,LAW,30,Racing Bulls,16.0,1.0,MEDIUM,16.0,True,73.857,17.728,33.14,22.989,7.0,1,,True,False,True,27.0,74.667,8.5,34.46711409395974,50.162416107382555,False
2026,Austria,R,LAW,30,Racing Bulls,17.0,1.0,MEDIUM,17.0,True,74.092,17.755,33.271,23.066,7.0,1,,True,False,True,28.8,74.956,8.5,34.46711409395974,50.162416107382555,False
2026,Austria,R,LAW,30,Racing Bulls,18.0,1.0,MEDIUM,18.0,True,75.098,17.865,34.113,23.12,8.0,1,,True,False,True,30.6,76.016,8.5,34.46711409395974,50.162416107382555,False
2026,Austria,R,LAW,30,Racing Bulls,19.0,1.0,MEDIUM,19.0,True,78.467,17.838,33.437,27.192,8.0,1,,False,True,True,32.4,79.439,8.5,34.46711409395974,50.162416107382555,False
2026,Austria,R,LAW,30,Racing Bulls,20.0,2.0,HARD,1.0,True,91.043,35.093,33.411,22.539,10.0,1,,False,True,True,34.2,92.069,8.5,34.46711409395974,50.162416107382555,False
2026,Austria,R,LAW,30,Racing Bulls,21.0,2.0,HARD,2.0,True,73.679,17.452,33.591,22.636,10.0,1,,True,False,True,36.0,74.759,8.5,34.46711409395974,50.162416107382555,False
2026,Austria,R,LAW,30,Racing Bulls,22.0,2.0,HARD,3.0,True,73.088,17.497,32.891,22.7,10.0,1,,True,False,True,37.800000000000004,74.222,8.5,34.46711409395974,50.162416107382555,False
2026,Austria,R,LAW,30,Racing Bulls,23.0,2.0,HARD,4.0,True,72.637,17.415,32.645,22.576999999999998,10.0,1,,True,False,True,39.6,73.825,8.5,34.46711409395974,50.162416107382555,False
2026,Austria,R,LAW,30,Racing Bulls,24.0,2.0,HARD,5.0,True,81.637,17.457,32.652,31.528,10.0,126,,False,False,False,41.4,82.879,8.5,34.46711409395974,50.162416107382555,False
2026,Austria,R,LAW,30,Racing Bulls,25.0,2.0,HARD,6.0,True,98.072,23.932,41.13,33.01,10.0,6,,False,False,False,43.2,99.36800000000001,8.5,34.46711409395974,50.162416107382555,False
2026,Austria,R,LAW,30,Racing Bulls,26.0,2.0,HARD,7.0,True,81.479,21.589,37.584,22.306,10.0,671,,False,False,False,45.0,82.829,8.5,34.46711409395974,50.162416107382555,False
2026,Austria,R,LAW,30,Racing Bulls,27.0,2.0,HARD,8.0,True,72.726,17.343,32.836,22.547,10.0,1,,True,False,True,46.800000000000004,74.13,8.5,34.46711409395974,50.162416107382555,False
2026,Austria,R,LAW,30,Racing Bulls,28.0,2.0,HARD,9.0,True,72.416,17.529,32.491,22.396,10.0,1,,True,False,True,48.6,73.874,8.5,34.46711409395974,50.162416107382555,False
2026,Austria,R,LAW,30,Racing Bulls,29.0,2.0,HARD,10.0,True,72.214,17.412,32.414,22.388,10.0,1,,True,False,True,50.4,73.726,8.5,34.46711409395974,50.162416107382555,False
2026,Austria,R,LAW,30,Racing Bulls,30.0,2.0,HARD,11.0,True,72.544,17.434,32.786,22.324,10.0,1,,True,False,True,52.2,74.11,8.5,34.46711409395974,50.162416107382555,False
2026,Austria,R,LAW,30,Racing Bulls,31.0,2.0,HARD,12.0,True,72.577,17.4,32.798,22.379,10.0,1,,True,False,True,54.0,74.197,8.5,34.46711409395974,50.162416107382555,False
2026,Austria,R,LAW,30,Racing Bulls,32.0,2.0,HARD,13.0,True,72.468,17.487,32.642,22.339,10.0,1,,True,False,True,55.800000000000004,74.14200000000001,8.5,34.46711409395974,50.162416107382555,False
2026,Austria,R,LAW,30,Racing Bulls,33.0,2.0,HARD,14.0,True,72.671,17.415,32.8,22.456,10.0,1,,True,False,True,57.6,74.399,8.5,34.46711409395974,50.162416107382555,False
2026,Austria,R,LAW,30,Racing Bulls,34.0,2.0,HARD,15.0,True,72.784,17.461,32.879,22.444,10.0,1,,True,False,True,59.4,74.566,8.5,34.46711409395974,50.162416107382555,False
2026,Austria,R,LAW,30,Racing Bulls,35.0,2.0,HARD,16.0,True,73.035,17.518,32.956,22.561,10.0,1,,True,False,True,61.2,74.871,8.5,34.46711409395974,50.162416107382555,False
2026,Austria,R,LAW,30,Racing Bulls,36.0,2.0,HARD,17.0,True,72.96,17.535,32.836,22.589,10.0,1,,True,False,True,63.0,74.85,8.5,34.46711409395974,50.162416107382555,False
2026,Austria,R,LAW,30,Racing Bulls,37.0,2.0,HARD,18.0,True,73.211,17.589,32.943,22.679,10.0,1,,True,False,True,64.8,75.155,8.5,34.46711409395974,50.162416107382555,False
2026,Austria,R,LAW,30,Racing Bulls,38.0,2.0,HARD,19.0,True,74.115,17.563,33.251,23.301,10.0,1,,True,False,True,66.60000000000001,76.113,8.5,34.46711409395974,50.162416107382555,False
2026,Austria,R,LAW,30,Racing Bulls,39.0,2.0,HARD,20.0,True,74.467,18.085,33.862,22.52,10.0,1,,True,False,True,68.4,76.519,8.5,34.46711409395974,50.162416107382555,False
2026,Austria,R,LAW,30,Racing Bulls,40.0,2.0,HARD,21.0,True,73.118,17.544,32.923,22.651,10.0,1,,True,False,True,70.2,75.22399999999999,8.5,34.46711409395974,50.162416107382555,False
2026,Austria,R,LAW,30,Racing Bulls,41.0,2.0,HARD,22.0,True,73.068,17.559,32.926,22.583,10.0,1,,True,False,True,72.0,75.228,8.5,34.46711409395974,50.162416107382555,False
2026,Austria,R,LAW,30,Racing Bulls,42.0,2.0,HARD,23.0,True,73.279,17.545,33.084,22.65,10.0,1,,True,False,True,73.8,75.493,8.5,34.46711409395974,50.162416107382555,False
2026,Austria,R,LAW,30,Racing Bulls,43.0,2.0,HARD,24.0,True,73.635,17.561,33.246,22.828,10.0,1,,True,False,True,75.60000000000001,75.903,8.5,34.46711409395974,50.162416107382555,False
2026,Austria,R,LAW,30,Racing Bulls,44.0,2.0,HARD,25.0,True,73.993,17.588,33.434,22.971,10.0,1,,True,False,True,77.4,76.315,8.5,34.46711409395974,50.162416107382555,False
2026,Austria,R,LAW,30,Racing Bulls,45.0,2.0,HARD,26.0,True,78.081,17.647,33.38,27.054,10.0,1,,False,True,True,79.2,80.45700000000001,8.5,34.46711409395974,50.162416107382555,False
2026,Austria,R,LAW,30,Racing Bulls,46.0,3.0,MEDIUM,1.0,True,89.493,34.251,33.076,22.166,10.0,1,,False,True,True,81.0,91.923,8.5,34.46711409395974,50.162416107382555,False
2026,Austria,R,LAW,30,Racing Bulls,47.0,3.0,MEDIUM,2.0,True,72.099,17.166,32.644,22.289,9.0,1,,True,False,True,82.8,74.583,8.5,34.46711409395974,50.162416107382555,False
2026,Austria,R,LAW,30,Racing Bulls,48.0,3.0,MEDIUM,3.0,True,72.149,17.352,32.427,22.37,9.0,1,,True,False,True,84.60000000000001,74.687,8.5,34.46711409395974,50.162416107382555,False
2026,Austria,R,LAW,30,Racing Bulls,49.0,3.0,MEDIUM,4.0,True,72.133,17.33,32.637,22.166,9.0,1,,True,False,True,86.4,74.725,8.5,34.46711409395974,50.162416107382555,False
2026,Austria,R,LAW,30,Racing Bulls,50.0,3.0,MEDIUM,5.0,True,71.946,17.37,32.403,22.173,9.0,1,,True,False,True,88.2,74.592,8.5,34.46711409395974,50.162416107382555,False
2026,Austria,R,LAW,30,Racing Bulls,51.0,3.0,MEDIUM,6.0,True,72.537,17.399,32.574,22.564,9.0,16,,False,False,False,90.0,75.23700000000001,8.5,34.46711409395974,50.162416107382555,False
2026,Austria,R,LAW,30,Racing Bulls,52.0,3.0,MEDIUM,7.0,True,84.063,26.331,35.841,21.891,9.0,671,,False,False,False,91.8,86.81700000000001,8.5,34.46711409395974,50.162416107382555,False
2026,Austria,R,LAW,30,Racing Bulls,53.0,3.0,MEDIUM,8.0,True,71.774,17.328,32.397,22.049,9.0,1,,True,False,True,93.60000000000001,74.58200000000001,8.5,34.46711409395974,50.162416107382555,False
2026,Austria,R,LAW,30,Racing Bulls,54.0,3.0,MEDIUM,9.0,True,71.75,17.462,32.252,22.036,9.0,1,,True,False,True,95.4,74.612,8.5,34.46711409395974,50.162416107382555,False
2026,Austria,R,LAW,30,Racing Bulls,55.0,3.0,MEDIUM,10.0,True,71.547,17.366,32.076,22.105,9.0,1,,True,False,True,97.2,74.463,8.5,34.46711409395974,50.162416107382555,False
2026,Austria,R,LAW,30,Racing Bulls,56.0,3.0,MEDIUM,11.0,True,71.809,17.445,32.38,21.984,9.0,1,,True,False,True,99.0,74.779,8.5,34.46711409395974,50.162416107382555,False
2026,Austria,R,LAW,30,Racing Bulls,57.0,3.0,MEDIUM,12.0,True,73.698,17.497,33.837,22.364,9.0,1,,True,False,True,100.8,76.722,8.5,34.46711409395974,50.162416107382555,False
2026,Austria,R,LAW,30,Racing Bulls,58.0,3.0,MEDIUM,13.0,True,71.944,17.344,32.458,22.142,9.0,1,,True,False,True,102.60000000000001,75.022,8.5,34.46711409395974,50.162416107382555,False
2026,Austria,R,LAW,30,Racing Bulls,59.0,3.0,MEDIUM,14.0,True,71.81,17.39,32.367,22.053,9.0,1,,True,False,True,104.4,74.94200000000001,8.5,34.46711409395974,50.162416107382555,False
2026,Austria,R,LAW,30,Racing Bulls,60.0,3.0,MEDIUM,15.0,True,71.875,17.33,32.398,22.147,9.0,1,,True,False,True,106.2,75.061,8.5,34.46711409395974,50.162416107382555,False
2026,Austria,R,LAW,30,Racing Bulls,61.0,3.0,MEDIUM,16.0,True,72.118,17.453,32.431,22.234,9.0,1,,True,False,True,108.0,75.35799999999999,8.5,34.46711409395974,50.162416107382555,False
2026,Austria,R,LAW,30,Racing Bulls,62.0,3.0,MEDIUM,17.0,True,74.159,17.876,33.926,22.357,9.0,1,,True,False,True,109.8,77.453,8.5,34.46711409395974,50.162416107382555,False
2026,Austria,R,LAW,30,Racing Bulls,63.0,3.0,MEDIUM,18.0,True,74.033,17.515,34.188,22.33,9.0,1,,True,False,True,111.60000000000001,77.381,8.5,34.46711409395974,50.162416107382555,False
2026,Austria,R,LAW,30,Racing Bulls,64.0,3.0,MEDIUM,19.0,True,72.046,17.368,32.482,22.196,9.0,1,,True,False,True,113.4,75.44800000000001,8.5,34.46711409395974,50.162416107382555,False
2026,Austria,R,LAW,30,Racing Bulls,65.0,3.0,MEDIUM,20.0,True,72.274,17.466,32.64,22.168,9.0,1,,True,False,True,115.2,75.73,8.5,34.46711409395974,50.162416107382555,False
2026,Austria,R,LAW,30,Racing Bulls,66.0,3.0,MEDIUM,21.0,True,72.701,17.472,32.824,22.405,9.0,1,,True,False,True,117.0,76.211,8.5,34.46711409395974,50.162416107382555,False
2026,Austria,R,LAW,30,Racing Bulls,67.0,3.0,MEDIUM,22.0,True,72.619,17.422,32.893,22.304,9.0,1,,True,False,True,118.8,76.18299999999999,8.5,34.46711409395974,50.162416107382555,False
2026,Austria,R,LAW,30,Racing Bulls,68.0,3.0,MEDIUM,23.0,True,72.352,17.467,32.664,22.221,9.0,1,,True,False,True,120.60000000000001,75.97,8.5,34.46711409395974,50.162416107382555,False
2026,Austria,R,LAW,30,Racing Bulls,69.0,3.0,MEDIUM,24.0,True,72.278,17.479,32.583,22.216,9.0,1,,True,False,True,122.4,75.95,8.5,34.46711409395974,50.162416107382555,False
2026,Austria,R,LAW,30,Racing Bulls,70.0,3.0,MEDIUM,25.0,True,72.286,17.404,32.603,22.279,9.0,1,,True,False,True,124.2,76.012,8.5,34.46711409395974,50.162416107382555,False
2026,Austria,R,OCO,31,Haas F1 Team,1.0,1.0,MEDIUM,1.0,True,80.541,,34.024,23.4,12.0,1,,False,False,True,0.0,80.541,8.5,34.46711409395974,50.162416107382555,False
2026,Austria,R,OCO,31,Haas F1 Team,2.0,1.0,MEDIUM,2.0,True,73.849,17.722,33.194,22.933,11.0,1,,True,False,True,1.8,73.903,8.5,34.46711409395974,50.162416107382555,False
2026,Austria,R,OCO,31,Haas F1 Team,3.0,1.0,MEDIUM,3.0,True,73.645,17.534,33.05,23.061,11.0,1,,True,False,True,3.6,73.753,8.5,34.46711409395974,50.162416107382555,False
2026,Austria,R,OCO,31,Haas F1 Team,4.0,1.0,MEDIUM,4.0,True,74.103,17.556,33.389,23.158,11.0,1,,True,False,True,5.4,74.265,8.5,34.46711409395974,50.162416107382555,False
2026,Austria,R,OCO,31,Haas F1 Team,5.0,1.0,MEDIUM,5.0,True,73.793,17.624,33.151,23.018,11.0,1,,True,False,True,7.2,74.009,8.5,34.46711409395974,50.162416107382555,False
2026,Austria,R,OCO,31,Haas F1 Team,6.0,1.0,MEDIUM,6.0,True,74.125,17.719,33.1,23.306,11.0,1,,True,False,True,9.0,74.395,8.5,34.46711409395974,50.162416107382555,False
2026,Austria,R,OCO,31,Haas F1 Team,7.0,1.0,MEDIUM,7.0,True,75.075,17.847,33.885,23.343,12.0,1,,True,False,True,10.8,75.399,8.5,34.46711409395974,50.162416107382555,False
2026,Austria,R,OCO,31,Haas F1 Team,8.0,1.0,MEDIUM,8.0,True,74.546,17.91,33.307,23.329,12.0,1,,True,False,True,12.6,74.924,8.5,34.46711409395974,50.162416107382555,False
2026,Austria,R,OCO,31,Haas F1 Team,9.0,1.0,MEDIUM,9.0,True,74.897,17.893,33.61,23.394,12.0,1,,True,False,True,14.4,75.32900000000001,8.5,34.46711409395974,50.162416107382555,False
2026,Austria,R,OCO,31,Haas F1 Team,10.0,1.0,MEDIUM,10.0,True,75.155,18.008,33.573,23.574,12.0,1,,True,False,True,16.2,75.641,8.5,34.46711409395974,50.162416107382555,False
2026,Austria,R,OCO,31,Haas F1 Team,11.0,1.0,MEDIUM,11.0,True,75.543,17.975,33.993,23.575,12.0,1,,True,False,True,18.0,76.08300000000001,8.5,34.46711409395974,50.162416107382555,False
2026,Austria,R,OCO,31,Haas F1 Team,12.0,1.0,MEDIUM,12.0,True,74.927,18.08,33.47,23.377,12.0,1,,True,False,True,19.8,75.521,8.5,34.46711409395974,50.162416107382555,False
2026,Austria,R,OCO,31,Haas F1 Team,13.0,1.0,MEDIUM,13.0,True,75.144,18.03,33.617,23.497,12.0,1,,True,False,True,21.6,75.792,8.5,34.46711409395974,50.162416107382555,False
2026,Austria,R,OCO,31,Haas F1 Team,14.0,1.0,MEDIUM,14.0,True,75.494,18.014,33.838,23.642,12.0,1,,True,False,True,23.400000000000002,76.196,8.5,34.46711409395974,50.162416107382555,False
2026,Austria,R,OCO,31,Haas F1 Team,15.0,1.0,MEDIUM,15.0,True,75.154,18.006,33.637,23.511,12.0,1,,True,False,True,25.2,75.91,8.5,34.46711409395974,50.162416107382555,False
2026,Austria,R,OCO,31,Haas F1 Team,16.0,1.0,MEDIUM,16.0,True,75.691,18.036,33.775,23.88,13.0,1,,True,False,True,27.0,76.501,8.5,34.46711409395974,50.162416107382555,False
2026,Austria,R,OCO,31,Haas F1 Team,17.0,1.0,MEDIUM,17.0,True,75.477,17.929,33.975,23.573,13.0,1,,True,False,True,28.8,76.34100000000001,8.5,34.46711409395974,50.162416107382555,False
2026,Austria,R,OCO,31,Haas F1 Team,18.0,1.0,MEDIUM,18.0,True,79.724,17.928,33.84,27.956,13.0,1,,False,True,True,30.6,80.64200000000001,8.5,34.46711409395974,50.162416107382555,False
2026,Austria,R,OCO,31,Haas F1 Team,19.0,2.0,MEDIUM,1.0,True,91.801,35.186,33.309,23.306,19.0,1,,False,True,True,32.4,92.773,8.5,34.46711409395974,50.162416107382555,False
2026,Austria,R,OCO,31,Haas F1 Team,20.0,2.0,MEDIUM,2.0,True,74.42,17.673000000000002,33.417,23.33,18.0,1,,True,False,True,34.2,75.446,8.5,34.46711409395974,50.162416107382555,False
2026,Austria,R,OCO,31,Haas F1 Team,21.0,2.0,MEDIUM,3.0,True,74.195,17.873,33.206,23.116,17.0,1,,True,False,True,36.0,75.27499999999999,8.5,34.46711409395974,50.162416107382555,False
2026,Austria,R,OCO,31,Haas F1 Team,22.0,2.0,MEDIUM,4.0,True,73.867,17.734,33.141,22.992,16.0,1,,True,False,True,37.800000000000004,75.001,8.5,34.46711409395974,50.162416107382555,False
2026,Austria,R,OCO,31,Haas F1 Team,23.0,2.0,MEDIUM,5.0,True,73.699,17.744,32.906,23.049,16.0,1,,True,False,True,39.6,74.887,8.5,34.46711409395974,50.162416107382555,False
2026,Austria,R,OCO,31,Haas F1 Team,24.0,2.0,MEDIUM,6.0,True,89.351,17.885,39.911,31.555,15.0,126,,False,False,False,41.4,90.593,8.5,34.46711409395974,50.162416107382555,False
2026,Austria,R,OCO,31,Haas F1 Team,25.0,2.0,MEDIUM,7.0,True,96.309,22.48,42.804,31.025,15.0,6,,False,False,False,43.2,97.605,8.5,34.46711409395974,50.162416107382555,False
2026,Austria,R,OCO,31,Haas F1 Team,26.0,2.0,MEDIUM,8.0,True,75.839,20.187,32.854,22.798000000000002,15.0,671,,False,False,False,45.0,77.189,8.5,34.46711409395974,50.162416107382555,False
2026,Austria,R,OCO,31,Haas F1 Team,27.0,2.0,MEDIUM,9.0,True,73.308,17.618,32.83,22.86,15.0,1,,True,False,True,46.800000000000004,74.712,8.5,34.46711409395974,50.162416107382555,False
2026,Austria,R,OCO,31,Haas F1 Team,28.0,2.0,MEDIUM,10.0,True,73.207,17.643,32.741,22.823,15.0,1,,True,False,True,48.6,74.66499999999999,8.5,34.46711409395974,50.162416107382555,False
2026,Austria,R,OCO,31,Haas F1 Team,29.0,2.0,MEDIUM,11.0,True,73.117,17.674,32.703,22.74,15.0,1,,True,False,True,50.4,74.629,8.5,34.46711409395974,50.162416107382555,False
2026,Austria,R,OCO,31,Haas F1 Team,30.0,2.0,MEDIUM,12.0,True,73.428,17.688,32.788,22.951999999999998,15.0,1,,True,False,True,52.2,74.994,8.5,34.46711409395974,50.162416107382555,False
2026,Austria,R,OCO,31,Haas F1 Team,31.0,2.0,MEDIUM,13.0,True,73.201,17.648,32.754,22.799,15.0,1,,True,False,True,54.0,74.821,8.5,34.46711409395974,50.162416107382555,False
2026,Austria,R,OCO,31,Haas F1 Team,32.0,2.0,MEDIUM,14.0,True,73.406,17.699,32.86,22.847,15.0,1,,True,False,True,55.800000000000004,75.08000000000001,8.5,34.46711409395974,50.162416107382555,False
2026,Austria,R,OCO,31,Haas F1 Team,33.0,2.0,MEDIUM,15.0,True,78.946,17.723,33.005,28.218,16.0,1,,False,True,True,57.6,80.67399999999999,8.5,34.46711409395974,50.162416107382555,False
2026,Austria,R,OCO,31,Haas F1 Team,34.0,3.0,HARD,1.0,True,94.072,38.583,32.75,22.739,17.0,1,,False,True,True,59.4,95.854,8.5,34.46711409395974,50.162416107382555,False
2026,Austria,R,OCO,31,Haas F1 Team,35.0,3.0,HARD,2.0,True,73.061,17.554,32.732,22.775,17.0,1,,True,False,True,61.2,74.897,8.5,34.46711409395974,50.162416107382555,False
2026,Austria,R,OCO,31,Haas F1 Team,36.0,3.0,HARD,3.0,True,73.17,17.705,32.672,22.793,17.0,1,,True,False,True,63.0,75.06,8.5,34.46711409395974,50.162416107382555,False
2026,Austria,R,OCO,31,Haas F1 Team,37.0,3.0,HARD,4.0,True,72.979,17.614,32.743,22.622,17.0,1,,True,False,True,64.8,74.923,8.5,34.46711409395974,50.162416107382555,False
2026,Austria,R,OCO,31,Haas F1 Team,38.0,3.0,HARD,5.0,True,73.275,17.65,32.766,22.859,16.0,1,,True,False,True,66.60000000000001,75.27300000000001,8.5,34.46711409395974,50.162416107382555,False
2026,Austria,R,OCO,31,Haas F1 Team,39.0,3.0,HARD,6.0,True,73.094,17.652,32.664,22.778,16.0,1,,True,False,True,68.4,75.146,8.5,34.46711409395974,50.162416107382555,False
2026,Austria,R,OCO,31,Haas F1 Team,40.0,3.0,HARD,7.0,True,73.149,17.634,32.735,22.78,16.0,1,,True,False,True,70.2,75.255,8.5,34.46711409395974,50.162416107382555,False
2026,Austria,R,OCO,31,Haas F1 Team,41.0,3.0,HARD,8.0,True,73.565,17.752,32.914,22.899,16.0,1,,True,False,True,72.0,75.725,8.5,34.46711409395974,50.162416107382555,False
2026,Austria,R,OCO,31,Haas F1 Team,42.0,3.0,HARD,9.0,True,74.782,17.772,33.947,23.063,16.0,1,,True,False,True,73.8,76.996,8.5,34.46711409395974,50.162416107382555,False
2026,Austria,R,OCO,31,Haas F1 Team,43.0,3.0,HARD,10.0,True,75.862,18.16,34.063,23.639,16.0,1,,True,False,True,75.60000000000001,78.13,8.5,34.46711409395974,50.162416107382555,False
2026,Austria,R,OCO,31,Haas F1 Team,44.0,3.0,HARD,11.0,True,73.412,17.635,33.001,22.776,16.0,1,,True,False,True,77.4,75.73400000000001,8.5,34.46711409395974,50.162416107382555,False
2026,Austria,R,OCO,31,Haas F1 Team,45.0,3.0,HARD,12.0,True,73.662,17.618,33.121,22.923000000000002,16.0,1,,True,False,True,79.2,76.03800000000001,8.5,34.46711409395974,50.162416107382555,False
2026,Austria,R,OCO,31,Haas F1 Team,46.0,3.0,HARD,13.0,True,73.402,17.605,32.936,22.861,16.0,1,,True,False,True,81.0,75.832,8.5,34.46711409395974,50.162416107382555,False
2026,Austria,R,OCO,31,Haas F1 Team,47.0,3.0,HARD,14.0,True,74.927,17.659,34.364,22.904,15.0,1,,True,False,True,82.8,77.411,8.5,34.46711409395974,50.162416107382555,False
2026,Austria,R,OCO,31,Haas F1 Team,48.0,3.0,HARD,15.0,True,73.239,17.561,32.816,22.862,15.0,1,,True,False,True,84.60000000000001,75.777,8.5,34.46711409395974,50.162416107382555,False
2026,Austria,R,OCO,31,Haas F1 Team,49.0,3.0,HARD,16.0,True,73.31,17.669,32.929,22.712,15.0,1,,True,False,True,86.4,75.902,8.5,34.46711409395974,50.162416107382555,False
2026,Austria,R,OCO,31,Haas F1 Team,50.0,3.0,HARD,17.0,True,73.463,17.719,33.025,22.719,15.0,1,,True,False,True,88.2,76.109,8.5,34.46711409395974,50.162416107382555,False
2026,Austria,R,OCO,31,Haas F1 Team,51.0,3.0,HARD,18.0,True,84.785,17.672,41.643,25.47,15.0,167,,False,False,False,90.0,87.485,8.5,34.46711409395974,50.162416107382555,False
2026,Austria,R,OCO,31,Haas F1 Team,52.0,3.0,HARD,19.0,True,73.187,17.627,32.852,22.708,15.0,1,,True,False,True,91.8,75.941,8.5,34.46711409395974,50.162416107382555,False
2026,Austria,R,OCO,31,Haas F1 Team,53.0,3.0,HARD,20.0,True,73.217,17.673000000000002,32.752,22.792,15.0,1,,True,False,True,93.60000000000001,76.025,8.5,34.46711409395974,50.162416107382555,False
2026,Austria,R,OCO,31,Haas F1 Team,54.0,3.0,HARD,21.0,True,73.866,17.581,33.374,22.911,16.0,1,,True,False,True,95.4,76.728,8.5,34.46711409395974,50.162416107382555,False
2026,Austria,R,OCO,31,Haas F1 Team,55.0,3.0,HARD,22.0,True,73.346,17.658,32.979,22.709,16.0,1,,True,False,True,97.2,76.262,8.5,34.46711409395974,50.162416107382555,False
2026,Austria,R,OCO,31,Haas F1 Team,56.0,3.0,HARD,23.0,True,73.606,17.682,33.016,22.908,16.0,1,,True,False,True,99.0,76.576,8.5,34.46711409395974,50.162416107382555,False
2026,Austria,R,OCO,31,Haas F1 Team,57.0,3.0,HARD,24.0,True,73.59,17.754,32.981,22.855,16.0,1,,True,False,True,100.8,76.614,8.5,34.46711409395974,50.162416107382555,False
2026,Austria,R,OCO,31,Haas F1 Team,58.0,3.0,HARD,25.0,True,73.824,17.729,33.102,22.993,16.0,1,,True,False,True,102.60000000000001,76.902,8.5,34.46711409395974,50.162416107382555,False
2026,Austria,R,OCO,31,Haas F1 Team,59.0,3.0,HARD,26.0,True,73.929,17.778,33.235,22.916,16.0,1,,True,False,True,104.4,77.061,8.5,34.46711409395974,50.162416107382555,False
2026,Austria,R,OCO,31,Haas F1 Team,60.0,3.0,HARD,27.0,True,73.744,17.722,33.134,22.888,16.0,1,,True,False,True,106.2,76.93,8.5,34.46711409395974,50.162416107382555,False
2026,Austria,R,OCO,31,Haas F1 Team,61.0,3.0,HARD,28.0,True,74.012,17.785,33.204,23.023,16.0,1,,True,False,True,108.0,77.252,8.5,34.46711409395974,50.162416107382555,False
2026,Austria,R,OCO,31,Haas F1 Team,62.0,3.0,HARD,29.0,True,73.932,17.763,33.324,22.845,16.0,1,,True,False,True,109.8,77.226,8.5,34.46711409395974,50.162416107382555,False
2026,Austria,R,OCO,31,Haas F1 Team,63.0,3.0,HARD,30.0,True,74.39,17.822,33.449,23.119,16.0,1,,True,False,True,111.60000000000001,77.738,8.5,34.46711409395974,50.162416107382555,False
2026,Austria,R,OCO,31,Haas F1 Team,64.0,3.0,HARD,31.0,True,77.875,17.847,34.579,25.449,16.0,1,,True,False,True,113.4,81.277,8.5,34.46711409395974,50.162416107382555,False
2026,Austria,R,OCO,31,Haas F1 Team,65.0,3.0,HARD,32.0,True,76.05,19.351,33.726,22.973,16.0,1,,True,False,True,115.2,79.506,8.5,34.46711409395974,50.162416107382555,False
2026,Austria,R,OCO,31,Haas F1 Team,66.0,3.0,HARD,33.0,True,74.5,17.774,33.518,23.208,16.0,1,,True,False,True,117.0,78.01,8.5,34.46711409395974,50.162416107382555,False
2026,Austria,R,OCO,31,Haas F1 Team,67.0,3.0,HARD,34.0,True,75.967,17.736,34.891,23.34,16.0,1,,True,False,True,118.8,79.53099999999999,8.5,34.46711409395974,50.162416107382555,False
2026,Austria,R,OCO,31,Haas F1 Team,68.0,3.0,HARD,35.0,True,77.006,18.721,33.977,24.308,16.0,1,,True,False,True,120.60000000000001,80.624,8.5,34.46711409395974,50.162416107382555,False
2026,Austria,R,OCO,31,Haas F1 Team,69.0,3.0,HARD,36.0,True,75.684,17.826999999999998,34.205,23.652,16.0,1,,True,False,True,122.4,79.356,8.5,34.46711409395974,50.162416107382555,False
2026,Austria,R,LIN,41,Racing Bulls,1.0,1.0,MEDIUM,1.0,True,79.894,,34.016,23.411,10.0,1,,False,False,True,0.0,79.894,8.5,34.46711409395974,50.162416107382555,False
2026,Austria,R,LIN,41,Racing Bulls,2.0,1.0,MEDIUM,2.0,True,73.697,17.716,33.304,22.677,10.0,1,,True,False,True,1.8,73.751,8.5,34.46711409395974,50.162416107382555,False
2026,Austria,R,LIN,41,Racing Bulls,3.0,1.0,MEDIUM,3.0,True,73.483,17.319,33.265,22.899,10.0,1,,True,False,True,3.6,73.59100000000001,8.5,34.46711409395974,50.162416107382555,False
2026,Austria,R,LIN,41,Racing Bulls,4.0,1.0,MEDIUM,4.0,True,73.913,17.508,33.477,22.928,10.0,1,,True,False,True,5.4,74.075,8.5,34.46711409395974,50.162416107382555,False
2026,Austria,R,LIN,41,Racing Bulls,5.0,1.0,MEDIUM,5.0,True,73.52,17.495,33.159,22.866,10.0,1,,True,False,True,7.2,73.73599999999999,8.5,34.46711409395974,50.162416107382555,False
2026,Austria,R,LIN,41,Racing Bulls,6.0,1.0,MEDIUM,6.0,True,73.177,17.445,32.967,22.765,10.0,1,,True,False,True,9.0,73.447,8.5,34.46711409395974,50.162416107382555,False
2026,Austria,R,LIN,41,Racing Bulls,7.0,1.0,MEDIUM,7.0,True,73.614,17.596,33.131,22.887,10.0,1,,True,False,True,10.8,73.938,8.5,34.46711409395974,50.162416107382555,False
2026,Austria,R,LIN,41,Racing Bulls,8.0,1.0,MEDIUM,8.0,True,74.051,17.821,33.336,22.894,10.0,1,,True,False,True,12.6,74.429,8.5,34.46711409395974,50.162416107382555,False
2026,Austria,R,LIN,41,Racing Bulls,9.0,1.0,MEDIUM,9.0,True,73.564,17.701,33.086,22.777,10.0,1,,True,False,True,14.4,73.996,8.5,34.46711409395974,50.162416107382555,False
2026,Austria,R,LIN,41,Racing Bulls,10.0,1.0,MEDIUM,10.0,True,73.686,17.685,33.142,22.859,10.0,1,,True,False,True,16.2,74.17200000000001,8.5,34.46711409395974,50.162416107382555,False
2026,Austria,R,LIN,41,Racing Bulls,11.0,1.0,MEDIUM,11.0,True,73.999,17.757,33.141,23.101,10.0,1,,True,False,True,18.0,74.539,8.5,34.46711409395974,50.162416107382555,False
2026,Austria,R,LIN,41,Racing Bulls,12.0,1.0,MEDIUM,12.0,True,73.698,17.703,33.096,22.899,10.0,1,,True,False,True,19.8,74.29199999999999,8.5,34.46711409395974,50.162416107382555,False
2026,Austria,R,LIN,41,Racing Bulls,13.0,1.0,MEDIUM,13.0,True,73.839,17.7,33.131,23.008,9.0,1,,True,False,True,21.6,74.487,8.5,34.46711409395974,50.162416107382555,False
2026,Austria,R,LIN,41,Racing Bulls,14.0,1.0,MEDIUM,14.0,True,73.975,17.765,33.161,23.049,8.0,1,,True,False,True,23.400000000000002,74.67699999999999,8.5,34.46711409395974,50.162416107382555,False
2026,Austria,R,LIN,41,Racing Bulls,15.0,1.0,MEDIUM,15.0,True,74.394,17.777,33.574,23.043,8.0,1,,True,False,True,25.2,75.15,8.5,34.46711409395974,50.162416107382555,False
2026,Austria,R,LIN,41,Racing Bulls,16.0,1.0,MEDIUM,16.0,True,74.92,17.771,34.117,23.032,9.0,1,,True,False,True,27.0,75.73,8.5,34.46711409395974,50.162416107382555,False
2026,Austria,R,LIN,41,Racing Bulls,17.0,1.0,MEDIUM,17.0,True,74.016,17.765,33.283,22.968,9.0,1,,True,False,True,28.8,74.88000000000001,8.5,34.46711409395974,50.162416107382555,False
2026,Austria,R,LIN,41,Racing Bulls,18.0,1.0,MEDIUM,18.0,True,77.791,17.721,33.299,26.771,10.0,1,,False,True,True,30.6,78.709,8.5,34.46711409395974,50.162416107382555,False
2026,Austria,R,LIN,41,Racing Bulls,19.0,2.0,HARD,1.0,True,89.66,34.47,32.944,22.246,12.0,1,,False,True,True,32.4,90.63199999999999,8.5,34.46711409395974,50.162416107382555,False
2026,Austria,R,LIN,41,Racing Bulls,20.0,2.0,HARD,2.0,True,73.512,17.146,33.838,22.528,11.0,1,,True,False,True,34.2,74.538,8.5,34.46711409395974,50.162416107382555,False
2026,Austria,R,LIN,41,Racing Bulls,21.0,2.0,HARD,3.0,True,72.455,17.429,32.605,22.421,9.0,1,,True,False,True,36.0,73.535,8.5,34.46711409395974,50.162416107382555,False
2026,Austria,R,LIN,41,Racing Bulls,22.0,2.0,HARD,4.0,True,72.72,17.687,32.614,22.419,9.0,1,,True,False,True,37.800000000000004,73.854,8.5,34.46711409395974,50.162416107382555,False
2026,Austria,R,LIN,41,Racing Bulls,23.0,2.0,HARD,5.0,True,72.602,17.681,32.583,22.338,9.0,1,,True,False,True,39.6,73.79,8.5,34.46711409395974,50.162416107382555,False
2026,Austria,R,LIN,41,Racing Bulls,24.0,2.0,HARD,6.0,True,81.056,17.629,32.593,30.834,9.0,126,,False,False,False,41.4,82.298,8.5,34.46711409395974,50.162416107382555,False
2026,Austria,R,LIN,41,Racing Bulls,25.0,2.0,HARD,7.0,True,97.419,23.568,41.723,32.128,9.0,6,,False,False,False,43.2,98.715,8.5,34.46711409395974,50.162416107382555,False
2026,Austria,R,LIN,41,Racing Bulls,26.0,2.0,HARD,8.0,True,82.407,22.797,37.362,22.248,9.0,671,,False,False,False,45.0,83.75699999999999,8.5,34.46711409395974,50.162416107382555,False
2026,Austria,R,LIN,41,Racing Bulls,27.0,2.0,HARD,9.0,True,72.707,17.511,32.704,22.492,9.0,1,,True,False,True,46.800000000000004,74.11099999999999,8.5,34.46711409395974,50.162416107382555,False
2026,Austria,R,LIN,41,Racing Bulls,28.0,2.0,HARD,10.0,True,72.367,17.663,32.483,22.221,9.0,1,,True,False,True,48.6,73.825,8.5,34.46711409395974,50.162416107382555,False
2026,Austria,R,LIN,41,Racing Bulls,29.0,2.0,HARD,11.0,True,72.227,17.527,32.536,22.164,9.0,1,,True,False,True,50.4,73.739,8.5,34.46711409395974,50.162416107382555,False
2026,Austria,R,LIN,41,Racing Bulls,30.0,2.0,HARD,12.0,True,72.746,17.467,33.036,22.243,9.0,1,,True,False,True,52.2,74.312,8.5,34.46711409395974,50.162416107382555,False
2026,Austria,R,LIN,41,Racing Bulls,31.0,2.0,HARD,13.0,True,72.593,17.566,32.804,22.223,9.0,1,,True,False,True,54.0,74.21300000000001,8.5,34.46711409395974,50.162416107382555,False
2026,Austria,R,LIN,41,Racing Bulls,32.0,2.0,HARD,14.0,True,72.525,17.509,32.727,22.289,9.0,1,,True,False,True,55.800000000000004,74.19900000000001,8.5,34.46711409395974,50.162416107382555,False
2026,Austria,R,LIN,41,Racing Bulls,33.0,2.0,HARD,15.0,True,72.78,17.588,32.896,22.296,9.0,1,,True,False,True,57.6,74.508,8.5,34.46711409395974,50.162416107382555,False
2026,Austria,R,LIN,41,Racing Bulls,34.0,2.0,HARD,16.0,True,72.81,17.527,32.986,22.297,9.0,1,,True,False,True,59.4,74.592,8.5,34.46711409395974,50.162416107382555,False
2026,Austria,R,LIN,41,Racing Bulls,35.0,2.0,HARD,17.0,True,72.963,17.53,32.977,22.456,9.0,1,,True,False,True,61.2,74.79899999999999,8.5,34.46711409395974,50.162416107382555,False
2026,Austria,R,LIN,41,Racing Bulls,36.0,2.0,HARD,18.0,True,72.861,17.558,32.86,22.443,9.0,1,,True,False,True,63.0,74.751,8.5,34.46711409395974,50.162416107382555,False
2026,Austria,R,LIN,41,Racing Bulls,37.0,2.0,HARD,19.0,True,73.281,17.575,33.047,22.659,9.0,1,,True,False,True,64.8,75.22500000000001,8.5,34.46711409395974,50.162416107382555,False
2026,Austria,R,LIN,41,Racing Bulls,38.0,2.0,HARD,20.0,True,74.404,17.621,33.603,23.18,9.0,1,,True,False,True,66.60000000000001,76.402,8.5,34.46711409395974,50.162416107382555,False
2026,Austria,R,LIN,41,Racing Bulls,39.0,2.0,HARD,21.0,True,73.357,18.045,32.944,22.368,9.0,1,,True,False,True,68.4,75.409,8.5,34.46711409395974,50.162416107382555,False
2026,Austria,R,LIN,41,Racing Bulls,40.0,2.0,HARD,22.0,True,73.197,17.547,33.002,22.648,9.0,1,,True,False,True,70.2,75.303,8.5,34.46711409395974,50.162416107382555,False
2026,Austria,R,LIN,41,Racing Bulls,41.0,2.0,HARD,23.0,True,73.377,17.597,33.171,22.609,9.0,1,,True,False,True,72.0,75.53699999999999,8.5,34.46711409395974,50.162416107382555,False
2026,Austria,R,LIN,41,Racing Bulls,42.0,2.0,HARD,24.0,True,73.601,17.609,33.389,22.603,9.0,1,,True,False,True,73.8,75.815,8.5,34.46711409395974,50.162416107382555,False
2026,Austria,R,LIN,41,Racing Bulls,43.0,2.0,HARD,25.0,True,73.901,17.663,33.474,22.764,9.0,1,,True,False,True,75.60000000000001,76.169,8.5,34.46711409395974,50.162416107382555,False
2026,Austria,R,LIN,41,Racing Bulls,44.0,2.0,HARD,26.0,True,74.0,17.709,33.473,22.818,9.0,1,,True,False,True,77.4,76.322,8.5,34.46711409395974,50.162416107382555,False
2026,Austria,R,LIN,41,Racing Bulls,45.0,2.0,HARD,27.0,True,73.962,17.675,33.455,22.832,9.0,1,,True,False,True,79.2,76.33800000000001,8.5,34.46711409395974,50.162416107382555,False
2026,Austria,R,LIN,41,Racing Bulls,46.0,2.0,HARD,28.0,True,77.63,17.72,33.483,26.427,9.0,1,,False,True,True,81.0,80.06,8.5,34.46711409395974,50.162416107382555,False
2026,Austria,R,LIN,41,Racing Bulls,47.0,3.0,MEDIUM,1.0,True,90.286,34.296,33.646,22.344,10.0,1,,False,True,True,82.8,92.77,8.5,34.46711409395974,50.162416107382555,False
2026,Austria,R,LIN,41,Racing Bulls,48.0,3.0,MEDIUM,2.0,True,72.142,17.34,32.565,22.237,10.0,1,,True,False,True,84.60000000000001,74.67999999999999,8.5,34.46711409395974,50.162416107382555,False
2026,Austria,R,LIN,41,Racing Bulls,49.0,3.0,MEDIUM,3.0,True,71.994,17.297,32.412,22.285,10.0,1,,True,False,True,86.4,74.586,8.5,34.46711409395974,50.162416107382555,False
2026,Austria,R,LIN,41,Racing Bulls,50.0,3.0,MEDIUM,4.0,True,72.007,17.273,32.635,22.099,10.0,1,,True,False,True,88.2,74.653,8.5,34.46711409395974,50.162416107382555,False
2026,Austria,R,LIN,41,Racing Bulls,51.0,3.0,MEDIUM,5.0,True,74.698,17.287,33.021,24.39,10.0,16,,False,False,False,90.0,77.398,8.5,34.46711409395974,50.162416107382555,False
2026,Austria,R,LIN,41,Racing Bulls,52.0,3.0,MEDIUM,6.0,True,82.431,24.479,36.038,21.914,10.0,671,,False,False,False,91.8,85.185,8.5,34.46711409395974,50.162416107382555,False
2026,Austria,R,LIN,41,Racing Bulls,53.0,3.0,MEDIUM,7.0,True,71.881,17.408,32.428,22.045,10.0,1,,True,False,True,93.60000000000001,74.68900000000001,8.5,34.46711409395974,50.162416107382555,False
2026,Austria,R,LIN,41,Racing Bulls,54.0,3.0,MEDIUM,8.0,True,71.661,17.32,32.295,22.046,10.0,1,,True,False,True,95.4,74.523,8.5,34.46711409395974,50.162416107382555,False
2026,Austria,R,LIN,41,Racing Bulls,55.0,3.0,MEDIUM,9.0,True,73.614,19.012,32.597,22.005,10.0,1,,True,False,True,97.2,76.53,8.5,34.46711409395974,50.162416107382555,False
2026,Austria,R,LIN,41,Racing Bulls,56.0,3.0,MEDIUM,10.0,True,71.587,17.274,32.344,21.969,10.0,1,,True,False,True,99.0,74.557,8.5,34.46711409395974,50.162416107382555,False
2026,Austria,R,LIN,41,Racing Bulls,57.0,3.0,MEDIUM,11.0,True,71.919,17.332,32.581,22.006,10.0,1,,True,False,True,100.8,74.943,8.5,34.46711409395974,50.162416107382555,False
2026,Austria,R,LIN,41,Racing Bulls,58.0,3.0,MEDIUM,12.0,True,71.76,17.267,32.362,22.131,10.0,1,,True,False,True,102.60000000000001,74.83800000000001,8.5,34.46711409395974,50.162416107382555,False
2026,Austria,R,LIN,41,Racing Bulls,59.0,3.0,MEDIUM,13.0,True,71.918,17.301,32.524,22.093,10.0,1,,True,False,True,104.4,75.05000000000001,8.5,34.46711409395974,50.162416107382555,False
2026,Austria,R,LIN,41,Racing Bulls,60.0,3.0,MEDIUM,14.0,True,73.502,17.283,32.516,23.703,10.0,1,,True,False,True,106.2,76.68799999999999,8.5,34.46711409395974,50.162416107382555,False
2026,Austria,R,LIN,41,Racing Bulls,61.0,3.0,MEDIUM,15.0,True,72.065,17.452,32.559,22.054,10.0,1,,True,False,True,108.0,75.30499999999999,8.5,34.46711409395974,50.162416107382555,False
2026,Austria,R,LIN,41,Racing Bulls,62.0,3.0,MEDIUM,16.0,True,74.045,17.335,34.33,22.38,10.0,1,,True,False,True,109.8,77.339,8.5,34.46711409395974,50.162416107382555,False
2026,Austria,R,LIN,41,Racing Bulls,63.0,3.0,MEDIUM,17.0,True,72.347,17.456,32.722,22.169,10.0,1,,True,False,True,111.60000000000001,75.695,8.5,34.46711409395974,50.162416107382555,False
2026,Austria,R,LIN,41,Racing Bulls,64.0,3.0,MEDIUM,18.0,True,72.215,17.319,32.767,22.129,10.0,1,,True,False,True,113.4,75.617,8.5,34.46711409395974,50.162416107382555,False
2026,Austria,R,LIN,41,Racing Bulls,65.0,3.0,MEDIUM,19.0,True,72.609,17.435,32.804,22.37,10.0,1,,True,False,True,115.2,76.065,8.5,34.46711409395974,50.162416107382555,False
2026,Austria,R,LIN,41,Racing Bulls,66.0,3.0,MEDIUM,20.0,True,72.861,17.582,32.952,22.327,10.0,1,,True,False,True,117.0,76.37100000000001,8.5,34.46711409395974,50.162416107382555,False
2026,Austria,R,LIN,41,Racing Bulls,67.0,3.0,MEDIUM,21.0,True,72.869,17.343,32.801,22.725,10.0,1,,True,False,True,118.8,76.43299999999999,8.5,34.46711409395974,50.162416107382555,False
2026,Austria,R,LIN,41,Racing Bulls,68.0,3.0,MEDIUM,22.0,True,72.804,17.448,32.871,22.485,10.0,1,,True,False,True,120.60000000000001,76.422,8.5,34.46711409395974,50.162416107382555,False
2026,Austria,R,LIN,41,Racing Bulls,69.0,3.0,MEDIUM,23.0,True,72.781,17.542,32.853,22.386,10.0,1,,True,False,True,122.4,76.453,8.5,34.46711409395974,50.162416107382555,False
2026,Austria,R,LIN,41,Racing Bulls,70.0,3.0,MEDIUM,24.0,True,72.662,17.365,32.937,22.36,10.0,1,,True,False,True,124.2,76.388,8.5,34.46711409395974,50.162416107382555,False
2026,Austria,R,COL,43,Alpine,1.0,1.0,MEDIUM,1.0,True,83.65,,35.048,23.775,20.0,1,,False,False,True,0.0,83.65,8.5,34.46711409395974,50.162416107382555,False
2026,Austria,R,COL,43,Alpine,2.0,1.0,MEDIUM,2.0,True,74.754,17.959,33.514,23.281,19.0,1,,True,False,True,1.8,74.808,8.5,34.46711409395974,50.162416107382555,False
2026,Austria,R,COL,43,Alpine,3.0,1.0,MEDIUM,3.0,True,74.423,17.694,33.526,23.203,19.0,1,,True,False,True,3.6,74.531,8.5,34.46711409395974,50.162416107382555,False
2026,Austria,R,COL,43,Alpine,4.0,1.0,MEDIUM,4.0,True,73.852,17.485,33.258,23.109,18.0,1,,True,False,True,5.4,74.01400000000001,8.5,34.46711409395974,50.162416107382555,False
2026,Austria,R,COL,43,Alpine,5.0,1.0,MEDIUM,5.0,True,75.1,17.808,33.939,23.353,18.0,1,,True,False,True,7.2,75.31599999999999,8.5,34.46711409395974,50.162416107382555,False
2026,Austria,R,COL,43,Alpine,6.0,1.0,MEDIUM,6.0,True,74.183,18.167,33.14,22.876,18.0,1,,True,False,True,9.0,74.453,8.5,34.46711409395974,50.162416107382555,False
2026,Austria,R,COL,43,Alpine,7.0,1.0,MEDIUM,7.0,True,74.111,17.758,33.316,23.037,18.0,1,,True,False,True,10.8,74.435,8.5,34.46711409395974,50.162416107382555,False
2026,Austria,R,COL,43,Alpine,8.0,1.0,MEDIUM,8.0,True,74.651,17.682,33.518,23.451,18.0,1,,True,False,True,12.6,75.029,8.5,34.46711409395974,50.162416107382555,False
2026,Austria,R,COL,43,Alpine,9.0,1.0,MEDIUM,9.0,True,75.262,17.852,33.68,23.73,18.0,1,,True,False,True,14.4,75.694,8.5,34.46711409395974,50.162416107382555,False
2026,Austria,R,COL,43,Alpine,10.0,1.0,MEDIUM,10.0,True,75.314,17.881,33.711,23.722,18.0,1,,True,False,True,16.2,75.8,8.5,34.46711409395974,50.162416107382555,False
2026,Austria,R,COL,43,Alpine,11.0,1.0,MEDIUM,11.0,True,75.729,17.892,33.869,23.968,18.0,1,,True,False,True,18.0,76.269,8.5,34.46711409395974,50.162416107382555,False
2026,Austria,R,COL,43,Alpine,12.0,1.0,MEDIUM,12.0,True,75.488,17.906,33.741,23.841,18.0,1,,True,False,True,19.8,76.082,8.5,34.46711409395974,50.162416107382555,False
2026,Austria,R,COL,43,Alpine,13.0,1.0,MEDIUM,13.0,True,75.387,17.951,33.941,23.495,18.0,1,,True,False,True,21.6,76.035,8.5,34.46711409395974,50.162416107382555,False
2026,Austria,R,COL,43,Alpine,14.0,1.0,MEDIUM,14.0,True,76.335,17.789,33.731,24.815,17.0,1,,True,False,True,23.400000000000002,77.03699999999999,8.5,34.46711409395974,50.162416107382555,False
2026,Austria,R,COL,43,Alpine,15.0,1.0,MEDIUM,15.0,True,75.24,18.229,33.616,23.395,16.0,1,,True,False,True,25.2,75.996,8.5,34.46711409395974,50.162416107382555,False
2026,Austria,R,COL,43,Alpine,16.0,1.0,MEDIUM,16.0,True,74.61,18.069,33.419,23.122,16.0,1,,True,False,True,27.0,75.42,8.5,34.46711409395974,50.162416107382555,False
2026,Austria,R,COL,43,Alpine,17.0,1.0,MEDIUM,17.0,True,74.417,18.068,33.289,23.06,16.0,1,,True,False,True,28.8,75.281,8.5,34.46711409395974,50.162416107382555,False
2026,Austria,R,COL,43,Alpine,18.0,1.0,MEDIUM,18.0,True,74.47,17.862,33.413,23.195,14.0,1,,True,False,True,30.6,75.388,8.5,34.46711409395974,50.162416107382555,False
2026,Austria,R,COL,43,Alpine,19.0,1.0,MEDIUM,19.0,True,74.775,17.964,33.627,23.184,13.0,1,,True,False,True,32.4,75.747,8.5,34.46711409395974,50.162416107382555,False
2026,Austria,R,COL,43,Alpine,20.0,1.0,MEDIUM,20.0,True,79.177,17.755,33.994,27.428,15.0,1,,False,True,True,34.2,80.203,8.5,34.46711409395974,50.162416107382555,False
2026,Austria,R,COL,43,Alpine,21.0,2.0,HARD,1.0,True,92.123,35.49,33.588,23.045,20.0,1,,False,True,True,36.0,93.203,8.5,34.46711409395974,50.162416107382555,False
2026,Austria,R,COL,43,Alpine,22.0,2.0,HARD,2.0,True,73.301,17.748,32.59,22.963,19.0,1,,True,False,True,37.800000000000004,74.435,8.5,34.46711409395974,50.162416107382555,False
2026,Austria,R,COL,43,Alpine,23.0,2.0,HARD,3.0,True,73.444,17.689,32.798,22.957,18.0,12,,True,False,False,39.6,74.632,8.5,34.46711409395974,50.162416107382555,False
2026,Austria,R,COL,43,Alpine,24.0,2.0,HARD,4.0,True,92.991,17.829,43.37,31.792,17.0,26,,False,False,False,41.4,94.233,8.5,34.46711409395974,50.162416107382555,False
2026,Austria,R,COL,43,Alpine,25.0,2.0,HARD,5.0,True,93.53,22.742,40.731,30.057,17.0,67,,False,False,False,43.2,94.82600000000001,8.5,34.46711409395974,50.162416107382555,False
2026,Austria,R,COL,43,Alpine,26.0,2.0,HARD,6.0,True,74.927,19.069,33.043,22.815,17.0,71,,False,False,False,45.0,76.277,8.5,34.46711409395974,50.162416107382555,False
2026,Austria,R,COL,43,Alpine,27.0,2.0,HARD,7.0,True,72.963,17.661,32.727,22.575,17.0,1,,True,False,True,46.800000000000004,74.36699999999999,8.5,34.46711409395974,50.162416107382555,False
2026,Austria,R,COL,43,Alpine,28.0,2.0,HARD,8.0,True,72.673,17.628,32.513,22.532,17.0,1,,True,False,True,48.6,74.131,8.5,34.46711409395974,50.162416107382555,False
2026,Austria,R,COL,43,Alpine,29.0,2.0,HARD,9.0,True,73.104,17.673000000000002,32.821,22.61,17.0,1,,True,False,True,50.4,74.616,8.5,34.46711409395974,50.162416107382555,False
2026,Austria,R,COL,43,Alpine,30.0,2.0,HARD,10.0,True,72.578,17.422,32.622,22.534,16.0,1,,True,False,True,52.2,74.144,8.5,34.46711409395974,50.162416107382555,False
2026,Austria,R,COL,43,Alpine,31.0,2.0,HARD,11.0,True,74.472,17.79,32.879,23.803,16.0,1,,True,False,True,54.0,76.092,8.5,34.46711409395974,50.162416107382555,False
2026,Austria,R,COL,43,Alpine,32.0,2.0,HARD,12.0,True,73.166,17.636,32.91,22.62,16.0,1,,True,False,True,55.800000000000004,74.84,8.5,34.46711409395974,50.162416107382555,False
2026,Austria,R,COL,43,Alpine,33.0,2.0,HARD,13.0,True,74.5,17.668,34.095,22.737,15.0,1,,True,False,True,57.6,76.228,8.5,34.46711409395974,50.162416107382555,False
2026,Austria,R,COL,43,Alpine,34.0,2.0,HARD,14.0,True,73.108,17.618,32.788,22.701999999999998,15.0,1,,True,False,True,59.4,74.89,8.5,34.46711409395974,50.162416107382555,False
2026,Austria,R,COL,43,Alpine,35.0,2.0,HARD,15.0,True,73.265,17.737,32.763,22.765,15.0,1,,True,False,True,61.2,75.101,8.5,34.46711409395974,50.162416107382555,False
2026,Austria,R,COL,43,Alpine,36.0,2.0,HARD,16.0,True,73.574,17.755,32.989,22.83,15.0,1,,True,False,True,63.0,75.464,8.5,34.46711409395974,50.162416107382555,False
2026,Austria,R,COL,43,Alpine,37.0,2.0,HARD,17.0,True,75.029,17.697,34.426,22.906,15.0,1,,True,False,True,64.8,76.973,8.5,34.46711409395974,50.162416107382555,False
2026,Austria,R,COL,43,Alpine,38.0,2.0,HARD,18.0,True,73.642,17.691,33.075,22.876,15.0,1,,True,False,True,66.60000000000001,75.64,8.5,34.46711409395974,50.162416107382555,False
2026,Austria,R,COL,43,Alpine,39.0,2.0,HARD,19.0,True,74.048,17.936,33.267,22.845,15.0,1,,True,False,True,68.4,76.10000000000001,8.5,34.46711409395974,50.162416107382555,False
2026,Austria,R,COL,43,Alpine,40.0,2.0,HARD,20.0,True,73.611,17.82,33.08,22.711,15.0,1,,True,False,True,70.2,75.717,8.5,34.46711409395974,50.162416107382555,False
2026,Austria,R,COL,43,Alpine,41.0,2.0,HARD,21.0,True,76.339,17.676,35.494,23.169,15.0,1,,True,False,True,72.0,78.499,8.5,34.46711409395974,50.162416107382555,False
2026,Austria,R,COL,43,Alpine,42.0,2.0,HARD,22.0,True,73.599,17.732,33.086,22.781,15.0,1,,True,False,True,73.8,75.813,8.5,34.46711409395974,50.162416107382555,False
2026,Austria,R,COL,43,Alpine,43.0,2.0,HARD,23.0,True,75.108,17.671,33.334,24.103,15.0,1,,True,False,True,75.60000000000001,77.376,8.5,34.46711409395974,50.162416107382555,False
2026,Austria,R,COL,43,Alpine,44.0,2.0,HARD,24.0,True,73.696,17.571,33.219,22.906,15.0,1,,True,False,True,77.4,76.018,8.5,34.46711409395974,50.162416107382555,False
2026,Austria,R,COL,43,Alpine,45.0,2.0,HARD,25.0,True,74.111,17.664,33.513,22.934,15.0,1,,True,False,True,79.2,76.48700000000001,8.5,34.46711409395974,50.162416107382555,False
2026,Austria,R,COL,43,Alpine,46.0,2.0,HARD,26.0,True,77.878,17.785,33.073,27.02,14.0,1,,False,True,True,81.0,80.30799999999999,8.5,34.46711409395974,50.162416107382555,False
2026,Austria,R,COL,43,Alpine,47.0,3.0,MEDIUM,1.0,True,90.778,35.178,33.074,22.526,17.0,1,,False,True,True,82.8,93.262,8.5,34.46711409395974,50.162416107382555,False
2026,Austria,R,COL,43,Alpine,48.0,3.0,MEDIUM,2.0,True,72.326,17.471,32.308,22.547,17.0,1,,True,False,True,84.60000000000001,74.86399999999999,8.5,34.46711409395974,50.162416107382555,False
2026,Austria,R,COL,43,Alpine,49.0,3.0,MEDIUM,3.0,True,71.795,17.324,32.3,22.171,16.0,1,,True,False,True,86.4,74.387,8.5,34.46711409395974,50.162416107382555,False
2026,Austria,R,COL,43,Alpine,50.0,3.0,MEDIUM,4.0,True,72.494,17.546,32.565,22.383,16.0,1,,True,False,True,88.2,75.14,8.5,34.46711409395974,50.162416107382555,False
2026,Austria,R,COL,43,Alpine,51.0,3.0,MEDIUM,5.0,True,84.212,17.556,42.069,24.587,16.0,167,,False,False,False,90.0,86.912,8.5,34.46711409395974,50.162416107382555,False
2026,Austria,R,COL,43,Alpine,52.0,3.0,MEDIUM,6.0,True,72.496,17.473,32.599,22.424,16.0,1,,True,False,True,91.8,75.25,8.5,34.46711409395974,50.162416107382555,False
2026,Austria,R,COL,43,Alpine,53.0,3.0,MEDIUM,7.0,True,73.164,17.475,33.055,22.634,16.0,1,,True,False,True,93.60000000000001,75.97200000000001,8.5,34.46711409395974,50.162416107382555,False
2026,Austria,R,COL,43,Alpine,54.0,3.0,MEDIUM,8.0,True,72.385,17.293,32.8,22.292,15.0,1,,True,False,True,95.4,75.247,8.5,34.46711409395974,50.162416107382555,False
2026,Austria,R,COL,43,Alpine,55.0,3.0,MEDIUM,9.0,True,72.361,17.692,32.437,22.232,15.0,1,,True,False,True,97.2,75.277,8.5,34.46711409395974,50.162416107382555,False
2026,Austria,R,COL,43,Alpine,56.0,3.0,MEDIUM,10.0,True,71.981,17.514,32.37,22.097,15.0,1,,True,False,True,99.0,74.951,8.5,34.46711409395974,50.162416107382555,False
2026,Austria,R,COL,43,Alpine,57.0,3.0,MEDIUM,11.0,True,72.287,17.536,32.504,22.247,15.0,1,,True,False,True,100.8,75.311,8.5,34.46711409395974,50.162416107382555,False
2026,Austria,R,COL,43,Alpine,58.0,3.0,MEDIUM,12.0,True,72.149,17.461,32.49,22.198,15.0,1,,True,False,True,102.60000000000001,75.227,8.5,34.46711409395974,50.162416107382555,False
2026,Austria,R,COL,43,Alpine,59.0,3.0,MEDIUM,13.0,True,72.273,17.575,32.408,22.29,15.0,1,,True,False,True,104.4,75.405,8.5,34.46711409395974,50.162416107382555,False
2026,Austria,R,COL,43,Alpine,60.0,3.0,MEDIUM,14.0,True,73.572,17.509,32.583,23.48,15.0,1,,True,False,True,106.2,76.75800000000001,8.5,34.46711409395974,50.162416107382555,False
2026,Austria,R,COL,43,Alpine,61.0,3.0,MEDIUM,15.0,True,72.822,17.366,33.052,22.404,15.0,1,,True,False,True,108.0,76.062,8.5,34.46711409395974,50.162416107382555,False
2026,Austria,R,COL,43,Alpine,62.0,3.0,MEDIUM,16.0,True,72.734,17.369,32.942,22.423,15.0,1,,True,False,True,109.8,76.02799999999999,8.5,34.46711409395974,50.162416107382555,False
2026,Austria,R,COL,43,Alpine,63.0,3.0,MEDIUM,17.0,True,72.726,17.622,32.601,22.503,15.0,1,,True,False,True,111.60000000000001,76.074,8.5,34.46711409395974,50.162416107382555,False
2026,Austria,R,COL,43,Alpine,64.0,3.0,MEDIUM,18.0,True,72.544,17.57,32.547,22.427,15.0,1,,True,False,True,113.4,75.946,8.5,34.46711409395974,50.162416107382555,False
2026,Austria,R,COL,43,Alpine,65.0,3.0,MEDIUM,19.0,True,72.536,17.613,32.618,22.305,15.0,1,,True,False,True,115.2,75.992,8.5,34.46711409395974,50.162416107382555,False
2026,Austria,R,COL,43,Alpine,66.0,3.0,MEDIUM,20.0,True,72.718,17.682,32.731,22.305,15.0,1,,True,False,True,117.0,76.22800000000001,8.5,34.46711409395974,50.162416107382555,False
2026,Austria,R,COL,43,Alpine,67.0,3.0,MEDIUM,21.0,True,72.729,17.562,32.66,22.507,15.0,1,,True,False,True,118.8,76.29299999999999,8.5,34.46711409395974,50.162416107382555,False
2026,Austria,R,COL,43,Alpine,68.0,3.0,MEDIUM,22.0,True,72.798,17.508,32.592,22.698,15.0,1,,True,False,True,120.60000000000001,76.416,8.5,34.46711409395974,50.162416107382555,False
2026,Austria,R,COL,43,Alpine,69.0,3.0,MEDIUM,23.0,True,73.361,17.696,33.022,22.643,15.0,1,,True,False,True,122.4,77.033,8.5,34.46711409395974,50.162416107382555,False
2026,Austria,R,COL,43,Alpine,70.0,3.0,MEDIUM,24.0,True,72.677,17.453,32.76,22.464,15.0,1,,True,False,True,124.2,76.403,8.5,34.46711409395974,50.162416107382555,False
2026,Austria,R,HAM,44,Ferrari,1.0,1.0,MEDIUM,1.0,True,75.802,,32.733,22.144,2.0,1,,False,False,True,0.0,75.802,8.5,34.46711409395974,50.162416107382555,False
2026,Austria,R,HAM,44,Ferrari,2.0,1.0,MEDIUM,2.0,True,72.028,17.47,32.538,22.02,2.0,1,,True,False,True,1.8,72.08200000000001,8.5,34.46711409395974,50.162416107382555,False
2026,Austria,R,HAM,44,Ferrari,3.0,1.0,MEDIUM,3.0,True,71.974,17.344,32.443,22.187,2.0,1,,True,False,True,3.6,72.08200000000001,8.5,34.46711409395974,50.162416107382555,False
2026,Austria,R,HAM,44,Ferrari,4.0,1.0,MEDIUM,4.0,True,71.937,17.356,32.473,22.108,2.0,1,,True,False,True,5.4,72.099,8.5,34.46711409395974,50.162416107382555,False
2026,Austria,R,HAM,44,Ferrari,5.0,1.0,MEDIUM,5.0,True,71.881,17.362,32.308,22.211,2.0,1,,True,False,True,7.2,72.097,8.5,34.46711409395974,50.162416107382555,False
2026,Austria,R,HAM,44,Ferrari,6.0,1.0,MEDIUM,6.0,True,72.446,17.517,32.585,22.344,2.0,1,,True,False,True,9.0,72.716,8.5,34.46711409395974,50.162416107382555,False
2026,Austria,R,HAM,44,Ferrari,7.0,1.0,MEDIUM,7.0,True,72.43,17.463,32.568,22.399,2.0,1,,True,False,True,10.8,72.754,8.5,34.46711409395974,50.162416107382555,False
2026,Austria,R,HAM,44,Ferrari,8.0,1.0,MEDIUM,8.0,True,72.541,17.535,32.597,22.409,2.0,1,,True,False,True,12.6,72.919,8.5,34.46711409395974,50.162416107382555,False
2026,Austria,R,HAM,44,Ferrari,9.0,1.0,MEDIUM,9.0,True,72.645,17.601,32.564,22.48,2.0,1,,True,False,True,14.4,73.077,8.5,34.46711409395974,50.162416107382555,False
2026,Austria,R,HAM,44,Ferrari,10.0,1.0,MEDIUM,10.0,True,72.836,17.668,32.675,22.493,2.0,1,,True,False,True,16.2,73.322,8.5,34.46711409395974,50.162416107382555,False
2026,Austria,R,HAM,44,Ferrari,11.0,1.0,MEDIUM,11.0,True,74.52,17.655,33.931,22.934,2.0,1,,True,False,True,18.0,75.06,8.5,34.46711409395974,50.162416107382555,False
2026,Austria,R,HAM,44,Ferrari,12.0,1.0,MEDIUM,12.0,True,77.539,17.755,32.748,27.036,4.0,1,,False,True,True,19.8,78.133,8.5,34.46711409395974,50.162416107382555,False
2026,Austria,R,HAM,44,Ferrari,13.0,2.0,HARD,1.0,True,89.201,34.428,32.426,22.347,11.0,1,,False,True,True,21.6,89.84899999999999,8.5,34.46711409395974,50.162416107382555,False
2026,Austria,R,HAM,44,Ferrari,14.0,2.0,HARD,2.0,True,72.317,17.512,32.326,22.479,9.0,1,,True,False,True,23.400000000000002,73.01899999999999,8.5,34.46711409395974,50.162416107382555,False
2026,Austria,R,HAM,44,Ferrari,15.0,2.0,HARD,3.0,True,72.784,17.448,32.486,22.85,9.0,1,,True,False,True,25.2,73.54,8.5,34.46711409395974,50.162416107382555,False
2026,Austria,R,HAM,44,Ferrari,16.0,2.0,HARD,4.0,True,72.318,17.582,32.495,22.241,8.0,1,,True,False,True,27.0,73.128,8.5,34.46711409395974,50.162416107382555,False
2026,Austria,R,HAM,44,Ferrari,17.0,2.0,HARD,5.0,True,72.491,17.387,32.391,22.713,8.0,1,,True,False,True,28.8,73.355,8.5,34.46711409395974,50.162416107382555,False
2026,Austria,R,HAM,44,Ferrari,18.0,2.0,HARD,6.0,True,72.303,17.516,32.491,22.296,7.0,1,,True,False,True,30.6,73.221,8.5,34.46711409395974,50.162416107382555,False
2026,Austria,R,HAM,44,Ferrari,19.0,2.0,HARD,7.0,True,72.252,17.454,32.456,22.342,5.0,1,,True,False,True,32.4,73.22399999999999,8.5,34.46711409395974,50.162416107382555,False
2026,Austria,R,HAM,44,Ferrari,20.0,2.0,HARD,8.0,True,71.887,17.508,32.198,22.181,4.0,1,,True,False,True,34.2,72.913,8.5,34.46711409395974,50.162416107382555,False
2026,Austria,R,HAM,44,Ferrari,21.0,2.0,HARD,9.0,True,71.927,17.345,32.212,22.37,3.0,1,,True,False,True,36.0,73.007,8.5,34.46711409395974,50.162416107382555,False
2026,Austria,R,HAM,44,Ferrari,22.0,2.0,HARD,10.0,True,74.016,17.46,33.936,22.62,4.0,1,,True,False,True,37.800000000000004,75.15,8.5,34.46711409395974,50.162416107382555,False
2026,Austria,R,HAM,44,Ferrari,23.0,2.0,HARD,11.0,True,72.323,17.712,32.432,22.179,4.0,1,,True,False,True,39.6,73.511,8.5,34.46711409395974,50.162416107382555,False
2026,Austria,R,HAM,44,Ferrari,24.0,2.0,HARD,12.0,True,72.517,17.362,32.482,22.673000000000002,4.0,12,,True,False,False,41.4,73.759,8.5,34.46711409395974,50.162416107382555,False
2026,Austria,R,HAM,44,Ferrari,25.0,2.0,HARD,13.0,True,98.849,26.12,40.814,31.915,3.0,26,,False,True,False,43.2,100.14500000000001,8.5,34.46711409395974,50.162416107382555,False
2026,Austria,R,HAM,44,Ferrari,26.0,3.0,SOFT,3.0,False,101.949,36.633,42.897,22.419,7.0,671,,False,True,False,45.0,103.29899999999999,8.5,34.46711409395974,50.162416107382555,False
2026,Austria,R,HAM,44,Ferrari,27.0,3.0,SOFT,4.0,False,71.284,17.282,31.963,22.039,7.0,1,,True,False,True,46.800000000000004,72.688,8.5,34.46711409395974,50.162416107382555,False
2026,Austria,R,HAM,44,Ferrari,28.0,3.0,SOFT,5.0,False,71.079,17.201,31.96,21.918,7.0,1,,True,False,True,48.6,72.53699999999999,8.5,34.46711409395974,50.162416107382555,False
2026,Austria,R,HAM,44,Ferrari,29.0,3.0,SOFT,6.0,False,71.397,17.159,32.229,22.009,7.0,1,,True,False,True,50.4,72.909,8.5,34.46711409395974,50.162416107382555,False
2026,Austria,R,HAM,44,Ferrari,30.0,3.0,SOFT,7.0,False,71.85,17.144,32.304,22.402,6.0,1,,True,False,True,52.2,73.416,8.5,34.46711409395974,50.162416107382555,False
2026,Austria,R,HAM,44,Ferrari,31.0,3.0,SOFT,8.0,False,71.704,17.401,32.172,22.131,6.0,1,,True,False,True,54.0,73.324,8.5,34.46711409395974,50.162416107382555,False
2026,Austria,R,HAM,44,Ferrari,32.0,3.0,SOFT,9.0,False,71.59,17.466,32.18,21.944,6.0,1,,True,False,True,55.800000000000004,73.26400000000001,8.5,34.46711409395974,50.162416107382555,False
2026,Austria,R,HAM,44,Ferrari,33.0,3.0,SOFT,10.0,False,71.749,17.412,32.266,22.071,6.0,1,,True,False,True,57.6,73.47699999999999,8.5,34.46711409395974,50.162416107382555,False
2026,Austria,R,HAM,44,Ferrari,34.0,3.0,SOFT,11.0,False,71.496,17.336,32.236,21.924,6.0,1,,True,False,True,59.4,73.27799999999999,8.5,34.46711409395974,50.162416107382555,False
2026,Austria,R,HAM,44,Ferrari,35.0,3.0,SOFT,12.0,False,71.727,17.285,32.421,22.021,6.0,1,,True,False,True,61.2,73.563,8.5,34.46711409395974,50.162416107382555,False
2026,Austria,R,HAM,44,Ferrari,36.0,3.0,SOFT,13.0,False,72.13,17.315,32.59,22.225,6.0,1,,True,False,True,63.0,74.02,8.5,34.46711409395974,50.162416107382555,False
2026,Austria,R,HAM,44,Ferrari,37.0,3.0,SOFT,14.0,False,72.552,17.288,32.866,22.398,5.0,1,,True,False,True,64.8,74.49600000000001,8.5,34.46711409395974,50.162416107382555,False
2026,Austria,R,HAM,44,Ferrari,38.0,3.0,SOFT,15.0,False,72.247,17.395,32.52,22.332,5.0,1,,True,False,True,66.60000000000001,74.245,8.5,34.46711409395974,50.162416107382555,False
2026,Austria,R,HAM,44,Ferrari,39.0,3.0,SOFT,16.0,False,72.506,17.278,32.725,22.503,5.0,1,,True,False,True,68.4,74.558,8.5,34.46711409395974,50.162416107382555,False
2026,Austria,R,HAM,44,Ferrari,40.0,3.0,SOFT,17.0,False,72.159,17.377,32.628,22.154,5.0,1,,True,False,True,70.2,74.265,8.5,34.46711409395974,50.162416107382555,False
2026,Austria,R,HAM,44,Ferrari,41.0,3.0,SOFT,18.0,False,72.183,17.395,32.435,22.353,5.0,1,,True,False,True,72.0,74.343,8.5,34.46711409395974,50.162416107382555,False
2026,Austria,R,HAM,44,Ferrari,42.0,3.0,SOFT,19.0,False,76.494,17.392,32.681,26.421,5.0,1,,False,True,True,73.8,78.708,8.5,34.46711409395974,50.162416107382555,False
2026,Austria,R,HAM,44,Ferrari,43.0,4.0,HARD,1.0,True,88.003,33.802,32.26,21.941,7.0,1,,False,True,True,75.60000000000001,90.271,8.5,34.46711409395974,50.162416107382555,False
2026,Austria,R,HAM,44,Ferrari,44.0,4.0,HARD,2.0,True,71.219,17.162,32.117,21.94,7.0,1,,True,False,True,77.4,73.541,8.5,34.46711409395974,50.162416107382555,False
2026,Austria,R,HAM,44,Ferrari,45.0,4.0,HARD,3.0,True,70.946,17.191,31.852,21.903,7.0,1,,True,False,True,79.2,73.322,8.5,34.46711409395974,50.162416107382555,False
2026,Austria,R,HAM,44,Ferrari,46.0,4.0,HARD,4.0,True,71.442,17.26,32.226,21.956,7.0,1,,True,False,True,81.0,73.87199999999999,8.5,34.46711409395974,50.162416107382555,False
2026,Austria,R,HAM,44,Ferrari,47.0,4.0,HARD,5.0,True,71.292,17.247,32.083,21.962,7.0,1,,True,False,True,82.8,73.776,8.5,34.46711409395974,50.162416107382555,False
2026,Austria,R,HAM,44,Ferrari,48.0,4.0,HARD,6.0,True,71.263,17.342,32.073,21.848,6.0,1,,True,False,True,84.60000000000001,73.801,8.5,34.46711409395974,50.162416107382555,False
2026,Austria,R,HAM,44,Ferrari,49.0,4.0,HARD,7.0,True,70.999,17.144,31.957,21.898,6.0,1,,True,False,True,86.4,73.591,8.5,34.46711409395974,50.162416107382555,False
2026,Austria,R,HAM,44,Ferrari,50.0,4.0,HARD,8.0,True,70.983,17.191,32.005,21.787,6.0,1,,True,False,True,88.2,73.629,8.5,34.46711409395974,50.162416107382555,False
2026,Austria,R,HAM,44,Ferrari,51.0,4.0,HARD,9.0,True,71.513,17.106,32.444,21.963,6.0,1,,True,False,True,90.0,74.21300000000001,8.5,34.46711409395974,50.162416107382555,False
2026,Austria,R,HAM,44,Ferrari,52.0,4.0,HARD,10.0,True,80.477,17.161,33.929,29.387,5.0,167,,False,False,False,91.8,83.23100000000001,8.5,34.46711409395974,50.162416107382555,False
2026,Austria,R,HAM,44,Ferrari,53.0,4.0,HARD,11.0,True,74.374,20.322,32.225,21.826999999999998,5.0,71,,False,False,False,93.60000000000001,77.182,8.5,34.46711409395974,50.162416107382555,False
2026,Austria,R,HAM,44,Ferrari,54.0,4.0,HARD,12.0,True,71.692,17.341,32.382,21.969,5.0,1,,True,False,True,95.4,74.55399999999999,8.5,34.46711409395974,50.162416107382555,False
2026,Austria,R,HAM,44,Ferrari,55.0,4.0,HARD,13.0,True,71.579,17.389,32.242,21.948,5.0,1,,True,False,True,97.2,74.49499999999999,8.5,34.46711409395974,50.162416107382555,False
2026,Austria,R,HAM,44,Ferrari,56.0,4.0,HARD,14.0,True,71.317,17.201,32.118,21.998,5.0,1,,True,False,True,99.0,74.28699999999999,8.5,34.46711409395974,50.162416107382555,False
2026,Austria,R,HAM,44,Ferrari,57.0,4.0,HARD,15.0,True,71.231,17.252,32.051,21.928,5.0,1,,True,False,True,100.8,74.255,8.5,34.46711409395974,50.162416107382555,False
2026,Austria,R,HAM,44,Ferrari,58.0,4.0,HARD,16.0,True,71.306,17.202,32.095,22.009,5.0,1,,True,False,True,102.60000000000001,74.384,8.5,34.46711409395974,50.162416107382555,False
2026,Austria,R,HAM,44,Ferrari,59.0,4.0,HARD,17.0,True,71.384,17.282,32.143,21.959,5.0,1,,True,False,True,104.4,74.516,8.5,34.46711409395974,50.162416107382555,False
2026,Austria,R,HAM,44,Ferrari,60.0,4.0,HARD,18.0,True,71.398,17.289,32.106,22.003,5.0,1,,True,False,True,106.2,74.584,8.5,34.46711409395974,50.162416107382555,False
2026,Austria,R,HAM,44,Ferrari,61.0,4.0,HARD,19.0,True,71.469,17.324,32.08,22.065,5.0,1,,True,False,True,108.0,74.70899999999999,8.5,34.46711409395974,50.162416107382555,False
2026,Austria,R,HAM,44,Ferrari,62.0,4.0,HARD,20.0,True,71.8,17.328,32.393,22.079,5.0,1,,True,False,True,109.8,75.094,8.5,34.46711409395974,50.162416107382555,False
2026,Austria,R,HAM,44,Ferrari,63.0,4.0,HARD,21.0,True,71.505,17.323,32.177,22.005,5.0,1,,True,False,True,111.60000000000001,74.853,8.5,34.46711409395974,50.162416107382555,False
2026,Austria,R,HAM,44,Ferrari,64.0,4.0,HARD,22.0,True,71.493,17.306,32.132,22.055,5.0,1,,True,False,True,113.4,74.895,8.5,34.46711409395974,50.162416107382555,False
2026,Austria,R,HAM,44,Ferrari,65.0,4.0,HARD,23.0,True,71.658,17.247,32.237,22.174,5.0,1,,True,False,True,115.2,75.114,8.5,34.46711409395974,50.162416107382555,False
2026,Austria,R,HAM,44,Ferrari,66.0,4.0,HARD,24.0,True,72.059,17.321,32.478,22.26,5.0,1,,True,False,True,117.0,75.569,8.5,34.46711409395974,50.162416107382555,False
2026,Austria,R,HAM,44,Ferrari,67.0,4.0,HARD,25.0,True,72.08,17.379,32.48,22.221,5.0,1,,True,False,True,118.8,75.64399999999999,8.5,34.46711409395974,50.162416107382555,False
2026,Austria,R,HAM,44,Ferrari,68.0,4.0,HARD,26.0,True,72.246,17.321,32.452,22.473,5.0,1,,True,False,True,120.60000000000001,75.86399999999999,8.5,34.46711409395974,50.162416107382555,False
2026,Austria,R,HAM,44,Ferrari,69.0,4.0,HARD,27.0,True,72.173,17.355,32.489,22.329,5.0,1,,True,False,True,122.4,75.845,8.5,34.46711409395974,50.162416107382555,False
2026,Austria,R,HAM,44,Ferrari,70.0,4.0,HARD,28.0,True,72.702,17.701,32.648,22.353,5.0,1,,True,False,True,124.2,76.428,8.5,34.46711409395974,50.162416107382555,False
2026,Austria,R,HAM,44,Ferrari,71.0,4.0,HARD,29.0,True,72.909,17.486,32.816,22.607,5.0,1,,True,False,True,126.0,76.68900000000001,8.5,34.46711409395974,50.162416107382555,False
2026,Austria,R,BOR,5,Audi,1.0,1.0,SOFT,1.0,True,80.223,,33.933,23.529,11.0,1,,False,False,True,0.0,80.223,8.5,34.46711409395974,50.162416107382555,False
2026,Austria,R,BOR,5,Audi,2.0,1.0,SOFT,2.0,True,74.516,17.98,33.507,23.029,12.0,1,,True,False,True,1.8,74.57000000000001,8.5,34.46711409395974,50.162416107382555,False
2026,Austria,R,BOR,5,Audi,3.0,1.0,SOFT,3.0,True,73.538,17.681,32.996,22.861,12.0,1,,True,False,True,3.6,73.646,8.5,34.46711409395974,50.162416107382555,False
2026,Austria,R,BOR,5,Audi,4.0,1.0,SOFT,4.0,True,74.13,17.748,33.369,23.013,12.0,1,,True,False,True,5.4,74.292,8.5,34.46711409395974,50.162416107382555,False
2026,Austria,R,BOR,5,Audi,5.0,1.0,SOFT,5.0,True,74.049,17.82,33.199,23.03,12.0,1,,True,False,True,7.2,74.265,8.5,34.46711409395974,50.162416107382555,False
2026,Austria,R,BOR,5,Audi,6.0,1.0,SOFT,6.0,True,73.725,17.762,32.982,22.981,12.0,1,,True,False,True,9.0,73.99499999999999,8.5,34.46711409395974,50.162416107382555,False
2026,Austria,R,BOR,5,Audi,7.0,1.0,SOFT,7.0,True,73.833,17.839,33.224,22.77,11.0,1,,True,False,True,10.8,74.157,8.5,34.46711409395974,50.162416107382555,False
2026,Austria,R,BOR,5,Audi,8.0,1.0,SOFT,8.0,True,73.96,17.91,32.931,23.119,11.0,1,,True,False,True,12.6,74.338,8.5,34.46711409395974,50.162416107382555,False
2026,Austria,R,BOR,5,Audi,9.0,1.0,SOFT,9.0,True,73.808,17.906,32.963,22.939,11.0,1,,True,False,True,14.4,74.24000000000001,8.5,34.46711409395974,50.162416107382555,False
2026,Austria,R,BOR,5,Audi,10.0,1.0,SOFT,10.0,True,73.956,17.926,32.933,23.097,11.0,1,,True,False,True,16.2,74.44200000000001,8.5,34.46711409395974,50.162416107382555,False
2026,Austria,R,BOR,5,Audi,11.0,1.0,SOFT,11.0,True,73.978,17.979,32.885,23.114,11.0,1,,True,False,True,18.0,74.518,8.5,34.46711409395974,50.162416107382555,False
2026,Austria,R,BOR,5,Audi,12.0,1.0,SOFT,12.0,True,73.764,17.856,32.894,23.014,11.0,1,,True,False,True,19.8,74.35799999999999,8.5,34.46711409395974,50.162416107382555,False
2026,Austria,R,BOR,5,Audi,13.0,1.0,SOFT,13.0,True,74.046,17.999,32.895,23.152,10.0,1,,True,False,True,21.6,74.694,8.5,34.46711409395974,50.162416107382555,False
2026,Austria,R,BOR,5,Audi,14.0,1.0,SOFT,14.0,True,74.714,18.135,33.462,23.117,10.0,1,,True,False,True,23.400000000000002,75.416,8.5,34.46711409395974,50.162416107382555,False
2026,Austria,R,BOR,5,Audi,15.0,1.0,SOFT,15.0,True,74.091,17.937,33.067,23.087,10.0,1,,True,False,True,25.2,74.847,8.5,34.46711409395974,50.162416107382555,False
2026,Austria,R,BOR,5,Audi,16.0,1.0,SOFT,16.0,True,74.072,17.973,33.068,23.031,10.0,1,,True,False,True,27.0,74.882,8.5,34.46711409395974,50.162416107382555,False
2026,Austria,R,BOR,5,Audi,17.0,1.0,SOFT,17.0,True,78.144,17.881,33.061,27.202,11.0,1,,False,True,True,28.8,79.00800000000001,8.5,34.46711409395974,50.162416107382555,False
2026,Austria,R,BOR,5,Audi,18.0,2.0,MEDIUM,1.0,True,90.698,35.656,32.712,22.33,15.0,1,,False,True,True,30.6,91.616,8.5,34.46711409395974,50.162416107382555,False
2026,Austria,R,BOR,5,Audi,19.0,2.0,MEDIUM,2.0,True,73.064,17.772,32.53,22.762,14.0,1,,True,False,True,32.4,74.03599999999999,8.5,34.46711409395974,50.162416107382555,False
2026,Austria,R,BOR,5,Audi,20.0,2.0,MEDIUM,3.0,True,72.538,17.521,32.658,22.359,13.0,1,,True,False,True,34.2,73.564,8.5,34.46711409395974,50.162416107382555,False
2026,Austria,R,BOR,5,Audi,21.0,2.0,MEDIUM,4.0,True,73.017,17.567,32.896,22.554,11.0,1,,True,False,True,36.0,74.097,8.5,34.46711409395974,50.162416107382555,False
2026,Austria,R,BOR,5,Audi,22.0,2.0,MEDIUM,5.0,True,72.981,17.807,32.484,22.69,11.0,1,,True,False,True,37.800000000000004,74.115,8.5,34.46711409395974,50.162416107382555,False
2026,Austria,R,BOR,5,Audi,23.0,2.0,MEDIUM,6.0,True,72.431,17.752,32.302,22.377,11.0,1,,True,False,True,39.6,73.619,8.5,34.46711409395974,50.162416107382555,False
2026,Austria,R,BOR,5,Audi,24.0,2.0,MEDIUM,7.0,True,81.475,17.771,32.441,31.263,11.0,126,,False,False,False,41.4,82.717,8.5,34.46711409395974,50.162416107382555,False
2026,Austria,R,BOR,5,Audi,25.0,2.0,MEDIUM,8.0,True,98.256,23.339,42.543,32.374,11.0,6,,False,False,False,43.2,99.552,8.5,34.46711409395974,50.162416107382555,False
2026,Austria,R,BOR,5,Audi,26.0,2.0,MEDIUM,9.0,True,82.075,21.649,37.77,22.656,11.0,671,,False,False,False,45.0,83.425,8.5,34.46711409395974,50.162416107382555,False
2026,Austria,R,BOR,5,Audi,27.0,2.0,MEDIUM,10.0,True,72.556,17.645,32.413,22.498,11.0,1,,True,False,True,46.800000000000004,73.96,8.5,34.46711409395974,50.162416107382555,False
2026,Austria,R,BOR,5,Audi,28.0,2.0,MEDIUM,11.0,True,72.458,17.596,32.456,22.406,11.0,1,,True,False,True,48.6,73.916,8.5,34.46711409395974,50.162416107382555,False
2026,Austria,R,BOR,5,Audi,29.0,2.0,MEDIUM,12.0,True,72.496,17.598,32.412,22.486,11.0,1,,True,False,True,50.4,74.008,8.5,34.46711409395974,50.162416107382555,False
2026,Austria,R,BOR,5,Audi,30.0,2.0,MEDIUM,13.0,True,72.771,17.745,32.478,22.548000000000002,11.0,1,,True,False,True,52.2,74.337,8.5,34.46711409395974,50.162416107382555,False
2026,Austria,R,BOR,5,Audi,31.0,2.0,MEDIUM,14.0,True,72.88,17.758,32.604,22.518,11.0,1,,True,False,True,54.0,74.5,8.5,34.46711409395974,50.162416107382555,False
2026,Austria,R,BOR,5,Audi,32.0,2.0,MEDIUM,15.0,True,72.898,17.716,32.557,22.625,11.0,1,,True,False,True,55.800000000000004,74.572,8.5,34.46711409395974,50.162416107382555,False
2026,Austria,R,BOR,5,Audi,33.0,2.0,MEDIUM,16.0,True,73.034,17.757,32.776,22.501,11.0,1,,True,False,True,57.6,74.762,8.5,34.46711409395974,50.162416107382555,False
2026,Austria,R,BOR,5,Audi,34.0,2.0,MEDIUM,17.0,True,73.192,17.75,32.828,22.614,11.0,1,,True,False,True,59.4,74.97399999999999,8.5,34.46711409395974,50.162416107382555,False
2026,Austria,R,BOR,5,Audi,35.0,2.0,MEDIUM,18.0,True,73.366,17.758,32.843,22.765,11.0,1,,True,False,True,61.2,75.202,8.5,34.46711409395974,50.162416107382555,False
2026,Austria,R,BOR,5,Audi,36.0,2.0,MEDIUM,19.0,True,73.252,17.801,32.788,22.663,11.0,1,,True,False,True,63.0,75.142,8.5,34.46711409395974,50.162416107382555,False
2026,Austria,R,BOR,5,Audi,37.0,2.0,MEDIUM,20.0,True,73.535,17.912,32.912,22.711,11.0,1,,True,False,True,64.8,75.479,8.5,34.46711409395974,50.162416107382555,False
2026,Austria,R,BOR,5,Audi,38.0,2.0,MEDIUM,21.0,True,73.537,17.884,32.945,22.708,11.0,1,,True,False,True,66.60000000000001,75.53500000000001,8.5,34.46711409395974,50.162416107382555,False
2026,Austria,R,BOR,5,Audi,39.0,2.0,MEDIUM,22.0,True,73.355,17.826,32.782,22.747,11.0,1,,True,False,True,68.4,75.40700000000001,8.5,34.46711409395974,50.162416107382555,False
2026,Austria,R,BOR,5,Audi,40.0,2.0,MEDIUM,23.0,True,73.826,17.707,33.152,22.967,11.0,1,,True,False,True,70.2,75.93199999999999,8.5,34.46711409395974,50.162416107382555,False
2026,Austria,R,BOR,5,Audi,41.0,2.0,MEDIUM,24.0,True,73.73,17.658,33.256,22.816,11.0,1,,True,False,True,72.0,75.89,8.5,34.46711409395974,50.162416107382555,False
2026,Austria,R,BOR,5,Audi,42.0,2.0,MEDIUM,25.0,True,74.21,17.758,33.666,22.786,11.0,1,,True,False,True,73.8,76.42399999999999,8.5,34.46711409395974,50.162416107382555,False
2026,Austria,R,BOR,5,Audi,43.0,2.0,MEDIUM,26.0,True,74.387,17.917,33.414,23.056,11.0,1,,True,False,True,75.60000000000001,76.655,8.5,34.46711409395974,50.162416107382555,False
2026,Austria,R,BOR,5,Audi,44.0,2.0,MEDIUM,27.0,True,78.407,17.916,33.304,27.187,11.0,1,,False,True,True,77.4,80.729,8.5,34.46711409395974,50.162416107382555,False
2026,Austria,R,BOR,5,Audi,45.0,3.0,HARD,1.0,True,89.12,34.599,32.464,22.057,12.0,1,,False,True,True,79.2,91.49600000000001,8.5,34.46711409395974,50.162416107382555,False
2026,Austria,R,BOR,5,Audi,46.0,3.0,HARD,2.0,True,72.136,17.555,32.325,22.256,11.0,1,,True,False,True,81.0,74.566,8.5,34.46711409395974,50.162416107382555,False
2026,Austria,R,BOR,5,Audi,47.0,3.0,HARD,3.0,True,72.131,17.569,32.204,22.358,11.0,1,,True,False,True,82.8,74.615,8.5,34.46711409395974,50.162416107382555,False
2026,Austria,R,BOR,5,Audi,48.0,3.0,HARD,4.0,True,72.313,17.661,32.343,22.309,11.0,1,,True,False,True,84.60000000000001,74.851,8.5,34.46711409395974,50.162416107382555,False
2026,Austria,R,BOR,5,Audi,49.0,3.0,HARD,5.0,True,72.125,17.562,32.274,22.289,11.0,1,,True,False,True,86.4,74.717,8.5,34.46711409395974,50.162416107382555,False
2026,Austria,R,BOR,5,Audi,50.0,3.0,HARD,6.0,True,73.446,18.015,33.113,22.318,11.0,1,,True,False,True,88.2,76.092,8.5,34.46711409395974,50.162416107382555,False
2026,Austria,R,BOR,5,Audi,51.0,3.0,HARD,7.0,True,77.129,17.601,32.458,27.07,11.0,16,,False,False,False,90.0,79.82900000000001,8.5,34.46711409395974,50.162416107382555,False
2026,Austria,R,BOR,5,Audi,52.0,3.0,HARD,8.0,True,79.903,22.888,34.597,22.418,11.0,671,,False,False,False,91.8,82.65700000000001,8.5,34.46711409395974,50.162416107382555,False
2026,Austria,R,BOR,5,Audi,53.0,3.0,HARD,9.0,True,72.1,17.56,32.171,22.369,11.0,1,,True,False,True,93.60000000000001,74.908,8.5,34.46711409395974,50.162416107382555,False
2026,Austria,R,BOR,5,Audi,54.0,3.0,HARD,10.0,True,72.171,17.6,32.269,22.302,11.0,1,,True,False,True,95.4,75.033,8.5,34.46711409395974,50.162416107382555,False
2026,Austria,R,BOR,5,Audi,55.0,3.0,HARD,11.0,True,72.229,17.631,32.379,22.219,11.0,1,,True,False,True,97.2,75.145,8.5,34.46711409395974,50.162416107382555,False
2026,Austria,R,BOR,5,Audi,56.0,3.0,HARD,12.0,True,73.56,17.658,33.653,22.249,11.0,1,,True,False,True,99.0,76.53,8.5,34.46711409395974,50.162416107382555,False
2026,Austria,R,BOR,5,Audi,57.0,3.0,HARD,13.0,True,72.132,17.531,32.379,22.222,11.0,1,,True,False,True,100.8,75.156,8.5,34.46711409395974,50.162416107382555,False
2026,Austria,R,BOR,5,Audi,58.0,3.0,HARD,14.0,True,73.493,17.619,33.517,22.357,11.0,1,,True,False,True,102.60000000000001,76.571,8.5,34.46711409395974,50.162416107382555,False
2026,Austria,R,BOR,5,Audi,59.0,3.0,HARD,15.0,True,71.866,17.468,32.249,22.149,11.0,1,,True,False,True,104.4,74.998,8.5,34.46711409395974,50.162416107382555,False
2026,Austria,R,BOR,5,Audi,60.0,3.0,HARD,16.0,True,71.897,17.461,32.264,22.172,11.0,1,,True,False,True,106.2,75.083,8.5,34.46711409395974,50.162416107382555,False
2026,Austria,R,BOR,5,Audi,61.0,3.0,HARD,17.0,True,72.314,17.567,32.409,22.338,11.0,1,,True,False,True,108.0,75.55399999999999,8.5,34.46711409395974,50.162416107382555,False
2026,Austria,R,BOR,5,Audi,62.0,3.0,HARD,18.0,True,72.451,17.64,32.509,22.302,11.0,1,,True,False,True,109.8,75.74499999999999,8.5,34.46711409395974,50.162416107382555,False
2026,Austria,R,BOR,5,Audi,63.0,3.0,HARD,19.0,True,74.277,17.639,34.169,22.469,11.0,1,,True,False,True,111.60000000000001,77.625,8.5,34.46711409395974,50.162416107382555,False
2026,Austria,R,BOR,5,Audi,64.0,3.0,HARD,20.0,True,72.393,17.486,32.427,22.48,11.0,1,,True,False,True,113.4,75.795,8.5,34.46711409395974,50.162416107382555,False
2026,Austria,R,BOR,5,Audi,65.0,3.0,HARD,21.0,True,72.488,17.559,32.503,22.426,11.0,1,,True,False,True,115.2,75.944,8.5,34.46711409395974,50.162416107382555,False
2026,Austria,R,BOR,5,Audi,66.0,3.0,HARD,22.0,True,72.929,17.602,32.723,22.604,11.0,1,,True,False,True,117.0,76.43900000000001,8.5,34.46711409395974,50.162416107382555,False
2026,Austria,R,BOR,5,Audi,67.0,3.0,HARD,23.0,True,74.258,18.244,33.381,22.633,11.0,1,,True,False,True,118.8,77.82199999999999,8.5,34.46711409395974,50.162416107382555,False
2026,Austria,R,BOR,5,Audi,68.0,3.0,HARD,24.0,True,72.818,17.56,32.76,22.498,11.0,1,,True,False,True,120.60000000000001,76.43599999999999,8.5,34.46711409395974,50.162416107382555,False
2026,Austria,R,BOR,5,Audi,69.0,3.0,HARD,25.0,True,72.816,17.594,32.737,22.485,11.0,1,,True,False,True,122.4,76.488,8.5,34.46711409395974,50.162416107382555,False
2026,Austria,R,BOR,5,Audi,70.0,3.0,HARD,26.0,True,74.827,17.649,34.445,22.733,11.0,1,,True,False,True,124.2,78.553,8.5,34.46711409395974,50.162416107382555,False
2026,Austria,R,SAI,55,Williams,1.0,1.0,SOFT,1.0,True,82.045,,34.518,23.647,16.0,1,,False,False,True,0.0,82.045,8.5,34.46711409395974,50.162416107382555,False
2026,Austria,R,SAI,55,Williams,2.0,1.0,SOFT,2.0,True,74.69,17.771,33.776,23.143,16.0,1,,True,False,True,1.8,74.744,8.5,34.46711409395974,50.162416107382555,False
2026,Austria,R,SAI,55,Williams,3.0,1.0,SOFT,3.0,True,74.166,17.579,33.389,23.198,16.0,1,,True,False,True,3.6,74.274,8.5,34.46711409395974,50.162416107382555,False
2026,Austria,R,SAI,55,Williams,4.0,1.0,SOFT,4.0,True,74.249,17.638,33.324,23.287,16.0,1,,True,False,True,5.4,74.411,8.5,34.46711409395974,50.162416107382555,False
2026,Austria,R,SAI,55,Williams,5.0,1.0,SOFT,5.0,True,74.144,17.842,33.02,23.282,16.0,1,,True,False,True,7.2,74.36,8.5,34.46711409395974,50.162416107382555,False
2026,Austria,R,SAI,55,Williams,6.0,1.0,SOFT,6.0,True,74.257,17.789,33.062,23.406,16.0,1,,True,False,True,9.0,74.527,8.5,34.46711409395974,50.162416107382555,False
2026,Austria,R,SAI,55,Williams,7.0,1.0,SOFT,7.0,True,74.62,17.767,33.239,23.614,16.0,1,,True,False,True,10.8,74.944,8.5,34.46711409395974,50.162416107382555,False
2026,Austria,R,SAI,55,Williams,8.0,1.0,SOFT,8.0,True,74.621,17.801,33.399,23.421,16.0,1,,True,False,True,12.6,74.999,8.5,34.46711409395974,50.162416107382555,False
2026,Austria,R,SAI,55,Williams,9.0,1.0,SOFT,9.0,True,74.899,17.825,33.553,23.521,16.0,1,,True,False,True,14.4,75.331,8.5,34.46711409395974,50.162416107382555,False
2026,Austria,R,SAI,55,Williams,10.0,1.0,SOFT,10.0,True,75.616,17.819,33.767,24.03,16.0,1,,True,False,True,16.2,76.102,8.5,34.46711409395974,50.162416107382555,False
2026,Austria,R,SAI,55,Williams,11.0,1.0,SOFT,11.0,True,75.455,17.911,33.597,23.947,16.0,1,,True,False,True,18.0,75.995,8.5,34.46711409395974,50.162416107382555,False
2026,Austria,R,SAI,55,Williams,12.0,1.0,SOFT,12.0,True,75.338,17.987,33.627,23.724,16.0,1,,True,False,True,19.8,75.93199999999999,8.5,34.46711409395974,50.162416107382555,False
2026,Austria,R,SAI,55,Williams,13.0,1.0,SOFT,13.0,True,75.069,17.978,33.366,23.725,15.0,1,,True,False,True,21.6,75.717,8.5,34.46711409395974,50.162416107382555,False
2026,Austria,R,SAI,55,Williams,14.0,1.0,SOFT,14.0,True,78.818,17.803,33.603,27.412,16.0,1,,False,True,True,23.400000000000002,79.52,8.5,34.46711409395974,50.162416107382555,False
2026,Austria,R,SAI,55,Williams,15.0,2.0,MEDIUM,1.0,True,91.666,34.342,34.212,23.112,20.0,1,,False,True,True,25.2,92.422,8.5,34.46711409395974,50.162416107382555,False
2026,Austria,R,SAI,55,Williams,16.0,2.0,MEDIUM,2.0,True,74.303,18.003,33.129,23.171,20.0,1,,True,False,True,27.0,75.113,8.5,34.46711409395974,50.162416107382555,False
2026,Austria,R,SAI,55,Williams,17.0,2.0,MEDIUM,3.0,True,74.143,17.909,32.971,23.263,20.0,1,,True,False,True,28.8,75.007,8.5,34.46711409395974,50.162416107382555,False
2026,Austria,R,SAI,55,Williams,18.0,2.0,MEDIUM,4.0,True,73.865,17.832,32.984,23.049,20.0,1,,True,False,True,30.6,74.783,8.5,34.46711409395974,50.162416107382555,False
2026,Austria,R,SAI,55,Williams,19.0,2.0,MEDIUM,5.0,True,73.878,17.79,32.924,23.164,17.0,1,,True,False,True,32.4,74.85,8.5,34.46711409395974,50.162416107382555,False
2026,Austria,R,SAI,55,Williams,20.0,2.0,MEDIUM,6.0,True,73.759,17.757,32.957,23.045,16.0,1,,True,False,True,34.2,74.785,8.5,34.46711409395974,50.162416107382555,False
2026,Austria,R,SAI,55,Williams,21.0,2.0,MEDIUM,7.0,True,73.799,17.863,32.909,23.027,15.0,1,,True,False,True,36.0,74.879,8.5,34.46711409395974,50.162416107382555,False
2026,Austria,R,SAI,55,Williams,22.0,2.0,MEDIUM,8.0,True,73.694,17.809,32.907,22.978,14.0,1,,True,False,True,37.800000000000004,74.828,8.5,34.46711409395974,50.162416107382555,False
2026,Austria,R,SAI,55,Williams,23.0,2.0,MEDIUM,9.0,True,76.44,17.829,33.002,25.609,15.0,1,,True,False,True,39.6,77.628,8.5,34.46711409395974,50.162416107382555,False
2026,Austria,R,SAI,55,Williams,24.0,2.0,MEDIUM,10.0,True,,,,,,126,,False,False,False,41.4,,8.5,34.46711409395974,50.162416107382555,False
2026,Austria,R,HAD,6,Red Bull Racing,1.0,1.0,MEDIUM,1.0,True,79.548,,34.261,23.335,9.0,1,,False,False,True,0.0,79.548,8.5,34.46711409395974,50.162416107382555,False
2026,Austria,R,HAD,6,Red Bull Racing,2.0,1.0,MEDIUM,2.0,True,73.413,17.674,32.934,22.805,9.0,1,,True,False,True,1.8,73.467,8.5,34.46711409395974,50.162416107382555,False
2026,Austria,R,HAD,6,Red Bull Racing,3.0,1.0,MEDIUM,3.0,True,73.499,17.381,33.208,22.91,9.0,1,,True,False,True,3.6,73.607,8.5,34.46711409395974,50.162416107382555,False
2026,Austria,R,HAD,6,Red Bull Racing,4.0,1.0,MEDIUM,4.0,True,73.029,17.364,33.295,22.37,8.0,1,,True,False,True,5.4,73.191,8.5,34.46711409395974,50.162416107382555,False
2026,Austria,R,HAD,6,Red Bull Racing,5.0,1.0,MEDIUM,5.0,True,72.593,17.32,32.867,22.406,8.0,1,,True,False,True,7.2,72.809,8.5,34.46711409395974,50.162416107382555,False
2026,Austria,R,HAD,6,Red Bull Racing,6.0,1.0,MEDIUM,6.0,True,72.357,17.368,32.551,22.438,8.0,1,,True,False,True,9.0,72.627,8.5,34.46711409395974,50.162416107382555,False
2026,Austria,R,HAD,6,Red Bull Racing,7.0,1.0,MEDIUM,7.0,True,72.706,17.37,32.869,22.467,8.0,1,,True,False,True,10.8,73.03,8.5,34.46711409395974,50.162416107382555,False
2026,Austria,R,HAD,6,Red Bull Racing,8.0,1.0,MEDIUM,8.0,True,72.917,17.483,32.769,22.665,8.0,1,,True,False,True,12.6,73.295,8.5,34.46711409395974,50.162416107382555,False
2026,Austria,R,HAD,6,Red Bull Racing,9.0,1.0,MEDIUM,9.0,True,72.857,17.409,32.788,22.66,8.0,1,,True,False,True,14.4,73.289,8.5,34.46711409395974,50.162416107382555,False
2026,Austria,R,HAD,6,Red Bull Racing,10.0,1.0,MEDIUM,10.0,True,73.262,17.408,33.07,22.784,8.0,1,,True,False,True,16.2,73.748,8.5,34.46711409395974,50.162416107382555,False
2026,Austria,R,HAD,6,Red Bull Racing,11.0,1.0,MEDIUM,11.0,True,73.449,17.514,33.046,22.889,8.0,1,,True,False,True,18.0,73.989,8.5,34.46711409395974,50.162416107382555,False
2026,Austria,R,HAD,6,Red Bull Racing,12.0,1.0,MEDIUM,12.0,True,73.467,17.565,33.049,22.853,8.0,1,,True,False,True,19.8,74.06099999999999,8.5,34.46711409395974,50.162416107382555,False
2026,Austria,R,HAD,6,Red Bull Racing,13.0,1.0,MEDIUM,13.0,True,73.556,17.699,33.023,22.834,6.0,1,,True,False,True,21.6,74.204,8.5,34.46711409395974,50.162416107382555,False
2026,Austria,R,HAD,6,Red Bull Racing,14.0,1.0,MEDIUM,14.0,True,73.885,17.831,33.056,22.998,6.0,1,,True,False,True,23.400000000000002,74.587,8.5,34.46711409395974,50.162416107382555,False
2026,Austria,R,HAD,6,Red Bull Racing,15.0,1.0,MEDIUM,15.0,True,73.518,17.74,32.899,22.879,6.0,1,,True,False,True,25.2,74.274,8.5,34.46711409395974,50.162416107382555,False
2026,Austria,R,HAD,6,Red Bull Racing,16.0,1.0,MEDIUM,16.0,True,73.745,17.823,33.079,22.843,6.0,1,,True,False,True,27.0,74.555,8.5,34.46711409395974,50.162416107382555,False
2026,Austria,R,HAD,6,Red Bull Racing,17.0,1.0,MEDIUM,17.0,True,73.478,17.72,33.023,22.735,6.0,1,,True,False,True,28.8,74.342,8.5,34.46711409395974,50.162416107382555,False
2026,Austria,R,HAD,6,Red Bull Racing,18.0,1.0,MEDIUM,18.0,True,76.939,17.728,32.903,26.308,6.0,1,,False,True,True,30.6,77.857,8.5,34.46711409395974,50.162416107382555,False
2026,Austria,R,HAD,6,Red Bull Racing,19.0,2.0,MEDIUM,1.0,True,89.177,34.672,32.433,22.072,9.0,1,,False,True,True,32.4,90.149,8.5,34.46711409395974,50.162416107382555,False
2026,Austria,R,HAD,6,Red Bull Racing,20.0,2.0,MEDIUM,2.0,True,71.839,17.369,32.266,22.204,8.0,1,,True,False,True,34.2,72.865,8.5,34.46711409395974,50.162416107382555,False
2026,Austria,R,HAD,6,Red Bull Racing,21.0,2.0,MEDIUM,3.0,True,71.268,17.189,32.007,22.072,8.0,1,,True,False,True,36.0,72.348,8.5,34.46711409395974,50.162416107382555,False
2026,Austria,R,HAD,6,Red Bull Racing,22.0,2.0,MEDIUM,4.0,True,71.798,17.31,32.345,22.143,7.0,1,,True,False,True,37.800000000000004,72.932,8.5,34.46711409395974,50.162416107382555,False
2026,Austria,R,HAD,6,Red Bull Racing,23.0,2.0,MEDIUM,5.0,True,71.527,17.215,32.234,22.078,7.0,1,,True,False,True,39.6,72.715,8.5,34.46711409395974,50.162416107382555,False
2026,Austria,R,HAD,6,Red Bull Racing,24.0,2.0,MEDIUM,6.0,True,72.139,17.291,32.253,22.595,7.0,126,,False,False,False,41.4,73.381,8.5,34.46711409395974,50.162416107382555,False
2026,Austria,R,HAD,6,Red Bull Racing,25.0,2.0,MEDIUM,7.0,True,100.46,26.568,42.41,31.482,7.0,6,,False,False,False,43.2,101.756,8.5,34.46711409395974,50.162416107382555,False
2026,Austria,R,HAD,6,Red Bull Racing,26.0,2.0,MEDIUM,8.0,True,87.592,22.406,42.014,23.172,6.0,671,,False,False,False,45.0,88.942,8.5,34.46711409395974,50.162416107382555,False
2026,Austria,R,HAD,6,Red Bull Racing,27.0,2.0,MEDIUM,9.0,True,71.621,17.251,32.113,22.257,6.0,1,,True,False,True,46.800000000000004,73.02499999999999,8.5,34.46711409395974,50.162416107382555,False
2026,Austria,R,HAD,6,Red Bull Racing,28.0,2.0,MEDIUM,10.0,True,71.801,17.507,32.338,21.956,6.0,1,,True,False,True,48.6,73.259,8.5,34.46711409395974,50.162416107382555,False
2026,Austria,R,HAD,6,Red Bull Racing,29.0,2.0,MEDIUM,11.0,True,71.664,17.344,32.297,22.023,6.0,1,,True,False,True,50.4,73.176,8.5,34.46711409395974,50.162416107382555,False
2026,Austria,R,HAD,6,Red Bull Racing,30.0,2.0,MEDIUM,12.0,True,72.824,17.331,32.793,22.7,7.0,1,,True,False,True,52.2,74.39,8.5,34.46711409395974,50.162416107382555,False
2026,Austria,R,HAD,6,Red Bull Racing,31.0,2.0,MEDIUM,13.0,True,72.244,17.303,32.533,22.408,7.0,1,,True,False,True,54.0,73.864,8.5,34.46711409395974,50.162416107382555,False
2026,Austria,R,HAD,6,Red Bull Racing,32.0,2.0,MEDIUM,14.0,True,72.187,17.481,32.561,22.145,7.0,1,,True,False,True,55.800000000000004,73.861,8.5,34.46711409395974,50.162416107382555,False
2026,Austria,R,HAD,6,Red Bull Racing,33.0,2.0,MEDIUM,15.0,True,72.202,17.533,32.441,22.228,7.0,1,,True,False,True,57.6,73.92999999999999,8.5,34.46711409395974,50.162416107382555,False
2026,Austria,R,HAD,6,Red Bull Racing,34.0,2.0,MEDIUM,16.0,True,72.337,17.49,32.602,22.245,7.0,1,,True,False,True,59.4,74.119,8.5,34.46711409395974,50.162416107382555,False
2026,Austria,R,HAD,6,Red Bull Racing,35.0,2.0,MEDIUM,17.0,True,72.292,17.516,32.638,22.138,7.0,1,,True,False,True,61.2,74.128,8.5,34.46711409395974,50.162416107382555,False
2026,Austria,R,HAD,6,Red Bull Racing,36.0,2.0,MEDIUM,18.0,True,72.562,17.539,32.678,22.345,7.0,1,,True,False,True,63.0,74.452,8.5,34.46711409395974,50.162416107382555,False
2026,Austria,R,HAD,6,Red Bull Racing,37.0,2.0,MEDIUM,19.0,True,72.699,17.594,32.73,22.375,6.0,1,,True,False,True,64.8,74.643,8.5,34.46711409395974,50.162416107382555,False
2026,Austria,R,HAD,6,Red Bull Racing,38.0,2.0,MEDIUM,20.0,True,72.228,17.534,32.533,22.161,6.0,1,,True,False,True,66.60000000000001,74.226,8.5,34.46711409395974,50.162416107382555,False
2026,Austria,R,HAD,6,Red Bull Racing,39.0,2.0,MEDIUM,21.0,True,72.443,17.576999999999998,32.673,22.193,6.0,1,,True,False,True,68.4,74.495,8.5,34.46711409395974,50.162416107382555,False
2026,Austria,R,HAD,6,Red Bull Racing,40.0,2.0,MEDIUM,22.0,True,75.797,17.49,32.615,25.692,7.0,1,,False,True,True,70.2,77.90299999999999,8.5,34.46711409395974,50.162416107382555,False
2026,Austria,R,HAD,6,Red Bull Racing,41.0,3.0,HARD,1.0,True,87.758,33.745,32.205,21.808,8.0,1,,False,True,True,72.0,89.91799999999999,8.5,34.46711409395974,50.162416107382555,False
2026,Austria,R,HAD,6,Red Bull Racing,42.0,3.0,HARD,2.0,True,70.947,17.278,31.951,21.718,8.0,1,,True,False,True,73.8,73.161,8.5,34.46711409395974,50.162416107382555,False
2026,Austria,R,HAD,6,Red Bull Racing,43.0,3.0,HARD,3.0,True,71.227,17.113,32.114,22.0,8.0,1,,True,False,True,75.60000000000001,73.495,8.5,34.46711409395974,50.162416107382555,False
2026,Austria,R,HAD,6,Red Bull Racing,44.0,3.0,HARD,4.0,True,72.197,16.945,32.819,22.433,8.0,1,,True,False,True,77.4,74.519,8.5,34.46711409395974,50.162416107382555,False
2026,Austria,R,HAD,6,Red Bull Racing,45.0,3.0,HARD,5.0,True,71.002,17.187,31.92,21.895,8.0,1,,True,False,True,79.2,73.378,8.5,34.46711409395974,50.162416107382555,False
2026,Austria,R,HAD,6,Red Bull Racing,46.0,3.0,HARD,6.0,True,71.295,17.163,32.158,21.974,8.0,1,,True,False,True,81.0,73.725,8.5,34.46711409395974,50.162416107382555,False
2026,Austria,R,HAD,6,Red Bull Racing,47.0,3.0,HARD,7.0,True,71.498,17.238,32.25,22.01,8.0,1,,True,False,True,82.8,73.982,8.5,34.46711409395974,50.162416107382555,False
2026,Austria,R,HAD,6,Red Bull Racing,48.0,3.0,HARD,8.0,True,71.364,17.324,32.144,21.896,7.0,1,,True,False,True,84.60000000000001,73.902,8.5,34.46711409395974,50.162416107382555,False
2026,Austria,R,HAD,6,Red Bull Racing,49.0,3.0,HARD,9.0,True,71.383,17.254,32.113,22.016,7.0,1,,True,False,True,86.4,73.975,8.5,34.46711409395974,50.162416107382555,False
2026,Austria,R,HAD,6,Red Bull Racing,50.0,3.0,HARD,10.0,True,71.663,17.274,32.527,21.862,7.0,1,,True,False,True,88.2,74.309,8.5,34.46711409395974,50.162416107382555,False
2026,Austria,R,HAD,6,Red Bull Racing,51.0,3.0,HARD,11.0,True,71.462,17.287,32.284,21.891,7.0,1,,True,False,True,90.0,74.162,8.5,34.46711409395974,50.162416107382555,False
2026,Austria,R,HAD,6,Red Bull Racing,52.0,3.0,HARD,12.0,True,81.799,17.388,35.104,29.307,7.0,167,,False,False,False,91.8,84.55300000000001,8.5,34.46711409395974,50.162416107382555,False
2026,Austria,R,HAD,6,Red Bull Racing,53.0,3.0,HARD,13.0,True,73.021,18.701,32.27,22.05,7.0,71,,False,False,False,93.60000000000001,75.82900000000001,8.5,34.46711409395974,50.162416107382555,False
2026,Austria,R,HAD,6,Red Bull Racing,54.0,3.0,HARD,14.0,True,71.285,17.27,32.038,21.977,7.0,1,,True,False,True,95.4,74.14699999999999,8.5,34.46711409395974,50.162416107382555,False
2026,Austria,R,HAD,6,Red Bull Racing,55.0,3.0,HARD,15.0,True,71.464,17.19,32.236,22.038,7.0,1,,True,False,True,97.2,74.38,8.5,34.46711409395974,50.162416107382555,False
2026,Austria,R,HAD,6,Red Bull Racing,56.0,3.0,HARD,16.0,True,72.413,17.106,33.353,21.954,6.0,1,,True,False,True,99.0,75.383,8.5,34.46711409395974,50.162416107382555,False
2026,Austria,R,HAD,6,Red Bull Racing,57.0,3.0,HARD,17.0,True,71.518,17.366,32.258,21.894,6.0,1,,True,False,True,100.8,74.542,8.5,34.46711409395974,50.162416107382555,False
2026,Austria,R,HAD,6,Red Bull Racing,58.0,3.0,HARD,18.0,True,71.647,17.384,32.346,21.917,6.0,1,,True,False,True,102.60000000000001,74.72500000000001,8.5,34.46711409395974,50.162416107382555,False
2026,Austria,R,HAD,6,Red Bull Racing,59.0,3.0,HARD,19.0,True,71.559,17.347,32.311,21.901,6.0,1,,True,False,True,104.4,74.691,8.5,34.46711409395974,50.162416107382555,False
2026,Austria,R,HAD,6,Red Bull Racing,60.0,3.0,HARD,20.0,True,71.567,17.253,32.274,22.04,6.0,1,,True,False,True,106.2,74.75299999999999,8.5,34.46711409395974,50.162416107382555,False
2026,Austria,R,HAD,6,Red Bull Racing,61.0,3.0,HARD,21.0,True,71.835,17.334,32.407,22.094,6.0,1,,True,False,True,108.0,75.07499999999999,8.5,34.46711409395974,50.162416107382555,False
2026,Austria,R,HAD,6,Red Bull Racing,62.0,3.0,HARD,22.0,True,71.455,17.281,32.256,21.918,6.0,1,,True,False,True,109.8,74.749,8.5,34.46711409395974,50.162416107382555,False
2026,Austria,R,HAD,6,Red Bull Racing,63.0,3.0,HARD,23.0,True,71.492,17.276,32.287,21.929,6.0,1,,True,False,True,111.60000000000001,74.84,8.5,34.46711409395974,50.162416107382555,False
2026,Austria,R,HAD,6,Red Bull Racing,64.0,3.0,HARD,24.0,True,71.641,17.455,32.244,21.942,6.0,1,,True,False,True,113.4,75.043,8.5,34.46711409395974,50.162416107382555,False
2026,Austria,R,HAD,6,Red Bull Racing,65.0,3.0,HARD,25.0,True,71.799,17.363,32.46,21.976,6.0,1,,True,False,True,115.2,75.25500000000001,8.5,34.46711409395974,50.162416107382555,False
2026,Austria,R,HAD,6,Red Bull Racing,66.0,3.0,HARD,26.0,True,71.728,17.401,32.305,22.022,6.0,1,,True,False,True,117.0,75.238,8.5,34.46711409395974,50.162416107382555,False
2026,Austria,R,HAD,6,Red Bull Racing,67.0,3.0,HARD,27.0,True,71.861,17.365,32.477,22.019,6.0,1,,True,False,True,118.8,75.425,8.5,34.46711409395974,50.162416107382555,False
2026,Austria,R,HAD,6,Red Bull Racing,68.0,3.0,HARD,28.0,True,71.91,17.434,32.456,22.02,6.0,1,,True,False,True,120.60000000000001,75.52799999999999,8.5,34.46711409395974,50.162416107382555,False
2026,Austria,R,HAD,6,Red Bull Racing,69.0,3.0,HARD,29.0,True,71.647,17.323,32.349,21.975,6.0,1,,True,False,True,122.4,75.319,8.5,34.46711409395974,50.162416107382555,False
2026,Austria,R,HAD,6,Red Bull Racing,70.0,3.0,HARD,30.0,True,72.384,17.331,32.811,22.242,6.0,1,,True,False,True,124.2,76.11,8.5,34.46711409395974,50.162416107382555,False
2026,Austria,R,HAD,6,Red Bull Racing,71.0,3.0,HARD,31.0,True,72.638,17.427,32.689,22.522,6.0,1,,True,False,True,126.0,76.418,8.5,34.46711409395974,50.162416107382555,False
2026,Austria,R,RUS,63,Mercedes,1.0,1.0,MEDIUM,1.0,True,75.002,,32.703,21.861,1.0,1,,False,False,True,0.0,75.002,8.5,34.46711409395974,50.162416107382555,False
2026,Austria,R,RUS,63,Mercedes,2.0,1.0,MEDIUM,2.0,True,72.037,17.679,32.556,21.802,1.0,1,,True,False,True,1.8,72.09100000000001,8.5,34.46711409395974,50.162416107382555,False
2026,Austria,R,RUS,63,Mercedes,3.0,1.0,MEDIUM,3.0,True,71.818,17.546,32.419,21.853,1.0,1,,True,False,True,3.6,71.926,8.5,34.46711409395974,50.162416107382555,False
2026,Austria,R,RUS,63,Mercedes,4.0,1.0,MEDIUM,4.0,True,71.779,17.512,32.282,21.985,1.0,1,,True,False,True,5.4,71.941,8.5,34.46711409395974,50.162416107382555,False
2026,Austria,R,RUS,63,Mercedes,5.0,1.0,MEDIUM,5.0,True,71.686,17.524,32.303,21.859,1.0,1,,True,False,True,7.2,71.902,8.5,34.46711409395974,50.162416107382555,False
2026,Austria,R,RUS,63,Mercedes,6.0,1.0,MEDIUM,6.0,True,71.947,17.528,32.387,22.032,1.0,1,,True,False,True,9.0,72.217,8.5,34.46711409395974,50.162416107382555,False
2026,Austria,R,RUS,63,Mercedes,7.0,1.0,MEDIUM,7.0,True,71.975,17.441,32.377,22.157,1.0,1,,True,False,True,10.8,72.29899999999999,8.5,34.46711409395974,50.162416107382555,False
2026,Austria,R,RUS,63,Mercedes,8.0,1.0,MEDIUM,8.0,True,72.069,17.441,32.434,22.194,1.0,1,,True,False,True,12.6,72.447,8.5,34.46711409395974,50.162416107382555,False
2026,Austria,R,RUS,63,Mercedes,9.0,1.0,MEDIUM,9.0,True,72.403,17.558,32.504,22.341,1.0,1,,True,False,True,14.4,72.83500000000001,8.5,34.46711409395974,50.162416107382555,False
2026,Austria,R,RUS,63,Mercedes,10.0,1.0,MEDIUM,10.0,True,72.516,17.596,32.516,22.404,1.0,1,,True,False,True,16.2,73.00200000000001,8.5,34.46711409395974,50.162416107382555,False
2026,Austria,R,RUS,63,Mercedes,11.0,1.0,MEDIUM,11.0,True,72.652,17.578,32.649,22.425,1.0,1,,True,False,True,18.0,73.19200000000001,8.5,34.46711409395974,50.162416107382555,False
2026,Austria,R,RUS,63,Mercedes,12.0,1.0,MEDIUM,12.0,True,72.912,17.73,32.661,22.521,1.0,1,,True,False,True,19.8,73.506,8.5,34.46711409395974,50.162416107382555,False
2026,Austria,R,RUS,63,Mercedes,13.0,1.0,MEDIUM,13.0,True,73.164,17.805,32.9,22.459,1.0,1,,True,False,True,21.6,73.812,8.5,34.46711409395974,50.162416107382555,False
2026,Austria,R,RUS,63,Mercedes,14.0,1.0,MEDIUM,14.0,True,72.965,17.691,32.731,22.543,1.0,1,,True,False,True,23.400000000000002,73.667,8.5,34.46711409395974,50.162416107382555,False
2026,Austria,R,RUS,63,Mercedes,15.0,1.0,MEDIUM,15.0,True,72.786,17.661,32.64,22.485,1.0,1,,True,False,True,25.2,73.542,8.5,34.46711409395974,50.162416107382555,False
2026,Austria,R,RUS,63,Mercedes,16.0,1.0,MEDIUM,16.0,True,72.78,17.604,32.671,22.505,1.0,1,,True,False,True,27.0,73.59,8.5,34.46711409395974,50.162416107382555,False
2026,Austria,R,RUS,63,Mercedes,17.0,1.0,MEDIUM,17.0,True,72.911,17.686,32.771,22.454,1.0,1,,True,False,True,28.8,73.775,8.5,34.46711409395974,50.162416107382555,False
2026,Austria,R,RUS,63,Mercedes,18.0,1.0,MEDIUM,18.0,True,72.904,17.779,32.646,22.479,1.0,1,,True,False,True,30.6,73.822,8.5,34.46711409395974,50.162416107382555,False
2026,Austria,R,RUS,63,Mercedes,19.0,1.0,MEDIUM,19.0,True,77.085,17.703,32.695,26.687,1.0,1,,False,True,True,32.4,78.05699999999999,8.5,34.46711409395974,50.162416107382555,False
2026,Austria,R,RUS,63,Mercedes,20.0,2.0,HARD,1.0,True,89.073,34.5,32.413,22.16,3.0,1,,False,True,True,34.2,90.09899999999999,8.5,34.46711409395974,50.162416107382555,False
2026,Austria,R,RUS,63,Mercedes,21.0,2.0,HARD,2.0,True,71.93,17.36,32.119,22.451,2.0,1,,True,False,True,36.0,73.01,8.5,34.46711409395974,50.162416107382555,False
2026,Austria,R,RUS,63,Mercedes,22.0,2.0,HARD,3.0,True,71.458,17.361,32.083,22.014,2.0,1,,True,False,True,37.800000000000004,72.592,8.5,34.46711409395974,50.162416107382555,False
2026,Austria,R,RUS,63,Mercedes,23.0,2.0,HARD,4.0,True,71.226,17.319,32.023,21.884,2.0,1,,True,False,True,39.6,72.414,8.5,34.46711409395974,50.162416107382555,False
2026,Austria,R,RUS,63,Mercedes,24.0,2.0,HARD,5.0,True,71.88,17.427,32.134,22.319,2.0,12,,True,False,False,41.4,73.122,8.5,34.46711409395974,50.162416107382555,False
2026,Austria,R,RUS,63,Mercedes,25.0,2.0,HARD,6.0,True,96.896,17.649,44.969,34.278,1.0,26,,False,False,False,43.2,98.19200000000001,8.5,34.46711409395974,50.162416107382555,False
2026,Austria,R,RUS,63,Mercedes,26.0,2.0,HARD,7.0,True,91.266,20.29,41.738,29.238,1.0,671,,False,False,False,45.0,92.616,8.5,34.46711409395974,50.162416107382555,False
2026,Austria,R,RUS,63,Mercedes,27.0,2.0,HARD,8.0,True,71.926,17.647,32.265,22.014,1.0,1,,True,False,True,46.800000000000004,73.33,8.5,34.46711409395974,50.162416107382555,False
2026,Austria,R,RUS,63,Mercedes,28.0,2.0,HARD,9.0,True,71.263,17.371,31.959,21.933,1.0,1,,True,False,True,48.6,72.721,8.5,34.46711409395974,50.162416107382555,False
2026,Austria,R,RUS,63,Mercedes,29.0,2.0,HARD,10.0,True,71.253,17.384,31.903,21.966,1.0,1,,True,False,True,50.4,72.765,8.5,34.46711409395974,50.162416107382555,False
2026,Austria,R,RUS,63,Mercedes,30.0,2.0,HARD,11.0,True,71.274,17.389,31.904,21.981,1.0,1,,True,False,True,52.2,72.84,8.5,34.46711409395974,50.162416107382555,False
2026,Austria,R,RUS,63,Mercedes,31.0,2.0,HARD,12.0,True,71.554,17.37,32.1,22.084,1.0,1,,True,False,True,54.0,73.174,8.5,34.46711409395974,50.162416107382555,False
2026,Austria,R,RUS,63,Mercedes,32.0,2.0,HARD,13.0,True,71.706,17.364,32.275,22.067,1.0,1,,True,False,True,55.800000000000004,73.38000000000001,8.5,34.46711409395974,50.162416107382555,False
2026,Austria,R,RUS,63,Mercedes,33.0,2.0,HARD,14.0,True,71.546,17.362,32.125,22.059,1.0,1,,True,False,True,57.6,73.274,8.5,34.46711409395974,50.162416107382555,False
2026,Austria,R,RUS,63,Mercedes,34.0,2.0,HARD,15.0,True,72.066,17.464,32.416,22.186,1.0,1,,True,False,True,59.4,73.848,8.5,34.46711409395974,50.162416107382555,False
2026,Austria,R,RUS,63,Mercedes,35.0,2.0,HARD,16.0,True,72.074,17.559,32.394,22.121,1.0,1,,True,False,True,61.2,73.91,8.5,34.46711409395974,50.162416107382555,False
2026,Austria,R,RUS,63,Mercedes,36.0,2.0,HARD,17.0,True,72.715,17.505,33.056,22.154,1.0,1,,True,False,True,63.0,74.605,8.5,34.46711409395974,50.162416107382555,False
2026,Austria,R,RUS,63,Mercedes,37.0,2.0,HARD,18.0,True,72.143,17.516,32.331,22.296,1.0,1,,True,False,True,64.8,74.087,8.5,34.46711409395974,50.162416107382555,False
2026,Austria,R,RUS,63,Mercedes,38.0,2.0,HARD,19.0,True,72.365,17.409,32.747,22.209,1.0,1,,True,False,True,66.60000000000001,74.363,8.5,34.46711409395974,50.162416107382555,False
2026,Austria,R,RUS,63,Mercedes,39.0,2.0,HARD,20.0,True,72.616,17.472,32.949,22.195,1.0,1,,True,False,True,68.4,74.668,8.5,34.46711409395974,50.162416107382555,False
2026,Austria,R,RUS,63,Mercedes,40.0,2.0,HARD,21.0,True,72.234,17.543,32.534,22.157,1.0,1,,True,False,True,70.2,74.33999999999999,8.5,34.46711409395974,50.162416107382555,False
2026,Austria,R,RUS,63,Mercedes,41.0,2.0,HARD,22.0,True,71.935,17.483,32.335,22.117,1.0,1,,True,False,True,72.0,74.095,8.5,34.46711409395974,50.162416107382555,False
2026,Austria,R,RUS,63,Mercedes,42.0,2.0,HARD,23.0,True,72.225,17.384,32.631,22.21,1.0,1,,True,False,True,73.8,74.439,8.5,34.46711409395974,50.162416107382555,False
2026,Austria,R,RUS,63,Mercedes,43.0,2.0,HARD,24.0,True,76.208,17.375,32.469,26.364,2.0,1,,False,True,True,75.60000000000001,78.476,8.5,34.46711409395974,50.162416107382555,False
2026,Austria,R,RUS,63,Mercedes,44.0,3.0,HARD,1.0,True,87.853,33.942,32.095,21.816,3.0,1,,False,True,True,77.4,90.175,8.5,34.46711409395974,50.162416107382555,False
2026,Austria,R,RUS,63,Mercedes,45.0,3.0,HARD,2.0,True,70.86,17.21,31.772,21.878,3.0,1,,True,False,True,79.2,73.236,8.5,34.46711409395974,50.162416107382555,False
2026,Austria,R,RUS,63,Mercedes,46.0,3.0,HARD,3.0,True,71.045,17.128,31.956,21.961,3.0,1,,True,False,True,81.0,73.475,8.5,34.46711409395974,50.162416107382555,False
2026,Austria,R,RUS,63,Mercedes,47.0,3.0,HARD,4.0,True,70.904,17.24,31.906,21.758,3.0,1,,True,False,True,82.8,73.38799999999999,8.5,34.46711409395974,50.162416107382555,False
2026,Austria,R,RUS,63,Mercedes,48.0,3.0,HARD,5.0,True,71.215,17.255,31.949,22.011,3.0,1,,True,False,True,84.60000000000001,73.753,8.5,34.46711409395974,50.162416107382555,False
2026,Austria,R,RUS,63,Mercedes,49.0,3.0,HARD,6.0,True,70.683,17.23,31.759,21.694,3.0,1,,True,False,True,86.4,73.275,8.5,34.46711409395974,50.162416107382555,False
2026,Austria,R,RUS,63,Mercedes,50.0,3.0,HARD,7.0,True,70.952,17.113,31.932,21.907,2.0,1,,True,False,True,88.2,73.598,8.5,34.46711409395974,50.162416107382555,False
2026,Austria,R,RUS,63,Mercedes,51.0,3.0,HARD,8.0,True,71.171,17.288,31.881,22.002,2.0,1,,True,False,True,90.0,73.87100000000001,8.5,34.46711409395974,50.162416107382555,False
2026,Austria,R,RUS,63,Mercedes,52.0,3.0,HARD,9.0,True,75.641,17.315,31.919,26.407,1.0,16,,False,False,False,91.8,78.39500000000001,8.5,34.46711409395974,50.162416107382555,False
2026,Austria,R,RUS,63,Mercedes,53.0,3.0,HARD,10.0,True,80.031,22.236,36.084,21.711,1.0,671,,False,False,False,93.60000000000001,82.83900000000001,8.5,34.46711409395974,50.162416107382555,False
2026,Austria,R,RUS,63,Mercedes,54.0,3.0,HARD,11.0,True,70.937,17.256,31.973,21.708,1.0,1,,True,False,True,95.4,73.79899999999999,8.5,34.46711409395974,50.162416107382555,False
2026,Austria,R,RUS,63,Mercedes,55.0,3.0,HARD,12.0,True,70.896,17.163,31.813,21.92,1.0,1,,True,False,True,97.2,73.812,8.5,34.46711409395974,50.162416107382555,False
2026,Austria,R,RUS,63,Mercedes,56.0,3.0,HARD,13.0,True,70.78,17.226,31.838,21.716,1.0,1,,True,False,True,99.0,73.75,8.5,34.46711409395974,50.162416107382555,False
2026,Austria,R,RUS,63,Mercedes,57.0,3.0,HARD,14.0,True,71.503,17.495,32.21,21.798000000000002,1.0,1,,True,False,True,100.8,74.527,8.5,34.46711409395974,50.162416107382555,False
2026,Austria,R,RUS,63,Mercedes,58.0,3.0,HARD,15.0,True,71.01,17.152,32.121,21.737,1.0,1,,True,False,True,102.60000000000001,74.08800000000001,8.5,34.46711409395974,50.162416107382555,False
2026,Austria,R,RUS,63,Mercedes,59.0,3.0,HARD,16.0,True,71.143,17.27,32.04,21.833,1.0,1,,True,False,True,104.4,74.275,8.5,34.46711409395974,50.162416107382555,False
2026,Austria,R,RUS,63,Mercedes,60.0,3.0,HARD,17.0,True,71.361,17.411,32.115,21.835,1.0,1,,True,False,True,106.2,74.547,8.5,34.46711409395974,50.162416107382555,False
2026,Austria,R,RUS,63,Mercedes,61.0,3.0,HARD,18.0,True,71.113,17.254,32.049,21.81,1.0,1,,True,False,True,108.0,74.353,8.5,34.46711409395974,50.162416107382555,False
2026,Austria,R,RUS,63,Mercedes,62.0,3.0,HARD,19.0,True,71.162,17.27,32.12,21.772,1.0,1,,True,False,True,109.8,74.456,8.5,34.46711409395974,50.162416107382555,False
2026,Austria,R,RUS,63,Mercedes,63.0,3.0,HARD,20.0,True,71.068,17.221,31.956,21.891,1.0,1,,True,False,True,111.60000000000001,74.416,8.5,34.46711409395974,50.162416107382555,False
2026,Austria,R,RUS,63,Mercedes,64.0,3.0,HARD,21.0,True,71.291,17.284,32.103,21.904,1.0,1,,True,False,True,113.4,74.693,8.5,34.46711409395974,50.162416107382555,False
2026,Austria,R,RUS,63,Mercedes,65.0,3.0,HARD,22.0,True,71.581,17.22,32.318,22.043,1.0,1,,True,False,True,115.2,75.037,8.5,34.46711409395974,50.162416107382555,False
2026,Austria,R,RUS,63,Mercedes,66.0,3.0,HARD,23.0,True,71.615,17.189,32.336,22.09,1.0,1,,True,False,True,117.0,75.125,8.5,34.46711409395974,50.162416107382555,False
2026,Austria,R,RUS,63,Mercedes,67.0,3.0,HARD,24.0,True,71.557,17.279,32.305,21.973,1.0,1,,True,False,True,118.8,75.121,8.5,34.46711409395974,50.162416107382555,False
2026,Austria,R,RUS,63,Mercedes,68.0,3.0,HARD,25.0,True,71.489,17.287,32.217,21.985,1.0,1,,True,False,True,120.60000000000001,75.107,8.5,34.46711409395974,50.162416107382555,False
2026,Austria,R,RUS,63,Mercedes,69.0,3.0,HARD,26.0,True,71.425,17.249,32.184,21.992,1.0,1,,True,False,True,122.4,75.097,8.5,34.46711409395974,50.162416107382555,False
2026,Austria,R,RUS,63,Mercedes,70.0,3.0,HARD,27.0,True,71.638,17.197,32.435,22.006,1.0,1,,True,False,True,124.2,75.364,8.5,34.46711409395974,50.162416107382555,False
2026,Austria,R,RUS,63,Mercedes,71.0,3.0,HARD,28.0,True,71.832,17.267,32.461,22.104,1.0,1,,True,False,True,126.0,75.612,8.5,34.46711409395974,50.162416107382555,False
2026,Austria,R,BOT,77,Cadillac,1.0,1.0,MEDIUM,1.0,True,84.016,,35.182,24.614,21.0,1,,False,False,True,0.0,84.016,8.5,34.46711409395974,50.162416107382555,False
2026,Austria,R,BOT,77,Cadillac,2.0,1.0,MEDIUM,2.0,True,87.748,17.904,36.123,33.721,22.0,1,,False,True,True,1.8,87.802,8.5,34.46711409395974,50.162416107382555,False
2026,Austria,R,PIA,81,McLaren,1.0,1.0,MEDIUM,1.0,True,78.123,,33.419,22.84,6.0,1,,False,False,True,0.0,78.123,8.5,34.46711409395974,50.162416107382555,False
2026,Austria,R,PIA,81,McLaren,2.0,1.0,MEDIUM,2.0,True,73.5,17.495,33.132,22.873,6.0,1,,True,False,True,1.8,73.554,8.5,34.46711409395974,50.162416107382555,False
2026,Austria,R,PIA,81,McLaren,3.0,1.0,MEDIUM,3.0,True,72.701,17.357,32.819,22.525,6.0,1,,True,False,True,3.6,72.809,8.5,34.46711409395974,50.162416107382555,False
2026,Austria,R,PIA,81,McLaren,4.0,1.0,MEDIUM,4.0,True,72.36,17.389,32.627,22.344,6.0,1,,True,False,True,5.4,72.522,8.5,34.46711409395974,50.162416107382555,False
2026,Austria,R,PIA,81,McLaren,5.0,1.0,MEDIUM,5.0,True,72.234,17.293,32.656,22.285,6.0,1,,True,False,True,7.2,72.44999999999999,8.5,34.46711409395974,50.162416107382555,False
2026,Austria,R,PIA,81,McLaren,6.0,1.0,MEDIUM,6.0,True,72.39,17.405,32.515,22.47,6.0,1,,True,False,True,9.0,72.66,8.5,34.46711409395974,50.162416107382555,False
2026,Austria,R,PIA,81,McLaren,7.0,1.0,MEDIUM,7.0,True,72.773,17.385,32.611,22.777,6.0,1,,True,False,True,10.8,73.097,8.5,34.46711409395974,50.162416107382555,False
2026,Austria,R,PIA,81,McLaren,8.0,1.0,MEDIUM,8.0,True,73.221,17.548000000000002,32.847,22.826,6.0,1,,True,False,True,12.6,73.599,8.5,34.46711409395974,50.162416107382555,False
2026,Austria,R,PIA,81,McLaren,9.0,1.0,MEDIUM,9.0,True,73.118,17.432,32.822,22.864,6.0,1,,True,False,True,14.4,73.55,8.5,34.46711409395974,50.162416107382555,False
2026,Austria,R,PIA,81,McLaren,10.0,1.0,MEDIUM,10.0,True,73.22,17.611,32.685,22.924,6.0,1,,True,False,True,16.2,73.706,8.5,34.46711409395974,50.162416107382555,False
2026,Austria,R,PIA,81,McLaren,11.0,1.0,MEDIUM,11.0,True,73.384,17.541,32.798,23.045,6.0,1,,True,False,True,18.0,73.924,8.5,34.46711409395974,50.162416107382555,False
2026,Austria,R,PIA,81,McLaren,12.0,1.0,MEDIUM,12.0,True,73.426,17.537,32.911,22.978,6.0,1,,True,False,True,19.8,74.02,8.5,34.46711409395974,50.162416107382555,False
2026,Austria,R,PIA,81,McLaren,13.0,1.0,MEDIUM,13.0,True,73.675,17.632,32.954,23.089,4.0,1,,True,False,True,21.6,74.323,8.5,34.46711409395974,50.162416107382555,False
2026,Austria,R,PIA,81,McLaren,14.0,1.0,MEDIUM,14.0,True,73.418,17.719,32.828,22.871,4.0,1,,True,False,True,23.400000000000002,74.12,8.5,34.46711409395974,50.162416107382555,False
2026,Austria,R,PIA,81,McLaren,15.0,1.0,MEDIUM,15.0,True,73.235,17.656,32.791,22.788,4.0,1,,True,False,True,25.2,73.991,8.5,34.46711409395974,50.162416107382555,False
2026,Austria,R,PIA,81,McLaren,16.0,1.0,MEDIUM,16.0,True,73.179,17.698,32.601,22.88,4.0,1,,True,False,True,27.0,73.989,8.5,34.46711409395974,50.162416107382555,False
2026,Austria,R,PIA,81,McLaren,17.0,1.0,MEDIUM,17.0,True,73.101,17.618,32.693,22.79,4.0,1,,True,False,True,28.8,73.965,8.5,34.46711409395974,50.162416107382555,False
2026,Austria,R,PIA,81,McLaren,18.0,1.0,MEDIUM,18.0,True,73.451,17.747,32.915,22.789,4.0,1,,True,False,True,30.6,74.369,8.5,34.46711409395974,50.162416107382555,False
2026,Austria,R,PIA,81,McLaren,19.0,1.0,MEDIUM,19.0,True,78.254,17.845,32.918,27.491,4.0,1,,False,True,True,32.4,79.226,8.5,34.46711409395974,50.162416107382555,False
2026,Austria,R,PIA,81,McLaren,20.0,2.0,HARD,1.0,True,89.535,34.874,32.462,22.199,7.0,1,,False,True,True,34.2,90.56099999999999,8.5,34.46711409395974,50.162416107382555,False
2026,Austria,R,PIA,81,McLaren,21.0,2.0,HARD,2.0,True,71.464,17.423,32.024,22.017,7.0,1,,True,False,True,36.0,72.544,8.5,34.46711409395974,50.162416107382555,False
2026,Austria,R,PIA,81,McLaren,22.0,2.0,HARD,3.0,True,71.578,17.409,32.15,22.019,6.0,1,,True,False,True,37.800000000000004,72.712,8.5,34.46711409395974,50.162416107382555,False
2026,Austria,R,PIA,81,McLaren,23.0,2.0,HARD,4.0,True,71.427,17.375,32.048,22.004,6.0,1,,True,False,True,39.6,72.61500000000001,8.5,34.46711409395974,50.162416107382555,False
2026,Austria,R,PIA,81,McLaren,24.0,2.0,HARD,5.0,True,72.21,17.414,32.127,22.669,6.0,126,,False,False,False,41.4,73.452,8.5,34.46711409395974,50.162416107382555,False
2026,Austria,R,PIA,81,McLaren,25.0,2.0,HARD,6.0,True,98.314,24.409,43.923,29.982,6.0,6,,False,False,False,43.2,99.61,8.5,34.46711409395974,50.162416107382555,False
2026,Austria,R,PIA,81,McLaren,26.0,2.0,HARD,7.0,True,90.128,23.13,42.816,24.182,5.0,671,,False,False,False,45.0,91.478,8.5,34.46711409395974,50.162416107382555,False
2026,Austria,R,PIA,81,McLaren,27.0,2.0,HARD,8.0,True,71.658,17.247,32.148,22.263,5.0,1,,True,False,True,46.800000000000004,73.062,8.5,34.46711409395974,50.162416107382555,False
2026,Austria,R,PIA,81,McLaren,28.0,2.0,HARD,9.0,True,71.227,17.372,31.968,21.887,5.0,1,,True,False,True,48.6,72.685,8.5,34.46711409395974,50.162416107382555,False
2026,Austria,R,PIA,81,McLaren,29.0,2.0,HARD,10.0,True,71.918,17.405,32.299,22.214,5.0,1,,True,False,True,50.4,73.43,8.5,34.46711409395974,50.162416107382555,False
2026,Austria,R,PIA,81,McLaren,30.0,2.0,HARD,11.0,True,71.149,17.252,31.988,21.909,5.0,1,,True,False,True,52.2,72.715,8.5,34.46711409395974,50.162416107382555,False
2026,Austria,R,PIA,81,McLaren,31.0,2.0,HARD,12.0,True,71.768,17.321,32.391,22.056,5.0,1,,True,False,True,54.0,73.388,8.5,34.46711409395974,50.162416107382555,False
2026,Austria,R,PIA,81,McLaren,32.0,2.0,HARD,13.0,True,71.854,17.472,32.258,22.124,5.0,1,,True,False,True,55.800000000000004,73.528,8.5,34.46711409395974,50.162416107382555,False
2026,Austria,R,PIA,81,McLaren,33.0,2.0,HARD,14.0,True,71.78,17.367,32.246,22.167,5.0,1,,True,False,True,57.6,73.508,8.5,34.46711409395974,50.162416107382555,False
2026,Austria,R,PIA,81,McLaren,34.0,2.0,HARD,15.0,True,72.048,17.366,32.457,22.225,5.0,1,,True,False,True,59.4,73.83,8.5,34.46711409395974,50.162416107382555,False
2026,Austria,R,PIA,81,McLaren,35.0,2.0,HARD,16.0,True,71.941,17.402,32.324,22.215,5.0,1,,True,False,True,61.2,73.777,8.5,34.46711409395974,50.162416107382555,False
2026,Austria,R,PIA,81,McLaren,36.0,2.0,HARD,17.0,True,72.318,17.57,32.472,22.276,5.0,1,,True,False,True,63.0,74.208,8.5,34.46711409395974,50.162416107382555,False
2026,Austria,R,PIA,81,McLaren,37.0,2.0,HARD,18.0,True,72.544,17.301,32.833,22.41,4.0,1,,True,False,True,64.8,74.488,8.5,34.46711409395974,50.162416107382555,False
2026,Austria,R,PIA,81,McLaren,38.0,2.0,HARD,19.0,True,72.385,17.599,32.438,22.348,4.0,1,,True,False,True,66.60000000000001,74.38300000000001,8.5,34.46711409395974,50.162416107382555,False
2026,Austria,R,PIA,81,McLaren,39.0,2.0,HARD,20.0,True,72.024,17.497,32.408,22.119,4.0,1,,True,False,True,68.4,74.07600000000001,8.5,34.46711409395974,50.162416107382555,False
2026,Austria,R,PIA,81,McLaren,40.0,2.0,HARD,21.0,True,72.017,17.484,32.369,22.164,4.0,1,,True,False,True,70.2,74.12299999999999,8.5,34.46711409395974,50.162416107382555,False
2026,Austria,R,PIA,81,McLaren,41.0,2.0,HARD,22.0,True,72.116,17.406,32.424,22.286,4.0,1,,True,False,True,72.0,74.276,8.5,34.46711409395974,50.162416107382555,False
2026,Austria,R,PIA,81,McLaren,42.0,2.0,HARD,23.0,True,76.481,17.391,32.496,26.594,4.0,1,,False,True,True,73.8,78.695,8.5,34.46711409395974,50.162416107382555,False
2026,Austria,R,PIA,81,McLaren,43.0,3.0,HARD,1.0,True,88.093,33.821,32.322,21.95,6.0,1,,False,True,True,75.60000000000001,90.361,8.5,34.46711409395974,50.162416107382555,False
2026,Austria,R,PIA,81,McLaren,44.0,3.0,HARD,2.0,True,70.753,17.247,31.846,21.66,6.0,1,,True,False,True,77.4,73.075,8.5,34.46711409395974,50.162416107382555,False
2026,Austria,R,PIA,81,McLaren,45.0,3.0,HARD,3.0,True,70.595,17.129,31.733,21.733,6.0,1,,True,False,True,79.2,72.971,8.5,34.46711409395974,50.162416107382555,False
2026,Austria,R,PIA,81,McLaren,46.0,3.0,HARD,4.0,True,70.844,17.179,31.842,21.823,6.0,1,,True,False,True,81.0,73.274,8.5,34.46711409395974,50.162416107382555,False
2026,Austria,R,PIA,81,McLaren,47.0,3.0,HARD,5.0,True,71.102,17.168,32.102,21.832,6.0,1,,True,False,True,82.8,73.586,8.5,34.46711409395974,50.162416107382555,False
2026,Austria,R,PIA,81,McLaren,48.0,3.0,HARD,6.0,True,71.389,17.085,32.319,21.985,4.0,1,,True,False,True,84.60000000000001,73.92699999999999,8.5,34.46711409395974,50.162416107382555,False
2026,Austria,R,PIA,81,McLaren,49.0,3.0,HARD,7.0,True,71.275,17.351,32.068,21.856,4.0,1,,True,False,True,86.4,73.867,8.5,34.46711409395974,50.162416107382555,False
2026,Austria,R,PIA,81,McLaren,50.0,3.0,HARD,8.0,True,71.247,17.397,31.984,21.866,4.0,1,,True,False,True,88.2,73.893,8.5,34.46711409395974,50.162416107382555,False
2026,Austria,R,PIA,81,McLaren,51.0,3.0,HARD,9.0,True,71.101,17.284,32.066,21.751,4.0,1,,True,False,True,90.0,73.801,8.5,34.46711409395974,50.162416107382555,False
2026,Austria,R,PIA,81,McLaren,52.0,3.0,HARD,10.0,True,79.815,17.254,32.085,30.476,4.0,16,,False,False,False,91.8,82.569,8.5,34.46711409395974,50.162416107382555,False
2026,Austria,R,PIA,81,McLaren,53.0,3.0,HARD,11.0,True,75.298,21.626,31.919,21.753,4.0,671,,False,False,False,93.60000000000001,78.10600000000001,8.5,34.46711409395974,50.162416107382555,False
2026,Austria,R,PIA,81,McLaren,54.0,3.0,HARD,12.0,True,70.999,17.207,31.881,21.911,4.0,1,,True,False,True,95.4,73.86099999999999,8.5,34.46711409395974,50.162416107382555,False
2026,Austria,R,PIA,81,McLaren,55.0,3.0,HARD,13.0,True,71.056,17.24,31.961,21.855,4.0,1,,True,False,True,97.2,73.972,8.5,34.46711409395974,50.162416107382555,False
2026,Austria,R,PIA,81,McLaren,56.0,3.0,HARD,14.0,True,71.067,17.297,31.933,21.837,4.0,1,,True,False,True,99.0,74.03699999999999,8.5,34.46711409395974,50.162416107382555,False
2026,Austria,R,PIA,81,McLaren,57.0,3.0,HARD,15.0,True,71.335,17.328,32.158,21.849,4.0,1,,True,False,True,100.8,74.359,8.5,34.46711409395974,50.162416107382555,False
2026,Austria,R,PIA,81,McLaren,58.0,3.0,HARD,16.0,True,71.219,17.288,32.11,21.821,4.0,1,,True,False,True,102.60000000000001,74.297,8.5,34.46711409395974,50.162416107382555,False
2026,Austria,R,PIA,81,McLaren,59.0,3.0,HARD,17.0,True,71.332,17.29,32.156,21.886,4.0,1,,True,False,True,104.4,74.464,8.5,34.46711409395974,50.162416107382555,False
2026,Austria,R,PIA,81,McLaren,60.0,3.0,HARD,18.0,True,71.132,17.263,31.976,21.893,4.0,1,,True,False,True,106.2,74.31800000000001,8.5,34.46711409395974,50.162416107382555,False
2026,Austria,R,PIA,81,McLaren,61.0,3.0,HARD,19.0,True,71.363,17.308,32.119,21.936,4.0,1,,True,False,True,108.0,74.603,8.5,34.46711409395974,50.162416107382555,False
2026,Austria,R,PIA,81,McLaren,62.0,3.0,HARD,20.0,True,71.525,17.249,32.28,21.996,4.0,1,,True,False,True,109.8,74.819,8.5,34.46711409395974,50.162416107382555,False
2026,Austria,R,PIA,81,McLaren,63.0,3.0,HARD,21.0,True,71.883,17.317,32.596,21.97,4.0,1,,True,False,True,111.60000000000001,75.231,8.5,34.46711409395974,50.162416107382555,False
2026,Austria,R,PIA,81,McLaren,64.0,3.0,HARD,22.0,True,71.318,17.24,32.166,21.912,4.0,1,,True,False,True,113.4,74.72,8.5,34.46711409395974,50.162416107382555,False
2026,Austria,R,PIA,81,McLaren,65.0,3.0,HARD,23.0,True,71.479,17.297,32.192,21.99,4.0,1,,True,False,True,115.2,74.935,8.5,34.46711409395974,50.162416107382555,False
2026,Austria,R,PIA,81,McLaren,66.0,3.0,HARD,24.0,True,72.133,17.375,32.512,22.246,4.0,1,,True,False,True,117.0,75.643,8.5,34.46711409395974,50.162416107382555,False
2026,Austria,R,PIA,81,McLaren,67.0,3.0,HARD,25.0,True,71.937,17.494,32.364,22.079,4.0,1,,True,False,True,118.8,75.50099999999999,8.5,34.46711409395974,50.162416107382555,False
2026,Austria,R,PIA,81,McLaren,68.0,3.0,HARD,26.0,True,71.774,17.339,32.314,22.121,4.0,1,,True,False,True,120.60000000000001,75.392,8.5,34.46711409395974,50.162416107382555,False
2026,Austria,R,PIA,81,McLaren,69.0,3.0,HARD,27.0,True,72.509,17.343,32.514,22.652,4.0,1,,True,False,True,122.4,76.181,8.5,34.46711409395974,50.162416107382555,False
2026,Austria,R,PIA,81,McLaren,70.0,3.0,HARD,28.0,True,73.065,17.415,32.973,22.677,4.0,1,,True,False,True,124.2,76.791,8.5,34.46711409395974,50.162416107382555,False
2026,Austria,R,PIA,81,McLaren,71.0,3.0,HARD,29.0,True,72.503,17.583,32.631,22.289,4.0,1,,True,False,True,126.0,76.283,8.5,34.46711409395974,50.162416107382555,False
2026,Austria,R,BEA,87,Haas F1 Team,1.0,1.0,MEDIUM,1.0,True,81.542,,34.659,23.559,15.0,1,,False,False,True,0.0,81.542,8.5,34.46711409395974,50.162416107382555,False
2026,Austria,R,BEA,87,Haas F1 Team,2.0,1.0,MEDIUM,2.0,True,74.398,17.691,33.674,23.033,15.0,1,,True,False,True,1.8,74.452,8.5,34.46711409395974,50.162416107382555,False
2026,Austria,R,BEA,87,Haas F1 Team,3.0,1.0,MEDIUM,3.0,True,74.107,17.609,33.515,22.983,15.0,1,,True,False,True,3.6,74.215,8.5,34.46711409395974,50.162416107382555,False
2026,Austria,R,BEA,87,Haas F1 Team,4.0,1.0,MEDIUM,4.0,True,74.103,17.487,33.537,23.079,15.0,1,,True,False,True,5.4,74.265,8.5,34.46711409395974,50.162416107382555,False
2026,Austria,R,BEA,87,Haas F1 Team,5.0,1.0,MEDIUM,5.0,True,74.17,17.594,33.595,22.981,15.0,1,,True,False,True,7.2,74.386,8.5,34.46711409395974,50.162416107382555,False
2026,Austria,R,BEA,87,Haas F1 Team,6.0,1.0,MEDIUM,6.0,True,74.329,17.665,33.477,23.187,15.0,1,,True,False,True,9.0,74.59899999999999,8.5,34.46711409395974,50.162416107382555,False
2026,Austria,R,BEA,87,Haas F1 Team,7.0,1.0,MEDIUM,7.0,True,74.492,17.616,33.645,23.231,15.0,1,,True,False,True,10.8,74.816,8.5,34.46711409395974,50.162416107382555,False
2026,Austria,R,BEA,87,Haas F1 Team,8.0,1.0,MEDIUM,8.0,True,74.79,17.75,33.692,23.348,15.0,1,,True,False,True,12.6,75.168,8.5,34.46711409395974,50.162416107382555,False
2026,Austria,R,BEA,87,Haas F1 Team,9.0,1.0,MEDIUM,9.0,True,74.971,17.876,33.761,23.334,15.0,1,,True,False,True,14.4,75.403,8.5,34.46711409395974,50.162416107382555,False
2026,Austria,R,BEA,87,Haas F1 Team,10.0,1.0,MEDIUM,10.0,True,75.771,17.671,34.44,23.66,15.0,1,,True,False,True,16.2,76.257,8.5,34.46711409395974,50.162416107382555,False
2026,Austria,R,BEA,87,Haas F1 Team,11.0,1.0,MEDIUM,11.0,True,75.198,17.89,33.787,23.521,15.0,1,,True,False,True,18.0,75.738,8.5,34.46711409395974,50.162416107382555,False
2026,Austria,R,BEA,87,Haas F1 Team,12.0,1.0,MEDIUM,12.0,True,75.35,17.875,33.962,23.513,15.0,1,,True,False,True,19.8,75.94399999999999,8.5,34.46711409395974,50.162416107382555,False
2026,Austria,R,BEA,87,Haas F1 Team,13.0,1.0,MEDIUM,13.0,True,75.003,17.84,33.682,23.481,14.0,1,,True,False,True,21.6,75.651,8.5,34.46711409395974,50.162416107382555,False
2026,Austria,R,BEA,87,Haas F1 Team,14.0,1.0,MEDIUM,14.0,True,75.366,17.904,33.814,23.648,14.0,1,,True,False,True,23.400000000000002,76.068,8.5,34.46711409395974,50.162416107382555,False
2026,Austria,R,BEA,87,Haas F1 Team,15.0,1.0,MEDIUM,15.0,True,75.041,17.866,33.674,23.501,14.0,1,,True,False,True,25.2,75.797,8.5,34.46711409395974,50.162416107382555,False
2026,Austria,R,BEA,87,Haas F1 Team,16.0,1.0,MEDIUM,16.0,True,74.751,17.815,33.656,23.28,14.0,1,,True,False,True,27.0,75.561,8.5,34.46711409395974,50.162416107382555,False
2026,Austria,R,BEA,87,Haas F1 Team,17.0,1.0,MEDIUM,17.0,True,74.709,17.739,33.513,23.457,14.0,1,,True,False,True,28.8,75.57300000000001,8.5,34.46711409395974,50.162416107382555,False
2026,Austria,R,BEA,87,Haas F1 Team,18.0,1.0,MEDIUM,18.0,True,75.344,17.668,34.158,23.518,12.0,1,,True,False,True,30.6,76.262,8.5,34.46711409395974,50.162416107382555,False
2026,Austria,R,BEA,87,Haas F1 Team,19.0,1.0,MEDIUM,19.0,True,74.827,17.922,33.614,23.291,11.0,1,,True,False,True,32.4,75.79899999999999,8.5,34.46711409395974,50.162416107382555,False
2026,Austria,R,BEA,87,Haas F1 Team,20.0,1.0,MEDIUM,20.0,True,75.908,17.791,34.705,23.412,12.0,1,,True,False,True,34.2,76.934,8.5,34.46711409395974,50.162416107382555,False
2026,Austria,R,BEA,87,Haas F1 Team,21.0,1.0,MEDIUM,21.0,True,74.936,17.802,33.564,23.57,13.0,1,,True,False,True,36.0,76.016,8.5,34.46711409395974,50.162416107382555,False
2026,Austria,R,BEA,87,Haas F1 Team,22.0,1.0,MEDIUM,22.0,True,74.645,17.786,33.771,23.088,12.0,1,,True,False,True,37.800000000000004,75.779,8.5,34.46711409395974,50.162416107382555,False
2026,Austria,R,BEA,87,Haas F1 Team,23.0,1.0,MEDIUM,23.0,True,75.472,17.835,33.714,23.923000000000002,13.0,1,,True,False,True,39.6,76.66,8.5,34.46711409395974,50.162416107382555,False
2026,Austria,R,BEA,87,Haas F1 Team,24.0,1.0,MEDIUM,24.0,True,86.766,17.91,35.982,32.874,13.0,126,,False,True,False,41.4,88.00800000000001,8.5,34.46711409395974,50.162416107382555,False
2026,Austria,R,BEA,87,Haas F1 Team,25.0,2.0,HARD,1.0,True,109.866,37.354,42.55,29.962,14.0,6,,False,True,False,43.2,111.162,8.5,34.46711409395974,50.162416107382555,False
2026,Austria,R,BEA,87,Haas F1 Team,26.0,2.0,HARD,2.0,True,78.057,22.571,32.943,22.543,14.0,671,,False,False,False,45.0,79.407,8.5,34.46711409395974,50.162416107382555,False
2026,Austria,R,BEA,87,Haas F1 Team,27.0,2.0,HARD,3.0,True,73.101,17.478,32.972,22.651,14.0,1,,True,False,True,46.800000000000004,74.505,8.5,34.46711409395974,50.162416107382555,False
2026,Austria,R,BEA,87,Haas F1 Team,28.0,2.0,HARD,4.0,True,73.102,17.588,32.963,22.551,14.0,1,,True,False,True,48.6,74.56,8.5,34.46711409395974,50.162416107382555,False
2026,Austria,R,BEA,87,Haas F1 Team,29.0,2.0,HARD,5.0,True,73.025,17.573,32.854,22.598,14.0,1,,True,False,True,50.4,74.537,8.5,34.46711409395974,50.162416107382555,False
2026,Austria,R,BEA,87,Haas F1 Team,30.0,2.0,HARD,6.0,True,73.063,17.583,32.947,22.533,14.0,1,,True,False,True,52.2,74.629,8.5,34.46711409395974,50.162416107382555,False
2026,Austria,R,BEA,87,Haas F1 Team,31.0,2.0,HARD,7.0,True,73.147,17.614,32.977,22.556,14.0,1,,True,False,True,54.0,74.76700000000001,8.5,34.46711409395974,50.162416107382555,False
2026,Austria,R,BEA,87,Haas F1 Team,32.0,2.0,HARD,8.0,True,73.075,17.568,32.894,22.613,14.0,1,,True,False,True,55.800000000000004,74.74900000000001,8.5,34.46711409395974,50.162416107382555,False
2026,Austria,R,BEA,87,Haas F1 Team,33.0,2.0,HARD,9.0,True,73.27,17.654,32.973,22.643,14.0,1,,True,False,True,57.6,74.99799999999999,8.5,34.46711409395974,50.162416107382555,False
2026,Austria,R,BEA,87,Haas F1 Team,34.0,2.0,HARD,10.0,True,73.138,17.647,32.999,22.492,14.0,1,,True,False,True,59.4,74.92,8.5,34.46711409395974,50.162416107382555,False
2026,Austria,R,BEA,87,Haas F1 Team,35.0,2.0,HARD,11.0,True,73.161,17.642,32.964,22.555,14.0,1,,True,False,True,61.2,74.997,8.5,34.46711409395974,50.162416107382555,False
2026,Austria,R,BEA,87,Haas F1 Team,36.0,2.0,HARD,12.0,True,73.403,17.608,32.969,22.826,14.0,1,,True,False,True,63.0,75.293,8.5,34.46711409395974,50.162416107382555,False
2026,Austria,R,BEA,87,Haas F1 Team,37.0,2.0,HARD,13.0,True,76.268,17.748,34.377,24.143,14.0,1,,True,False,True,64.8,78.212,8.5,34.46711409395974,50.162416107382555,False
2026,Austria,R,BEA,87,Haas F1 Team,38.0,2.0,HARD,14.0,True,74.08,17.715,33.409,22.956,14.0,1,,True,False,True,66.60000000000001,76.078,8.5,34.46711409395974,50.162416107382555,False
2026,Austria,R,BEA,87,Haas F1 Team,39.0,2.0,HARD,15.0,True,74.004,17.752,33.312,22.94,13.0,1,,True,False,True,68.4,76.05600000000001,8.5,34.46711409395974,50.162416107382555,False
2026,Austria,R,BEA,87,Haas F1 Team,40.0,2.0,HARD,16.0,True,75.228,17.662,33.138,24.428,13.0,1,,True,False,True,70.2,77.33399999999999,8.5,34.46711409395974,50.162416107382555,False
2026,Austria,R,BEA,87,Haas F1 Team,41.0,2.0,HARD,17.0,True,73.839,17.619,33.27,22.95,13.0,1,,True,False,True,72.0,75.999,8.5,34.46711409395974,50.162416107382555,False
2026,Austria,R,BEA,87,Haas F1 Team,42.0,2.0,HARD,18.0,True,73.708,17.521,33.172,23.015,13.0,1,,True,False,True,73.8,75.922,8.5,34.46711409395974,50.162416107382555,False
2026,Austria,R,BEA,87,Haas F1 Team,43.0,2.0,HARD,19.0,True,74.806,17.761,33.903,23.142,14.0,1,,True,False,True,75.60000000000001,77.074,8.5,34.46711409395974,50.162416107382555,False
2026,Austria,R,BEA,87,Haas F1 Team,44.0,2.0,HARD,20.0,True,73.877,17.786,33.17,22.921,14.0,1,,True,False,True,77.4,76.199,8.5,34.46711409395974,50.162416107382555,False
2026,Austria,R,BEA,87,Haas F1 Team,45.0,2.0,HARD,21.0,True,78.343,17.544,34.58,26.219,14.0,1,,False,True,True,79.2,80.71900000000001,8.5,34.46711409395974,50.162416107382555,False
2026,Austria,R,BEA,87,Haas F1 Team,46.0,3.0,MEDIUM,1.0,True,89.486,34.64,32.612,22.234,15.0,1,,False,True,True,81.0,91.916,8.5,34.46711409395974,50.162416107382555,False
2026,Austria,R,BEA,87,Haas F1 Team,47.0,3.0,MEDIUM,2.0,True,72.405,17.418,32.592,22.395,14.0,1,,True,False,True,82.8,74.889,8.5,34.46711409395974,50.162416107382555,False
2026,Austria,R,BEA,87,Haas F1 Team,48.0,3.0,MEDIUM,3.0,True,72.626,17.507,32.627,22.492,14.0,1,,True,False,True,84.60000000000001,75.164,8.5,34.46711409395974,50.162416107382555,False
2026,Austria,R,BEA,87,Haas F1 Team,49.0,3.0,MEDIUM,4.0,True,73.475,17.462,32.577,23.436,14.0,1,,True,False,True,86.4,76.067,8.5,34.46711409395974,50.162416107382555,False
2026,Austria,R,BEA,87,Haas F1 Team,50.0,3.0,MEDIUM,5.0,True,72.579,17.433,32.809,22.337,14.0,1,,True,False,True,88.2,75.225,8.5,34.46711409395974,50.162416107382555,False
2026,Austria,R,BEA,87,Haas F1 Team,51.0,3.0,MEDIUM,6.0,True,83.153,17.514,39.733,25.906,14.0,167,,False,False,False,90.0,85.85300000000001,8.5,34.46711409395974,50.162416107382555,False
2026,Austria,R,BEA,87,Haas F1 Team,52.0,3.0,MEDIUM,7.0,True,72.808,17.53,32.94,22.338,14.0,1,,True,False,True,91.8,75.56200000000001,8.5,34.46711409395974,50.162416107382555,False
2026,Austria,R,BEA,87,Haas F1 Team,53.0,3.0,MEDIUM,8.0,True,72.266,17.586,32.367,22.313,14.0,1,,True,False,True,93.60000000000001,75.07400000000001,8.5,34.46711409395974,50.162416107382555,False
2026,Austria,R,BEA,87,Haas F1 Team,54.0,3.0,MEDIUM,9.0,True,72.207,17.451,32.509,22.247,14.0,1,,True,False,True,95.4,75.06899999999999,8.5,34.46711409395974,50.162416107382555,False
2026,Austria,R,BEA,87,Haas F1 Team,55.0,3.0,MEDIUM,10.0,True,72.506,17.561,32.507,22.438,14.0,1,,True,False,True,97.2,75.422,8.5,34.46711409395974,50.162416107382555,False
2026,Austria,R,BEA,87,Haas F1 Team,56.0,3.0,MEDIUM,11.0,True,72.764,17.637,32.649,22.478,14.0,1,,True,False,True,99.0,75.734,8.5,34.46711409395974,50.162416107382555,False
2026,Austria,R,BEA,87,Haas F1 Team,57.0,3.0,MEDIUM,12.0,True,72.952,17.517,32.88,22.555,14.0,1,,True,False,True,100.8,75.976,8.5,34.46711409395974,50.162416107382555,False
2026,Austria,R,BEA,87,Haas F1 Team,58.0,3.0,MEDIUM,13.0,True,72.989,17.462,32.845,22.682,14.0,1,,True,False,True,102.60000000000001,76.06700000000001,8.5,34.46711409395974,50.162416107382555,False
2026,Austria,R,BEA,87,Haas F1 Team,59.0,3.0,MEDIUM,14.0,True,73.054,17.657,32.766,22.631,14.0,1,,True,False,True,104.4,76.186,8.5,34.46711409395974,50.162416107382555,False
2026,Austria,R,BEA,87,Haas F1 Team,60.0,3.0,MEDIUM,15.0,True,73.01,17.576,32.869,22.565,14.0,1,,True,False,True,106.2,76.196,8.5,34.46711409395974,50.162416107382555,False
2026,Austria,R,BEA,87,Haas F1 Team,61.0,3.0,MEDIUM,16.0,True,73.132,17.578,32.819,22.735,14.0,1,,True,False,True,108.0,76.372,8.5,34.46711409395974,50.162416107382555,False
2026,Austria,R,BEA,87,Haas F1 Team,62.0,3.0,MEDIUM,17.0,True,73.325,17.619,32.926,22.78,14.0,1,,True,False,True,109.8,76.619,8.5,34.46711409395974,50.162416107382555,False
2026,Austria,R,BEA,87,Haas F1 Team,63.0,3.0,MEDIUM,18.0,True,74.962,17.654,32.943,24.365,14.0,1,,True,False,True,111.60000000000001,78.31,8.5,34.46711409395974,50.162416107382555,False
2026,Austria,R,BEA,87,Haas F1 Team,64.0,3.0,MEDIUM,19.0,True,73.241,17.453,32.88,22.908,14.0,1,,True,False,True,113.4,76.643,8.5,34.46711409395974,50.162416107382555,False
2026,Austria,R,BEA,87,Haas F1 Team,65.0,3.0,MEDIUM,20.0,True,73.191,17.613,32.691,22.887,14.0,1,,True,False,True,115.2,76.647,8.5,34.46711409395974,50.162416107382555,False
2026,Austria,R,BEA,87,Haas F1 Team,66.0,3.0,MEDIUM,21.0,True,73.044,17.62,32.85,22.574,14.0,1,,True,False,True,117.0,76.554,8.5,34.46711409395974,50.162416107382555,False
2026,Austria,R,BEA,87,Haas F1 Team,67.0,3.0,MEDIUM,22.0,True,73.032,17.588,32.796,22.648,14.0,1,,True,False,True,118.8,76.59599999999999,8.5,34.46711409395974,50.162416107382555,False
2026,Austria,R,BEA,87,Haas F1 Team,68.0,3.0,MEDIUM,23.0,True,72.895,17.428,32.805,22.662,14.0,1,,True,False,True,120.60000000000001,76.51299999999999,8.5,34.46711409395974,50.162416107382555,False
2026,Austria,R,BEA,87,Haas F1 Team,69.0,3.0,MEDIUM,24.0,True,73.35,17.54,32.951,22.859,14.0,1,,True,False,True,122.4,77.02199999999999,8.5,34.46711409395974,50.162416107382555,False
2026,Austria,R,BEA,87,Haas F1 Team,70.0,3.0,MEDIUM,25.0,True,72.654,17.47,32.636,22.548000000000002,14.0,1,,True,False,True,124.2,76.38,8.5,34.46711409395974,50.162416107382555,False
