year,event,session,driver,driver_number,team,lap_number,stint,compound,tyre_life,fresh_tyre,lap_time_s,sector1_s,sector2_s,sector3_s,position,track_status,deleted,is_accurate,is_pit_lap,is_green,fuel_kg_burned,lap_time_fuel_corr_s,assumed_harvest_mj,air_temp_c,track_temp_c,rainfall
2026,Austria,FP1,NOR,1,McLaren,1.0,1.0,MEDIUM,1.0,True,,,35.526,28.068,,1,,False,True,True,,,8.5,30.571428571428573,50.2961038961039,False
2026,Austria,FP1,NOR,1,McLaren,2.0,1.0,MEDIUM,2.0,True,69.255,17.173,30.864,21.218,,1,,True,False,True,,,8.5,30.571428571428573,50.2961038961039,False
2026,Austria,FP1,NOR,1,McLaren,3.0,1.0,MEDIUM,3.0,True,115.421,31.703,57.272,26.446,,1,,True,False,True,,,8.5,30.571428571428573,50.2961038961039,False
2026,Austria,FP1,NOR,1,McLaren,4.0,1.0,MEDIUM,4.0,True,68.873,17.146,30.714,21.013,,1,,True,False,True,,,8.5,30.571428571428573,50.2961038961039,False
2026,Austria,FP1,NOR,1,McLaren,5.0,1.0,MEDIUM,5.0,True,89.216,20.79,39.622,28.804,,1,,False,True,True,,,8.5,30.571428571428573,50.2961038961039,False
2026,Austria,FP1,NOR,1,McLaren,6.0,2.0,SOFT,1.0,True,118.067,47.506,40.976,29.585,,1,,False,True,True,,,8.5,30.571428571428573,50.2961038961039,False
2026,Austria,FP1,NOR,1,McLaren,7.0,2.0,SOFT,2.0,True,80.681,16.946,31.04,32.695,,1,,True,False,True,,,8.5,30.571428571428573,50.2961038961039,False
2026,Austria,FP1,NOR,1,McLaren,8.0,2.0,SOFT,3.0,True,116.798,30.004,53.787,33.007,,1,,True,False,True,,,8.5,30.571428571428573,50.2961038961039,False
2026,Austria,FP1,NOR,1,McLaren,9.0,2.0,SOFT,4.0,True,,16.994,,,,125,,False,True,False,,,8.5,30.571428571428573,50.2961038961039,False
2026,Austria,FP1,VER,3,Red Bull Racing,1.0,1.0,SOFT,1.0,True,,,35.532,25.451,,1,,False,True,True,,,8.5,30.571428571428573,50.2961038961039,False
2026,Austria,FP1,VER,3,Red Bull Racing,2.0,1.0,SOFT,2.0,True,69.043,16.962,30.806,21.275,,1,,True,False,True,,,8.5,30.571428571428573,50.2961038961039,False
2026,Austria,FP1,VER,3,Red Bull Racing,3.0,1.0,SOFT,3.0,True,105.52,27.374,47.975,30.171,,1,,False,True,True,,,8.5,30.571428571428573,50.2961038961039,False
2026,Austria,FP1,VER,3,Red Bull Racing,4.0,2.0,SOFT,4.0,False,114.259,44.353,45.036,24.87,,1,,False,True,True,,,8.5,30.571428571428573,50.2961038961039,False
2026,Austria,FP1,VER,3,Red Bull Racing,5.0,2.0,SOFT,5.0,False,68.9,17.094,30.847,20.959,,1,,True,False,True,,,8.5,30.571428571428573,50.2961038961039,False
2026,Austria,FP1,VER,3,Red Bull Racing,6.0,2.0,SOFT,6.0,False,126.982,29.21,58.553,39.219,,1,,True,False,True,,,8.5,30.571428571428573,50.2961038961039,False
2026,Austria,FP1,VER,3,Red Bull Racing,7.0,2.0,SOFT,7.0,False,124.555,33.648,58.903,32.004,,1,,True,False,True,,,8.5,30.571428571428573,50.2961038961039,False
2026,Austria,FP1,VER,3,Red Bull Racing,8.0,2.0,SOFT,8.0,False,89.988,26.208,38.973,24.807,,1,,True,False,True,,,8.5,30.571428571428573,50.2961038961039,False
2026,Austria,FP1,VER,3,Red Bull Racing,9.0,2.0,SOFT,9.0,False,68.892,17.058,30.933,20.901,,1,,True,False,True,,,8.5,30.571428571428573,50.2961038961039,False
2026,Austria,FP1,VER,3,Red Bull Racing,10.0,2.0,SOFT,10.0,False,82.236,21.011,34.447,26.778,,1,,False,True,True,,,8.5,30.571428571428573,50.2961038961039,False
2026,Austria,FP1,VER,3,Red Bull Racing,11.0,3.0,SOFT,1.0,True,,,41.669,25.054,,12,,False,True,False,,,8.5,30.571428571428573,50.2961038961039,False
2026,Austria,FP1,VER,3,Red Bull Racing,12.0,3.0,SOFT,2.0,True,68.077,16.896,30.35,20.831,,1,,True,False,True,,,8.5,30.571428571428573,50.2961038961039,False
2026,Austria,FP1,VER,3,Red Bull Racing,13.0,3.0,SOFT,3.0,True,82.798,20.058,35.663,27.077,,1,,False,True,True,,,8.5,30.571428571428573,50.2961038961039,False
2026,Austria,FP1,VER,3,Red Bull Racing,14.0,4.0,SOFT,4.0,False,,,33.877,24.544,,1,,False,True,True,,,8.5,30.571428571428573,50.2961038961039,False
2026,Austria,FP1,VER,3,Red Bull Racing,15.0,4.0,SOFT,5.0,False,71.867,17.558,32.105,22.204,,1,,True,False,True,,,8.5,30.571428571428573,50.2961038961039,False
2026,Austria,FP1,VER,3,Red Bull Racing,16.0,4.0,SOFT,6.0,False,71.445,17.469,32.017,21.959,,1,,True,False,True,,,8.5,30.571428571428573,50.2961038961039,False
2026,Austria,FP1,VER,3,Red Bull Racing,17.0,4.0,SOFT,7.0,False,,17.262,32.135,,,125,,False,True,False,,,8.5,30.571428571428573,50.2961038961039,False
2026,Austria,FP1,HAD,6,Red Bull Racing,1.0,1.0,SOFT,1.0,True,,,43.397,26.572,,1,,False,True,True,,,8.5,30.571428571428573,50.2961038961039,False
2026,Austria,FP1,HAD,6,Red Bull Racing,2.0,1.0,SOFT,2.0,True,70.403,17.239,31.558,21.606,,1,,True,False,True,,,8.5,30.571428571428573,50.2961038961039,False
2026,Austria,FP1,HAD,6,Red Bull Racing,3.0,1.0,SOFT,3.0,True,122.441,32.515,50.988,38.938,,1,,False,True,True,,,8.5,30.571428571428573,50.2961038961039,False
2026,Austria,FP1,HAD,6,Red Bull Racing,4.0,2.0,SOFT,4.0,False,135.552,48.809,54.914,31.829,,1,,False,True,True,,,8.5,30.571428571428573,50.2961038961039,False
2026,Austria,FP1,HAD,6,Red Bull Racing,5.0,2.0,SOFT,5.0,False,106.08,25.977,41.228,38.875,,1,,False,True,True,,,8.5,30.571428571428573,50.2961038961039,False
2026,Austria,FP1,HAD,6,Red Bull Racing,6.0,3.0,SOFT,1.0,True,,,40.235,30.818,,12,,False,True,False,,,8.5,30.571428571428573,50.2961038961039,False
2026,Austria,FP1,HAD,6,Red Bull Racing,7.0,3.0,SOFT,2.0,True,69.481,17.158,30.954,21.369,,1,,True,False,True,,,8.5,30.571428571428573,50.2961038961039,False
2026,Austria,FP1,HAD,6,Red Bull Racing,8.0,3.0,SOFT,3.0,True,135.773,32.579,59.433,43.761,,1,,True,False,True,,,8.5,30.571428571428573,50.2961038961039,False
2026,Austria,FP1,HAD,6,Red Bull Racing,9.0,3.0,SOFT,4.0,True,109.687,31.632,45.454,32.601,,1,,True,False,True,,,8.5,30.571428571428573,50.2961038961039,False
2026,Austria,FP1,HAD,6,Red Bull Racing,10.0,3.0,SOFT,5.0,True,105.161,23.412,45.497,36.252,,1,,True,False,True,,,8.5,30.571428571428573,50.2961038961039,False
2026,Austria,FP1,HAD,6,Red Bull Racing,11.0,3.0,SOFT,6.0,True,,24.149,42.233,,,125,,False,True,False,,,8.5,30.571428571428573,50.2961038961039,False
2026,Austria,FP1,GAS,10,Alpine,1.0,1.0,HARD,1.0,True,,,39.002,25.905,,1,,False,True,True,,,8.5,30.571428571428573,50.2961038961039,False
2026,Austria,FP1,GAS,10,Alpine,2.0,1.0,HARD,2.0,True,72.059,17.486,32.21,22.363,,1,,True,False,True,,,8.5,30.571428571428573,50.2961038961039,False
2026,Austria,FP1,GAS,10,Alpine,3.0,1.0,HARD,3.0,True,104.588,26.448,45.114,33.026,,1,,False,True,True,,,8.5,30.571428571428573,50.2961038961039,False
2026,Austria,FP1,GAS,10,Alpine,4.0,2.0,HARD,4.0,False,,,37.442,27.626,,1,,False,True,True,,,8.5,30.571428571428573,50.2961038961039,False
2026,Austria,FP1,GAS,10,Alpine,5.0,2.0,HARD,5.0,False,70.866,17.349,31.68,21.837,,1,,True,False,True,,,8.5,30.571428571428573,50.2961038961039,False
2026,Austria,FP1,GAS,10,Alpine,6.0,2.0,HARD,6.0,False,115.306,32.506,54.722,28.078,,1,,True,False,True,,,8.5,30.571428571428573,50.2961038961039,False
2026,Austria,FP1,GAS,10,Alpine,7.0,2.0,HARD,7.0,False,70.333,17.221,31.395,21.717,,1,,True,False,True,,,8.5,30.571428571428573,50.2961038961039,False
2026,Austria,FP1,GAS,10,Alpine,8.0,2.0,HARD,8.0,False,119.767,32.611,59.683,27.473,,1,,True,False,True,,,8.5,30.571428571428573,50.2961038961039,False
2026,Austria,FP1,GAS,10,Alpine,9.0,2.0,HARD,9.0,False,70.369,17.336,31.393,21.64,,1,,True,False,True,,,8.5,30.571428571428573,50.2961038961039,False
2026,Austria,FP1,GAS,10,Alpine,10.0,2.0,HARD,10.0,False,105.249,27.23,45.016,33.003,,1,,False,True,True,,,8.5,30.571428571428573,50.2961038961039,False
2026,Austria,FP1,GAS,10,Alpine,11.0,3.0,HARD,11.0,False,125.828,53.087,41.181,31.56,,1,,False,True,True,,,8.5,30.571428571428573,50.2961038961039,False
2026,Austria,FP1,GAS,10,Alpine,12.0,3.0,HARD,12.0,False,70.699,17.365,31.589,21.745,,1,,True,False,True,,,8.5,30.571428571428573,50.2961038961039,False
2026,Austria,FP1,GAS,10,Alpine,13.0,3.0,HARD,13.0,False,92.706,24.038,37.887,30.781,,1,,False,True,True,,,8.5,30.571428571428573,50.2961038961039,False
2026,Austria,FP1,GAS,10,Alpine,14.0,4.0,SOFT,1.0,True,,,41.644,25.828,,1,,False,True,True,,,8.5,30.571428571428573,50.2961038961039,False
2026,Austria,FP1,GAS,10,Alpine,15.0,4.0,SOFT,2.0,True,91.697,16.993,36.883,37.821,,1,,True,False,True,,,8.5,30.571428571428573,50.2961038961039,False
2026,Austria,FP1,GAS,10,Alpine,16.0,4.0,SOFT,3.0,True,107.959,31.047,47.895,29.017,,1,,True,False,True,,,8.5,30.571428571428573,50.2961038961039,False
2026,Austria,FP1,GAS,10,Alpine,17.0,4.0,SOFT,4.0,True,69.546,17.125,31.163,21.258,,1,,True,False,True,,,8.5,30.571428571428573,50.2961038961039,False
2026,Austria,FP1,GAS,10,Alpine,18.0,4.0,SOFT,5.0,True,89.173,19.86,41.183,28.13,,1,,False,True,True,,,8.5,30.571428571428573,50.2961038961039,False
2026,Austria,FP1,GAS,10,Alpine,19.0,5.0,HARD,14.0,False,,,40.183,24.208,,12,,False,True,False,,,8.5,30.571428571428573,50.2961038961039,False
2026,Austria,FP1,GAS,10,Alpine,20.0,5.0,HARD,15.0,False,72.538,17.466,32.597,22.475,,1,,True,False,True,,,8.5,30.571428571428573,50.2961038961039,False
2026,Austria,FP1,GAS,10,Alpine,21.0,5.0,HARD,16.0,False,72.623,17.469,32.608,22.546,,1,,True,False,True,,,8.5,30.571428571428573,50.2961038961039,False
2026,Austria,FP1,GAS,10,Alpine,22.0,5.0,HARD,17.0,False,72.54,17.441,32.508,22.591,,1,,True,False,True,,,8.5,30.571428571428573,50.2961038961039,False
2026,Austria,FP1,GAS,10,Alpine,23.0,5.0,HARD,18.0,False,72.639,17.386,32.515,22.738,,1,,True,False,True,,,8.5,30.571428571428573,50.2961038961039,False
2026,Austria,FP1,GAS,10,Alpine,24.0,5.0,HARD,19.0,False,74.219,17.768,33.66,22.791,,1,,True,False,True,,,8.5,30.571428571428573,50.2961038961039,False
2026,Austria,FP1,GAS,10,Alpine,25.0,5.0,HARD,20.0,False,73.285,17.807,32.927,22.551,,1,,True,False,True,,,8.5,30.571428571428573,50.2961038961039,False
2026,Austria,FP1,GAS,10,Alpine,26.0,5.0,HARD,21.0,False,73.638,17.975,32.86,22.803,,1,,True,False,True,,,8.5,30.571428571428573,50.2961038961039,False
2026,Austria,FP1,GAS,10,Alpine,27.0,5.0,HARD,22.0,False,106.277,26.016,50.272,29.989,,1,,True,False,True,,,8.5,30.571428571428573,50.2961038961039,False
2026,Austria,FP1,GAS,10,Alpine,28.0,5.0,HARD,23.0,False,,17.653,,,,125,,False,True,False,,,8.5,30.571428571428573,50.2961038961039,False
2026,Austria,FP1,PER,11,Cadillac,1.0,1.0,HARD,1.0,True,,,37.617,24.623,,1,,False,True,True,,,8.5,30.571428571428573,50.2961038961039,False
2026,Austria,FP1,PER,11,Cadillac,2.0,1.0,HARD,2.0,True,73.53,17.895,32.91,22.725,,1,,True,False,True,,,8.5,30.571428571428573,50.2961038961039,False
2026,Austria,FP1,PER,11,Cadillac,3.0,1.0,HARD,3.0,True,73.387,18.148,32.774,22.465,,1,,True,False,True,,,8.5,30.571428571428573,50.2961038961039,False
2026,Austria,FP1,PER,11,Cadillac,4.0,1.0,HARD,4.0,True,100.588,29.757,43.866,26.965,,1,,True,False,True,,,8.5,30.571428571428573,50.2961038961039,False
2026,Austria,FP1,PER,11,Cadillac,5.0,1.0,HARD,5.0,True,71.543,17.453,31.855,22.235,,1,,True,False,True,,,8.5,30.571428571428573,50.2961038961039,False
2026,Austria,FP1,PER,11,Cadillac,6.0,1.0,HARD,6.0,True,90.776,24.096,36.415,30.265,,1,,False,True,True,,,8.5,30.571428571428573,50.2961038961039,False
2026,Austria,FP1,PER,11,Cadillac,7.0,2.0,HARD,7.0,False,,,42.392,29.112,,1,,False,True,True,,,8.5,30.571428571428573,50.2961038961039,False
2026,Austria,FP1,PER,11,Cadillac,8.0,2.0,HARD,8.0,False,71.283,17.339,31.951999999999998,21.992,,1,,True,False,True,,,8.5,30.571428571428573,50.2961038961039,False
2026,Austria,FP1,PER,11,Cadillac,9.0,2.0,HARD,9.0,False,109.0,24.188,53.026,31.786,,1,,True,False,True,,,8.5,30.571428571428573,50.2961038961039,False
2026,Austria,FP1,PER,11,Cadillac,10.0,2.0,HARD,10.0,False,90.958,17.958,41.357,31.643,,1,,False,True,True,,,8.5,30.571428571428573,50.2961038961039,False
2026,Austria,FP1,PER,11,Cadillac,11.0,3.0,SOFT,1.0,True,,,44.005,25.414,,1,,False,True,True,,,8.5,30.571428571428573,50.2961038961039,False
2026,Austria,FP1,PER,11,Cadillac,12.0,3.0,SOFT,2.0,True,109.82,16.953,49.053,43.814,,12,,False,True,False,,,8.5,30.571428571428573,50.2961038961039,False
2026,Austria,FP1,PER,11,Cadillac,13.0,4.0,SOFT,3.0,False,,,42.739,34.801,,1,,False,True,True,,,8.5,30.571428571428573,50.2961038961039,False
2026,Austria,FP1,PER,11,Cadillac,14.0,4.0,SOFT,4.0,False,,32.567,,,,125,,False,True,False,,,8.5,30.571428571428573,50.2961038961039,False
2026,Austria,FP1,ANT,12,Mercedes,1.0,1.0,MEDIUM,1.0,True,,,41.636,26.731,,1,,False,True,True,,,8.5,30.571428571428573,50.2961038961039,False
2026,Austria,FP1,ANT,12,Mercedes,2.0,1.0,MEDIUM,2.0,True,71.029,18.046,31.286,21.697,,1,,True,False,True,,,8.5,30.571428571428573,50.2961038961039,False
2026,Austria,FP1,ANT,12,Mercedes,3.0,1.0,MEDIUM,3.0,True,100.723,25.588,48.983,26.152,,1,,True,False,True,,,8.5,30.571428571428573,50.2961038961039,False
2026,Austria,FP1,ANT,12,Mercedes,4.0,1.0,MEDIUM,4.0,True,69.119,16.937,30.866,21.316,,1,,True,False,True,,,8.5,30.571428571428573,50.2961038961039,False
2026,Austria,FP1,ANT,12,Mercedes,5.0,1.0,MEDIUM,5.0,True,114.533,25.451,47.983,41.099,,1,,False,True,True,,,8.5,30.571428571428573,50.2961038961039,False
2026,Austria,FP1,ANT,12,Mercedes,6.0,2.0,MEDIUM,6.0,False,,96.326,44.761,26.175,,1,,False,True,True,,,8.5,30.571428571428573,50.2961038961039,False
2026,Austria,FP1,ANT,12,Mercedes,7.0,2.0,MEDIUM,7.0,False,93.599,22.227,44.395,26.977,,1,,True,False,True,,,8.5,30.571428571428573,50.2961038961039,False
2026,Austria,FP1,ANT,12,Mercedes,8.0,2.0,MEDIUM,8.0,False,69.001,17.009,30.96,21.032,,1,,True,False,True,,,8.5,30.571428571428573,50.2961038961039,False
2026,Austria,FP1,ANT,12,Mercedes,9.0,2.0,MEDIUM,9.0,False,110.155,26.882,45.597,37.676,,1,,False,True,True,,,8.5,30.571428571428573,50.2961038961039,False
2026,Austria,FP1,ANT,12,Mercedes,10.0,3.0,MEDIUM,10.0,False,,,43.374,25.661,,1,,False,True,True,,,8.5,30.571428571428573,50.2961038961039,False
2026,Austria,FP1,ANT,12,Mercedes,11.0,3.0,MEDIUM,11.0,False,68.448,16.832,30.723,20.893,,1,,True,False,True,,,8.5,30.571428571428573,50.2961038961039,False
2026,Austria,FP1,ANT,12,Mercedes,12.0,3.0,MEDIUM,12.0,False,89.577,21.13,35.825,32.622,,1,,False,True,True,,,8.5,30.571428571428573,50.2961038961039,False
2026,Austria,FP1,ANT,12,Mercedes,13.0,4.0,SOFT,1.0,True,,,41.878,25.669,,1,,False,True,True,,,8.5,30.571428571428573,50.2961038961039,False
2026,Austria,FP1,ANT,12,Mercedes,14.0,4.0,SOFT,2.0,True,67.796,16.742,30.304,20.75,,1,,True,False,True,,,8.5,30.571428571428573,50.2961038961039,False
2026,Austria,FP1,ANT,12,Mercedes,15.0,4.0,SOFT,3.0,True,101.759,22.184,42.993,36.582,,1,,False,True,True,,,8.5,30.571428571428573,50.2961038961039,False
2026,Austria,FP1,ANT,12,Mercedes,16.0,5.0,MEDIUM,13.0,False,,,35.654,31.265,,1,,False,True,True,,,8.5,30.571428571428573,50.2961038961039,False
2026,Austria,FP1,ANT,12,Mercedes,17.0,5.0,MEDIUM,14.0,False,71.666,17.463,32.133,22.07,,1,,True,False,True,,,8.5,30.571428571428573,50.2961038961039,False
2026,Austria,FP1,ANT,12,Mercedes,18.0,5.0,MEDIUM,15.0,False,71.367,17.435,31.943,21.989,,1,,True,False,True,,,8.5,30.571428571428573,50.2961038961039,False
2026,Austria,FP1,ANT,12,Mercedes,19.0,5.0,MEDIUM,16.0,False,73.009,18.551,32.484,21.974,,1,,True,False,True,,,8.5,30.571428571428573,50.2961038961039,False
2026,Austria,FP1,ANT,12,Mercedes,20.0,5.0,MEDIUM,17.0,False,71.83,17.508,32.254,22.068,,12,,True,False,False,,,8.5,30.571428571428573,50.2961038961039,False
2026,Austria,FP1,ANT,12,Mercedes,21.0,5.0,MEDIUM,18.0,False,71.569,17.494,32.151,21.924,,1,,True,False,True,,,8.5,30.571428571428573,50.2961038961039,False
2026,Austria,FP1,ANT,12,Mercedes,22.0,5.0,MEDIUM,19.0,False,71.651,17.589,32.08,21.982,,1,,True,False,True,,,8.5,30.571428571428573,50.2961038961039,False
2026,Austria,FP1,ANT,12,Mercedes,23.0,5.0,MEDIUM,20.0,False,71.852,17.534,32.196,22.122,,1,,True,False,True,,,8.5,30.571428571428573,50.2961038961039,False
2026,Austria,FP1,ANT,12,Mercedes,24.0,5.0,MEDIUM,21.0,False,71.865,17.529,32.22,22.116,,1,,True,False,True,,,8.5,30.571428571428573,50.2961038961039,False
2026,Austria,FP1,ANT,12,Mercedes,25.0,5.0,MEDIUM,22.0,False,74.093,19.055,32.759,22.279,,1,,True,False,True,,,8.5,30.571428571428573,50.2961038961039,False
2026,Austria,FP1,ANT,12,Mercedes,26.0,5.0,MEDIUM,23.0,False,71.985,17.475,32.305,22.205,,1,,True,False,True,,,8.5,30.571428571428573,50.2961038961039,False
2026,Austria,FP1,ANT,12,Mercedes,27.0,5.0,MEDIUM,24.0,False,71.959,17.456,32.257,22.246,,1,,True,False,True,,,8.5,30.571428571428573,50.2961038961039,False
2026,Austria,FP1,ANT,12,Mercedes,28.0,5.0,MEDIUM,25.0,False,77.042,17.495,32.506,27.041,,1,,True,False,True,,,8.5,30.571428571428573,50.2961038961039,False
2026,Austria,FP1,ANT,12,Mercedes,29.0,5.0,MEDIUM,26.0,False,99.066,22.047,42.71,34.309,,1,,False,True,True,,,8.5,30.571428571428573,50.2961038961039,False
2026,Austria,FP1,ALO,14,Aston Martin,1.0,1.0,HARD,1.0,True,,,38.059,28.372,,1,,False,True,True,,,8.5,30.571428571428573,50.2961038961039,False
2026,Austria,FP1,ALO,14,Aston Martin,2.0,1.0,HARD,2.0,True,73.024,17.963,32.405,22.656,,1,,True,False,True,,,8.5,30.571428571428573,50.2961038961039,False
2026,Austria,FP1,ALO,14,Aston Martin,3.0,1.0,HARD,3.0,True,99.638,25.725,41.742,32.171,,1,,True,False,True,,,8.5,30.571428571428573,50.2961038961039,False
2026,Austria,FP1,ALO,14,Aston Martin,4.0,1.0,HARD,4.0,True,72.269,17.867,32.115,22.287,,1,,True,False,True,,,8.5,30.571428571428573,50.2961038961039,False
2026,Austria,FP1,ALO,14,Aston Martin,5.0,1.0,HARD,5.0,True,106.796,29.866,49.55,27.38,,1,,True,False,True,,,8.5,30.571428571428573,50.2961038961039,False
2026,Austria,FP1,ALO,14,Aston Martin,6.0,1.0,HARD,6.0,True,72.294,17.916,32.093,22.285,,1,,True,False,True,,,8.5,30.571428571428573,50.2961038961039,False
2026,Austria,FP1,ALO,14,Aston Martin,7.0,1.0,HARD,7.0,True,118.908,31.187,58.397,29.324,,1,,True,False,True,,,8.5,30.571428571428573,50.2961038961039,False
2026,Austria,FP1,ALO,14,Aston Martin,8.0,1.0,HARD,8.0,True,94.791,17.984,41.401,35.406,,1,,False,True,True,,,8.5,30.571428571428573,50.2961038961039,False
2026,Austria,FP1,ALO,14,Aston Martin,9.0,2.0,HARD,9.0,False,,,37.622,25.611,,1,,False,True,True,,,8.5,30.571428571428573,50.2961038961039,False
2026,Austria,FP1,ALO,14,Aston Martin,10.0,2.0,HARD,10.0,False,72.876,17.948,32.399,22.529,,1,,True,False,True,,,8.5,30.571428571428573,50.2961038961039,False
2026,Austria,FP1,ALO,14,Aston Martin,11.0,2.0,HARD,11.0,False,100.067,27.932,45.576,26.559,,1,,True,False,True,,,8.5,30.571428571428573,50.2961038961039,False
2026,Austria,FP1,ALO,14,Aston Martin,12.0,2.0,HARD,12.0,False,77.318,17.905,32.095,27.318,,1,,True,False,True,,,8.5,30.571428571428573,50.2961038961039,False
2026,Austria,FP1,ALO,14,Aston Martin,13.0,2.0,HARD,13.0,False,89.296,22.834,39.765,26.697,,1,,True,False,True,,,8.5,30.571428571428573,50.2961038961039,False
2026,Austria,FP1,ALO,14,Aston Martin,14.0,2.0,HARD,14.0,False,72.902,17.996,32.37,22.536,,1,,True,False,True,,,8.5,30.571428571428573,50.2961038961039,False
2026,Austria,FP1,ALO,14,Aston Martin,15.0,2.0,HARD,15.0,False,89.699,20.223,39.944,29.532,,1,,False,True,True,,,8.5,30.571428571428573,50.2961038961039,False
2026,Austria,FP1,ALO,14,Aston Martin,16.0,3.0,SOFT,1.0,True,,,39.702,28.101,,12,,False,True,False,,,8.5,30.571428571428573,50.2961038961039,False
2026,Austria,FP1,ALO,14,Aston Martin,17.0,3.0,SOFT,2.0,True,71.333,17.741,31.62,21.972,,1,,True,False,True,,,8.5,30.571428571428573,50.2961038961039,False
2026,Austria,FP1,ALO,14,Aston Martin,18.0,3.0,SOFT,3.0,True,121.096,29.335,51.696,40.065,,1,,False,True,True,,,8.5,30.571428571428573,50.2961038961039,False
2026,Austria,FP1,ALO,14,Aston Martin,19.0,4.0,SOFT,4.0,False,122.902,46.154,46.682,30.066,,1,,False,True,True,,,8.5,30.571428571428573,50.2961038961039,False
2026,Austria,FP1,ALO,14,Aston Martin,20.0,4.0,SOFT,5.0,False,95.434,20.84,41.31,33.284,,1,,True,False,True,,,8.5,30.571428571428573,50.2961038961039,False
2026,Austria,FP1,ALO,14,Aston Martin,21.0,4.0,SOFT,6.0,False,88.73,17.781,38.418,32.531,,1,,False,True,True,,,8.5,30.571428571428573,50.2961038961039,False
2026,Austria,FP1,ALB,23,Williams,1.0,1.0,HARD,1.0,True,,,40.844,24.497,,1,,False,True,True,,,8.5,30.571428571428573,50.2961038961039,False
2026,Austria,FP1,ALB,23,Williams,2.0,1.0,HARD,2.0,True,71.316,17.488,31.672,22.156,,1,,True,False,True,,,8.5,30.571428571428573,50.2961038961039,False
2026,Austria,FP1,ALB,23,Williams,3.0,1.0,HARD,3.0,True,100.93,23.494,52.885,24.551,,1,,True,False,True,,,8.5,30.571428571428573,50.2961038961039,False
2026,Austria,FP1,ALB,23,Williams,4.0,1.0,HARD,4.0,True,71.285,17.298,31.642,22.345,,1,,True,False,True,,,8.5,30.571428571428573,50.2961038961039,False
2026,Austria,FP1,ALB,23,Williams,5.0,1.0,HARD,5.0,True,112.778,27.385,48.714,36.679,,1,,False,True,True,,,8.5,30.571428571428573,50.2961038961039,False
2026,Austria,FP1,ALB,23,Williams,6.0,2.0,HARD,6.0,False,112.842,48.58,40.433,23.829,,1,,False,True,True,,,8.5,30.571428571428573,50.2961038961039,False
2026,Austria,FP1,ALB,23,Williams,7.0,2.0,HARD,7.0,False,70.853,17.287,31.552,22.014,,1,,True,False,True,,,8.5,30.571428571428573,50.2961038961039,False
2026,Austria,FP1,ALB,23,Williams,8.0,2.0,HARD,8.0,False,106.964,26.472,49.413,31.079,,1,,True,False,True,,,8.5,30.571428571428573,50.2961038961039,False
2026,Austria,FP1,ALB,23,Williams,9.0,2.0,HARD,9.0,False,85.308,20.547,40.135,24.626,,1,,True,False,True,,,8.5,30.571428571428573,50.2961038961039,False
2026,Austria,FP1,ALB,23,Williams,10.0,2.0,HARD,10.0,False,84.377,17.327,36.554,30.496,,1,,True,False,True,,,8.5,30.571428571428573,50.2961038961039,False
2026,Austria,FP1,ALB,23,Williams,11.0,2.0,HARD,11.0,False,89.84,23.877,40.174,25.789,,1,,True,False,True,,,8.5,30.571428571428573,50.2961038961039,False
2026,Austria,FP1,ALB,23,Williams,12.0,2.0,HARD,12.0,False,70.699,17.219,31.526,21.954,,1,,True,False,True,,,8.5,30.571428571428573,50.2961038961039,False
2026,Austria,FP1,ALB,23,Williams,13.0,2.0,HARD,13.0,False,97.399,24.315,44.271,28.813,,1,,True,False,True,,,8.5,30.571428571428573,50.2961038961039,False
2026,Austria,FP1,ALB,23,Williams,14.0,2.0,HARD,14.0,False,89.436,21.097,43.608,24.731,,1,,True,False,True,,,8.5,30.571428571428573,50.2961038961039,False
2026,Austria,FP1,ALB,23,Williams,15.0,2.0,HARD,15.0,False,70.607,17.243,31.435,21.929,,1,,True,False,True,,,8.5,30.571428571428573,50.2961038961039,False
2026,Austria,FP1,ALB,23,Williams,16.0,2.0,HARD,16.0,False,88.862,21.978,38.667,28.217,,1,,False,True,True,,,8.5,30.571428571428573,50.2961038961039,False
2026,Austria,FP1,ALB,23,Williams,17.0,3.0,SOFT,1.0,True,,,36.176,23.693,,1,,False,True,True,,,8.5,30.571428571428573,50.2961038961039,False
2026,Austria,FP1,ALB,23,Williams,18.0,3.0,SOFT,2.0,True,69.644,17.167,30.977,21.5,,1,,True,False,True,,,8.5,30.571428571428573,50.2961038961039,False
2026,Austria,FP1,ALB,23,Williams,19.0,3.0,SOFT,3.0,True,116.782,29.852,52.369,34.561,,1,,True,False,True,,,8.5,30.571428571428573,50.2961038961039,False
2026,Austria,FP1,ALB,23,Williams,20.0,3.0,SOFT,4.0,True,96.706,24.585,48.407,23.714,,1,,True,False,True,,,8.5,30.571428571428573,50.2961038961039,False
2026,Austria,FP1,ALB,23,Williams,21.0,3.0,SOFT,5.0,True,69.831,17.184,31.073,21.574,,1,,True,False,True,,,8.5,30.571428571428573,50.2961038961039,False
2026,Austria,FP1,ALB,23,Williams,22.0,3.0,SOFT,6.0,True,93.942,21.768,41.288,30.886,,1,,False,True,True,,,8.5,30.571428571428573,50.2961038961039,False
2026,Austria,FP1,ALB,23,Williams,23.0,4.0,SOFT,7.0,False,,,33.933,23.066,,12,,False,True,False,,,8.5,30.571428571428573,50.2961038961039,False
2026,Austria,FP1,ALB,23,Williams,24.0,4.0,SOFT,8.0,False,72.579,17.599,32.357,22.623,,1,,True,False,True,,,8.5,30.571428571428573,50.2961038961039,False
2026,Austria,FP1,ALB,23,Williams,25.0,4.0,SOFT,9.0,False,72.785,17.693,32.477,22.615,,1,,True,False,True,,,8.5,30.571428571428573,50.2961038961039,False
2026,Austria,FP1,ALB,23,Williams,26.0,4.0,SOFT,10.0,False,72.785,17.65,32.497,22.638,,1,,True,False,True,,,8.5,30.571428571428573,50.2961038961039,False
2026,Austria,FP1,ALB,23,Williams,27.0,4.0,SOFT,11.0,False,73.301,17.821,32.739,22.741,,1,,True,False,True,,,8.5,30.571428571428573,50.2961038961039,False
2026,Austria,FP1,ALB,23,Williams,28.0,4.0,SOFT,12.0,False,73.33,17.753,32.752,22.825,,1,,True,False,True,,,8.5,30.571428571428573,50.2961038961039,False
2026,Austria,FP1,ALB,23,Williams,29.0,4.0,SOFT,13.0,False,74.015,17.778,33.207,23.03,,1,,True,False,True,,,8.5,30.571428571428573,50.2961038961039,False
2026,Austria,FP1,ALB,23,Williams,30.0,4.0,SOFT,14.0,False,75.593,18.3,33.551,23.742,,12,,True,False,False,,,8.5,30.571428571428573,50.2961038961039,False
2026,Austria,FP1,HUL,27,Audi,1.0,1.0,MEDIUM,1.0,True,,,38.628,26.114,,1,,False,True,True,,,8.5,30.571428571428573,50.2961038961039,False
2026,Austria,FP1,HUL,27,Audi,2.0,1.0,MEDIUM,2.0,True,72.541,17.588,33.007,21.946,,1,,True,False,True,,,8.5,30.571428571428573,50.2961038961039,False
2026,Austria,FP1,HUL,27,Audi,3.0,1.0,MEDIUM,3.0,True,102.262,25.887,46.13,30.245,,1,,True,False,True,,,8.5,30.571428571428573,50.2961038961039,False
2026,Austria,FP1,HUL,27,Audi,4.0,1.0,MEDIUM,4.0,True,70.557,17.245,31.599,21.713,,1,,True,False,True,,,8.5,30.571428571428573,50.2961038961039,False
2026,Austria,FP1,HUL,27,Audi,5.0,1.0,MEDIUM,5.0,True,102.299,25.855,44.975,31.469,,1,,True,False,True,,,8.5,30.571428571428573,50.2961038961039,False
2026,Austria,FP1,HUL,27,Audi,6.0,1.0,MEDIUM,6.0,True,99.835,26.507,45.779,27.549,,1,,True,False,True,,,8.5,30.571428571428573,50.2961038961039,False
2026,Austria,FP1,HUL,27,Audi,7.0,1.0,MEDIUM,7.0,True,84.839,17.268,32.856,34.715,,1,,False,True,True,,,8.5,30.571428571428573,50.2961038961039,False
2026,Austria,FP1,HUL,27,Audi,8.0,2.0,MEDIUM,8.0,False,,,41.894,25.908,,1,,False,True,True,,,8.5,30.571428571428573,50.2961038961039,False
2026,Austria,FP1,HUL,27,Audi,9.0,2.0,MEDIUM,9.0,False,70.425,17.366,31.492,21.567,,1,,True,False,True,,,8.5,30.571428571428573,50.2961038961039,False
2026,Austria,FP1,HUL,27,Audi,10.0,2.0,MEDIUM,10.0,False,103.015,25.26,46.626,31.129,,1,,True,False,True,,,8.5,30.571428571428573,50.2961038961039,False
2026,Austria,FP1,HUL,27,Audi,11.0,2.0,MEDIUM,11.0,False,94.993,24.09,39.555,31.348,,1,,True,False,True,,,8.5,30.571428571428573,50.2961038961039,False
2026,Austria,FP1,HUL,27,Audi,12.0,2.0,MEDIUM,12.0,False,70.282,17.214,31.634,21.434,,1,,True,False,True,,,8.5,30.571428571428573,50.2961038961039,False
2026,Austria,FP1,HUL,27,Audi,13.0,2.0,MEDIUM,13.0,False,78.237,18.516,33.613,26.108,,1,,False,True,True,,,8.5,30.571428571428573,50.2961038961039,False
2026,Austria,FP1,HUL,27,Audi,14.0,3.0,SOFT,1.0,True,,,44.1,25.387,,1,,False,True,True,,,8.5,30.571428571428573,50.2961038961039,False
2026,Austria,FP1,HUL,27,Audi,15.0,3.0,SOFT,2.0,True,69.165,16.984,30.962,21.219,,1,,True,False,True,,,8.5,30.571428571428573,50.2961038961039,False
2026,Austria,FP1,HUL,27,Audi,16.0,3.0,SOFT,3.0,True,102.247,24.968,41.856,35.423,,1,,False,True,True,,,8.5,30.571428571428573,50.2961038961039,False
2026,Austria,FP1,HUL,27,Audi,17.0,4.0,SOFT,4.0,False,,,42.311,26.419,,1,,False,True,True,,,8.5,30.571428571428573,50.2961038961039,False
2026,Austria,FP1,HUL,27,Audi,18.0,4.0,SOFT,5.0,False,69.994,17.173,31.501,21.32,,1,,True,False,True,,,8.5,30.571428571428573,50.2961038961039,False
2026,Austria,FP1,HUL,27,Audi,19.0,4.0,SOFT,6.0,False,81.609,18.356,36.658,26.595,,1,,False,True,True,,,8.5,30.571428571428573,50.2961038961039,False
2026,Austria,FP1,HUL,27,Audi,20.0,5.0,MEDIUM,14.0,False,,,34.03,22.618,,12,,False,True,False,,,8.5,30.571428571428573,50.2961038961039,False
2026,Austria,FP1,HUL,27,Audi,21.0,5.0,MEDIUM,15.0,False,73.396,18.117,32.64,22.639,,1,,True,False,True,,,8.5,30.571428571428573,50.2961038961039,False
2026,Austria,FP1,HUL,27,Audi,22.0,5.0,MEDIUM,16.0,False,72.257,17.696,32.327,22.234,,1,,True,False,True,,,8.5,30.571428571428573,50.2961038961039,False
2026,Austria,FP1,HUL,27,Audi,23.0,5.0,MEDIUM,17.0,False,72.099,17.373,32.511,22.215,,1,,True,False,True,,,8.5,30.571428571428573,50.2961038961039,False
2026,Austria,FP1,HUL,27,Audi,24.0,5.0,MEDIUM,18.0,False,72.379,17.388,32.468,22.523,,1,,True,False,True,,,8.5,30.571428571428573,50.2961038961039,False
2026,Austria,FP1,HUL,27,Audi,25.0,5.0,MEDIUM,19.0,False,72.683,17.533,32.623,22.527,,1,,True,False,True,,,8.5,30.571428571428573,50.2961038961039,False
2026,Austria,FP1,HUL,27,Audi,26.0,5.0,MEDIUM,20.0,False,74.247,18.182,33.362,22.703,,1,,True,False,True,,,8.5,30.571428571428573,50.2961038961039,False
2026,Austria,FP1,HUL,27,Audi,27.0,5.0,MEDIUM,21.0,False,75.023,17.67,33.168,24.185,,1,,True,False,True,,,8.5,30.571428571428573,50.2961038961039,False
2026,Austria,FP1,HUL,27,Audi,28.0,5.0,MEDIUM,22.0,False,73.689,17.931,33.058,22.7,,1,,True,False,True,,,8.5,30.571428571428573,50.2961038961039,False
2026,Austria,FP1,HUL,27,Audi,29.0,5.0,MEDIUM,23.0,False,73.969,17.802,33.146,23.021,,1,,True,False,True,,,8.5,30.571428571428573,50.2961038961039,False
2026,Austria,FP1,HUL,27,Audi,30.0,5.0,MEDIUM,24.0,False,,17.787,34.23,,,125,,False,True,False,,,8.5,30.571428571428573,50.2961038961039,False
2026,Austria,FP1,CRA,34,Aston Martin,1.0,1.0,HARD,1.0,True,,,36.7,28.391,,1,,False,True,True,,,8.5,30.571428571428573,50.2961038961039,False
2026,Austria,FP1,CRA,34,Aston Martin,2.0,1.0,HARD,2.0,True,74.532,18.226,33.053,23.253,,1,,True,False,True,,,8.5,30.571428571428573,50.2961038961039,False
2026,Austria,FP1,CRA,34,Aston Martin,3.0,1.0,HARD,3.0,True,100.537,21.661,42.723,36.153,,1,,False,True,True,,,8.5,30.571428571428573,50.2961038961039,False
2026,Austria,FP1,CRA,34,Aston Martin,4.0,2.0,HARD,4.0,False,,,40.654,26.107,,1,,False,True,True,,,8.5,30.571428571428573,50.2961038961039,False
2026,Austria,FP1,CRA,34,Aston Martin,5.0,2.0,HARD,5.0,False,74.068,18.08,33.397,22.591,,1,,True,False,True,,,8.5,30.571428571428573,50.2961038961039,False
2026,Austria,FP1,CRA,34,Aston Martin,6.0,2.0,HARD,6.0,False,100.958,28.393,42.063,30.502,,1,,True,False,True,,,8.5,30.571428571428573,50.2961038961039,False
2026,Austria,FP1,CRA,34,Aston Martin,7.0,2.0,HARD,7.0,False,72.93,17.974,32.61,22.346,,1,,True,False,True,,,8.5,30.571428571428573,50.2961038961039,False
2026,Austria,FP1,CRA,34,Aston Martin,8.0,2.0,HARD,8.0,False,101.629,27.493,45.938,28.198,,1,,True,False,True,,,8.5,30.571428571428573,50.2961038961039,False
2026,Austria,FP1,CRA,34,Aston Martin,9.0,2.0,HARD,9.0,False,72.24,17.841,32.228,22.171,,1,,True,False,True,,,8.5,30.571428571428573,50.2961038961039,False
2026,Austria,FP1,CRA,34,Aston Martin,10.0,2.0,HARD,10.0,False,112.981,25.546,46.227,41.208,,1,,False,True,True,,,8.5,30.571428571428573,50.2961038961039,False
2026,Austria,FP1,CRA,34,Aston Martin,11.0,3.0,HARD,11.0,False,,,40.951,31.821,,1,,False,True,True,,,8.5,30.571428571428573,50.2961038961039,False
2026,Austria,FP1,CRA,34,Aston Martin,12.0,3.0,HARD,12.0,False,72.363,17.972,32.22,22.171,,1,,True,False,True,,,8.5,30.571428571428573,50.2961038961039,False
2026,Austria,FP1,CRA,34,Aston Martin,13.0,3.0,HARD,13.0,False,108.118,28.833,50.261,29.024,,1,,True,False,True,,,8.5,30.571428571428573,50.2961038961039,False
2026,Austria,FP1,CRA,34,Aston Martin,14.0,3.0,HARD,14.0,False,72.495,17.947,32.335,22.213,,1,,True,False,True,,,8.5,30.571428571428573,50.2961038961039,False
2026,Austria,FP1,CRA,34,Aston Martin,15.0,3.0,HARD,15.0,False,112.965,27.978,56.034,28.953,,1,,True,False,True,,,8.5,30.571428571428573,50.2961038961039,False
2026,Austria,FP1,CRA,34,Aston Martin,16.0,3.0,HARD,16.0,False,72.211,17.795,32.202,22.214,,1,,True,False,True,,,8.5,30.571428571428573,50.2961038961039,False
2026,Austria,FP1,CRA,34,Aston Martin,17.0,3.0,HARD,17.0,False,106.515,25.033,42.891,38.591,,1,,False,True,True,,,8.5,30.571428571428573,50.2961038961039,False
2026,Austria,FP1,CRA,34,Aston Martin,18.0,4.0,SOFT,1.0,True,,,39.309,27.884,,12,,False,True,False,,,8.5,30.571428571428573,50.2961038961039,False
2026,Austria,FP1,CRA,34,Aston Martin,19.0,4.0,SOFT,2.0,True,100.344,18.34,52.931,29.073,,1,,True,False,True,,,8.5,30.571428571428573,50.2961038961039,False
2026,Austria,FP1,CRA,34,Aston Martin,20.0,4.0,SOFT,3.0,True,71.202,17.737,31.835,21.63,,1,,True,False,True,,,8.5,30.571428571428573,50.2961038961039,False
2026,Austria,FP1,CRA,34,Aston Martin,21.0,4.0,SOFT,4.0,True,114.152,27.364,49.408,37.38,,1,,False,True,True,,,8.5,30.571428571428573,50.2961038961039,False
2026,Austria,FP1,CRA,34,Aston Martin,22.0,5.0,SOFT,5.0,False,,52.711,54.284,,,125,,False,True,False,,,8.5,30.571428571428573,50.2961038961039,False
2026,Austria,FP1,BEG,38,Ferrari,1.0,1.0,MEDIUM,1.0,True,,,54.616,31.382,,1,,False,True,True,,,8.5,30.571428571428573,50.2961038961039,False
2026,Austria,FP1,BEG,38,Ferrari,2.0,1.0,MEDIUM,2.0,True,84.134,22.748,36.451,24.935,,1,,True,False,True,,,8.5,30.571428571428573,50.2961038961039,False
2026,Austria,FP1,BEG,38,Ferrari,3.0,1.0,MEDIUM,3.0,True,88.224,20.404,35.009,32.811,,1,,False,True,True,,,8.5,30.571428571428573,50.2961038961039,False
2026,Austria,FP1,BEG,38,Ferrari,4.0,2.0,MEDIUM,4.0,False,,,41.469,25.539,,1,,False,True,True,,,8.5,30.571428571428573,50.2961038961039,False
2026,Austria,FP1,BEG,38,Ferrari,5.0,2.0,MEDIUM,5.0,False,72.322,17.773,32.129,22.42,,1,,True,False,True,,,8.5,30.571428571428573,50.2961038961039,False
2026,Austria,FP1,BEG,38,Ferrari,6.0,2.0,MEDIUM,6.0,False,93.872,22.404,44.165,27.303,,1,,True,False,True,,,8.5,30.571428571428573,50.2961038961039,False
2026,Austria,FP1,BEG,38,Ferrari,7.0,2.0,MEDIUM,7.0,False,70.856,17.4,31.693,21.763,,1,,True,False,True,,,8.5,30.571428571428573,50.2961038961039,False
2026,Austria,FP1,BEG,38,Ferrari,8.0,2.0,MEDIUM,8.0,False,97.092,23.33,43.493,30.269,,1,,True,False,True,,,8.5,30.571428571428573,50.2961038961039,False
2026,Austria,FP1,BEG,38,Ferrari,9.0,2.0,MEDIUM,9.0,False,69.871,17.167,31.306,21.398,,1,,True,False,True,,,8.5,30.571428571428573,50.2961038961039,False
2026,Austria,FP1,BEG,38,Ferrari,10.0,2.0,MEDIUM,10.0,False,92.39,21.762,44.233,26.395,,1,,True,False,True,,,8.5,30.571428571428573,50.2961038961039,False
2026,Austria,FP1,BEG,38,Ferrari,11.0,2.0,MEDIUM,11.0,False,70.005,17.204,31.371,21.43,,1,,True,False,True,,,8.5,30.571428571428573,50.2961038961039,False
2026,Austria,FP1,BEG,38,Ferrari,12.0,2.0,MEDIUM,12.0,False,98.636,21.503,44.93,32.203,,1,,True,False,True,,,8.5,30.571428571428573,50.2961038961039,False
2026,Austria,FP1,BEG,38,Ferrari,13.0,2.0,MEDIUM,13.0,False,100.391,25.589,45.471,29.331,,1,,True,False,True,,,8.5,30.571428571428573,50.2961038961039,False
2026,Austria,FP1,BEG,38,Ferrari,14.0,2.0,MEDIUM,14.0,False,97.786,21.804,45.756,30.226,,1,,False,True,True,,,8.5,30.571428571428573,50.2961038961039,False
2026,Austria,FP1,BEG,38,Ferrari,15.0,3.0,SOFT,1.0,True,,,39.077,32.691,,12,,False,True,False,,,8.5,30.571428571428573,50.2961038961039,False
2026,Austria,FP1,BEG,38,Ferrari,16.0,3.0,SOFT,2.0,True,85.856,17.08,37.678,31.098,,1,,True,False,True,,,8.5,30.571428571428573,50.2961038961039,False
2026,Austria,FP1,BEG,38,Ferrari,17.0,3.0,SOFT,3.0,True,97.908,23.779,47.184,26.945,,1,,True,False,True,,,8.5,30.571428571428573,50.2961038961039,False
2026,Austria,FP1,BEG,38,Ferrari,18.0,3.0,SOFT,4.0,True,69.054,17.173,30.793,21.088,,1,,True,False,True,,,8.5,30.571428571428573,50.2961038961039,False
2026,Austria,FP1,BEG,38,Ferrari,19.0,3.0,SOFT,5.0,True,97.371,22.55,43.027,31.794,,1,,True,False,True,,,8.5,30.571428571428573,50.2961038961039,False
2026,Austria,FP1,BEG,38,Ferrari,20.0,3.0,SOFT,6.0,True,94.523,24.603,42.825,27.095,,1,,True,False,True,,,8.5,30.571428571428573,50.2961038961039,False
2026,Austria,FP1,BEG,38,Ferrari,21.0,3.0,SOFT,7.0,True,69.565,17.192,31.048,21.325,,1,,True,False,True,,,8.5,30.571428571428573,50.2961038961039,False
2026,Austria,FP1,BEG,38,Ferrari,22.0,3.0,SOFT,8.0,True,100.21,22.606,45.36,32.244,,1,,True,False,True,,,8.5,30.571428571428573,50.2961038961039,False
2026,Austria,FP1,BEG,38,Ferrari,23.0,3.0,SOFT,9.0,True,98.249,23.412,45.704,29.133,,1,,True,False,True,,,8.5,30.571428571428573,50.2961038961039,False
2026,Austria,FP1,BEG,38,Ferrari,24.0,3.0,SOFT,10.0,True,70.345,17.135,31.698,21.512,,1,,True,False,True,,,8.5,30.571428571428573,50.2961038961039,False
2026,Austria,FP1,BEG,38,Ferrari,25.0,3.0,SOFT,11.0,True,94.226,21.759,45.892,26.575,,12,,True,False,False,,,8.5,30.571428571428573,50.2961038961039,False
2026,Austria,FP1,BEG,38,Ferrari,26.0,3.0,SOFT,12.0,True,,17.315,,,,25,,False,True,False,,,8.5,30.571428571428573,50.2961038961039,False
2026,Austria,FP1,LIN,41,Racing Bulls,1.0,1.0,HARD,1.0,True,,,40.933,28.399,,1,,False,True,True,,,8.5,30.571428571428573,50.2961038961039,False
2026,Austria,FP1,LIN,41,Racing Bulls,2.0,1.0,HARD,2.0,True,72.263,17.824,32.246,22.193,,1,,True,False,True,,,8.5,30.571428571428573,50.2961038961039,False
2026,Austria,FP1,LIN,41,Racing Bulls,3.0,1.0,HARD,3.0,True,100.197,22.7,48.093,29.404,,1,,True,False,True,,,8.5,30.571428571428573,50.2961038961039,False
2026,Austria,FP1,LIN,41,Racing Bulls,4.0,1.0,HARD,4.0,True,70.425,17.294,31.535,21.596,,1,,True,False,True,,,8.5,30.571428571428573,50.2961038961039,False
2026,Austria,FP1,LIN,41,Racing Bulls,5.0,1.0,HARD,5.0,True,99.302,22.159,48.45,28.693,,1,,True,False,True,,,8.5,30.571428571428573,50.2961038961039,False
2026,Austria,FP1,LIN,41,Racing Bulls,6.0,1.0,HARD,6.0,True,72.291,17.221,33.449,21.621,,1,,True,False,True,,,8.5,30.571428571428573,50.2961038961039,False
2026,Austria,FP1,LIN,41,Racing Bulls,7.0,1.0,HARD,7.0,True,93.52,22.273,43.692,27.555,,1,,False,True,True,,,8.5,30.571428571428573,50.2961038961039,False
2026,Austria,FP1,LIN,41,Racing Bulls,8.0,2.0,HARD,8.0,False,,,38.919,24.826,,1,,False,True,True,,,8.5,30.571428571428573,50.2961038961039,False
2026,Austria,FP1,LIN,41,Racing Bulls,9.0,2.0,HARD,9.0,False,70.629,17.279,31.715,21.635,,1,,True,False,True,,,8.5,30.571428571428573,50.2961038961039,False
2026,Austria,FP1,LIN,41,Racing Bulls,10.0,2.0,HARD,10.0,False,98.095,21.691,41.161,35.243,,1,,True,False,True,,,8.5,30.571428571428573,50.2961038961039,False
2026,Austria,FP1,LIN,41,Racing Bulls,11.0,2.0,HARD,11.0,False,100.381,26.631,47.211,26.539,,1,,True,False,True,,,8.5,30.571428571428573,50.2961038961039,False
2026,Austria,FP1,LIN,41,Racing Bulls,12.0,2.0,HARD,12.0,False,70.02,17.175,31.422,21.423,,1,,True,False,True,,,8.5,30.571428571428573,50.2961038961039,False
2026,Austria,FP1,LIN,41,Racing Bulls,13.0,2.0,HARD,13.0,False,96.278,27.183,42.857,26.238,,1,,False,True,True,,,8.5,30.571428571428573,50.2961038961039,False
2026,Austria,FP1,LIN,41,Racing Bulls,14.0,3.0,SOFT,1.0,True,,,43.805,23.506,,1,,False,True,True,,,8.5,30.571428571428573,50.2961038961039,False
2026,Austria,FP1,LIN,41,Racing Bulls,15.0,3.0,SOFT,2.0,True,68.726,16.936,30.703,21.087,,1,,True,False,True,,,8.5,30.571428571428573,50.2961038961039,False
2026,Austria,FP1,LIN,41,Racing Bulls,16.0,3.0,SOFT,3.0,True,84.427,22.194,36.791,25.442,,1,,False,True,True,,,8.5,30.571428571428573,50.2961038961039,False
2026,Austria,FP1,LIN,41,Racing Bulls,17.0,4.0,SOFT,4.0,False,,,43.724,22.62,,12,,False,True,False,,,8.5,30.571428571428573,50.2961038961039,False
2026,Austria,FP1,LIN,41,Racing Bulls,18.0,4.0,SOFT,5.0,False,92.789,22.75,41.649,28.39,,12,,False,True,False,,,8.5,30.571428571428573,50.2961038961039,False
2026,Austria,FP1,COL,43,Alpine,1.0,1.0,MEDIUM,1.0,True,,,42.056,25.128,,1,,False,True,True,,,8.5,30.571428571428573,50.2961038961039,False
2026,Austria,FP1,COL,43,Alpine,2.0,1.0,MEDIUM,2.0,True,71.721,17.446,31.867,22.408,,1,,True,False,True,,,8.5,30.571428571428573,50.2961038961039,False
2026,Austria,FP1,COL,43,Alpine,3.0,1.0,MEDIUM,3.0,True,113.368,22.783,49.232,41.353,,1,,False,True,True,,,8.5,30.571428571428573,50.2961038961039,False
2026,Austria,FP1,COL,43,Alpine,4.0,2.0,MEDIUM,4.0,False,122.386,51.591,45.282,25.513,,1,,False,True,True,,,8.5,30.571428571428573,50.2961038961039,False
2026,Austria,FP1,COL,43,Alpine,5.0,2.0,MEDIUM,5.0,False,71.126,17.456,31.689,21.981,,1,,True,False,True,,,8.5,30.571428571428573,50.2961038961039,False
2026,Austria,FP1,COL,43,Alpine,6.0,2.0,MEDIUM,6.0,False,129.468,25.22,56.329,47.919,,1,,True,False,True,,,8.5,30.571428571428573,50.2961038961039,False
2026,Austria,FP1,COL,43,Alpine,7.0,2.0,MEDIUM,7.0,False,103.267,32.97,45.011,25.286,,1,,True,False,True,,,8.5,30.571428571428573,50.2961038961039,False
2026,Austria,FP1,COL,43,Alpine,8.0,2.0,MEDIUM,8.0,False,70.45,17.452,31.396,21.602,,1,,True,False,True,,,8.5,30.571428571428573,50.2961038961039,False
2026,Austria,FP1,COL,43,Alpine,9.0,2.0,MEDIUM,9.0,False,91.845,22.774,39.128,29.943,,1,,False,True,True,,,8.5,30.571428571428573,50.2961038961039,False
2026,Austria,FP1,COL,43,Alpine,10.0,3.0,MEDIUM,10.0,False,134.722,67.101,41.264,26.357,,1,,False,True,True,,,8.5,30.571428571428573,50.2961038961039,False
2026,Austria,FP1,COL,43,Alpine,11.0,3.0,MEDIUM,11.0,False,71.15,17.452,31.335,22.363,,1,,True,False,True,,,8.5,30.571428571428573,50.2961038961039,False
2026,Austria,FP1,COL,43,Alpine,12.0,3.0,MEDIUM,12.0,False,100.416,22.865,44.524,33.027,,1,,False,True,True,,,8.5,30.571428571428573,50.2961038961039,False
2026,Austria,FP1,COL,43,Alpine,13.0,4.0,SOFT,1.0,True,,,42.226,24.903,,1,,False,True,True,,,8.5,30.571428571428573,50.2961038961039,False
2026,Austria,FP1,COL,43,Alpine,14.0,4.0,SOFT,2.0,True,68.962,17.021,30.864,21.077,,1,,True,False,True,,,8.5,30.571428571428573,50.2961038961039,False
2026,Austria,FP1,COL,43,Alpine,15.0,4.0,SOFT,3.0,True,123.982,26.509,50.871,46.602,,1,,False,True,True,,,8.5,30.571428571428573,50.2961038961039,False
2026,Austria,FP1,COL,43,Alpine,16.0,5.0,SOFT,4.0,False,133.635,61.571,44.52,27.544,,1,,False,True,True,,,8.5,30.571428571428573,50.2961038961039,False
2026,Austria,FP1,COL,43,Alpine,17.0,5.0,SOFT,5.0,False,68.989,17.073,30.909,21.007,,1,,True,False,True,,,8.5,30.571428571428573,50.2961038961039,False
2026,Austria,FP1,COL,43,Alpine,18.0,5.0,SOFT,6.0,False,86.157,20.277,38.398,27.482,,1,,False,True,True,,,8.5,30.571428571428573,50.2961038961039,False
2026,Austria,FP1,COL,43,Alpine,19.0,6.0,SOFT,7.0,False,113.753,44.127,36.671,32.955,,12,,False,True,False,,,8.5,30.571428571428573,50.2961038961039,False
2026,Austria,FP1,COL,43,Alpine,20.0,7.0,MEDIUM,13.0,False,,,36.24,23.119,,1,,False,True,True,,,8.5,30.571428571428573,50.2961038961039,False
2026,Austria,FP1,COL,43,Alpine,21.0,7.0,MEDIUM,14.0,False,72.53,17.48,32.434,22.616,,1,,True,False,True,,,8.5,30.571428571428573,50.2961038961039,False
2026,Austria,FP1,COL,43,Alpine,22.0,7.0,MEDIUM,15.0,False,72.789,17.599,32.679,22.511,,1,,True,False,True,,,8.5,30.571428571428573,50.2961038961039,False
2026,Austria,FP1,COL,43,Alpine,23.0,7.0,MEDIUM,16.0,False,72.355,17.545,32.528,22.282,,1,,True,False,True,,,8.5,30.571428571428573,50.2961038961039,False
2026,Austria,FP1,COL,43,Alpine,24.0,7.0,MEDIUM,17.0,False,73.151,17.799,32.787,22.565,,1,,True,False,True,,,8.5,30.571428571428573,50.2961038961039,False
2026,Austria,FP1,COL,43,Alpine,25.0,7.0,MEDIUM,18.0,False,73.069,17.718,32.873,22.478,,1,,True,False,True,,,8.5,30.571428571428573,50.2961038961039,False
2026,Austria,FP1,COL,43,Alpine,26.0,7.0,MEDIUM,19.0,False,73.281,17.698,32.983,22.6,,1,,True,False,True,,,8.5,30.571428571428573,50.2961038961039,False
2026,Austria,FP1,COL,43,Alpine,27.0,7.0,MEDIUM,20.0,False,,17.769,33.394,,,125,,False,True,False,,,8.5,30.571428571428573,50.2961038961039,False
2026,Austria,FP1,HAM,44,Ferrari,1.0,1.0,MEDIUM,1.0,True,,,42.554,30.953,,1,,False,True,True,,,8.5,30.571428571428573,50.2961038961039,False
2026,Austria,FP1,HAM,44,Ferrari,2.0,1.0,MEDIUM,2.0,True,77.463,18.428,35.368,23.667,,1,,True,False,True,,,8.5,30.571428571428573,50.2961038961039,False
2026,Austria,FP1,HAM,44,Ferrari,3.0,1.0,MEDIUM,3.0,True,76.373,19.345,34.23,22.798000000000002,,1,,True,False,True,,,8.5,30.571428571428573,50.2961038961039,False
2026,Austria,FP1,HAM,44,Ferrari,4.0,1.0,MEDIUM,4.0,True,86.043,19.553,35.739,30.751,,1,,False,True,True,,,8.5,30.571428571428573,50.2961038961039,False
2026,Austria,FP1,HAM,44,Ferrari,5.0,2.0,MEDIUM,5.0,False,,,44.066,26.096,,1,,False,True,True,,,8.5,30.571428571428573,50.2961038961039,False
2026,Austria,FP1,HAM,44,Ferrari,6.0,2.0,MEDIUM,6.0,False,70.011,17.249,31.344,21.418,,1,,True,False,True,,,8.5,30.571428571428573,50.2961038961039,False
2026,Austria,FP1,HAM,44,Ferrari,7.0,2.0,MEDIUM,7.0,False,116.998,27.99,53.466,35.542,,1,,True,False,True,,,8.5,30.571428571428573,50.2961038961039,False
2026,Austria,FP1,HAM,44,Ferrari,8.0,2.0,MEDIUM,8.0,False,98.638,25.362,44.831,28.445,,1,,True,False,True,,,8.5,30.571428571428573,50.2961038961039,False
2026,Austria,FP1,HAM,44,Ferrari,9.0,2.0,MEDIUM,9.0,False,84.408,17.269,41.875,25.264,,1,,True,False,True,,,8.5,30.571428571428573,50.2961038961039,False
2026,Austria,FP1,HAM,44,Ferrari,10.0,2.0,MEDIUM,10.0,False,83.646,17.402,38.046,28.198,,1,,True,False,True,,,8.5,30.571428571428573,50.2961038961039,False
2026,Austria,FP1,HAM,44,Ferrari,11.0,2.0,MEDIUM,11.0,False,70.161,17.392,31.32,21.449,,1,,True,False,True,,,8.5,30.571428571428573,50.2961038961039,False
2026,Austria,FP1,HAM,44,Ferrari,12.0,2.0,MEDIUM,12.0,False,111.948,26.293,53.909,31.746,,1,,True,False,True,,,8.5,30.571428571428573,50.2961038961039,False
2026,Austria,FP1,HAM,44,Ferrari,13.0,2.0,MEDIUM,13.0,False,69.543,17.28,31.065,21.198,,1,,True,False,True,,,8.5,30.571428571428573,50.2961038961039,False
2026,Austria,FP1,HAM,44,Ferrari,14.0,2.0,MEDIUM,14.0,False,80.087,18.791,33.844,27.452,,1,,False,True,True,,,8.5,30.571428571428573,50.2961038961039,False
2026,Austria,FP1,HAM,44,Ferrari,15.0,3.0,SOFT,1.0,True,,,40.586,25.309,,1,,False,True,True,,,8.5,30.571428571428573,50.2961038961039,False
2026,Austria,FP1,HAM,44,Ferrari,16.0,3.0,SOFT,2.0,True,68.549,17.004,30.585,20.96,,1,,True,False,True,,,8.5,30.571428571428573,50.2961038961039,False
2026,Austria,FP1,HAM,44,Ferrari,17.0,3.0,SOFT,3.0,True,120.772,28.71,53.919,38.143,,12,,True,False,False,,,8.5,30.571428571428573,50.2961038961039,False
2026,Austria,FP1,HAM,44,Ferrari,18.0,3.0,SOFT,4.0,True,112.262,28.585,53.851,29.826,,1,,True,False,True,,,8.5,30.571428571428573,50.2961038961039,False
2026,Austria,FP1,HAM,44,Ferrari,19.0,3.0,SOFT,5.0,True,68.461,16.95,30.514,20.997,,1,,True,False,True,,,8.5,30.571428571428573,50.2961038961039,False
2026,Austria,FP1,HAM,44,Ferrari,20.0,3.0,SOFT,6.0,True,85.779,18.507,35.752,31.52,,1,,False,True,True,,,8.5,30.571428571428573,50.2961038961039,False
2026,Austria,FP1,HAM,44,Ferrari,21.0,4.0,MEDIUM,15.0,False,,,33.801,22.674,,1,,False,True,True,,,8.5,30.571428571428573,50.2961038961039,False
2026,Austria,FP1,HAM,44,Ferrari,22.0,4.0,MEDIUM,16.0,False,72.171,17.571,32.5,22.1,,1,,True,False,True,,,8.5,30.571428571428573,50.2961038961039,False
2026,Austria,FP1,HAM,44,Ferrari,23.0,4.0,MEDIUM,17.0,False,72.166,17.63,32.436,22.1,,1,,True,False,True,,,8.5,30.571428571428573,50.2961038961039,False
2026,Austria,FP1,HAM,44,Ferrari,24.0,4.0,MEDIUM,18.0,False,71.949,17.567,32.376,22.006,,1,,True,False,True,,,8.5,30.571428571428573,50.2961038961039,False
2026,Austria,FP1,HAM,44,Ferrari,25.0,4.0,MEDIUM,19.0,False,,17.455,32.56,,,125,,False,True,False,,,8.5,30.571428571428573,50.2961038961039,False
2026,Austria,FP1,BRO,46,Williams,1.0,1.0,HARD,1.0,True,,,48.083,37.473,,1,,False,True,True,,,8.5,30.571428571428573,50.2961038961039,False
2026,Austria,FP1,BRO,46,Williams,2.0,2.0,HARD,2.0,False,,,44.408,30.091,,1,,False,True,True,,,8.5,30.571428571428573,50.2961038961039,False
2026,Austria,FP1,BRO,46,Williams,3.0,2.0,HARD,3.0,False,88.463,20.376,34.317,33.77,,1,,False,True,True,,,8.5,30.571428571428573,50.2961038961039,False
2026,Austria,FP1,BRO,46,Williams,4.0,3.0,HARD,4.0,False,,,36.683,24.446,,1,,False,True,True,,,8.5,30.571428571428573,50.2961038961039,False
2026,Austria,FP1,BRO,46,Williams,5.0,3.0,HARD,5.0,False,91.629,17.554,40.431,33.644,,1,,True,False,True,,,8.5,30.571428571428573,50.2961038961039,False
2026,Austria,FP1,BRO,46,Williams,6.0,3.0,HARD,6.0,False,73.348,17.892,32.786,22.67,,1,,True,False,True,,,8.5,30.571428571428573,50.2961038961039,False
2026,Austria,FP1,BRO,46,Williams,7.0,3.0,HARD,7.0,False,103.331,24.645,52.107,26.579,,1,,True,False,True,,,8.5,30.571428571428573,50.2961038961039,False
2026,Austria,FP1,BRO,46,Williams,8.0,3.0,HARD,8.0,False,72.085,17.649,32.242,22.194,,1,,True,False,True,,,8.5,30.571428571428573,50.2961038961039,False
2026,Austria,FP1,BRO,46,Williams,9.0,3.0,HARD,9.0,False,107.339,28.211,51.75,27.378,,1,,True,False,True,,,8.5,30.571428571428573,50.2961038961039,False
2026,Austria,FP1,BRO,46,Williams,10.0,3.0,HARD,10.0,False,72.045,17.596,31.957,22.492,,1,,True,False,True,,,8.5,30.571428571428573,50.2961038961039,False
2026,Austria,FP1,BRO,46,Williams,11.0,3.0,HARD,11.0,False,102.979,23.644,53.09,26.245,,1,,True,False,True,,,8.5,30.571428571428573,50.2961038961039,False
2026,Austria,FP1,BRO,46,Williams,12.0,3.0,HARD,12.0,False,71.428,17.421,32.015,21.992,,1,,True,False,True,,,8.5,30.571428571428573,50.2961038961039,False
2026,Austria,FP1,BRO,46,Williams,13.0,3.0,HARD,13.0,False,112.219,29.303,51.2,31.716,,1,,True,False,True,,,8.5,30.571428571428573,50.2961038961039,False
2026,Austria,FP1,BRO,46,Williams,14.0,3.0,HARD,14.0,False,77.541,17.487,31.832,28.222,,1,,False,True,True,,,8.5,30.571428571428573,50.2961038961039,False
2026,Austria,FP1,BRO,46,Williams,15.0,4.0,SOFT,1.0,True,115.077,49.601,40.283,25.193,,1,,False,True,True,,,8.5,30.571428571428573,50.2961038961039,False
2026,Austria,FP1,BRO,46,Williams,16.0,4.0,SOFT,2.0,True,98.148,25.667,46.9,25.581,,1,,True,False,True,,,8.5,30.571428571428573,50.2961038961039,False
2026,Austria,FP1,BRO,46,Williams,17.0,4.0,SOFT,3.0,True,69.979,17.267,31.297,21.415,,1,,True,False,True,,,8.5,30.571428571428573,50.2961038961039,False
2026,Austria,FP1,BRO,46,Williams,18.0,4.0,SOFT,4.0,True,119.637,26.336,52.979,40.322,,12,,False,True,False,,,8.5,30.571428571428573,50.2961038961039,False
2026,Austria,FP1,BRO,46,Williams,19.0,5.0,SOFT,5.0,False,113.665,41.068,48.076,24.521,,1,,False,True,True,,,8.5,30.571428571428573,50.2961038961039,False
2026,Austria,FP1,BRO,46,Williams,20.0,5.0,SOFT,6.0,False,96.966,20.641,42.768,33.557,,1,,False,True,True,,,8.5,30.571428571428573,50.2961038961039,False
2026,Austria,FP1,BRO,46,Williams,21.0,6.0,HARD,15.0,False,116.218,56.829,36.146,23.243,,1,,False,True,True,,,8.5,30.571428571428573,50.2961038961039,False
2026,Austria,FP1,BRO,46,Williams,22.0,6.0,HARD,16.0,False,71.997,17.539,32.24,22.218,,1,,True,False,True,,,8.5,30.571428571428573,50.2961038961039,False
2026,Austria,FP1,BRO,46,Williams,23.0,6.0,HARD,17.0,False,72.431,17.446,32.491,22.494,,1,,True,False,True,,,8.5,30.571428571428573,50.2961038961039,False
2026,Austria,FP1,BRO,46,Williams,24.0,6.0,HARD,18.0,False,72.54,17.54,32.495,22.505,,1,,True,False,True,,,8.5,30.571428571428573,50.2961038961039,False
2026,Austria,FP1,BRO,46,Williams,25.0,6.0,HARD,19.0,False,72.621,17.603,32.541,22.477,,1,,True,False,True,,,8.5,30.571428571428573,50.2961038961039,False
2026,Austria,FP1,BRO,46,Williams,26.0,6.0,HARD,20.0,False,72.66,17.579,32.585,22.496,,1,,True,False,True,,,8.5,30.571428571428573,50.2961038961039,False
2026,Austria,FP1,BRO,46,Williams,27.0,6.0,HARD,21.0,False,73.213,17.677,32.799,22.737,,1,,True,False,True,,,8.5,30.571428571428573,50.2961038961039,False
2026,Austria,FP1,BRO,46,Williams,28.0,6.0,HARD,22.0,False,73.351,17.77,32.814,22.767,,12,,True,False,False,,,8.5,30.571428571428573,50.2961038961039,False
2026,Austria,FP1,BRO,46,Williams,29.0,6.0,HARD,23.0,False,,17.774,,,,25,,False,True,False,,,8.5,30.571428571428573,50.2961038961039,False
2026,Austria,FP1,HIR,50,Haas F1 Team,1.0,1.0,MEDIUM,1.0,True,,,47.159,35.384,,1,,False,True,True,,,8.5,30.571428571428573,50.2961038961039,False
2026,Austria,FP1,HIR,50,Haas F1 Team,2.0,1.0,MEDIUM,2.0,True,76.419,18.334,33.853,24.232,,1,,True,False,True,,,8.5,30.571428571428573,50.2961038961039,False
2026,Austria,FP1,HIR,50,Haas F1 Team,3.0,1.0,MEDIUM,3.0,True,98.343,22.576,42.304,33.463,,1,,False,True,True,,,8.5,30.571428571428573,50.2961038961039,False
2026,Austria,FP1,HIR,50,Haas F1 Team,4.0,2.0,MEDIUM,4.0,False,149.222,81.909,40.019,27.294,,1,,False,True,True,,,8.5,30.571428571428573,50.2961038961039,False
2026,Austria,FP1,HIR,50,Haas F1 Team,5.0,2.0,MEDIUM,5.0,False,74.771,18.097,33.432,23.242,,1,,True,False,True,,,8.5,30.571428571428573,50.2961038961039,False
2026,Austria,FP1,HIR,50,Haas F1 Team,6.0,2.0,MEDIUM,6.0,False,96.72,23.787,40.807,32.126,,1,,False,True,True,,,8.5,30.571428571428573,50.2961038961039,False
2026,Austria,FP1,HIR,50,Haas F1 Team,7.0,3.0,MEDIUM,7.0,False,,,38.028,22.897,,1,,False,True,True,,,8.5,30.571428571428573,50.2961038961039,False
2026,Austria,FP1,HIR,50,Haas F1 Team,8.0,3.0,MEDIUM,8.0,False,72.489,17.505,32.775,22.209,,1,,True,False,True,,,8.5,30.571428571428573,50.2961038961039,False
2026,Austria,FP1,HIR,50,Haas F1 Team,9.0,3.0,MEDIUM,9.0,False,72.484,17.546,32.598,22.34,,1,,True,False,True,,,8.5,30.571428571428573,50.2961038961039,False
2026,Austria,FP1,HIR,50,Haas F1 Team,10.0,3.0,MEDIUM,10.0,False,72.185,17.522,32.502,22.161,,1,,True,False,True,,,8.5,30.571428571428573,50.2961038961039,False
2026,Austria,FP1,HIR,50,Haas F1 Team,11.0,3.0,MEDIUM,11.0,False,101.901,22.804,45.485,33.612,,1,,False,True,True,,,8.5,30.571428571428573,50.2961038961039,False
2026,Austria,FP1,HIR,50,Haas F1 Team,12.0,4.0,MEDIUM,12.0,False,,,39.263,22.908,,1,,False,True,True,,,8.5,30.571428571428573,50.2961038961039,False
2026,Austria,FP1,HIR,50,Haas F1 Team,13.0,4.0,MEDIUM,13.0,False,73.185,17.586,32.849,22.75,,1,,True,False,True,,,8.5,30.571428571428573,50.2961038961039,False
2026,Austria,FP1,HIR,50,Haas F1 Team,14.0,4.0,MEDIUM,14.0,False,72.978,17.762,32.781,22.435,,1,,True,False,True,,,8.5,30.571428571428573,50.2961038961039,False
2026,Austria,FP1,HIR,50,Haas F1 Team,15.0,4.0,MEDIUM,15.0,False,129.602,34.212,65.508,29.882,,1,,True,False,True,,,8.5,30.571428571428573,50.2961038961039,False
2026,Austria,FP1,HIR,50,Haas F1 Team,16.0,4.0,MEDIUM,16.0,False,71.927,17.604,32.084,22.239,,1,,True,False,True,,,8.5,30.571428571428573,50.2961038961039,False
2026,Austria,FP1,HIR,50,Haas F1 Team,17.0,4.0,MEDIUM,17.0,False,91.774,22.055,36.769,32.95,,1,,False,True,True,,,8.5,30.571428571428573,50.2961038961039,False
2026,Austria,FP1,HIR,50,Haas F1 Team,18.0,5.0,SOFT,1.0,True,,,52.032,26.322,,12,,False,True,False,,,8.5,30.571428571428573,50.2961038961039,False
2026,Austria,FP1,HIR,50,Haas F1 Team,19.0,5.0,SOFT,2.0,True,70.493,17.392,31.293,21.808,,1,,True,False,True,,,8.5,30.571428571428573,50.2961038961039,False
2026,Austria,FP1,HIR,50,Haas F1 Team,20.0,5.0,SOFT,3.0,True,115.542,26.278,48.612,40.652,,1,,False,True,True,,,8.5,30.571428571428573,50.2961038961039,False
2026,Austria,FP1,HIR,50,Haas F1 Team,21.0,6.0,SOFT,4.0,False,,,75.193,28.553,,1,,False,True,True,,,8.5,30.571428571428573,50.2961038961039,False
2026,Austria,FP1,HIR,50,Haas F1 Team,22.0,6.0,SOFT,5.0,False,70.753,17.381,31.552,21.82,,1,,True,False,True,,,8.5,30.571428571428573,50.2961038961039,False
2026,Austria,FP1,HIR,50,Haas F1 Team,23.0,6.0,SOFT,6.0,False,,40.815,,,,125,,False,True,False,,,8.5,30.571428571428573,50.2961038961039,False
2026,Austria,FP1,RUS,63,Mercedes,1.0,1.0,MEDIUM,1.0,True,,,42.063,29.065,,1,,False,True,True,,,8.5,30.571428571428573,50.2961038961039,False
2026,Austria,FP1,RUS,63,Mercedes,2.0,1.0,MEDIUM,2.0,True,70.407,17.025,31.835,21.547,,1,,True,False,True,,,8.5,30.571428571428573,50.2961038961039,False
2026,Austria,FP1,RUS,63,Mercedes,3.0,1.0,MEDIUM,3.0,True,122.221,31.791,54.26,36.17,,1,,False,True,True,,,8.5,30.571428571428573,50.2961038961039,False
2026,Austria,FP1,RUS,63,Mercedes,4.0,2.0,MEDIUM,4.0,False,123.903,45.517,46.593,31.793,,1,,False,True,True,,,8.5,30.571428571428573,50.2961038961039,False
2026,Austria,FP1,RUS,63,Mercedes,5.0,2.0,MEDIUM,5.0,False,69.161,17.028,31.145,20.988,,1,,True,False,True,,,8.5,30.571428571428573,50.2961038961039,False
2026,Austria,FP1,RUS,63,Mercedes,6.0,2.0,MEDIUM,6.0,False,128.537,31.099,56.011,41.427,,1,,True,False,True,,,8.5,30.571428571428573,50.2961038961039,False
2026,Austria,FP1,RUS,63,Mercedes,7.0,2.0,MEDIUM,7.0,False,111.474,31.453,53.227,26.794,,1,,True,False,True,,,8.5,30.571428571428573,50.2961038961039,False
2026,Austria,FP1,RUS,63,Mercedes,8.0,2.0,MEDIUM,8.0,False,68.898,17.012,30.875,21.011,,1,,True,False,True,,,8.5,30.571428571428573,50.2961038961039,False
2026,Austria,FP1,RUS,63,Mercedes,9.0,2.0,MEDIUM,9.0,False,127.243,29.475,58.146,39.622,,1,,True,False,True,,,8.5,30.571428571428573,50.2961038961039,False
2026,Austria,FP1,RUS,63,Mercedes,10.0,2.0,MEDIUM,10.0,False,121.333,33.117,53.372,34.844,,1,,True,False,True,,,8.5,30.571428571428573,50.2961038961039,False
2026,Austria,FP1,RUS,63,Mercedes,11.0,2.0,MEDIUM,11.0,False,68.74,16.961,30.925,20.854,,1,,True,False,True,,,8.5,30.571428571428573,50.2961038961039,False
2026,Austria,FP1,RUS,63,Mercedes,12.0,2.0,MEDIUM,12.0,False,95.996,23.187,40.021,32.788,,1,,False,True,True,,,8.5,30.571428571428573,50.2961038961039,False
2026,Austria,FP1,RUS,63,Mercedes,13.0,3.0,SOFT,1.0,True,,,44.776,27.505,,1,,False,True,True,,,8.5,30.571428571428573,50.2961038961039,False
2026,Austria,FP1,RUS,63,Mercedes,14.0,3.0,SOFT,2.0,True,67.915,16.841,30.459,20.615,,1,,True,False,True,,,8.5,30.571428571428573,50.2961038961039,False
2026,Austria,FP1,RUS,63,Mercedes,15.0,3.0,SOFT,3.0,True,131.206,31.237,57.299,42.67,,1,,True,False,True,,,8.5,30.571428571428573,50.2961038961039,False
2026,Austria,FP1,RUS,63,Mercedes,16.0,3.0,SOFT,4.0,True,129.635,37.891,56.676,35.068,,1,,True,False,True,,,8.5,30.571428571428573,50.2961038961039,False
2026,Austria,FP1,RUS,63,Mercedes,17.0,3.0,SOFT,5.0,True,67.836,16.869,30.44,20.527,,1,,True,False,True,,,8.5,30.571428571428573,50.2961038961039,False
2026,Austria,FP1,RUS,63,Mercedes,18.0,3.0,SOFT,6.0,True,84.268,20.17,36.768,27.33,,1,,False,True,True,,,8.5,30.571428571428573,50.2961038961039,False
2026,Austria,FP1,RUS,63,Mercedes,19.0,4.0,MEDIUM,13.0,False,,,33.804,22.237,,12,,False,True,False,,,8.5,30.571428571428573,50.2961038961039,False
2026,Austria,FP1,RUS,63,Mercedes,20.0,4.0,MEDIUM,14.0,False,71.385,17.491,32.014,21.88,,1,,True,False,True,,,8.5,30.571428571428573,50.2961038961039,False
2026,Austria,FP1,RUS,63,Mercedes,21.0,4.0,MEDIUM,15.0,False,71.181,17.411,31.956,21.814,,1,,True,False,True,,,8.5,30.571428571428573,50.2961038961039,False
2026,Austria,FP1,RUS,63,Mercedes,22.0,4.0,MEDIUM,16.0,False,71.213,17.373,31.97,21.87,,1,,True,False,True,,,8.5,30.571428571428573,50.2961038961039,False
2026,Austria,FP1,RUS,63,Mercedes,23.0,4.0,MEDIUM,17.0,False,71.366,17.428,32.033,21.905,,1,,True,False,True,,,8.5,30.571428571428573,50.2961038961039,False
2026,Austria,FP1,RUS,63,Mercedes,24.0,4.0,MEDIUM,18.0,False,71.243,17.483,31.926,21.834,,1,,True,False,True,,,8.5,30.571428571428573,50.2961038961039,False
2026,Austria,FP1,RUS,63,Mercedes,25.0,4.0,MEDIUM,19.0,False,71.851,17.61,32.187,22.054,,1,,True,False,True,,,8.5,30.571428571428573,50.2961038961039,False
2026,Austria,FP1,RUS,63,Mercedes,26.0,4.0,MEDIUM,20.0,False,71.887,17.532,32.365,21.99,,1,,True,False,True,,,8.5,30.571428571428573,50.2961038961039,False
2026,Austria,FP1,RUS,63,Mercedes,27.0,4.0,MEDIUM,21.0,False,72.215,17.691,32.517,22.007,,1,,True,False,True,,,8.5,30.571428571428573,50.2961038961039,False
2026,Austria,FP1,RUS,63,Mercedes,28.0,4.0,MEDIUM,22.0,False,78.689,18.413,36.03,24.246,,1,,True,False,True,,,8.5,30.571428571428573,50.2961038961039,False
2026,Austria,FP1,RUS,63,Mercedes,29.0,4.0,MEDIUM,23.0,False,73.328,18.201,32.761,22.366,,1,,True,False,True,,,8.5,30.571428571428573,50.2961038961039,False
2026,Austria,FP1,RUS,63,Mercedes,30.0,4.0,MEDIUM,24.0,False,78.921,17.698,33.212,28.011,,1,,False,True,True,,,8.5,30.571428571428573,50.2961038961039,False
2026,Austria,FP1,BOT,77,Cadillac,1.0,1.0,HARD,1.0,True,,,38.361,25.528,,1,,False,True,True,,,8.5,30.571428571428573,50.2961038961039,False
2026,Austria,FP1,BOT,77,Cadillac,2.0,1.0,HARD,2.0,True,81.012,18.165,36.849,25.998,,1,,True,False,True,,,8.5,30.571428571428573,50.2961038961039,False
2026,Austria,FP1,BOT,77,Cadillac,3.0,1.0,HARD,3.0,True,72.379,17.608,32.154,22.617,,1,,True,False,True,,,8.5,30.571428571428573,50.2961038961039,False
2026,Austria,FP1,BOT,77,Cadillac,4.0,1.0,HARD,4.0,True,110.002,25.231,57.557,27.214,,1,,True,False,True,,,8.5,30.571428571428573,50.2961038961039,False
2026,Austria,FP1,BOT,77,Cadillac,5.0,1.0,HARD,5.0,True,90.365,17.477,45.683,27.205,,1,,True,False,True,,,8.5,30.571428571428573,50.2961038961039,False
2026,Austria,FP1,BOT,77,Cadillac,6.0,1.0,HARD,6.0,True,71.438,17.389,31.924,22.125,,1,,True,False,True,,,8.5,30.571428571428573,50.2961038961039,False
2026,Austria,FP1,BOT,77,Cadillac,7.0,1.0,HARD,7.0,True,90.011,22.362,37.817,29.832,,1,,False,True,True,,,8.5,30.571428571428573,50.2961038961039,False
2026,Austria,FP1,BOT,77,Cadillac,8.0,2.0,HARD,8.0,False,,,42.027,29.796,,1,,False,True,True,,,8.5,30.571428571428573,50.2961038961039,False
2026,Austria,FP1,BOT,77,Cadillac,9.0,2.0,HARD,9.0,False,71.116,17.352,31.731,22.033,,1,,True,False,True,,,8.5,30.571428571428573,50.2961038961039,False
2026,Austria,FP1,BOT,77,Cadillac,10.0,2.0,HARD,10.0,False,108.979,26.677,53.378,28.924,,1,,True,False,True,,,8.5,30.571428571428573,50.2961038961039,False
2026,Austria,FP1,BOT,77,Cadillac,11.0,2.0,HARD,11.0,False,71.069,17.344,31.554,22.171,,1,,True,False,True,,,8.5,30.571428571428573,50.2961038961039,False
2026,Austria,FP1,BOT,77,Cadillac,12.0,2.0,HARD,12.0,False,97.315,20.628,43.766,32.921,,1,,False,True,True,,,8.5,30.571428571428573,50.2961038961039,False
2026,Austria,FP1,BOT,77,Cadillac,13.0,3.0,SOFT,1.0,True,,,40.758,24.602,,12,,False,True,False,,,8.5,30.571428571428573,50.2961038961039,False
2026,Austria,FP1,BOT,77,Cadillac,14.0,3.0,SOFT,2.0,True,69.521,17.072,30.925,21.524,,1,,True,False,True,,,8.5,30.571428571428573,50.2961038961039,False
2026,Austria,FP1,BOT,77,Cadillac,15.0,3.0,SOFT,3.0,True,90.538,23.257,36.487,30.794,,1,,False,True,True,,,8.5,30.571428571428573,50.2961038961039,False
2026,Austria,FP1,BOT,77,Cadillac,16.0,4.0,SOFT,4.0,False,,,33.884,23.326,,1,,False,True,True,,,8.5,30.571428571428573,50.2961038961039,False
2026,Austria,FP1,BOT,77,Cadillac,17.0,4.0,SOFT,5.0,False,72.81,17.701,32.401,22.708,,1,,True,False,True,,,8.5,30.571428571428573,50.2961038961039,False
2026,Austria,FP1,BOT,77,Cadillac,18.0,4.0,SOFT,6.0,False,73.402,17.841,32.666,22.895,,1,,True,False,True,,,8.5,30.571428571428573,50.2961038961039,False
2026,Austria,FP1,BOT,77,Cadillac,19.0,4.0,SOFT,7.0,False,73.403,17.747,32.835,22.821,,1,,True,False,True,,,8.5,30.571428571428573,50.2961038961039,False
2026,Austria,FP1,BOT,77,Cadillac,20.0,4.0,SOFT,8.0,False,73.346,17.62,32.765,22.961,,1,,True,False,True,,,8.5,30.571428571428573,50.2961038961039,False
2026,Austria,FP1,BOT,77,Cadillac,21.0,4.0,SOFT,9.0,False,,17.612,34.706,,,125,,False,True,False,,,8.5,30.571428571428573,50.2961038961039,False
2026,Austria,FP1,PIA,81,McLaren,1.0,1.0,MEDIUM,1.0,True,,,43.457,34.115,,1,,False,True,True,,,8.5,30.571428571428573,50.2961038961039,False
2026,Austria,FP1,PIA,81,McLaren,2.0,2.0,MEDIUM,2.0,False,,98.587,38.382,32.125,,1,,False,True,True,,,8.5,30.571428571428573,50.2961038961039,False
2026,Austria,FP1,PIA,81,McLaren,3.0,3.0,MEDIUM,3.0,False,,,35.704,24.239,,1,,False,True,True,,,8.5,30.571428571428573,50.2961038961039,False
2026,Austria,FP1,PIA,81,McLaren,4.0,3.0,MEDIUM,4.0,False,69.333,17.074,31.04,21.219,,1,,True,False,True,,,8.5,30.571428571428573,50.2961038961039,False
2026,Austria,FP1,PIA,81,McLaren,5.0,3.0,MEDIUM,5.0,False,98.87,26.501,46.474,25.895,,1,,True,False,True,,,8.5,30.571428571428573,50.2961038961039,False
2026,Austria,FP1,PIA,81,McLaren,6.0,3.0,MEDIUM,6.0,False,69.376,17.093,31.239,21.044,,1,,True,False,True,,,8.5,30.571428571428573,50.2961038961039,False
2026,Austria,FP1,PIA,81,McLaren,7.0,3.0,MEDIUM,7.0,False,93.586,23.271,38.544,31.771,,1,,False,True,True,,,8.5,30.571428571428573,50.2961038961039,False
2026,Austria,FP1,PIA,81,McLaren,8.0,4.0,MEDIUM,8.0,False,147.965,71.231,44.952,31.782,,1,,False,True,True,,,8.5,30.571428571428573,50.2961038961039,False
2026,Austria,FP1,PIA,81,McLaren,9.0,4.0,MEDIUM,9.0,False,68.971,17.086,30.931,20.954,,1,,True,False,True,,,8.5,30.571428571428573,50.2961038961039,False
2026,Austria,FP1,PIA,81,McLaren,10.0,4.0,MEDIUM,10.0,False,97.053,25.921,41.132,30.0,,1,,True,False,True,,,8.5,30.571428571428573,50.2961038961039,False
2026,Austria,FP1,PIA,81,McLaren,11.0,4.0,MEDIUM,11.0,False,95.632,27.357,41.553,26.722,,1,,True,False,True,,,8.5,30.571428571428573,50.2961038961039,False
2026,Austria,FP1,PIA,81,McLaren,12.0,4.0,MEDIUM,12.0,False,69.221,17.046,31.162,21.013,,1,,True,False,True,,,8.5,30.571428571428573,50.2961038961039,False
2026,Austria,FP1,PIA,81,McLaren,13.0,4.0,MEDIUM,13.0,False,100.529,22.813,44.143,33.573,,1,,False,True,True,,,8.5,30.571428571428573,50.2961038961039,False
2026,Austria,FP1,PIA,81,McLaren,14.0,5.0,SOFT,1.0,True,,,41.82,23.94,,12,,False,True,False,,,8.5,30.571428571428573,50.2961038961039,False
2026,Austria,FP1,PIA,81,McLaren,15.0,5.0,SOFT,2.0,True,67.913,16.878,30.383,20.652,,1,,True,False,True,,,8.5,30.571428571428573,50.2961038961039,False
2026,Austria,FP1,PIA,81,McLaren,16.0,5.0,SOFT,3.0,True,96.027,23.654,43.568,28.805,,1,,True,False,True,,,8.5,30.571428571428573,50.2961038961039,False
2026,Austria,FP1,PIA,81,McLaren,17.0,5.0,SOFT,4.0,True,107.59,26.262,48.951,32.377,,1,,True,False,True,,,8.5,30.571428571428573,50.2961038961039,False
2026,Austria,FP1,PIA,81,McLaren,18.0,5.0,SOFT,5.0,True,68.871,17.236,30.707,20.928,,1,,True,False,True,,,8.5,30.571428571428573,50.2961038961039,False
2026,Austria,FP1,PIA,81,McLaren,19.0,5.0,SOFT,6.0,True,85.911,19.46,38.222,28.229,,1,,False,True,True,,,8.5,30.571428571428573,50.2961038961039,False
2026,Austria,FP1,PIA,81,McLaren,20.0,6.0,MEDIUM,14.0,False,90.369,35.989,32.576,21.804,,1,,False,True,True,,,8.5,30.571428571428573,50.2961038961039,False
2026,Austria,FP1,PIA,81,McLaren,21.0,6.0,MEDIUM,15.0,False,70.445,17.09,31.885,21.47,,1,,True,False,True,,,8.5,30.571428571428573,50.2961038961039,False
2026,Austria,FP1,PIA,81,McLaren,22.0,6.0,MEDIUM,16.0,False,70.445,17.147,31.81,21.488,,1,,True,False,True,,,8.5,30.571428571428573,50.2961038961039,False
2026,Austria,FP1,PIA,81,McLaren,23.0,6.0,MEDIUM,17.0,False,69.946,17.083,31.529,21.334,,1,,True,False,True,,,8.5,30.571428571428573,50.2961038961039,False
2026,Austria,FP1,PIA,81,McLaren,24.0,6.0,MEDIUM,18.0,False,71.122,17.196,31.902,22.024,,1,,True,False,True,,,8.5,30.571428571428573,50.2961038961039,False
2026,Austria,FP1,PIA,81,McLaren,25.0,6.0,MEDIUM,19.0,False,71.097,17.638,31.922,21.537,,12,,True,False,False,,,8.5,30.571428571428573,50.2961038961039,False
2026,Austria,FP1,BEA,87,Haas F1 Team,1.0,1.0,MEDIUM,1.0,True,,,43.13,27.791,,1,,False,True,True,,,8.5,30.571428571428573,50.2961038961039,False
2026,Austria,FP1,BEA,87,Haas F1 Team,2.0,1.0,MEDIUM,2.0,True,71.936,17.646,31.893,22.397,,1,,True,False,True,,,8.5,30.571428571428573,50.2961038961039,False
2026,Austria,FP1,BEA,87,Haas F1 Team,3.0,1.0,MEDIUM,3.0,True,,40.81,81.432,30.679,,1,,False,False,True,,,8.5,30.571428571428573,50.2961038961039,False
2026,Austria,FP1,BEA,87,Haas F1 Team,4.0,1.0,MEDIUM,4.0,True,70.907,17.46,31.557,21.89,,1,,True,False,True,,,8.5,30.571428571428573,50.2961038961039,False
2026,Austria,FP1,BEA,87,Haas F1 Team,5.0,1.0,MEDIUM,5.0,True,99.338,23.08,43.853,32.405,,1,,False,True,True,,,8.5,30.571428571428573,50.2961038961039,False
2026,Austria,FP1,BEA,87,Haas F1 Team,6.0,2.0,MEDIUM,6.0,False,,,43.683,31.91,,1,,False,True,True,,,8.5,30.571428571428573,50.2961038961039,False
2026,Austria,FP1,BEA,87,Haas F1 Team,7.0,2.0,MEDIUM,7.0,False,70.452,17.213,31.506,21.733,,1,,True,False,True,,,8.5,30.571428571428573,50.2961038961039,False
2026,Austria,FP1,BEA,87,Haas F1 Team,8.0,2.0,MEDIUM,8.0,False,,36.839,69.166,49.529,,1,,False,True,True,,,8.5,30.571428571428573,50.2961038961039,False
2026,Austria,FP1,BEA,87,Haas F1 Team,9.0,3.0,MEDIUM,9.0,False,,72.832,48.753,29.892,,1,,False,True,True,,,8.5,30.571428571428573,50.2961038961039,False
2026,Austria,FP1,BEA,87,Haas F1 Team,10.0,3.0,MEDIUM,10.0,False,92.407,17.238,47.736,27.433,,1,,True,False,True,,,8.5,30.571428571428573,50.2961038961039,False
2026,Austria,FP1,BEA,87,Haas F1 Team,11.0,3.0,MEDIUM,11.0,False,70.073,17.23,31.368,21.475,,1,,True,False,True,,,8.5,30.571428571428573,50.2961038961039,False
2026,Austria,FP1,BEA,87,Haas F1 Team,12.0,3.0,MEDIUM,12.0,False,149.861,33.548,71.773,44.54,,1,,True,False,True,,,8.5,30.571428571428573,50.2961038961039,False
2026,Austria,FP1,BEA,87,Haas F1 Team,13.0,3.0,MEDIUM,13.0,False,112.23,33.698,50.088,28.444,,1,,True,False,True,,,8.5,30.571428571428573,50.2961038961039,False
2026,Austria,FP1,BEA,87,Haas F1 Team,14.0,3.0,MEDIUM,14.0,False,70.17,17.241,31.489,21.44,,1,,True,False,True,,,8.5,30.571428571428573,50.2961038961039,False
2026,Austria,FP1,BEA,87,Haas F1 Team,15.0,3.0,MEDIUM,15.0,False,90.456,21.063,39.35,30.043,,1,,False,True,True,,,8.5,30.571428571428573,50.2961038961039,False
2026,Austria,FP1,BEA,87,Haas F1 Team,16.0,4.0,SOFT,1.0,True,,,41.413,25.349,,12,,False,True,False,,,8.5,30.571428571428573,50.2961038961039,False
2026,Austria,FP1,BEA,87,Haas F1 Team,17.0,4.0,SOFT,2.0,True,69.071,17.016,30.834,21.221,,21,,True,False,False,,,8.5,30.571428571428573,50.2961038961039,False
2026,Austria,FP1,BEA,87,Haas F1 Team,18.0,4.0,SOFT,3.0,True,97.776,28.942,42.54,26.294,,1,,False,True,True,,,8.5,30.571428571428573,50.2961038961039,False
2026,Austria,FP1,BEA,87,Haas F1 Team,19.0,5.0,MEDIUM,16.0,False,,,33.722,22.462,,1,,False,True,True,,,8.5,30.571428571428573,50.2961038961039,False
2026,Austria,FP1,BEA,87,Haas F1 Team,20.0,5.0,MEDIUM,17.0,False,72.304,17.543,32.423,22.338,,1,,True,False,True,,,8.5,30.571428571428573,50.2961038961039,False
2026,Austria,FP1,BEA,87,Haas F1 Team,21.0,5.0,MEDIUM,18.0,False,72.078,17.497,32.43,22.151,,1,,True,False,True,,,8.5,30.571428571428573,50.2961038961039,False
2026,Austria,FP1,BEA,87,Haas F1 Team,22.0,5.0,MEDIUM,19.0,False,72.146,17.564,32.33,22.252,,1,,True,False,True,,,8.5,30.571428571428573,50.2961038961039,False
2026,Austria,FP1,BEA,87,Haas F1 Team,23.0,5.0,MEDIUM,20.0,False,72.11,17.471,32.475,22.164,,1,,True,False,True,,,8.5,30.571428571428573,50.2961038961039,False
2026,Austria,FP1,BEA,87,Haas F1 Team,24.0,5.0,MEDIUM,21.0,False,72.148,17.408,32.458,22.282,,1,,True,False,True,,,8.5,30.571428571428573,50.2961038961039,False
2026,Austria,FP1,BEA,87,Haas F1 Team,25.0,5.0,MEDIUM,22.0,False,72.33,17.458,32.588,22.284,,1,,True,False,True,,,8.5,30.571428571428573,50.2961038961039,False
2026,Austria,FP1,BEA,87,Haas F1 Team,26.0,5.0,MEDIUM,23.0,False,,17.437,,,,125,,False,True,False,,,8.5,30.571428571428573,50.2961038961039,False
2026,Austria,FP1,IWA,90,Racing Bulls,1.0,1.0,HARD,1.0,True,,,46.408,30.488,,1,,False,True,True,,,8.5,30.571428571428573,50.2961038961039,False
2026,Austria,FP1,IWA,90,Racing Bulls,2.0,1.0,HARD,2.0,True,76.942,18.037,34.645,24.26,,1,,True,False,True,,,8.5,30.571428571428573,50.2961038961039,False
2026,Austria,FP1,IWA,90,Racing Bulls,3.0,1.0,HARD,3.0,True,114.302,23.31,50.312,40.68,,1,,False,True,True,,,8.5,30.571428571428573,50.2961038961039,False
2026,Austria,FP1,IWA,90,Racing Bulls,4.0,2.0,HARD,4.0,False,,,44.49,29.547,,1,,False,True,True,,,8.5,30.571428571428573,50.2961038961039,False
2026,Austria,FP1,IWA,90,Racing Bulls,5.0,2.0,HARD,5.0,False,101.808,22.394,42.734,36.68,,1,,False,True,True,,,8.5,30.571428571428573,50.2961038961039,False
2026,Austria,FP1,IWA,90,Racing Bulls,6.0,3.0,HARD,6.0,False,,,43.87,30.114,,1,,False,True,True,,,8.5,30.571428571428573,50.2961038961039,False
2026,Austria,FP1,IWA,90,Racing Bulls,7.0,3.0,HARD,7.0,False,97.317,21.637,40.705,34.975,,1,,False,True,True,,,8.5,30.571428571428573,50.2961038961039,False
2026,Austria,FP1,IWA,90,Racing Bulls,8.0,4.0,SOFT,3.0,False,,,40.851,29.556,,1,,False,True,True,,,8.5,30.571428571428573,50.2961038961039,False
2026,Austria,FP1,IWA,90,Racing Bulls,9.0,4.0,SOFT,4.0,False,72.192,17.559,32.89,21.743,,1,,True,False,True,,,8.5,30.571428571428573,50.2961038961039,False
2026,Austria,FP1,IWA,90,Racing Bulls,10.0,4.0,SOFT,5.0,False,113.089,25.933,50.37,36.786,,1,,True,False,True,,,8.5,30.571428571428573,50.2961038961039,False
2026,Austria,FP1,IWA,90,Racing Bulls,11.0,4.0,SOFT,6.0,False,94.358,27.055,40.851,26.452,,1,,True,False,True,,,8.5,30.571428571428573,50.2961038961039,False
2026,Austria,FP1,IWA,90,Racing Bulls,12.0,4.0,SOFT,7.0,False,69.637,17.33,31.047,21.26,,1,,True,False,True,,,8.5,30.571428571428573,50.2961038961039,False
2026,Austria,FP1,IWA,90,Racing Bulls,13.0,4.0,SOFT,8.0,False,96.032,22.255,40.231,33.546,,12,,False,True,False,,,8.5,30.571428571428573,50.2961038961039,False
2026,Austria,FP1,IWA,90,Racing Bulls,14.0,5.0,HARD,8.0,False,,,33.506,22.452,,1,,False,True,True,,,8.5,30.571428571428573,50.2961038961039,False
2026,Austria,FP1,IWA,90,Racing Bulls,15.0,5.0,HARD,9.0,False,72.788,17.576,32.603,22.609,,1,,True,False,True,,,8.5,30.571428571428573,50.2961038961039,False
2026,Austria,FP1,IWA,90,Racing Bulls,16.0,5.0,HARD,10.0,False,72.62,17.579,32.649,22.392,,1,,True,False,True,,,8.5,30.571428571428573,50.2961038961039,False
2026,Austria,FP1,IWA,90,Racing Bulls,17.0,5.0,HARD,11.0,False,72.864,17.624,32.672,22.568,,1,,True,False,True,,,8.5,30.571428571428573,50.2961038961039,False
2026,Austria,FP1,IWA,90,Racing Bulls,18.0,5.0,HARD,12.0,False,73.051,17.571,32.684,22.796,,1,,True,False,True,,,8.5,30.571428571428573,50.2961038961039,False
2026,Austria,FP1,IWA,90,Racing Bulls,19.0,5.0,HARD,13.0,False,,17.587,32.932,,,125,,False,True,False,,,8.5,30.571428571428573,50.2961038961039,False
2026,Austria,FP1,ARO,97,Audi,1.0,1.0,MEDIUM,1.0,True,,,43.401,28.745,,1,,False,True,True,,,8.5,30.571428571428573,50.2961038961039,False
2026,Austria,FP1,ARO,97,Audi,2.0,1.0,MEDIUM,2.0,True,103.206,22.476,44.775,35.955,,1,,False,True,True,,,8.5,30.571428571428573,50.2961038961039,False
2026,Austria,FP1,ARO,97,Audi,3.0,2.0,MEDIUM,3.0,False,,,41.608,27.8,,1,,False,True,True,,,8.5,30.571428571428573,50.2961038961039,False
2026,Austria,FP1,ARO,97,Audi,4.0,2.0,MEDIUM,4.0,False,71.586,17.509,32.021,22.056,,1,,True,False,True,,,8.5,30.571428571428573,50.2961038961039,False
2026,Austria,FP1,ARO,97,Audi,5.0,2.0,MEDIUM,5.0,False,111.275,28.652,52.693,29.93,,1,,True,False,True,,,8.5,30.571428571428573,50.2961038961039,False
2026,Austria,FP1,ARO,97,Audi,6.0,2.0,MEDIUM,6.0,False,70.85,17.365,31.854,21.631,,1,,True,False,True,,,8.5,30.571428571428573,50.2961038961039,False
2026,Austria,FP1,ARO,97,Audi,7.0,2.0,MEDIUM,7.0,False,108.611,25.997,49.345,33.269,,1,,True,False,True,,,8.5,30.571428571428573,50.2961038961039,False
2026,Austria,FP1,ARO,97,Audi,8.0,2.0,MEDIUM,8.0,False,97.77,25.779,44.326,27.665,,1,,True,False,True,,,8.5,30.571428571428573,50.2961038961039,False
2026,Austria,FP1,ARO,97,Audi,9.0,2.0,MEDIUM,9.0,False,70.646,17.357,31.809,21.48,,1,,True,False,True,,,8.5,30.571428571428573,50.2961038961039,False
2026,Austria,FP1,ARO,97,Audi,10.0,2.0,MEDIUM,10.0,False,102.762,24.243,43.685,34.834,,1,,False,True,True,,,8.5,30.571428571428573,50.2961038961039,False
2026,Austria,FP1,ARO,97,Audi,11.0,3.0,MEDIUM,11.0,False,,,44.17,27.25,,1,,False,True,True,,,8.5,30.571428571428573,50.2961038961039,False
2026,Austria,FP1,ARO,97,Audi,12.0,3.0,MEDIUM,12.0,False,70.554,17.433,31.528,21.593,,1,,True,False,True,,,8.5,30.571428571428573,50.2961038961039,False
2026,Austria,FP1,ARO,97,Audi,13.0,3.0,MEDIUM,13.0,False,109.857,26.785,48.28,34.792,,1,,True,False,True,,,8.5,30.571428571428573,50.2961038961039,False
2026,Austria,FP1,ARO,97,Audi,14.0,3.0,MEDIUM,14.0,False,101.751,25.089,46.419,30.243,,12,,True,False,False,,,8.5,30.571428571428573,50.2961038961039,False
2026,Austria,FP1,ARO,97,Audi,15.0,3.0,MEDIUM,15.0,False,69.937,17.185,31.309,21.443,,21,,True,False,False,,,8.5,30.571428571428573,50.2961038961039,False
2026,Austria,FP1,ARO,97,Audi,16.0,3.0,MEDIUM,16.0,False,84.371,20.281,34.948,29.142,,1,,False,True,True,,,8.5,30.571428571428573,50.2961038961039,False
2026,Austria,FP1,ARO,97,Audi,17.0,4.0,SOFT,1.0,True,,,40.198,28.901,,1,,False,True,True,,,8.5,30.571428571428573,50.2961038961039,False
2026,Austria,FP1,ARO,97,Audi,18.0,4.0,SOFT,2.0,True,97.067,17.785,44.573,34.709,,1,,True,False,True,,,8.5,30.571428571428573,50.2961038961039,False
2026,Austria,FP1,ARO,97,Audi,19.0,4.0,SOFT,3.0,True,69.646,17.217,31.271,21.158,,1,,True,False,True,,,8.5,30.571428571428573,50.2961038961039,False
2026,Austria,FP1,ARO,97,Audi,20.0,4.0,SOFT,4.0,True,,30.861,,,,125,,False,True,False,,,8.5,30.571428571428573,50.2961038961039,False
2026,Austria,FP2,NOR,1,McLaren,1.0,1.0,MEDIUM,1.0,True,,,41.051,31.659,,1,,False,True,True,,,8.5,31.917283950617286,47.1641975308642,False
2026,Austria,FP2,NOR,1,McLaren,2.0,1.0,MEDIUM,2.0,True,68.0,16.879,30.309,20.812,,1,,True,False,True,,,8.5,31.917283950617286,47.1641975308642,False
2026,Austria,FP2,NOR,1,McLaren,3.0,1.0,MEDIUM,3.0,True,126.165,27.124,58.255,40.786,,1,,True,False,True,,,8.5,31.917283950617286,47.1641975308642,False
2026,Austria,FP2,NOR,1,McLaren,4.0,1.0,MEDIUM,4.0,True,125.153,29.399,53.747,42.007,,126,,False,False,False,,,8.5,31.917283950617286,47.1641975308642,False
2026,Austria,FP2,NOR,1,McLaren,5.0,1.0,MEDIUM,5.0,True,112.531,29.293,55.764,27.474,,6,,False,False,False,,,8.5,31.917283950617286,47.1641975308642,False
2026,Austria,FP2,NOR,1,McLaren,6.0,1.0,MEDIUM,6.0,True,,35.859,70.044,50.824,,6,,False,True,False,,,8.5,31.917283950617286,47.1641975308642,False
2026,Austria,FP2,NOR,1,McLaren,7.0,2.0,MEDIUM,7.0,False,,52.296,53.808,44.837,,671,,False,True,False,,,8.5,31.917283950617286,47.1641975308642,False
2026,Austria,FP2,NOR,1,McLaren,8.0,3.0,MEDIUM,8.0,False,121.901,57.78,39.281,24.84,,1,,False,True,True,,,8.5,31.917283950617286,47.1641975308642,False
2026,Austria,FP2,NOR,1,McLaren,9.0,3.0,MEDIUM,9.0,False,87.316,18.65,37.028,31.638,,1,,True,False,True,,,8.5,31.917283950617286,47.1641975308642,False
2026,Austria,FP2,NOR,1,McLaren,10.0,3.0,MEDIUM,10.0,False,89.795,17.063,40.588,32.144,,1,,True,False,True,,,8.5,31.917283950617286,47.1641975308642,False
2026,Austria,FP2,NOR,1,McLaren,11.0,3.0,MEDIUM,11.0,False,112.634,16.993,64.197,31.444,,12,,False,True,False,,,8.5,31.917283950617286,47.1641975308642,False
2026,Austria,FP2,NOR,1,McLaren,12.0,4.0,SOFT,1.0,True,,,36.79,22.677,,1,,False,True,True,,,8.5,31.917283950617286,47.1641975308642,False
2026,Austria,FP2,NOR,1,McLaren,13.0,4.0,SOFT,2.0,True,67.339,16.824,29.995,20.52,,1,,True,False,True,,,8.5,31.917283950617286,47.1641975308642,False
2026,Austria,FP2,NOR,1,McLaren,14.0,4.0,SOFT,3.0,True,111.493,28.082,45.81,37.601,,1,,False,True,True,,,8.5,31.917283950617286,47.1641975308642,False
2026,Austria,FP2,NOR,1,McLaren,15.0,5.0,SOFT,4.0,False,118.687,50.596,41.334,26.757,,1,,False,True,True,,,8.5,31.917283950617286,47.1641975308642,False
2026,Austria,FP2,NOR,1,McLaren,16.0,5.0,SOFT,5.0,False,67.515,16.724,30.14,20.651,,1,,True,False,True,,,8.5,31.917283950617286,47.1641975308642,False
2026,Austria,FP2,NOR,1,McLaren,17.0,5.0,SOFT,6.0,False,81.883,18.874,35.025,27.984,,1,,False,True,True,,,8.5,31.917283950617286,47.1641975308642,False
2026,Austria,FP2,NOR,1,McLaren,18.0,6.0,MEDIUM,12.0,False,,,33.523,22.105,,1,,False,True,True,,,8.5,31.917283950617286,47.1641975308642,False
2026,Austria,FP2,NOR,1,McLaren,19.0,6.0,MEDIUM,13.0,False,70.849,17.508,31.671,21.67,,1,,True,False,True,,,8.5,31.917283950617286,47.1641975308642,False
2026,Austria,FP2,NOR,1,McLaren,20.0,6.0,MEDIUM,14.0,False,70.862,17.391,31.711,21.76,,1,,True,False,True,,,8.5,31.917283950617286,47.1641975308642,False
2026,Austria,FP2,NOR,1,McLaren,21.0,6.0,MEDIUM,15.0,False,70.936,17.407,31.613,21.916,,1,,True,False,True,,,8.5,31.917283950617286,47.1641975308642,False
2026,Austria,FP2,NOR,1,McLaren,22.0,6.0,MEDIUM,16.0,False,71.811,17.518,32.383,21.91,,1,,True,False,True,,,8.5,31.917283950617286,47.1641975308642,False
2026,Austria,FP2,NOR,1,McLaren,23.0,6.0,MEDIUM,17.0,False,71.069,17.266,31.89,21.913,,1,,True,False,True,,,8.5,31.917283950617286,47.1641975308642,False
2026,Austria,FP2,NOR,1,McLaren,24.0,6.0,MEDIUM,18.0,False,71.458,17.454,31.967,22.037,,1,,True,False,True,,,8.5,31.917283950617286,47.1641975308642,False
2026,Austria,FP2,NOR,1,McLaren,25.0,6.0,MEDIUM,19.0,False,72.585,17.537,32.824,22.224,,1,,True,False,True,,,8.5,31.917283950617286,47.1641975308642,False
2026,Austria,FP2,NOR,1,McLaren,26.0,6.0,MEDIUM,20.0,False,72.157,17.396,32.232,22.529,,1,,True,False,True,,,8.5,31.917283950617286,47.1641975308642,False
2026,Austria,FP2,NOR,1,McLaren,27.0,6.0,MEDIUM,21.0,False,73.047,17.524,32.843,22.68,,1,,True,False,True,,,8.5,31.917283950617286,47.1641975308642,False
2026,Austria,FP2,NOR,1,McLaren,28.0,6.0,MEDIUM,22.0,False,78.123,17.611,32.81,27.701999999999998,,1,,False,True,True,,,8.5,31.917283950617286,47.1641975308642,False
2026,Austria,FP2,NOR,1,McLaren,29.0,7.0,SOFT,7.0,False,91.901,36.77,32.798,22.333,,1,,False,True,True,,,8.5,31.917283950617286,47.1641975308642,False
2026,Austria,FP2,NOR,1,McLaren,30.0,7.0,SOFT,8.0,False,109.745,21.108,43.363,45.274,,1,,True,False,True,,,8.5,31.917283950617286,47.1641975308642,False
2026,Austria,FP2,NOR,1,McLaren,31.0,7.0,SOFT,9.0,False,133.287,51.445,35.351,46.491,,1,,True,False,True,,,8.5,31.917283950617286,47.1641975308642,False
2026,Austria,FP2,NOR,1,McLaren,32.0,7.0,SOFT,10.0,False,113.321,50.589,32.905,29.826999999999998,,1,,False,True,True,,,8.5,31.917283950617286,47.1641975308642,False
2026,Austria,FP2,VER,3,Red Bull Racing,1.0,1.0,MEDIUM,1.0,True,,,41.105,29.301,,1,,False,True,True,,,8.5,31.917283950617286,47.1641975308642,False
2026,Austria,FP2,VER,3,Red Bull Racing,2.0,1.0,MEDIUM,2.0,True,69.272,16.996,31.09,21.186,,1,,True,False,True,,,8.5,31.917283950617286,47.1641975308642,False
2026,Austria,FP2,VER,3,Red Bull Racing,3.0,1.0,MEDIUM,3.0,True,126.245,32.257,57.65,36.338,,1,,True,False,True,,,8.5,31.917283950617286,47.1641975308642,False
2026,Austria,FP2,VER,3,Red Bull Racing,4.0,1.0,MEDIUM,4.0,True,102.395,29.595,45.669,27.131,,1,,True,False,True,,,8.5,31.917283950617286,47.1641975308642,False
2026,Austria,FP2,VER,3,Red Bull Racing,5.0,1.0,MEDIUM,5.0,True,110.359,17.12,52.753,40.486,,126,,False,True,False,,,8.5,31.917283950617286,47.1641975308642,False
2026,Austria,FP2,VER,3,Red Bull Racing,6.0,2.0,MEDIUM,6.0,False,,,36.274,24.062,,671,,False,True,False,,,8.5,31.917283950617286,47.1641975308642,False
2026,Austria,FP2,VER,3,Red Bull Racing,7.0,2.0,MEDIUM,7.0,False,68.658,17.047,30.741,20.87,,1,,True,False,True,,,8.5,31.917283950617286,47.1641975308642,False
2026,Austria,FP2,VER,3,Red Bull Racing,8.0,2.0,MEDIUM,8.0,False,100.206,22.189,37.348,40.669,,12,,False,True,False,,,8.5,31.917283950617286,47.1641975308642,False
2026,Austria,FP2,VER,3,Red Bull Racing,9.0,3.0,MEDIUM,9.0,False,142.603,45.996,58.28,38.327,,21,,False,True,False,,,8.5,31.917283950617286,47.1641975308642,False
2026,Austria,FP2,VER,3,Red Bull Racing,10.0,3.0,MEDIUM,10.0,False,107.757,28.717,54.392,24.648,,1,,True,False,True,,,8.5,31.917283950617286,47.1641975308642,False
2026,Austria,FP2,VER,3,Red Bull Racing,11.0,3.0,MEDIUM,11.0,False,68.511,16.994,30.765,20.752,,1,,True,False,True,,,8.5,31.917283950617286,47.1641975308642,False
2026,Austria,FP2,VER,3,Red Bull Racing,12.0,3.0,MEDIUM,12.0,False,84.587,20.83,35.412,28.345,,1,,False,True,True,,,8.5,31.917283950617286,47.1641975308642,False
2026,Austria,FP2,VER,3,Red Bull Racing,13.0,4.0,SOFT,1.0,True,,,36.322,23.622,,1,,False,True,True,,,8.5,31.917283950617286,47.1641975308642,False
2026,Austria,FP2,VER,3,Red Bull Racing,14.0,4.0,SOFT,2.0,True,67.564,16.778,30.183,20.603,,1,,True,False,True,,,8.5,31.917283950617286,47.1641975308642,False
2026,Austria,FP2,VER,3,Red Bull Racing,15.0,4.0,SOFT,3.0,True,80.188,20.365,32.55,27.273,,1,,False,True,True,,,8.5,31.917283950617286,47.1641975308642,False
2026,Austria,FP2,VER,3,Red Bull Racing,16.0,5.0,MEDIUM,13.0,False,,,36.083,25.565,,1,,False,True,True,,,8.5,31.917283950617286,47.1641975308642,False
2026,Austria,FP2,VER,3,Red Bull Racing,17.0,5.0,MEDIUM,14.0,False,70.668,17.034,31.921,21.713,,1,,True,False,True,,,8.5,31.917283950617286,47.1641975308642,False
2026,Austria,FP2,VER,3,Red Bull Racing,18.0,5.0,MEDIUM,15.0,False,71.45,17.359,32.175,21.916,,1,,True,False,True,,,8.5,31.917283950617286,47.1641975308642,False
2026,Austria,FP2,VER,3,Red Bull Racing,19.0,5.0,MEDIUM,16.0,False,70.999,17.191,31.998,21.81,,1,,True,False,True,,,8.5,31.917283950617286,47.1641975308642,False
2026,Austria,FP2,VER,3,Red Bull Racing,20.0,5.0,MEDIUM,17.0,False,71.622,17.312,32.215,22.095,,1,,True,False,True,,,8.5,31.917283950617286,47.1641975308642,False
2026,Austria,FP2,VER,3,Red Bull Racing,21.0,5.0,MEDIUM,18.0,False,71.801,17.573,32.341,21.887,,1,,True,False,True,,,8.5,31.917283950617286,47.1641975308642,False
2026,Austria,FP2,VER,3,Red Bull Racing,22.0,5.0,MEDIUM,19.0,False,72.364,17.433,32.228,22.703,,1,,True,False,True,,,8.5,31.917283950617286,47.1641975308642,False
2026,Austria,FP2,VER,3,Red Bull Racing,23.0,5.0,MEDIUM,20.0,False,71.499,17.486,32.12,21.893,,1,,True,False,True,,,8.5,31.917283950617286,47.1641975308642,False
2026,Austria,FP2,VER,3,Red Bull Racing,24.0,5.0,MEDIUM,21.0,False,74.001,17.398,32.388,24.215,,1,,True,False,True,,,8.5,31.917283950617286,47.1641975308642,False
2026,Austria,FP2,VER,3,Red Bull Racing,25.0,5.0,MEDIUM,22.0,False,72.519,17.775,32.653,22.091,,1,,True,False,True,,,8.5,31.917283950617286,47.1641975308642,False
2026,Austria,FP2,VER,3,Red Bull Racing,26.0,5.0,MEDIUM,23.0,False,72.411,17.482,32.779,22.15,,1,,True,False,True,,,8.5,31.917283950617286,47.1641975308642,False
2026,Austria,FP2,VER,3,Red Bull Racing,27.0,5.0,MEDIUM,24.0,False,,28.904,60.067,92.752,,1,,False,False,True,,,8.5,31.917283950617286,47.1641975308642,False
2026,Austria,FP2,VER,3,Red Bull Racing,28.0,5.0,MEDIUM,25.0,False,137.955,23.95,36.773,77.232,,1,,True,False,True,,,8.5,31.917283950617286,47.1641975308642,False
2026,Austria,FP2,VER,3,Red Bull Racing,29.0,5.0,MEDIUM,26.0,False,95.757,29.328,37.883,28.546,,1,,False,True,True,,,8.5,31.917283950617286,47.1641975308642,False
2026,Austria,FP2,BOR,5,Audi,1.0,1.0,HARD,1.0,True,,,36.76,24.975,,1,,False,True,True,,,8.5,31.917283950617286,47.1641975308642,False
2026,Austria,FP2,BOR,5,Audi,2.0,1.0,HARD,2.0,True,70.927,17.329,31.609,21.989,,1,,True,False,True,,,8.5,31.917283950617286,47.1641975308642,False
2026,Austria,FP2,BOR,5,Audi,3.0,1.0,HARD,3.0,True,90.674,25.916,39.415,25.343,,1,,True,False,True,,,8.5,31.917283950617286,47.1641975308642,False
2026,Austria,FP2,BOR,5,Audi,4.0,1.0,HARD,4.0,True,70.198,17.142,31.367,21.689,,1,,True,False,True,,,8.5,31.917283950617286,47.1641975308642,False
2026,Austria,FP2,BOR,5,Audi,5.0,1.0,HARD,5.0,True,106.773,25.654,47.339,33.78,,1,,False,True,True,,,8.5,31.917283950617286,47.1641975308642,False
2026,Austria,FP2,BOR,5,Audi,6.0,2.0,HARD,6.0,False,,57.596,61.484,40.309,,126,,False,True,False,,,8.5,31.917283950617286,47.1641975308642,False
2026,Austria,FP2,BOR,5,Audi,7.0,2.0,HARD,7.0,False,,32.06,77.887,63.514,,6,,False,False,False,,,8.5,31.917283950617286,47.1641975308642,False
2026,Austria,FP2,BOR,5,Audi,8.0,2.0,HARD,8.0,False,118.408,21.046,68.426,28.936,,6,,False,False,False,,,8.5,31.917283950617286,47.1641975308642,False
2026,Austria,FP2,BOR,5,Audi,9.0,2.0,HARD,9.0,False,104.502,20.848,56.033,27.621,,671,,False,False,False,,,8.5,31.917283950617286,47.1641975308642,False
2026,Austria,FP2,BOR,5,Audi,10.0,2.0,HARD,10.0,False,69.64,17.067,31.204,21.369,,1,,True,False,True,,,8.5,31.917283950617286,47.1641975308642,False
2026,Austria,FP2,BOR,5,Audi,11.0,2.0,HARD,11.0,False,116.894,27.387,54.609,34.898,,1,,True,False,True,,,8.5,31.917283950617286,47.1641975308642,False
2026,Austria,FP2,BOR,5,Audi,12.0,2.0,HARD,12.0,False,69.721,17.146,31.244,21.331,,1,,True,False,True,,,8.5,31.917283950617286,47.1641975308642,False
2026,Austria,FP2,BOR,5,Audi,13.0,2.0,HARD,13.0,False,102.907,27.776,49.538,25.593,,12,,True,False,False,,,8.5,31.917283950617286,47.1641975308642,False
2026,Austria,FP2,BOR,5,Audi,14.0,2.0,HARD,14.0,False,69.805,17.088,31.378,21.339,,1,,True,False,True,,,8.5,31.917283950617286,47.1641975308642,False
2026,Austria,FP2,BOR,5,Audi,15.0,2.0,HARD,15.0,False,78.285,18.531,33.198,26.556,,1,,False,True,True,,,8.5,31.917283950617286,47.1641975308642,False
2026,Austria,FP2,BOR,5,Audi,16.0,3.0,SOFT,1.0,True,,,38.873,26.175,,1,,False,True,True,,,8.5,31.917283950617286,47.1641975308642,False
2026,Austria,FP2,BOR,5,Audi,17.0,3.0,SOFT,2.0,True,68.3,16.921,30.559,20.82,,1,,True,False,True,,,8.5,31.917283950617286,47.1641975308642,False
2026,Austria,FP2,BOR,5,Audi,18.0,3.0,SOFT,3.0,True,84.127,20.423,35.725,27.979,,1,,False,True,True,,,8.5,31.917283950617286,47.1641975308642,False
2026,Austria,FP2,BOR,5,Audi,19.0,4.0,HARD,16.0,False,,,33.586,22.92,,1,,False,True,True,,,8.5,31.917283950617286,47.1641975308642,False
2026,Austria,FP2,BOR,5,Audi,20.0,4.0,HARD,17.0,False,73.284,18.003,32.7,22.581,,1,,True,False,True,,,8.5,31.917283950617286,47.1641975308642,False
2026,Austria,FP2,BOR,5,Audi,21.0,4.0,HARD,18.0,False,72.498,17.658,32.536,22.304,,1,,True,False,True,,,8.5,31.917283950617286,47.1641975308642,False
2026,Austria,FP2,BOR,5,Audi,22.0,4.0,HARD,19.0,False,72.703,17.773,32.615,22.315,,1,,True,False,True,,,8.5,31.917283950617286,47.1641975308642,False
2026,Austria,FP2,BOR,5,Audi,23.0,4.0,HARD,20.0,False,72.699,17.782,32.561,22.356,,1,,True,False,True,,,8.5,31.917283950617286,47.1641975308642,False
2026,Austria,FP2,BOR,5,Audi,24.0,4.0,HARD,21.0,False,72.968,17.804,32.633,22.531,,1,,True,False,True,,,8.5,31.917283950617286,47.1641975308642,False
2026,Austria,FP2,BOR,5,Audi,25.0,4.0,HARD,22.0,False,74.016,17.798000000000002,33.225,22.993,,1,,True,False,True,,,8.5,31.917283950617286,47.1641975308642,False
2026,Austria,FP2,BOR,5,Audi,26.0,4.0,HARD,23.0,False,74.294,17.91,33.435,22.949,,1,,True,False,True,,,8.5,31.917283950617286,47.1641975308642,False
2026,Austria,FP2,BOR,5,Audi,27.0,4.0,HARD,24.0,False,74.517,17.949,33.694,22.874,,1,,True,False,True,,,8.5,31.917283950617286,47.1641975308642,False
2026,Austria,FP2,BOR,5,Audi,28.0,4.0,HARD,25.0,False,105.594,22.889,41.066,41.639,,1,,True,False,True,,,8.5,31.917283950617286,47.1641975308642,False
2026,Austria,FP2,BOR,5,Audi,29.0,4.0,HARD,26.0,False,114.315,42.334,33.662,38.319,,1,,True,False,True,,,8.5,31.917283950617286,47.1641975308642,False
2026,Austria,FP2,BOR,5,Audi,30.0,4.0,HARD,27.0,False,121.838,53.85,39.557,28.431,,1,,False,True,True,,,8.5,31.917283950617286,47.1641975308642,False
2026,Austria,FP2,HAD,6,Red Bull Racing,1.0,1.0,MEDIUM,1.0,True,,,41.204,29.253,,1,,False,True,True,,,8.5,31.917283950617286,47.1641975308642,False
2026,Austria,FP2,HAD,6,Red Bull Racing,2.0,1.0,MEDIUM,2.0,True,69.135,17.124,30.782,21.229,,1,,True,False,True,,,8.5,31.917283950617286,47.1641975308642,False
2026,Austria,FP2,HAD,6,Red Bull Racing,3.0,1.0,MEDIUM,3.0,True,129.334,32.3,57.534,39.5,,1,,False,True,True,,,8.5,31.917283950617286,47.1641975308642,False
2026,Austria,FP2,HAD,6,Red Bull Racing,4.0,2.0,MEDIUM,4.0,False,139.32,61.529,46.044,31.747,,126,,False,True,False,,,8.5,31.917283950617286,47.1641975308642,False
2026,Austria,FP2,HAD,6,Red Bull Racing,5.0,2.0,MEDIUM,5.0,False,125.577,34.279,53.365,37.933,,6,,False,True,False,,,8.5,31.917283950617286,47.1641975308642,False
2026,Austria,FP2,HAD,6,Red Bull Racing,6.0,3.0,MEDIUM,6.0,False,,,35.907,31.756,,671,,False,True,False,,,8.5,31.917283950617286,47.1641975308642,False
2026,Austria,FP2,HAD,6,Red Bull Racing,7.0,3.0,MEDIUM,7.0,False,93.898,16.963,46.211,30.724,,1,,True,False,True,,,8.5,31.917283950617286,47.1641975308642,False
2026,Austria,FP2,HAD,6,Red Bull Racing,8.0,3.0,MEDIUM,8.0,False,112.414,30.108,52.273,30.033,,1,,True,False,True,,,8.5,31.917283950617286,47.1641975308642,False
2026,Austria,FP2,HAD,6,Red Bull Racing,9.0,3.0,MEDIUM,9.0,False,115.381,17.145,58.277,39.959,,12,,True,False,False,,,8.5,31.917283950617286,47.1641975308642,False
2026,Austria,FP2,HAD,6,Red Bull Racing,10.0,3.0,MEDIUM,10.0,False,106.258,30.455,45.877,29.926,,1,,True,False,True,,,8.5,31.917283950617286,47.1641975308642,False
2026,Austria,FP2,HAD,6,Red Bull Racing,11.0,3.0,MEDIUM,11.0,False,68.772,17.004,30.885,20.883,,1,,True,False,True,,,8.5,31.917283950617286,47.1641975308642,False
2026,Austria,FP2,HAD,6,Red Bull Racing,12.0,3.0,MEDIUM,12.0,False,80.619,19.55,34.281,26.788,,1,,False,True,True,,,8.5,31.917283950617286,47.1641975308642,False
2026,Austria,FP2,HAD,6,Red Bull Racing,13.0,4.0,SOFT,1.0,True,,,35.812,49.35,,1,,False,True,True,,,8.5,31.917283950617286,47.1641975308642,False
2026,Austria,FP2,HAD,6,Red Bull Racing,14.0,4.0,SOFT,2.0,True,103.333,28.123,45.904,29.306,,1,,True,False,True,,,8.5,31.917283950617286,47.1641975308642,False
2026,Austria,FP2,HAD,6,Red Bull Racing,15.0,4.0,SOFT,3.0,True,110.032,16.899,56.408,36.725,,1,,True,False,True,,,8.5,31.917283950617286,47.1641975308642,False
2026,Austria,FP2,HAD,6,Red Bull Racing,16.0,4.0,SOFT,4.0,True,110.635,28.902,49.398,32.335,,1,,True,False,True,,,8.5,31.917283950617286,47.1641975308642,False
2026,Austria,FP2,HAD,6,Red Bull Racing,17.0,4.0,SOFT,5.0,True,67.758,16.865,30.27,20.623,,1,,True,False,True,,,8.5,31.917283950617286,47.1641975308642,False
2026,Austria,FP2,HAD,6,Red Bull Racing,18.0,4.0,SOFT,6.0,True,78.561,17.902,34.337,26.322,,1,,False,True,True,,,8.5,31.917283950617286,47.1641975308642,False
2026,Austria,FP2,HAD,6,Red Bull Racing,19.0,5.0,MEDIUM,13.0,False,,,34.655,23.335,,1,,False,True,True,,,8.5,31.917283950617286,47.1641975308642,False
2026,Austria,FP2,HAD,6,Red Bull Racing,20.0,5.0,MEDIUM,14.0,False,72.254,17.516,32.667,22.071,,1,,True,False,True,,,8.5,31.917283950617286,47.1641975308642,False
2026,Austria,FP2,HAD,6,Red Bull Racing,21.0,5.0,MEDIUM,15.0,False,71.873,17.461,32.39,22.022,,1,,True,False,True,,,8.5,31.917283950617286,47.1641975308642,False
2026,Austria,FP2,HAD,6,Red Bull Racing,22.0,5.0,MEDIUM,16.0,False,71.935,17.44,32.492,22.003,,1,,True,False,True,,,8.5,31.917283950617286,47.1641975308642,False
2026,Austria,FP2,HAD,6,Red Bull Racing,23.0,5.0,MEDIUM,17.0,False,74.017,17.621,32.545,23.851,,1,,True,False,True,,,8.5,31.917283950617286,47.1641975308642,False
2026,Austria,FP2,HAD,6,Red Bull Racing,24.0,5.0,MEDIUM,18.0,False,71.774,17.487,32.299,21.988,,1,,True,False,True,,,8.5,31.917283950617286,47.1641975308642,False
2026,Austria,FP2,HAD,6,Red Bull Racing,25.0,5.0,MEDIUM,19.0,False,71.715,17.424,32.268,22.023,,1,,True,False,True,,,8.5,31.917283950617286,47.1641975308642,False
2026,Austria,FP2,HAD,6,Red Bull Racing,26.0,5.0,MEDIUM,20.0,False,146.944,22.256,67.74,56.948,,1,,True,False,True,,,8.5,31.917283950617286,47.1641975308642,False
2026,Austria,FP2,HAD,6,Red Bull Racing,27.0,5.0,MEDIUM,21.0,False,,51.616,51.236,52.564,,1,,False,False,True,,,8.5,31.917283950617286,47.1641975308642,False
2026,Austria,FP2,HAD,6,Red Bull Racing,28.0,5.0,MEDIUM,22.0,False,129.516,62.711,37.532,29.273,,1,,False,True,True,,,8.5,31.917283950617286,47.1641975308642,False
2026,Austria,FP2,GAS,10,Alpine,1.0,1.0,MEDIUM,1.0,True,,,40.046,26.744,,1,,False,True,True,,,8.5,31.917283950617286,47.1641975308642,False
2026,Austria,FP2,GAS,10,Alpine,2.0,1.0,MEDIUM,2.0,True,70.746,17.254,31.945,21.547,,1,,True,False,True,,,8.5,31.917283950617286,47.1641975308642,False
2026,Austria,FP2,GAS,10,Alpine,3.0,1.0,MEDIUM,3.0,True,117.594,30.283,53.422,33.889,,1,,True,False,True,,,8.5,31.917283950617286,47.1641975308642,False
2026,Austria,FP2,GAS,10,Alpine,4.0,1.0,MEDIUM,4.0,True,91.006,19.721,42.648,28.637,,1,,True,False,True,,,8.5,31.917283950617286,47.1641975308642,False
2026,Austria,FP2,GAS,10,Alpine,5.0,1.0,MEDIUM,5.0,True,70.015,17.276,31.537,21.202,,1,,True,False,True,,,8.5,31.917283950617286,47.1641975308642,False
2026,Austria,FP2,GAS,10,Alpine,6.0,1.0,MEDIUM,6.0,True,129.087,29.543,57.889,41.655,,126,,False,True,False,,,8.5,31.917283950617286,47.1641975308642,False
2026,Austria,FP2,GAS,10,Alpine,7.0,2.0,MEDIUM,7.0,False,,54.132,70.288,53.042,,6,,False,True,False,,,8.5,31.917283950617286,47.1641975308642,False
2026,Austria,FP2,GAS,10,Alpine,8.0,2.0,MEDIUM,8.0,False,126.676,21.202,69.32,36.154,,6,,False,False,False,,,8.5,31.917283950617286,47.1641975308642,False
2026,Austria,FP2,GAS,10,Alpine,9.0,2.0,MEDIUM,9.0,False,90.248,23.124,42.051,25.073,,671,,False,False,False,,,8.5,31.917283950617286,47.1641975308642,False
2026,Austria,FP2,GAS,10,Alpine,10.0,2.0,MEDIUM,10.0,False,69.569,17.052,31.308,21.209,,1,,True,False,True,,,8.5,31.917283950617286,47.1641975308642,False
2026,Austria,FP2,GAS,10,Alpine,11.0,2.0,MEDIUM,11.0,False,92.269,21.569,42.084,28.616,,1,,False,True,True,,,8.5,31.917283950617286,47.1641975308642,False
2026,Austria,FP2,GAS,10,Alpine,12.0,3.0,SOFT,1.0,True,,,38.168,25.897,,12,,False,True,False,,,8.5,31.917283950617286,47.1641975308642,False
2026,Austria,FP2,GAS,10,Alpine,13.0,3.0,SOFT,2.0,True,68.376,16.935,30.588,20.853,,1,,True,False,True,,,8.5,31.917283950617286,47.1641975308642,False
2026,Austria,FP2,GAS,10,Alpine,14.0,3.0,SOFT,3.0,True,111.725,22.679,48.741,40.305,,1,,False,True,True,,,8.5,31.917283950617286,47.1641975308642,False
2026,Austria,FP2,GAS,10,Alpine,15.0,4.0,SOFT,4.0,False,116.528,36.498,51.33,28.7,,1,,False,True,True,,,8.5,31.917283950617286,47.1641975308642,False
2026,Austria,FP2,GAS,10,Alpine,16.0,4.0,SOFT,5.0,False,74.35,17.09,30.85,26.41,,1,,False,True,True,,,8.5,31.917283950617286,47.1641975308642,False
2026,Austria,FP2,GAS,10,Alpine,17.0,5.0,MEDIUM,12.0,False,,,36.127,25.191,,1,,False,True,True,,,8.5,31.917283950617286,47.1641975308642,False
2026,Austria,FP2,GAS,10,Alpine,18.0,5.0,MEDIUM,13.0,False,71.561,17.406,32.048,22.107,,1,,True,False,True,,,8.5,31.917283950617286,47.1641975308642,False
2026,Austria,FP2,GAS,10,Alpine,19.0,5.0,MEDIUM,14.0,False,71.927,17.432,32.274,22.221,,1,,True,False,True,,,8.5,31.917283950617286,47.1641975308642,False
2026,Austria,FP2,GAS,10,Alpine,20.0,5.0,MEDIUM,15.0,False,71.654,17.396,32.044,22.214,,1,,True,False,True,,,8.5,31.917283950617286,47.1641975308642,False
2026,Austria,FP2,GAS,10,Alpine,21.0,5.0,MEDIUM,16.0,False,72.092,17.555,32.192,22.345,,1,,True,False,True,,,8.5,31.917283950617286,47.1641975308642,False
2026,Austria,FP2,GAS,10,Alpine,22.0,5.0,MEDIUM,17.0,False,71.977,17.536,32.177,22.264,,1,,True,False,True,,,8.5,31.917283950617286,47.1641975308642,False
2026,Austria,FP2,GAS,10,Alpine,23.0,5.0,MEDIUM,18.0,False,72.575,17.586,32.524,22.465,,1,,True,False,True,,,8.5,31.917283950617286,47.1641975308642,False
2026,Austria,FP2,GAS,10,Alpine,24.0,5.0,MEDIUM,19.0,False,72.43,17.637,32.295,22.498,,1,,True,False,True,,,8.5,31.917283950617286,47.1641975308642,False
2026,Austria,FP2,GAS,10,Alpine,25.0,5.0,MEDIUM,20.0,False,72.36,17.6,32.292,22.468,,1,,True,False,True,,,8.5,31.917283950617286,47.1641975308642,False
2026,Austria,FP2,GAS,10,Alpine,26.0,5.0,MEDIUM,21.0,False,72.519,17.509,32.497,22.513,,1,,True,False,True,,,8.5,31.917283950617286,47.1641975308642,False
2026,Austria,FP2,GAS,10,Alpine,27.0,5.0,MEDIUM,22.0,False,73.001,17.545,32.508,22.948,,1,,True,False,True,,,8.5,31.917283950617286,47.1641975308642,False
2026,Austria,FP2,GAS,10,Alpine,28.0,5.0,MEDIUM,23.0,False,73.719,17.539,33.229,22.951,,1,,True,False,True,,,8.5,31.917283950617286,47.1641975308642,False
2026,Austria,FP2,GAS,10,Alpine,29.0,5.0,MEDIUM,24.0,False,79.212,21.532,34.913,22.767,,1,,True,False,True,,,8.5,31.917283950617286,47.1641975308642,False
2026,Austria,FP2,GAS,10,Alpine,30.0,5.0,MEDIUM,25.0,False,73.255,17.695,32.984,22.576,,1,,True,False,True,,,8.5,31.917283950617286,47.1641975308642,False
2026,Austria,FP2,GAS,10,Alpine,31.0,5.0,MEDIUM,26.0,False,115.678,20.91,41.893,52.875,,1,,True,False,True,,,8.5,31.917283950617286,47.1641975308642,False
2026,Austria,FP2,GAS,10,Alpine,32.0,5.0,MEDIUM,27.0,False,134.404,48.194,45.289,40.921,,1,,True,False,True,,,8.5,31.917283950617286,47.1641975308642,False
2026,Austria,FP2,GAS,10,Alpine,33.0,5.0,MEDIUM,28.0,False,119.134,49.298,36.731,33.105,,1,,False,True,True,,,8.5,31.917283950617286,47.1641975308642,False
2026,Austria,FP2,PER,11,Cadillac,1.0,1.0,MEDIUM,1.0,True,,,45.266,30.883,,1,,False,True,True,,,8.5,31.917283950617286,47.1641975308642,False
2026,Austria,FP2,PER,11,Cadillac,2.0,1.0,MEDIUM,2.0,True,,29.17,,,,1267,,False,True,False,,,8.5,31.917283950617286,47.1641975308642,False
2026,Austria,FP2,ANT,12,Mercedes,1.0,1.0,MEDIUM,1.0,True,,,43.698,26.061,,1,,False,True,True,,,8.5,31.917283950617286,47.1641975308642,False
2026,Austria,FP2,ANT,12,Mercedes,2.0,1.0,MEDIUM,2.0,True,68.342,16.93,30.554,20.858,,1,,True,False,True,,,8.5,31.917283950617286,47.1641975308642,False
2026,Austria,FP2,ANT,12,Mercedes,3.0,1.0,MEDIUM,3.0,True,109.001,24.569,46.437,37.995,,1,,False,True,True,,,8.5,31.917283950617286,47.1641975308642,False
2026,Austria,FP2,ANT,12,Mercedes,4.0,2.0,MEDIUM,4.0,False,,85.734,48.496,35.982,,126,,False,True,False,,,8.5,31.917283950617286,47.1641975308642,False
2026,Austria,FP2,ANT,12,Mercedes,5.0,3.0,MEDIUM,5.0,False,,,59.816,46.209,,6,,False,True,False,,,8.5,31.917283950617286,47.1641975308642,False
2026,Austria,FP2,ANT,12,Mercedes,6.0,3.0,MEDIUM,6.0,False,126.219,21.481,61.596,43.142,,671,,False,False,False,,,8.5,31.917283950617286,47.1641975308642,False
2026,Austria,FP2,ANT,12,Mercedes,7.0,3.0,MEDIUM,7.0,False,85.785,16.929,33.365,35.491,,1,,True,False,True,,,8.5,31.917283950617286,47.1641975308642,False
2026,Austria,FP2,ANT,12,Mercedes,8.0,3.0,MEDIUM,8.0,False,104.538,28.909,47.047,28.582,,1,,True,False,True,,,8.5,31.917283950617286,47.1641975308642,False
2026,Austria,FP2,ANT,12,Mercedes,9.0,3.0,MEDIUM,9.0,False,68.198,16.884,30.556,20.758,,1,,True,False,True,,,8.5,31.917283950617286,47.1641975308642,False
2026,Austria,FP2,ANT,12,Mercedes,10.0,3.0,MEDIUM,10.0,False,113.685,26.652,49.077,37.956,,12,,False,True,False,,,8.5,31.917283950617286,47.1641975308642,False
2026,Austria,FP2,ANT,12,Mercedes,11.0,4.0,MEDIUM,11.0,False,,89.03,44.517,25.717,,1,,False,True,True,,,8.5,31.917283950617286,47.1641975308642,False
2026,Austria,FP2,ANT,12,Mercedes,12.0,4.0,MEDIUM,12.0,False,67.657,16.737,30.317,20.603,,1,,True,False,True,,,8.5,31.917283950617286,47.1641975308642,False
2026,Austria,FP2,ANT,12,Mercedes,13.0,4.0,MEDIUM,13.0,False,87.461,19.397,36.3,31.764,,1,,False,True,True,,,8.5,31.917283950617286,47.1641975308642,False
2026,Austria,FP2,ANT,12,Mercedes,14.0,5.0,SOFT,1.0,True,,,42.759,26.341,,1,,False,True,True,,,8.5,31.917283950617286,47.1641975308642,False
2026,Austria,FP2,ANT,12,Mercedes,15.0,5.0,SOFT,2.0,True,67.209,16.71,30.192,20.307,,1,,True,False,True,,,8.5,31.917283950617286,47.1641975308642,False
2026,Austria,FP2,ANT,12,Mercedes,16.0,5.0,SOFT,3.0,True,102.578,21.537,43.476,37.565,,1,,False,True,True,,,8.5,31.917283950617286,47.1641975308642,False
2026,Austria,FP2,ANT,12,Mercedes,17.0,6.0,SOFT,4.0,False,,,49.143,24.815,,1,,False,True,True,,,8.5,31.917283950617286,47.1641975308642,False
2026,Austria,FP2,ANT,12,Mercedes,18.0,6.0,SOFT,5.0,False,67.014,16.627,30.041,20.346,,1,,True,False,True,,,8.5,31.917283950617286,47.1641975308642,False
2026,Austria,FP2,ANT,12,Mercedes,19.0,6.0,SOFT,6.0,False,85.312,19.821,37.066,28.425,,1,,False,True,True,,,8.5,31.917283950617286,47.1641975308642,False
2026,Austria,FP2,ANT,12,Mercedes,20.0,7.0,MEDIUM,14.0,False,,,44.209,22.274,,1,,False,True,True,,,8.5,31.917283950617286,47.1641975308642,False
2026,Austria,FP2,ANT,12,Mercedes,21.0,7.0,MEDIUM,15.0,False,71.254,17.378,31.935,21.941,,1,,True,False,True,,,8.5,31.917283950617286,47.1641975308642,False
2026,Austria,FP2,ANT,12,Mercedes,22.0,7.0,MEDIUM,16.0,False,70.912,17.228,31.796,21.888,,1,,True,False,True,,,8.5,31.917283950617286,47.1641975308642,False
2026,Austria,FP2,ANT,12,Mercedes,23.0,7.0,MEDIUM,17.0,False,74.99,17.796,34.939,22.255,,1,,True,False,True,,,8.5,31.917283950617286,47.1641975308642,False
2026,Austria,FP2,ANT,12,Mercedes,24.0,7.0,MEDIUM,18.0,False,71.341,17.426,31.965,21.95,,1,,True,False,True,,,8.5,31.917283950617286,47.1641975308642,False
2026,Austria,FP2,ANT,12,Mercedes,25.0,7.0,MEDIUM,19.0,False,71.123,17.325,31.944,21.854,,1,,True,False,True,,,8.5,31.917283950617286,47.1641975308642,False
2026,Austria,FP2,ANT,12,Mercedes,26.0,7.0,MEDIUM,20.0,False,71.363,17.193,32.257,21.913,,1,,True,False,True,,,8.5,31.917283950617286,47.1641975308642,False
2026,Austria,FP2,ANT,12,Mercedes,27.0,7.0,MEDIUM,21.0,False,71.599,17.316,32.276,22.007,,1,,True,False,True,,,8.5,31.917283950617286,47.1641975308642,False
2026,Austria,FP2,ANT,12,Mercedes,28.0,7.0,MEDIUM,22.0,False,75.844,17.388,32.059,26.397,,1,,False,True,True,,,8.5,31.917283950617286,47.1641975308642,False
2026,Austria,FP2,ANT,12,Mercedes,29.0,8.0,SOFT,7.0,False,91.739,37.469,32.422,21.848,,1,,False,True,True,,,8.5,31.917283950617286,47.1641975308642,False
2026,Austria,FP2,ANT,12,Mercedes,30.0,8.0,SOFT,8.0,False,109.444,22.465,44.499,42.48,,1,,True,False,True,,,8.5,31.917283950617286,47.1641975308642,False
2026,Austria,FP2,ANT,12,Mercedes,31.0,8.0,SOFT,9.0,False,133.826,56.334,37.808,39.684,,1,,True,False,True,,,8.5,31.917283950617286,47.1641975308642,False
2026,Austria,FP2,ANT,12,Mercedes,32.0,8.0,SOFT,10.0,False,120.959,58.782,33.206,28.971,,1,,False,True,True,,,8.5,31.917283950617286,47.1641975308642,False
2026,Austria,FP2,ALO,14,Aston Martin,1.0,1.0,MEDIUM,1.0,True,,,40.262,29.132,,1,,False,True,True,,,8.5,31.917283950617286,47.1641975308642,False
2026,Austria,FP2,ALO,14,Aston Martin,2.0,1.0,MEDIUM,2.0,True,95.141,18.028,47.332,29.781,,1,,True,False,True,,,8.5,31.917283950617286,47.1641975308642,False
2026,Austria,FP2,ALO,14,Aston Martin,3.0,1.0,MEDIUM,3.0,True,72.411,17.957,32.216,22.238,,1,,True,False,True,,,8.5,31.917283950617286,47.1641975308642,False
2026,Austria,FP2,ALO,14,Aston Martin,4.0,1.0,MEDIUM,4.0,True,107.243,33.189,48.044,26.01,,1,,True,False,True,,,8.5,31.917283950617286,47.1641975308642,False
2026,Austria,FP2,ALO,14,Aston Martin,5.0,1.0,MEDIUM,5.0,True,96.126,17.834,40.644,37.648,,126,,False,True,False,,,8.5,31.917283950617286,47.1641975308642,False
2026,Austria,FP2,ALO,14,Aston Martin,6.0,2.0,MEDIUM,6.0,False,,,39.79,25.72,,671,,False,True,False,,,8.5,31.917283950617286,47.1641975308642,False
2026,Austria,FP2,ALO,14,Aston Martin,7.0,2.0,MEDIUM,7.0,False,72.204,17.908,32.257,22.039,,1,,True,False,True,,,8.5,31.917283950617286,47.1641975308642,False
2026,Austria,FP2,ALO,14,Aston Martin,8.0,2.0,MEDIUM,8.0,False,118.35,29.391,56.359,32.6,,12,,True,False,False,,,8.5,31.917283950617286,47.1641975308642,False
2026,Austria,FP2,ALO,14,Aston Martin,9.0,2.0,MEDIUM,9.0,False,94.937,17.98,50.558,26.399,,21,,True,False,False,,,8.5,31.917283950617286,47.1641975308642,False
2026,Austria,FP2,ALO,14,Aston Martin,10.0,2.0,MEDIUM,10.0,False,72.074,17.887,32.19,21.997,,1,,True,False,True,,,8.5,31.917283950617286,47.1641975308642,False
2026,Austria,FP2,ALO,14,Aston Martin,11.0,2.0,MEDIUM,11.0,False,88.047,20.479,37.166,30.402,,1,,False,True,True,,,8.5,31.917283950617286,47.1641975308642,False
2026,Austria,FP2,ALO,14,Aston Martin,12.0,3.0,SOFT,1.0,True,,,39.855,24.928,,1,,False,True,True,,,8.5,31.917283950617286,47.1641975308642,False
2026,Austria,FP2,ALO,14,Aston Martin,13.0,3.0,SOFT,2.0,True,70.544,17.569,31.45,21.525,,1,,True,False,True,,,8.5,31.917283950617286,47.1641975308642,False
2026,Austria,FP2,ALO,14,Aston Martin,14.0,3.0,SOFT,3.0,True,110.266,25.088,45.389,39.789,,1,,False,True,True,,,8.5,31.917283950617286,47.1641975308642,False
2026,Austria,FP2,ALO,14,Aston Martin,15.0,4.0,SOFT,4.0,False,130.558,51.765,49.702,29.091,,1,,False,True,True,,,8.5,31.917283950617286,47.1641975308642,False
2026,Austria,FP2,ALO,14,Aston Martin,16.0,4.0,SOFT,5.0,False,83.554,17.78,32.328,33.446,,1,,False,True,True,,,8.5,31.917283950617286,47.1641975308642,False
2026,Austria,FP2,ALO,14,Aston Martin,17.0,5.0,SOFT,6.0,False,,,38.881,23.332,,1,,False,True,True,,,8.5,31.917283950617286,47.1641975308642,False
2026,Austria,FP2,ALO,14,Aston Martin,18.0,5.0,SOFT,7.0,False,73.967,18.06,33.139,22.768,,1,,True,False,True,,,8.5,31.917283950617286,47.1641975308642,False
2026,Austria,FP2,ALO,14,Aston Martin,19.0,5.0,SOFT,8.0,False,74.546,18.114,33.557,22.875,,1,,True,False,True,,,8.5,31.917283950617286,47.1641975308642,False
2026,Austria,FP2,ALO,14,Aston Martin,20.0,5.0,SOFT,9.0,False,74.516,18.207,33.369,22.94,,1,,True,False,True,,,8.5,31.917283950617286,47.1641975308642,False
2026,Austria,FP2,ALO,14,Aston Martin,21.0,5.0,SOFT,10.0,False,74.737,18.271,33.246,23.22,,1,,True,False,True,,,8.5,31.917283950617286,47.1641975308642,False
2026,Austria,FP2,ALO,14,Aston Martin,22.0,5.0,SOFT,11.0,False,74.432,18.192,33.314,22.926,,1,,True,False,True,,,8.5,31.917283950617286,47.1641975308642,False
2026,Austria,FP2,ALO,14,Aston Martin,23.0,5.0,SOFT,12.0,False,74.535,18.215,33.208,23.112,,1,,True,False,True,,,8.5,31.917283950617286,47.1641975308642,False
2026,Austria,FP2,ALO,14,Aston Martin,24.0,5.0,SOFT,13.0,False,75.913,18.354,34.172,23.387,,1,,True,False,True,,,8.5,31.917283950617286,47.1641975308642,False
2026,Austria,FP2,ALO,14,Aston Martin,25.0,5.0,SOFT,14.0,False,106.897,22.624,42.422,41.851,,1,,True,False,True,,,8.5,31.917283950617286,47.1641975308642,False
2026,Austria,FP2,ALO,14,Aston Martin,26.0,5.0,SOFT,15.0,False,130.053,54.586,38.256,37.211,,1,,True,False,True,,,8.5,31.917283950617286,47.1641975308642,False
2026,Austria,FP2,ALO,14,Aston Martin,27.0,5.0,SOFT,16.0,False,116.52,45.929,37.972,32.619,,1,,False,True,True,,,8.5,31.917283950617286,47.1641975308642,False
2026,Austria,FP2,LEC,16,Ferrari,1.0,1.0,MEDIUM,1.0,True,,,40.969,27.18,,1,,False,True,True,,,8.5,31.917283950617286,47.1641975308642,False
2026,Austria,FP2,LEC,16,Ferrari,2.0,1.0,MEDIUM,2.0,True,70.259,17.259,31.345,21.655,,1,,True,False,True,,,8.5,31.917283950617286,47.1641975308642,False
2026,Austria,FP2,LEC,16,Ferrari,3.0,1.0,MEDIUM,3.0,True,111.653,27.204,56.704,27.745,,1,,True,False,True,,,8.5,31.917283950617286,47.1641975308642,False
2026,Austria,FP2,LEC,16,Ferrari,4.0,1.0,MEDIUM,4.0,True,89.491,17.124,35.308,37.059,,126,,False,False,False,,,8.5,31.917283950617286,47.1641975308642,False
2026,Austria,FP2,LEC,16,Ferrari,5.0,1.0,MEDIUM,5.0,True,119.317,26.415,55.929,36.973,,6,,False,False,False,,,8.5,31.917283950617286,47.1641975308642,False
2026,Austria,FP2,LEC,16,Ferrari,6.0,1.0,MEDIUM,6.0,True,146.087,26.388,72.805,46.894,,6,,False,False,False,,,8.5,31.917283950617286,47.1641975308642,False
2026,Austria,FP2,LEC,16,Ferrari,7.0,1.0,MEDIUM,7.0,True,122.44,20.689,60.778,40.973,,67,,False,False,False,,,8.5,31.917283950617286,47.1641975308642,False
2026,Austria,FP2,LEC,16,Ferrari,8.0,1.0,MEDIUM,8.0,True,78.363,17.196,35.365,25.802,,71,,False,False,False,,,8.5,31.917283950617286,47.1641975308642,False
2026,Austria,FP2,LEC,16,Ferrari,9.0,1.0,MEDIUM,9.0,True,69.32,17.116,30.995,21.209,,1,,True,False,True,,,8.5,31.917283950617286,47.1641975308642,False
2026,Austria,FP2,LEC,16,Ferrari,10.0,1.0,MEDIUM,10.0,True,104.812,24.692,46.825,33.295,,1,,False,True,True,,,8.5,31.917283950617286,47.1641975308642,False
2026,Austria,FP2,LEC,16,Ferrari,11.0,2.0,MEDIUM,11.0,False,118.678,39.617,49.952,29.109,,12,,False,True,False,,,8.5,31.917283950617286,47.1641975308642,False
2026,Austria,FP2,LEC,16,Ferrari,12.0,2.0,MEDIUM,12.0,False,69.07,17.077,30.81,21.183,,1,,True,False,True,,,8.5,31.917283950617286,47.1641975308642,False
2026,Austria,FP2,LEC,16,Ferrari,13.0,2.0,MEDIUM,13.0,False,100.083,24.645,47.143,28.295,,1,,True,False,True,,,8.5,31.917283950617286,47.1641975308642,False
2026,Austria,FP2,LEC,16,Ferrari,14.0,2.0,MEDIUM,14.0,False,68.339,16.961,30.536,20.842,,1,,True,False,True,,,8.5,31.917283950617286,47.1641975308642,False
2026,Austria,FP2,LEC,16,Ferrari,15.0,2.0,MEDIUM,15.0,False,85.211,20.204,36.699,28.308,,1,,False,True,True,,,8.5,31.917283950617286,47.1641975308642,False
2026,Austria,FP2,LEC,16,Ferrari,16.0,3.0,SOFT,1.0,True,,,39.424,26.184,,1,,False,True,True,,,8.5,31.917283950617286,47.1641975308642,False
2026,Austria,FP2,LEC,16,Ferrari,17.0,3.0,SOFT,2.0,True,67.855,16.834,30.34,20.681,,1,,True,False,True,,,8.5,31.917283950617286,47.1641975308642,False
2026,Austria,FP2,LEC,16,Ferrari,18.0,3.0,SOFT,3.0,True,111.917,24.98,50.023,36.914,,1,,False,True,True,,,8.5,31.917283950617286,47.1641975308642,False
2026,Austria,FP2,LEC,16,Ferrari,19.0,4.0,SOFT,4.0,False,112.164,39.665,46.883,25.616,,1,,False,True,True,,,8.5,31.917283950617286,47.1641975308642,False
2026,Austria,FP2,LEC,16,Ferrari,20.0,4.0,SOFT,5.0,False,68.052,16.907,30.371,20.774,,1,,True,False,True,,,8.5,31.917283950617286,47.1641975308642,False
2026,Austria,FP2,LEC,16,Ferrari,21.0,4.0,SOFT,6.0,False,87.464,22.272,40.136,25.056,,1,,True,False,True,,,8.5,31.917283950617286,47.1641975308642,False
2026,Austria,FP2,LEC,16,Ferrari,22.0,4.0,SOFT,7.0,False,75.176,16.822,30.29,28.064,,1,,False,True,True,,,8.5,31.917283950617286,47.1641975308642,False
2026,Austria,FP2,LEC,16,Ferrari,23.0,5.0,MEDIUM,16.0,False,,,33.968,22.507,,1,,False,True,True,,,8.5,31.917283950617286,47.1641975308642,False
2026,Austria,FP2,LEC,16,Ferrari,24.0,5.0,MEDIUM,17.0,False,72.019,17.479,32.102,22.438,,1,,True,False,True,,,8.5,31.917283950617286,47.1641975308642,False
2026,Austria,FP2,LEC,16,Ferrari,25.0,5.0,MEDIUM,18.0,False,71.913,17.612,31.997,22.304,,1,,True,False,True,,,8.5,31.917283950617286,47.1641975308642,False
2026,Austria,FP2,LEC,16,Ferrari,26.0,5.0,MEDIUM,19.0,False,71.868,17.611,32.167,22.09,,1,,True,False,True,,,8.5,31.917283950617286,47.1641975308642,False
2026,Austria,FP2,LEC,16,Ferrari,27.0,5.0,MEDIUM,20.0,False,72.059,17.634,32.314,22.111,,1,,True,False,True,,,8.5,31.917283950617286,47.1641975308642,False
2026,Austria,FP2,LEC,16,Ferrari,28.0,5.0,MEDIUM,21.0,False,72.437,17.673000000000002,32.591,22.173,,1,,True,False,True,,,8.5,31.917283950617286,47.1641975308642,False
2026,Austria,FP2,LEC,16,Ferrari,29.0,5.0,MEDIUM,22.0,False,75.652,17.651,32.419,25.582,,1,,True,False,True,,,8.5,31.917283950617286,47.1641975308642,False
2026,Austria,FP2,LEC,16,Ferrari,30.0,5.0,MEDIUM,23.0,False,73.302,18.23,32.662,22.41,,1,,True,False,True,,,8.5,31.917283950617286,47.1641975308642,False
2026,Austria,FP2,LEC,16,Ferrari,31.0,5.0,MEDIUM,24.0,False,72.4,17.573,32.572,22.255,,1,,True,False,True,,,8.5,31.917283950617286,47.1641975308642,False
2026,Austria,FP2,LEC,16,Ferrari,32.0,5.0,MEDIUM,25.0,False,74.981,17.57,32.948,24.463,,1,,True,False,True,,,8.5,31.917283950617286,47.1641975308642,False
2026,Austria,FP2,LEC,16,Ferrari,33.0,5.0,MEDIUM,26.0,False,,21.103,41.869,90.348,,1,,False,False,True,,,8.5,31.917283950617286,47.1641975308642,False
2026,Austria,FP2,LEC,16,Ferrari,34.0,5.0,MEDIUM,27.0,False,138.907,24.98,37.785,76.142,,1,,True,False,True,,,8.5,31.917283950617286,47.1641975308642,False
2026,Austria,FP2,LEC,16,Ferrari,35.0,5.0,MEDIUM,28.0,False,94.524,25.196,36.976,32.352,,1,,False,True,True,,,8.5,31.917283950617286,47.1641975308642,False
2026,Austria,FP2,STR,18,Aston Martin,1.0,1.0,MEDIUM,1.0,True,,,38.452,33.31,,1,,False,True,True,,,8.5,31.917283950617286,47.1641975308642,False
2026,Austria,FP2,STR,18,Aston Martin,2.0,1.0,MEDIUM,2.0,True,72.747,18.082,32.104,22.561,,1,,True,False,True,,,8.5,31.917283950617286,47.1641975308642,False
2026,Austria,FP2,STR,18,Aston Martin,3.0,1.0,MEDIUM,3.0,True,105.881,31.572,46.262,28.047,,1,,True,False,True,,,8.5,31.917283950617286,47.1641975308642,False
2026,Austria,FP2,STR,18,Aston Martin,4.0,1.0,MEDIUM,4.0,True,97.316,17.829,40.469,39.018,,126,,False,False,False,,,8.5,31.917283950617286,47.1641975308642,False
2026,Austria,FP2,STR,18,Aston Martin,5.0,1.0,MEDIUM,5.0,True,124.656,24.601,57.559,42.496,,6,,False,True,False,,,8.5,31.917283950617286,47.1641975308642,False
2026,Austria,FP2,STR,18,Aston Martin,6.0,2.0,MEDIUM,6.0,False,,,36.28,27.111,,671,,False,True,False,,,8.5,31.917283950617286,47.1641975308642,False
2026,Austria,FP2,STR,18,Aston Martin,7.0,2.0,MEDIUM,7.0,False,72.341,17.746,32.246,22.349,,1,,True,False,True,,,8.5,31.917283950617286,47.1641975308642,False
2026,Austria,FP2,STR,18,Aston Martin,8.0,2.0,MEDIUM,8.0,False,108.04,24.782,52.735,30.523,,1,,True,False,True,,,8.5,31.917283950617286,47.1641975308642,False
2026,Austria,FP2,STR,18,Aston Martin,9.0,2.0,MEDIUM,9.0,False,85.362,17.833,33.681,33.848,,12,,True,False,False,,,8.5,31.917283950617286,47.1641975308642,False
2026,Austria,FP2,STR,18,Aston Martin,10.0,2.0,MEDIUM,10.0,False,94.184,22.634,43.692,27.858,,1,,True,False,True,,,8.5,31.917283950617286,47.1641975308642,False
2026,Austria,FP2,STR,18,Aston Martin,11.0,2.0,MEDIUM,11.0,False,71.915,17.723,32.009,22.183,,1,,True,False,True,,,8.5,31.917283950617286,47.1641975308642,False
2026,Austria,FP2,STR,18,Aston Martin,12.0,2.0,MEDIUM,12.0,False,112.547,30.989,45.807,35.751,,1,,False,True,True,,,8.5,31.917283950617286,47.1641975308642,False
2026,Austria,FP2,STR,18,Aston Martin,13.0,3.0,MEDIUM,13.0,False,124.211,55.21,38.126,30.875,,1,,False,True,True,,,8.5,31.917283950617286,47.1641975308642,False
2026,Austria,FP2,STR,18,Aston Martin,14.0,3.0,MEDIUM,14.0,False,72.069,17.777,32.075,22.217,,1,,True,False,True,,,8.5,31.917283950617286,47.1641975308642,False
2026,Austria,FP2,STR,18,Aston Martin,15.0,3.0,MEDIUM,15.0,False,93.819,21.435,38.492,33.892,,1,,False,True,True,,,8.5,31.917283950617286,47.1641975308642,False
2026,Austria,FP2,STR,18,Aston Martin,16.0,4.0,SOFT,1.0,True,,,39.873,26.715,,1,,False,True,True,,,8.5,31.917283950617286,47.1641975308642,False
2026,Austria,FP2,STR,18,Aston Martin,17.0,4.0,SOFT,2.0,True,70.698,17.498,31.42,21.78,,1,,True,False,True,,,8.5,31.917283950617286,47.1641975308642,False
2026,Austria,FP2,STR,18,Aston Martin,18.0,4.0,SOFT,3.0,True,122.595,26.948,55.285,40.362,,1,,False,True,True,,,8.5,31.917283950617286,47.1641975308642,False
2026,Austria,FP2,STR,18,Aston Martin,19.0,5.0,SOFT,4.0,False,114.053,39.889,48.063,26.101,,1,,False,True,True,,,8.5,31.917283950617286,47.1641975308642,False
2026,Austria,FP2,STR,18,Aston Martin,20.0,5.0,SOFT,5.0,False,70.886,17.507,31.49,21.889,,1,,True,False,True,,,8.5,31.917283950617286,47.1641975308642,False
2026,Austria,FP2,STR,18,Aston Martin,21.0,5.0,SOFT,6.0,False,91.723,22.225,37.918,31.58,,1,,False,True,True,,,8.5,31.917283950617286,47.1641975308642,False
2026,Austria,FP2,STR,18,Aston Martin,22.0,6.0,SOFT,7.0,False,,,38.937,24.704,,1,,False,True,True,,,8.5,31.917283950617286,47.1641975308642,False
2026,Austria,FP2,STR,18,Aston Martin,23.0,6.0,SOFT,8.0,False,74.282,17.995,33.325,22.962,,1,,True,False,True,,,8.5,31.917283950617286,47.1641975308642,False
2026,Austria,FP2,STR,18,Aston Martin,24.0,6.0,SOFT,9.0,False,74.503,18.114,33.294,23.095,,1,,True,False,True,,,8.5,31.917283950617286,47.1641975308642,False
2026,Austria,FP2,STR,18,Aston Martin,25.0,6.0,SOFT,10.0,False,74.2,18.126,33.005,23.069,,1,,True,False,True,,,8.5,31.917283950617286,47.1641975308642,False
2026,Austria,FP2,STR,18,Aston Martin,26.0,6.0,SOFT,11.0,False,74.858,18.463,33.273,23.122,,1,,True,False,True,,,8.5,31.917283950617286,47.1641975308642,False
2026,Austria,FP2,STR,18,Aston Martin,27.0,6.0,SOFT,12.0,False,74.104,18.088,33.051,22.965,,1,,True,False,True,,,8.5,31.917283950617286,47.1641975308642,False
2026,Austria,FP2,STR,18,Aston Martin,28.0,6.0,SOFT,13.0,False,74.091,18.026,33.085,22.98,,1,,True,False,True,,,8.5,31.917283950617286,47.1641975308642,False
2026,Austria,FP2,STR,18,Aston Martin,29.0,6.0,SOFT,14.0,False,74.6,18.209,33.184,23.207,,1,,True,False,True,,,8.5,31.917283950617286,47.1641975308642,False
2026,Austria,FP2,STR,18,Aston Martin,30.0,6.0,SOFT,15.0,False,119.08,23.528,43.125,52.427,,1,,True,False,True,,,8.5,31.917283950617286,47.1641975308642,False
2026,Austria,FP2,STR,18,Aston Martin,31.0,6.0,SOFT,16.0,False,132.97,51.732,40.743,40.495,,1,,True,False,True,,,8.5,31.917283950617286,47.1641975308642,False
2026,Austria,FP2,STR,18,Aston Martin,32.0,6.0,SOFT,17.0,False,124.411,59.083,36.147,29.181,,1,,False,True,True,,,8.5,31.917283950617286,47.1641975308642,False
2026,Austria,FP2,ALB,23,Williams,1.0,1.0,MEDIUM,1.0,True,,,42.401,30.828,,1,,False,True,True,,,8.5,31.917283950617286,47.1641975308642,False
2026,Austria,FP2,ALB,23,Williams,2.0,2.0,MEDIUM,2.0,False,,,40.492,26.984,,1,,False,True,True,,,8.5,31.917283950617286,47.1641975308642,False
2026,Austria,FP2,ALB,23,Williams,3.0,2.0,MEDIUM,3.0,False,112.023,17.639,55.694,38.69,,126,,False,False,False,,,8.5,31.917283950617286,47.1641975308642,False
2026,Austria,FP2,ALB,23,Williams,4.0,2.0,MEDIUM,4.0,False,,36.687,72.06,62.453,,6,,False,False,False,,,8.5,31.917283950617286,47.1641975308642,False
2026,Austria,FP2,ALB,23,Williams,5.0,2.0,MEDIUM,5.0,False,121.257,20.737,69.868,30.652,,6,,False,True,False,,,8.5,31.917283950617286,47.1641975308642,False
2026,Austria,FP2,ALB,23,Williams,6.0,3.0,MEDIUM,6.0,False,,,39.882,23.756,,671,,False,True,False,,,8.5,31.917283950617286,47.1641975308642,False
2026,Austria,FP2,ALB,23,Williams,7.0,3.0,MEDIUM,7.0,False,69.737,17.158,31.134,21.445,,1,,True,False,True,,,8.5,31.917283950617286,47.1641975308642,False
2026,Austria,FP2,ALB,23,Williams,8.0,3.0,MEDIUM,8.0,False,103.726,26.809,51.703,25.214,,12,,True,False,False,,,8.5,31.917283950617286,47.1641975308642,False
2026,Austria,FP2,ALB,23,Williams,9.0,3.0,MEDIUM,9.0,False,90.237,20.477,45.358,24.402,,1,,True,False,True,,,8.5,31.917283950617286,47.1641975308642,False
2026,Austria,FP2,ALB,23,Williams,10.0,3.0,MEDIUM,10.0,False,70.019,17.263,31.237,21.519,,1,,True,False,True,,,8.5,31.917283950617286,47.1641975308642,False
2026,Austria,FP2,ALB,23,Williams,11.0,3.0,MEDIUM,11.0,False,88.709,20.29,38.639,29.78,,1,,False,True,True,,,8.5,31.917283950617286,47.1641975308642,False
2026,Austria,FP2,ALB,23,Williams,12.0,4.0,SOFT,1.0,True,111.764,52.402,35.558,23.804,,1,,False,True,True,,,8.5,31.917283950617286,47.1641975308642,False
2026,Austria,FP2,ALB,23,Williams,13.0,4.0,SOFT,2.0,True,68.838,17.004,30.652,21.182,,1,,True,False,True,,,8.5,31.917283950617286,47.1641975308642,False
2026,Austria,FP2,ALB,23,Williams,14.0,4.0,SOFT,3.0,True,104.191,27.266,44.389,32.536,,1,,False,True,True,,,8.5,31.917283950617286,47.1641975308642,False
2026,Austria,FP2,ALB,23,Williams,15.0,5.0,SOFT,4.0,False,112.778,46.483,41.173,25.122,,1,,False,True,True,,,8.5,31.917283950617286,47.1641975308642,False
2026,Austria,FP2,ALB,23,Williams,16.0,5.0,SOFT,5.0,False,69.244,17.1,30.842,21.302,,1,,True,False,True,,,8.5,31.917283950617286,47.1641975308642,False
2026,Austria,FP2,ALB,23,Williams,17.0,5.0,SOFT,6.0,False,86.744,20.379,35.915,30.45,,1,,False,True,True,,,8.5,31.917283950617286,47.1641975308642,False
2026,Austria,FP2,ALB,23,Williams,18.0,6.0,SOFT,7.0,False,,,34.959,26.657,,1,,False,True,True,,,8.5,31.917283950617286,47.1641975308642,False
2026,Austria,FP2,ALB,23,Williams,19.0,7.0,MEDIUM,12.0,False,100.964,40.624,36.378,23.962,,1,,False,True,True,,,8.5,31.917283950617286,47.1641975308642,False
2026,Austria,FP2,ALB,23,Williams,20.0,7.0,MEDIUM,13.0,False,73.161,17.595,32.699,22.867,,1,,True,False,True,,,8.5,31.917283950617286,47.1641975308642,False
2026,Austria,FP2,ALB,23,Williams,21.0,7.0,MEDIUM,14.0,False,72.931,17.727,32.526,22.678,,1,,True,False,True,,,8.5,31.917283950617286,47.1641975308642,False
2026,Austria,FP2,ALB,23,Williams,22.0,7.0,MEDIUM,15.0,False,72.846,17.642,32.553,22.651,,1,,True,False,True,,,8.5,31.917283950617286,47.1641975308642,False
2026,Austria,FP2,ALB,23,Williams,23.0,7.0,MEDIUM,16.0,False,73.067,17.699,32.552,22.816,,1,,True,False,True,,,8.5,31.917283950617286,47.1641975308642,False
2026,Austria,FP2,ALB,23,Williams,24.0,7.0,MEDIUM,17.0,False,73.222,17.638,32.731,22.853,,1,,True,False,True,,,8.5,31.917283950617286,47.1641975308642,False
2026,Austria,FP2,ALB,23,Williams,25.0,7.0,MEDIUM,18.0,False,74.112,17.79,32.839,23.483,,1,,True,False,True,,,8.5,31.917283950617286,47.1641975308642,False
2026,Austria,FP2,ALB,23,Williams,26.0,7.0,MEDIUM,19.0,False,74.005,17.772,33.209,23.024,,1,,True,False,True,,,8.5,31.917283950617286,47.1641975308642,False
2026,Austria,FP2,ALB,23,Williams,27.0,7.0,MEDIUM,20.0,False,73.81,17.687,33.08,23.043,,1,,True,False,True,,,8.5,31.917283950617286,47.1641975308642,False
2026,Austria,FP2,ALB,23,Williams,28.0,7.0,MEDIUM,21.0,False,74.494,17.744,33.365,23.385,,1,,True,False,True,,,8.5,31.917283950617286,47.1641975308642,False
2026,Austria,FP2,ALB,23,Williams,29.0,7.0,MEDIUM,22.0,False,80.355,17.884,35.818,26.653,,1,,True,False,True,,,8.5,31.917283950617286,47.1641975308642,False
2026,Austria,FP2,ALB,23,Williams,30.0,7.0,MEDIUM,23.0,False,74.299,17.825,33.199,23.275,,1,,True,False,True,,,8.5,31.917283950617286,47.1641975308642,False
2026,Austria,FP2,ALB,23,Williams,31.0,7.0,MEDIUM,24.0,False,74.551,17.799,33.006,23.746,,1,,True,False,True,,,8.5,31.917283950617286,47.1641975308642,False
2026,Austria,FP2,ALB,23,Williams,32.0,7.0,MEDIUM,25.0,False,118.413,22.567,45.509,50.337,,1,,True,False,True,,,8.5,31.917283950617286,47.1641975308642,False
2026,Austria,FP2,ALB,23,Williams,33.0,7.0,MEDIUM,26.0,False,139.663,52.909,43.19,43.564,,1,,True,False,True,,,8.5,31.917283950617286,47.1641975308642,False
2026,Austria,FP2,ALB,23,Williams,34.0,7.0,MEDIUM,27.0,False,119.275,49.04,39.533,30.701999999999998,,1,,False,True,True,,,8.5,31.917283950617286,47.1641975308642,False
2026,Austria,FP2,HUL,27,Audi,1.0,1.0,HARD,1.0,True,,,37.84,24.633,,1,,False,True,True,,,8.5,31.917283950617286,47.1641975308642,False
2026,Austria,FP2,HUL,27,Audi,2.0,1.0,HARD,2.0,True,85.67,21.959,38.576,25.135,,1,,True,False,True,,,8.5,31.917283950617286,47.1641975308642,False
2026,Austria,FP2,HUL,27,Audi,3.0,1.0,HARD,3.0,True,71.178,17.123,32.517,21.538,,1,,True,False,True,,,8.5,31.917283950617286,47.1641975308642,False
2026,Austria,FP2,HUL,27,Audi,4.0,1.0,HARD,4.0,True,105.168,26.562,46.346,32.26,,1,,True,False,True,,,8.5,31.917283950617286,47.1641975308642,False
2026,Austria,FP2,HUL,27,Audi,5.0,1.0,HARD,5.0,True,95.399,24.815,43.223,27.361,,1,,True,False,True,,,8.5,31.917283950617286,47.1641975308642,False
2026,Austria,FP2,HUL,27,Audi,6.0,1.0,HARD,6.0,True,69.807,17.08,31.54,21.187,,126,,False,False,False,,,8.5,31.917283950617286,47.1641975308642,False
2026,Austria,FP2,HUL,27,Audi,7.0,1.0,HARD,7.0,True,120.451,28.246,54.467,37.738,,6,,False,True,False,,,8.5,31.917283950617286,47.1641975308642,False
2026,Austria,FP2,HUL,27,Audi,8.0,2.0,HARD,8.0,False,,,40.998,24.837,,671,,False,True,False,,,8.5,31.917283950617286,47.1641975308642,False
2026,Austria,FP2,HUL,27,Audi,9.0,2.0,HARD,9.0,False,69.586,17.058,31.255,21.273,,1,,True,False,True,,,8.5,31.917283950617286,47.1641975308642,False
2026,Austria,FP2,HUL,27,Audi,10.0,2.0,HARD,10.0,False,101.927,21.149,45.496,35.282,,1,,False,True,True,,,8.5,31.917283950617286,47.1641975308642,False
2026,Austria,FP2,HUL,27,Audi,11.0,3.0,SOFT,1.0,True,,,41.321,25.477,,12,,False,True,False,,,8.5,31.917283950617286,47.1641975308642,False
2026,Austria,FP2,HUL,27,Audi,12.0,3.0,SOFT,2.0,True,68.559,16.961,30.671,20.927,,1,,True,False,True,,,8.5,31.917283950617286,47.1641975308642,False
2026,Austria,FP2,HUL,27,Audi,13.0,3.0,SOFT,3.0,True,108.521,24.937,45.324,38.26,,1,,False,True,True,,,8.5,31.917283950617286,47.1641975308642,False
2026,Austria,FP2,HUL,27,Audi,14.0,4.0,SOFT,4.0,False,,,45.495,28.42,,1,,False,True,True,,,8.5,31.917283950617286,47.1641975308642,False
2026,Austria,FP2,HUL,27,Audi,15.0,4.0,SOFT,5.0,False,69.065,16.932,31.065,21.068,,1,,True,False,True,,,8.5,31.917283950617286,47.1641975308642,False
2026,Austria,FP2,HUL,27,Audi,16.0,4.0,SOFT,6.0,False,83.095,19.491,34.304,29.3,,1,,False,True,True,,,8.5,31.917283950617286,47.1641975308642,False
2026,Austria,FP2,HUL,27,Audi,17.0,5.0,HARD,11.0,False,,,35.438,22.446,,1,,False,True,True,,,8.5,31.917283950617286,47.1641975308642,False
2026,Austria,FP2,HUL,27,Audi,18.0,5.0,HARD,12.0,False,72.133,17.595,32.332,22.206,,1,,True,False,True,,,8.5,31.917283950617286,47.1641975308642,False
2026,Austria,FP2,HUL,27,Audi,19.0,5.0,HARD,13.0,False,72.172,17.652,32.452,22.068,,1,,True,False,True,,,8.5,31.917283950617286,47.1641975308642,False
2026,Austria,FP2,HUL,27,Audi,20.0,5.0,HARD,14.0,False,71.872,17.52,32.309,22.043,,1,,True,False,True,,,8.5,31.917283950617286,47.1641975308642,False
2026,Austria,FP2,HUL,27,Audi,21.0,5.0,HARD,15.0,False,71.716,17.436,32.229,22.051,,1,,True,False,True,,,8.5,31.917283950617286,47.1641975308642,False
2026,Austria,FP2,HUL,27,Audi,22.0,5.0,HARD,16.0,False,71.944,17.51,32.319,22.115,,1,,True,False,True,,,8.5,31.917283950617286,47.1641975308642,False
2026,Austria,FP2,HUL,27,Audi,23.0,5.0,HARD,17.0,False,71.976,17.476,32.348,22.152,,1,,True,False,True,,,8.5,31.917283950617286,47.1641975308642,False
2026,Austria,FP2,HUL,27,Audi,24.0,5.0,HARD,18.0,False,72.343,17.578,32.367,22.398,,1,,True,False,True,,,8.5,31.917283950617286,47.1641975308642,False
2026,Austria,FP2,HUL,27,Audi,25.0,5.0,HARD,19.0,False,72.917,17.47,32.846,22.601,,1,,True,False,True,,,8.5,31.917283950617286,47.1641975308642,False
2026,Austria,FP2,HUL,27,Audi,26.0,5.0,HARD,20.0,False,76.973,17.719,32.535,26.719,,1,,False,True,True,,,8.5,31.917283950617286,47.1641975308642,False
2026,Austria,FP2,HUL,27,Audi,27.0,6.0,SOFT,7.0,False,93.632,36.059,33.171,24.402,,1,,False,True,True,,,8.5,31.917283950617286,47.1641975308642,False
2026,Austria,FP2,HUL,27,Audi,28.0,6.0,SOFT,8.0,False,72.227,17.584,32.369,22.274,,1,,True,False,True,,,8.5,31.917283950617286,47.1641975308642,False
2026,Austria,FP2,HUL,27,Audi,29.0,6.0,SOFT,9.0,False,80.91,17.419,33.033,30.458,,1,,True,False,True,,,8.5,31.917283950617286,47.1641975308642,False
2026,Austria,FP2,HUL,27,Audi,30.0,6.0,SOFT,10.0,False,110.337,23.597,42.039,44.701,,1,,True,False,True,,,8.5,31.917283950617286,47.1641975308642,False
2026,Austria,FP2,HUL,27,Audi,31.0,6.0,SOFT,11.0,False,133.929,47.761,41.845,44.323,,1,,True,False,True,,,8.5,31.917283950617286,47.1641975308642,False
2026,Austria,FP2,HUL,27,Audi,32.0,6.0,SOFT,12.0,False,,47.126,33.441,72.182,,1,,False,True,True,,,8.5,31.917283950617286,47.1641975308642,False
2026,Austria,FP2,LAW,30,Racing Bulls,1.0,1.0,MEDIUM,1.0,True,,,40.539,29.244,,1,,False,True,True,,,8.5,31.917283950617286,47.1641975308642,False
2026,Austria,FP2,LAW,30,Racing Bulls,2.0,1.0,MEDIUM,2.0,True,70.851,17.259,31.412,22.18,,1,,True,False,True,,,8.5,31.917283950617286,47.1641975308642,False
2026,Austria,FP2,LAW,30,Racing Bulls,3.0,1.0,MEDIUM,3.0,True,116.244,26.151,54.855,35.238,,1,,True,False,True,,,8.5,31.917283950617286,47.1641975308642,False
2026,Austria,FP2,LAW,30,Racing Bulls,4.0,1.0,MEDIUM,4.0,True,98.956,22.072,46.713,30.171,,1,,True,False,True,,,8.5,31.917283950617286,47.1641975308642,False
2026,Austria,FP2,LAW,30,Racing Bulls,5.0,1.0,MEDIUM,5.0,True,69.505,17.08,31.045,21.38,,1,,True,False,True,,,8.5,31.917283950617286,47.1641975308642,False
2026,Austria,FP2,LAW,30,Racing Bulls,6.0,1.0,MEDIUM,6.0,True,119.808,22.444,57.048,40.316,,126,,False,True,False,,,8.5,31.917283950617286,47.1641975308642,False
2026,Austria,FP2,LAW,30,Racing Bulls,7.0,2.0,MEDIUM,7.0,False,,,42.312,25.71,,671,,False,True,False,,,8.5,31.917283950617286,47.1641975308642,False
2026,Austria,FP2,LAW,30,Racing Bulls,8.0,2.0,MEDIUM,8.0,False,69.338,17.226,30.997,21.115,,1,,True,False,True,,,8.5,31.917283950617286,47.1641975308642,False
2026,Austria,FP2,LAW,30,Racing Bulls,9.0,2.0,MEDIUM,9.0,False,109.45,25.632,47.221,36.597,,1,,True,False,True,,,8.5,31.917283950617286,47.1641975308642,False
2026,Austria,FP2,LAW,30,Racing Bulls,10.0,2.0,MEDIUM,10.0,False,108.195,30.977,50.64,26.578,,12,,True,False,False,,,8.5,31.917283950617286,47.1641975308642,False
2026,Austria,FP2,LAW,30,Racing Bulls,11.0,2.0,MEDIUM,11.0,False,69.012,17.008,30.997,21.007,,1,,True,False,True,,,8.5,31.917283950617286,47.1641975308642,False
2026,Austria,FP2,LAW,30,Racing Bulls,12.0,2.0,MEDIUM,12.0,False,92.429,23.766,37.779,30.884,,1,,False,True,True,,,8.5,31.917283950617286,47.1641975308642,False
2026,Austria,FP2,LAW,30,Racing Bulls,13.0,3.0,SOFT,1.0,True,,,39.186,25.223,,1,,False,True,True,,,8.5,31.917283950617286,47.1641975308642,False
2026,Austria,FP2,LAW,30,Racing Bulls,14.0,3.0,SOFT,2.0,True,68.508,17.021,30.634,20.853,,1,,True,False,True,,,8.5,31.917283950617286,47.1641975308642,False
2026,Austria,FP2,LAW,30,Racing Bulls,15.0,3.0,SOFT,3.0,True,118.07,26.687,49.849,41.534,,1,,True,False,True,,,8.5,31.917283950617286,47.1641975308642,False
2026,Austria,FP2,LAW,30,Racing Bulls,16.0,3.0,SOFT,4.0,True,106.261,28.701,50.977,26.583,,1,,True,False,True,,,8.5,31.917283950617286,47.1641975308642,False
2026,Austria,FP2,LAW,30,Racing Bulls,17.0,3.0,SOFT,5.0,True,68.235,16.851,30.495,20.889,,1,,True,False,True,,,8.5,31.917283950617286,47.1641975308642,False
2026,Austria,FP2,LAW,30,Racing Bulls,18.0,3.0,SOFT,6.0,True,101.303,27.272,44.763,29.268,,1,,False,True,True,,,8.5,31.917283950617286,47.1641975308642,False
2026,Austria,FP2,LAW,30,Racing Bulls,19.0,4.0,MEDIUM,13.0,False,,,33.821,22.555,,1,,False,True,True,,,8.5,31.917283950617286,47.1641975308642,False
2026,Austria,FP2,LAW,30,Racing Bulls,20.0,4.0,MEDIUM,14.0,False,72.522,17.689,32.526,22.307,,1,,True,False,True,,,8.5,31.917283950617286,47.1641975308642,False
2026,Austria,FP2,LAW,30,Racing Bulls,21.0,4.0,MEDIUM,15.0,False,72.809,17.531,32.618,22.66,,1,,True,False,True,,,8.5,31.917283950617286,47.1641975308642,False
2026,Austria,FP2,LAW,30,Racing Bulls,22.0,4.0,MEDIUM,16.0,False,72.844,17.33,33.052,22.462,,1,,True,False,True,,,8.5,31.917283950617286,47.1641975308642,False
2026,Austria,FP2,LAW,30,Racing Bulls,23.0,4.0,MEDIUM,17.0,False,72.98,17.785,32.759,22.436,,1,,True,False,True,,,8.5,31.917283950617286,47.1641975308642,False
2026,Austria,FP2,LAW,30,Racing Bulls,24.0,4.0,MEDIUM,18.0,False,72.654,17.66,32.54,22.454,,1,,True,False,True,,,8.5,31.917283950617286,47.1641975308642,False
2026,Austria,FP2,LAW,30,Racing Bulls,25.0,4.0,MEDIUM,19.0,False,72.519,17.583,32.594,22.342,,1,,True,False,True,,,8.5,31.917283950617286,47.1641975308642,False
2026,Austria,FP2,LAW,30,Racing Bulls,26.0,4.0,MEDIUM,20.0,False,72.874,17.602,32.968,22.304,,1,,True,False,True,,,8.5,31.917283950617286,47.1641975308642,False
2026,Austria,FP2,LAW,30,Racing Bulls,27.0,4.0,MEDIUM,21.0,False,72.421,17.6,32.455,22.366,,1,,True,False,True,,,8.5,31.917283950617286,47.1641975308642,False
2026,Austria,FP2,LAW,30,Racing Bulls,28.0,4.0,MEDIUM,22.0,False,73.581,17.773,33.034,22.774,,1,,True,False,True,,,8.5,31.917283950617286,47.1641975308642,False
2026,Austria,FP2,LAW,30,Racing Bulls,29.0,4.0,MEDIUM,23.0,False,73.397,17.814,33.066,22.517,,1,,True,False,True,,,8.5,31.917283950617286,47.1641975308642,False
2026,Austria,FP2,LAW,30,Racing Bulls,30.0,4.0,MEDIUM,24.0,False,73.15,17.571,32.974,22.605,,1,,True,False,True,,,8.5,31.917283950617286,47.1641975308642,False
2026,Austria,FP2,LAW,30,Racing Bulls,31.0,4.0,MEDIUM,25.0,False,74.675,17.7,33.765,23.21,,1,,True,False,True,,,8.5,31.917283950617286,47.1641975308642,False
2026,Austria,FP2,LAW,30,Racing Bulls,32.0,4.0,MEDIUM,26.0,False,117.773,26.821,43.704,47.248,,1,,True,False,True,,,8.5,31.917283950617286,47.1641975308642,False
2026,Austria,FP2,LAW,30,Racing Bulls,33.0,4.0,MEDIUM,27.0,False,133.682,53.378,40.619,39.685,,1,,True,False,True,,,8.5,31.917283950617286,47.1641975308642,False
2026,Austria,FP2,LAW,30,Racing Bulls,34.0,4.0,MEDIUM,28.0,False,114.185,50.711,36.859,26.615,,1,,False,True,True,,,8.5,31.917283950617286,47.1641975308642,False
2026,Austria,FP2,OCO,31,Haas F1 Team,1.0,1.0,HARD,1.0,True,,,43.843,29.83,,1,,False,True,True,,,8.5,31.917283950617286,47.1641975308642,False
2026,Austria,FP2,OCO,31,Haas F1 Team,2.0,1.0,HARD,2.0,True,71.919,17.549,32.129,22.241,,1,,True,False,True,,,8.5,31.917283950617286,47.1641975308642,False
2026,Austria,FP2,OCO,31,Haas F1 Team,3.0,1.0,HARD,3.0,True,113.111,27.138,53.829,32.144,,1,,True,False,True,,,8.5,31.917283950617286,47.1641975308642,False
2026,Austria,FP2,OCO,31,Haas F1 Team,4.0,1.0,HARD,4.0,True,71.939,17.566,32.412,21.961,,1,,True,False,True,,,8.5,31.917283950617286,47.1641975308642,False
2026,Austria,FP2,OCO,31,Haas F1 Team,5.0,1.0,HARD,5.0,True,123.479,26.503,56.179,40.797,,126,,False,False,False,,,8.5,31.917283950617286,47.1641975308642,False
2026,Austria,FP2,OCO,31,Haas F1 Team,6.0,1.0,HARD,6.0,True,,31.981,58.431,64.606,,6,,False,False,False,,,8.5,31.917283950617286,47.1641975308642,False
2026,Austria,FP2,OCO,31,Haas F1 Team,7.0,1.0,HARD,7.0,True,143.032,27.127,64.968,50.937,,6,,False,False,False,,,8.5,31.917283950617286,47.1641975308642,False
2026,Austria,FP2,OCO,31,Haas F1 Team,8.0,1.0,HARD,8.0,True,101.372,24.589,51.543,25.24,,671,,False,False,False,,,8.5,31.917283950617286,47.1641975308642,False
2026,Austria,FP2,OCO,31,Haas F1 Team,9.0,1.0,HARD,9.0,True,70.538,17.326,31.53,21.682,,1,,True,False,True,,,8.5,31.917283950617286,47.1641975308642,False
2026,Austria,FP2,OCO,31,Haas F1 Team,10.0,1.0,HARD,10.0,True,117.486,28.987,54.256,34.243,,1,,True,False,True,,,8.5,31.917283950617286,47.1641975308642,False
2026,Austria,FP2,OCO,31,Haas F1 Team,11.0,1.0,HARD,11.0,True,102.733,27.879,48.181,26.673000000000002,,1,,True,False,True,,,8.5,31.917283950617286,47.1641975308642,False
2026,Austria,FP2,OCO,31,Haas F1 Team,12.0,1.0,HARD,12.0,True,72.001,17.308,33.054,21.639,,12,,True,False,False,,,8.5,31.917283950617286,47.1641975308642,False
2026,Austria,FP2,OCO,31,Haas F1 Team,13.0,1.0,HARD,13.0,True,99.586,21.287,47.203,31.096,,1,,False,True,True,,,8.5,31.917283950617286,47.1641975308642,False
2026,Austria,FP2,OCO,31,Haas F1 Team,14.0,2.0,SOFT,1.0,True,,,44.718,26.064,,1,,False,True,True,,,8.5,31.917283950617286,47.1641975308642,False
2026,Austria,FP2,OCO,31,Haas F1 Team,15.0,2.0,SOFT,2.0,True,68.83,17.003,30.649,21.178,,1,,True,False,True,,,8.5,31.917283950617286,47.1641975308642,False
2026,Austria,FP2,OCO,31,Haas F1 Team,16.0,2.0,SOFT,3.0,True,119.502,26.461,52.832,40.209,,1,,False,True,True,,,8.5,31.917283950617286,47.1641975308642,False
2026,Austria,FP2,OCO,31,Haas F1 Team,17.0,3.0,SOFT,4.0,False,,,49.599,30.485,,1,,False,True,True,,,8.5,31.917283950617286,47.1641975308642,False
2026,Austria,FP2,OCO,31,Haas F1 Team,18.0,3.0,SOFT,5.0,False,68.876,17.078,30.766,21.032,,1,,True,False,True,,,8.5,31.917283950617286,47.1641975308642,False
2026,Austria,FP2,OCO,31,Haas F1 Team,19.0,3.0,SOFT,6.0,False,84.575,18.875,37.721,27.979,,1,,False,True,True,,,8.5,31.917283950617286,47.1641975308642,False
2026,Austria,FP2,OCO,31,Haas F1 Team,20.0,4.0,HARD,14.0,False,,,33.445,22.764,,1,,False,True,True,,,8.5,31.917283950617286,47.1641975308642,False
2026,Austria,FP2,OCO,31,Haas F1 Team,21.0,4.0,HARD,15.0,False,74.614,17.777,33.649,23.188,,1,,True,False,True,,,8.5,31.917283950617286,47.1641975308642,False
2026,Austria,FP2,OCO,31,Haas F1 Team,22.0,4.0,HARD,16.0,False,76.155,20.797,32.725,22.633,,1,,True,False,True,,,8.5,31.917283950617286,47.1641975308642,False
2026,Austria,FP2,OCO,31,Haas F1 Team,23.0,4.0,HARD,17.0,False,73.046,17.503,32.835,22.708,,1,,True,False,True,,,8.5,31.917283950617286,47.1641975308642,False
2026,Austria,FP2,OCO,31,Haas F1 Team,24.0,4.0,HARD,18.0,False,73.303,17.683,32.761,22.859,,1,,True,False,True,,,8.5,31.917283950617286,47.1641975308642,False
2026,Austria,FP2,OCO,31,Haas F1 Team,25.0,4.0,HARD,19.0,False,73.144,17.568,32.899,22.677,,1,,True,False,True,,,8.5,31.917283950617286,47.1641975308642,False
2026,Austria,FP2,OCO,31,Haas F1 Team,26.0,4.0,HARD,20.0,False,73.482,17.678,33.1,22.704,,1,,True,False,True,,,8.5,31.917283950617286,47.1641975308642,False
2026,Austria,FP2,OCO,31,Haas F1 Team,27.0,4.0,HARD,21.0,False,73.571,17.632,32.902,23.037,,1,,True,False,True,,,8.5,31.917283950617286,47.1641975308642,False
2026,Austria,FP2,OCO,31,Haas F1 Team,28.0,4.0,HARD,22.0,False,73.261,17.76,32.879,22.622,,1,,True,False,True,,,8.5,31.917283950617286,47.1641975308642,False
2026,Austria,FP2,OCO,31,Haas F1 Team,29.0,4.0,HARD,23.0,False,73.391,17.53,33.046,22.815,,1,,True,False,True,,,8.5,31.917283950617286,47.1641975308642,False
2026,Austria,FP2,OCO,31,Haas F1 Team,30.0,4.0,HARD,24.0,False,73.52,17.715,33.109,22.696,,1,,True,False,True,,,8.5,31.917283950617286,47.1641975308642,False
2026,Austria,FP2,OCO,31,Haas F1 Team,31.0,4.0,HARD,25.0,False,120.945,24.202,44.199,52.544,,1,,True,False,True,,,8.5,31.917283950617286,47.1641975308642,False
2026,Austria,FP2,OCO,31,Haas F1 Team,32.0,4.0,HARD,26.0,False,140.685,51.945,45.001,43.739,,1,,True,False,True,,,8.5,31.917283950617286,47.1641975308642,False
2026,Austria,FP2,OCO,31,Haas F1 Team,33.0,4.0,HARD,27.0,False,105.598,41.895,34.99,28.713,,1,,False,True,True,,,8.5,31.917283950617286,47.1641975308642,False
2026,Austria,FP2,LIN,41,Racing Bulls,1.0,1.0,MEDIUM,1.0,True,,,39.371,26.413,,1,,False,True,True,,,8.5,31.917283950617286,47.1641975308642,False
2026,Austria,FP2,LIN,41,Racing Bulls,2.0,1.0,MEDIUM,2.0,True,69.665,17.204,31.307,21.154,,1,,True,False,True,,,8.5,31.917283950617286,47.1641975308642,False
2026,Austria,FP2,LIN,41,Racing Bulls,3.0,1.0,MEDIUM,3.0,True,108.6,23.395,51.949,33.256,,1,,True,False,True,,,8.5,31.917283950617286,47.1641975308642,False
2026,Austria,FP2,LIN,41,Racing Bulls,4.0,1.0,MEDIUM,4.0,True,99.077,28.524,44.25,26.303,,12,,True,False,False,,,8.5,31.917283950617286,47.1641975308642,False
2026,Austria,FP2,LIN,41,Racing Bulls,5.0,1.0,MEDIUM,5.0,True,68.974,17.026,30.958,20.99,,1,,True,False,True,,,8.5,31.917283950617286,47.1641975308642,False
2026,Austria,FP2,LIN,41,Racing Bulls,6.0,1.0,MEDIUM,6.0,True,83.663,19.996,37.649,26.018,,1,,False,True,True,,,8.5,31.917283950617286,47.1641975308642,False
2026,Austria,FP2,LIN,41,Racing Bulls,7.0,2.0,SOFT,1.0,True,,,38.831,25.625,,1,,False,True,True,,,8.5,31.917283950617286,47.1641975308642,False
2026,Austria,FP2,LIN,41,Racing Bulls,8.0,2.0,SOFT,2.0,True,68.417,16.989,30.543,20.885,,1,,True,False,True,,,8.5,31.917283950617286,47.1641975308642,False
2026,Austria,FP2,LIN,41,Racing Bulls,9.0,2.0,SOFT,3.0,True,103.341,22.507,45.886,34.948,,1,,True,False,True,,,8.5,31.917283950617286,47.1641975308642,False
2026,Austria,FP2,LIN,41,Racing Bulls,10.0,2.0,SOFT,4.0,True,98.925,28.061,41.838,29.026,,1,,True,False,True,,,8.5,31.917283950617286,47.1641975308642,False
2026,Austria,FP2,LIN,41,Racing Bulls,11.0,2.0,SOFT,5.0,True,68.378,17.005,30.569,20.804,,1,,True,False,True,,,8.5,31.917283950617286,47.1641975308642,False
2026,Austria,FP2,LIN,41,Racing Bulls,12.0,2.0,SOFT,6.0,True,77.982,19.039,33.202,25.741,,1,,False,True,True,,,8.5,31.917283950617286,47.1641975308642,False
2026,Austria,FP2,LIN,41,Racing Bulls,13.0,3.0,MEDIUM,7.0,False,,,33.535,22.166,,1,,False,True,True,,,8.5,31.917283950617286,47.1641975308642,False
2026,Austria,FP2,LIN,41,Racing Bulls,14.0,3.0,MEDIUM,8.0,False,72.063,17.37,32.461,22.232,,1,,True,False,True,,,8.5,31.917283950617286,47.1641975308642,False
2026,Austria,FP2,LIN,41,Racing Bulls,15.0,3.0,MEDIUM,9.0,False,71.969,17.369,32.253,22.347,,1,,True,False,True,,,8.5,31.917283950617286,47.1641975308642,False
2026,Austria,FP2,LIN,41,Racing Bulls,16.0,3.0,MEDIUM,10.0,False,71.828,17.299,32.211,22.318,,1,,True,False,True,,,8.5,31.917283950617286,47.1641975308642,False
2026,Austria,FP2,LIN,41,Racing Bulls,17.0,3.0,MEDIUM,11.0,False,74.112,17.751,34.044,22.317,,1,,True,False,True,,,8.5,31.917283950617286,47.1641975308642,False
2026,Austria,FP2,LIN,41,Racing Bulls,18.0,3.0,MEDIUM,12.0,False,72.096,17.429,32.348,22.319,,1,,True,False,True,,,8.5,31.917283950617286,47.1641975308642,False
2026,Austria,FP2,LIN,41,Racing Bulls,19.0,3.0,MEDIUM,13.0,False,72.348,17.418,32.528,22.402,,1,,True,False,True,,,8.5,31.917283950617286,47.1641975308642,False
2026,Austria,FP2,LIN,41,Racing Bulls,20.0,3.0,MEDIUM,14.0,False,72.064,17.446,32.33,22.288,,1,,True,False,True,,,8.5,31.917283950617286,47.1641975308642,False
2026,Austria,FP2,LIN,41,Racing Bulls,21.0,3.0,MEDIUM,15.0,False,72.68,17.513,32.691,22.476,,1,,True,False,True,,,8.5,31.917283950617286,47.1641975308642,False
2026,Austria,FP2,LIN,41,Racing Bulls,22.0,3.0,MEDIUM,16.0,False,72.743,17.571,32.789,22.383,,1,,True,False,True,,,8.5,31.917283950617286,47.1641975308642,False
2026,Austria,FP2,LIN,41,Racing Bulls,23.0,3.0,MEDIUM,17.0,False,72.907,17.543,32.822,22.542,,1,,True,False,True,,,8.5,31.917283950617286,47.1641975308642,False
2026,Austria,FP2,LIN,41,Racing Bulls,24.0,3.0,MEDIUM,18.0,False,73.109,17.629,32.822,22.658,,1,,True,False,True,,,8.5,31.917283950617286,47.1641975308642,False
2026,Austria,FP2,LIN,41,Racing Bulls,25.0,3.0,MEDIUM,19.0,False,73.376,17.587,32.946,22.843,,1,,True,False,True,,,8.5,31.917283950617286,47.1641975308642,False
2026,Austria,FP2,LIN,41,Racing Bulls,26.0,3.0,MEDIUM,20.0,False,73.276,17.549,32.891,22.836,,1,,True,False,True,,,8.5,31.917283950617286,47.1641975308642,False
2026,Austria,FP2,LIN,41,Racing Bulls,27.0,3.0,MEDIUM,21.0,False,73.133,17.594,32.901,22.638,,1,,True,False,True,,,8.5,31.917283950617286,47.1641975308642,False
2026,Austria,FP2,LIN,41,Racing Bulls,28.0,3.0,MEDIUM,22.0,False,147.219,19.915,42.03,85.274,,1,,True,False,True,,,8.5,31.917283950617286,47.1641975308642,False
2026,Austria,FP2,LIN,41,Racing Bulls,29.0,3.0,MEDIUM,23.0,False,87.542,22.035,37.239,28.268,,1,,False,True,True,,,8.5,31.917283950617286,47.1641975308642,False
2026,Austria,FP2,COL,43,Alpine,1.0,1.0,HARD,1.0,True,,,41.252,30.849,,1,,False,True,True,,,8.5,31.917283950617286,47.1641975308642,False
2026,Austria,FP2,COL,43,Alpine,2.0,1.0,HARD,2.0,True,70.898,17.411,31.749,21.738,,1,,True,False,True,,,8.5,31.917283950617286,47.1641975308642,False
2026,Austria,FP2,COL,43,Alpine,3.0,1.0,HARD,3.0,True,121.607,30.733,55.706,35.168,,1,,True,False,True,,,8.5,31.917283950617286,47.1641975308642,False
2026,Austria,FP2,COL,43,Alpine,4.0,1.0,HARD,4.0,True,99.935,22.905,50.17,26.86,,1,,True,False,True,,,8.5,31.917283950617286,47.1641975308642,False
2026,Austria,FP2,COL,43,Alpine,5.0,1.0,HARD,5.0,True,70.262,17.335,31.35,21.576999999999998,,1,,True,False,True,,,8.5,31.917283950617286,47.1641975308642,False
2026,Austria,FP2,COL,43,Alpine,6.0,1.0,HARD,6.0,True,142.869,30.21,73.958,38.701,,126,,False,True,False,,,8.5,31.917283950617286,47.1641975308642,False
2026,Austria,FP2,COL,43,Alpine,7.0,2.0,HARD,7.0,False,,56.771,68.397,54.656,,6,,False,True,False,,,8.5,31.917283950617286,47.1641975308642,False
2026,Austria,FP2,COL,43,Alpine,8.0,2.0,HARD,8.0,False,125.235,22.67,60.643,41.922,,67,,False,False,False,,,8.5,31.917283950617286,47.1641975308642,False
2026,Austria,FP2,COL,43,Alpine,9.0,2.0,HARD,9.0,False,89.872,22.977,40.571,26.324,,71,,False,False,False,,,8.5,31.917283950617286,47.1641975308642,False
2026,Austria,FP2,COL,43,Alpine,10.0,2.0,HARD,10.0,False,80.799,17.296,31.652,31.851,,1,,False,True,True,,,8.5,31.917283950617286,47.1641975308642,False
2026,Austria,FP2,COL,43,Alpine,11.0,3.0,SOFT,1.0,True,,,44.796,25.355,,12,,False,True,False,,,8.5,31.917283950617286,47.1641975308642,False
2026,Austria,FP2,COL,43,Alpine,12.0,3.0,SOFT,2.0,True,68.862,17.096,30.751,21.015,,1,,True,False,True,,,8.5,31.917283950617286,47.1641975308642,False
2026,Austria,FP2,COL,43,Alpine,13.0,3.0,SOFT,3.0,True,132.001,29.18,59.326,43.495,,1,,False,True,True,,,8.5,31.917283950617286,47.1641975308642,False
2026,Austria,FP2,COL,43,Alpine,14.0,4.0,SOFT,4.0,False,126.103,46.03,52.464,27.609,,1,,False,True,True,,,8.5,31.917283950617286,47.1641975308642,False
2026,Austria,FP2,COL,43,Alpine,15.0,4.0,SOFT,5.0,False,68.831,17.057,30.806,20.968,,1,,True,False,True,,,8.5,31.917283950617286,47.1641975308642,False
2026,Austria,FP2,COL,43,Alpine,16.0,4.0,SOFT,6.0,False,94.21,21.198,44.556,28.456,,1,,False,True,True,,,8.5,31.917283950617286,47.1641975308642,False
2026,Austria,FP2,COL,43,Alpine,17.0,5.0,HARD,11.0,False,,,36.203,22.963,,1,,False,True,True,,,8.5,31.917283950617286,47.1641975308642,False
2026,Austria,FP2,COL,43,Alpine,18.0,5.0,HARD,12.0,False,72.207,17.429,32.379,22.399,,1,,True,False,True,,,8.5,31.917283950617286,47.1641975308642,False
2026,Austria,FP2,COL,43,Alpine,19.0,5.0,HARD,13.0,False,71.594,17.399,31.983,22.212,,1,,True,False,True,,,8.5,31.917283950617286,47.1641975308642,False
2026,Austria,FP2,COL,43,Alpine,20.0,5.0,HARD,14.0,False,72.005,17.47,32.243,22.292,,1,,True,False,True,,,8.5,31.917283950617286,47.1641975308642,False
2026,Austria,FP2,COL,43,Alpine,21.0,5.0,HARD,15.0,False,72.24,17.504,32.418,22.318,,1,,True,False,True,,,8.5,31.917283950617286,47.1641975308642,False
2026,Austria,FP2,COL,43,Alpine,22.0,5.0,HARD,16.0,False,72.56,17.716,32.466,22.378,,1,,True,False,True,,,8.5,31.917283950617286,47.1641975308642,False
2026,Austria,FP2,COL,43,Alpine,23.0,5.0,HARD,17.0,False,72.499,17.591,32.499,22.409,,1,,True,False,True,,,8.5,31.917283950617286,47.1641975308642,False
2026,Austria,FP2,COL,43,Alpine,24.0,5.0,HARD,18.0,False,72.77,17.601,32.544,22.625,,1,,True,False,True,,,8.5,31.917283950617286,47.1641975308642,False
2026,Austria,FP2,COL,43,Alpine,25.0,5.0,HARD,19.0,False,72.645,17.599,32.584,22.462,,1,,True,False,True,,,8.5,31.917283950617286,47.1641975308642,False
2026,Austria,FP2,COL,43,Alpine,26.0,5.0,HARD,20.0,False,72.83,17.587,32.717,22.526,,1,,True,False,True,,,8.5,31.917283950617286,47.1641975308642,False
2026,Austria,FP2,COL,43,Alpine,27.0,5.0,HARD,21.0,False,73.383,17.614,33.05,22.719,,1,,True,False,True,,,8.5,31.917283950617286,47.1641975308642,False
2026,Austria,FP2,COL,43,Alpine,28.0,5.0,HARD,22.0,False,,23.671,47.506,90.381,,1,,False,False,True,,,8.5,31.917283950617286,47.1641975308642,False
2026,Austria,FP2,COL,43,Alpine,29.0,5.0,HARD,23.0,False,138.767,20.757,34.753,83.257,,1,,True,False,True,,,8.5,31.917283950617286,47.1641975308642,False
2026,Austria,FP2,COL,43,Alpine,30.0,5.0,HARD,24.0,False,103.406,30.3,43.829,29.277,,1,,False,True,True,,,8.5,31.917283950617286,47.1641975308642,False
2026,Austria,FP2,HAM,44,Ferrari,1.0,1.0,MEDIUM,1.0,True,,,41.192,23.948,,1,,False,True,True,,,8.5,31.917283950617286,47.1641975308642,False
2026,Austria,FP2,HAM,44,Ferrari,2.0,1.0,MEDIUM,2.0,True,93.286,22.067,43.931,27.288,,1,,True,False,True,,,8.5,31.917283950617286,47.1641975308642,False
2026,Austria,FP2,HAM,44,Ferrari,3.0,1.0,MEDIUM,3.0,True,68.95,17.056,30.809,21.085,,1,,True,False,True,,,8.5,31.917283950617286,47.1641975308642,False
2026,Austria,FP2,HAM,44,Ferrari,4.0,1.0,MEDIUM,4.0,True,122.843,29.518,57.22,36.105,,1,,False,True,True,,,8.5,31.917283950617286,47.1641975308642,False
2026,Austria,FP2,HAM,44,Ferrari,5.0,2.0,MEDIUM,5.0,False,127.855,43.525,48.973,35.357,,126,,False,True,False,,,8.5,31.917283950617286,47.1641975308642,False
2026,Austria,FP2,HAM,44,Ferrari,6.0,2.0,MEDIUM,6.0,False,127.982,33.067,62.513,32.402,,6,,False,False,False,,,8.5,31.917283950617286,47.1641975308642,False
2026,Austria,FP2,HAM,44,Ferrari,7.0,2.0,MEDIUM,7.0,False,144.192,20.446,78.465,45.281,,6,,False,False,False,,,8.5,31.917283950617286,47.1641975308642,False
2026,Austria,FP2,HAM,44,Ferrari,8.0,2.0,MEDIUM,8.0,False,124.976,19.59,65.276,40.11,,671,,False,False,False,,,8.5,31.917283950617286,47.1641975308642,False
2026,Austria,FP2,HAM,44,Ferrari,9.0,2.0,MEDIUM,9.0,False,85.694,17.147,39.419,29.128,,1,,True,False,True,,,8.5,31.917283950617286,47.1641975308642,False
2026,Austria,FP2,HAM,44,Ferrari,10.0,2.0,MEDIUM,10.0,False,68.675,17.109,30.642,20.924,,1,,True,False,True,,,8.5,31.917283950617286,47.1641975308642,False
2026,Austria,FP2,HAM,44,Ferrari,11.0,2.0,MEDIUM,11.0,False,113.778,25.324,56.741,31.713,,1,,True,False,True,,,8.5,31.917283950617286,47.1641975308642,False
2026,Austria,FP2,HAM,44,Ferrari,12.0,2.0,MEDIUM,12.0,False,68.801,16.962,30.773,21.066,,12,,True,False,False,,,8.5,31.917283950617286,47.1641975308642,False
2026,Austria,FP2,HAM,44,Ferrari,13.0,2.0,MEDIUM,13.0,False,91.989,19.072,40.941,31.976,,21,,False,True,False,,,8.5,31.917283950617286,47.1641975308642,False
2026,Austria,FP2,HAM,44,Ferrari,14.0,3.0,SOFT,1.0,True,,,43.013,24.516,,1,,False,True,True,,,8.5,31.917283950617286,47.1641975308642,False
2026,Austria,FP2,HAM,44,Ferrari,15.0,3.0,SOFT,2.0,True,67.611,16.764,30.26,20.587,,1,,True,False,True,,,8.5,31.917283950617286,47.1641975308642,False
2026,Austria,FP2,HAM,44,Ferrari,16.0,3.0,SOFT,3.0,True,124.808,25.984,58.515,40.309,,1,,True,False,True,,,8.5,31.917283950617286,47.1641975308642,False
2026,Austria,FP2,HAM,44,Ferrari,17.0,3.0,SOFT,4.0,True,114.541,31.174,56.52,26.847,,1,,True,False,True,,,8.5,31.917283950617286,47.1641975308642,False
2026,Austria,FP2,HAM,44,Ferrari,18.0,3.0,SOFT,5.0,True,89.348,16.802,46.223,26.323,,1,,True,False,True,,,8.5,31.917283950617286,47.1641975308642,False
2026,Austria,FP2,HAM,44,Ferrari,19.0,3.0,SOFT,6.0,True,75.545,17.097,32.22,26.228,,1,,False,True,True,,,8.5,31.917283950617286,47.1641975308642,False
2026,Austria,FP2,HAM,44,Ferrari,20.0,4.0,MEDIUM,14.0,False,,,34.96,23.377,,1,,False,True,True,,,8.5,31.917283950617286,47.1641975308642,False
2026,Austria,FP2,HAM,44,Ferrari,21.0,4.0,MEDIUM,15.0,False,71.461,17.584,32.009,21.868,,1,,True,False,True,,,8.5,31.917283950617286,47.1641975308642,False
2026,Austria,FP2,HAM,44,Ferrari,22.0,4.0,MEDIUM,16.0,False,71.236,17.363,31.977,21.896,,1,,True,False,True,,,8.5,31.917283950617286,47.1641975308642,False
2026,Austria,FP2,HAM,44,Ferrari,23.0,4.0,MEDIUM,17.0,False,71.556,17.434,32.014,22.108,,1,,True,False,True,,,8.5,31.917283950617286,47.1641975308642,False
2026,Austria,FP2,HAM,44,Ferrari,24.0,4.0,MEDIUM,18.0,False,76.877,17.533,35.683,23.661,,1,,True,False,True,,,8.5,31.917283950617286,47.1641975308642,False
2026,Austria,FP2,HAM,44,Ferrari,25.0,4.0,MEDIUM,19.0,False,71.615,17.418,32.201,21.996,,1,,True,False,True,,,8.5,31.917283950617286,47.1641975308642,False
2026,Austria,FP2,HAM,44,Ferrari,26.0,4.0,MEDIUM,20.0,False,72.452,17.763,32.489,22.2,,1,,True,False,True,,,8.5,31.917283950617286,47.1641975308642,False
2026,Austria,FP2,HAM,44,Ferrari,27.0,4.0,MEDIUM,21.0,False,72.316,17.568,32.538,22.21,,1,,True,False,True,,,8.5,31.917283950617286,47.1641975308642,False
2026,Austria,FP2,HAM,44,Ferrari,28.0,4.0,MEDIUM,22.0,False,82.343,17.584,34.707,30.052,,1,,False,True,True,,,8.5,31.917283950617286,47.1641975308642,False
2026,Austria,FP2,HAM,44,Ferrari,29.0,5.0,SOFT,7.0,False,,,33.656,21.887,,1,,False,True,True,,,8.5,31.917283950617286,47.1641975308642,False
2026,Austria,FP2,HAM,44,Ferrari,30.0,5.0,SOFT,8.0,False,71.875,17.389,32.087,22.399,,1,,True,False,True,,,8.5,31.917283950617286,47.1641975308642,False
2026,Austria,FP2,HAM,44,Ferrari,31.0,5.0,SOFT,9.0,False,107.66,17.387,42.36,47.913,,1,,True,False,True,,,8.5,31.917283950617286,47.1641975308642,False
2026,Austria,FP2,HAM,44,Ferrari,32.0,5.0,SOFT,10.0,False,144.391,56.914,45.783,41.694,,1,,True,False,True,,,8.5,31.917283950617286,47.1641975308642,False
2026,Austria,FP2,HAM,44,Ferrari,33.0,5.0,SOFT,11.0,False,97.875,38.764,32.642,26.469,,1,,False,True,True,,,8.5,31.917283950617286,47.1641975308642,False
2026,Austria,FP2,SAI,55,Williams,1.0,1.0,MEDIUM,1.0,True,,,39.339,24.93,,1,,False,True,True,,,8.5,31.917283950617286,47.1641975308642,False
2026,Austria,FP2,SAI,55,Williams,2.0,1.0,MEDIUM,2.0,True,71.296,17.512,31.773,22.011,,1,,True,False,True,,,8.5,31.917283950617286,47.1641975308642,False
2026,Austria,FP2,SAI,55,Williams,3.0,1.0,MEDIUM,3.0,True,111.636,31.137,53.8,26.699,,1,,True,False,True,,,8.5,31.917283950617286,47.1641975308642,False
2026,Austria,FP2,SAI,55,Williams,4.0,1.0,MEDIUM,4.0,True,70.977,17.425,31.538,22.014,,1,,True,False,True,,,8.5,31.917283950617286,47.1641975308642,False
2026,Austria,FP2,SAI,55,Williams,5.0,1.0,MEDIUM,5.0,True,110.767,29.207,45.8,35.76,,126,,False,True,False,,,8.5,31.917283950617286,47.1641975308642,False
2026,Austria,FP2,SAI,55,Williams,6.0,2.0,MEDIUM,6.0,False,132.582,49.247,46.148,37.187,,6,,False,True,False,,,8.5,31.917283950617286,47.1641975308642,False
2026,Austria,FP2,SAI,55,Williams,7.0,3.0,MEDIUM,7.0,False,,,37.014,26.565,,671,,False,True,False,,,8.5,31.917283950617286,47.1641975308642,False
2026,Austria,FP2,SAI,55,Williams,8.0,3.0,MEDIUM,8.0,False,71.578,17.611,31.803,22.164,,1,,True,False,True,,,8.5,31.917283950617286,47.1641975308642,False
2026,Austria,FP2,SAI,55,Williams,9.0,3.0,MEDIUM,9.0,False,98.442,26.03,46.534,25.878,,12,,True,False,False,,,8.5,31.917283950617286,47.1641975308642,False
2026,Austria,FP2,SAI,55,Williams,10.0,3.0,MEDIUM,10.0,False,88.739,17.628,45.003,26.108,,1,,True,False,True,,,8.5,31.917283950617286,47.1641975308642,False
2026,Austria,FP2,SAI,55,Williams,11.0,3.0,MEDIUM,11.0,False,76.883,17.458,32.282,27.143,,1,,False,True,True,,,8.5,31.917283950617286,47.1641975308642,False
2026,Austria,FP2,SAI,55,Williams,12.0,4.0,SOFT,1.0,True,,,43.33,26.963,,1,,False,True,True,,,8.5,31.917283950617286,47.1641975308642,False
2026,Austria,FP2,SAI,55,Williams,13.0,4.0,SOFT,2.0,True,82.717,19.66,38.399,24.658,,1,,True,False,True,,,8.5,31.917283950617286,47.1641975308642,False
2026,Austria,FP2,SAI,55,Williams,14.0,4.0,SOFT,3.0,True,69.478,17.018,31.027,21.433,,1,,True,False,True,,,8.5,31.917283950617286,47.1641975308642,False
2026,Austria,FP2,SAI,55,Williams,15.0,4.0,SOFT,4.0,True,117.753,29.435,49.943,38.375,,1,,False,True,True,,,8.5,31.917283950617286,47.1641975308642,False
2026,Austria,FP2,SAI,55,Williams,16.0,5.0,SOFT,5.0,False,99.983,35.09,40.851,24.042,,1,,False,True,True,,,8.5,31.917283950617286,47.1641975308642,False
2026,Austria,FP2,SAI,55,Williams,17.0,5.0,SOFT,6.0,False,69.131,17.075,30.826999999999998,21.229,,1,,True,False,True,,,8.5,31.917283950617286,47.1641975308642,False
2026,Austria,FP2,SAI,55,Williams,18.0,5.0,SOFT,7.0,False,85.676,20.422,36.958,28.296,,1,,False,True,True,,,8.5,31.917283950617286,47.1641975308642,False
2026,Austria,FP2,SAI,55,Williams,19.0,6.0,MEDIUM,12.0,False,,,33.49,22.695,,1,,False,True,True,,,8.5,31.917283950617286,47.1641975308642,False
2026,Austria,FP2,SAI,55,Williams,20.0,6.0,MEDIUM,13.0,False,72.89,17.6,32.501,22.789,,1,,True,False,True,,,8.5,31.917283950617286,47.1641975308642,False
2026,Austria,FP2,SAI,55,Williams,21.0,6.0,MEDIUM,14.0,False,72.805,17.532,32.611,22.662,,1,,True,False,True,,,8.5,31.917283950617286,47.1641975308642,False
2026,Austria,FP2,SAI,55,Williams,22.0,6.0,MEDIUM,15.0,False,72.781,17.581,32.535,22.665,,1,,True,False,True,,,8.5,31.917283950617286,47.1641975308642,False
2026,Austria,FP2,SAI,55,Williams,23.0,6.0,MEDIUM,16.0,False,73.118,17.862,32.593,22.663,,1,,True,False,True,,,8.5,31.917283950617286,47.1641975308642,False
2026,Austria,FP2,SAI,55,Williams,24.0,6.0,MEDIUM,17.0,False,73.163,17.669,32.646,22.848,,1,,True,False,True,,,8.5,31.917283950617286,47.1641975308642,False
2026,Austria,FP2,SAI,55,Williams,25.0,6.0,MEDIUM,18.0,False,73.184,17.781,32.606,22.797,,1,,True,False,True,,,8.5,31.917283950617286,47.1641975308642,False
2026,Austria,FP2,SAI,55,Williams,26.0,6.0,MEDIUM,19.0,False,73.622,17.709,32.934,22.979,,1,,True,False,True,,,8.5,31.917283950617286,47.1641975308642,False
2026,Austria,FP2,SAI,55,Williams,27.0,6.0,MEDIUM,20.0,False,74.013,17.776,32.858,23.379,,1,,True,False,True,,,8.5,31.917283950617286,47.1641975308642,False
2026,Austria,FP2,SAI,55,Williams,28.0,6.0,MEDIUM,21.0,False,110.002,25.752,41.136,43.114,,1,,True,False,True,,,8.5,31.917283950617286,47.1641975308642,False
2026,Austria,FP2,SAI,55,Williams,29.0,6.0,MEDIUM,22.0,False,133.443,56.258,34.445,42.74,,1,,True,False,True,,,8.5,31.917283950617286,47.1641975308642,False
2026,Austria,FP2,SAI,55,Williams,30.0,6.0,MEDIUM,23.0,False,115.144,52.226,33.598,29.32,,1,,False,True,True,,,8.5,31.917283950617286,47.1641975308642,False
2026,Austria,FP2,RUS,63,Mercedes,1.0,1.0,MEDIUM,1.0,True,,,46.296,31.804,,671,,False,True,False,,,8.5,31.917283950617286,47.1641975308642,False
2026,Austria,FP2,RUS,63,Mercedes,2.0,1.0,MEDIUM,2.0,True,108.007,27.389,48.523,32.095,,1,,True,False,True,,,8.5,31.917283950617286,47.1641975308642,False
2026,Austria,FP2,RUS,63,Mercedes,3.0,1.0,MEDIUM,3.0,True,68.416,17.018,30.699,20.699,,1,,True,False,True,,,8.5,31.917283950617286,47.1641975308642,False
2026,Austria,FP2,RUS,63,Mercedes,4.0,1.0,MEDIUM,4.0,True,117.531,30.52,50.611,36.4,,12,,True,False,False,,,8.5,31.917283950617286,47.1641975308642,False
2026,Austria,FP2,RUS,63,Mercedes,5.0,1.0,MEDIUM,5.0,True,107.636,30.705,49.393,27.538,,1,,True,False,True,,,8.5,31.917283950617286,47.1641975308642,False
2026,Austria,FP2,RUS,63,Mercedes,6.0,1.0,MEDIUM,6.0,True,68.221,16.932,30.678,20.611,,1,,True,False,True,,,8.5,31.917283950617286,47.1641975308642,False
2026,Austria,FP2,RUS,63,Mercedes,7.0,1.0,MEDIUM,7.0,True,106.968,26.987,48.713,31.268,,1,,False,True,True,,,8.5,31.917283950617286,47.1641975308642,False
2026,Austria,FP2,RUS,63,Mercedes,8.0,2.0,SOFT,1.0,True,,,47.883,30.131,,1,,False,True,True,,,8.5,31.917283950617286,47.1641975308642,False
2026,Austria,FP2,RUS,63,Mercedes,9.0,2.0,SOFT,2.0,True,67.739,16.746,30.349,20.644,,1,,True,False,True,,,8.5,31.917283950617286,47.1641975308642,False
2026,Austria,FP2,RUS,63,Mercedes,10.0,2.0,SOFT,3.0,True,126.436,33.851,53.157,39.428,,1,,True,False,True,,,8.5,31.917283950617286,47.1641975308642,False
2026,Austria,FP2,RUS,63,Mercedes,11.0,2.0,SOFT,4.0,True,111.812,30.708,51.244,29.86,,1,,True,False,True,,,8.5,31.917283950617286,47.1641975308642,False
2026,Austria,FP2,RUS,63,Mercedes,12.0,2.0,SOFT,5.0,True,106.711,24.404,50.978,31.329,,1,,True,False,True,,,8.5,31.917283950617286,47.1641975308642,False
2026,Austria,FP2,RUS,63,Mercedes,13.0,2.0,SOFT,6.0,True,67.637,16.791,30.303,20.543,,1,,True,False,True,,,8.5,31.917283950617286,47.1641975308642,False
2026,Austria,FP2,RUS,63,Mercedes,14.0,2.0,SOFT,7.0,True,85.186,19.425,36.034,29.727,,1,,False,True,True,,,8.5,31.917283950617286,47.1641975308642,False
2026,Austria,FP2,RUS,63,Mercedes,15.0,3.0,MEDIUM,8.0,False,,,34.085,22.406,,1,,False,True,True,,,8.5,31.917283950617286,47.1641975308642,False
2026,Austria,FP2,RUS,63,Mercedes,16.0,3.0,MEDIUM,9.0,False,71.18,17.379,31.98,21.821,,1,,True,False,True,,,8.5,31.917283950617286,47.1641975308642,False
2026,Austria,FP2,RUS,63,Mercedes,17.0,3.0,MEDIUM,10.0,False,71.329,17.3,32.087,21.942,,1,,True,False,True,,,8.5,31.917283950617286,47.1641975308642,False
2026,Austria,FP2,RUS,63,Mercedes,18.0,3.0,MEDIUM,11.0,False,71.155,17.381,32.02,21.754,,1,,True,False,True,,,8.5,31.917283950617286,47.1641975308642,False
2026,Austria,FP2,RUS,63,Mercedes,19.0,3.0,MEDIUM,12.0,False,75.101,17.336,35.858,21.907,,1,,True,False,True,,,8.5,31.917283950617286,47.1641975308642,False
2026,Austria,FP2,RUS,63,Mercedes,20.0,3.0,MEDIUM,13.0,False,71.214,17.287,32.098,21.829,,1,,True,False,True,,,8.5,31.917283950617286,47.1641975308642,False
2026,Austria,FP2,RUS,63,Mercedes,21.0,3.0,MEDIUM,14.0,False,76.016,17.307,32.105,26.604,,1,,False,True,True,,,8.5,31.917283950617286,47.1641975308642,False
2026,Austria,FP2,RUS,63,Mercedes,22.0,4.0,SOFT,8.0,False,91.186,35.511,32.797,22.878,,1,,False,True,True,,,8.5,31.917283950617286,47.1641975308642,False
2026,Austria,FP2,RUS,63,Mercedes,23.0,4.0,SOFT,9.0,False,123.909,25.039,48.48,50.39,,1,,True,False,True,,,8.5,31.917283950617286,47.1641975308642,False
2026,Austria,FP2,RUS,63,Mercedes,24.0,4.0,SOFT,10.0,False,137.366,58.257,40.04,39.069,,1,,True,False,True,,,8.5,31.917283950617286,47.1641975308642,False
2026,Austria,FP2,RUS,63,Mercedes,25.0,4.0,SOFT,11.0,False,117.657,52.286,34.31,31.061,,1,,False,True,True,,,8.5,31.917283950617286,47.1641975308642,False
2026,Austria,FP2,BOT,77,Cadillac,1.0,1.0,MEDIUM,1.0,True,,,39.144,30.696,,1,,False,True,True,,,8.5,31.917283950617286,47.1641975308642,False
2026,Austria,FP2,BOT,77,Cadillac,2.0,1.0,MEDIUM,2.0,True,71.307,17.509,31.718,22.08,,1,,True,False,True,,,8.5,31.917283950617286,47.1641975308642,False
2026,Austria,FP2,BOT,77,Cadillac,3.0,1.0,MEDIUM,3.0,True,125.277,29.265,58.382,37.63,,1,,True,False,True,,,8.5,31.917283950617286,47.1641975308642,False
2026,Austria,FP2,BOT,77,Cadillac,4.0,1.0,MEDIUM,4.0,True,104.372,27.467,49.148,27.757,,1,,True,False,True,,,8.5,31.917283950617286,47.1641975308642,False
2026,Austria,FP2,BOT,77,Cadillac,5.0,1.0,MEDIUM,5.0,True,109.476,17.249,53.312,38.915,,126,,False,True,False,,,8.5,31.917283950617286,47.1641975308642,False
2026,Austria,FP2,BOT,77,Cadillac,6.0,2.0,MEDIUM,6.0,False,,,81.301,63.168,,6712,,False,True,False,,,8.5,31.917283950617286,47.1641975308642,False
2026,Austria,FP2,PIA,81,McLaren,1.0,1.0,MEDIUM,1.0,True,,,43.694,28.99,,1,,False,True,True,,,8.5,31.917283950617286,47.1641975308642,False
2026,Austria,FP2,PIA,81,McLaren,2.0,1.0,MEDIUM,2.0,True,68.249,16.948,30.485,20.816,,1,,True,False,True,,,8.5,31.917283950617286,47.1641975308642,False
2026,Austria,FP2,PIA,81,McLaren,3.0,1.0,MEDIUM,3.0,True,103.126,26.378,46.297,30.451,,1,,True,False,True,,,8.5,31.917283950617286,47.1641975308642,False
2026,Austria,FP2,PIA,81,McLaren,4.0,1.0,MEDIUM,4.0,True,98.111,27.894,44.366,25.851,,12,,True,False,False,,,8.5,31.917283950617286,47.1641975308642,False
2026,Austria,FP2,PIA,81,McLaren,5.0,1.0,MEDIUM,5.0,True,129.799,23.361,71.102,35.336,,26,,False,False,False,,,8.5,31.917283950617286,47.1641975308642,False
2026,Austria,FP2,PIA,81,McLaren,6.0,1.0,MEDIUM,6.0,True,143.469,25.666,62.806,54.997,,6,,False,False,False,,,8.5,31.917283950617286,47.1641975308642,False
2026,Austria,FP2,PIA,81,McLaren,7.0,1.0,MEDIUM,7.0,True,136.039,21.932,78.808,35.299,,6,,False,True,False,,,8.5,31.917283950617286,47.1641975308642,False
2026,Austria,FP2,PIA,81,McLaren,8.0,2.0,MEDIUM,8.0,False,,,36.259,25.468,,671,,False,True,False,,,8.5,31.917283950617286,47.1641975308642,False
2026,Austria,FP2,PIA,81,McLaren,9.0,2.0,MEDIUM,9.0,False,68.214,16.963,30.474,20.777,,1,,True,False,True,,,8.5,31.917283950617286,47.1641975308642,False
2026,Austria,FP2,PIA,81,McLaren,10.0,2.0,MEDIUM,10.0,False,95.64,22.968,43.778,28.894,,12,,False,True,False,,,8.5,31.917283950617286,47.1641975308642,False
2026,Austria,FP2,PIA,81,McLaren,11.0,3.0,SOFT,1.0,True,,,36.445,23.908,,1,,False,True,True,,,8.5,31.917283950617286,47.1641975308642,False
2026,Austria,FP2,PIA,81,McLaren,12.0,3.0,SOFT,2.0,True,67.251,16.831,30.039,20.381,,1,,True,False,True,,,8.5,31.917283950617286,47.1641975308642,False
2026,Austria,FP2,PIA,81,McLaren,13.0,3.0,SOFT,3.0,True,101.674,25.414,42.837,33.423,,1,,False,True,True,,,8.5,31.917283950617286,47.1641975308642,False
2026,Austria,FP2,PIA,81,McLaren,14.0,4.0,SOFT,4.0,False,122.338,39.616,47.138,35.584,,1,,False,True,True,,,8.5,31.917283950617286,47.1641975308642,False
2026,Austria,FP2,PIA,81,McLaren,15.0,4.0,SOFT,5.0,False,69.482,17.057,30.088,22.337,,1,,True,False,True,,,8.5,31.917283950617286,47.1641975308642,False
2026,Austria,FP2,PIA,81,McLaren,16.0,4.0,SOFT,6.0,False,82.066,19.946,34.617,27.503,,1,,False,True,True,,,8.5,31.917283950617286,47.1641975308642,False
2026,Austria,FP2,PIA,81,McLaren,17.0,5.0,MEDIUM,11.0,False,,,34.61,26.407,,1,,False,True,True,,,8.5,31.917283950617286,47.1641975308642,False
2026,Austria,FP2,PIA,81,McLaren,18.0,5.0,MEDIUM,12.0,False,71.322,17.439,31.994,21.889,,1,,True,False,True,,,8.5,31.917283950617286,47.1641975308642,False
2026,Austria,FP2,PIA,81,McLaren,19.0,5.0,MEDIUM,13.0,False,70.845,17.364,31.725,21.756,,1,,True,False,True,,,8.5,31.917283950617286,47.1641975308642,False
2026,Austria,FP2,PIA,81,McLaren,20.0,5.0,MEDIUM,14.0,False,71.337,17.337,32.019,21.981,,1,,True,False,True,,,8.5,31.917283950617286,47.1641975308642,False
2026,Austria,FP2,PIA,81,McLaren,21.0,5.0,MEDIUM,15.0,False,71.768,17.416,32.306,22.046,,1,,True,False,True,,,8.5,31.917283950617286,47.1641975308642,False
2026,Austria,FP2,PIA,81,McLaren,22.0,5.0,MEDIUM,16.0,False,71.823,17.395,32.1,22.328,,1,,True,False,True,,,8.5,31.917283950617286,47.1641975308642,False
2026,Austria,FP2,PIA,81,McLaren,23.0,5.0,MEDIUM,17.0,False,72.648,17.632,32.737,22.279,,1,,True,False,True,,,8.5,31.917283950617286,47.1641975308642,False
2026,Austria,FP2,PIA,81,McLaren,24.0,5.0,MEDIUM,18.0,False,74.663,17.343,34.906,22.414,,1,,True,False,True,,,8.5,31.917283950617286,47.1641975308642,False
2026,Austria,FP2,PIA,81,McLaren,25.0,5.0,MEDIUM,19.0,False,72.261,17.543,32.493,22.225,,1,,True,False,True,,,8.5,31.917283950617286,47.1641975308642,False
2026,Austria,FP2,PIA,81,McLaren,26.0,5.0,MEDIUM,20.0,False,72.21,17.517,32.429,22.264,,1,,True,False,True,,,8.5,31.917283950617286,47.1641975308642,False
2026,Austria,FP2,PIA,81,McLaren,27.0,5.0,MEDIUM,21.0,False,73.118,17.491,33.083,22.544,,1,,True,False,True,,,8.5,31.917283950617286,47.1641975308642,False
2026,Austria,FP2,PIA,81,McLaren,28.0,5.0,MEDIUM,22.0,False,77.65,17.291,33.324,27.035,,1,,False,True,True,,,8.5,31.917283950617286,47.1641975308642,False
2026,Austria,FP2,PIA,81,McLaren,29.0,6.0,SOFT,7.0,False,97.883,34.921,36.576,26.386,,1,,False,True,True,,,8.5,31.917283950617286,47.1641975308642,False
2026,Austria,FP2,PIA,81,McLaren,30.0,6.0,SOFT,8.0,False,113.779,21.85,43.463,48.466,,1,,True,False,True,,,8.5,31.917283950617286,47.1641975308642,False
2026,Austria,FP2,PIA,81,McLaren,31.0,6.0,SOFT,9.0,False,144.266,55.971,43.837,44.458,,1,,True,False,True,,,8.5,31.917283950617286,47.1641975308642,False
2026,Austria,FP2,PIA,81,McLaren,32.0,6.0,SOFT,10.0,False,111.665,49.978,32.565,29.122,,1,,False,True,True,,,8.5,31.917283950617286,47.1641975308642,False
2026,Austria,FP2,BEA,87,Haas F1 Team,1.0,1.0,HARD,1.0,True,,,46.058,27.136,,1,,False,True,True,,,8.5,31.917283950617286,47.1641975308642,False
2026,Austria,FP2,BEA,87,Haas F1 Team,2.0,1.0,HARD,2.0,True,70.095,17.182,31.247,21.666,,1,,True,False,True,,,8.5,31.917283950617286,47.1641975308642,False
2026,Austria,FP2,BEA,87,Haas F1 Team,3.0,1.0,HARD,3.0,True,135.981,38.24,58.851,38.89,,1,,False,True,True,,,8.5,31.917283950617286,47.1641975308642,False
2026,Austria,FP2,BEA,87,Haas F1 Team,4.0,2.0,HARD,4.0,False,,71.141,66.4,40.971,,126,,False,True,False,,,8.5,31.917283950617286,47.1641975308642,False
2026,Austria,FP2,BEA,87,Haas F1 Team,5.0,2.0,HARD,5.0,False,,32.548,72.303,68.401,,6,,False,False,False,,,8.5,31.917283950617286,47.1641975308642,False
2026,Austria,FP2,BEA,87,Haas F1 Team,6.0,2.0,HARD,6.0,False,112.026,20.102,59.011,32.913,,6,,False,False,False,,,8.5,31.917283950617286,47.1641975308642,False
2026,Austria,FP2,BEA,87,Haas F1 Team,7.0,2.0,HARD,7.0,False,105.353,24.101,54.086,27.166,,671,,False,False,False,,,8.5,31.917283950617286,47.1641975308642,False
2026,Austria,FP2,BEA,87,Haas F1 Team,8.0,2.0,HARD,8.0,False,69.499,17.112,30.977,21.41,,1,,True,False,True,,,8.5,31.917283950617286,47.1641975308642,False
2026,Austria,FP2,BEA,87,Haas F1 Team,9.0,2.0,HARD,9.0,False,126.962,32.711,57.789,36.462,,1,,True,False,True,,,8.5,31.917283950617286,47.1641975308642,False
2026,Austria,FP2,BEA,87,Haas F1 Team,10.0,2.0,HARD,10.0,False,105.771,28.242,48.521,29.008,,1,,True,False,True,,,8.5,31.917283950617286,47.1641975308642,False
2026,Austria,FP2,BEA,87,Haas F1 Team,11.0,2.0,HARD,11.0,False,87.786,17.17,39.703,30.913,,12,,False,True,False,,,8.5,31.917283950617286,47.1641975308642,False
2026,Austria,FP2,BEA,87,Haas F1 Team,12.0,3.0,SOFT,1.0,True,,,39.636,24.859,,1,,False,True,True,,,8.5,31.917283950617286,47.1641975308642,False
2026,Austria,FP2,BEA,87,Haas F1 Team,13.0,3.0,SOFT,2.0,True,68.686,16.97,30.674,21.042,,1,,True,False,True,,,8.5,31.917283950617286,47.1641975308642,False
2026,Austria,FP2,BEA,87,Haas F1 Team,14.0,3.0,SOFT,3.0,True,,37.825,66.24,49.564,,1,,False,True,True,,,8.5,31.917283950617286,47.1641975308642,False
2026,Austria,FP2,BEA,87,Haas F1 Team,15.0,4.0,SOFT,4.0,False,145.102,71.899,47.598,25.605,,1,,False,True,True,,,8.5,31.917283950617286,47.1641975308642,False
2026,Austria,FP2,BEA,87,Haas F1 Team,16.0,4.0,SOFT,5.0,False,68.532,16.944,30.678,20.91,,1,,True,False,True,,,8.5,31.917283950617286,47.1641975308642,False
2026,Austria,FP2,BEA,87,Haas F1 Team,17.0,4.0,SOFT,6.0,False,94.758,18.673000000000002,42.741,33.344,,1,,False,True,True,,,8.5,31.917283950617286,47.1641975308642,False
2026,Austria,FP2,BEA,87,Haas F1 Team,18.0,5.0,SOFT,7.0,False,,,33.836,22.65,,1,,False,True,True,,,8.5,31.917283950617286,47.1641975308642,False
2026,Austria,FP2,BEA,87,Haas F1 Team,19.0,5.0,SOFT,8.0,False,76.259,17.495,32.959,25.805,,1,,True,False,True,,,8.5,31.917283950617286,47.1641975308642,False
2026,Austria,FP2,BEA,87,Haas F1 Team,20.0,5.0,SOFT,9.0,False,72.854,17.59,32.785,22.479,,1,,True,False,True,,,8.5,31.917283950617286,47.1641975308642,False
2026,Austria,FP2,BEA,87,Haas F1 Team,21.0,5.0,SOFT,10.0,False,72.399,17.583,32.463,22.353,,1,,True,False,True,,,8.5,31.917283950617286,47.1641975308642,False
2026,Austria,FP2,BEA,87,Haas F1 Team,22.0,5.0,SOFT,11.0,False,72.188,17.564,32.37,22.254,,1,,True,False,True,,,8.5,31.917283950617286,47.1641975308642,False
2026,Austria,FP2,BEA,87,Haas F1 Team,23.0,5.0,SOFT,12.0,False,72.404,17.603,32.39,22.411,,1,,True,False,True,,,8.5,31.917283950617286,47.1641975308642,False
2026,Austria,FP2,BEA,87,Haas F1 Team,24.0,5.0,SOFT,13.0,False,72.4,17.634,32.416,22.35,,1,,True,False,True,,,8.5,31.917283950617286,47.1641975308642,False
2026,Austria,FP2,BEA,87,Haas F1 Team,25.0,5.0,SOFT,14.0,False,72.654,17.685,32.419,22.55,,1,,True,False,True,,,8.5,31.917283950617286,47.1641975308642,False
2026,Austria,FP2,BEA,87,Haas F1 Team,26.0,5.0,SOFT,15.0,False,72.854,17.642,32.688,22.524,,1,,True,False,True,,,8.5,31.917283950617286,47.1641975308642,False
2026,Austria,FP2,BEA,87,Haas F1 Team,27.0,5.0,SOFT,16.0,False,76.626,17.672,32.709,26.245,,1,,False,True,True,,,8.5,31.917283950617286,47.1641975308642,False
2026,Austria,FP2,BEA,87,Haas F1 Team,28.0,6.0,HARD,12.0,False,93.23,37.465,33.074,22.691,,1,,False,True,True,,,8.5,31.917283950617286,47.1641975308642,False
2026,Austria,FP2,BEA,87,Haas F1 Team,29.0,6.0,HARD,13.0,False,72.372,17.428,32.533,22.411,,1,,True,False,True,,,8.5,31.917283950617286,47.1641975308642,False
2026,Austria,FP2,BEA,87,Haas F1 Team,30.0,6.0,HARD,14.0,False,72.169,17.602,32.33,22.237,,1,,True,False,True,,,8.5,31.917283950617286,47.1641975308642,False
2026,Austria,FP2,BEA,87,Haas F1 Team,31.0,6.0,HARD,15.0,False,99.276,17.561,38.527,43.188,,1,,True,False,True,,,8.5,31.917283950617286,47.1641975308642,False
2026,Austria,FP2,BEA,87,Haas F1 Team,32.0,6.0,HARD,16.0,False,134.183,51.997,43.973,38.213,,1,,True,False,True,,,8.5,31.917283950617286,47.1641975308642,False
2026,Austria,FP2,BEA,87,Haas F1 Team,33.0,6.0,HARD,17.0,False,110.601,50.889,33.494,26.218,,1,,False,True,True,,,8.5,31.917283950617286,47.1641975308642,False
2026,Austria,FP3,NOR,1,McLaren,1.0,1.0,SOFT,1.0,True,,,40.617,23.16,,1,,False,True,True,,,8.5,31.30246913580247,50.72962962962962,False
2026,Austria,FP3,NOR,1,McLaren,2.0,1.0,SOFT,2.0,True,67.832,16.902,30.28,20.65,,1,,True,False,True,,,8.5,31.30246913580247,50.72962962962962,False
2026,Austria,FP3,NOR,1,McLaren,3.0,1.0,SOFT,3.0,True,103.879,23.946,45.426,34.507,,1,,False,True,True,,,8.5,31.30246913580247,50.72962962962962,False
2026,Austria,FP3,NOR,1,McLaren,4.0,2.0,SOFT,4.0,False,,,40.871,22.797,,1,,False,True,True,,,8.5,31.30246913580247,50.72962962962962,False
2026,Austria,FP3,NOR,1,McLaren,5.0,2.0,SOFT,5.0,False,82.399,16.955,40.544,24.9,,1,,True,False,True,,,8.5,31.30246913580247,50.72962962962962,False
2026,Austria,FP3,NOR,1,McLaren,6.0,2.0,SOFT,6.0,False,67.681,16.917,30.158,20.606,,1,,True,False,True,,,8.5,31.30246913580247,50.72962962962962,False
2026,Austria,FP3,NOR,1,McLaren,7.0,2.0,SOFT,7.0,False,112.994,24.811,45.486,42.697,,1,,False,True,True,,,8.5,31.30246913580247,50.72962962962962,False
2026,Austria,FP3,NOR,1,McLaren,8.0,3.0,SOFT,8.0,False,115.152,45.516,40.445,29.191,,1,,False,True,True,,,8.5,31.30246913580247,50.72962962962962,False
2026,Austria,FP3,NOR,1,McLaren,9.0,3.0,SOFT,9.0,False,67.676,16.914,30.178,20.584,,1,,True,False,True,,,8.5,31.30246913580247,50.72962962962962,False
2026,Austria,FP3,NOR,1,McLaren,10.0,3.0,SOFT,10.0,False,90.283,21.078,38.265,30.94,,1,,False,True,True,,,8.5,31.30246913580247,50.72962962962962,False
2026,Austria,FP3,NOR,1,McLaren,11.0,4.0,SOFT,1.0,True,,,39.061,23.7,,1,,False,True,True,,,8.5,31.30246913580247,50.72962962962962,False
2026,Austria,FP3,NOR,1,McLaren,12.0,4.0,SOFT,2.0,True,67.36,16.772,30.004,20.584,,1,,True,False,True,,,8.5,31.30246913580247,50.72962962962962,False
2026,Austria,FP3,NOR,1,McLaren,13.0,4.0,SOFT,3.0,True,112.602,26.697,47.385,38.52,,1,,False,True,True,,,8.5,31.30246913580247,50.72962962962962,False
2026,Austria,FP3,NOR,1,McLaren,14.0,5.0,SOFT,4.0,False,120.112,56.028,39.953,24.131,,1,,False,True,True,,,8.5,31.30246913580247,50.72962962962962,False
2026,Austria,FP3,NOR,1,McLaren,15.0,5.0,SOFT,5.0,False,67.626,16.871,30.164,20.591,,1,,True,False,True,,,8.5,31.30246913580247,50.72962962962962,False
2026,Austria,FP3,NOR,1,McLaren,16.0,5.0,SOFT,6.0,False,85.327,18.998,34.417,31.912,,1,,False,True,True,,,8.5,31.30246913580247,50.72962962962962,False
2026,Austria,FP3,NOR,1,McLaren,17.0,6.0,SOFT,11.0,False,109.298,38.454,39.233,31.611,,1,,False,True,True,,,8.5,31.30246913580247,50.72962962962962,False
2026,Austria,FP3,NOR,1,McLaren,18.0,7.0,SOFT,12.0,False,,,40.694,26.94,,1,,False,True,True,,,8.5,31.30246913580247,50.72962962962962,False
2026,Austria,FP3,NOR,1,McLaren,19.0,7.0,SOFT,13.0,False,104.815,20.355,40.304,44.156,,1,,True,False,True,,,8.5,31.30246913580247,50.72962962962962,False
2026,Austria,FP3,NOR,1,McLaren,20.0,7.0,SOFT,14.0,False,111.153,49.239,33.428,28.486,,1,,False,True,True,,,8.5,31.30246913580247,50.72962962962962,False
2026,Austria,FP3,VER,3,Red Bull Racing,1.0,1.0,SOFT,1.0,True,,,37.928,25.407,,1,,False,True,True,,,8.5,31.30246913580247,50.72962962962962,False
2026,Austria,FP3,VER,3,Red Bull Racing,2.0,1.0,SOFT,2.0,True,67.804,16.802,30.337,20.665,,1,,True,False,True,,,8.5,31.30246913580247,50.72962962962962,False
2026,Austria,FP3,VER,3,Red Bull Racing,3.0,1.0,SOFT,3.0,True,136.625,34.492,59.605,42.528,,1,,False,True,True,,,8.5,31.30246913580247,50.72962962962962,False
2026,Austria,FP3,VER,3,Red Bull Racing,4.0,2.0,SOFT,4.0,False,118.624,38.613,54.306,25.705,,1,,False,True,True,,,8.5,31.30246913580247,50.72962962962962,False
2026,Austria,FP3,VER,3,Red Bull Racing,5.0,2.0,SOFT,5.0,False,67.746,16.891,30.135,20.72,,1,,True,False,True,,,8.5,31.30246913580247,50.72962962962962,False
2026,Austria,FP3,VER,3,Red Bull Racing,6.0,2.0,SOFT,6.0,False,137.39,33.493,60.089,43.808,,1,,False,True,True,,,8.5,31.30246913580247,50.72962962962962,False
2026,Austria,FP3,VER,3,Red Bull Racing,7.0,3.0,SOFT,7.0,False,126.868,41.864,58.213,26.791,,1,,False,True,True,,,8.5,31.30246913580247,50.72962962962962,False
2026,Austria,FP3,VER,3,Red Bull Racing,8.0,3.0,SOFT,8.0,False,67.607,16.81,30.22,20.576999999999998,,1,,True,False,True,,,8.5,31.30246913580247,50.72962962962962,False
2026,Austria,FP3,VER,3,Red Bull Racing,9.0,3.0,SOFT,9.0,False,81.501,19.609,34.959,26.933,,1,,False,True,True,,,8.5,31.30246913580247,50.72962962962962,False
2026,Austria,FP3,VER,3,Red Bull Racing,10.0,4.0,SOFT,1.0,True,,,40.013,24.282,,1,,False,True,True,,,8.5,31.30246913580247,50.72962962962962,False
2026,Austria,FP3,VER,3,Red Bull Racing,11.0,4.0,SOFT,2.0,True,67.369,16.697,30.188,20.484,,1,,True,False,True,,,8.5,31.30246913580247,50.72962962962962,False
2026,Austria,FP3,VER,3,Red Bull Racing,12.0,4.0,SOFT,3.0,True,113.772,26.482,52.189,35.101,,1,,False,True,True,,,8.5,31.30246913580247,50.72962962962962,False
2026,Austria,FP3,VER,3,Red Bull Racing,13.0,5.0,SOFT,4.0,False,,,42.437,42.346,,1,,False,True,True,,,8.5,31.30246913580247,50.72962962962962,False
2026,Austria,FP3,VER,3,Red Bull Racing,14.0,5.0,SOFT,5.0,False,92.643,19.932,46.038,26.673000000000002,,1,,True,False,True,,,8.5,31.30246913580247,50.72962962962962,False
2026,Austria,FP3,VER,3,Red Bull Racing,15.0,5.0,SOFT,6.0,False,114.887,21.907,46.63,46.35,,1,,True,False,True,,,8.5,31.30246913580247,50.72962962962962,False
2026,Austria,FP3,VER,3,Red Bull Racing,16.0,5.0,SOFT,7.0,False,109.87,48.161,34.816,26.893,,1,,False,True,True,,,8.5,31.30246913580247,50.72962962962962,False
2026,Austria,FP3,BOR,5,Audi,1.0,1.0,SOFT,1.0,True,,,42.397,34.013,,1,,False,True,True,,,8.5,31.30246913580247,50.72962962962962,False
2026,Austria,FP3,BOR,5,Audi,2.0,1.0,SOFT,2.0,True,68.793,17.113,30.725,20.955,,1,,True,False,True,,,8.5,31.30246913580247,50.72962962962962,False
2026,Austria,FP3,BOR,5,Audi,3.0,1.0,SOFT,3.0,True,115.426,27.74,51.588,36.098,,1,,False,True,True,,,8.5,31.30246913580247,50.72962962962962,False
2026,Austria,FP3,BOR,5,Audi,4.0,2.0,SOFT,4.0,False,,,44.001,32.299,,1,,False,True,True,,,8.5,31.30246913580247,50.72962962962962,False
2026,Austria,FP3,BOR,5,Audi,5.0,2.0,SOFT,5.0,False,68.625,17.066,30.729,20.83,,1,,True,False,True,,,8.5,31.30246913580247,50.72962962962962,False
2026,Austria,FP3,BOR,5,Audi,6.0,2.0,SOFT,6.0,False,97.18,24.424,41.673,31.083,,1,,False,True,True,,,8.5,31.30246913580247,50.72962962962962,False
2026,Austria,FP3,BOR,5,Audi,7.0,3.0,SOFT,7.0,False,,,38.956,38.624,,1,,False,True,True,,,8.5,31.30246913580247,50.72962962962962,False
2026,Austria,FP3,BOR,5,Audi,8.0,3.0,SOFT,8.0,False,70.348,17.259,31.82,21.269,,1,,True,False,True,,,8.5,31.30246913580247,50.72962962962962,False
2026,Austria,FP3,BOR,5,Audi,9.0,3.0,SOFT,9.0,False,81.415,20.232,34.065,27.118,,1,,False,True,True,,,8.5,31.30246913580247,50.72962962962962,False
2026,Austria,FP3,BOR,5,Audi,10.0,4.0,SOFT,10.0,False,98.361,44.01,32.431,21.92,,1,,False,True,True,,,8.5,31.30246913580247,50.72962962962962,False
2026,Austria,FP3,BOR,5,Audi,11.0,4.0,SOFT,11.0,False,70.431,17.226,31.567,21.638,,1,,True,False,True,,,8.5,31.30246913580247,50.72962962962962,False
2026,Austria,FP3,BOR,5,Audi,12.0,4.0,SOFT,12.0,False,70.515,17.28,31.59,21.645,,1,,True,False,True,,,8.5,31.30246913580247,50.72962962962962,False
2026,Austria,FP3,BOR,5,Audi,13.0,4.0,SOFT,13.0,False,70.443,17.285,31.574,21.584,,1,,True,False,True,,,8.5,31.30246913580247,50.72962962962962,False
2026,Austria,FP3,BOR,5,Audi,14.0,4.0,SOFT,14.0,False,74.964,17.309,31.545,26.11,,1,,False,True,True,,,8.5,31.30246913580247,50.72962962962962,False
2026,Austria,FP3,BOR,5,Audi,15.0,5.0,SOFT,1.0,True,,,39.242,24.763,,1,,False,True,True,,,8.5,31.30246913580247,50.72962962962962,False
2026,Austria,FP3,BOR,5,Audi,16.0,5.0,SOFT,2.0,True,68.311,16.934,30.574,20.803,,1,,True,False,True,,,8.5,31.30246913580247,50.72962962962962,False
2026,Austria,FP3,BOR,5,Audi,17.0,5.0,SOFT,3.0,True,104.973,23.622,47.446,33.905,,1,,False,True,True,,,8.5,31.30246913580247,50.72962962962962,False
2026,Austria,FP3,BOR,5,Audi,18.0,6.0,SOFT,4.0,False,,,46.869,28.015,,1,,False,True,True,,,8.5,31.30246913580247,50.72962962962962,False
2026,Austria,FP3,BOR,5,Audi,19.0,6.0,SOFT,5.0,False,68.522,17.114,30.532,20.876,,1,,True,False,True,,,8.5,31.30246913580247,50.72962962962962,False
2026,Austria,FP3,BOR,5,Audi,20.0,6.0,SOFT,6.0,False,94.21,21.55,44.149,28.511,,1,,True,False,True,,,8.5,31.30246913580247,50.72962962962962,False
2026,Austria,FP3,BOR,5,Audi,21.0,6.0,SOFT,7.0,False,106.298,18.385,43.458,44.455,,1,,True,False,True,,,8.5,31.30246913580247,50.72962962962962,False
2026,Austria,FP3,BOR,5,Audi,22.0,6.0,SOFT,8.0,False,110.629,45.17,35.909,29.55,,1,,False,True,True,,,8.5,31.30246913580247,50.72962962962962,False
2026,Austria,FP3,HAD,6,Red Bull Racing,1.0,1.0,HARD,1.0,True,,,37.144,24.324,,1,,False,True,True,,,8.5,31.30246913580247,50.72962962962962,False
2026,Austria,FP3,HAD,6,Red Bull Racing,2.0,1.0,HARD,2.0,True,69.23,17.09,31.101,21.039,,1,,True,False,True,,,8.5,31.30246913580247,50.72962962962962,False
2026,Austria,FP3,HAD,6,Red Bull Racing,3.0,1.0,HARD,3.0,True,128.136,31.007,56.425,40.704,,1,,True,False,True,,,8.5,31.30246913580247,50.72962962962962,False
2026,Austria,FP3,HAD,6,Red Bull Racing,4.0,1.0,HARD,4.0,True,113.976,32.73,49.078,32.168,,1,,True,False,True,,,8.5,31.30246913580247,50.72962962962962,False
2026,Austria,FP3,HAD,6,Red Bull Racing,5.0,1.0,HARD,5.0,True,68.55,17.04,30.627,20.883,,1,,True,False,True,,,8.5,31.30246913580247,50.72962962962962,False
2026,Austria,FP3,HAD,6,Red Bull Racing,6.0,1.0,HARD,6.0,True,97.471,22.393,44.507,30.571,,1,,False,True,True,,,8.5,31.30246913580247,50.72962962962962,False
2026,Austria,FP3,HAD,6,Red Bull Racing,7.0,2.0,HARD,7.0,False,,,48.375,30.951999999999998,,1,,False,True,True,,,8.5,31.30246913580247,50.72962962962962,False
2026,Austria,FP3,HAD,6,Red Bull Racing,8.0,2.0,HARD,8.0,False,68.501,16.848,30.798000000000002,20.855,,1,,True,False,True,,,8.5,31.30246913580247,50.72962962962962,False
2026,Austria,FP3,HAD,6,Red Bull Racing,9.0,2.0,HARD,9.0,False,74.53,20.819,32.575,21.136,,1,,True,False,True,,,8.5,31.30246913580247,50.72962962962962,False
2026,Austria,FP3,HAD,6,Red Bull Racing,10.0,2.0,HARD,10.0,False,69.562,17.003,31.371,21.188,,1,,True,False,True,,,8.5,31.30246913580247,50.72962962962962,False
2026,Austria,FP3,HAD,6,Red Bull Racing,11.0,2.0,HARD,11.0,False,70.251,16.918,31.806,21.527,,1,,True,False,True,,,8.5,31.30246913580247,50.72962962962962,False
2026,Austria,FP3,HAD,6,Red Bull Racing,12.0,2.0,HARD,12.0,False,69.875,17.105,31.536,21.234,,1,,True,False,True,,,8.5,31.30246913580247,50.72962962962962,False
2026,Austria,FP3,HAD,6,Red Bull Racing,13.0,2.0,HARD,13.0,False,69.681,16.993,31.397,21.291,,1,,True,False,True,,,8.5,31.30246913580247,50.72962962962962,False
2026,Austria,FP3,HAD,6,Red Bull Racing,14.0,2.0,HARD,14.0,False,69.819,16.996,31.481,21.342,,1,,True,False,True,,,8.5,31.30246913580247,50.72962962962962,False
2026,Austria,FP3,HAD,6,Red Bull Racing,15.0,2.0,HARD,15.0,False,77.196,17.427,32.15,27.619,,1,,False,True,True,,,8.5,31.30246913580247,50.72962962962962,False
2026,Austria,FP3,HAD,6,Red Bull Racing,16.0,3.0,SOFT,1.0,True,,,36.416,23.555,,1,,False,True,True,,,8.5,31.30246913580247,50.72962962962962,False
2026,Austria,FP3,HAD,6,Red Bull Racing,17.0,3.0,SOFT,2.0,True,101.353,25.348,46.259,29.746,,1,,True,False,True,,,8.5,31.30246913580247,50.72962962962962,False
2026,Austria,FP3,HAD,6,Red Bull Racing,18.0,3.0,SOFT,3.0,True,105.473,16.831,51.93,36.712,,1,,False,True,True,,,8.5,31.30246913580247,50.72962962962962,False
2026,Austria,FP3,HAD,6,Red Bull Racing,19.0,4.0,SOFT,4.0,False,130.45,57.255,45.241,27.954,,1,,False,True,True,,,8.5,31.30246913580247,50.72962962962962,False
2026,Austria,FP3,HAD,6,Red Bull Racing,20.0,4.0,SOFT,5.0,False,68.046,16.914,30.418,20.714,,1,,True,False,True,,,8.5,31.30246913580247,50.72962962962962,False
2026,Austria,FP3,HAD,6,Red Bull Racing,21.0,4.0,SOFT,6.0,False,129.905,31.643,56.31,41.952,,1,,True,False,True,,,8.5,31.30246913580247,50.72962962962962,False
2026,Austria,FP3,HAD,6,Red Bull Racing,22.0,4.0,SOFT,7.0,False,103.204,30.957,46.439,25.808,,1,,True,False,True,,,8.5,31.30246913580247,50.72962962962962,False
2026,Austria,FP3,HAD,6,Red Bull Racing,23.0,4.0,SOFT,8.0,False,92.084,16.94,43.232,31.912,,1,,True,False,True,,,8.5,31.30246913580247,50.72962962962962,False
2026,Austria,FP3,HAD,6,Red Bull Racing,24.0,4.0,SOFT,9.0,False,67.912,16.894,30.371,20.647,,1,,True,False,True,,,8.5,31.30246913580247,50.72962962962962,False
2026,Austria,FP3,HAD,6,Red Bull Racing,25.0,4.0,SOFT,10.0,False,96.221,29.206,39.127,27.888,,1,,True,False,True,,,8.5,31.30246913580247,50.72962962962962,False
2026,Austria,FP3,HAD,6,Red Bull Racing,26.0,4.0,SOFT,11.0,False,133.622,21.994,40.322,71.306,,1,,True,False,True,,,8.5,31.30246913580247,50.72962962962962,False
2026,Austria,FP3,HAD,6,Red Bull Racing,27.0,4.0,SOFT,12.0,False,98.893,18.754,42.875,37.264,,1,,False,True,True,,,8.5,31.30246913580247,50.72962962962962,False
2026,Austria,FP3,GAS,10,Alpine,1.0,1.0,SOFT,1.0,True,,,47.823,28.777,,1,,False,True,True,,,8.5,31.30246913580247,50.72962962962962,False
2026,Austria,FP3,GAS,10,Alpine,2.0,1.0,SOFT,2.0,True,68.373,16.974,30.569,20.83,,1,,True,False,True,,,8.5,31.30246913580247,50.72962962962962,False
2026,Austria,FP3,GAS,10,Alpine,3.0,1.0,SOFT,3.0,True,99.956,27.609,39.27,33.077,,1,,False,True,True,,,8.5,31.30246913580247,50.72962962962962,False
2026,Austria,FP3,GAS,10,Alpine,4.0,2.0,SOFT,4.0,False,,,43.028,27.592,,1,,False,True,True,,,8.5,31.30246913580247,50.72962962962962,False
2026,Austria,FP3,GAS,10,Alpine,5.0,2.0,SOFT,5.0,False,68.235,16.971,30.461,20.803,,1,,True,False,True,,,8.5,31.30246913580247,50.72962962962962,False
2026,Austria,FP3,GAS,10,Alpine,6.0,2.0,SOFT,6.0,False,97.946,24.808,44.268,28.87,,1,,False,True,True,,,8.5,31.30246913580247,50.72962962962962,False
2026,Austria,FP3,GAS,10,Alpine,7.0,3.0,SOFT,7.0,False,,,57.606,29.364,,1,,False,True,True,,,8.5,31.30246913580247,50.72962962962962,False
2026,Austria,FP3,GAS,10,Alpine,8.0,3.0,SOFT,8.0,False,68.747,16.941,30.736,21.07,,1,,True,False,True,,,8.5,31.30246913580247,50.72962962962962,False
2026,Austria,FP3,GAS,10,Alpine,9.0,3.0,SOFT,9.0,False,92.959,23.984,41.741,27.234,,1,,False,True,True,,,8.5,31.30246913580247,50.72962962962962,False
2026,Austria,FP3,GAS,10,Alpine,10.0,4.0,SOFT,1.0,True,,,38.739,27.042,,1,,False,True,True,,,8.5,31.30246913580247,50.72962962962962,False
2026,Austria,FP3,GAS,10,Alpine,11.0,4.0,SOFT,2.0,True,68.193,16.795,30.525,20.873,,1,,True,False,True,,,8.5,31.30246913580247,50.72962962962962,False
2026,Austria,FP3,GAS,10,Alpine,12.0,4.0,SOFT,3.0,True,116.887,27.453,47.542,41.892,,1,,False,True,True,,,8.5,31.30246913580247,50.72962962962962,False
2026,Austria,FP3,GAS,10,Alpine,13.0,5.0,SOFT,4.0,False,,,55.623,31.537,,1,,False,True,True,,,8.5,31.30246913580247,50.72962962962962,False
2026,Austria,FP3,GAS,10,Alpine,14.0,5.0,SOFT,5.0,False,100.221,25.705,43.833,30.683,,1,,True,False,True,,,8.5,31.30246913580247,50.72962962962962,False
2026,Austria,FP3,GAS,10,Alpine,15.0,5.0,SOFT,6.0,False,92.86,21.84,37.097,33.923,,1,,True,False,True,,,8.5,31.30246913580247,50.72962962962962,False
2026,Austria,FP3,GAS,10,Alpine,16.0,5.0,SOFT,7.0,False,113.461,51.315,34.857,27.289,,1,,False,True,True,,,8.5,31.30246913580247,50.72962962962962,False
2026,Austria,FP3,PER,11,Cadillac,1.0,1.0,MEDIUM,2.0,False,,,38.813,24.902,,1,,False,True,True,,,8.5,31.30246913580247,50.72962962962962,False
2026,Austria,FP3,PER,11,Cadillac,2.0,1.0,MEDIUM,3.0,False,71.437,17.604,31.823,22.01,,1,,True,False,True,,,8.5,31.30246913580247,50.72962962962962,False
2026,Austria,FP3,PER,11,Cadillac,3.0,1.0,MEDIUM,4.0,False,115.056,25.468,48.676,40.912,,1,,True,False,True,,,8.5,31.30246913580247,50.72962962962962,False
2026,Austria,FP3,PER,11,Cadillac,4.0,1.0,MEDIUM,5.0,False,120.368,33.079,55.985,31.304,,1,,True,False,True,,,8.5,31.30246913580247,50.72962962962962,False
2026,Austria,FP3,PER,11,Cadillac,5.0,1.0,MEDIUM,6.0,False,90.141,20.987,40.97,28.184,,1,,True,False,True,,,8.5,31.30246913580247,50.72962962962962,False
2026,Austria,FP3,PER,11,Cadillac,6.0,1.0,MEDIUM,7.0,False,70.944,17.458,31.743,21.743,,1,,True,False,True,,,8.5,31.30246913580247,50.72962962962962,False
2026,Austria,FP3,PER,11,Cadillac,7.0,1.0,MEDIUM,8.0,False,111.837,23.492,50.652,37.693,,1,,False,True,True,,,8.5,31.30246913580247,50.72962962962962,False
2026,Austria,FP3,PER,11,Cadillac,8.0,2.0,MEDIUM,9.0,False,142.659,69.458,43.104,30.097,,1,,False,True,True,,,8.5,31.30246913580247,50.72962962962962,False
2026,Austria,FP3,PER,11,Cadillac,9.0,2.0,MEDIUM,10.0,False,70.537,17.285,31.359,21.893,,1,,True,False,True,,,8.5,31.30246913580247,50.72962962962962,False
2026,Austria,FP3,PER,11,Cadillac,10.0,2.0,MEDIUM,11.0,False,93.425,21.8,38.511,33.114,,1,,False,True,True,,,8.5,31.30246913580247,50.72962962962962,False
2026,Austria,FP3,PER,11,Cadillac,11.0,3.0,MEDIUM,12.0,False,,,37.081,24.052,,1,,False,True,True,,,8.5,31.30246913580247,50.72962962962962,False
2026,Austria,FP3,PER,11,Cadillac,12.0,3.0,MEDIUM,13.0,False,73.618,17.775,32.962,22.881,,1,,True,False,True,,,8.5,31.30246913580247,50.72962962962962,False
2026,Austria,FP3,PER,11,Cadillac,13.0,3.0,MEDIUM,14.0,False,73.45,17.924,32.808,22.718,,1,,True,False,True,,,8.5,31.30246913580247,50.72962962962962,False
2026,Austria,FP3,PER,11,Cadillac,14.0,3.0,MEDIUM,15.0,False,73.482,17.771,33.005,22.706,,1,,True,False,True,,,8.5,31.30246913580247,50.72962962962962,False
2026,Austria,FP3,PER,11,Cadillac,15.0,3.0,MEDIUM,16.0,False,74.174,17.683,33.431,23.06,,1,,True,False,True,,,8.5,31.30246913580247,50.72962962962962,False
2026,Austria,FP3,PER,11,Cadillac,16.0,3.0,MEDIUM,17.0,False,73.955,17.926,33.194,22.835,,1,,True,False,True,,,8.5,31.30246913580247,50.72962962962962,False
2026,Austria,FP3,PER,11,Cadillac,17.0,3.0,MEDIUM,18.0,False,73.915,17.733,33.005,23.177,,1,,True,False,True,,,8.5,31.30246913580247,50.72962962962962,False
2026,Austria,FP3,PER,11,Cadillac,18.0,3.0,MEDIUM,19.0,False,74.035,18.294,32.782,22.959,,1,,True,False,True,,,8.5,31.30246913580247,50.72962962962962,False
2026,Austria,FP3,PER,11,Cadillac,19.0,3.0,MEDIUM,20.0,False,73.591,17.677,32.946,22.968,,1,,True,False,True,,,8.5,31.30246913580247,50.72962962962962,False
2026,Austria,FP3,PER,11,Cadillac,20.0,3.0,MEDIUM,21.0,False,74.214,17.873,33.315,23.026,,1,,True,False,True,,,8.5,31.30246913580247,50.72962962962962,False
2026,Austria,FP3,PER,11,Cadillac,21.0,3.0,MEDIUM,22.0,False,99.093,20.205,41.308,37.58,,1,,False,True,True,,,8.5,31.30246913580247,50.72962962962962,False
2026,Austria,FP3,PER,11,Cadillac,22.0,4.0,SOFT,1.0,True,,,35.981,24.223,,1,,False,True,True,,,8.5,31.30246913580247,50.72962962962962,False
2026,Austria,FP3,PER,11,Cadillac,23.0,4.0,SOFT,2.0,True,69.532,17.032,30.933,21.567,,1,,True,False,True,,,8.5,31.30246913580247,50.72962962962962,False
2026,Austria,FP3,PER,11,Cadillac,24.0,4.0,SOFT,3.0,True,130.43,28.298,62.23,39.902,,1,,True,False,True,,,8.5,31.30246913580247,50.72962962962962,False
2026,Austria,FP3,PER,11,Cadillac,25.0,4.0,SOFT,4.0,True,121.597,36.45,51.749,33.398,,1,,True,False,True,,,8.5,31.30246913580247,50.72962962962962,False
2026,Austria,FP3,PER,11,Cadillac,26.0,4.0,SOFT,5.0,True,101.025,17.136,44.915,38.974,,1,,True,False,True,,,8.5,31.30246913580247,50.72962962962962,False
2026,Austria,FP3,PER,11,Cadillac,27.0,4.0,SOFT,6.0,True,97.52,16.969,49.091,31.46,,1,,True,False,True,,,8.5,31.30246913580247,50.72962962962962,False
2026,Austria,FP3,PER,11,Cadillac,28.0,4.0,SOFT,7.0,True,103.79,23.182,43.362,37.246,,1,,True,False,True,,,8.5,31.30246913580247,50.72962962962962,False
2026,Austria,FP3,PER,11,Cadillac,29.0,4.0,SOFT,8.0,True,112.795,47.198,35.519,30.078,,1,,False,True,True,,,8.5,31.30246913580247,50.72962962962962,False
2026,Austria,FP3,ANT,12,Mercedes,1.0,1.0,SOFT,1.0,True,,,42.323,25.41,,1,,False,True,True,,,8.5,31.30246913580247,50.72962962962962,False
2026,Austria,FP3,ANT,12,Mercedes,2.0,1.0,SOFT,2.0,True,67.533,16.798000000000002,30.225,20.51,,1,,True,False,True,,,8.5,31.30246913580247,50.72962962962962,False
2026,Austria,FP3,ANT,12,Mercedes,3.0,1.0,SOFT,3.0,True,100.439,19.843,40.671,39.925,,1,,False,True,True,,,8.5,31.30246913580247,50.72962962962962,False
2026,Austria,FP3,ANT,12,Mercedes,4.0,2.0,SOFT,4.0,False,,,47.594,31.549,,1,,False,True,True,,,8.5,31.30246913580247,50.72962962962962,False
2026,Austria,FP3,ANT,12,Mercedes,5.0,2.0,SOFT,5.0,False,67.134,16.682,30.054,20.398,,1,,True,False,True,,,8.5,31.30246913580247,50.72962962962962,False
2026,Austria,FP3,ANT,12,Mercedes,6.0,2.0,SOFT,6.0,False,85.355,18.967,35.277,31.111,,1,,False,True,True,,,8.5,31.30246913580247,50.72962962962962,False
2026,Austria,FP3,ANT,12,Mercedes,7.0,3.0,SOFT,1.0,True,,,38.776,24.766,,1,,False,True,True,,,8.5,31.30246913580247,50.72962962962962,False
2026,Austria,FP3,ANT,12,Mercedes,8.0,3.0,SOFT,2.0,True,67.193,16.804,30.068,20.321,,1,,True,False,True,,,8.5,31.30246913580247,50.72962962962962,False
2026,Austria,FP3,ANT,12,Mercedes,9.0,3.0,SOFT,3.0,True,106.478,24.877,46.375,35.226,,1,,False,True,True,,,8.5,31.30246913580247,50.72962962962962,False
2026,Austria,FP3,ANT,12,Mercedes,10.0,4.0,SOFT,4.0,False,,,42.135,24.555,,1,,False,True,True,,,8.5,31.30246913580247,50.72962962962962,False
2026,Austria,FP3,ANT,12,Mercedes,11.0,4.0,SOFT,5.0,False,67.606,16.907,30.083,20.616,,1,,True,False,True,,,8.5,31.30246913580247,50.72962962962962,False
2026,Austria,FP3,ANT,12,Mercedes,12.0,4.0,SOFT,6.0,False,100.186,25.405,41.589,33.192,,1,,False,True,True,,,8.5,31.30246913580247,50.72962962962962,False
2026,Austria,FP3,ANT,12,Mercedes,13.0,5.0,SOFT,7.0,False,121.186,54.704,38.734,27.748,,1,,False,True,True,,,8.5,31.30246913580247,50.72962962962962,False
2026,Austria,FP3,ANT,12,Mercedes,14.0,5.0,SOFT,8.0,False,76.523,16.826,30.215,29.482,,1,,False,True,True,,,8.5,31.30246913580247,50.72962962962962,False
2026,Austria,FP3,ANT,12,Mercedes,15.0,6.0,SOFT,9.0,False,109.13,40.615,41.246,27.269,,1,,False,True,True,,,8.5,31.30246913580247,50.72962962962962,False
2026,Austria,FP3,ANT,12,Mercedes,16.0,6.0,SOFT,10.0,False,134.657,21.496,35.948,77.213,,1,,True,False,True,,,8.5,31.30246913580247,50.72962962962962,False
2026,Austria,FP3,ANT,12,Mercedes,17.0,6.0,SOFT,11.0,False,86.768,19.137,36.35,31.281,,1,,False,True,True,,,8.5,31.30246913580247,50.72962962962962,False
2026,Austria,FP3,ALO,14,Aston Martin,1.0,1.0,MEDIUM,1.0,True,,,37.955,25.026,,1,,False,True,True,,,8.5,31.30246913580247,50.72962962962962,False
2026,Austria,FP3,ALO,14,Aston Martin,2.0,1.0,MEDIUM,2.0,True,71.704,17.742,31.933,22.029,,1,,True,False,True,,,8.5,31.30246913580247,50.72962962962962,False
2026,Austria,FP3,ALO,14,Aston Martin,3.0,1.0,MEDIUM,3.0,True,103.187,31.038,45.833,26.316,,1,,True,False,True,,,8.5,31.30246913580247,50.72962962962962,False
2026,Austria,FP3,ALO,14,Aston Martin,4.0,1.0,MEDIUM,4.0,True,71.497,17.726,31.831,21.94,,1,,True,False,True,,,8.5,31.30246913580247,50.72962962962962,False
2026,Austria,FP3,ALO,14,Aston Martin,5.0,1.0,MEDIUM,5.0,True,105.0,24.495,50.154,30.351,,1,,True,False,True,,,8.5,31.30246913580247,50.72962962962962,False
2026,Austria,FP3,ALO,14,Aston Martin,6.0,1.0,MEDIUM,6.0,True,106.612,35.699,45.043,25.87,,1,,True,False,True,,,8.5,31.30246913580247,50.72962962962962,False
2026,Austria,FP3,ALO,14,Aston Martin,7.0,1.0,MEDIUM,7.0,True,72.52,17.835,31.938,22.747,,1,,True,False,True,,,8.5,31.30246913580247,50.72962962962962,False
2026,Austria,FP3,ALO,14,Aston Martin,8.0,1.0,MEDIUM,8.0,True,97.465,21.782,41.273,34.41,,1,,False,True,True,,,8.5,31.30246913580247,50.72962962962962,False
2026,Austria,FP3,ALO,14,Aston Martin,9.0,2.0,MEDIUM,9.0,False,,,40.524,25.735,,1,,False,True,True,,,8.5,31.30246913580247,50.72962962962962,False
2026,Austria,FP3,ALO,14,Aston Martin,10.0,2.0,MEDIUM,10.0,False,85.649,17.798000000000002,32.165,35.686,,1,,False,True,True,,,8.5,31.30246913580247,50.72962962962962,False
2026,Austria,FP3,ALO,14,Aston Martin,11.0,3.0,MEDIUM,11.0,False,127.245,54.22,45.714,27.311,,1,,False,True,True,,,8.5,31.30246913580247,50.72962962962962,False
2026,Austria,FP3,ALO,14,Aston Martin,12.0,3.0,MEDIUM,12.0,False,71.89,17.761,31.946,22.183,,1,,True,False,True,,,8.5,31.30246913580247,50.72962962962962,False
2026,Austria,FP3,ALO,14,Aston Martin,13.0,3.0,MEDIUM,13.0,False,85.413,20.292,35.592,29.529,,1,,False,True,True,,,8.5,31.30246913580247,50.72962962962962,False
2026,Austria,FP3,ALO,14,Aston Martin,14.0,4.0,SOFT,1.0,True,,,40.058,26.234,,1,,False,True,True,,,8.5,31.30246913580247,50.72962962962962,False
2026,Austria,FP3,ALO,14,Aston Martin,15.0,4.0,SOFT,2.0,True,70.421,17.463,31.413,21.545,,1,,True,False,True,,,8.5,31.30246913580247,50.72962962962962,False
2026,Austria,FP3,ALO,14,Aston Martin,16.0,4.0,SOFT,3.0,True,109.592,28.459,44.788,36.345,,1,,False,True,True,,,8.5,31.30246913580247,50.72962962962962,False
2026,Austria,FP3,ALO,14,Aston Martin,17.0,5.0,SOFT,4.0,False,131.276,58.261,46.441,26.574,,1,,False,True,True,,,8.5,31.30246913580247,50.72962962962962,False
2026,Austria,FP3,ALO,14,Aston Martin,18.0,5.0,SOFT,5.0,False,71.125,17.61,31.555,21.96,,1,,True,False,True,,,8.5,31.30246913580247,50.72962962962962,False
2026,Austria,FP3,ALO,14,Aston Martin,19.0,5.0,SOFT,6.0,False,84.866,22.682,37.746,24.438,,1,,True,False,True,,,8.5,31.30246913580247,50.72962962962962,False
2026,Austria,FP3,ALO,14,Aston Martin,20.0,5.0,SOFT,7.0,False,81.159,19.355,34.726,27.078,,1,,True,False,True,,,8.5,31.30246913580247,50.72962962962962,False
2026,Austria,FP3,ALO,14,Aston Martin,21.0,5.0,SOFT,8.0,False,126.49,57.769,35.464,33.257,,1,,False,True,True,,,8.5,31.30246913580247,50.72962962962962,False
2026,Austria,FP3,LEC,16,Ferrari,1.0,1.0,SOFT,1.0,True,,,40.693,27.39,,1,,False,True,True,,,8.5,31.30246913580247,50.72962962962962,False
2026,Austria,FP3,LEC,16,Ferrari,2.0,1.0,SOFT,2.0,True,68.635,17.033,30.725,20.877,,1,,True,False,True,,,8.5,31.30246913580247,50.72962962962962,False
2026,Austria,FP3,LEC,16,Ferrari,3.0,1.0,SOFT,3.0,True,116.791,27.966,51.042,37.783,,1,,False,True,True,,,8.5,31.30246913580247,50.72962962962962,False
2026,Austria,FP3,LEC,16,Ferrari,4.0,2.0,SOFT,4.0,False,117.411,42.835,45.813,28.763,,1,,False,True,True,,,8.5,31.30246913580247,50.72962962962962,False
2026,Austria,FP3,LEC,16,Ferrari,5.0,2.0,SOFT,5.0,False,80.799,17.758,37.732,25.309,,1,,True,False,True,,,8.5,31.30246913580247,50.72962962962962,False
2026,Austria,FP3,LEC,16,Ferrari,6.0,2.0,SOFT,6.0,False,67.688,16.847,30.29,20.551,,1,,True,False,True,,,8.5,31.30246913580247,50.72962962962962,False
2026,Austria,FP3,LEC,16,Ferrari,7.0,2.0,SOFT,7.0,False,102.397,21.841,48.098,32.458,,1,,False,True,True,,,8.5,31.30246913580247,50.72962962962962,False
2026,Austria,FP3,LEC,16,Ferrari,8.0,3.0,SOFT,8.0,False,,,46.42,31.192,,1,,False,True,True,,,8.5,31.30246913580247,50.72962962962962,False
2026,Austria,FP3,LEC,16,Ferrari,9.0,3.0,SOFT,9.0,False,67.558,16.861,30.154,20.543,,1,,True,False,True,,,8.5,31.30246913580247,50.72962962962962,False
2026,Austria,FP3,LEC,16,Ferrari,10.0,3.0,SOFT,10.0,False,108.217,24.272,47.865,36.08,,1,,False,True,True,,,8.5,31.30246913580247,50.72962962962962,False
2026,Austria,FP3,LEC,16,Ferrari,11.0,4.0,SOFT,11.0,False,109.922,41.884,42.205,25.833,,1,,False,True,True,,,8.5,31.30246913580247,50.72962962962962,False
2026,Austria,FP3,LEC,16,Ferrari,12.0,4.0,SOFT,12.0,False,73.32,16.808,30.209,26.303,,1,,False,True,True,,,8.5,31.30246913580247,50.72962962962962,False
2026,Austria,FP3,LEC,16,Ferrari,13.0,5.0,SOFT,1.0,True,,,42.739,24.422,,1,,False,True,True,,,8.5,31.30246913580247,50.72962962962962,False
2026,Austria,FP3,LEC,16,Ferrari,14.0,5.0,SOFT,2.0,True,99.394,16.652,44.788,37.954,,1,,False,True,True,,,8.5,31.30246913580247,50.72962962962962,False
2026,Austria,FP3,LEC,16,Ferrari,15.0,6.0,SOFT,3.0,False,104.07,35.311,43.378,25.381,,1,,False,True,True,,,8.5,31.30246913580247,50.72962962962962,False
2026,Austria,FP3,LEC,16,Ferrari,16.0,6.0,SOFT,4.0,False,90.183,16.863,41.126,32.194,,1,,False,True,True,,,8.5,31.30246913580247,50.72962962962962,False
2026,Austria,FP3,LEC,16,Ferrari,17.0,7.0,SOFT,5.0,False,108.759,37.51,44.917,26.332,,1,,False,True,True,,,8.5,31.30246913580247,50.72962962962962,False
2026,Austria,FP3,LEC,16,Ferrari,18.0,7.0,SOFT,6.0,False,67.623,16.77,30.293,20.56,,1,,True,False,True,,,8.5,31.30246913580247,50.72962962962962,False
2026,Austria,FP3,LEC,16,Ferrari,19.0,7.0,SOFT,7.0,False,106.333,24.426,47.755,34.152,,1,,False,True,True,,,8.5,31.30246913580247,50.72962962962962,False
2026,Austria,FP3,LEC,16,Ferrari,20.0,8.0,SOFT,8.0,False,137.031,57.623,45.295,34.113,,1,,False,True,True,,,8.5,31.30246913580247,50.72962962962962,False
2026,Austria,FP3,LEC,16,Ferrari,21.0,8.0,SOFT,9.0,False,67.452,16.754,30.151,20.547,,1,,True,False,True,,,8.5,31.30246913580247,50.72962962962962,False
2026,Austria,FP3,LEC,16,Ferrari,22.0,8.0,SOFT,10.0,False,87.425,21.813,40.097,25.515,,1,,True,False,True,,,8.5,31.30246913580247,50.72962962962962,False
2026,Austria,FP3,LEC,16,Ferrari,23.0,8.0,SOFT,11.0,False,,23.585,39.83,93.314,,1,,False,False,True,,,8.5,31.30246913580247,50.72962962962962,False
2026,Austria,FP3,LEC,16,Ferrari,24.0,8.0,SOFT,12.0,False,106.236,22.87,47.65,35.716,,1,,False,True,True,,,8.5,31.30246913580247,50.72962962962962,False
2026,Austria,FP3,STR,18,Aston Martin,1.0,1.0,MEDIUM,1.0,True,,,37.869,26.047,,1,,False,True,True,,,8.5,31.30246913580247,50.72962962962962,False
2026,Austria,FP3,STR,18,Aston Martin,2.0,1.0,MEDIUM,2.0,True,72.123,17.917,31.901,22.305,,1,,True,False,True,,,8.5,31.30246913580247,50.72962962962962,False
2026,Austria,FP3,STR,18,Aston Martin,3.0,1.0,MEDIUM,3.0,True,110.19,26.62,52.498,31.072,,1,,True,False,True,,,8.5,31.30246913580247,50.72962962962962,False
2026,Austria,FP3,STR,18,Aston Martin,4.0,1.0,MEDIUM,4.0,True,71.478,17.694,31.75,22.034,,1,,True,False,True,,,8.5,31.30246913580247,50.72962962962962,False
2026,Austria,FP3,STR,18,Aston Martin,5.0,1.0,MEDIUM,5.0,True,114.875,27.663,55.524,31.688,,1,,True,False,True,,,8.5,31.30246913580247,50.72962962962962,False
2026,Austria,FP3,STR,18,Aston Martin,6.0,1.0,MEDIUM,6.0,True,71.402,17.68,31.74,21.982,,1,,True,False,True,,,8.5,31.30246913580247,50.72962962962962,False
2026,Austria,FP3,STR,18,Aston Martin,7.0,1.0,MEDIUM,7.0,True,108.105,27.453,47.725,32.927,,1,,False,True,True,,,8.5,31.30246913580247,50.72962962962962,False
2026,Austria,FP3,STR,18,Aston Martin,8.0,2.0,MEDIUM,8.0,False,,,37.517,28.211,,1,,False,True,True,,,8.5,31.30246913580247,50.72962962962962,False
2026,Austria,FP3,STR,18,Aston Martin,9.0,2.0,MEDIUM,9.0,False,71.597,17.726,31.784,22.087,,1,,True,False,True,,,8.5,31.30246913580247,50.72962962962962,False
2026,Austria,FP3,STR,18,Aston Martin,10.0,2.0,MEDIUM,10.0,False,107.589,26.787,52.807,27.995,,1,,True,False,True,,,8.5,31.30246913580247,50.72962962962962,False
2026,Austria,FP3,STR,18,Aston Martin,11.0,2.0,MEDIUM,11.0,False,94.214,17.566,39.657,36.991,,1,,False,True,True,,,8.5,31.30246913580247,50.72962962962962,False
2026,Austria,FP3,STR,18,Aston Martin,12.0,3.0,SOFT,1.0,True,,,44.436,25.857,,1,,False,True,True,,,8.5,31.30246913580247,50.72962962962962,False
2026,Austria,FP3,STR,18,Aston Martin,13.0,3.0,SOFT,2.0,True,70.704,17.501,31.43,21.773,,1,,True,False,True,,,8.5,31.30246913580247,50.72962962962962,False
2026,Austria,FP3,STR,18,Aston Martin,14.0,3.0,SOFT,3.0,True,116.744,26.832,50.972,38.94,,1,,False,True,True,,,8.5,31.30246913580247,50.72962962962962,False
2026,Austria,FP3,STR,18,Aston Martin,15.0,4.0,SOFT,4.0,False,128.922,45.91,52.636,30.376,,1,,False,True,True,,,8.5,31.30246913580247,50.72962962962962,False
2026,Austria,FP3,STR,18,Aston Martin,16.0,4.0,SOFT,5.0,False,70.567,17.498,31.336,21.733,,1,,True,False,True,,,8.5,31.30246913580247,50.72962962962962,False
2026,Austria,FP3,STR,18,Aston Martin,17.0,4.0,SOFT,6.0,False,104.05,25.285,42.416,36.349,,1,,True,False,True,,,8.5,31.30246913580247,50.72962962962962,False
2026,Austria,FP3,STR,18,Aston Martin,18.0,4.0,SOFT,7.0,False,109.528,29.395,46.215,33.918,,1,,True,False,True,,,8.5,31.30246913580247,50.72962962962962,False
2026,Austria,FP3,STR,18,Aston Martin,19.0,4.0,SOFT,8.0,False,101.347,17.494,41.032,42.821,,1,,False,True,True,,,8.5,31.30246913580247,50.72962962962962,False
2026,Austria,FP3,ALB,23,Williams,1.0,1.0,SOFT,1.0,True,,,45.077,24.312,,1,,False,True,True,,,8.5,31.30246913580247,50.72962962962962,False
2026,Austria,FP3,ALB,23,Williams,2.0,1.0,SOFT,2.0,True,69.254,17.02,30.893,21.341,,1,,True,False,True,,,8.5,31.30246913580247,50.72962962962962,False
2026,Austria,FP3,ALB,23,Williams,3.0,1.0,SOFT,3.0,True,132.982,32.627,61.815,38.54,,1,,False,True,True,,,8.5,31.30246913580247,50.72962962962962,False
2026,Austria,FP3,ALB,23,Williams,4.0,2.0,SOFT,4.0,False,110.827,42.062,43.309,25.456,,1,,False,True,True,,,8.5,31.30246913580247,50.72962962962962,False
2026,Austria,FP3,ALB,23,Williams,5.0,2.0,SOFT,5.0,False,69.325,17.098,31.017,21.21,,1,,True,False,True,,,8.5,31.30246913580247,50.72962962962962,False
2026,Austria,FP3,ALB,23,Williams,6.0,2.0,SOFT,6.0,False,99.208,22.033,45.788,31.387,,1,,False,True,True,,,8.5,31.30246913580247,50.72962962962962,False
2026,Austria,FP3,ALB,23,Williams,7.0,3.0,SOFT,7.0,False,,,33.75,22.756,,1,,False,True,True,,,8.5,31.30246913580247,50.72962962962962,False
2026,Austria,FP3,ALB,23,Williams,8.0,3.0,SOFT,8.0,False,71.396,17.304,32.095,21.997,,1,,True,False,True,,,8.5,31.30246913580247,50.72962962962962,False
2026,Austria,FP3,ALB,23,Williams,9.0,3.0,SOFT,9.0,False,71.265,17.219,31.939,22.107,,1,,True,False,True,,,8.5,31.30246913580247,50.72962962962962,False
2026,Austria,FP3,ALB,23,Williams,10.0,3.0,SOFT,10.0,False,71.156,17.243,31.848,22.065,,1,,True,False,True,,,8.5,31.30246913580247,50.72962962962962,False
2026,Austria,FP3,ALB,23,Williams,11.0,3.0,SOFT,11.0,False,76.209,17.447,33.101,25.661,,1,,True,False,True,,,8.5,31.30246913580247,50.72962962962962,False
2026,Austria,FP3,ALB,23,Williams,12.0,3.0,SOFT,12.0,False,71.39,17.167,32.055,22.168,,1,,True,False,True,,,8.5,31.30246913580247,50.72962962962962,False
2026,Austria,FP3,ALB,23,Williams,13.0,3.0,SOFT,13.0,False,71.657,17.439,32.005,22.213,,1,,True,False,True,,,8.5,31.30246913580247,50.72962962962962,False
2026,Austria,FP3,ALB,23,Williams,14.0,3.0,SOFT,14.0,False,71.665,17.608,31.896,22.161,,1,,True,False,True,,,8.5,31.30246913580247,50.72962962962962,False
2026,Austria,FP3,ALB,23,Williams,15.0,3.0,SOFT,15.0,False,75.699,17.451,31.983,26.265,,1,,False,True,True,,,8.5,31.30246913580247,50.72962962962962,False
2026,Austria,FP3,ALB,23,Williams,16.0,4.0,SOFT,16.0,False,121.916,61.984,33.355,26.576999999999998,,1,,False,True,True,,,8.5,31.30246913580247,50.72962962962962,False
2026,Austria,FP3,ALB,23,Williams,17.0,5.0,SOFT,1.0,True,,,36.884,27.082,,1,,False,True,True,,,8.5,31.30246913580247,50.72962962962962,False
2026,Austria,FP3,ALB,23,Williams,18.0,5.0,SOFT,2.0,True,68.992,16.976,30.835,21.181,,1,,True,False,True,,,8.5,31.30246913580247,50.72962962962962,False
2026,Austria,FP3,ALB,23,Williams,19.0,5.0,SOFT,3.0,True,119.523,27.769,54.927,36.827,,1,,False,True,True,,,8.5,31.30246913580247,50.72962962962962,False
2026,Austria,FP3,ALB,23,Williams,20.0,6.0,SOFT,4.0,False,114.595,38.826,46.761,29.008,,1,,False,True,True,,,8.5,31.30246913580247,50.72962962962962,False
2026,Austria,FP3,ALB,23,Williams,21.0,6.0,SOFT,5.0,False,69.128,16.998,30.95,21.18,,1,,True,False,True,,,8.5,31.30246913580247,50.72962962962962,False
2026,Austria,FP3,ALB,23,Williams,22.0,6.0,SOFT,6.0,False,100.967,24.731,43.025,33.211,,1,,False,True,True,,,8.5,31.30246913580247,50.72962962962962,False
2026,Austria,FP3,ALB,23,Williams,23.0,7.0,SOFT,7.0,False,125.352,58.068,41.527,25.757,,1,,False,True,True,,,8.5,31.30246913580247,50.72962962962962,False
2026,Austria,FP3,ALB,23,Williams,24.0,7.0,SOFT,8.0,False,133.957,18.404,35.802,79.751,,1,,True,False,True,,,8.5,31.30246913580247,50.72962962962962,False
2026,Austria,FP3,ALB,23,Williams,25.0,7.0,SOFT,9.0,False,85.964,20.453,32.458,33.053,,1,,False,True,True,,,8.5,31.30246913580247,50.72962962962962,False
2026,Austria,FP3,HUL,27,Audi,1.0,1.0,SOFT,1.0,True,,,40.171,27.372,,1,,False,True,True,,,8.5,31.30246913580247,50.72962962962962,False
2026,Austria,FP3,HUL,27,Audi,2.0,1.0,SOFT,2.0,True,69.684,17.178,31.263,21.243,,1,,True,False,True,,,8.5,31.30246913580247,50.72962962962962,False
2026,Austria,FP3,HUL,27,Audi,3.0,1.0,SOFT,3.0,True,110.212,24.968,47.112,38.132,,1,,False,True,True,,,8.5,31.30246913580247,50.72962962962962,False
2026,Austria,FP3,HUL,27,Audi,4.0,2.0,SOFT,4.0,False,,,42.551,25.829,,1,,False,True,True,,,8.5,31.30246913580247,50.72962962962962,False
2026,Austria,FP3,HUL,27,Audi,5.0,2.0,SOFT,5.0,False,68.631,17.072,30.669,20.89,,1,,True,False,True,,,8.5,31.30246913580247,50.72962962962962,False
2026,Austria,FP3,HUL,27,Audi,6.0,2.0,SOFT,6.0,False,111.679,26.101,48.663,36.915,,1,,False,True,True,,,8.5,31.30246913580247,50.72962962962962,False
2026,Austria,FP3,HUL,27,Audi,7.0,3.0,SOFT,7.0,False,,,46.92,28.097,,1,,False,True,True,,,8.5,31.30246913580247,50.72962962962962,False
2026,Austria,FP3,HUL,27,Audi,8.0,3.0,SOFT,8.0,False,68.719,17.069,30.733,20.917,,1,,True,False,True,,,8.5,31.30246913580247,50.72962962962962,False
2026,Austria,FP3,HUL,27,Audi,9.0,3.0,SOFT,9.0,False,97.087,24.891,44.094,28.102,,1,,True,False,True,,,8.5,31.30246913580247,50.72962962962962,False
2026,Austria,FP3,HUL,27,Audi,10.0,3.0,SOFT,10.0,False,71.144,17.375,31.988,21.781,,1,,True,False,True,,,8.5,31.30246913580247,50.72962962962962,False
2026,Austria,FP3,HUL,27,Audi,11.0,3.0,SOFT,11.0,False,70.191,17.261,31.372,21.558,,1,,True,False,True,,,8.5,31.30246913580247,50.72962962962962,False
2026,Austria,FP3,HUL,27,Audi,12.0,3.0,SOFT,12.0,False,70.419,17.328,31.486,21.605,,1,,True,False,True,,,8.5,31.30246913580247,50.72962962962962,False
2026,Austria,FP3,HUL,27,Audi,13.0,3.0,SOFT,13.0,False,75.089,17.28,31.56,26.249,,1,,False,True,True,,,8.5,31.30246913580247,50.72962962962962,False
2026,Austria,FP3,HUL,27,Audi,14.0,4.0,SOFT,1.0,True,,,44.234,28.496,,1,,False,True,True,,,8.5,31.30246913580247,50.72962962962962,False
2026,Austria,FP3,HUL,27,Audi,15.0,4.0,SOFT,2.0,True,68.49,16.944,30.467,21.079,,1,,True,False,True,,,8.5,31.30246913580247,50.72962962962962,False
2026,Austria,FP3,HUL,27,Audi,16.0,4.0,SOFT,3.0,True,107.56,24.611,46.659,36.29,,1,,False,True,True,,,8.5,31.30246913580247,50.72962962962962,False
2026,Austria,FP3,HUL,27,Audi,17.0,5.0,SOFT,4.0,False,,,52.343,29.221,,1,,False,True,True,,,8.5,31.30246913580247,50.72962962962962,False
2026,Austria,FP3,HUL,27,Audi,18.0,5.0,SOFT,5.0,False,68.303,17.008,30.491,20.804,,1,,True,False,True,,,8.5,31.30246913580247,50.72962962962962,False
2026,Austria,FP3,HUL,27,Audi,19.0,5.0,SOFT,6.0,False,96.396,21.536,38.619,36.241,,1,,False,True,True,,,8.5,31.30246913580247,50.72962962962962,False
2026,Austria,FP3,HUL,27,Audi,20.0,6.0,SOFT,7.0,False,,,35.798,24.632,,1,,False,True,True,,,8.5,31.30246913580247,50.72962962962962,False
2026,Austria,FP3,HUL,27,Audi,21.0,6.0,SOFT,8.0,False,144.465,22.024,41.965,80.476,,1,,True,False,True,,,8.5,31.30246913580247,50.72962962962962,False
2026,Austria,FP3,HUL,27,Audi,22.0,6.0,SOFT,9.0,False,84.21,21.725,35.108,27.377,,1,,False,True,True,,,8.5,31.30246913580247,50.72962962962962,False
2026,Austria,FP3,LAW,30,Racing Bulls,1.0,1.0,SOFT,1.0,True,,,40.757,30.437,,1,,False,True,True,,,8.5,31.30246913580247,50.72962962962962,False
2026,Austria,FP3,LAW,30,Racing Bulls,2.0,1.0,SOFT,2.0,True,68.798,17.051,30.821,20.926,,1,,True,False,True,,,8.5,31.30246913580247,50.72962962962962,False
2026,Austria,FP3,LAW,30,Racing Bulls,3.0,1.0,SOFT,3.0,True,97.534,24.745,39.811,32.978,,1,,False,True,True,,,8.5,31.30246913580247,50.72962962962962,False
2026,Austria,FP3,LAW,30,Racing Bulls,4.0,2.0,SOFT,4.0,False,,,40.801,26.005,,1,,False,True,True,,,8.5,31.30246913580247,50.72962962962962,False
2026,Austria,FP3,LAW,30,Racing Bulls,5.0,2.0,SOFT,5.0,False,68.038,16.907,30.477,20.654,,1,,True,False,True,,,8.5,31.30246913580247,50.72962962962962,False
2026,Austria,FP3,LAW,30,Racing Bulls,6.0,2.0,SOFT,6.0,False,74.799,19.85,33.013,21.936,,1,,True,False,True,,,8.5,31.30246913580247,50.72962962962962,False
2026,Austria,FP3,LAW,30,Racing Bulls,7.0,2.0,SOFT,7.0,False,70.141,17.452,31.251,21.438,,1,,True,False,True,,,8.5,31.30246913580247,50.72962962962962,False
2026,Austria,FP3,LAW,30,Racing Bulls,8.0,2.0,SOFT,8.0,False,70.408,17.546,31.357,21.505,,1,,True,False,True,,,8.5,31.30246913580247,50.72962962962962,False
2026,Austria,FP3,LAW,30,Racing Bulls,9.0,2.0,SOFT,9.0,False,70.796,17.478,31.503,21.815,,1,,True,False,True,,,8.5,31.30246913580247,50.72962962962962,False
2026,Austria,FP3,LAW,30,Racing Bulls,10.0,2.0,SOFT,10.0,False,73.069,17.505,32.894,22.67,,1,,True,False,True,,,8.5,31.30246913580247,50.72962962962962,False
2026,Austria,FP3,LAW,30,Racing Bulls,11.0,2.0,SOFT,11.0,False,76.234,17.742,32.159,26.333,,1,,False,True,True,,,8.5,31.30246913580247,50.72962962962962,False
2026,Austria,FP3,LAW,30,Racing Bulls,12.0,3.0,SOFT,1.0,True,,,39.101,22.864,,1,,False,True,True,,,8.5,31.30246913580247,50.72962962962962,False
2026,Austria,FP3,LAW,30,Racing Bulls,13.0,3.0,SOFT,2.0,True,68.031,16.876,30.461,20.694,,1,,True,False,True,,,8.5,31.30246913580247,50.72962962962962,False
2026,Austria,FP3,LAW,30,Racing Bulls,14.0,3.0,SOFT,3.0,True,88.227,19.361,38.575,30.291,,1,,False,True,True,,,8.5,31.30246913580247,50.72962962962962,False
2026,Austria,FP3,LAW,30,Racing Bulls,15.0,4.0,SOFT,4.0,False,,,41.278,24.481,,1,,False,True,True,,,8.5,31.30246913580247,50.72962962962962,False
2026,Austria,FP3,LAW,30,Racing Bulls,16.0,4.0,SOFT,5.0,False,68.04,16.924,30.396,20.72,,1,,True,False,True,,,8.5,31.30246913580247,50.72962962962962,False
2026,Austria,FP3,LAW,30,Racing Bulls,17.0,4.0,SOFT,6.0,False,91.518,20.67,42.217,28.631,,1,,False,True,True,,,8.5,31.30246913580247,50.72962962962962,False
2026,Austria,FP3,LAW,30,Racing Bulls,18.0,5.0,SOFT,12.0,False,99.915,34.675,38.608,26.632,,1,,False,True,True,,,8.5,31.30246913580247,50.72962962962962,False
2026,Austria,FP3,LAW,30,Racing Bulls,19.0,5.0,SOFT,13.0,False,77.694,19.367,34.078,24.249,,1,,True,False,True,,,8.5,31.30246913580247,50.72962962962962,False
2026,Austria,FP3,LAW,30,Racing Bulls,20.0,5.0,SOFT,14.0,False,117.37,23.299,47.646,46.425,,1,,True,False,True,,,8.5,31.30246913580247,50.72962962962962,False
2026,Austria,FP3,LAW,30,Racing Bulls,21.0,5.0,SOFT,15.0,False,127.784,54.084,43.443,30.257,,1,,False,True,True,,,8.5,31.30246913580247,50.72962962962962,False
2026,Austria,FP3,OCO,31,Haas F1 Team,1.0,1.0,SOFT,1.0,True,,,43.182,27.235,,1,,False,True,True,,,8.5,31.30246913580247,50.72962962962962,False
2026,Austria,FP3,OCO,31,Haas F1 Team,2.0,1.0,SOFT,2.0,True,69.853,17.316,31.268,21.269,,1,,True,False,True,,,8.5,31.30246913580247,50.72962962962962,False
2026,Austria,FP3,OCO,31,Haas F1 Team,3.0,1.0,SOFT,3.0,True,119.213,27.008,50.923,41.282,,1,,False,True,True,,,8.5,31.30246913580247,50.72962962962962,False
2026,Austria,FP3,OCO,31,Haas F1 Team,4.0,2.0,SOFT,4.0,False,,,49.599,28.784,,1,,False,True,True,,,8.5,31.30246913580247,50.72962962962962,False
2026,Austria,FP3,OCO,31,Haas F1 Team,5.0,2.0,SOFT,5.0,False,69.304,17.16,31.001,21.143,,1,,True,False,True,,,8.5,31.30246913580247,50.72962962962962,False
2026,Austria,FP3,OCO,31,Haas F1 Team,6.0,2.0,SOFT,6.0,False,104.769,24.482,44.21,36.077,,1,,False,True,True,,,8.5,31.30246913580247,50.72962962962962,False
2026,Austria,FP3,OCO,31,Haas F1 Team,7.0,3.0,SOFT,7.0,False,,,45.954,28.868,,1,,False,True,True,,,8.5,31.30246913580247,50.72962962962962,False
2026,Austria,FP3,OCO,31,Haas F1 Team,8.0,3.0,SOFT,8.0,False,69.489,17.174,31.085,21.23,,1,,True,False,True,,,8.5,31.30246913580247,50.72962962962962,False
2026,Austria,FP3,OCO,31,Haas F1 Team,9.0,3.0,SOFT,9.0,False,85.781,19.707,35.849,30.225,,1,,False,True,True,,,8.5,31.30246913580247,50.72962962962962,False
2026,Austria,FP3,OCO,31,Haas F1 Team,10.0,4.0,SOFT,1.0,True,,,42.771,26.565,,1,,False,True,True,,,8.5,31.30246913580247,50.72962962962962,False
2026,Austria,FP3,OCO,31,Haas F1 Team,11.0,4.0,SOFT,2.0,True,68.707,17.121,30.766,20.82,,1,,True,False,True,,,8.5,31.30246913580247,50.72962962962962,False
2026,Austria,FP3,OCO,31,Haas F1 Team,12.0,4.0,SOFT,3.0,True,139.277,34.672,71.176,33.429,,1,,True,False,True,,,8.5,31.30246913580247,50.72962962962962,False
2026,Austria,FP3,OCO,31,Haas F1 Team,13.0,4.0,SOFT,4.0,True,68.84,17.222,30.731,20.887,,1,,True,False,True,,,8.5,31.30246913580247,50.72962962962962,False
2026,Austria,FP3,OCO,31,Haas F1 Team,14.0,4.0,SOFT,5.0,True,126.91,28.226,50.619,48.065,,1,,True,False,True,,,8.5,31.30246913580247,50.72962962962962,False
2026,Austria,FP3,OCO,31,Haas F1 Team,15.0,4.0,SOFT,6.0,True,108.627,43.874,33.827,30.926,,1,,False,True,True,,,8.5,31.30246913580247,50.72962962962962,False
2026,Austria,FP3,LIN,41,Racing Bulls,1.0,1.0,SOFT,1.0,True,,,39.518,31.473,,1,,False,True,True,,,8.5,31.30246913580247,50.72962962962962,False
2026,Austria,FP3,LIN,41,Racing Bulls,2.0,1.0,SOFT,2.0,True,69.073,17.134,30.897,21.042,,1,,True,False,True,,,8.5,31.30246913580247,50.72962962962962,False
2026,Austria,FP3,LIN,41,Racing Bulls,3.0,1.0,SOFT,3.0,True,115.939,26.434,52.15,37.355,,1,,True,False,True,,,8.5,31.30246913580247,50.72962962962962,False
2026,Austria,FP3,LIN,41,Racing Bulls,4.0,1.0,SOFT,4.0,True,105.972,25.76,50.451,29.761,,1,,True,False,True,,,8.5,31.30246913580247,50.72962962962962,False
2026,Austria,FP3,LIN,41,Racing Bulls,5.0,1.0,SOFT,5.0,True,68.967,16.954,31.063,20.95,,1,,True,False,True,,,8.5,31.30246913580247,50.72962962962962,False
2026,Austria,FP3,LIN,41,Racing Bulls,6.0,1.0,SOFT,6.0,True,100.313,22.69,44.018,33.605,,1,,False,True,True,,,8.5,31.30246913580247,50.72962962962962,False
2026,Austria,FP3,LIN,41,Racing Bulls,7.0,2.0,SOFT,7.0,False,,,39.984,24.557,,1,,False,True,True,,,8.5,31.30246913580247,50.72962962962962,False
2026,Austria,FP3,LIN,41,Racing Bulls,8.0,2.0,SOFT,8.0,False,68.877,16.976,30.88,21.021,,1,,True,False,True,,,8.5,31.30246913580247,50.72962962962962,False
2026,Austria,FP3,LIN,41,Racing Bulls,9.0,2.0,SOFT,9.0,False,79.922,19.479,37.946,22.497,,1,,True,False,True,,,8.5,31.30246913580247,50.72962962962962,False
2026,Austria,FP3,LIN,41,Racing Bulls,10.0,2.0,SOFT,10.0,False,71.153,16.94,32.247,21.966,,1,,True,False,True,,,8.5,31.30246913580247,50.72962962962962,False
2026,Austria,FP3,LIN,41,Racing Bulls,11.0,2.0,SOFT,11.0,False,70.441,17.001,31.786,21.654,,1,,True,False,True,,,8.5,31.30246913580247,50.72962962962962,False
2026,Austria,FP3,LIN,41,Racing Bulls,12.0,2.0,SOFT,12.0,False,70.618,16.937,32.069,21.612,,1,,True,False,True,,,8.5,31.30246913580247,50.72962962962962,False
2026,Austria,FP3,LIN,41,Racing Bulls,13.0,2.0,SOFT,13.0,False,70.582,17.02,31.923000000000002,21.639,,1,,True,False,True,,,8.5,31.30246913580247,50.72962962962962,False
2026,Austria,FP3,LIN,41,Racing Bulls,14.0,2.0,SOFT,14.0,False,74.858,17.03,31.781,26.047,,1,,False,True,True,,,8.5,31.30246913580247,50.72962962962962,False
2026,Austria,FP3,LIN,41,Racing Bulls,15.0,3.0,SOFT,1.0,True,,,38.259,23.886,,1,,False,True,True,,,8.5,31.30246913580247,50.72962962962962,False
2026,Austria,FP3,LIN,41,Racing Bulls,16.0,3.0,SOFT,2.0,True,68.109,16.848,30.657,20.604,,1,,True,False,True,,,8.5,31.30246913580247,50.72962962962962,False
2026,Austria,FP3,LIN,41,Racing Bulls,17.0,3.0,SOFT,3.0,True,92.424,21.63,40.884,29.91,,1,,False,True,True,,,8.5,31.30246913580247,50.72962962962962,False
2026,Austria,FP3,LIN,41,Racing Bulls,18.0,4.0,SOFT,4.0,False,,,41.474,27.189,,1,,False,True,True,,,8.5,31.30246913580247,50.72962962962962,False
2026,Austria,FP3,LIN,41,Racing Bulls,19.0,4.0,SOFT,5.0,False,68.207,16.902,30.554,20.751,,1,,True,False,True,,,8.5,31.30246913580247,50.72962962962962,False
2026,Austria,FP3,LIN,41,Racing Bulls,20.0,4.0,SOFT,6.0,False,81.189,19.253,36.534,25.402,,1,,False,True,True,,,8.5,31.30246913580247,50.72962962962962,False
2026,Austria,FP3,LIN,41,Racing Bulls,21.0,5.0,SOFT,7.0,False,84.01,28.973,32.487,22.55,,1,,False,True,True,,,8.5,31.30246913580247,50.72962962962962,False
2026,Austria,FP3,LIN,41,Racing Bulls,22.0,5.0,SOFT,8.0,False,78.772,17.591,31.752,29.429,,1,,True,False,True,,,8.5,31.30246913580247,50.72962962962962,False
2026,Austria,FP3,LIN,41,Racing Bulls,23.0,5.0,SOFT,9.0,False,105.866,20.82,38.553,46.493,,1,,True,False,True,,,8.5,31.30246913580247,50.72962962962962,False
2026,Austria,FP3,LIN,41,Racing Bulls,24.0,5.0,SOFT,10.0,False,114.91,54.091,33.791,27.028,,1,,False,True,True,,,8.5,31.30246913580247,50.72962962962962,False
2026,Austria,FP3,COL,43,Alpine,1.0,1.0,SOFT,1.0,True,,,38.791,25.626,,1,,False,True,True,,,8.5,31.30246913580247,50.72962962962962,False
2026,Austria,FP3,COL,43,Alpine,2.0,1.0,SOFT,2.0,True,69.829,17.3,31.189,21.34,,1,,True,False,True,,,8.5,31.30246913580247,50.72962962962962,False
2026,Austria,FP3,COL,43,Alpine,3.0,1.0,SOFT,3.0,True,95.204,23.22,40.164,31.82,,1,,False,True,True,,,8.5,31.30246913580247,50.72962962962962,False
2026,Austria,FP3,COL,43,Alpine,4.0,2.0,SOFT,4.0,False,112.627,45.96,36.323,30.344,,1,,False,True,True,,,8.5,31.30246913580247,50.72962962962962,False
2026,Austria,FP3,COL,43,Alpine,5.0,3.0,SOFT,5.0,False,,,43.383,26.417,,1,,False,True,True,,,8.5,31.30246913580247,50.72962962962962,False
2026,Austria,FP3,COL,43,Alpine,6.0,3.0,SOFT,6.0,False,69.156,16.995,31.17,20.991,,1,,True,False,True,,,8.5,31.30246913580247,50.72962962962962,False
2026,Austria,FP3,COL,43,Alpine,7.0,3.0,SOFT,7.0,False,102.979,23.689,43.265,36.025,,1,,False,True,True,,,8.5,31.30246913580247,50.72962962962962,False
2026,Austria,FP3,COL,43,Alpine,8.0,4.0,SOFT,8.0,False,,,64.868,24.601,,1,,False,True,True,,,8.5,31.30246913580247,50.72962962962962,False
2026,Austria,FP3,COL,43,Alpine,9.0,4.0,SOFT,9.0,False,69.484,17.144,31.193,21.147,,1,,True,False,True,,,8.5,31.30246913580247,50.72962962962962,False
2026,Austria,FP3,COL,43,Alpine,10.0,4.0,SOFT,10.0,False,91.578,23.637,40.796,27.145,,1,,False,True,True,,,8.5,31.30246913580247,50.72962962962962,False
2026,Austria,FP3,COL,43,Alpine,11.0,5.0,SOFT,1.0,True,,,42.129,25.459,,1,,False,True,True,,,8.5,31.30246913580247,50.72962962962962,False
2026,Austria,FP3,COL,43,Alpine,12.0,5.0,SOFT,2.0,True,68.731,16.976,30.905,20.85,,1,,True,False,True,,,8.5,31.30246913580247,50.72962962962962,False
2026,Austria,FP3,COL,43,Alpine,13.0,5.0,SOFT,3.0,True,121.801,26.124,53.805,41.872,,1,,False,True,True,,,8.5,31.30246913580247,50.72962962962962,False
2026,Austria,FP3,COL,43,Alpine,14.0,6.0,SOFT,4.0,False,,,49.813,26.093,,1,,False,True,True,,,8.5,31.30246913580247,50.72962962962962,False
2026,Austria,FP3,COL,43,Alpine,15.0,6.0,SOFT,5.0,False,68.394,16.972,30.483,20.939,,1,,True,False,True,,,8.5,31.30246913580247,50.72962962962962,False
2026,Austria,FP3,COL,43,Alpine,16.0,6.0,SOFT,6.0,False,103.314,24.433,46.853,32.028,,1,,True,False,True,,,8.5,31.30246913580247,50.72962962962962,False
2026,Austria,FP3,COL,43,Alpine,17.0,6.0,SOFT,7.0,False,135.29,18.1,32.265,84.925,,1,,True,False,True,,,8.5,31.30246913580247,50.72962962962962,False
2026,Austria,FP3,COL,43,Alpine,18.0,6.0,SOFT,8.0,False,79.021,19.13,32.035,27.856,,1,,False,True,True,,,8.5,31.30246913580247,50.72962962962962,False
2026,Austria,FP3,HAM,44,Ferrari,1.0,1.0,SOFT,1.0,True,,,45.65,25.191,,1,,False,True,True,,,8.5,31.30246913580247,50.72962962962962,False
2026,Austria,FP3,HAM,44,Ferrari,2.0,1.0,SOFT,2.0,True,68.177,16.937,30.609,20.631,,1,,True,False,True,,,8.5,31.30246913580247,50.72962962962962,False
2026,Austria,FP3,HAM,44,Ferrari,3.0,1.0,SOFT,3.0,True,143.506,37.612,63.294,42.6,,1,,True,False,True,,,8.5,31.30246913580247,50.72962962962962,False
2026,Austria,FP3,HAM,44,Ferrari,4.0,1.0,SOFT,4.0,True,102.939,33.112,40.64,29.187,,1,,True,False,True,,,8.5,31.30246913580247,50.72962962962962,False
2026,Austria,FP3,HAM,44,Ferrari,5.0,1.0,SOFT,5.0,True,89.973,19.992,43.694,26.287,,1,,True,False,True,,,8.5,31.30246913580247,50.72962962962962,False
2026,Austria,FP3,HAM,44,Ferrari,6.0,1.0,SOFT,6.0,True,67.79,16.749,30.592,20.449,,1,,True,False,True,,,8.5,31.30246913580247,50.72962962962962,False
2026,Austria,FP3,HAM,44,Ferrari,7.0,1.0,SOFT,7.0,True,115.385,30.021,51.537,33.827,,1,,False,True,True,,,8.5,31.30246913580247,50.72962962962962,False
2026,Austria,FP3,HAM,44,Ferrari,8.0,2.0,SOFT,8.0,False,,,46.694,25.625,,1,,False,True,True,,,8.5,31.30246913580247,50.72962962962962,False
2026,Austria,FP3,HAM,44,Ferrari,9.0,2.0,SOFT,9.0,False,67.94,16.805,30.428,20.707,,1,,True,False,True,,,8.5,31.30246913580247,50.72962962962962,False
2026,Austria,FP3,HAM,44,Ferrari,10.0,2.0,SOFT,10.0,False,84.812,21.88,36.222,26.71,,1,,False,True,True,,,8.5,31.30246913580247,50.72962962962962,False
2026,Austria,FP3,HAM,44,Ferrari,11.0,3.0,SOFT,1.0,True,,,43.119,24.856,,1,,False,True,True,,,8.5,31.30246913580247,50.72962962962962,False
2026,Austria,FP3,HAM,44,Ferrari,12.0,3.0,SOFT,2.0,True,67.211,16.576999999999998,30.138,20.496,,1,,True,False,True,,,8.5,31.30246913580247,50.72962962962962,False
2026,Austria,FP3,HAM,44,Ferrari,13.0,3.0,SOFT,3.0,True,136.24,31.443,62.116,42.681,,1,,True,False,True,,,8.5,31.30246913580247,50.72962962962962,False
2026,Austria,FP3,HAM,44,Ferrari,14.0,3.0,SOFT,4.0,True,119.963,33.955,57.683,28.325,,1,,True,False,True,,,8.5,31.30246913580247,50.72962962962962,False
2026,Austria,FP3,HAM,44,Ferrari,15.0,3.0,SOFT,5.0,True,96.906,18.083,50.261,28.562,,1,,True,False,True,,,8.5,31.30246913580247,50.72962962962962,False
2026,Austria,FP3,HAM,44,Ferrari,16.0,3.0,SOFT,6.0,True,67.575,16.718,30.261,20.596,,1,,True,False,True,,,8.5,31.30246913580247,50.72962962962962,False
2026,Austria,FP3,HAM,44,Ferrari,17.0,3.0,SOFT,7.0,True,108.032,25.746,44.715,37.571,,1,,False,True,True,,,8.5,31.30246913580247,50.72962962962962,False
2026,Austria,FP3,HAM,44,Ferrari,18.0,4.0,SOFT,8.0,False,144.432,58.641,53.897,31.894,,1,,False,True,True,,,8.5,31.30246913580247,50.72962962962962,False
2026,Austria,FP3,HAM,44,Ferrari,19.0,4.0,SOFT,9.0,False,68.152,16.744,30.494,20.914,,1,,True,False,True,,,8.5,31.30246913580247,50.72962962962962,False
2026,Austria,FP3,HAM,44,Ferrari,20.0,4.0,SOFT,10.0,False,83.268,23.466,38.777,21.025,,1,,True,False,True,,,8.5,31.30246913580247,50.72962962962962,False
2026,Austria,FP3,HAM,44,Ferrari,21.0,4.0,SOFT,11.0,False,121.07,16.786,50.239,54.045,,1,,True,False,True,,,8.5,31.30246913580247,50.72962962962962,False
2026,Austria,FP3,HAM,44,Ferrari,22.0,4.0,SOFT,12.0,False,113.167,44.448,38.542,30.177,,1,,False,True,True,,,8.5,31.30246913580247,50.72962962962962,False
2026,Austria,FP3,SAI,55,Williams,1.0,1.0,SOFT,1.0,True,,,38.891,25.179,,1,,False,True,True,,,8.5,31.30246913580247,50.72962962962962,False
2026,Austria,FP3,SAI,55,Williams,2.0,1.0,SOFT,2.0,True,69.378,17.109,31.094,21.175,,1,,True,False,True,,,8.5,31.30246913580247,50.72962962962962,False
2026,Austria,FP3,SAI,55,Williams,3.0,1.0,SOFT,3.0,True,122.542,30.622,51.767,40.153,,1,,False,True,True,,,8.5,31.30246913580247,50.72962962962962,False
2026,Austria,FP3,SAI,55,Williams,4.0,2.0,SOFT,4.0,False,117.92,41.684,44.084,32.152,,1,,False,True,True,,,8.5,31.30246913580247,50.72962962962962,False
2026,Austria,FP3,SAI,55,Williams,5.0,2.0,SOFT,5.0,False,74.696,17.096,31.009,26.591,,1,,True,False,True,,,8.5,31.30246913580247,50.72962962962962,False
2026,Austria,FP3,SAI,55,Williams,6.0,2.0,SOFT,6.0,False,118.596,34.583,45.82,38.193,,1,,False,True,True,,,8.5,31.30246913580247,50.72962962962962,False
2026,Austria,FP3,SAI,55,Williams,7.0,3.0,SOFT,7.0,False,108.311,39.774,43.255,25.282,,1,,False,True,True,,,8.5,31.30246913580247,50.72962962962962,False
2026,Austria,FP3,SAI,55,Williams,8.0,3.0,SOFT,8.0,False,69.312,17.142,30.971,21.199,,1,,True,False,True,,,8.5,31.30246913580247,50.72962962962962,False
2026,Austria,FP3,SAI,55,Williams,9.0,3.0,SOFT,9.0,False,92.566,24.013,39.205,29.348,,1,,False,True,True,,,8.5,31.30246913580247,50.72962962962962,False
2026,Austria,FP3,SAI,55,Williams,10.0,4.0,SOFT,10.0,False,,,36.411,22.757,,1,,False,True,True,,,8.5,31.30246913580247,50.72962962962962,False
2026,Austria,FP3,SAI,55,Williams,11.0,4.0,SOFT,11.0,False,71.879,17.342,32.207,22.33,,1,,True,False,True,,,8.5,31.30246913580247,50.72962962962962,False
2026,Austria,FP3,SAI,55,Williams,12.0,4.0,SOFT,12.0,False,71.281,17.271,31.878,22.132,,1,,True,False,True,,,8.5,31.30246913580247,50.72962962962962,False
2026,Austria,FP3,SAI,55,Williams,13.0,4.0,SOFT,13.0,False,71.543,17.447,31.978,22.118,,1,,True,False,True,,,8.5,31.30246913580247,50.72962962962962,False
2026,Austria,FP3,SAI,55,Williams,14.0,4.0,SOFT,14.0,False,71.781,17.438,32.089,22.254,,1,,True,False,True,,,8.5,31.30246913580247,50.72962962962962,False
2026,Austria,FP3,SAI,55,Williams,15.0,4.0,SOFT,15.0,False,76.142,18.323,32.839,24.98,,1,,True,False,True,,,8.5,31.30246913580247,50.72962962962962,False
2026,Austria,FP3,SAI,55,Williams,16.0,4.0,SOFT,16.0,False,72.73,17.861,32.506,22.363,,1,,True,False,True,,,8.5,31.30246913580247,50.72962962962962,False
2026,Austria,FP3,SAI,55,Williams,17.0,4.0,SOFT,17.0,False,72.323,17.503,32.342,22.478,,1,,True,False,True,,,8.5,31.30246913580247,50.72962962962962,False
2026,Austria,FP3,SAI,55,Williams,18.0,4.0,SOFT,18.0,False,72.168,17.395,32.239,22.534,,1,,True,False,True,,,8.5,31.30246913580247,50.72962962962962,False
2026,Austria,FP3,SAI,55,Williams,19.0,4.0,SOFT,19.0,False,81.213,17.464,34.916,28.833,,1,,False,True,True,,,8.5,31.30246913580247,50.72962962962962,False
2026,Austria,FP3,SAI,55,Williams,20.0,5.0,SOFT,1.0,True,,,36.81,24.977,,1,,False,True,True,,,8.5,31.30246913580247,50.72962962962962,False
2026,Austria,FP3,SAI,55,Williams,21.0,5.0,SOFT,2.0,True,68.843,17.031,30.715,21.097,,1,,True,False,True,,,8.5,31.30246913580247,50.72962962962962,False
2026,Austria,FP3,SAI,55,Williams,22.0,5.0,SOFT,3.0,True,120.892,31.028,50.163,39.701,,1,,False,True,True,,,8.5,31.30246913580247,50.72962962962962,False
2026,Austria,FP3,SAI,55,Williams,23.0,6.0,SOFT,4.0,False,132.535,56.421,48.284,27.83,,1,,False,True,True,,,8.5,31.30246913580247,50.72962962962962,False
2026,Austria,FP3,SAI,55,Williams,24.0,6.0,SOFT,5.0,False,94.557,18.997,49.582,25.978,,1,,True,False,True,,,8.5,31.30246913580247,50.72962962962962,False
2026,Austria,FP3,SAI,55,Williams,25.0,6.0,SOFT,6.0,False,83.164,17.509,38.803,26.852,,1,,True,False,True,,,8.5,31.30246913580247,50.72962962962962,False
2026,Austria,FP3,SAI,55,Williams,26.0,6.0,SOFT,7.0,False,89.232,17.148,34.018,38.066,,1,,True,False,True,,,8.5,31.30246913580247,50.72962962962962,False
2026,Austria,FP3,SAI,55,Williams,27.0,6.0,SOFT,8.0,False,111.872,50.651,33.705,27.516,,1,,False,True,True,,,8.5,31.30246913580247,50.72962962962962,False
2026,Austria,FP3,RUS,63,Mercedes,1.0,1.0,SOFT,1.0,True,,,45.096,30.01,,1,,False,True,True,,,8.5,31.30246913580247,50.72962962962962,False
2026,Austria,FP3,RUS,63,Mercedes,2.0,1.0,SOFT,2.0,True,68.332,16.953,30.657,20.722,,1,,True,False,True,,,8.5,31.30246913580247,50.72962962962962,False
2026,Austria,FP3,RUS,63,Mercedes,3.0,1.0,SOFT,3.0,True,131.057,33.756,56.819,40.482,,1,,True,False,True,,,8.5,31.30246913580247,50.72962962962962,False
2026,Austria,FP3,RUS,63,Mercedes,4.0,1.0,SOFT,4.0,True,116.316,33.186,53.549,29.581,,1,,True,False,True,,,8.5,31.30246913580247,50.72962962962962,False
2026,Austria,FP3,RUS,63,Mercedes,5.0,1.0,SOFT,5.0,True,67.706,16.825,30.478,20.403,,1,,True,False,True,,,8.5,31.30246913580247,50.72962962962962,False
2026,Austria,FP3,RUS,63,Mercedes,6.0,1.0,SOFT,6.0,True,139.821,35.371,60.959,43.491,,1,,True,False,True,,,8.5,31.30246913580247,50.72962962962962,False
2026,Austria,FP3,RUS,63,Mercedes,7.0,1.0,SOFT,7.0,True,116.719,35.732,52.224,28.763,,1,,True,False,True,,,8.5,31.30246913580247,50.72962962962962,False
2026,Austria,FP3,RUS,63,Mercedes,8.0,1.0,SOFT,8.0,True,67.55,16.847,30.333,20.37,,1,,True,False,True,,,8.5,31.30246913580247,50.72962962962962,False
2026,Austria,FP3,RUS,63,Mercedes,9.0,1.0,SOFT,9.0,True,81.963,19.802,35.359,26.802,,1,,False,True,True,,,8.5,31.30246913580247,50.72962962962962,False
2026,Austria,FP3,RUS,63,Mercedes,10.0,2.0,SOFT,1.0,True,,,46.507,27.886,,1,,False,True,True,,,8.5,31.30246913580247,50.72962962962962,False
2026,Austria,FP3,RUS,63,Mercedes,11.0,2.0,SOFT,2.0,True,67.326,16.785,30.184,20.357,,1,,True,False,True,,,8.5,31.30246913580247,50.72962962962962,False
2026,Austria,FP3,RUS,63,Mercedes,12.0,2.0,SOFT,3.0,True,118.012,29.28,50.337,38.395,,1,,False,True,True,,,8.5,31.30246913580247,50.72962962962962,False
2026,Austria,FP3,RUS,63,Mercedes,13.0,3.0,SOFT,4.0,False,,,44.061,27.614,,1,,False,True,True,,,8.5,31.30246913580247,50.72962962962962,False
2026,Austria,FP3,RUS,63,Mercedes,14.0,3.0,SOFT,5.0,False,96.575,16.879,50.505,29.191,,1,,True,False,True,,,8.5,31.30246913580247,50.72962962962962,False
2026,Austria,FP3,RUS,63,Mercedes,15.0,3.0,SOFT,6.0,False,67.096,16.758,30.114,20.224,,1,,True,False,True,,,8.5,31.30246913580247,50.72962962962962,False
2026,Austria,FP3,RUS,63,Mercedes,16.0,3.0,SOFT,7.0,False,81.656,19.417,35.604,26.635,,1,,False,True,True,,,8.5,31.30246913580247,50.72962962962962,False
2026,Austria,FP3,RUS,63,Mercedes,17.0,4.0,SOFT,10.0,False,102.519,37.096,38.072,27.351,,1,,False,True,True,,,8.5,31.30246913580247,50.72962962962962,False
2026,Austria,FP3,RUS,63,Mercedes,18.0,4.0,SOFT,11.0,False,102.016,20.922,39.11,41.984,,1,,True,False,True,,,8.5,31.30246913580247,50.72962962962962,False
2026,Austria,FP3,RUS,63,Mercedes,19.0,4.0,SOFT,12.0,False,112.832,50.143,33.606,29.083,,1,,False,True,True,,,8.5,31.30246913580247,50.72962962962962,False
2026,Austria,FP3,BOT,77,Cadillac,1.0,1.0,SOFT,1.0,True,,,39.298,25.995,,1,,False,True,True,,,8.5,31.30246913580247,50.72962962962962,False
2026,Austria,FP3,BOT,77,Cadillac,2.0,1.0,SOFT,2.0,True,71.269,17.502,31.461,22.306,,1,,True,False,True,,,8.5,31.30246913580247,50.72962962962962,False
2026,Austria,FP3,BOT,77,Cadillac,3.0,1.0,SOFT,3.0,True,117.026,27.386,53.403,36.237,,1,,False,True,True,,,8.5,31.30246913580247,50.72962962962962,False
2026,Austria,FP3,BOT,77,Cadillac,4.0,2.0,SOFT,4.0,False,109.308,38.484,41.744,29.08,,1,,False,True,True,,,8.5,31.30246913580247,50.72962962962962,False
2026,Austria,FP3,BOT,77,Cadillac,5.0,2.0,SOFT,5.0,False,87.142,17.277,34.4,35.465,,1,,True,False,True,,,8.5,31.30246913580247,50.72962962962962,False
2026,Austria,FP3,BOT,77,Cadillac,6.0,2.0,SOFT,6.0,False,101.125,26.61,46.103,28.412,,1,,True,False,True,,,8.5,31.30246913580247,50.72962962962962,False
2026,Austria,FP3,BOT,77,Cadillac,7.0,2.0,SOFT,7.0,False,70.286,17.286,31.23,21.77,,1,,True,False,True,,,8.5,31.30246913580247,50.72962962962962,False
2026,Austria,FP3,BOT,77,Cadillac,8.0,2.0,SOFT,8.0,False,88.699,21.373,36.148,31.178,,1,,False,True,True,,,8.5,31.30246913580247,50.72962962962962,False
2026,Austria,FP3,BOT,77,Cadillac,9.0,3.0,SOFT,9.0,False,,,34.382,23.374,,1,,False,True,True,,,8.5,31.30246913580247,50.72962962962962,False
2026,Austria,FP3,BOT,77,Cadillac,10.0,3.0,SOFT,10.0,False,72.69,17.671,32.478,22.541,,1,,True,False,True,,,8.5,31.30246913580247,50.72962962962962,False
2026,Austria,FP3,BOT,77,Cadillac,11.0,3.0,SOFT,11.0,False,72.9,17.568,32.583,22.749,,1,,True,False,True,,,8.5,31.30246913580247,50.72962962962962,False
2026,Austria,FP3,BOT,77,Cadillac,12.0,3.0,SOFT,12.0,False,72.903,17.773,32.545,22.585,,1,,True,False,True,,,8.5,31.30246913580247,50.72962962962962,False
2026,Austria,FP3,BOT,77,Cadillac,13.0,3.0,SOFT,13.0,False,72.767,17.647,32.505,22.615,,1,,True,False,True,,,8.5,31.30246913580247,50.72962962962962,False
2026,Austria,FP3,BOT,77,Cadillac,14.0,3.0,SOFT,14.0,False,72.927,17.648,32.621,22.658,,1,,True,False,True,,,8.5,31.30246913580247,50.72962962962962,False
2026,Austria,FP3,BOT,77,Cadillac,15.0,3.0,SOFT,15.0,False,72.897,17.572,32.606,22.719,,1,,True,False,True,,,8.5,31.30246913580247,50.72962962962962,False
2026,Austria,FP3,BOT,77,Cadillac,16.0,3.0,SOFT,16.0,False,72.902,17.569,32.672,22.661,,1,,True,False,True,,,8.5,31.30246913580247,50.72962962962962,False
2026,Austria,FP3,BOT,77,Cadillac,17.0,3.0,SOFT,17.0,False,81.312,17.58,32.746,30.986,,1,,False,True,True,,,8.5,31.30246913580247,50.72962962962962,False
2026,Austria,FP3,BOT,77,Cadillac,18.0,4.0,SOFT,1.0,True,,,37.326,25.599,,1,,False,True,True,,,8.5,31.30246913580247,50.72962962962962,False
2026,Austria,FP3,BOT,77,Cadillac,19.0,4.0,SOFT,2.0,True,69.74,17.12,31.031,21.589,,1,,True,False,True,,,8.5,31.30246913580247,50.72962962962962,False
2026,Austria,FP3,BOT,77,Cadillac,20.0,4.0,SOFT,3.0,True,101.724,26.257,45.193,30.274,,1,,True,False,True,,,8.5,31.30246913580247,50.72962962962962,False
2026,Austria,FP3,BOT,77,Cadillac,21.0,4.0,SOFT,4.0,True,93.404,23.967,41.323,28.114,,1,,True,False,True,,,8.5,31.30246913580247,50.72962962962962,False
2026,Austria,FP3,BOT,77,Cadillac,22.0,4.0,SOFT,5.0,True,69.744,17.188,30.955,21.601,,1,,True,False,True,,,8.5,31.30246913580247,50.72962962962962,False
2026,Austria,FP3,BOT,77,Cadillac,23.0,4.0,SOFT,6.0,True,105.901,22.686,44.643,38.572,,1,,True,False,True,,,8.5,31.30246913580247,50.72962962962962,False
2026,Austria,FP3,BOT,77,Cadillac,24.0,4.0,SOFT,7.0,True,112.398,49.961,34.857,27.58,,1,,False,True,True,,,8.5,31.30246913580247,50.72962962962962,False
2026,Austria,FP3,PIA,81,McLaren,1.0,1.0,SOFT,1.0,True,,,38.209,24.526,,1,,False,True,True,,,8.5,31.30246913580247,50.72962962962962,False
2026,Austria,FP3,PIA,81,McLaren,2.0,1.0,SOFT,2.0,True,67.881,16.864,30.41,20.607,,1,,True,False,True,,,8.5,31.30246913580247,50.72962962962962,False
2026,Austria,FP3,PIA,81,McLaren,3.0,1.0,SOFT,3.0,True,104.15,22.325,46.727,35.098,,1,,False,True,True,,,8.5,31.30246913580247,50.72962962962962,False
2026,Austria,FP3,PIA,81,McLaren,4.0,2.0,SOFT,4.0,False,,,46.332,25.281,,1,,False,True,True,,,8.5,31.30246913580247,50.72962962962962,False
2026,Austria,FP3,PIA,81,McLaren,5.0,2.0,SOFT,5.0,False,67.671,16.808,30.28,20.583,,1,,True,False,True,,,8.5,31.30246913580247,50.72962962962962,False
2026,Austria,FP3,PIA,81,McLaren,6.0,2.0,SOFT,6.0,False,99.27,25.251,40.741,33.278,,1,,False,True,True,,,8.5,31.30246913580247,50.72962962962962,False
2026,Austria,FP3,PIA,81,McLaren,7.0,3.0,SOFT,7.0,False,117.973,38.691,50.404,28.878,,1,,False,True,True,,,8.5,31.30246913580247,50.72962962962962,False
2026,Austria,FP3,PIA,81,McLaren,8.0,3.0,SOFT,8.0,False,74.751,16.821,30.298,27.632,,1,,False,True,True,,,8.5,31.30246913580247,50.72962962962962,False
2026,Austria,FP3,PIA,81,McLaren,9.0,4.0,SOFT,1.0,True,,,45.442,37.931,,1,,False,True,True,,,8.5,31.30246913580247,50.72962962962962,False
2026,Austria,FP3,PIA,81,McLaren,10.0,4.0,SOFT,2.0,True,67.553,16.933,30.22,20.4,,1,,True,False,True,,,8.5,31.30246913580247,50.72962962962962,False
2026,Austria,FP3,PIA,81,McLaren,11.0,4.0,SOFT,3.0,True,102.913,26.062,41.944,34.907,,1,,False,True,True,,,8.5,31.30246913580247,50.72962962962962,False
2026,Austria,FP3,PIA,81,McLaren,12.0,5.0,SOFT,4.0,False,123.367,54.102,45.15,24.115,,1,,False,True,True,,,8.5,31.30246913580247,50.72962962962962,False
2026,Austria,FP3,PIA,81,McLaren,13.0,5.0,SOFT,5.0,False,67.344,16.794,30.03,20.52,,1,,True,False,True,,,8.5,31.30246913580247,50.72962962962962,False
2026,Austria,FP3,PIA,81,McLaren,14.0,5.0,SOFT,6.0,False,93.16,24.61,38.561,29.989,,1,,False,True,True,,,8.5,31.30246913580247,50.72962962962962,False
2026,Austria,FP3,PIA,81,McLaren,15.0,6.0,SOFT,9.0,False,,,40.183,28.855,,1,,False,True,True,,,8.5,31.30246913580247,50.72962962962962,False
2026,Austria,FP3,PIA,81,McLaren,16.0,6.0,SOFT,10.0,False,113.373,23.335,38.184,51.854,,1,,True,False,True,,,8.5,31.30246913580247,50.72962962962962,False
2026,Austria,FP3,PIA,81,McLaren,17.0,6.0,SOFT,11.0,False,115.466,48.854,33.521,33.091,,1,,False,True,True,,,8.5,31.30246913580247,50.72962962962962,False
2026,Austria,FP3,BEA,87,Haas F1 Team,1.0,1.0,SOFT,1.0,True,,,39.35,25.913,,1,,False,True,True,,,8.5,31.30246913580247,50.72962962962962,False
2026,Austria,FP3,BEA,87,Haas F1 Team,2.0,1.0,SOFT,2.0,True,110.584,29.679,54.313,26.592,,1,,True,False,True,,,8.5,31.30246913580247,50.72962962962962,False
2026,Austria,FP3,BEA,87,Haas F1 Team,3.0,1.0,SOFT,3.0,True,69.175,17.135,30.865,21.175,,1,,True,False,True,,,8.5,31.30246913580247,50.72962962962962,False
2026,Austria,FP3,BEA,87,Haas F1 Team,4.0,1.0,SOFT,4.0,True,,41.479,64.617,47.328,,1,,False,True,True,,,8.5,31.30246913580247,50.72962962962962,False
2026,Austria,FP3,BEA,87,Haas F1 Team,5.0,2.0,SOFT,5.0,False,,77.825,50.236,25.541,,1,,False,True,True,,,8.5,31.30246913580247,50.72962962962962,False
2026,Austria,FP3,BEA,87,Haas F1 Team,6.0,2.0,SOFT,6.0,False,68.788,17.047,30.709,21.032,,1,,True,False,True,,,8.5,31.30246913580247,50.72962962962962,False
2026,Austria,FP3,BEA,87,Haas F1 Team,7.0,2.0,SOFT,7.0,False,144.52,38.843,64.644,41.033,,1,,False,True,True,,,8.5,31.30246913580247,50.72962962962962,False
2026,Austria,FP3,BEA,87,Haas F1 Team,8.0,3.0,SOFT,8.0,False,,,51.364,34.652,,1,,False,True,True,,,8.5,31.30246913580247,50.72962962962962,False
2026,Austria,FP3,BEA,87,Haas F1 Team,9.0,3.0,SOFT,9.0,False,93.497,25.346,43.105,25.046,,1,,True,False,True,,,8.5,31.30246913580247,50.72962962962962,False
2026,Austria,FP3,BEA,87,Haas F1 Team,10.0,3.0,SOFT,10.0,False,69.15,17.111,30.979,21.06,,1,,True,False,True,,,8.5,31.30246913580247,50.72962962962962,False
2026,Austria,FP3,BEA,87,Haas F1 Team,11.0,3.0,SOFT,11.0,False,80.72,18.605,33.83,28.285,,1,,False,True,True,,,8.5,31.30246913580247,50.72962962962962,False
2026,Austria,FP3,BEA,87,Haas F1 Team,12.0,4.0,SOFT,1.0,True,,,43.532,25.209,,1,,False,True,True,,,8.5,31.30246913580247,50.72962962962962,False
2026,Austria,FP3,BEA,87,Haas F1 Team,13.0,4.0,SOFT,2.0,True,68.529,16.886,30.651,20.992,,1,,True,False,True,,,8.5,31.30246913580247,50.72962962962962,False
2026,Austria,FP3,BEA,87,Haas F1 Team,14.0,4.0,SOFT,3.0,True,,38.334,68.998,42.887,,1,,False,True,True,,,8.5,31.30246913580247,50.72962962962962,False
2026,Austria,FP3,BEA,87,Haas F1 Team,15.0,5.0,SOFT,4.0,False,,95.041,59.99,25.672,,1,,False,True,True,,,8.5,31.30246913580247,50.72962962962962,False
2026,Austria,FP3,BEA,87,Haas F1 Team,16.0,5.0,SOFT,5.0,False,78.315,17.044,31.001,30.27,,1,,True,False,True,,,8.5,31.30246913580247,50.72962962962962,False
2026,Austria,FP3,BEA,87,Haas F1 Team,17.0,5.0,SOFT,6.0,False,113.305,38.657,47.347,27.301,,1,,True,False,True,,,8.5,31.30246913580247,50.72962962962962,False
2026,Austria,FP3,BEA,87,Haas F1 Team,18.0,5.0,SOFT,7.0,False,104.531,19.845,35.121,49.565,,1,,True,False,True,,,8.5,31.30246913580247,50.72962962962962,False
2026,Austria,FP3,BEA,87,Haas F1 Team,19.0,5.0,SOFT,8.0,False,106.743,48.233,32.498,26.012,,1,,False,True,True,,,8.5,31.30246913580247,50.72962962962962,False
2026,Austria,R,NOR,1,McLaren,1.0,1.0,MEDIUM,1.0,True,78.505,,34.025,23.01,7.0,1,,False,False,True,0.0,78.505,8.5,34.46711409395974,50.162416107382555,False
2026,Austria,R,NOR,1,McLaren,2.0,1.0,MEDIUM,2.0,True,73.406,17.506,32.889,23.011,7.0,1,,True,False,True,1.8,73.46000000000001,8.5,34.46711409395974,50.162416107382555,False
2026,Austria,R,NOR,1,McLaren,3.0,1.0,MEDIUM,3.0,True,73.015,17.426,33.028,22.561,7.0,1,,True,False,True,3.6,73.123,8.5,34.46711409395974,50.162416107382555,False
2026,Austria,R,NOR,1,McLaren,4.0,1.0,MEDIUM,4.0,True,72.63,17.419,32.841,22.37,7.0,1,,True,False,True,5.4,72.792,8.5,34.46711409395974,50.162416107382555,False
2026,Austria,R,NOR,1,McLaren,5.0,1.0,MEDIUM,5.0,True,72.439,17.338,32.593,22.508,7.0,1,,True,False,True,7.2,72.65499999999999,8.5,34.46711409395974,50.162416107382555,False
2026,Austria,R,NOR,1,McLaren,6.0,1.0,MEDIUM,6.0,True,72.493,17.515,32.435,22.543,7.0,1,,True,False,True,9.0,72.76299999999999,8.5,34.46711409395974,50.162416107382555,False
2026,Austria,R,NOR,1,McLaren,7.0,1.0,MEDIUM,7.0,True,73.459,17.552,32.673,23.234,7.0,1,,True,False,True,10.8,73.783,8.5,34.46711409395974,50.162416107382555,False
2026,Austria,R,NOR,1,McLaren,8.0,1.0,MEDIUM,8.0,True,73.025,17.671,32.712,22.642,7.0,1,,True,False,True,12.6,73.403,8.5,34.46711409395974,50.162416107382555,False
2026,Austria,R,NOR,1,McLaren,9.0,1.0,MEDIUM,9.0,True,73.013,17.558,32.642,22.813,7.0,1,,True,False,True,14.4,73.44500000000001,8.5,34.46711409395974,50.162416107382555,False
2026,Austria,R,NOR,1,McLaren,10.0,1.0,MEDIUM,10.0,True,73.197,17.709,32.656,22.832,7.0,1,,True,False,True,16.2,73.683,8.5,34.46711409395974,50.162416107382555,False
2026,Austria,R,NOR,1,McLaren,11.0,1.0,MEDIUM,11.0,True,73.335,17.759,32.595,22.981,7.0,1,,True,False,True,18.0,73.875,8.5,34.46711409395974,50.162416107382555,False
2026,Austria,R,NOR,1,McLaren,12.0,1.0,MEDIUM,12.0,True,73.25,17.664,32.673,22.913,7.0,1,,True,False,True,19.8,73.844,8.5,34.46711409395974,50.162416107382555,False
2026,Austria,R,NOR,1,McLaren,13.0,1.0,MEDIUM,13.0,True,73.591,17.75,32.838,23.003,5.0,1,,True,False,True,21.6,74.23899999999999,8.5,34.46711409395974,50.162416107382555,False
2026,Austria,R,NOR,1,McLaren,14.0,1.0,MEDIUM,14.0,True,73.423,17.732,32.727,22.964,5.0,1,,True,False,True,23.400000000000002,74.125,8.5,34.46711409395974,50.162416107382555,False
2026,Austria,R,NOR,1,McLaren,15.0,1.0,MEDIUM,15.0,True,73.419,17.68,32.838,22.901,5.0,1,,True,False,True,25.2,74.175,8.5,34.46711409395974,50.162416107382555,False
2026,Austria,R,NOR,1,McLaren,16.0,1.0,MEDIUM,16.0,True,73.323,17.711,32.724,22.888,5.0,1,,True,False,True,27.0,74.133,8.5,34.46711409395974,50.162416107382555,False
2026,Austria,R,NOR,1,McLaren,17.0,1.0,MEDIUM,17.0,True,73.157,17.722,32.594,22.841,5.0,1,,True,False,True,28.8,74.021,8.5,34.46711409395974,50.162416107382555,False
2026,Austria,R,NOR,1,McLaren,18.0,1.0,MEDIUM,18.0,True,73.381,17.792,32.786,22.803,5.0,1,,True,False,True,30.6,74.299,8.5,34.46711409395974,50.162416107382555,False
2026,Austria,R,NOR,1,McLaren,19.0,1.0,MEDIUM,19.0,True,74.33,17.879,33.596,22.855,3.0,1,,True,False,True,32.4,75.30199999999999,8.5,34.46711409395974,50.162416107382555,False
2026,Austria,R,NOR,1,McLaren,20.0,1.0,MEDIUM,20.0,True,73.655,17.835,33.001,22.819,2.0,1,,True,False,True,34.2,74.681,8.5,34.46711409395974,50.162416107382555,False
2026,Austria,R,NOR,1,McLaren,21.0,1.0,MEDIUM,21.0,True,78.354,17.954,32.931,27.469,5.0,1,,False,True,True,36.0,79.434,8.5,34.46711409395974,50.162416107382555,False
2026,Austria,R,NOR,1,McLaren,22.0,2.0,HARD,1.0,True,90.005,34.292,33.236,22.477,8.0,1,,False,True,True,37.800000000000004,91.139,8.5,34.46711409395974,50.162416107382555,False
2026,Austria,R,NOR,1,McLaren,23.0,2.0,HARD,2.0,True,72.148,17.602,32.287,22.259,8.0,1,,True,False,True,39.6,73.336,8.5,34.46711409395974,50.162416107382555,False
2026,Austria,R,NOR,1,McLaren,24.0,2.0,HARD,3.0,True,78.463,17.524,32.23,28.709,8.0,126,,False,False,False,41.4,79.705,8.5,34.46711409395974,50.162416107382555,False
2026,Austria,R,NOR,1,McLaren,25.0,2.0,HARD,4.0,True,96.995,23.668,41.017,32.31,8.0,6,,False,False,False,43.2,98.29100000000001,8.5,34.46711409395974,50.162416107382555,False
2026,Austria,R,NOR,1,McLaren,26.0,2.0,HARD,5.0,True,84.972,20.212,42.528,22.232,8.0,671,,False,False,False,45.0,86.32199999999999,8.5,34.46711409395974,50.162416107382555,False
2026,Austria,R,NOR,1,McLaren,27.0,2.0,HARD,6.0,True,71.773,17.518,32.193,22.062,8.0,1,,True,False,True,46.800000000000004,73.17699999999999,8.5,34.46711409395974,50.162416107382555,False
2026,Austria,R,NOR,1,McLaren,28.0,2.0,HARD,7.0,True,71.568,17.479,32.001,22.088,8.0,1,,True,False,True,48.6,73.026,8.5,34.46711409395974,50.162416107382555,False
2026,Austria,R,NOR,1,McLaren,29.0,2.0,HARD,8.0,True,71.843,17.379,32.231,22.233,8.0,1,,True,False,True,50.4,73.355,8.5,34.46711409395974,50.162416107382555,False
2026,Austria,R,NOR,1,McLaren,30.0,2.0,HARD,9.0,True,71.797,17.473,32.285,22.039,8.0,1,,True,False,True,52.2,73.363,8.5,34.46711409395974,50.162416107382555,False
2026,Austria,R,NOR,1,McLaren,31.0,2.0,HARD,10.0,True,71.666,17.507,31.988,22.171,8.0,1,,True,False,True,54.0,73.286,8.5,34.46711409395974,50.162416107382555,False
2026,Austria,R,NOR,1,McLaren,32.0,2.0,HARD,11.0,True,71.593,17.428,32.128,22.037,8.0,1,,True,False,True,55.800000000000004,73.26700000000001,8.5,34.46711409395974,50.162416107382555,False
2026,Austria,R,NOR,1,McLaren,33.0,2.0,HARD,12.0,True,71.542,17.477,32.059,22.006,8.0,1,,True,False,True,57.6,73.27,8.5,34.46711409395974,50.162416107382555,False
2026,Austria,R,NOR,1,McLaren,34.0,2.0,HARD,13.0,True,71.916,17.439,32.411,22.066,8.0,1,,True,False,True,59.4,73.698,8.5,34.46711409395974,50.162416107382555,False
2026,Austria,R,NOR,1,McLaren,35.0,2.0,HARD,14.0,True,71.547,17.348,32.124,22.075,8.0,1,,True,False,True,61.2,73.383,8.5,34.46711409395974,50.162416107382555,False
2026,Austria,R,NOR,1,McLaren,36.0,2.0,HARD,15.0,True,71.824,17.435,32.261,22.128,8.0,1,,True,False,True,63.0,73.714,8.5,34.46711409395974,50.162416107382555,False
2026,Austria,R,NOR,1,McLaren,37.0,2.0,HARD,16.0,True,72.345,17.458,32.611,22.276,8.0,1,,True,False,True,64.8,74.289,8.5,34.46711409395974,50.162416107382555,False
2026,Austria,R,NOR,1,McLaren,38.0,2.0,HARD,17.0,True,71.788,17.381,32.192,22.215,7.0,1,,True,False,True,66.60000000000001,73.786,8.5,34.46711409395974,50.162416107382555,False
2026,Austria,R,NOR,1,McLaren,39.0,2.0,HARD,18.0,True,72.229,17.454,32.54,22.235,7.0,1,,True,False,True,68.4,74.281,8.5,34.46711409395974,50.162416107382555,False
2026,Austria,R,NOR,1,McLaren,40.0,2.0,HARD,19.0,True,72.078,17.461,32.325,22.292,6.0,1,,True,False,True,70.2,74.184,8.5,34.46711409395974,50.162416107382555,False
2026,Austria,R,NOR,1,McLaren,41.0,2.0,HARD,20.0,True,72.134,17.479,32.446,22.209,6.0,1,,True,False,True,72.0,74.294,8.5,34.46711409395974,50.162416107382555,False
2026,Austria,R,NOR,1,McLaren,42.0,2.0,HARD,21.0,True,71.746,17.382,32.187,22.177,6.0,1,,True,False,True,73.8,73.96,8.5,34.46711409395974,50.162416107382555,False
2026,Austria,R,NOR,1,McLaren,43.0,2.0,HARD,22.0,True,72.194,17.507,32.457,22.23,4.0,1,,True,False,True,75.60000000000001,74.462,8.5,34.46711409395974,50.162416107382555,False
2026,Austria,R,NOR,1,McLaren,44.0,2.0,HARD,23.0,True,72.353,17.372,32.541,22.44,4.0,1,,True,False,True,77.4,74.675,8.5,34.46711409395974,50.162416107382555,False
2026,Austria,R,NOR,1,McLaren,45.0,2.0,HARD,24.0,True,72.274,17.448,32.404,22.422,4.0,1,,True,False,True,79.2,74.65,8.5,34.46711409395974,50.162416107382555,False
2026,Austria,R,NOR,1,McLaren,46.0,2.0,HARD,25.0,True,72.465,17.561,32.591,22.313,4.0,1,,True,False,True,81.0,74.89500000000001,8.5,34.46711409395974,50.162416107382555,False
2026,Austria,R,NOR,1,McLaren,47.0,2.0,HARD,26.0,True,76.801,17.463,32.548,26.79,4.0,1,,False,True,True,82.8,79.285,8.5,34.46711409395974,50.162416107382555,False
2026,Austria,R,NOR,1,McLaren,48.0,3.0,HARD,1.0,True,88.64,34.472,32.378,21.79,8.0,1,,False,True,True,84.60000000000001,91.178,8.5,34.46711409395974,50.162416107382555,False
2026,Austria,R,NOR,1,McLaren,49.0,3.0,HARD,2.0,True,70.994,17.212,31.847,21.935,8.0,1,,True,False,True,86.4,73.586,8.5,34.46711409395974,50.162416107382555,False
2026,Austria,R,NOR,1,McLaren,50.0,3.0,HARD,3.0,True,70.865,17.235,31.649,21.981,8.0,1,,True,False,True,88.2,73.511,8.5,34.46711409395974,50.162416107382555,False
2026,Austria,R,NOR,1,McLaren,51.0,3.0,HARD,4.0,True,71.17,17.33,32.096,21.744,8.0,1,,True,False,True,90.0,73.87,8.5,34.46711409395974,50.162416107382555,False
2026,Austria,R,NOR,1,McLaren,52.0,3.0,HARD,5.0,True,82.848,17.38,37.324,28.144,8.0,167,,False,False,False,91.8,85.602,8.5,34.46711409395974,50.162416107382555,False
2026,Austria,R,NOR,1,McLaren,53.0,3.0,HARD,6.0,True,70.659,17.286,31.641,21.732,8.0,1,,True,False,True,93.60000000000001,73.46700000000001,8.5,34.46711409395974,50.162416107382555,False
2026,Austria,R,NOR,1,McLaren,54.0,3.0,HARD,7.0,True,70.983,17.362,31.805,21.816,8.0,1,,True,False,True,95.4,73.845,8.5,34.46711409395974,50.162416107382555,False
2026,Austria,R,NOR,1,McLaren,55.0,3.0,HARD,8.0,True,70.652,17.328,31.55,21.774,8.0,1,,True,False,True,97.2,73.568,8.5,34.46711409395974,50.162416107382555,False
2026,Austria,R,NOR,1,McLaren,56.0,3.0,HARD,9.0,True,70.907,17.314,31.74,21.853,8.0,1,,True,False,True,99.0,73.877,8.5,34.46711409395974,50.162416107382555,False
2026,Austria,R,NOR,1,McLaren,57.0,3.0,HARD,10.0,True,70.979,17.23,31.846,21.903,8.0,1,,True,False,True,100.8,74.003,8.5,34.46711409395974,50.162416107382555,False
2026,Austria,R,NOR,1,McLaren,58.0,3.0,HARD,11.0,True,71.465,17.248,31.993,22.224,8.0,1,,True,False,True,102.60000000000001,74.543,8.5,34.46711409395974,50.162416107382555,False
2026,Austria,R,NOR,1,McLaren,59.0,3.0,HARD,12.0,True,71.584,17.312,32.329,21.943,7.0,1,,True,False,True,104.4,74.71600000000001,8.5,34.46711409395974,50.162416107382555,False
2026,Austria,R,NOR,1,McLaren,60.0,3.0,HARD,13.0,True,71.216,17.308,31.984,21.924,7.0,1,,True,False,True,106.2,74.40199999999999,8.5,34.46711409395974,50.162416107382555,False
2026,Austria,R,NOR,1,McLaren,61.0,3.0,HARD,14.0,True,71.205,17.385,31.818,22.002,7.0,1,,True,False,True,108.0,74.445,8.5,34.46711409395974,50.162416107382555,False
2026,Austria,R,NOR,1,McLaren,62.0,3.0,HARD,15.0,True,71.586,17.368,32.022,22.196,7.0,1,,True,False,True,109.8,74.88,8.5,34.46711409395974,50.162416107382555,False
2026,Austria,R,NOR,1,McLaren,63.0,3.0,HARD,16.0,True,71.385,17.298,32.006,22.081,7.0,1,,True,False,True,111.60000000000001,74.733,8.5,34.46711409395974,50.162416107382555,False
2026,Austria,R,NOR,1,McLaren,64.0,3.0,HARD,17.0,True,71.318,17.34,31.904,22.074,7.0,1,,True,False,True,113.4,74.72,8.5,34.46711409395974,50.162416107382555,False
2026,Austria,R,NOR,1,McLaren,65.0,3.0,HARD,18.0,True,71.409,17.259,31.996,22.154,7.0,1,,True,False,True,115.2,74.86500000000001,8.5,34.46711409395974,50.162416107382555,False
2026,Austria,R,NOR,1,McLaren,66.0,3.0,HARD,19.0,True,71.497,17.287,32.157,22.053,7.0,1,,True,False,True,117.0,75.007,8.5,34.46711409395974,50.162416107382555,False
2026,Austria,R,NOR,1,McLaren,67.0,3.0,HARD,20.0,True,72.49,17.415,32.955,22.12,7.0,1,,True,False,True,118.8,76.05399999999999,8.5,34.46711409395974,50.162416107382555,False
2026,Austria,R,NOR,1,McLaren,68.0,3.0,HARD,21.0,True,71.939,17.357,32.217,22.365,7.0,1,,True,False,True,120.60000000000001,75.55699999999999,8.5,34.46711409395974,50.162416107382555,False
2026,Austria,R,NOR,1,McLaren,69.0,3.0,HARD,22.0,True,71.821,17.31,32.303,22.208,7.0,1,,True,False,True,122.4,75.493,8.5,34.46711409395974,50.162416107382555,False
2026,Austria,R,NOR,1,McLaren,70.0,3.0,HARD,23.0,True,72.674,17.779,32.604,22.291,7.0,1,,True,False,True,124.2,76.4,8.5,34.46711409395974,50.162416107382555,False
2026,Austria,R,NOR,1,McLaren,71.0,3.0,HARD,24.0,True,72.739,17.573,32.799,22.367,7.0,1,,True,False,True,126.0,76.519,8.5,34.46711409395974,50.162416107382555,False
2026,Austria,R,GAS,10,Alpine,1.0,1.0,MEDIUM,1.0,True,80.728,,34.497,23.172,13.0,1,,False,False,True,0.0,80.728,8.5,34.46711409395974,50.162416107382555,False
2026,Austria,R,GAS,10,Alpine,2.0,1.0,MEDIUM,2.0,True,74.455,17.978,33.506,22.971,13.0,1,,True,False,True,1.8,74.509,8.5,34.46711409395974,50.162416107382555,False
2026,Austria,R,GAS,10,Alpine,3.0,1.0,MEDIUM,3.0,True,73.713,17.556,33.245,22.912,13.0,1,,True,False,True,3.6,73.821,8.5,34.46711409395974,50.162416107382555,False
2026,Austria,R,GAS,10,Alpine,4.0,1.0,MEDIUM,4.0,True,74.015,17.499,33.374,23.142,13.0,1,,True,False,True,5.4,74.177,8.5,34.46711409395974,50.162416107382555,False
2026,Austria,R,GAS,10,Alpine,5.0,1.0,MEDIUM,5.0,True,74.023,17.65,33.322,23.051,13.0,1,,True,False,True,7.2,74.23899999999999,8.5,34.46711409395974,50.162416107382555,False
2026,Austria,R,GAS,10,Alpine,6.0,1.0,MEDIUM,6.0,True,74.065,17.615,33.232,23.218,13.0,1,,True,False,True,9.0,74.335,8.5,34.46711409395974,50.162416107382555,False
2026,Austria,R,GAS,10,Alpine,7.0,1.0,MEDIUM,7.0,True,74.705,17.855,33.382,23.468,13.0,1,,True,False,True,10.8,75.029,8.5,34.46711409395974,50.162416107382555,False
2026,Austria,R,GAS,10,Alpine,8.0,1.0,MEDIUM,8.0,True,74.513,17.804,33.364,23.345,13.0,1,,True,False,True,12.6,74.891,8.5,34.46711409395974,50.162416107382555,False
2026,Austria,R,GAS,10,Alpine,9.0,1.0,MEDIUM,9.0,True,74.864,17.659,33.712,23.493,13.0,1,,True,False,True,14.4,75.296,8.5,34.46711409395974,50.162416107382555,False
2026,Austria,R,GAS,10,Alpine,10.0,1.0,MEDIUM,10.0,True,75.154,17.818,33.839,23.497,13.0,1,,True,False,True,16.2,75.64,8.5,34.46711409395974,50.162416107382555,False
2026,Austria,R,GAS,10,Alpine,11.0,1.0,MEDIUM,11.0,True,75.588,17.67,34.249,23.669,13.0,1,,True,False,True,18.0,76.128,8.5,34.46711409395974,50.162416107382555,False
2026,Austria,R,GAS,10,Alpine,12.0,1.0,MEDIUM,12.0,True,74.943,17.793,33.77,23.38,13.0,1,,True,False,True,19.8,75.53699999999999,8.5,34.46711409395974,50.162416107382555,False
2026,Austria,R,GAS,10,Alpine,13.0,1.0,MEDIUM,13.0,True,79.306,17.879,33.723,27.704,16.0,1,,False,True,True,21.6,79.954,8.5,34.46711409395974,50.162416107382555,False
2026,Austria,R,GAS,10,Alpine,14.0,2.0,HARD,1.0,True,90.469,34.852,32.869,22.748,20.0,1,,False,True,True,23.400000000000002,91.17099999999999,8.5,34.46711409395974,50.162416107382555,False
2026,Austria,R,GAS,10,Alpine,15.0,2.0,HARD,2.0,True,72.983,17.674,32.528,22.781,19.0,1,,True,False,True,25.2,73.739,8.5,34.46711409395974,50.162416107382555,False
2026,Austria,R,GAS,10,Alpine,16.0,2.0,HARD,3.0,True,73.349,17.478,32.757,23.114,18.0,1,,True,False,True,27.0,74.159,8.5,34.46711409395974,50.162416107382555,False
2026,Austria,R,GAS,10,Alpine,17.0,2.0,HARD,4.0,True,73.244,17.934,32.543,22.767,17.0,1,,True,False,True,28.8,74.108,8.5,34.46711409395974,50.162416107382555,False
2026,Austria,R,GAS,10,Alpine,18.0,2.0,HARD,5.0,True,73.04,17.741,32.577,22.722,17.0,1,,True,False,True,30.6,73.95800000000001,8.5,34.46711409395974,50.162416107382555,False
2026,Austria,R,GAS,10,Alpine,19.0,2.0,HARD,6.0,True,72.932,17.639,32.697,22.596,15.0,1,,True,False,True,32.4,73.904,8.5,34.46711409395974,50.162416107382555,False
2026,Austria,R,GAS,10,Alpine,20.0,2.0,HARD,7.0,True,72.916,17.651,32.554,22.711,14.0,1,,True,False,True,34.2,73.942,8.5,34.46711409395974,50.162416107382555,False
2026,Austria,R,GAS,10,Alpine,21.0,2.0,HARD,8.0,True,72.772,17.627,32.539,22.606,14.0,1,,True,False,True,36.0,73.852,8.5,34.46711409395974,50.162416107382555,False
2026,Austria,R,GAS,10,Alpine,22.0,2.0,HARD,9.0,True,72.985,17.615,32.635,22.735,13.0,1,,True,False,True,37.800000000000004,74.119,8.5,34.46711409395974,50.162416107382555,False
2026,Austria,R,GAS,10,Alpine,23.0,2.0,HARD,10.0,True,73.89,17.536,33.273,23.081,12.0,1,,True,False,True,39.6,75.078,8.5,34.46711409395974,50.162416107382555,False
2026,Austria,R,GAS,10,Alpine,24.0,2.0,HARD,11.0,True,83.514,17.883,35.274,30.357,12.0,126,,False,False,False,41.4,84.756,8.5,34.46711409395974,50.162416107382555,False
2026,Austria,R,GAS,10,Alpine,25.0,2.0,HARD,12.0,True,96.491,21.814,43.764,30.913,12.0,6,,False,False,False,43.2,97.787,8.5,34.46711409395974,50.162416107382555,False
2026,Austria,R,GAS,10,Alpine,26.0,2.0,HARD,13.0,True,82.551,22.507,37.224,22.82,12.0,671,,False,False,False,45.0,83.901,8.5,34.46711409395974,50.162416107382555,False
2026,Austria,R,GAS,10,Alpine,27.0,2.0,HARD,14.0,True,73.061,17.648,32.772,22.641,12.0,1,,True,False,True,46.800000000000004,74.465,8.5,34.46711409395974,50.162416107382555,False
2026,Austria,R,GAS,10,Alpine,28.0,2.0,HARD,15.0,True,72.923,17.686,32.568,22.669,12.0,1,,True,False,True,48.6,74.381,8.5,34.46711409395974,50.162416107382555,False
2026,Austria,R,GAS,10,Alpine,29.0,2.0,HARD,16.0,True,73.094,17.703,32.541,22.85,12.0,1,,True,False,True,50.4,74.606,8.5,34.46711409395974,50.162416107382555,False
2026,Austria,R,GAS,10,Alpine,30.0,2.0,HARD,17.0,True,73.146,17.61,32.824,22.712,12.0,1,,True,False,True,52.2,74.712,8.5,34.46711409395974,50.162416107382555,False
2026,Austria,R,GAS,10,Alpine,31.0,2.0,HARD,18.0,True,73.156,17.732,32.738,22.686,12.0,1,,True,False,True,54.0,74.77600000000001,8.5,34.46711409395974,50.162416107382555,False
2026,Austria,R,GAS,10,Alpine,32.0,2.0,HARD,19.0,True,73.184,17.679,32.779,22.726,12.0,1,,True,False,True,55.800000000000004,74.858,8.5,34.46711409395974,50.162416107382555,False
2026,Austria,R,GAS,10,Alpine,33.0,2.0,HARD,20.0,True,73.464,17.658,32.95,22.856,12.0,1,,True,False,True,57.6,75.192,8.5,34.46711409395974,50.162416107382555,False
2026,Austria,R,GAS,10,Alpine,34.0,2.0,HARD,21.0,True,73.591,17.7,33.087,22.804,12.0,1,,True,False,True,59.4,75.37299999999999,8.5,34.46711409395974,50.162416107382555,False
2026,Austria,R,GAS,10,Alpine,35.0,2.0,HARD,22.0,True,73.749,17.825,33.133,22.791,12.0,1,,True,False,True,61.2,75.585,8.5,34.46711409395974,50.162416107382555,False
2026,Austria,R,GAS,10,Alpine,36.0,2.0,HARD,23.0,True,73.927,17.833,33.193,22.901,12.0,1,,True,False,True,63.0,75.81700000000001,8.5,34.46711409395974,50.162416107382555,False
2026,Austria,R,GAS,10,Alpine,37.0,2.0,HARD,24.0,True,73.947,17.865,33.078,23.004,12.0,1,,True,False,True,64.8,75.891,8.5,34.46711409395974,50.162416107382555,False
2026,Austria,R,GAS,10,Alpine,38.0,2.0,HARD,25.0,True,78.051,17.831,33.162,27.058,13.0,1,,False,True,True,66.60000000000001,80.049,8.5,34.46711409395974,50.162416107382555,False
2026,Austria,R,GAS,10,Alpine,39.0,3.0,MEDIUM,1.0,True,89.337,33.938,32.652,22.747,14.0,1,,False,True,True,68.4,91.38900000000001,8.5,34.46711409395974,50.162416107382555,False
2026,Austria,R,GAS,10,Alpine,40.0,3.0,MEDIUM,2.0,True,72.259,17.611,32.318,22.33,14.0,1,,True,False,True,70.2,74.365,8.5,34.46711409395974,50.162416107382555,False
2026,Austria,R,GAS,10,Alpine,41.0,3.0,MEDIUM,3.0,True,72.291,17.545,32.248,22.498,14.0,1,,True,False,True,72.0,74.451,8.5,34.46711409395974,50.162416107382555,False
2026,Austria,R,GAS,10,Alpine,42.0,3.0,MEDIUM,4.0,True,72.583,17.443,32.375,22.765,14.0,1,,True,False,True,73.8,74.797,8.5,34.46711409395974,50.162416107382555,False
2026,Austria,R,GAS,10,Alpine,43.0,3.0,MEDIUM,5.0,True,72.471,17.332,32.721,22.418,13.0,1,,True,False,True,75.60000000000001,74.739,8.5,34.46711409395974,50.162416107382555,False
2026,Austria,R,GAS,10,Alpine,44.0,3.0,MEDIUM,6.0,True,72.371,17.575,32.394,22.402,13.0,1,,True,False,True,77.4,74.693,8.5,34.46711409395974,50.162416107382555,False
2026,Austria,R,GAS,10,Alpine,45.0,3.0,MEDIUM,7.0,True,72.718,17.602,32.612,22.504,13.0,1,,True,False,True,79.2,75.09400000000001,8.5,34.46711409395974,50.162416107382555,False
2026,Austria,R,GAS,10,Alpine,46.0,3.0,MEDIUM,8.0,True,72.366,17.427,32.519,22.42,12.0,1,,True,False,True,81.0,74.79599999999999,8.5,34.46711409395974,50.162416107382555,False
2026,Austria,R,GAS,10,Alpine,47.0,3.0,MEDIUM,9.0,True,72.967,17.464,32.539,22.964,12.0,1,,True,False,True,82.8,75.451,8.5,34.46711409395974,50.162416107382555,False
2026,Austria,R,GAS,10,Alpine,48.0,3.0,MEDIUM,10.0,True,73.261,18.11,32.722,22.429,12.0,1,,True,False,True,84.60000000000001,75.79899999999999,8.5,34.46711409395974,50.162416107382555,False
2026,Austria,R,GAS,10,Alpine,49.0,3.0,MEDIUM,11.0,True,72.557,17.439,32.709,22.409,12.0,1,,True,False,True,86.4,75.149,8.5,34.46711409395974,50.162416107382555,False
2026,Austria,R,GAS,10,Alpine,50.0,3.0,MEDIUM,12.0,True,72.686,17.421,32.756,22.509,12.0,1,,True,False,True,88.2,75.33200000000001,8.5,34.46711409395974,50.162416107382555,False
2026,Austria,R,GAS,10,Alpine,51.0,3.0,MEDIUM,13.0,True,78.808,17.637,32.689,28.482,12.0,16,,False,True,False,90.0,81.50800000000001,8.5,34.46711409395974,50.162416107382555,False
2026,Austria,R,GAS,10,Alpine,52.0,4.0,SOFT,1.0,True,91.156,34.094,34.661,22.401,13.0,671,,False,True,False,91.8,93.91000000000001,8.5,34.46711409395974,50.162416107382555,False
2026,Austria,R,GAS,10,Alpine,53.0,4.0,SOFT,2.0,True,73.63,17.089,34.092,22.449,13.0,1,,True,False,True,93.60000000000001,76.438,8.5,34.46711409395974,50.162416107382555,False
2026,Austria,R,GAS,10,Alpine,54.0,4.0,SOFT,3.0,True,71.466,17.196,32.076,22.194,13.0,1,,True,False,True,95.4,74.32799999999999,8.5,34.46711409395974,50.162416107382555,False
2026,Austria,R,GAS,10,Alpine,55.0,4.0,SOFT,4.0,True,72.805,17.298,32.824,22.683,13.0,1,,True,False,True,97.2,75.721,8.5,34.46711409395974,50.162416107382555,False
2026,Austria,R,GAS,10,Alpine,56.0,4.0,SOFT,5.0,True,72.053,17.305,32.536,22.212,13.0,1,,True,False,True,99.0,75.023,8.5,34.46711409395974,50.162416107382555,False
2026,Austria,R,GAS,10,Alpine,57.0,4.0,SOFT,6.0,True,73.102,18.218,32.571,22.313,13.0,1,,True,False,True,100.8,76.126,8.5,34.46711409395974,50.162416107382555,False
2026,Austria,R,GAS,10,Alpine,58.0,4.0,SOFT,7.0,True,73.762,17.172,32.908,23.682,13.0,1,,True,False,True,102.60000000000001,76.84,8.5,34.46711409395974,50.162416107382555,False
2026,Austria,R,GAS,10,Alpine,59.0,4.0,SOFT,8.0,True,71.953,17.564,32.185,22.204,13.0,1,,True,False,True,104.4,75.08500000000001,8.5,34.46711409395974,50.162416107382555,False
2026,Austria,R,GAS,10,Alpine,60.0,4.0,SOFT,9.0,True,71.581,17.481,32.097,22.003,13.0,1,,True,False,True,106.2,74.767,8.5,34.46711409395974,50.162416107382555,False
2026,Austria,R,GAS,10,Alpine,61.0,4.0,SOFT,10.0,True,71.651,17.474,32.049,22.128,13.0,1,,True,False,True,108.0,74.89099999999999,8.5,34.46711409395974,50.162416107382555,False
2026,Austria,R,GAS,10,Alpine,62.0,4.0,SOFT,11.0,True,71.625,17.357,32.172,22.096,13.0,1,,True,False,True,109.8,74.919,8.5,34.46711409395974,50.162416107382555,False
2026,Austria,R,GAS,10,Alpine,63.0,4.0,SOFT,12.0,True,71.779,17.391,32.199,22.189,13.0,1,,True,False,True,111.60000000000001,75.127,8.5,34.46711409395974,50.162416107382555,False
2026,Austria,R,GAS,10,Alpine,64.0,4.0,SOFT,13.0,True,73.001,17.35,33.213,22.438,13.0,1,,True,False,True,113.4,76.403,8.5,34.46711409395974,50.162416107382555,False
2026,Austria,R,GAS,10,Alpine,65.0,4.0,SOFT,14.0,True,72.076,17.376,32.327,22.373,13.0,1,,True,False,True,115.2,75.532,8.5,34.46711409395974,50.162416107382555,False
2026,Austria,R,GAS,10,Alpine,66.0,4.0,SOFT,15.0,True,72.223,17.414,32.477,22.332,13.0,1,,True,False,True,117.0,75.733,8.5,34.46711409395974,50.162416107382555,False
2026,Austria,R,GAS,10,Alpine,67.0,4.0,SOFT,16.0,True,72.562,17.37,32.901,22.291,13.0,1,,True,False,True,118.8,76.12599999999999,8.5,34.46711409395974,50.162416107382555,False
2026,Austria,R,GAS,10,Alpine,68.0,4.0,SOFT,17.0,True,71.986,17.31,32.381,22.295,13.0,1,,True,False,True,120.60000000000001,75.604,8.5,34.46711409395974,50.162416107382555,False
2026,Austria,R,GAS,10,Alpine,69.0,4.0,SOFT,18.0,True,72.97,17.355,33.071,22.544,13.0,1,,True,False,True,122.4,76.642,8.5,34.46711409395974,50.162416107382555,False
2026,Austria,R,GAS,10,Alpine,70.0,4.0,SOFT,19.0,True,72.673,17.5,32.742,22.431,13.0,1,,True,False,True,124.2,76.399,8.5,34.46711409395974,50.162416107382555,False
2026,Austria,R,PER,11,Cadillac,1.0,1.0,MEDIUM,1.0,True,82.791,,35.102,23.618,18.0,1,,False,False,True,0.0,82.791,8.5,34.46711409395974,50.162416107382555,False
2026,Austria,R,PER,11,Cadillac,2.0,1.0,MEDIUM,2.0,True,75.275,17.711,34.119,23.445,18.0,1,,True,False,True,1.8,75.32900000000001,8.5,34.46711409395974,50.162416107382555,False
2026,Austria,R,PER,11,Cadillac,3.0,1.0,MEDIUM,3.0,True,74.448,17.579,33.468,23.401,18.0,1,,True,False,True,3.6,74.556,8.5,34.46711409395974,50.162416107382555,False
2026,Austria,R,PER,11,Cadillac,4.0,1.0,MEDIUM,4.0,True,84.857,17.553,34.591,32.713,21.0,1,,False,True,True,5.4,85.019,8.5,34.46711409395974,50.162416107382555,False
2026,Austria,R,ANT,12,Mercedes,1.0,1.0,MEDIUM,1.0,True,76.931,,33.513,22.318,4.0,1,,False,False,True,0.0,76.931,8.5,34.46711409395974,50.162416107382555,False
2026,Austria,R,ANT,12,Mercedes,2.0,1.0,MEDIUM,2.0,True,74.216,17.866,33.687,22.663,5.0,1,,True,False,True,1.8,74.27,8.5,34.46711409395974,50.162416107382555,False
2026,Austria,R,ANT,12,Mercedes,3.0,1.0,MEDIUM,3.0,True,72.568,17.354,32.791,22.423,5.0,1,,True,False,True,3.6,72.676,8.5,34.46711409395974,50.162416107382555,False
2026,Austria,R,ANT,12,Mercedes,4.0,1.0,MEDIUM,4.0,True,72.114,17.393,32.509,22.212,5.0,1,,True,False,True,5.4,72.27600000000001,8.5,34.46711409395974,50.162416107382555,False
2026,Austria,R,ANT,12,Mercedes,5.0,1.0,MEDIUM,5.0,True,72.168,17.236,32.605,22.327,5.0,1,,True,False,True,7.2,72.384,8.5,34.46711409395974,50.162416107382555,False
2026,Austria,R,ANT,12,Mercedes,6.0,1.0,MEDIUM,6.0,True,72.285,17.212,32.76,22.313,5.0,1,,True,False,True,9.0,72.55499999999999,8.5,34.46711409395974,50.162416107382555,False
2026,Austria,R,ANT,12,Mercedes,7.0,1.0,MEDIUM,7.0,True,72.607,17.404,32.702,22.501,4.0,1,,True,False,True,10.8,72.931,8.5,34.46711409395974,50.162416107382555,False
2026,Austria,R,ANT,12,Mercedes,8.0,1.0,MEDIUM,8.0,True,72.163,17.248,32.688,22.227,4.0,1,,True,False,True,12.6,72.541,8.5,34.46711409395974,50.162416107382555,False
2026,Austria,R,ANT,12,Mercedes,9.0,1.0,MEDIUM,9.0,True,72.268,17.476,32.478,22.314,4.0,1,,True,False,True,14.4,72.7,8.5,34.46711409395974,50.162416107382555,False
2026,Austria,R,ANT,12,Mercedes,10.0,1.0,MEDIUM,10.0,True,72.586,17.501,32.532,22.553,4.0,1,,True,False,True,16.2,73.072,8.5,34.46711409395974,50.162416107382555,False
2026,Austria,R,ANT,12,Mercedes,11.0,1.0,MEDIUM,11.0,True,73.147,17.636,32.893,22.618,4.0,1,,True,False,True,18.0,73.68700000000001,8.5,34.46711409395974,50.162416107382555,False
2026,Austria,R,ANT,12,Mercedes,12.0,1.0,MEDIUM,12.0,True,73.221,17.527,32.923,22.771,3.0,1,,True,False,True,19.8,73.815,8.5,34.46711409395974,50.162416107382555,False
2026,Austria,R,ANT,12,Mercedes,13.0,1.0,MEDIUM,13.0,True,72.782,17.705,32.575,22.502,3.0,1,,True,False,True,21.6,73.42999999999999,8.5,34.46711409395974,50.162416107382555,False
2026,Austria,R,ANT,12,Mercedes,14.0,1.0,MEDIUM,14.0,True,72.696,17.59,32.56,22.546,3.0,1,,True,False,True,23.400000000000002,73.398,8.5,34.46711409395974,50.162416107382555,False
2026,Austria,R,ANT,12,Mercedes,15.0,1.0,MEDIUM,15.0,True,72.993,17.536,32.839,22.618,3.0,1,,True,False,True,25.2,73.749,8.5,34.46711409395974,50.162416107382555,False
2026,Austria,R,ANT,12,Mercedes,16.0,1.0,MEDIUM,16.0,True,72.883,17.618,32.685,22.58,3.0,1,,True,False,True,27.0,73.693,8.5,34.46711409395974,50.162416107382555,False
2026,Austria,R,ANT,12,Mercedes,17.0,1.0,MEDIUM,17.0,True,72.474,17.491,32.552,22.431,3.0,1,,True,False,True,28.8,73.33800000000001,8.5,34.46711409395974,50.162416107382555,False
2026,Austria,R,ANT,12,Mercedes,18.0,1.0,MEDIUM,18.0,True,72.816,17.761,32.5,22.555,2.0,1,,True,False,True,30.6,73.73400000000001,8.5,34.46711409395974,50.162416107382555,False
2026,Austria,R,ANT,12,Mercedes,19.0,1.0,MEDIUM,19.0,True,72.476,17.547,32.511,22.418,2.0,1,,True,False,True,32.4,73.448,8.5,34.46711409395974,50.162416107382555,False
2026,Austria,R,ANT,12,Mercedes,20.0,1.0,MEDIUM,20.0,True,73.419,17.629,33.429,22.361,1.0,1,,True,False,True,34.2,74.445,8.5,34.46711409395974,50.162416107382555,False
2026,Austria,R,ANT,12,Mercedes,21.0,1.0,MEDIUM,21.0,True,72.804,17.627,32.728,22.449,1.0,1,,True,False,True,36.0,73.884,8.5,34.46711409395974,50.162416107382555,False
2026,Austria,R,ANT,12,Mercedes,22.0,1.0,MEDIUM,22.0,True,73.952,17.674,33.883,22.395,1.0,1,,True,False,True,37.800000000000004,75.086,8.5,34.46711409395974,50.162416107382555,False
2026,Austria,R,ANT,12,Mercedes,23.0,1.0,MEDIUM,23.0,True,73.136,17.615,33.02,22.501,1.0,1,,True,False,True,39.6,74.324,8.5,34.46711409395974,50.162416107382555,False
2026,Austria,R,ANT,12,Mercedes,24.0,1.0,MEDIUM,24.0,True,78.234,17.581,33.054,27.599,1.0,12,,False,True,False,41.4,79.476,8.5,34.46711409395974,50.162416107382555,False
2026,Austria,R,ANT,12,Mercedes,25.0,2.0,HARD,1.0,True,113.381,40.351,41.693,31.337,5.0,26,,False,True,False,43.2,114.677,8.5,34.46711409395974,50.162416107382555,False
2026,Austria,R,ANT,12,Mercedes,26.0,2.0,HARD,2.0,True,90.081,22.55,43.266,24.265,4.0,671,,False,False,False,45.0,91.431,8.5,34.46711409395974,50.162416107382555,False
2026,Austria,R,ANT,12,Mercedes,27.0,2.0,HARD,3.0,True,71.342,17.095,32.248,21.999,4.0,1,,True,False,True,46.800000000000004,72.746,8.5,34.46711409395974,50.162416107382555,False
2026,Austria,R,ANT,12,Mercedes,28.0,2.0,HARD,4.0,True,71.395,17.22,32.12,22.055,4.0,1,,True,False,True,48.6,72.853,8.5,34.46711409395974,50.162416107382555,False
2026,Austria,R,ANT,12,Mercedes,29.0,2.0,HARD,5.0,True,72.092,17.207,32.605,22.28,4.0,1,,True,False,True,50.4,73.604,8.5,34.46711409395974,50.162416107382555,False
2026,Austria,R,ANT,12,Mercedes,30.0,2.0,HARD,6.0,True,71.297,17.182,32.008,22.107,3.0,1,,True,False,True,52.2,72.863,8.5,34.46711409395974,50.162416107382555,False
2026,Austria,R,ANT,12,Mercedes,31.0,2.0,HARD,7.0,True,71.43,17.502,32.065,21.863,3.0,1,,True,False,True,54.0,73.05000000000001,8.5,34.46711409395974,50.162416107382555,False
2026,Austria,R,ANT,12,Mercedes,32.0,2.0,HARD,8.0,True,71.23,17.388,32.03,21.812,3.0,1,,True,False,True,55.800000000000004,72.90400000000001,8.5,34.46711409395974,50.162416107382555,False
2026,Austria,R,ANT,12,Mercedes,33.0,2.0,HARD,9.0,True,71.368,17.368,32.054,21.946,3.0,1,,True,False,True,57.6,73.09599999999999,8.5,34.46711409395974,50.162416107382555,False
2026,Austria,R,ANT,12,Mercedes,34.0,2.0,HARD,10.0,True,71.356,17.368,32.159,21.829,3.0,1,,True,False,True,59.4,73.13799999999999,8.5,34.46711409395974,50.162416107382555,False
2026,Austria,R,ANT,12,Mercedes,35.0,2.0,HARD,11.0,True,71.363,17.31,32.179,21.874,3.0,1,,True,False,True,61.2,73.199,8.5,34.46711409395974,50.162416107382555,False
2026,Austria,R,ANT,12,Mercedes,36.0,2.0,HARD,12.0,True,71.26,17.288,32.164,21.808,3.0,1,,True,False,True,63.0,73.15,8.5,34.46711409395974,50.162416107382555,False
2026,Austria,R,ANT,12,Mercedes,37.0,2.0,HARD,13.0,True,71.327,17.311,32.117,21.899,3.0,1,,True,False,True,64.8,73.271,8.5,34.46711409395974,50.162416107382555,False
2026,Austria,R,ANT,12,Mercedes,38.0,2.0,HARD,14.0,True,71.595,17.398,32.245,21.951999999999998,3.0,1,,True,False,True,66.60000000000001,73.593,8.5,34.46711409395974,50.162416107382555,False
2026,Austria,R,ANT,12,Mercedes,39.0,2.0,HARD,15.0,True,71.644,17.571,32.225,21.848,3.0,1,,True,False,True,68.4,73.69600000000001,8.5,34.46711409395974,50.162416107382555,False
2026,Austria,R,ANT,12,Mercedes,40.0,2.0,HARD,16.0,True,72.599,17.389,33.183,22.027,3.0,1,,True,False,True,70.2,74.705,8.5,34.46711409395974,50.162416107382555,False
2026,Austria,R,ANT,12,Mercedes,41.0,2.0,HARD,17.0,True,72.131,17.383,32.657,22.091,3.0,1,,True,False,True,72.0,74.291,8.5,34.46711409395974,50.162416107382555,False
2026,Austria,R,ANT,12,Mercedes,42.0,2.0,HARD,18.0,True,71.507,17.378,32.234,21.895,3.0,1,,True,False,True,73.8,73.721,8.5,34.46711409395974,50.162416107382555,False
2026,Austria,R,ANT,12,Mercedes,43.0,2.0,HARD,19.0,True,71.691,17.434,32.249,22.008,3.0,1,,True,False,True,75.60000000000001,73.959,8.5,34.46711409395974,50.162416107382555,False
2026,Austria,R,ANT,12,Mercedes,44.0,2.0,HARD,20.0,True,71.723,17.436,32.306,21.981,2.0,1,,True,False,True,77.4,74.045,8.5,34.46711409395974,50.162416107382555,False
2026,Austria,R,ANT,12,Mercedes,45.0,2.0,HARD,21.0,True,71.825,17.408,32.327,22.09,2.0,1,,True,False,True,79.2,74.20100000000001,8.5,34.46711409395974,50.162416107382555,False
2026,Austria,R,ANT,12,Mercedes,46.0,2.0,HARD,22.0,True,71.748,17.431,32.282,22.035,2.0,1,,True,False,True,81.0,74.178,8.5,34.46711409395974,50.162416107382555,False
2026,Austria,R,ANT,12,Mercedes,47.0,2.0,HARD,23.0,True,71.785,17.459,32.347,21.979,2.0,1,,True,False,True,82.8,74.26899999999999,8.5,34.46711409395974,50.162416107382555,False
2026,Austria,R,ANT,12,Mercedes,48.0,2.0,HARD,24.0,True,71.746,17.454,32.345,21.947,2.0,1,,True,False,True,84.60000000000001,74.28399999999999,8.5,34.46711409395974,50.162416107382555,False
2026,Austria,R,ANT,12,Mercedes,49.0,2.0,HARD,25.0,True,72.214,17.5,32.289,22.425,1.0,1,,True,False,True,86.4,74.806,8.5,34.46711409395974,50.162416107382555,False
2026,Austria,R,ANT,12,Mercedes,50.0,2.0,HARD,26.0,True,72.121,17.423,32.526,22.172,1.0,1,,True,False,True,88.2,74.767,8.5,34.46711409395974,50.162416107382555,False
2026,Austria,R,ANT,12,Mercedes,51.0,2.0,HARD,27.0,True,76.579,17.506,32.489,26.584,1.0,1,,False,True,True,90.0,79.279,8.5,34.46711409395974,50.162416107382555,False
2026,Austria,R,ANT,12,Mercedes,52.0,3.0,HARD,1.0,True,96.107,34.036,32.141,29.93,3.0,16,,False,True,False,91.8,98.861,8.5,34.46711409395974,50.162416107382555,False
2026,Austria,R,ANT,12,Mercedes,53.0,3.0,HARD,2.0,True,75.677,22.254,31.712,21.711,3.0,671,,False,False,False,93.60000000000001,78.48500000000001,8.5,34.46711409395974,50.162416107382555,False
2026,Austria,R,ANT,12,Mercedes,54.0,3.0,HARD,3.0,True,70.424,17.124,31.578,21.722,3.0,1,,True,False,True,95.4,73.286,8.5,34.46711409395974,50.162416107382555,False
2026,Austria,R,ANT,12,Mercedes,55.0,3.0,HARD,4.0,True,70.444,17.156,31.713,21.575,3.0,1,,True,False,True,97.2,73.36,8.5,34.46711409395974,50.162416107382555,False
2026,Austria,R,ANT,12,Mercedes,56.0,3.0,HARD,5.0,True,70.43,17.178,31.593,21.659,3.0,1,,True,False,True,99.0,73.4,8.5,34.46711409395974,50.162416107382555,False
2026,Austria,R,ANT,12,Mercedes,57.0,3.0,HARD,6.0,True,70.47,17.195,31.642,21.633,3.0,1,,True,False,True,100.8,73.494,8.5,34.46711409395974,50.162416107382555,False
2026,Austria,R,ANT,12,Mercedes,58.0,3.0,HARD,7.0,True,70.632,17.153,31.826,21.653,3.0,1,,True,False,True,102.60000000000001,73.71000000000001,8.5,34.46711409395974,50.162416107382555,False
2026,Austria,R,ANT,12,Mercedes,59.0,3.0,HARD,8.0,True,70.374,17.126,31.58,21.668,3.0,1,,True,False,True,104.4,73.506,8.5,34.46711409395974,50.162416107382555,False
2026,Austria,R,ANT,12,Mercedes,60.0,3.0,HARD,9.0,True,70.391,17.237,31.569,21.585,3.0,1,,True,False,True,106.2,73.577,8.5,34.46711409395974,50.162416107382555,False
2026,Austria,R,ANT,12,Mercedes,61.0,3.0,HARD,10.0,True,70.442,17.195,31.624,21.623,3.0,1,,True,False,True,108.0,73.68199999999999,8.5,34.46711409395974,50.162416107382555,False
2026,Austria,R,ANT,12,Mercedes,62.0,3.0,HARD,11.0,True,70.892,17.173,31.941,21.778,3.0,1,,True,False,True,109.8,74.18599999999999,8.5,34.46711409395974,50.162416107382555,False
2026,Austria,R,ANT,12,Mercedes,63.0,3.0,HARD,12.0,True,71.051,17.177,32.008,21.866,3.0,1,,True,False,True,111.60000000000001,74.399,8.5,34.46711409395974,50.162416107382555,False
2026,Austria,R,ANT,12,Mercedes,64.0,3.0,HARD,13.0,True,70.895,17.25,31.925,21.72,3.0,1,,True,False,True,113.4,74.297,8.5,34.46711409395974,50.162416107382555,False
2026,Austria,R,ANT,12,Mercedes,65.0,3.0,HARD,14.0,True,70.64,17.155,31.875,21.61,3.0,1,,True,False,True,115.2,74.096,8.5,34.46711409395974,50.162416107382555,False
2026,Austria,R,ANT,12,Mercedes,66.0,3.0,HARD,15.0,True,70.732,17.179,31.833,21.72,3.0,1,,True,False,True,117.0,74.242,8.5,34.46711409395974,50.162416107382555,False
2026,Austria,R,ANT,12,Mercedes,67.0,3.0,HARD,16.0,True,71.031,17.416,31.935,21.68,3.0,1,,True,False,True,118.8,74.595,8.5,34.46711409395974,50.162416107382555,False
2026,Austria,R,ANT,12,Mercedes,68.0,3.0,HARD,17.0,True,70.549,17.142,31.804,21.603,3.0,1,,True,False,True,120.60000000000001,74.167,8.5,34.46711409395974,50.162416107382555,False
2026,Austria,R,ANT,12,Mercedes,69.0,3.0,HARD,18.0,True,70.407,17.065,31.72,21.622,3.0,1,,True,False,True,122.4,74.079,8.5,34.46711409395974,50.162416107382555,False
2026,Austria,R,ANT,12,Mercedes,70.0,3.0,HARD,19.0,True,70.675,17.063,31.891,21.721,3.0,1,,True,False,True,124.2,74.401,8.5,34.46711409395974,50.162416107382555,False
2026,Austria,R,ANT,12,Mercedes,71.0,3.0,HARD,20.0,True,70.933,17.009,32.087,21.837,3.0,1,,True,False,True,126.0,74.71300000000001,8.5,34.46711409395974,50.162416107382555,False
2026,Austria,R,ALO,14,Aston Martin,1.0,1.0,MEDIUM,1.0,True,83.498,,35.167,23.8,19.0,1,,False,False,True,0.0,83.498,8.5,34.46711409395974,50.162416107382555,False
2026,Austria,R,ALO,14,Aston Martin,2.0,1.0,MEDIUM,2.0,True,75.948,18.442,34.013,23.493,20.0,1,,True,False,True,1.8,76.002,8.5,34.46711409395974,50.162416107382555,False
2026,Austria,R,ALO,14,Aston Martin,3.0,1.0,MEDIUM,3.0,True,74.905,18.063,33.504,23.338,20.0,1,,True,False,True,3.6,75.013,8.5,34.46711409395974,50.162416107382555,False
2026,Austria,R,ALO,14,Aston Martin,4.0,1.0,MEDIUM,4.0,True,75.429,18.142,33.702,23.585,19.0,1,,True,False,True,5.4,75.59100000000001,8.5,34.46711409395974,50.162416107382555,False
2026,Austria,R,ALO,14,Aston Martin,5.0,1.0,MEDIUM,5.0,True,74.923,18.174,33.482,23.267,19.0,1,,True,False,True,7.2,75.139,8.5,34.46711409395974,50.162416107382555,False
2026,Austria,R,ALO,14,Aston Martin,6.0,1.0,MEDIUM,6.0,True,75.018,18.238,33.488,23.292,19.0,1,,True,False,True,9.0,75.288,8.5,34.46711409395974,50.162416107382555,False
2026,Austria,R,ALO,14,Aston Martin,7.0,1.0,MEDIUM,7.0,True,75.227,18.304,33.583,23.34,19.0,1,,True,False,True,10.8,75.551,8.5,34.46711409395974,50.162416107382555,False
2026,Austria,R,ALO,14,Aston Martin,8.0,1.0,MEDIUM,8.0,True,75.257,18.241,33.638,23.378,19.0,1,,True,False,True,12.6,75.635,8.5,34.46711409395974,50.162416107382555,False
2026,Austria,R,ALO,14,Aston Martin,9.0,1.0,MEDIUM,9.0,True,75.554,18.261,33.807,23.486,19.0,1,,True,False,True,14.4,75.986,8.5,34.46711409395974,50.162416107382555,False
2026,Austria,R,ALO,14,Aston Martin,10.0,1.0,MEDIUM,10.0,True,75.756,18.246,33.912,23.598,19.0,1,,True,False,True,16.2,76.242,8.5,34.46711409395974,50.162416107382555,False
2026,Austria,R,ALO,14,Aston Martin,11.0,1.0,MEDIUM,11.0,True,75.881,18.389,33.835,23.657,19.0,1,,True,False,True,18.0,76.421,8.5,34.46711409395974,50.162416107382555,False
2026,Austria,R,ALO,14,Aston Martin,12.0,1.0,MEDIUM,12.0,True,75.723,18.319,33.878,23.526,19.0,1,,True,False,True,19.8,76.317,8.5,34.46711409395974,50.162416107382555,False
2026,Austria,R,ALO,14,Aston Martin,13.0,1.0,MEDIUM,13.0,True,75.941,18.325,33.897,23.719,19.0,1,,True,False,True,21.6,76.589,8.5,34.46711409395974,50.162416107382555,False
2026,Austria,R,ALO,14,Aston Martin,14.0,1.0,MEDIUM,14.0,True,75.946,18.328,33.926,23.692,18.0,1,,True,False,True,23.400000000000002,76.648,8.5,34.46711409395974,50.162416107382555,False
2026,Austria,R,ALO,14,Aston Martin,15.0,1.0,MEDIUM,15.0,True,75.804,18.397,33.839,23.568,17.0,1,,True,False,True,25.2,76.56,8.5,34.46711409395974,50.162416107382555,False
2026,Austria,R,ALO,14,Aston Martin,16.0,1.0,MEDIUM,16.0,True,75.789,18.354,33.84,23.595,17.0,1,,True,False,True,27.0,76.599,8.5,34.46711409395974,50.162416107382555,False
2026,Austria,R,ALO,14,Aston Martin,17.0,1.0,MEDIUM,17.0,True,76.338,18.603,34.091,23.644,18.0,1,,True,False,True,28.8,77.202,8.5,34.46711409395974,50.162416107382555,False
2026,Austria,R,ALO,14,Aston Martin,18.0,1.0,MEDIUM,18.0,True,75.715,18.283,33.922,23.51,18.0,1,,True,False,True,30.6,76.63300000000001,8.5,34.46711409395974,50.162416107382555,False
2026,Austria,R,ALO,14,Aston Martin,19.0,1.0,MEDIUM,19.0,True,75.875,18.304,34.02,23.551,16.0,1,,True,False,True,32.4,76.847,8.5,34.46711409395974,50.162416107382555,False
2026,Austria,R,ALO,14,Aston Martin,20.0,1.0,MEDIUM,20.0,True,76.185,18.367,34.388,23.43,17.0,1,,True,False,True,34.2,77.211,8.5,34.46711409395974,50.162416107382555,False
2026,Austria,R,ALO,14,Aston Martin,21.0,1.0,MEDIUM,21.0,True,75.818,18.07,34.105,23.643,16.0,1,,True,False,True,36.0,76.898,8.5,34.46711409395974,50.162416107382555,False
2026,Austria,R,ALO,14,Aston Martin,22.0,1.0,MEDIUM,22.0,True,76.694,18.39,34.507,23.797,17.0,1,,True,False,True,37.800000000000004,77.828,8.5,34.46711409395974,50.162416107382555,False
2026,Austria,R,ALO,14,Aston Martin,23.0,1.0,MEDIUM,23.0,True,77.438,18.585,34.302,24.551,19.0,12,,True,False,False,39.6,78.626,8.5,34.46711409395974,50.162416107382555,False
2026,Austria,R,ALO,14,Aston Martin,24.0,1.0,MEDIUM,24.0,True,92.536,18.486,44.217,29.833,18.0,26,,False,True,False,41.4,93.778,8.5,34.46711409395974,50.162416107382555,False
2026,Austria,R,ALO,14,Aston Martin,25.0,2.0,SOFT,1.0,True,109.372,38.129,43.928,27.315,18.0,671,,False,True,False,43.2,110.668,8.5,34.46711409395974,50.162416107382555,False
2026,Austria,R,ALO,14,Aston Martin,26.0,2.0,SOFT,2.0,True,74.944,18.259,33.331,23.354,18.0,1,,True,False,True,45.0,76.294,8.5,34.46711409395974,50.162416107382555,False
2026,Austria,R,ALO,14,Aston Martin,27.0,2.0,SOFT,3.0,True,74.776,18.044,33.501,23.231,18.0,1,,True,False,True,46.800000000000004,76.17999999999999,8.5,34.46711409395974,50.162416107382555,False
2026,Austria,R,ALO,14,Aston Martin,28.0,2.0,SOFT,4.0,True,75.591,18.949,33.275,23.367,18.0,1,,True,False,True,48.6,77.04899999999999,8.5,34.46711409395974,50.162416107382555,False
2026,Austria,R,ALO,14,Aston Martin,29.0,2.0,SOFT,5.0,True,75.61,18.517,33.897,23.196,18.0,1,,True,False,True,50.4,77.122,8.5,34.46711409395974,50.162416107382555,False
2026,Austria,R,ALO,14,Aston Martin,30.0,2.0,SOFT,6.0,True,73.997,17.734,33.408,22.855,18.0,1,,True,False,True,52.2,75.563,8.5,34.46711409395974,50.162416107382555,False
2026,Austria,R,ALO,14,Aston Martin,31.0,2.0,SOFT,7.0,True,75.128,18.043,34.029,23.056,18.0,1,,True,False,True,54.0,76.748,8.5,34.46711409395974,50.162416107382555,False
2026,Austria,R,ALO,14,Aston Martin,32.0,2.0,SOFT,8.0,True,74.869,18.002,33.562,23.305,18.0,1,,True,False,True,55.800000000000004,76.543,8.5,34.46711409395974,50.162416107382555,False
2026,Austria,R,ALO,14,Aston Martin,33.0,2.0,SOFT,9.0,True,75.24,18.169,33.75,23.321,18.0,1,,True,False,True,57.6,76.96799999999999,8.5,34.46711409395974,50.162416107382555,False
2026,Austria,R,ALO,14,Aston Martin,34.0,2.0,SOFT,10.0,True,75.439,18.209,33.801,23.429,18.0,1,,True,False,True,59.4,77.22099999999999,8.5,34.46711409395974,50.162416107382555,False
2026,Austria,R,ALO,14,Aston Martin,35.0,2.0,SOFT,11.0,True,75.632,18.298,33.896,23.438,18.0,1,,True,False,True,61.2,77.468,8.5,34.46711409395974,50.162416107382555,False
2026,Austria,R,ALO,14,Aston Martin,36.0,2.0,SOFT,12.0,True,75.213,18.211,33.85,23.152,18.0,1,,True,False,True,63.0,77.103,8.5,34.46711409395974,50.162416107382555,False
2026,Austria,R,ALO,14,Aston Martin,37.0,2.0,SOFT,13.0,True,76.781,18.189,34.511,24.081,19.0,1,,True,False,True,64.8,78.72500000000001,8.5,34.46711409395974,50.162416107382555,False
2026,Austria,R,ALO,14,Aston Martin,38.0,2.0,SOFT,14.0,True,76.961,18.423,34.989,23.549,19.0,1,,True,False,True,66.60000000000001,78.959,8.5,34.46711409395974,50.162416107382555,False
2026,Austria,R,ALO,14,Aston Martin,39.0,2.0,SOFT,15.0,True,74.707,17.851,33.542,23.314,19.0,1,,True,False,True,68.4,76.759,8.5,34.46711409395974,50.162416107382555,False
2026,Austria,R,ALO,14,Aston Martin,40.0,2.0,SOFT,16.0,True,75.383,18.439,33.949,22.995,19.0,1,,True,False,True,70.2,77.48899999999999,8.5,34.46711409395974,50.162416107382555,False
2026,Austria,R,ALO,14,Aston Martin,41.0,2.0,SOFT,17.0,True,74.996,17.733,33.852,23.411,19.0,1,,True,False,True,72.0,77.15599999999999,8.5,34.46711409395974,50.162416107382555,False
2026,Austria,R,ALO,14,Aston Martin,42.0,2.0,SOFT,18.0,True,74.917,17.842,33.868,23.207,19.0,1,,True,False,True,73.8,77.131,8.5,34.46711409395974,50.162416107382555,False
2026,Austria,R,ALO,14,Aston Martin,43.0,2.0,SOFT,19.0,True,74.576,17.766,33.612,23.198,19.0,1,,True,False,True,75.60000000000001,76.844,8.5,34.46711409395974,50.162416107382555,False
2026,Austria,R,ALO,14,Aston Martin,44.0,2.0,SOFT,20.0,True,74.541,17.775,33.614,23.152,19.0,1,,True,False,True,77.4,76.863,8.5,34.46711409395974,50.162416107382555,False
2026,Austria,R,ALO,14,Aston Martin,45.0,2.0,SOFT,21.0,True,74.743,17.736,33.843,23.164,18.0,1,,True,False,True,79.2,77.119,8.5,34.46711409395974,50.162416107382555,False
2026,Austria,R,ALO,14,Aston Martin,46.0,2.0,SOFT,22.0,True,74.929,18.135,33.655,23.139,18.0,1,,True,False,True,81.0,77.35900000000001,8.5,34.46711409395974,50.162416107382555,False
2026,Austria,R,ALO,14,Aston Martin,47.0,2.0,SOFT,23.0,True,75.133,18.248,33.573,23.312,18.0,1,,True,False,True,82.8,77.61699999999999,8.5,34.46711409395974,50.162416107382555,False
2026,Austria,R,ALO,14,Aston Martin,48.0,2.0,SOFT,24.0,True,77.095,18.362,34.836,23.897,18.0,1,,True,False,True,84.60000000000001,79.633,8.5,34.46711409395974,50.162416107382555,False
2026,Austria,R,ALO,14,Aston Martin,49.0,2.0,SOFT,25.0,True,80.214,17.895,33.7,28.619,18.0,1,,False,True,True,86.4,82.806,8.5,34.46711409395974,50.162416107382555,False
2026,Austria,R,ALO,14,Aston Martin,50.0,3.0,SOFT,1.0,True,108.485,42.111,39.735,26.639,18.0,167,,False,True,False,88.2,111.131,8.5,34.46711409395974,50.162416107382555,False
2026,Austria,R,ALO,14,Aston Martin,51.0,3.0,SOFT,2.0,True,74.353,18.286,33.507,22.56,18.0,1,,True,False,True,90.0,77.053,8.5,34.46711409395974,50.162416107382555,False
2026,Austria,R,ALO,14,Aston Martin,52.0,3.0,SOFT,3.0,True,72.501,17.427,32.696,22.378,18.0,1,,True,False,True,91.8,75.25500000000001,8.5,34.46711409395974,50.162416107382555,False
2026,Austria,R,ALO,14,Aston Martin,53.0,3.0,SOFT,4.0,True,72.938,17.579,32.751,22.608,18.0,1,,True,False,True,93.60000000000001,75.74600000000001,8.5,34.46711409395974,50.162416107382555,False
2026,Austria,R,ALO,14,Aston Martin,54.0,3.0,SOFT,5.0,True,73.384,17.808,33.009,22.567,18.0,1,,True,False,True,95.4,76.246,8.5,34.46711409395974,50.162416107382555,False
2026,Austria,R,ALO,14,Aston Martin,55.0,3.0,SOFT,6.0,True,73.479,17.781,32.998,22.7,18.0,1,,True,False,True,97.2,76.395,8.5,34.46711409395974,50.162416107382555,False
2026,Austria,R,ALO,14,Aston Martin,56.0,3.0,SOFT,7.0,True,73.439,17.869,33.027,22.543,18.0,1,,True,False,True,99.0,76.40899999999999,8.5,34.46711409395974,50.162416107382555,False
2026,Austria,R,ALO,14,Aston Martin,57.0,3.0,SOFT,8.0,True,73.645,17.747,33.092,22.806,18.0,1,,True,False,True,100.8,76.669,8.5,34.46711409395974,50.162416107382555,False
2026,Austria,R,ALO,14,Aston Martin,58.0,3.0,SOFT,9.0,True,73.449,17.791,33.028,22.63,18.0,1,,True,False,True,102.60000000000001,76.527,8.5,34.46711409395974,50.162416107382555,False
2026,Austria,R,ALO,14,Aston Martin,59.0,3.0,SOFT,10.0,True,73.643,17.874,33.093,22.676,18.0,1,,True,False,True,104.4,76.775,8.5,34.46711409395974,50.162416107382555,False
2026,Austria,R,ALO,14,Aston Martin,60.0,3.0,SOFT,11.0,True,74.801,17.84,34.19,22.771,18.0,1,,True,False,True,106.2,77.987,8.5,34.46711409395974,50.162416107382555,False
2026,Austria,R,ALO,14,Aston Martin,61.0,3.0,SOFT,12.0,True,74.322,18.206,33.442,22.674,18.0,1,,True,False,True,108.0,77.562,8.5,34.46711409395974,50.162416107382555,False
2026,Austria,R,ALO,14,Aston Martin,62.0,3.0,SOFT,13.0,True,73.519,17.562,33.232,22.725,18.0,1,,True,False,True,109.8,76.813,8.5,34.46711409395974,50.162416107382555,False
2026,Austria,R,ALO,14,Aston Martin,63.0,3.0,SOFT,14.0,True,74.181,17.837,33.473,22.871,18.0,1,,True,False,True,111.60000000000001,77.529,8.5,34.46711409395974,50.162416107382555,False
2026,Austria,R,ALO,14,Aston Martin,64.0,3.0,SOFT,15.0,True,73.986,17.831,33.117,23.038,18.0,1,,True,False,True,113.4,77.388,8.5,34.46711409395974,50.162416107382555,False
2026,Austria,R,ALO,14,Aston Martin,65.0,3.0,SOFT,16.0,True,74.483,18.095,33.405,22.983,18.0,1,,True,False,True,115.2,77.93900000000001,8.5,34.46711409395974,50.162416107382555,False
2026,Austria,R,ALO,14,Aston Martin,66.0,3.0,SOFT,17.0,True,73.84,17.899,33.24,22.701,18.0,1,,True,False,True,117.0,77.35000000000001,8.5,34.46711409395974,50.162416107382555,False
2026,Austria,R,ALO,14,Aston Martin,67.0,3.0,SOFT,18.0,True,74.742,17.87,33.122,23.75,18.0,1,,True,False,True,118.8,78.306,8.5,34.46711409395974,50.162416107382555,False
2026,Austria,R,ALO,14,Aston Martin,68.0,3.0,SOFT,19.0,True,75.637,18.139,34.258,23.24,18.0,1,,True,False,True,120.60000000000001,79.255,8.5,34.46711409395974,50.162416107382555,False
2026,Austria,R,LEC,16,Ferrari,1.0,1.0,MEDIUM,1.0,True,76.526,,33.298,22.615,3.0,1,,False,False,True,0.0,76.526,8.5,34.46711409395974,50.162416107382555,False
2026,Austria,R,LEC,16,Ferrari,2.0,1.0,MEDIUM,2.0,True,74.142,18.292,33.256,22.594,4.0,1,,True,False,True,1.8,74.196,8.5,34.46711409395974,50.162416107382555,False
2026,Austria,R,LEC,16,Ferrari,3.0,1.0,MEDIUM,3.0,True,72.446,17.423,32.611,22.412,4.0,1,,True,False,True,3.6,72.554,8.5,34.46711409395974,50.162416107382555,False
2026,Austria,R,LEC,16,Ferrari,4.0,1.0,MEDIUM,4.0,True,71.971,17.5,32.207,22.264,4.0,1,,True,False,True,5.4,72.13300000000001,8.5,34.46711409395974,50.162416107382555,False
2026,Austria,R,LEC,16,Ferrari,5.0,1.0,MEDIUM,5.0,True,72.252,17.54,32.443,22.269,4.0,1,,True,False,True,7.2,72.46799999999999,8.5,34.46711409395974,50.162416107382555,False
2026,Austria,R,LEC,16,Ferrari,6.0,1.0,MEDIUM,6.0,True,72.216,17.513,32.383,22.32,4.0,1,,True,False,True,9.0,72.48599999999999,8.5,34.46711409395974,50.162416107382555,False
2026,Austria,R,LEC,16,Ferrari,7.0,1.0,MEDIUM,7.0,True,73.951,17.517,32.993,23.441,5.0,1,,True,False,True,10.8,74.27499999999999,8.5,34.46711409395974,50.162416107382555,False
2026,Austria,R,LEC,16,Ferrari,8.0,1.0,MEDIUM,8.0,True,72.717,17.561,32.776,22.38,5.0,1,,True,False,True,12.6,73.095,8.5,34.46711409395974,50.162416107382555,False
2026,Austria,R,LEC,16,Ferrari,9.0,1.0,MEDIUM,9.0,True,72.895,17.537,32.632,22.726,5.0,1,,True,False,True,14.4,73.327,8.5,34.46711409395974,50.162416107382555,False
2026,Austria,R,LEC,16,Ferrari,10.0,1.0,MEDIUM,10.0,True,73.061,17.789,32.663,22.609,5.0,1,,True,False,True,16.2,73.54700000000001,8.5,34.46711409395974,50.162416107382555,False
2026,Austria,R,LEC,16,Ferrari,11.0,1.0,MEDIUM,11.0,True,73.493,17.662,33.057,22.774,5.0,1,,True,False,True,18.0,74.033,8.5,34.46711409395974,50.162416107382555,False
2026,Austria,R,LEC,16,Ferrari,12.0,1.0,MEDIUM,12.0,True,73.433,17.684,32.934,22.815,5.0,1,,True,False,True,19.8,74.027,8.5,34.46711409395974,50.162416107382555,False
2026,Austria,R,LEC,16,Ferrari,13.0,1.0,MEDIUM,13.0,True,77.722,17.762,32.799,27.161,7.0,1,,False,True,True,21.6,78.36999999999999,8.5,34.46711409395974,50.162416107382555,False
2026,Austria,R,LEC,16,Ferrari,14.0,2.0,HARD,1.0,True,89.806,34.661,32.511,22.634,11.0,1,,False,True,True,23.400000000000002,90.508,8.5,34.46711409395974,50.162416107382555,False
2026,Austria,R,LEC,16,Ferrari,15.0,2.0,HARD,2.0,True,72.788,17.615,32.512,22.661,11.0,1,,True,False,True,25.2,73.544,8.5,34.46711409395974,50.162416107382555,False
2026,Austria,R,LEC,16,Ferrari,16.0,2.0,HARD,3.0,True,72.567,17.651,32.396,22.52,11.0,1,,True,False,True,27.0,73.377,8.5,34.46711409395974,50.162416107382555,False
2026,Austria,R,LEC,16,Ferrari,17.0,2.0,HARD,4.0,True,72.975,17.476,32.455,23.044,10.0,1,,True,False,True,28.8,73.839,8.5,34.46711409395974,50.162416107382555,False
2026,Austria,R,LEC,16,Ferrari,18.0,2.0,HARD,5.0,True,72.591,17.611,32.357,22.623,9.0,1,,True,False,True,30.6,73.509,8.5,34.46711409395974,50.162416107382555,False
2026,Austria,R,LEC,16,Ferrari,19.0,2.0,HARD,6.0,True,72.245,17.56,32.3,22.385,7.0,1,,True,False,True,32.4,73.217,8.5,34.46711409395974,50.162416107382555,False
2026,Austria,R,LEC,16,Ferrari,20.0,2.0,HARD,7.0,True,72.066,17.557,32.277,22.232,6.0,1,,True,False,True,34.2,73.092,8.5,34.46711409395974,50.162416107382555,False
2026,Austria,R,LEC,16,Ferrari,21.0,2.0,HARD,8.0,True,71.661,17.468,32.069,22.124,6.0,1,,True,False,True,36.0,72.741,8.5,34.46711409395974,50.162416107382555,False
2026,Austria,R,LEC,16,Ferrari,22.0,2.0,HARD,9.0,True,71.932,17.554,32.211,22.167,5.0,1,,True,False,True,37.800000000000004,73.066,8.5,34.46711409395974,50.162416107382555,False
2026,Austria,R,LEC,16,Ferrari,23.0,2.0,HARD,10.0,True,71.83,17.526,32.141,22.163,5.0,1,,True,False,True,39.6,73.018,8.5,34.46711409395974,50.162416107382555,False
2026,Austria,R,LEC,16,Ferrari,24.0,2.0,HARD,11.0,True,72.699,17.473,32.229,22.997,5.0,12,,True,False,False,41.4,73.941,8.5,34.46711409395974,50.162416107382555,False
2026,Austria,R,LEC,16,Ferrari,25.0,2.0,HARD,12.0,True,98.068,24.467,42.804,30.797,4.0,26,,False,False,False,43.2,99.364,8.5,34.46711409395974,50.162416107382555,False
2026,Austria,R,LEC,16,Ferrari,26.0,2.0,HARD,13.0,True,90.934,22.587,43.996,24.351,3.0,671,,False,False,False,45.0,92.28399999999999,8.5,34.46711409395974,50.162416107382555,False
2026,Austria,R,LEC,16,Ferrari,27.0,2.0,HARD,14.0,True,71.905,17.478,32.277,22.15,3.0,1,,True,False,True,46.800000000000004,73.309,8.5,34.46711409395974,50.162416107382555,False
2026,Austria,R,LEC,16,Ferrari,28.0,2.0,HARD,15.0,True,71.737,17.509,32.026,22.202,3.0,1,,True,False,True,48.6,73.195,8.5,34.46711409395974,50.162416107382555,False
2026,Austria,R,LEC,16,Ferrari,29.0,2.0,HARD,16.0,True,71.995,17.488,32.376,22.131,3.0,1,,True,False,True,50.4,73.507,8.5,34.46711409395974,50.162416107382555,False
2026,Austria,R,LEC,16,Ferrari,30.0,2.0,HARD,17.0,True,72.682,17.48,32.865,22.337,4.0,1,,True,False,True,52.2,74.248,8.5,34.46711409395974,50.162416107382555,False
2026,Austria,R,LEC,16,Ferrari,31.0,2.0,HARD,18.0,True,71.859,17.397,32.321,22.141,4.0,1,,True,False,True,54.0,73.479,8.5,34.46711409395974,50.162416107382555,False
2026,Austria,R,LEC,16,Ferrari,32.0,2.0,HARD,19.0,True,72.044,17.473,32.42,22.151,4.0,1,,True,False,True,55.800000000000004,73.718,8.5,34.46711409395974,50.162416107382555,False
2026,Austria,R,LEC,16,Ferrari,33.0,2.0,HARD,20.0,True,72.345,17.433,32.661,22.251,4.0,1,,True,False,True,57.6,74.073,8.5,34.46711409395974,50.162416107382555,False
2026,Austria,R,LEC,16,Ferrari,34.0,2.0,HARD,21.0,True,72.316,17.543,32.497,22.276,4.0,1,,True,False,True,59.4,74.098,8.5,34.46711409395974,50.162416107382555,False
2026,Austria,R,LEC,16,Ferrari,35.0,2.0,HARD,22.0,True,72.19,17.528,32.444,22.218,4.0,1,,True,False,True,61.2,74.026,8.5,34.46711409395974,50.162416107382555,False
2026,Austria,R,LEC,16,Ferrari,36.0,2.0,HARD,23.0,True,72.588,17.608,32.544,22.436,4.0,1,,True,False,True,63.0,74.478,8.5,34.46711409395974,50.162416107382555,False
2026,Austria,R,LEC,16,Ferrari,37.0,2.0,HARD,24.0,True,78.434,17.659,33.744,27.031,7.0,1,,False,True,True,64.8,80.378,8.5,34.46711409395974,50.162416107382555,False
2026,Austria,R,LEC,16,Ferrari,38.0,3.0,HARD,1.0,True,88.302,34.101,32.181,22.02,8.0,1,,False,True,True,66.60000000000001,90.30000000000001,8.5,34.46711409395974,50.162416107382555,False
2026,Austria,R,LEC,16,Ferrari,39.0,3.0,HARD,2.0,True,71.611,17.33,32.107,22.174,8.0,1,,True,False,True,68.4,73.66300000000001,8.5,34.46711409395974,50.162416107382555,False
2026,Austria,R,LEC,16,Ferrari,40.0,3.0,HARD,3.0,True,71.701,17.421,32.258,22.022,8.0,1,,True,False,True,70.2,73.80699999999999,8.5,34.46711409395974,50.162416107382555,False
2026,Austria,R,LEC,16,Ferrari,41.0,3.0,HARD,4.0,True,71.055,17.306,31.886,21.863,7.0,1,,True,False,True,72.0,73.215,8.5,34.46711409395974,50.162416107382555,False
2026,Austria,R,LEC,16,Ferrari,42.0,3.0,HARD,5.0,True,70.916,17.371,31.788,21.757,7.0,1,,True,False,True,73.8,73.13,8.5,34.46711409395974,50.162416107382555,False
2026,Austria,R,LEC,16,Ferrari,43.0,3.0,HARD,6.0,True,71.184,17.227,31.953,22.004,5.0,1,,True,False,True,75.60000000000001,73.452,8.5,34.46711409395974,50.162416107382555,False
2026,Austria,R,LEC,16,Ferrari,44.0,3.0,HARD,7.0,True,71.165,17.332,31.992,21.841,5.0,1,,True,False,True,77.4,73.48700000000001,8.5,34.46711409395974,50.162416107382555,False
2026,Austria,R,LEC,16,Ferrari,45.0,3.0,HARD,8.0,True,71.251,17.375,31.906,21.97,5.0,1,,True,False,True,79.2,73.62700000000001,8.5,34.46711409395974,50.162416107382555,False
2026,Austria,R,LEC,16,Ferrari,46.0,3.0,HARD,9.0,True,71.718,17.427,32.205,22.086,5.0,1,,True,False,True,81.0,74.148,8.5,34.46711409395974,50.162416107382555,False
2026,Austria,R,LEC,16,Ferrari,47.0,3.0,HARD,10.0,True,71.665,17.389,32.163,22.113,5.0,1,,True,False,True,82.8,74.149,8.5,34.46711409395974,50.162416107382555,False
2026,Austria,R,LEC,16,Ferrari,48.0,3.0,HARD,11.0,True,72.597,17.494,32.868,22.235,5.0,1,,True,False,True,84.60000000000001,75.13499999999999,8.5,34.46711409395974,50.162416107382555,False
2026,Austria,R,LEC,16,Ferrari,49.0,3.0,HARD,12.0,True,71.607,17.34,32.246,22.021,5.0,1,,True,False,True,86.4,74.199,8.5,34.46711409395974,50.162416107382555,False
2026,Austria,R,LEC,16,Ferrari,50.0,3.0,HARD,13.0,True,71.537,17.226,32.254,22.057,5.0,1,,True,False,True,88.2,74.183,8.5,34.46711409395974,50.162416107382555,False
2026,Austria,R,LEC,16,Ferrari,51.0,3.0,HARD,14.0,True,71.582,17.403,32.167,22.012,5.0,1,,True,False,True,90.0,74.282,8.5,34.46711409395974,50.162416107382555,False
2026,Austria,R,LEC,16,Ferrari,52.0,3.0,HARD,15.0,True,81.968,17.771,34.628,29.569,6.0,167,,False,False,False,91.8,84.72200000000001,8.5,34.46711409395974,50.162416107382555,False
2026,Austria,R,LEC,16,Ferrari,53.0,3.0,HARD,16.0,True,74.572,19.612,32.795,22.165,6.0,71,,False,False,False,93.60000000000001,77.38000000000001,8.5,34.46711409395974,50.162416107382555,False
2026,Austria,R,LEC,16,Ferrari,54.0,3.0,HARD,17.0,True,72.063,17.419,32.465,22.179,6.0,1,,True,False,True,95.4,74.925,8.5,34.46711409395974,50.162416107382555,False
2026,Austria,R,LEC,16,Ferrari,55.0,3.0,HARD,18.0,True,72.011,17.423,32.291,22.297,6.0,1,,True,False,True,97.2,74.92699999999999,8.5,34.46711409395974,50.162416107382555,False
2026,Austria,R,LEC,16,Ferrari,56.0,3.0,HARD,19.0,True,74.03,17.544,34.005,22.481,7.0,1,,True,False,True,99.0,77.0,8.5,34.46711409395974,50.162416107382555,False
2026,Austria,R,LEC,16,Ferrari,57.0,3.0,HARD,20.0,True,72.075,17.468,32.375,22.232,7.0,1,,True,False,True,100.8,75.099,8.5,34.46711409395974,50.162416107382555,False
2026,Austria,R,LEC,16,Ferrari,58.0,3.0,HARD,21.0,True,72.651,17.42,32.71,22.521,7.0,1,,True,False,True,102.60000000000001,75.729,8.5,34.46711409395974,50.162416107382555,False
2026,Austria,R,LEC,16,Ferrari,59.0,3.0,HARD,22.0,True,78.286,17.565,33.266,27.455,8.0,1,,False,True,True,104.4,81.418,8.5,34.46711409395974,50.162416107382555,False
2026,Austria,R,LEC,16,Ferrari,60.0,4.0,SOFT,4.0,False,89.606,35.641,32.162,21.803,8.0,1,,False,True,True,106.2,92.792,8.5,34.46711409395974,50.162416107382555,False
2026,Austria,R,LEC,16,Ferrari,61.0,4.0,SOFT,5.0,False,70.87,17.14,31.721,22.009,8.0,1,,True,False,True,108.0,74.11,8.5,34.46711409395974,50.162416107382555,False
2026,Austria,R,LEC,16,Ferrari,62.0,4.0,SOFT,6.0,False,71.098,17.282,32.083,21.733,8.0,1,,True,False,True,109.8,74.392,8.5,34.46711409395974,50.162416107382555,False
2026,Austria,R,LEC,16,Ferrari,63.0,4.0,SOFT,7.0,False,70.936,17.216,31.93,21.79,8.0,1,,True,False,True,111.60000000000001,74.284,8.5,34.46711409395974,50.162416107382555,False
2026,Austria,R,LEC,16,Ferrari,64.0,4.0,SOFT,8.0,False,70.878,17.247,31.783,21.848,8.0,1,,True,False,True,113.4,74.28,8.5,34.46711409395974,50.162416107382555,False
2026,Austria,R,LEC,16,Ferrari,65.0,4.0,SOFT,9.0,False,71.021,17.325,31.888,21.808,8.0,1,,True,False,True,115.2,74.477,8.5,34.46711409395974,50.162416107382555,False
2026,Austria,R,LEC,16,Ferrari,66.0,4.0,SOFT,10.0,False,70.684,17.322,31.681,21.681,8.0,1,,True,False,True,117.0,74.194,8.5,34.46711409395974,50.162416107382555,False
2026,Austria,R,LEC,16,Ferrari,67.0,4.0,SOFT,11.0,False,70.606,17.277,31.801,21.528,8.0,1,,True,False,True,118.8,74.16999999999999,8.5,34.46711409395974,50.162416107382555,False
2026,Austria,R,LEC,16,Ferrari,68.0,4.0,SOFT,12.0,False,70.713,17.297,31.813,21.603,8.0,1,,True,False,True,120.60000000000001,74.33099999999999,8.5,34.46711409395974,50.162416107382555,False
2026,Austria,R,LEC,16,Ferrari,69.0,4.0,SOFT,13.0,False,70.803,17.299,31.867,21.637,8.0,1,,True,False,True,122.4,74.475,8.5,34.46711409395974,50.162416107382555,False
2026,Austria,R,LEC,16,Ferrari,70.0,4.0,SOFT,14.0,False,70.998,17.321,31.936,21.741,8.0,1,,True,False,True,124.2,74.724,8.5,34.46711409395974,50.162416107382555,False
2026,Austria,R,LEC,16,Ferrari,71.0,4.0,SOFT,15.0,False,70.796,17.267,31.792,21.737,8.0,1,,True,False,True,126.0,74.57600000000001,8.5,34.46711409395974,50.162416107382555,False
2026,Austria,R,STR,18,Aston Martin,1.0,1.0,MEDIUM,1.0,True,84.834,,36.219,24.039,22.0,1,,False,False,True,0.0,84.834,8.5,34.46711409395974,50.162416107382555,False
2026,Austria,R,STR,18,Aston Martin,2.0,1.0,MEDIUM,2.0,True,76.042,18.197,34.26,23.585,21.0,1,,True,False,True,1.8,76.096,8.5,34.46711409395974,50.162416107382555,False
2026,Austria,R,STR,18,Aston Martin,3.0,1.0,MEDIUM,3.0,True,75.015,18.181,33.401,23.433,21.0,1,,True,False,True,3.6,75.123,8.5,34.46711409395974,50.162416107382555,False
2026,Austria,R,STR,18,Aston Martin,4.0,1.0,MEDIUM,4.0,True,75.217,18.063,33.599,23.555,20.0,1,,True,False,True,5.4,75.379,8.5,34.46711409395974,50.162416107382555,False
2026,Austria,R,STR,18,Aston Martin,5.0,1.0,MEDIUM,5.0,True,74.987,18.108,33.453,23.426,20.0,1,,True,False,True,7.2,75.20299999999999,8.5,34.46711409395974,50.162416107382555,False
2026,Austria,R,STR,18,Aston Martin,6.0,1.0,MEDIUM,6.0,True,74.995,18.045,33.49,23.46,20.0,1,,True,False,True,9.0,75.265,8.5,34.46711409395974,50.162416107382555,False
2026,Austria,R,STR,18,Aston Martin,7.0,1.0,MEDIUM,7.0,True,75.59,18.262,33.787,23.541,20.0,1,,True,False,True,10.8,75.914,8.5,34.46711409395974,50.162416107382555,False
2026,Austria,R,STR,18,Aston Martin,8.0,1.0,MEDIUM,8.0,True,75.485,18.111,33.75,23.624,20.0,1,,True,False,True,12.6,75.863,8.5,34.46711409395974,50.162416107382555,False
2026,Austria,R,STR,18,Aston Martin,9.0,1.0,MEDIUM,9.0,True,75.455,18.209,33.544,23.701999999999998,20.0,1,,True,False,True,14.4,75.887,8.5,34.46711409395974,50.162416107382555,False
2026,Austria,R,STR,18,Aston Martin,10.0,1.0,MEDIUM,10.0,True,75.64,18.178,33.787,23.675,20.0,1,,True,False,True,16.2,76.126,8.5,34.46711409395974,50.162416107382555,False
2026,Austria,R,STR,18,Aston Martin,11.0,1.0,MEDIUM,11.0,True,75.956,18.231,33.753,23.972,20.0,1,,True,False,True,18.0,76.49600000000001,8.5,34.46711409395974,50.162416107382555,False
2026,Austria,R,STR,18,Aston Martin,12.0,1.0,MEDIUM,12.0,True,75.835,18.295,33.751,23.789,20.0,1,,True,False,True,19.8,76.42899999999999,8.5,34.46711409395974,50.162416107382555,False
2026,Austria,R,STR,18,Aston Martin,13.0,1.0,MEDIUM,13.0,True,75.717,18.222,33.698,23.797,20.0,1,,True,False,True,21.6,76.365,8.5,34.46711409395974,50.162416107382555,False
2026,Austria,R,STR,18,Aston Martin,14.0,1.0,MEDIUM,14.0,True,75.964,18.198,33.927,23.839,19.0,1,,True,False,True,23.400000000000002,76.666,8.5,34.46711409395974,50.162416107382555,False
2026,Austria,R,STR,18,Aston Martin,15.0,1.0,MEDIUM,15.0,True,75.826,18.287,33.722,23.817,18.0,1,,True,False,True,25.2,76.582,8.5,34.46711409395974,50.162416107382555,False
2026,Austria,R,STR,18,Aston Martin,16.0,1.0,MEDIUM,16.0,True,76.64,18.258,34.528,23.854,19.0,1,,True,False,True,27.0,77.45,8.5,34.46711409395974,50.162416107382555,False
2026,Austria,R,STR,18,Aston Martin,17.0,1.0,MEDIUM,17.0,True,75.683,18.192,33.785,23.706,19.0,1,,True,False,True,28.8,76.54700000000001,8.5,34.46711409395974,50.162416107382555,False
2026,Austria,R,STR,18,Aston Martin,18.0,1.0,MEDIUM,18.0,True,75.879,18.168,33.925,23.786,19.0,1,,True,False,True,30.6,76.79700000000001,8.5,34.46711409395974,50.162416107382555,False
2026,Austria,R,STR,18,Aston Martin,19.0,1.0,MEDIUM,19.0,True,76.515,18.192,34.311,24.012,18.0,1,,True,False,True,32.4,77.487,8.5,34.46711409395974,50.162416107382555,False
2026,Austria,R,STR,18,Aston Martin,20.0,1.0,MEDIUM,20.0,True,76.451,18.244,34.026,24.181,19.0,1,,True,False,True,34.2,77.47699999999999,8.5,34.46711409395974,50.162416107382555,False
2026,Austria,R,STR,18,Aston Martin,21.0,1.0,MEDIUM,21.0,True,77.047,18.055,35.021,23.971,19.0,1,,True,False,True,36.0,78.127,8.5,34.46711409395974,50.162416107382555,False
2026,Austria,R,STR,18,Aston Martin,22.0,1.0,MEDIUM,22.0,True,76.336,18.25,33.92,24.166,20.0,1,,True,False,True,37.800000000000004,77.47,8.5,34.46711409395974,50.162416107382555,False
2026,Austria,R,STR,18,Aston Martin,23.0,1.0,MEDIUM,23.0,True,77.269,18.025,35.27,23.974,20.0,12,,True,False,False,39.6,78.45700000000001,8.5,34.46711409395974,50.162416107382555,False
2026,Austria,R,STR,18,Aston Martin,24.0,1.0,MEDIUM,24.0,True,97.078,18.255,43.617,35.206,19.0,26,,False,True,False,41.4,98.32000000000001,8.5,34.46711409395974,50.162416107382555,False
2026,Austria,R,STR,18,Aston Martin,25.0,2.0,SOFT,1.0,True,108.627,39.788,44.317,24.522,19.0,671,,False,True,False,43.2,109.923,8.5,34.46711409395974,50.162416107382555,False
2026,Austria,R,STR,18,Aston Martin,26.0,2.0,SOFT,2.0,True,74.671,18.317,33.116,23.238,19.0,1,,True,False,True,45.0,76.021,8.5,34.46711409395974,50.162416107382555,False
2026,Austria,R,STR,18,Aston Martin,27.0,2.0,SOFT,3.0,True,76.193,19.209,33.933,23.051,19.0,1,,True,False,True,46.800000000000004,77.597,8.5,34.46711409395974,50.162416107382555,False
2026,Austria,R,STR,18,Aston Martin,28.0,2.0,SOFT,4.0,True,74.161,17.861,33.254,23.046,19.0,1,,True,False,True,48.6,75.619,8.5,34.46711409395974,50.162416107382555,False
2026,Austria,R,STR,18,Aston Martin,29.0,2.0,SOFT,5.0,True,75.246,18.159,34.03,23.057,19.0,1,,True,False,True,50.4,76.758,8.5,34.46711409395974,50.162416107382555,False
2026,Austria,R,STR,18,Aston Martin,30.0,2.0,SOFT,6.0,True,73.796,17.905,33.012,22.879,19.0,1,,True,False,True,52.2,75.36200000000001,8.5,34.46711409395974,50.162416107382555,False
2026,Austria,R,STR,18,Aston Martin,31.0,2.0,SOFT,7.0,True,74.006,17.919,33.103,22.984,19.0,1,,True,False,True,54.0,75.626,8.5,34.46711409395974,50.162416107382555,False
2026,Austria,R,STR,18,Aston Martin,32.0,2.0,SOFT,8.0,True,74.101,17.919,33.151,23.031,19.0,1,,True,False,True,55.800000000000004,75.775,8.5,34.46711409395974,50.162416107382555,False
2026,Austria,R,STR,18,Aston Martin,33.0,2.0,SOFT,9.0,True,74.416,17.963,33.301,23.152,19.0,1,,True,False,True,57.6,76.14399999999999,8.5,34.46711409395974,50.162416107382555,False
2026,Austria,R,STR,18,Aston Martin,34.0,2.0,SOFT,10.0,True,74.224,17.92,33.159,23.145,19.0,1,,True,False,True,59.4,76.006,8.5,34.46711409395974,50.162416107382555,False
2026,Austria,R,STR,18,Aston Martin,35.0,2.0,SOFT,11.0,True,74.355,17.94,33.135,23.28,19.0,1,,True,False,True,61.2,76.191,8.5,34.46711409395974,50.162416107382555,False
2026,Austria,R,STR,18,Aston Martin,36.0,2.0,SOFT,12.0,True,74.615,17.982,33.398,23.235,19.0,1,,True,False,True,63.0,76.505,8.5,34.46711409395974,50.162416107382555,False
2026,Austria,R,STR,18,Aston Martin,37.0,2.0,SOFT,13.0,True,74.863,17.674,33.894,23.295,18.0,1,,True,False,True,64.8,76.807,8.5,34.46711409395974,50.162416107382555,False
2026,Austria,R,STR,18,Aston Martin,38.0,2.0,SOFT,14.0,True,77.36,18.946,35.054,23.36,18.0,1,,True,False,True,66.60000000000001,79.358,8.5,34.46711409395974,50.162416107382555,False
2026,Austria,R,STR,18,Aston Martin,39.0,2.0,SOFT,15.0,True,74.619,18.025,33.4,23.194,18.0,1,,True,False,True,68.4,76.671,8.5,34.46711409395974,50.162416107382555,False
2026,Austria,R,STR,18,Aston Martin,40.0,2.0,SOFT,16.0,True,74.584,17.929,33.41,23.245,18.0,1,,True,False,True,70.2,76.69,8.5,34.46711409395974,50.162416107382555,False
2026,Austria,R,STR,18,Aston Martin,41.0,2.0,SOFT,17.0,True,76.04,18.061,34.651,23.328,18.0,1,,True,False,True,72.0,78.2,8.5,34.46711409395974,50.162416107382555,False
2026,Austria,R,STR,18,Aston Martin,42.0,2.0,SOFT,18.0,True,74.654,17.855,33.517,23.282,18.0,1,,True,False,True,73.8,76.868,8.5,34.46711409395974,50.162416107382555,False
2026,Austria,R,STR,18,Aston Martin,43.0,2.0,SOFT,19.0,True,74.641,17.877,33.439,23.325,18.0,1,,True,False,True,75.60000000000001,76.909,8.5,34.46711409395974,50.162416107382555,False
2026,Austria,R,STR,18,Aston Martin,44.0,2.0,SOFT,20.0,True,74.53,17.947,33.357,23.226,18.0,1,,True,False,True,77.4,76.852,8.5,34.46711409395974,50.162416107382555,False
2026,Austria,R,STR,18,Aston Martin,45.0,2.0,SOFT,21.0,True,107.427,20.383,46.63,40.414,19.0,1,,False,True,True,79.2,109.80300000000001,8.5,34.46711409395974,50.162416107382555,False
2026,Austria,R,ALB,23,Williams,1.0,1.0,MEDIUM,1.0,True,82.522,,34.885,23.653,17.0,1,,False,False,True,0.0,82.522,8.5,34.46711409395974,50.162416107382555,False
2026,Austria,R,ALB,23,Williams,2.0,1.0,MEDIUM,2.0,True,74.956,17.941,33.71,23.305,17.0,1,,True,False,True,1.8,75.01,8.5,34.46711409395974,50.162416107382555,False
2026,Austria,R,ALB,23,Williams,3.0,1.0,MEDIUM,3.0,True,74.318,17.615,33.334,23.369,17.0,1,,True,False,True,3.6,74.426,8.5,34.46711409395974,50.162416107382555,False
2026,Austria,R,ALB,23,Williams,4.0,1.0,MEDIUM,4.0,True,74.27,17.656,33.367,23.247,17.0,1,,True,False,True,5.4,74.432,8.5,34.46711409395974,50.162416107382555,False
2026,Austria,R,ALB,23,Williams,5.0,1.0,MEDIUM,5.0,True,74.288,17.736,33.235,23.317,17.0,1,,True,False,True,7.2,74.50399999999999,8.5,34.46711409395974,50.162416107382555,False
2026,Austria,R,ALB,23,Williams,6.0,1.0,MEDIUM,6.0,True,74.684,17.751,33.48,23.453,17.0,1,,True,False,True,9.0,74.954,8.5,34.46711409395974,50.162416107382555,False
2026,Austria,R,ALB,23,Williams,7.0,1.0,MEDIUM,7.0,True,74.463,17.758,33.249,23.456,17.0,1,,True,False,True,10.8,74.78699999999999,8.5,34.46711409395974,50.162416107382555,False
2026,Austria,R,ALB,23,Williams,8.0,1.0,MEDIUM,8.0,True,74.716,17.742,33.556,23.418,17.0,1,,True,False,True,12.6,75.094,8.5,34.46711409395974,50.162416107382555,False
2026,Austria,R,ALB,23,Williams,9.0,1.0,MEDIUM,9.0,True,75.298,17.625,33.784,23.889,17.0,1,,True,False,True,14.4,75.73,8.5,34.46711409395974,50.162416107382555,False
2026,Austria,R,ALB,23,Williams,10.0,1.0,MEDIUM,10.0,True,75.141,17.748,33.517,23.876,17.0,1,,True,False,True,16.2,75.62700000000001,8.5,34.46711409395974,50.162416107382555,False
2026,Austria,R,ALB,23,Williams,11.0,1.0,MEDIUM,11.0,True,75.982,17.724,34.134,24.124,17.0,1,,True,False,True,18.0,76.522,8.5,34.46711409395974,50.162416107382555,False
2026,Austria,R,ALB,23,Williams,12.0,1.0,MEDIUM,12.0,True,75.281,17.814,33.492,23.975,17.0,1,,True,False,True,19.8,75.875,8.5,34.46711409395974,50.162416107382555,False
2026,Austria,R,ALB,23,Williams,13.0,1.0,MEDIUM,13.0,True,75.112,17.816,33.435,23.861,17.0,1,,True,False,True,21.6,75.75999999999999,8.5,34.46711409395974,50.162416107382555,False
2026,Austria,R,ALB,23,Williams,14.0,1.0,MEDIUM,14.0,True,74.921,17.734,33.572,23.615,15.0,1,,True,False,True,23.400000000000002,75.623,8.5,34.46711409395974,50.162416107382555,False
2026,Austria,R,ALB,23,Williams,15.0,1.0,MEDIUM,15.0,True,74.858,17.969,33.477,23.412,15.0,1,,True,False,True,25.2,75.614,8.5,34.46711409395974,50.162416107382555,False
2026,Austria,R,ALB,23,Williams,16.0,1.0,MEDIUM,16.0,True,74.979,18.014,33.472,23.493,15.0,1,,True,False,True,27.0,75.789,8.5,34.46711409395974,50.162416107382555,False
2026,Austria,R,ALB,23,Williams,17.0,1.0,MEDIUM,17.0,True,75.072,17.988,33.635,23.449,15.0,1,,True,False,True,28.8,75.936,8.5,34.46711409395974,50.162416107382555,False
2026,Austria,R,ALB,23,Williams,18.0,1.0,MEDIUM,18.0,True,78.858,17.933,33.618,27.307,16.0,1,,False,True,True,30.6,79.77600000000001,8.5,34.46711409395974,50.162416107382555,False
2026,Austria,R,ALB,23,Williams,19.0,2.0,MEDIUM,1.0,True,91.904,34.958,33.957,22.989,20.0,1,,False,True,True,32.4,92.87599999999999,8.5,34.46711409395974,50.162416107382555,False
2026,Austria,R,ALB,23,Williams,20.0,2.0,MEDIUM,2.0,True,73.642,17.625,33.019,22.998,20.0,1,,True,False,True,34.2,74.66799999999999,8.5,34.46711409395974,50.162416107382555,False
2026,Austria,R,ALB,23,Williams,21.0,2.0,MEDIUM,3.0,True,73.823,17.683,33.018,23.122,18.0,1,,True,False,True,36.0,74.90299999999999,8.5,34.46711409395974,50.162416107382555,False
2026,Austria,R,ALB,23,Williams,22.0,2.0,MEDIUM,4.0,True,74.202,17.71,33.312,23.18,18.0,1,,True,False,True,37.800000000000004,75.336,8.5,34.46711409395974,50.162416107382555,False
2026,Austria,R,ALB,23,Williams,23.0,2.0,MEDIUM,5.0,True,73.794,17.752,33.018,23.024,17.0,1,,True,False,True,39.6,74.982,8.5,34.46711409395974,50.162416107382555,False
2026,Austria,R,ALB,23,Williams,24.0,2.0,MEDIUM,6.0,True,92.19,17.78,41.22,33.19,16.0,126,,False,False,False,41.4,93.432,8.5,34.46711409395974,50.162416107382555,False
2026,Austria,R,ALB,23,Williams,25.0,2.0,MEDIUM,7.0,True,94.459,22.086,42.125,30.248,16.0,67,,False,False,False,43.2,95.75500000000001,8.5,34.46711409395974,50.162416107382555,False
2026,Austria,R,ALB,23,Williams,26.0,2.0,MEDIUM,8.0,True,75.348,19.065,33.354,22.929,16.0,71,,False,False,False,45.0,76.698,8.5,34.46711409395974,50.162416107382555,False
2026,Austria,R,ALB,23,Williams,27.0,2.0,MEDIUM,9.0,True,73.344,17.574,32.96,22.81,16.0,1,,True,False,True,46.800000000000004,74.74799999999999,8.5,34.46711409395974,50.162416107382555,False
2026,Austria,R,ALB,23,Williams,28.0,2.0,MEDIUM,10.0,True,73.531,17.619,33.078,22.834,16.0,1,,True,False,True,48.6,74.989,8.5,34.46711409395974,50.162416107382555,False
2026,Austria,R,ALB,23,Williams,29.0,2.0,MEDIUM,11.0,True,73.404,17.608,32.985,22.811,16.0,1,,True,False,True,50.4,74.916,8.5,34.46711409395974,50.162416107382555,False
2026,Austria,R,ALB,23,Williams,30.0,2.0,MEDIUM,12.0,True,74.285,17.649,33.586,23.05,17.0,1,,True,False,True,52.2,75.851,8.5,34.46711409395974,50.162416107382555,False
2026,Austria,R,ALB,23,Williams,31.0,2.0,MEDIUM,13.0,True,74.701,18.383,33.28,23.038,17.0,1,,True,False,True,54.0,76.321,8.5,34.46711409395974,50.162416107382555,False
2026,Austria,R,ALB,23,Williams,32.0,2.0,MEDIUM,14.0,True,74.764,17.623,34.184,22.957,17.0,1,,True,False,True,55.800000000000004,76.438,8.5,34.46711409395974,50.162416107382555,False
2026,Austria,R,ALB,23,Williams,33.0,2.0,MEDIUM,15.0,True,74.294,17.912,33.371,23.011,17.0,1,,True,False,True,57.6,76.02199999999999,8.5,34.46711409395974,50.162416107382555,False
2026,Austria,R,ALB,23,Williams,34.0,2.0,MEDIUM,16.0,True,74.002,17.776,33.252,22.974,16.0,1,,True,False,True,59.4,75.78399999999999,8.5,34.46711409395974,50.162416107382555,False
2026,Austria,R,ALB,23,Williams,35.0,2.0,MEDIUM,17.0,True,75.013,17.744,34.281,22.988,16.0,1,,True,False,True,61.2,76.849,8.5,34.46711409395974,50.162416107382555,False
2026,Austria,R,ALB,23,Williams,36.0,2.0,MEDIUM,18.0,True,74.131,17.723,33.428,22.98,16.0,1,,True,False,True,63.0,76.021,8.5,34.46711409395974,50.162416107382555,False
2026,Austria,R,ALB,23,Williams,37.0,2.0,MEDIUM,19.0,True,78.04,17.856,33.19,26.994,16.0,1,,False,True,True,64.8,79.98400000000001,8.5,34.46711409395974,50.162416107382555,False
2026,Austria,R,ALB,23,Williams,38.0,3.0,HARD,1.0,True,91.91,35.014,34.132,22.764,17.0,1,,False,True,True,66.60000000000001,93.908,8.5,34.46711409395974,50.162416107382555,False
2026,Austria,R,ALB,23,Williams,39.0,3.0,HARD,2.0,True,73.202,17.599,32.824,22.779,17.0,1,,True,False,True,68.4,75.254,8.5,34.46711409395974,50.162416107382555,False
2026,Austria,R,ALB,23,Williams,40.0,3.0,HARD,3.0,True,73.974,17.542,32.722,23.71,17.0,1,,True,False,True,70.2,76.08,8.5,34.46711409395974,50.162416107382555,False
2026,Austria,R,ALB,23,Williams,41.0,3.0,HARD,4.0,True,73.163,17.593,32.814,22.756,17.0,1,,True,False,True,72.0,75.323,8.5,34.46711409395974,50.162416107382555,False
2026,Austria,R,ALB,23,Williams,42.0,3.0,HARD,5.0,True,73.526,17.524,33.018,22.984,17.0,1,,True,False,True,73.8,75.74,8.5,34.46711409395974,50.162416107382555,False
2026,Austria,R,ALB,23,Williams,43.0,3.0,HARD,6.0,True,73.137,17.604,32.861,22.672,17.0,1,,True,False,True,75.60000000000001,75.405,8.5,34.46711409395974,50.162416107382555,False
2026,Austria,R,ALB,23,Williams,44.0,3.0,HARD,7.0,True,73.181,17.556,32.853,22.772,17.0,1,,True,False,True,77.4,75.503,8.5,34.46711409395974,50.162416107382555,False
2026,Austria,R,ALB,23,Williams,45.0,3.0,HARD,8.0,True,73.39,17.576999999999998,32.915,22.898,17.0,1,,True,False,True,79.2,75.766,8.5,34.46711409395974,50.162416107382555,False
2026,Austria,R,ALB,23,Williams,46.0,3.0,HARD,9.0,True,73.426,17.627,32.926,22.873,17.0,1,,True,False,True,81.0,75.856,8.5,34.46711409395974,50.162416107382555,False
2026,Austria,R,ALB,23,Williams,47.0,3.0,HARD,10.0,True,73.635,17.602,33.091,22.942,16.0,1,,True,False,True,82.8,76.119,8.5,34.46711409395974,50.162416107382555,False
2026,Austria,R,ALB,23,Williams,48.0,3.0,HARD,11.0,True,73.344,17.571,32.834,22.939,16.0,1,,True,False,True,84.60000000000001,75.88199999999999,8.5,34.46711409395974,50.162416107382555,False
2026,Austria,R,ALB,23,Williams,49.0,3.0,HARD,12.0,True,74.02,17.624,33.485,22.911,17.0,1,,True,False,True,86.4,76.612,8.5,34.46711409395974,50.162416107382555,False
2026,Austria,R,ALB,23,Williams,50.0,3.0,HARD,13.0,True,73.711,17.638,33.153,22.92,17.0,1,,True,False,True,88.2,76.357,8.5,34.46711409395974,50.162416107382555,False
2026,Austria,R,ALB,23,Williams,51.0,3.0,HARD,14.0,True,84.164,17.716,41.786,24.662,17.0,167,,False,False,False,90.0,86.864,8.5,34.46711409395974,50.162416107382555,False
2026,Austria,R,ALB,23,Williams,52.0,3.0,HARD,15.0,True,73.575,17.859,32.958,22.758,17.0,1,,True,False,True,91.8,76.32900000000001,8.5,34.46711409395974,50.162416107382555,False
2026,Austria,R,ALB,23,Williams,53.0,3.0,HARD,16.0,True,73.197,17.618,32.867,22.712,17.0,1,,True,False,True,93.60000000000001,76.00500000000001,8.5,34.46711409395974,50.162416107382555,False
2026,Austria,R,ALB,23,Williams,54.0,3.0,HARD,17.0,True,73.197,17.63,32.8,22.767,17.0,1,,True,False,True,95.4,76.059,8.5,34.46711409395974,50.162416107382555,False
2026,Austria,R,ALB,23,Williams,55.0,3.0,HARD,18.0,True,73.301,17.618,32.852,22.831,17.0,1,,True,False,True,97.2,76.217,8.5,34.46711409395974,50.162416107382555,False
2026,Austria,R,ALB,23,Williams,56.0,3.0,HARD,19.0,True,73.484,17.654,32.991,22.839,17.0,1,,True,False,True,99.0,76.454,8.5,34.46711409395974,50.162416107382555,False
2026,Austria,R,ALB,23,Williams,57.0,3.0,HARD,20.0,True,73.664,17.698,33.093,22.873,17.0,1,,True,False,True,100.8,76.688,8.5,34.46711409395974,50.162416107382555,False
2026,Austria,R,ALB,23,Williams,58.0,3.0,HARD,21.0,True,73.538,17.643,32.94,22.955,17.0,1,,True,False,True,102.60000000000001,76.616,8.5,34.46711409395974,50.162416107382555,False
2026,Austria,R,ALB,23,Williams,59.0,3.0,HARD,22.0,True,73.351,17.679,32.902,22.77,17.0,1,,True,False,True,104.4,76.483,8.5,34.46711409395974,50.162416107382555,False
2026,Austria,R,ALB,23,Williams,60.0,3.0,HARD,23.0,True,73.735,17.744,33.067,22.924,17.0,1,,True,False,True,106.2,76.92099999999999,8.5,34.46711409395974,50.162416107382555,False
2026,Austria,R,ALB,23,Williams,61.0,3.0,HARD,24.0,True,74.077,17.694,33.377,23.006,17.0,1,,True,False,True,108.0,77.317,8.5,34.46711409395974,50.162416107382555,False
2026,Austria,R,ALB,23,Williams,62.0,3.0,HARD,25.0,True,73.893,17.849,33.141,22.903,17.0,1,,True,False,True,109.8,77.187,8.5,34.46711409395974,50.162416107382555,False
2026,Austria,R,ALB,23,Williams,63.0,3.0,HARD,26.0,True,76.208,18.238,34.83,23.14,17.0,1,,True,False,True,111.60000000000001,79.556,8.5,34.46711409395974,50.162416107382555,False
2026,Austria,R,ALB,23,Williams,64.0,3.0,HARD,27.0,True,76.311,18.358,33.721,24.232,17.0,1,,True,False,True,113.4,79.71300000000001,8.5,34.46711409395974,50.162416107382555,False
2026,Austria,R,ALB,23,Williams,65.0,3.0,HARD,28.0,True,74.656,17.963,33.657,23.036,17.0,1,,True,False,True,115.2,78.11200000000001,8.5,34.46711409395974,50.162416107382555,False
2026,Austria,R,ALB,23,Williams,66.0,3.0,HARD,29.0,True,76.007,17.872,34.705,23.43,17.0,1,,True,False,True,117.0,79.51700000000001,8.5,34.46711409395974,50.162416107382555,False
2026,Austria,R,ALB,23,Williams,67.0,3.0,HARD,30.0,True,75.416,18.501,33.54,23.375,17.0,1,,True,False,True,118.8,78.97999999999999,8.5,34.46711409395974,50.162416107382555,False
2026,Austria,R,ALB,23,Williams,68.0,3.0,HARD,31.0,True,75.609,18.428,33.872,23.309,17.0,1,,True,False,True,120.60000000000001,79.22699999999999,8.5,34.46711409395974,50.162416107382555,False
2026,Austria,R,ALB,23,Williams,69.0,3.0,HARD,32.0,True,76.469,18.104,34.844,23.521,17.0,1,,True,False,True,122.4,80.14099999999999,8.5,34.46711409395974,50.162416107382555,False
2026,Austria,R,HUL,27,Audi,1.0,1.0,MEDIUM,1.0,True,81.214,,34.506,23.464,14.0,1,,False,False,True,0.0,81.214,8.5,34.46711409395974,50.162416107382555,False
2026,Austria,R,HUL,27,Audi,2.0,1.0,MEDIUM,2.0,True,74.302,17.712,33.563,23.027,14.0,1,,True,False,True,1.8,74.35600000000001,8.5,34.46711409395974,50.162416107382555,False
2026,Austria,R,HUL,27,Audi,3.0,1.0,MEDIUM,3.0,True,73.988,17.588,33.321,23.079,14.0,1,,True,False,True,3.6,74.096,8.5,34.46711409395974,50.162416107382555,False
2026,Austria,R,HUL,27,Audi,4.0,1.0,MEDIUM,4.0,True,73.905,17.548000000000002,33.332,23.025,14.0,1,,True,False,True,5.4,74.06700000000001,8.5,34.46711409395974,50.162416107382555,False
2026,Austria,R,HUL,27,Audi,5.0,1.0,MEDIUM,5.0,True,74.026,17.673000000000002,33.335,23.018,14.0,1,,True,False,True,7.2,74.24199999999999,8.5,34.46711409395974,50.162416107382555,False
2026,Austria,R,HUL,27,Audi,6.0,1.0,MEDIUM,6.0,True,74.391,17.714,33.376,23.301,14.0,1,,True,False,True,9.0,74.661,8.5,34.46711409395974,50.162416107382555,False
2026,Austria,R,HUL,27,Audi,7.0,1.0,MEDIUM,7.0,True,74.418,17.75,33.288,23.38,14.0,1,,True,False,True,10.8,74.742,8.5,34.46711409395974,50.162416107382555,False
2026,Austria,R,HUL,27,Audi,8.0,1.0,MEDIUM,8.0,True,74.675,17.853,33.479,23.343,14.0,1,,True,False,True,12.6,75.053,8.5,34.46711409395974,50.162416107382555,False
2026,Austria,R,HUL,27,Audi,9.0,1.0,MEDIUM,9.0,True,74.506,17.795,33.44,23.271,14.0,1,,True,False,True,14.4,74.938,8.5,34.46711409395974,50.162416107382555,False
2026,Austria,R,HUL,27,Audi,10.0,1.0,MEDIUM,10.0,True,75.271,17.709,34.088,23.474,14.0,1,,True,False,True,16.2,75.757,8.5,34.46711409395974,50.162416107382555,False
2026,Austria,R,HUL,27,Audi,11.0,1.0,MEDIUM,11.0,True,75.626,17.9,33.934,23.792,14.0,1,,True,False,True,18.0,76.16600000000001,8.5,34.46711409395974,50.162416107382555,False
2026,Austria,R,HUL,27,Audi,12.0,1.0,MEDIUM,12.0,True,75.137,17.894,33.677,23.566,14.0,1,,True,False,True,19.8,75.731,8.5,34.46711409395974,50.162416107382555,False
2026,Austria,R,HUL,27,Audi,13.0,1.0,MEDIUM,13.0,True,75.169,17.797,33.7,23.672,13.0,1,,True,False,True,21.6,75.817,8.5,34.46711409395974,50.162416107382555,False
2026,Austria,R,HUL,27,Audi,14.0,1.0,MEDIUM,14.0,True,74.773,17.91,33.388,23.475,13.0,1,,True,False,True,23.400000000000002,75.475,8.5,34.46711409395974,50.162416107382555,False
2026,Austria,R,HUL,27,Audi,15.0,1.0,MEDIUM,15.0,True,74.945,17.969,33.507,23.469,13.0,1,,True,False,True,25.2,75.701,8.5,34.46711409395974,50.162416107382555,False
2026,Austria,R,HUL,27,Audi,16.0,1.0,MEDIUM,16.0,True,74.474,18.027,33.199,23.248,12.0,1,,True,False,True,27.0,75.284,8.5,34.46711409395974,50.162416107382555,False
2026,Austria,R,HUL,27,Audi,17.0,1.0,MEDIUM,17.0,True,75.244,18.315,33.601,23.328,12.0,1,,True,False,True,28.8,76.108,8.5,34.46711409395974,50.162416107382555,False
2026,Austria,R,HUL,27,Audi,18.0,1.0,MEDIUM,18.0,True,74.765,18.118,33.453,23.194,11.0,1,,True,False,True,30.6,75.683,8.5,34.46711409395974,50.162416107382555,False
2026,Austria,R,HUL,27,Audi,19.0,1.0,MEDIUM,19.0,True,74.434,18.011,33.273,23.15,10.0,1,,True,False,True,32.4,75.40599999999999,8.5,34.46711409395974,50.162416107382555,False
2026,Austria,R,HUL,27,Audi,20.0,1.0,MEDIUM,20.0,True,74.408,17.977,33.324,23.107,9.0,1,,True,False,True,34.2,75.434,8.5,34.46711409395974,50.162416107382555,False
2026,Austria,R,HUL,27,Audi,21.0,1.0,MEDIUM,21.0,True,78.389,17.953,33.288,27.148,12.0,1,,False,True,True,36.0,79.469,8.5,34.46711409395974,50.162416107382555,False
2026,Austria,R,HUL,27,Audi,22.0,2.0,MEDIUM,1.0,True,90.115,34.284,33.144,22.687,15.0,1,,False,True,True,37.800000000000004,91.249,8.5,34.46711409395974,50.162416107382555,False
2026,Austria,R,HUL,27,Audi,23.0,2.0,MEDIUM,2.0,True,73.21,17.513,32.619,23.078,14.0,1,,True,False,True,39.6,74.398,8.5,34.46711409395974,50.162416107382555,False
2026,Austria,R,HUL,27,Audi,24.0,2.0,MEDIUM,3.0,True,88.537,17.675,39.268,31.594,14.0,126,,False,False,False,41.4,89.77900000000001,8.5,34.46711409395974,50.162416107382555,False
2026,Austria,R,HUL,27,Audi,25.0,2.0,MEDIUM,4.0,True,94.121,21.787,42.336,29.998,13.0,6,,False,False,False,43.2,95.417,8.5,34.46711409395974,50.162416107382555,False
2026,Austria,R,HUL,27,Audi,26.0,2.0,MEDIUM,5.0,True,78.893,23.4,32.86,22.633,13.0,671,,False,False,False,45.0,80.243,8.5,34.46711409395974,50.162416107382555,False
2026,Austria,R,HUL,27,Audi,27.0,2.0,MEDIUM,6.0,True,72.63,17.633,32.35,22.647,13.0,1,,True,False,True,46.800000000000004,74.03399999999999,8.5,34.46711409395974,50.162416107382555,False
2026,Austria,R,HUL,27,Audi,28.0,2.0,MEDIUM,7.0,True,72.965,17.728,32.442,22.795,13.0,1,,True,False,True,48.6,74.423,8.5,34.46711409395974,50.162416107382555,False
2026,Austria,R,HUL,27,Audi,29.0,2.0,MEDIUM,8.0,True,72.755,17.636,32.376,22.743,13.0,1,,True,False,True,50.4,74.267,8.5,34.46711409395974,50.162416107382555,False
2026,Austria,R,HUL,27,Audi,30.0,2.0,MEDIUM,9.0,True,72.673,17.703,32.301,22.669,13.0,1,,True,False,True,52.2,74.239,8.5,34.46711409395974,50.162416107382555,False
2026,Austria,R,HUL,27,Audi,31.0,2.0,MEDIUM,10.0,True,72.629,17.634,32.404,22.591,13.0,1,,True,False,True,54.0,74.24900000000001,8.5,34.46711409395974,50.162416107382555,False
2026,Austria,R,HUL,27,Audi,32.0,2.0,MEDIUM,11.0,True,72.47,17.698,32.306,22.466,13.0,1,,True,False,True,55.800000000000004,74.144,8.5,34.46711409395974,50.162416107382555,False
2026,Austria,R,HUL,27,Audi,33.0,2.0,MEDIUM,12.0,True,72.863,17.668,32.591,22.604,13.0,1,,True,False,True,57.6,74.591,8.5,34.46711409395974,50.162416107382555,False
2026,Austria,R,HUL,27,Audi,34.0,2.0,MEDIUM,13.0,True,72.65,17.674,32.457,22.519,13.0,1,,True,False,True,59.4,74.432,8.5,34.46711409395974,50.162416107382555,False
2026,Austria,R,HUL,27,Audi,35.0,2.0,MEDIUM,14.0,True,72.663,17.681,32.435,22.547,13.0,1,,True,False,True,61.2,74.499,8.5,34.46711409395974,50.162416107382555,False
2026,Austria,R,HUL,27,Audi,36.0,2.0,MEDIUM,15.0,True,72.792,17.673000000000002,32.534,22.585,13.0,1,,True,False,True,63.0,74.682,8.5,34.46711409395974,50.162416107382555,False
2026,Austria,R,HUL,27,Audi,37.0,2.0,MEDIUM,16.0,True,72.747,17.712,32.503,22.532,13.0,1,,True,False,True,64.8,74.691,8.5,34.46711409395974,50.162416107382555,False
2026,Austria,R,HUL,27,Audi,38.0,2.0,MEDIUM,17.0,True,72.959,17.742,32.624,22.593,12.0,1,,True,False,True,66.60000000000001,74.95700000000001,8.5,34.46711409395974,50.162416107382555,False
2026,Austria,R,HUL,27,Audi,39.0,2.0,MEDIUM,18.0,True,72.988,17.796,32.709,22.483,12.0,1,,True,False,True,68.4,75.04,8.5,34.46711409395974,50.162416107382555,False
2026,Austria,R,HUL,27,Audi,40.0,2.0,MEDIUM,19.0,True,72.757,17.639,32.583,22.535,12.0,1,,True,False,True,70.2,74.863,8.5,34.46711409395974,50.162416107382555,False
2026,Austria,R,HUL,27,Audi,41.0,2.0,MEDIUM,20.0,True,73.096,17.66,32.827,22.609,12.0,1,,True,False,True,72.0,75.256,8.5,34.46711409395974,50.162416107382555,False
2026,Austria,R,HUL,27,Audi,42.0,2.0,MEDIUM,21.0,True,72.891,17.67,32.715,22.506,12.0,1,,True,False,True,73.8,75.105,8.5,34.46711409395974,50.162416107382555,False
2026,Austria,R,HUL,27,Audi,43.0,2.0,MEDIUM,22.0,True,73.058,17.699,32.789,22.57,12.0,1,,True,False,True,75.60000000000001,75.32600000000001,8.5,34.46711409395974,50.162416107382555,False
2026,Austria,R,HUL,27,Audi,44.0,2.0,MEDIUM,23.0,True,73.105,17.719,32.771,22.615,12.0,1,,True,False,True,77.4,75.427,8.5,34.46711409395974,50.162416107382555,False
2026,Austria,R,HUL,27,Audi,45.0,2.0,MEDIUM,24.0,True,77.06,17.655,32.782,26.623,11.0,1,,False,True,True,79.2,79.436,8.5,34.46711409395974,50.162416107382555,False
2026,Austria,R,HUL,27,Audi,46.0,3.0,HARD,1.0,True,89.611,34.98,32.535,22.096,13.0,1,,False,True,True,81.0,92.041,8.5,34.46711409395974,50.162416107382555,False
2026,Austria,R,HUL,27,Audi,47.0,3.0,HARD,2.0,True,72.534,17.583,32.366,22.585,13.0,1,,True,False,True,82.8,75.018,8.5,34.46711409395974,50.162416107382555,False
2026,Austria,R,HUL,27,Audi,48.0,3.0,HARD,3.0,True,72.446,17.591,32.32,22.535,13.0,1,,True,False,True,84.60000000000001,74.984,8.5,34.46711409395974,50.162416107382555,False
2026,Austria,R,HUL,27,Audi,49.0,3.0,HARD,4.0,True,72.255,17.524,32.274,22.457,13.0,1,,True,False,True,86.4,74.847,8.5,34.46711409395974,50.162416107382555,False
2026,Austria,R,HUL,27,Audi,50.0,3.0,HARD,5.0,True,73.623,17.739,33.506,22.378,13.0,1,,True,False,True,88.2,76.269,8.5,34.46711409395974,50.162416107382555,False
2026,Austria,R,HUL,27,Audi,51.0,3.0,HARD,6.0,True,80.193,17.473,32.169,30.551,13.0,16,,False,False,False,90.0,82.893,8.5,34.46711409395974,50.162416107382555,False
2026,Austria,R,HUL,27,Audi,52.0,3.0,HARD,7.0,True,76.548,21.992,32.221,22.335,12.0,671,,False,False,False,91.8,79.302,8.5,34.46711409395974,50.162416107382555,False
2026,Austria,R,HUL,27,Audi,53.0,3.0,HARD,8.0,True,73.956,17.659,32.863,23.434,12.0,1,,True,False,True,93.60000000000001,76.76400000000001,8.5,34.46711409395974,50.162416107382555,False
2026,Austria,R,HUL,27,Audi,54.0,3.0,HARD,9.0,True,71.722,17.339,32.291,22.092,12.0,1,,True,False,True,95.4,74.58399999999999,8.5,34.46711409395974,50.162416107382555,False
2026,Austria,R,HUL,27,Audi,55.0,3.0,HARD,10.0,True,71.634,17.433,32.036,22.165,12.0,1,,True,False,True,97.2,74.55,8.5,34.46711409395974,50.162416107382555,False
2026,Austria,R,HUL,27,Audi,56.0,3.0,HARD,11.0,True,71.772,17.406,32.116,22.25,12.0,1,,True,False,True,99.0,74.742,8.5,34.46711409395974,50.162416107382555,False
2026,Austria,R,HUL,27,Audi,57.0,3.0,HARD,12.0,True,73.683,17.585,33.618,22.48,12.0,1,,True,False,True,100.8,76.70700000000001,8.5,34.46711409395974,50.162416107382555,False
2026,Austria,R,HUL,27,Audi,58.0,3.0,HARD,13.0,True,72.082,17.454,32.229,22.399,12.0,1,,True,False,True,102.60000000000001,75.16,8.5,34.46711409395974,50.162416107382555,False
2026,Austria,R,HUL,27,Audi,59.0,3.0,HARD,14.0,True,72.413,17.439,32.46,22.514,12.0,1,,True,False,True,104.4,75.545,8.5,34.46711409395974,50.162416107382555,False
2026,Austria,R,HUL,27,Audi,60.0,3.0,HARD,15.0,True,72.796,17.556,32.651,22.589,12.0,1,,True,False,True,106.2,75.982,8.5,34.46711409395974,50.162416107382555,False
2026,Austria,R,HUL,27,Audi,61.0,3.0,HARD,16.0,True,75.042,17.86,33.604,23.578,12.0,1,,True,False,True,108.0,78.282,8.5,34.46711409395974,50.162416107382555,False
2026,Austria,R,HUL,27,Audi,62.0,3.0,HARD,17.0,True,72.449,17.471,32.608,22.37,12.0,1,,True,False,True,109.8,75.743,8.5,34.46711409395974,50.162416107382555,False
2026,Austria,R,HUL,27,Audi,63.0,3.0,HARD,18.0,True,73.081,17.819,32.658,22.604,12.0,1,,True,False,True,111.60000000000001,76.429,8.5,34.46711409395974,50.162416107382555,False
2026,Austria,R,HUL,27,Audi,64.0,3.0,HARD,19.0,True,72.846,17.753,32.596,22.497,12.0,1,,True,False,True,113.4,76.248,8.5,34.46711409395974,50.162416107382555,False
2026,Austria,R,HUL,27,Audi,65.0,3.0,HARD,20.0,True,72.344,17.597,32.485,22.262,12.0,1,,True,False,True,115.2,75.8,8.5,34.46711409395974,50.162416107382555,False
2026,Austria,R,HUL,27,Audi,66.0,3.0,HARD,21.0,True,72.492,17.582,32.553,22.357,12.0,1,,True,False,True,117.0,76.00200000000001,8.5,34.46711409395974,50.162416107382555,False
2026,Austria,R,HUL,27,Audi,67.0,3.0,HARD,22.0,True,72.301,17.562,32.53,22.209,12.0,1,,True,False,True,118.8,75.865,8.5,34.46711409395974,50.162416107382555,False
2026,Austria,R,HUL,27,Audi,68.0,3.0,HARD,23.0,True,72.371,17.488,32.526,22.357,12.0,1,,True,False,True,120.60000000000001,75.98899999999999,8.5,34.46711409395974,50.162416107382555,False
2026,Austria,R,HUL,27,Audi,69.0,3.0,HARD,24.0,True,73.022,17.495,33.054,22.473,12.0,1,,True,False,True,122.4,76.694,8.5,34.46711409395974,50.162416107382555,False
2026,Austria,R,HUL,27,Audi,70.0,3.0,HARD,25.0,True,72.56,17.678,32.575,22.307,12.0,1,,True,False,True,124.2,76.286,8.5,34.46711409395974,50.162416107382555,False
2026,Austria,R,VER,3,Red Bull Racing,1.0,1.0,MEDIUM,1.0,True,77.653,,33.443,22.779,5.0,1,,False,False,True,0.0,77.653,8.5,34.46711409395974,50.162416107382555,False
2026,Austria,R,VER,3,Red Bull Racing,2.0,1.0,MEDIUM,2.0,True,72.102,17.386,32.542,22.174,3.0,1,,True,False,True,1.8,72.156,8.5,34.46711409395974,50.162416107382555,False
2026,Austria,R,VER,3,Red Bull Racing,3.0,1.0,MEDIUM,3.0,True,72.084,17.562,32.522,22.0,3.0,1,,True,False,True,3.6,72.19200000000001,8.5,34.46711409395974,50.162416107382555,False
2026,Austria,R,VER,3,Red Bull Racing,4.0,1.0,MEDIUM,4.0,True,71.733,17.386,32.177,22.17,3.0,1,,True,False,True,5.4,71.89500000000001,8.5,34.46711409395974,50.162416107382555,False
2026,Austria,R,VER,3,Red Bull Racing,5.0,1.0,MEDIUM,5.0,True,71.846,17.439,32.187,22.22,3.0,1,,True,False,True,7.2,72.062,8.5,34.46711409395974,50.162416107382555,False
2026,Austria,R,VER,3,Red Bull Racing,6.0,1.0,MEDIUM,6.0,True,71.845,17.44,32.226,22.179,3.0,1,,True,False,True,9.0,72.115,8.5,34.46711409395974,50.162416107382555,False
2026,Austria,R,VER,3,Red Bull Racing,7.0,1.0,MEDIUM,7.0,True,72.072,17.26,32.456,22.356,3.0,1,,True,False,True,10.8,72.396,8.5,34.46711409395974,50.162416107382555,False
2026,Austria,R,VER,3,Red Bull Racing,8.0,1.0,MEDIUM,8.0,True,72.396,17.28,32.686,22.43,3.0,1,,True,False,True,12.6,72.774,8.5,34.46711409395974,50.162416107382555,False
2026,Austria,R,VER,3,Red Bull Racing,9.0,1.0,MEDIUM,9.0,True,72.558,17.328,32.734,22.496,3.0,1,,True,False,True,14.4,72.99000000000001,8.5,34.46711409395974,50.162416107382555,False
2026,Austria,R,VER,3,Red Bull Racing,10.0,1.0,MEDIUM,10.0,True,72.875,17.425,32.824,22.626,3.0,1,,True,False,True,16.2,73.361,8.5,34.46711409395974,50.162416107382555,False
2026,Austria,R,VER,3,Red Bull Racing,11.0,1.0,MEDIUM,11.0,True,74.413,17.23,33.75,23.433,3.0,1,,True,False,True,18.0,74.953,8.5,34.46711409395974,50.162416107382555,False
2026,Austria,R,VER,3,Red Bull Racing,12.0,1.0,MEDIUM,12.0,True,73.34,17.599,32.866,22.875,2.0,1,,True,False,True,19.8,73.934,8.5,34.46711409395974,50.162416107382555,False
2026,Austria,R,VER,3,Red Bull Racing,13.0,1.0,MEDIUM,13.0,True,72.789,17.731,32.634,22.424,2.0,1,,True,False,True,21.6,73.437,8.5,34.46711409395974,50.162416107382555,False
2026,Austria,R,VER,3,Red Bull Racing,14.0,1.0,MEDIUM,14.0,True,72.607,17.617,32.568,22.422,2.0,1,,True,False,True,23.400000000000002,73.309,8.5,34.46711409395974,50.162416107382555,False
2026,Austria,R,VER,3,Red Bull Racing,15.0,1.0,MEDIUM,15.0,True,72.765,17.579,32.626,22.56,2.0,1,,True,False,True,25.2,73.521,8.5,34.46711409395974,50.162416107382555,False
2026,Austria,R,VER,3,Red Bull Racing,16.0,1.0,MEDIUM,16.0,True,72.626,17.61,32.579,22.437,2.0,1,,True,False,True,27.0,73.436,8.5,34.46711409395974,50.162416107382555,False
2026,Austria,R,VER,3,Red Bull Racing,17.0,1.0,MEDIUM,17.0,True,72.733,17.601,32.657,22.475,2.0,1,,True,False,True,28.8,73.59700000000001,8.5,34.46711409395974,50.162416107382555,False
2026,Austria,R,VER,3,Red Bull Racing,18.0,1.0,MEDIUM,18.0,True,76.633,17.614,32.708,26.311,3.0,1,,False,True,True,30.6,77.551,8.5,34.46711409395974,50.162416107382555,False
2026,Austria,R,VER,3,Red Bull Racing,19.0,2.0,HARD,1.0,True,88.537,34.065,32.456,22.016,6.0,1,,False,True,True,32.4,89.509,8.5,34.46711409395974,50.162416107382555,False
2026,Austria,R,VER,3,Red Bull Racing,20.0,2.0,HARD,2.0,True,71.48,17.221,32.195,22.064,5.0,1,,True,False,True,34.2,72.506,8.5,34.46711409395974,50.162416107382555,False
2026,Austria,R,VER,3,Red Bull Racing,21.0,2.0,HARD,3.0,True,71.484,17.139,32.147,22.198,4.0,1,,True,False,True,36.0,72.564,8.5,34.46711409395974,50.162416107382555,False
2026,Austria,R,VER,3,Red Bull Racing,22.0,2.0,HARD,4.0,True,72.409,17.152,33.249,22.008,3.0,1,,True,False,True,37.800000000000004,73.543,8.5,34.46711409395974,50.162416107382555,False
2026,Austria,R,VER,3,Red Bull Racing,23.0,2.0,HARD,5.0,True,71.787,17.516,32.271,22.0,3.0,1,,True,False,True,39.6,72.97500000000001,8.5,34.46711409395974,50.162416107382555,False
2026,Austria,R,VER,3,Red Bull Racing,24.0,2.0,HARD,6.0,True,72.016,17.335,32.068,22.613,3.0,12,,True,False,False,41.4,73.25800000000001,8.5,34.46711409395974,50.162416107382555,False
2026,Austria,R,VER,3,Red Bull Racing,25.0,2.0,HARD,7.0,True,96.916,21.429,42.112,33.375,2.0,26,,False,False,False,43.2,98.212,8.5,34.46711409395974,50.162416107382555,False
2026,Austria,R,VER,3,Red Bull Racing,26.0,2.0,HARD,8.0,True,93.03,21.814,44.073,27.143,2.0,671,,False,False,False,45.0,94.38,8.5,34.46711409395974,50.162416107382555,False
2026,Austria,R,VER,3,Red Bull Racing,27.0,2.0,HARD,9.0,True,71.307,17.245,32.01,22.052,2.0,1,,True,False,True,46.800000000000004,72.711,8.5,34.46711409395974,50.162416107382555,False
2026,Austria,R,VER,3,Red Bull Racing,28.0,2.0,HARD,10.0,True,71.072,17.292,31.896,21.884,2.0,1,,True,False,True,48.6,72.53,8.5,34.46711409395974,50.162416107382555,False
2026,Austria,R,VER,3,Red Bull Racing,29.0,2.0,HARD,11.0,True,71.209,17.238,32.016,21.955,2.0,1,,True,False,True,50.4,72.721,8.5,34.46711409395974,50.162416107382555,False
2026,Austria,R,VER,3,Red Bull Racing,30.0,2.0,HARD,12.0,True,71.041,17.288,31.92,21.833,2.0,1,,True,False,True,52.2,72.607,8.5,34.46711409395974,50.162416107382555,False
2026,Austria,R,VER,3,Red Bull Racing,31.0,2.0,HARD,13.0,True,71.249,17.387,31.926,21.936,2.0,1,,True,False,True,54.0,72.869,8.5,34.46711409395974,50.162416107382555,False
2026,Austria,R,VER,3,Red Bull Racing,32.0,2.0,HARD,14.0,True,71.492,17.343,32.146,22.003,2.0,1,,True,False,True,55.800000000000004,73.16600000000001,8.5,34.46711409395974,50.162416107382555,False
2026,Austria,R,VER,3,Red Bull Racing,33.0,2.0,HARD,15.0,True,71.442,17.233,32.152,22.057,2.0,1,,True,False,True,57.6,73.16999999999999,8.5,34.46711409395974,50.162416107382555,False
2026,Austria,R,VER,3,Red Bull Racing,34.0,2.0,HARD,16.0,True,71.846,17.411,32.344,22.091,2.0,1,,True,False,True,59.4,73.628,8.5,34.46711409395974,50.162416107382555,False
2026,Austria,R,VER,3,Red Bull Racing,35.0,2.0,HARD,17.0,True,71.606,17.346,32.172,22.088,2.0,1,,True,False,True,61.2,73.442,8.5,34.46711409395974,50.162416107382555,False
2026,Austria,R,VER,3,Red Bull Racing,36.0,2.0,HARD,18.0,True,71.931,17.367,32.296,22.268,2.0,1,,True,False,True,63.0,73.821,8.5,34.46711409395974,50.162416107382555,False
2026,Austria,R,VER,3,Red Bull Racing,37.0,2.0,HARD,19.0,True,71.809,17.392,32.213,22.204,2.0,1,,True,False,True,64.8,73.753,8.5,34.46711409395974,50.162416107382555,False
2026,Austria,R,VER,3,Red Bull Racing,38.0,2.0,HARD,20.0,True,72.159,17.354,32.509,22.296,2.0,1,,True,False,True,66.60000000000001,74.15700000000001,8.5,34.46711409395974,50.162416107382555,False
2026,Austria,R,VER,3,Red Bull Racing,39.0,2.0,HARD,21.0,True,72.245,17.575,32.458,22.212,2.0,1,,True,False,True,68.4,74.29700000000001,8.5,34.46711409395974,50.162416107382555,False
2026,Austria,R,VER,3,Red Bull Racing,40.0,2.0,HARD,22.0,True,72.132,17.457,32.406,22.269,2.0,1,,True,False,True,70.2,74.238,8.5,34.46711409395974,50.162416107382555,False
2026,Austria,R,VER,3,Red Bull Racing,41.0,2.0,HARD,23.0,True,71.892,17.31,32.356,22.226,2.0,1,,True,False,True,72.0,74.05199999999999,8.5,34.46711409395974,50.162416107382555,False
2026,Austria,R,VER,3,Red Bull Racing,42.0,2.0,HARD,24.0,True,72.168,17.477,32.254,22.437,2.0,1,,True,False,True,73.8,74.382,8.5,34.46711409395974,50.162416107382555,False
2026,Austria,R,VER,3,Red Bull Racing,43.0,2.0,HARD,25.0,True,72.087,17.356,32.402,22.329,1.0,1,,True,False,True,75.60000000000001,74.355,8.5,34.46711409395974,50.162416107382555,False
2026,Austria,R,VER,3,Red Bull Racing,44.0,2.0,HARD,26.0,True,72.414,17.481,32.552,22.381,1.0,1,,True,False,True,77.4,74.736,8.5,34.46711409395974,50.162416107382555,False
2026,Austria,R,VER,3,Red Bull Racing,45.0,2.0,HARD,27.0,True,72.356,17.496,32.526,22.334,1.0,1,,True,False,True,79.2,74.732,8.5,34.46711409395974,50.162416107382555,False
2026,Austria,R,VER,3,Red Bull Racing,46.0,2.0,HARD,28.0,True,72.38,17.397,32.486,22.497,1.0,1,,True,False,True,81.0,74.81,8.5,34.46711409395974,50.162416107382555,False
2026,Austria,R,VER,3,Red Bull Racing,47.0,2.0,HARD,29.0,True,72.63,17.621,32.63,22.379,1.0,1,,True,False,True,82.8,75.11399999999999,8.5,34.46711409395974,50.162416107382555,False
2026,Austria,R,VER,3,Red Bull Racing,48.0,2.0,HARD,30.0,True,72.681,17.531,32.702,22.448,1.0,1,,True,False,True,84.60000000000001,75.219,8.5,34.46711409395974,50.162416107382555,False
2026,Austria,R,VER,3,Red Bull Racing,49.0,2.0,HARD,31.0,True,77.001,18.041,32.677,26.283,2.0,1,,False,True,True,86.4,79.593,8.5,34.46711409395974,50.162416107382555,False
2026,Austria,R,VER,3,Red Bull Racing,50.0,3.0,HARD,1.0,True,87.513,33.914,31.942,21.657,3.0,1,,False,True,True,88.2,90.159,8.5,34.46711409395974,50.162416107382555,False
2026,Austria,R,VER,3,Red Bull Racing,51.0,3.0,HARD,2.0,True,70.888,17.148,32.17,21.57,3.0,1,,True,False,True,90.0,73.58800000000001,8.5,34.46711409395974,50.162416107382555,False
2026,Austria,R,VER,3,Red Bull Racing,52.0,3.0,HARD,3.0,True,77.264,17.187,31.692,28.385,2.0,16,,False,False,False,91.8,80.018,8.5,34.46711409395974,50.162416107382555,False
2026,Austria,R,VER,3,Red Bull Racing,53.0,3.0,HARD,4.0,True,76.936,23.72,31.668,21.548000000000002,2.0,671,,False,False,False,93.60000000000001,79.74400000000001,8.5,34.46711409395974,50.162416107382555,False
2026,Austria,R,VER,3,Red Bull Racing,54.0,3.0,HARD,5.0,True,70.596,17.201,31.787,21.608,2.0,1,,True,False,True,95.4,73.458,8.5,34.46711409395974,50.162416107382555,False
2026,Austria,R,VER,3,Red Bull Racing,55.0,3.0,HARD,6.0,True,70.599,17.239,31.689,21.671,2.0,1,,True,False,True,97.2,73.515,8.5,34.46711409395974,50.162416107382555,False
2026,Austria,R,VER,3,Red Bull Racing,56.0,3.0,HARD,7.0,True,70.633,17.202,31.722,21.709,2.0,1,,True,False,True,99.0,73.603,8.5,34.46711409395974,50.162416107382555,False
2026,Austria,R,VER,3,Red Bull Racing,57.0,3.0,HARD,8.0,True,70.483,17.162,31.741,21.58,2.0,1,,True,False,True,100.8,73.507,8.5,34.46711409395974,50.162416107382555,False
2026,Austria,R,VER,3,Red Bull Racing,58.0,3.0,HARD,9.0,True,70.622,17.18,31.792,21.65,2.0,1,,True,False,True,102.60000000000001,73.7,8.5,34.46711409395974,50.162416107382555,False
2026,Austria,R,VER,3,Red Bull Racing,59.0,3.0,HARD,10.0,True,70.508,17.166,31.608,21.734,2.0,1,,True,False,True,104.4,73.64,8.5,34.46711409395974,50.162416107382555,False
2026,Austria,R,VER,3,Red Bull Racing,60.0,3.0,HARD,11.0,True,70.9,17.278,31.905,21.717,2.0,1,,True,False,True,106.2,74.08600000000001,8.5,34.46711409395974,50.162416107382555,False
2026,Austria,R,VER,3,Red Bull Racing,61.0,3.0,HARD,12.0,True,70.828,17.15,31.895,21.783,2.0,1,,True,False,True,108.0,74.068,8.5,34.46711409395974,50.162416107382555,False
2026,Austria,R,VER,3,Red Bull Racing,62.0,3.0,HARD,13.0,True,71.077,17.155,32.024,21.898,2.0,1,,True,False,True,109.8,74.371,8.5,34.46711409395974,50.162416107382555,False
2026,Austria,R,VER,3,Red Bull Racing,63.0,3.0,HARD,14.0,True,70.936,17.261,31.826,21.849,2.0,1,,True,False,True,111.60000000000001,74.284,8.5,34.46711409395974,50.162416107382555,False
2026,Austria,R,VER,3,Red Bull Racing,64.0,3.0,HARD,15.0,True,70.846,17.317,31.822,21.707,2.0,1,,True,False,True,113.4,74.248,8.5,34.46711409395974,50.162416107382555,False
2026,Austria,R,VER,3,Red Bull Racing,65.0,3.0,HARD,16.0,True,71.038,17.222,31.995,21.821,2.0,1,,True,False,True,115.2,74.494,8.5,34.46711409395974,50.162416107382555,False
2026,Austria,R,VER,3,Red Bull Racing,66.0,3.0,HARD,17.0,True,71.149,17.254,31.972,21.923000000000002,2.0,1,,True,False,True,117.0,74.659,8.5,34.46711409395974,50.162416107382555,False
2026,Austria,R,VER,3,Red Bull Racing,67.0,3.0,HARD,18.0,True,71.467,17.32,32.302,21.845,2.0,1,,True,False,True,118.8,75.03099999999999,8.5,34.46711409395974,50.162416107382555,False
2026,Austria,R,VER,3,Red Bull Racing,68.0,3.0,HARD,19.0,True,71.016,17.251,31.993,21.772,2.0,1,,True,False,True,120.60000000000001,74.634,8.5,34.46711409395974,50.162416107382555,False
2026,Austria,R,VER,3,Red Bull Racing,69.0,3.0,HARD,20.0,True,71.034,17.294,31.929,21.811,2.0,1,,True,False,True,122.4,74.706,8.5,34.46711409395974,50.162416107382555,False
2026,Austria,R,VER,3,Red Bull Racing,70.0,3.0,HARD,21.0,True,71.133,17.225,32.04,21.868,2.0,1,,True,False,True,124.2,74.859,8.5,34.46711409395974,50.162416107382555,False
2026,Austria,R,VER,3,Red Bull Racing,71.0,3.0,HARD,22.0,True,71.246,17.143,32.075,22.028,2.0,1,,True,False,True,126.0,75.026,8.5,34.46711409395974,50.162416107382555,False
2026,Austria,R,LAW,30,Racing Bulls,1.0,1.0,MEDIUM,1.0,True,78.967,,33.884,23.049,8.0,1,,False,False,True,0.0,78.967,8.5,34.46711409395974,50.162416107382555,False
2026,Austria,R,LAW,30,Racing Bulls,2.0,1.0,MEDIUM,2.0,True,73.546,17.503,33.281,22.762,8.0,1,,True,False,True,1.8,73.60000000000001,8.5,34.46711409395974,50.162416107382555,False
2026,Austria,R,LAW,30,Racing Bulls,3.0,1.0,MEDIUM,3.0,True,73.61,17.397,33.401,22.812,8.0,1,,True,False,True,3.6,73.718,8.5,34.46711409395974,50.162416107382555,False
2026,Austria,R,LAW,30,Racing Bulls,4.0,1.0,MEDIUM,4.0,True,74.368,17.383,34.049,22.936,9.0,1,,True,False,True,5.4,74.53,8.5,34.46711409395974,50.162416107382555,False
2026,Austria,R,LAW,30,Racing Bulls,5.0,1.0,MEDIUM,5.0,True,73.224,17.524,32.992,22.708,9.0,1,,True,False,True,7.2,73.44,8.5,34.46711409395974,50.162416107382555,False
2026,Austria,R,LAW,30,Racing Bulls,6.0,1.0,MEDIUM,6.0,True,73.108,17.547,32.892,22.669,9.0,1,,True,False,True,9.0,73.378,8.5,34.46711409395974,50.162416107382555,False
2026,Austria,R,LAW,30,Racing Bulls,7.0,1.0,MEDIUM,7.0,True,73.265,17.571,32.948,22.746,9.0,1,,True,False,True,10.8,73.589,8.5,34.46711409395974,50.162416107382555,False
2026,Austria,R,LAW,30,Racing Bulls,8.0,1.0,MEDIUM,8.0,True,73.244,17.615,32.942,22.687,9.0,1,,True,False,True,12.6,73.622,8.5,34.46711409395974,50.162416107382555,False
2026,Austria,R,LAW,30,Racing Bulls,9.0,1.0,MEDIUM,9.0,True,73.428,17.584,33.102,22.742,9.0,1,,True,False,True,14.4,73.86,8.5,34.46711409395974,50.162416107382555,False
2026,Austria,R,LAW,30,Racing Bulls,10.0,1.0,MEDIUM,10.0,True,73.576,17.619,33.122,22.835,9.0,1,,True,False,True,16.2,74.062,8.5,34.46711409395974,50.162416107382555,False
2026,Austria,R,LAW,30,Racing Bulls,11.0,1.0,MEDIUM,11.0,True,73.714,17.653,33.138,22.923000000000002,9.0,1,,True,False,True,18.0,74.254,8.5,34.46711409395974,50.162416107382555,False
2026,Austria,R,LAW,30,Racing Bulls,12.0,1.0,MEDIUM,12.0,True,73.624,17.708,33.044,22.872,9.0,1,,True,False,True,19.8,74.21799999999999,8.5,34.46711409395974,50.162416107382555,False
2026,Austria,R,LAW,30,Racing Bulls,13.0,1.0,MEDIUM,13.0,True,73.823,17.757,33.047,23.019,8.0,1,,True,False,True,21.6,74.47099999999999,8.5,34.46711409395974,50.162416107382555,False
2026,Austria,R,LAW,30,Racing Bulls,14.0,1.0,MEDIUM,14.0,True,73.824,17.708,33.1,23.016,7.0,1,,True,False,True,23.400000000000002,74.526,8.5,34.46711409395974,50.162416107382555,False
2026,Austria,R,LAW,30,Racing Bulls,15.0,1.0,MEDIUM,15.0,True,73.988,17.858,33.179,22.951,7.0,1,,True,False,True,25.2,74.744,8.5,34.46711409395974,50.162416107382555,False
2026,Austria,R,LAW,30,Racing Bulls,16.0,1.0,MEDIUM,16.0,True,73.857,17.728,33.14,22.989,7.0,1,,True,False,True,27.0,74.667,8.5,34.46711409395974,50.162416107382555,False
2026,Austria,R,LAW,30,Racing Bulls,17.0,1.0,MEDIUM,17.0,True,74.092,17.755,33.271,23.066,7.0,1,,True,False,True,28.8,74.956,8.5,34.46711409395974,50.162416107382555,False
2026,Austria,R,LAW,30,Racing Bulls,18.0,1.0,MEDIUM,18.0,True,75.098,17.865,34.113,23.12,8.0,1,,True,False,True,30.6,76.016,8.5,34.46711409395974,50.162416107382555,False
2026,Austria,R,LAW,30,Racing Bulls,19.0,1.0,MEDIUM,19.0,True,78.467,17.838,33.437,27.192,8.0,1,,False,True,True,32.4,79.439,8.5,34.46711409395974,50.162416107382555,False
2026,Austria,R,LAW,30,Racing Bulls,20.0,2.0,HARD,1.0,True,91.043,35.093,33.411,22.539,10.0,1,,False,True,True,34.2,92.069,8.5,34.46711409395974,50.162416107382555,False
2026,Austria,R,LAW,30,Racing Bulls,21.0,2.0,HARD,2.0,True,73.679,17.452,33.591,22.636,10.0,1,,True,False,True,36.0,74.759,8.5,34.46711409395974,50.162416107382555,False
2026,Austria,R,LAW,30,Racing Bulls,22.0,2.0,HARD,3.0,True,73.088,17.497,32.891,22.7,10.0,1,,True,False,True,37.800000000000004,74.222,8.5,34.46711409395974,50.162416107382555,False
2026,Austria,R,LAW,30,Racing Bulls,23.0,2.0,HARD,4.0,True,72.637,17.415,32.645,22.576999999999998,10.0,1,,True,False,True,39.6,73.825,8.5,34.46711409395974,50.162416107382555,False
2026,Austria,R,LAW,30,Racing Bulls,24.0,2.0,HARD,5.0,True,81.637,17.457,32.652,31.528,10.0,126,,False,False,False,41.4,82.879,8.5,34.46711409395974,50.162416107382555,False
2026,Austria,R,LAW,30,Racing Bulls,25.0,2.0,HARD,6.0,True,98.072,23.932,41.13,33.01,10.0,6,,False,False,False,43.2,99.36800000000001,8.5,34.46711409395974,50.162416107382555,False
2026,Austria,R,LAW,30,Racing Bulls,26.0,2.0,HARD,7.0,True,81.479,21.589,37.584,22.306,10.0,671,,False,False,False,45.0,82.829,8.5,34.46711409395974,50.162416107382555,False
2026,Austria,R,LAW,30,Racing Bulls,27.0,2.0,HARD,8.0,True,72.726,17.343,32.836,22.547,10.0,1,,True,False,True,46.800000000000004,74.13,8.5,34.46711409395974,50.162416107382555,False
2026,Austria,R,LAW,30,Racing Bulls,28.0,2.0,HARD,9.0,True,72.416,17.529,32.491,22.396,10.0,1,,True,False,True,48.6,73.874,8.5,34.46711409395974,50.162416107382555,False
2026,Austria,R,LAW,30,Racing Bulls,29.0,2.0,HARD,10.0,True,72.214,17.412,32.414,22.388,10.0,1,,True,False,True,50.4,73.726,8.5,34.46711409395974,50.162416107382555,False
2026,Austria,R,LAW,30,Racing Bulls,30.0,2.0,HARD,11.0,True,72.544,17.434,32.786,22.324,10.0,1,,True,False,True,52.2,74.11,8.5,34.46711409395974,50.162416107382555,False
2026,Austria,R,LAW,30,Racing Bulls,31.0,2.0,HARD,12.0,True,72.577,17.4,32.798,22.379,10.0,1,,True,False,True,54.0,74.197,8.5,34.46711409395974,50.162416107382555,False
2026,Austria,R,LAW,30,Racing Bulls,32.0,2.0,HARD,13.0,True,72.468,17.487,32.642,22.339,10.0,1,,True,False,True,55.800000000000004,74.14200000000001,8.5,34.46711409395974,50.162416107382555,False
2026,Austria,R,LAW,30,Racing Bulls,33.0,2.0,HARD,14.0,True,72.671,17.415,32.8,22.456,10.0,1,,True,False,True,57.6,74.399,8.5,34.46711409395974,50.162416107382555,False
2026,Austria,R,LAW,30,Racing Bulls,34.0,2.0,HARD,15.0,True,72.784,17.461,32.879,22.444,10.0,1,,True,False,True,59.4,74.566,8.5,34.46711409395974,50.162416107382555,False
2026,Austria,R,LAW,30,Racing Bulls,35.0,2.0,HARD,16.0,True,73.035,17.518,32.956,22.561,10.0,1,,True,False,True,61.2,74.871,8.5,34.46711409395974,50.162416107382555,False
2026,Austria,R,LAW,30,Racing Bulls,36.0,2.0,HARD,17.0,True,72.96,17.535,32.836,22.589,10.0,1,,True,False,True,63.0,74.85,8.5,34.46711409395974,50.162416107382555,False
2026,Austria,R,LAW,30,Racing Bulls,37.0,2.0,HARD,18.0,True,73.211,17.589,32.943,22.679,10.0,1,,True,False,True,64.8,75.155,8.5,34.46711409395974,50.162416107382555,False
2026,Austria,R,LAW,30,Racing Bulls,38.0,2.0,HARD,19.0,True,74.115,17.563,33.251,23.301,10.0,1,,True,False,True,66.60000000000001,76.113,8.5,34.46711409395974,50.162416107382555,False
2026,Austria,R,LAW,30,Racing Bulls,39.0,2.0,HARD,20.0,True,74.467,18.085,33.862,22.52,10.0,1,,True,False,True,68.4,76.519,8.5,34.46711409395974,50.162416107382555,False
2026,Austria,R,LAW,30,Racing Bulls,40.0,2.0,HARD,21.0,True,73.118,17.544,32.923,22.651,10.0,1,,True,False,True,70.2,75.22399999999999,8.5,34.46711409395974,50.162416107382555,False
2026,Austria,R,LAW,30,Racing Bulls,41.0,2.0,HARD,22.0,True,73.068,17.559,32.926,22.583,10.0,1,,True,False,True,72.0,75.228,8.5,34.46711409395974,50.162416107382555,False
2026,Austria,R,LAW,30,Racing Bulls,42.0,2.0,HARD,23.0,True,73.279,17.545,33.084,22.65,10.0,1,,True,False,True,73.8,75.493,8.5,34.46711409395974,50.162416107382555,False
2026,Austria,R,LAW,30,Racing Bulls,43.0,2.0,HARD,24.0,True,73.635,17.561,33.246,22.828,10.0,1,,True,False,True,75.60000000000001,75.903,8.5,34.46711409395974,50.162416107382555,False
2026,Austria,R,LAW,30,Racing Bulls,44.0,2.0,HARD,25.0,True,73.993,17.588,33.434,22.971,10.0,1,,True,False,True,77.4,76.315,8.5,34.46711409395974,50.162416107382555,False
2026,Austria,R,LAW,30,Racing Bulls,45.0,2.0,HARD,26.0,True,78.081,17.647,33.38,27.054,10.0,1,,False,True,True,79.2,80.45700000000001,8.5,34.46711409395974,50.162416107382555,False
2026,Austria,R,LAW,30,Racing Bulls,46.0,3.0,MEDIUM,1.0,True,89.493,34.251,33.076,22.166,10.0,1,,False,True,True,81.0,91.923,8.5,34.46711409395974,50.162416107382555,False
2026,Austria,R,LAW,30,Racing Bulls,47.0,3.0,MEDIUM,2.0,True,72.099,17.166,32.644,22.289,9.0,1,,True,False,True,82.8,74.583,8.5,34.46711409395974,50.162416107382555,False
2026,Austria,R,LAW,30,Racing Bulls,48.0,3.0,MEDIUM,3.0,True,72.149,17.352,32.427,22.37,9.0,1,,True,False,True,84.60000000000001,74.687,8.5,34.46711409395974,50.162416107382555,False
2026,Austria,R,LAW,30,Racing Bulls,49.0,3.0,MEDIUM,4.0,True,72.133,17.33,32.637,22.166,9.0,1,,True,False,True,86.4,74.725,8.5,34.46711409395974,50.162416107382555,False
2026,Austria,R,LAW,30,Racing Bulls,50.0,3.0,MEDIUM,5.0,True,71.946,17.37,32.403,22.173,9.0,1,,True,False,True,88.2,74.592,8.5,34.46711409395974,50.162416107382555,False
2026,Austria,R,LAW,30,Racing Bulls,51.0,3.0,MEDIUM,6.0,True,72.537,17.399,32.574,22.564,9.0,16,,False,False,False,90.0,75.23700000000001,8.5,34.46711409395974,50.162416107382555,False
2026,Austria,R,LAW,30,Racing Bulls,52.0,3.0,MEDIUM,7.0,True,84.063,26.331,35.841,21.891,9.0,671,,False,False,False,91.8,86.81700000000001,8.5,34.46711409395974,50.162416107382555,False
2026,Austria,R,LAW,30,Racing Bulls,53.0,3.0,MEDIUM,8.0,True,71.774,17.328,32.397,22.049,9.0,1,,True,False,True,93.60000000000001,74.58200000000001,8.5,34.46711409395974,50.162416107382555,False
2026,Austria,R,LAW,30,Racing Bulls,54.0,3.0,MEDIUM,9.0,True,71.75,17.462,32.252,22.036,9.0,1,,True,False,True,95.4,74.612,8.5,34.46711409395974,50.162416107382555,False
2026,Austria,R,LAW,30,Racing Bulls,55.0,3.0,MEDIUM,10.0,True,71.547,17.366,32.076,22.105,9.0,1,,True,False,True,97.2,74.463,8.5,34.46711409395974,50.162416107382555,False
2026,Austria,R,LAW,30,Racing Bulls,56.0,3.0,MEDIUM,11.0,True,71.809,17.445,32.38,21.984,9.0,1,,True,False,True,99.0,74.779,8.5,34.46711409395974,50.162416107382555,False
2026,Austria,R,LAW,30,Racing Bulls,57.0,3.0,MEDIUM,12.0,True,73.698,17.497,33.837,22.364,9.0,1,,True,False,True,100.8,76.722,8.5,34.46711409395974,50.162416107382555,False
2026,Austria,R,LAW,30,Racing Bulls,58.0,3.0,MEDIUM,13.0,True,71.944,17.344,32.458,22.142,9.0,1,,True,False,True,102.60000000000001,75.022,8.5,34.46711409395974,50.162416107382555,False
2026,Austria,R,LAW,30,Racing Bulls,59.0,3.0,MEDIUM,14.0,True,71.81,17.39,32.367,22.053,9.0,1,,True,False,True,104.4,74.94200000000001,8.5,34.46711409395974,50.162416107382555,False
2026,Austria,R,LAW,30,Racing Bulls,60.0,3.0,MEDIUM,15.0,True,71.875,17.33,32.398,22.147,9.0,1,,True,False,True,106.2,75.061,8.5,34.46711409395974,50.162416107382555,False
2026,Austria,R,LAW,30,Racing Bulls,61.0,3.0,MEDIUM,16.0,True,72.118,17.453,32.431,22.234,9.0,1,,True,False,True,108.0,75.35799999999999,8.5,34.46711409395974,50.162416107382555,False
2026,Austria,R,LAW,30,Racing Bulls,62.0,3.0,MEDIUM,17.0,True,74.159,17.876,33.926,22.357,9.0,1,,True,False,True,109.8,77.453,8.5,34.46711409395974,50.162416107382555,False
2026,Austria,R,LAW,30,Racing Bulls,63.0,3.0,MEDIUM,18.0,True,74.033,17.515,34.188,22.33,9.0,1,,True,False,True,111.60000000000001,77.381,8.5,34.46711409395974,50.162416107382555,False
2026,Austria,R,LAW,30,Racing Bulls,64.0,3.0,MEDIUM,19.0,True,72.046,17.368,32.482,22.196,9.0,1,,True,False,True,113.4,75.44800000000001,8.5,34.46711409395974,50.162416107382555,False
2026,Austria,R,LAW,30,Racing Bulls,65.0,3.0,MEDIUM,20.0,True,72.274,17.466,32.64,22.168,9.0,1,,True,False,True,115.2,75.73,8.5,34.46711409395974,50.162416107382555,False
2026,Austria,R,LAW,30,Racing Bulls,66.0,3.0,MEDIUM,21.0,True,72.701,17.472,32.824,22.405,9.0,1,,True,False,True,117.0,76.211,8.5,34.46711409395974,50.162416107382555,False
2026,Austria,R,LAW,30,Racing Bulls,67.0,3.0,MEDIUM,22.0,True,72.619,17.422,32.893,22.304,9.0,1,,True,False,True,118.8,76.18299999999999,8.5,34.46711409395974,50.162416107382555,False
2026,Austria,R,LAW,30,Racing Bulls,68.0,3.0,MEDIUM,23.0,True,72.352,17.467,32.664,22.221,9.0,1,,True,False,True,120.60000000000001,75.97,8.5,34.46711409395974,50.162416107382555,False
2026,Austria,R,LAW,30,Racing Bulls,69.0,3.0,MEDIUM,24.0,True,72.278,17.479,32.583,22.216,9.0,1,,True,False,True,122.4,75.95,8.5,34.46711409395974,50.162416107382555,False
2026,Austria,R,LAW,30,Racing Bulls,70.0,3.0,MEDIUM,25.0,True,72.286,17.404,32.603,22.279,9.0,1,,True,False,True,124.2,76.012,8.5,34.46711409395974,50.162416107382555,False
2026,Austria,R,OCO,31,Haas F1 Team,1.0,1.0,MEDIUM,1.0,True,80.541,,34.024,23.4,12.0,1,,False,False,True,0.0,80.541,8.5,34.46711409395974,50.162416107382555,False
2026,Austria,R,OCO,31,Haas F1 Team,2.0,1.0,MEDIUM,2.0,True,73.849,17.722,33.194,22.933,11.0,1,,True,False,True,1.8,73.903,8.5,34.46711409395974,50.162416107382555,False
2026,Austria,R,OCO,31,Haas F1 Team,3.0,1.0,MEDIUM,3.0,True,73.645,17.534,33.05,23.061,11.0,1,,True,False,True,3.6,73.753,8.5,34.46711409395974,50.162416107382555,False
2026,Austria,R,OCO,31,Haas F1 Team,4.0,1.0,MEDIUM,4.0,True,74.103,17.556,33.389,23.158,11.0,1,,True,False,True,5.4,74.265,8.5,34.46711409395974,50.162416107382555,False
2026,Austria,R,OCO,31,Haas F1 Team,5.0,1.0,MEDIUM,5.0,True,73.793,17.624,33.151,23.018,11.0,1,,True,False,True,7.2,74.009,8.5,34.46711409395974,50.162416107382555,False
2026,Austria,R,OCO,31,Haas F1 Team,6.0,1.0,MEDIUM,6.0,True,74.125,17.719,33.1,23.306,11.0,1,,True,False,True,9.0,74.395,8.5,34.46711409395974,50.162416107382555,False
2026,Austria,R,OCO,31,Haas F1 Team,7.0,1.0,MEDIUM,7.0,True,75.075,17.847,33.885,23.343,12.0,1,,True,False,True,10.8,75.399,8.5,34.46711409395974,50.162416107382555,False
2026,Austria,R,OCO,31,Haas F1 Team,8.0,1.0,MEDIUM,8.0,True,74.546,17.91,33.307,23.329,12.0,1,,True,False,True,12.6,74.924,8.5,34.46711409395974,50.162416107382555,False
2026,Austria,R,OCO,31,Haas F1 Team,9.0,1.0,MEDIUM,9.0,True,74.897,17.893,33.61,23.394,12.0,1,,True,False,True,14.4,75.32900000000001,8.5,34.46711409395974,50.162416107382555,False
2026,Austria,R,OCO,31,Haas F1 Team,10.0,1.0,MEDIUM,10.0,True,75.155,18.008,33.573,23.574,12.0,1,,True,False,True,16.2,75.641,8.5,34.46711409395974,50.162416107382555,False
2026,Austria,R,OCO,31,Haas F1 Team,11.0,1.0,MEDIUM,11.0,True,75.543,17.975,33.993,23.575,12.0,1,,True,False,True,18.0,76.08300000000001,8.5,34.46711409395974,50.162416107382555,False
2026,Austria,R,OCO,31,Haas F1 Team,12.0,1.0,MEDIUM,12.0,True,74.927,18.08,33.47,23.377,12.0,1,,True,False,True,19.8,75.521,8.5,34.46711409395974,50.162416107382555,False
2026,Austria,R,OCO,31,Haas F1 Team,13.0,1.0,MEDIUM,13.0,True,75.144,18.03,33.617,23.497,12.0,1,,True,False,True,21.6,75.792,8.5,34.46711409395974,50.162416107382555,False
2026,Austria,R,OCO,31,Haas F1 Team,14.0,1.0,MEDIUM,14.0,True,75.494,18.014,33.838,23.642,12.0,1,,True,False,True,23.400000000000002,76.196,8.5,34.46711409395974,50.162416107382555,False
2026,Austria,R,OCO,31,Haas F1 Team,15.0,1.0,MEDIUM,15.0,True,75.154,18.006,33.637,23.511,12.0,1,,True,False,True,25.2,75.91,8.5,34.46711409395974,50.162416107382555,False
2026,Austria,R,OCO,31,Haas F1 Team,16.0,1.0,MEDIUM,16.0,True,75.691,18.036,33.775,23.88,13.0,1,,True,False,True,27.0,76.501,8.5,34.46711409395974,50.162416107382555,False
2026,Austria,R,OCO,31,Haas F1 Team,17.0,1.0,MEDIUM,17.0,True,75.477,17.929,33.975,23.573,13.0,1,,True,False,True,28.8,76.34100000000001,8.5,34.46711409395974,50.162416107382555,False
2026,Austria,R,OCO,31,Haas F1 Team,18.0,1.0,MEDIUM,18.0,True,79.724,17.928,33.84,27.956,13.0,1,,False,True,True,30.6,80.64200000000001,8.5,34.46711409395974,50.162416107382555,False
2026,Austria,R,OCO,31,Haas F1 Team,19.0,2.0,MEDIUM,1.0,True,91.801,35.186,33.309,23.306,19.0,1,,False,True,True,32.4,92.773,8.5,34.46711409395974,50.162416107382555,False
2026,Austria,R,OCO,31,Haas F1 Team,20.0,2.0,MEDIUM,2.0,True,74.42,17.673000000000002,33.417,23.33,18.0,1,,True,False,True,34.2,75.446,8.5,34.46711409395974,50.162416107382555,False
2026,Austria,R,OCO,31,Haas F1 Team,21.0,2.0,MEDIUM,3.0,True,74.195,17.873,33.206,23.116,17.0,1,,True,False,True,36.0,75.27499999999999,8.5,34.46711409395974,50.162416107382555,False
2026,Austria,R,OCO,31,Haas F1 Team,22.0,2.0,MEDIUM,4.0,True,73.867,17.734,33.141,22.992,16.0,1,,True,False,True,37.800000000000004,75.001,8.5,34.46711409395974,50.162416107382555,False
2026,Austria,R,OCO,31,Haas F1 Team,23.0,2.0,MEDIUM,5.0,True,73.699,17.744,32.906,23.049,16.0,1,,True,False,True,39.6,74.887,8.5,34.46711409395974,50.162416107382555,False
2026,Austria,R,OCO,31,Haas F1 Team,24.0,2.0,MEDIUM,6.0,True,89.351,17.885,39.911,31.555,15.0,126,,False,False,False,41.4,90.593,8.5,34.46711409395974,50.162416107382555,False
2026,Austria,R,OCO,31,Haas F1 Team,25.0,2.0,MEDIUM,7.0,True,96.309,22.48,42.804,31.025,15.0,6,,False,False,False,43.2,97.605,8.5,34.46711409395974,50.162416107382555,False
2026,Austria,R,OCO,31,Haas F1 Team,26.0,2.0,MEDIUM,8.0,True,75.839,20.187,32.854,22.798000000000002,15.0,671,,False,False,False,45.0,77.189,8.5,34.46711409395974,50.162416107382555,False
2026,Austria,R,OCO,31,Haas F1 Team,27.0,2.0,MEDIUM,9.0,True,73.308,17.618,32.83,22.86,15.0,1,,True,False,True,46.800000000000004,74.712,8.5,34.46711409395974,50.162416107382555,False
2026,Austria,R,OCO,31,Haas F1 Team,28.0,2.0,MEDIUM,10.0,True,73.207,17.643,32.741,22.823,15.0,1,,True,False,True,48.6,74.66499999999999,8.5,34.46711409395974,50.162416107382555,False
2026,Austria,R,OCO,31,Haas F1 Team,29.0,2.0,MEDIUM,11.0,True,73.117,17.674,32.703,22.74,15.0,1,,True,False,True,50.4,74.629,8.5,34.46711409395974,50.162416107382555,False
2026,Austria,R,OCO,31,Haas F1 Team,30.0,2.0,MEDIUM,12.0,True,73.428,17.688,32.788,22.951999999999998,15.0,1,,True,False,True,52.2,74.994,8.5,34.46711409395974,50.162416107382555,False
2026,Austria,R,OCO,31,Haas F1 Team,31.0,2.0,MEDIUM,13.0,True,73.201,17.648,32.754,22.799,15.0,1,,True,False,True,54.0,74.821,8.5,34.46711409395974,50.162416107382555,False
2026,Austria,R,OCO,31,Haas F1 Team,32.0,2.0,MEDIUM,14.0,True,73.406,17.699,32.86,22.847,15.0,1,,True,False,True,55.800000000000004,75.08000000000001,8.5,34.46711409395974,50.162416107382555,False
2026,Austria,R,OCO,31,Haas F1 Team,33.0,2.0,MEDIUM,15.0,True,78.946,17.723,33.005,28.218,16.0,1,,False,True,True,57.6,80.67399999999999,8.5,34.46711409395974,50.162416107382555,False
2026,Austria,R,OCO,31,Haas F1 Team,34.0,3.0,HARD,1.0,True,94.072,38.583,32.75,22.739,17.0,1,,False,True,True,59.4,95.854,8.5,34.46711409395974,50.162416107382555,False
2026,Austria,R,OCO,31,Haas F1 Team,35.0,3.0,HARD,2.0,True,73.061,17.554,32.732,22.775,17.0,1,,True,False,True,61.2,74.897,8.5,34.46711409395974,50.162416107382555,False
2026,Austria,R,OCO,31,Haas F1 Team,36.0,3.0,HARD,3.0,True,73.17,17.705,32.672,22.793,17.0,1,,True,False,True,63.0,75.06,8.5,34.46711409395974,50.162416107382555,False
2026,Austria,R,OCO,31,Haas F1 Team,37.0,3.0,HARD,4.0,True,72.979,17.614,32.743,22.622,17.0,1,,True,False,True,64.8,74.923,8.5,34.46711409395974,50.162416107382555,False
2026,Austria,R,OCO,31,Haas F1 Team,38.0,3.0,HARD,5.0,True,73.275,17.65,32.766,22.859,16.0,1,,True,False,True,66.60000000000001,75.27300000000001,8.5,34.46711409395974,50.162416107382555,False
2026,Austria,R,OCO,31,Haas F1 Team,39.0,3.0,HARD,6.0,True,73.094,17.652,32.664,22.778,16.0,1,,True,False,True,68.4,75.146,8.5,34.46711409395974,50.162416107382555,False
2026,Austria,R,OCO,31,Haas F1 Team,40.0,3.0,HARD,7.0,True,73.149,17.634,32.735,22.78,16.0,1,,True,False,True,70.2,75.255,8.5,34.46711409395974,50.162416107382555,False
2026,Austria,R,OCO,31,Haas F1 Team,41.0,3.0,HARD,8.0,True,73.565,17.752,32.914,22.899,16.0,1,,True,False,True,72.0,75.725,8.5,34.46711409395974,50.162416107382555,False
2026,Austria,R,OCO,31,Haas F1 Team,42.0,3.0,HARD,9.0,True,74.782,17.772,33.947,23.063,16.0,1,,True,False,True,73.8,76.996,8.5,34.46711409395974,50.162416107382555,False
2026,Austria,R,OCO,31,Haas F1 Team,43.0,3.0,HARD,10.0,True,75.862,18.16,34.063,23.639,16.0,1,,True,False,True,75.60000000000001,78.13,8.5,34.46711409395974,50.162416107382555,False
2026,Austria,R,OCO,31,Haas F1 Team,44.0,3.0,HARD,11.0,True,73.412,17.635,33.001,22.776,16.0,1,,True,False,True,77.4,75.73400000000001,8.5,34.46711409395974,50.162416107382555,False
2026,Austria,R,OCO,31,Haas F1 Team,45.0,3.0,HARD,12.0,True,73.662,17.618,33.121,22.923000000000002,16.0,1,,True,False,True,79.2,76.03800000000001,8.5,34.46711409395974,50.162416107382555,False
2026,Austria,R,OCO,31,Haas F1 Team,46.0,3.0,HARD,13.0,True,73.402,17.605,32.936,22.861,16.0,1,,True,False,True,81.0,75.832,8.5,34.46711409395974,50.162416107382555,False
2026,Austria,R,OCO,31,Haas F1 Team,47.0,3.0,HARD,14.0,True,74.927,17.659,34.364,22.904,15.0,1,,True,False,True,82.8,77.411,8.5,34.46711409395974,50.162416107382555,False
2026,Austria,R,OCO,31,Haas F1 Team,48.0,3.0,HARD,15.0,True,73.239,17.561,32.816,22.862,15.0,1,,True,False,True,84.60000000000001,75.777,8.5,34.46711409395974,50.162416107382555,False
2026,Austria,R,OCO,31,Haas F1 Team,49.0,3.0,HARD,16.0,True,73.31,17.669,32.929,22.712,15.0,1,,True,False,True,86.4,75.902,8.5,34.46711409395974,50.162416107382555,False
2026,Austria,R,OCO,31,Haas F1 Team,50.0,3.0,HARD,17.0,True,73.463,17.719,33.025,22.719,15.0,1,,True,False,True,88.2,76.109,8.5,34.46711409395974,50.162416107382555,False
2026,Austria,R,OCO,31,Haas F1 Team,51.0,3.0,HARD,18.0,True,84.785,17.672,41.643,25.47,15.0,167,,False,False,False,90.0,87.485,8.5,34.46711409395974,50.162416107382555,False
2026,Austria,R,OCO,31,Haas F1 Team,52.0,3.0,HARD,19.0,True,73.187,17.627,32.852,22.708,15.0,1,,True,False,True,91.8,75.941,8.5,34.46711409395974,50.162416107382555,False
2026,Austria,R,OCO,31,Haas F1 Team,53.0,3.0,HARD,20.0,True,73.217,17.673000000000002,32.752,22.792,15.0,1,,True,False,True,93.60000000000001,76.025,8.5,34.46711409395974,50.162416107382555,False
2026,Austria,R,OCO,31,Haas F1 Team,54.0,3.0,HARD,21.0,True,73.866,17.581,33.374,22.911,16.0,1,,True,False,True,95.4,76.728,8.5,34.46711409395974,50.162416107382555,False
2026,Austria,R,OCO,31,Haas F1 Team,55.0,3.0,HARD,22.0,True,73.346,17.658,32.979,22.709,16.0,1,,True,False,True,97.2,76.262,8.5,34.46711409395974,50.162416107382555,False
2026,Austria,R,OCO,31,Haas F1 Team,56.0,3.0,HARD,23.0,True,73.606,17.682,33.016,22.908,16.0,1,,True,False,True,99.0,76.576,8.5,34.46711409395974,50.162416107382555,False
2026,Austria,R,OCO,31,Haas F1 Team,57.0,3.0,HARD,24.0,True,73.59,17.754,32.981,22.855,16.0,1,,True,False,True,100.8,76.614,8.5,34.46711409395974,50.162416107382555,False
2026,Austria,R,OCO,31,Haas F1 Team,58.0,3.0,HARD,25.0,True,73.824,17.729,33.102,22.993,16.0,1,,True,False,True,102.60000000000001,76.902,8.5,34.46711409395974,50.162416107382555,False
2026,Austria,R,OCO,31,Haas F1 Team,59.0,3.0,HARD,26.0,True,73.929,17.778,33.235,22.916,16.0,1,,True,False,True,104.4,77.061,8.5,34.46711409395974,50.162416107382555,False
2026,Austria,R,OCO,31,Haas F1 Team,60.0,3.0,HARD,27.0,True,73.744,17.722,33.134,22.888,16.0,1,,True,False,True,106.2,76.93,8.5,34.46711409395974,50.162416107382555,False
2026,Austria,R,OCO,31,Haas F1 Team,61.0,3.0,HARD,28.0,True,74.012,17.785,33.204,23.023,16.0,1,,True,False,True,108.0,77.252,8.5,34.46711409395974,50.162416107382555,False
2026,Austria,R,OCO,31,Haas F1 Team,62.0,3.0,HARD,29.0,True,73.932,17.763,33.324,22.845,16.0,1,,True,False,True,109.8,77.226,8.5,34.46711409395974,50.162416107382555,False
2026,Austria,R,OCO,31,Haas F1 Team,63.0,3.0,HARD,30.0,True,74.39,17.822,33.449,23.119,16.0,1,,True,False,True,111.60000000000001,77.738,8.5,34.46711409395974,50.162416107382555,False
2026,Austria,R,OCO,31,Haas F1 Team,64.0,3.0,HARD,31.0,True,77.875,17.847,34.579,25.449,16.0,1,,True,False,True,113.4,81.277,8.5,34.46711409395974,50.162416107382555,False
2026,Austria,R,OCO,31,Haas F1 Team,65.0,3.0,HARD,32.0,True,76.05,19.351,33.726,22.973,16.0,1,,True,False,True,115.2,79.506,8.5,34.46711409395974,50.162416107382555,False
2026,Austria,R,OCO,31,Haas F1 Team,66.0,3.0,HARD,33.0,True,74.5,17.774,33.518,23.208,16.0,1,,True,False,True,117.0,78.01,8.5,34.46711409395974,50.162416107382555,False
2026,Austria,R,OCO,31,Haas F1 Team,67.0,3.0,HARD,34.0,True,75.967,17.736,34.891,23.34,16.0,1,,True,False,True,118.8,79.53099999999999,8.5,34.46711409395974,50.162416107382555,False
2026,Austria,R,OCO,31,Haas F1 Team,68.0,3.0,HARD,35.0,True,77.006,18.721,33.977,24.308,16.0,1,,True,False,True,120.60000000000001,80.624,8.5,34.46711409395974,50.162416107382555,False
2026,Austria,R,OCO,31,Haas F1 Team,69.0,3.0,HARD,36.0,True,75.684,17.826999999999998,34.205,23.652,16.0,1,,True,False,True,122.4,79.356,8.5,34.46711409395974,50.162416107382555,False
2026,Austria,R,LIN,41,Racing Bulls,1.0,1.0,MEDIUM,1.0,True,79.894,,34.016,23.411,10.0,1,,False,False,True,0.0,79.894,8.5,34.46711409395974,50.162416107382555,False
2026,Austria,R,LIN,41,Racing Bulls,2.0,1.0,MEDIUM,2.0,True,73.697,17.716,33.304,22.677,10.0,1,,True,False,True,1.8,73.751,8.5,34.46711409395974,50.162416107382555,False
2026,Austria,R,LIN,41,Racing Bulls,3.0,1.0,MEDIUM,3.0,True,73.483,17.319,33.265,22.899,10.0,1,,True,False,True,3.6,73.59100000000001,8.5,34.46711409395974,50.162416107382555,False
2026,Austria,R,LIN,41,Racing Bulls,4.0,1.0,MEDIUM,4.0,True,73.913,17.508,33.477,22.928,10.0,1,,True,False,True,5.4,74.075,8.5,34.46711409395974,50.162416107382555,False
2026,Austria,R,LIN,41,Racing Bulls,5.0,1.0,MEDIUM,5.0,True,73.52,17.495,33.159,22.866,10.0,1,,True,False,True,7.2,73.73599999999999,8.5,34.46711409395974,50.162416107382555,False
2026,Austria,R,LIN,41,Racing Bulls,6.0,1.0,MEDIUM,6.0,True,73.177,17.445,32.967,22.765,10.0,1,,True,False,True,9.0,73.447,8.5,34.46711409395974,50.162416107382555,False
2026,Austria,R,LIN,41,Racing Bulls,7.0,1.0,MEDIUM,7.0,True,73.614,17.596,33.131,22.887,10.0,1,,True,False,True,10.8,73.938,8.5,34.46711409395974,50.162416107382555,False
2026,Austria,R,LIN,41,Racing Bulls,8.0,1.0,MEDIUM,8.0,True,74.051,17.821,33.336,22.894,10.0,1,,True,False,True,12.6,74.429,8.5,34.46711409395974,50.162416107382555,False
2026,Austria,R,LIN,41,Racing Bulls,9.0,1.0,MEDIUM,9.0,True,73.564,17.701,33.086,22.777,10.0,1,,True,False,True,14.4,73.996,8.5,34.46711409395974,50.162416107382555,False
2026,Austria,R,LIN,41,Racing Bulls,10.0,1.0,MEDIUM,10.0,True,73.686,17.685,33.142,22.859,10.0,1,,True,False,True,16.2,74.17200000000001,8.5,34.46711409395974,50.162416107382555,False
2026,Austria,R,LIN,41,Racing Bulls,11.0,1.0,MEDIUM,11.0,True,73.999,17.757,33.141,23.101,10.0,1,,True,False,True,18.0,74.539,8.5,34.46711409395974,50.162416107382555,False
2026,Austria,R,LIN,41,Racing Bulls,12.0,1.0,MEDIUM,12.0,True,73.698,17.703,33.096,22.899,10.0,1,,True,False,True,19.8,74.29199999999999,8.5,34.46711409395974,50.162416107382555,False
2026,Austria,R,LIN,41,Racing Bulls,13.0,1.0,MEDIUM,13.0,True,73.839,17.7,33.131,23.008,9.0,1,,True,False,True,21.6,74.487,8.5,34.46711409395974,50.162416107382555,False
2026,Austria,R,LIN,41,Racing Bulls,14.0,1.0,MEDIUM,14.0,True,73.975,17.765,33.161,23.049,8.0,1,,True,False,True,23.400000000000002,74.67699999999999,8.5,34.46711409395974,50.162416107382555,False
2026,Austria,R,LIN,41,Racing Bulls,15.0,1.0,MEDIUM,15.0,True,74.394,17.777,33.574,23.043,8.0,1,,True,False,True,25.2,75.15,8.5,34.46711409395974,50.162416107382555,False
2026,Austria,R,LIN,41,Racing Bulls,16.0,1.0,MEDIUM,16.0,True,74.92,17.771,34.117,23.032,9.0,1,,True,False,True,27.0,75.73,8.5,34.46711409395974,50.162416107382555,False
2026,Austria,R,LIN,41,Racing Bulls,17.0,1.0,MEDIUM,17.0,True,74.016,17.765,33.283,22.968,9.0,1,,True,False,True,28.8,74.88000000000001,8.5,34.46711409395974,50.162416107382555,False
2026,Austria,R,LIN,41,Racing Bulls,18.0,1.0,MEDIUM,18.0,True,77.791,17.721,33.299,26.771,10.0,1,,False,True,True,30.6,78.709,8.5,34.46711409395974,50.162416107382555,False
2026,Austria,R,LIN,41,Racing Bulls,19.0,2.0,HARD,1.0,True,89.66,34.47,32.944,22.246,12.0,1,,False,True,True,32.4,90.63199999999999,8.5,34.46711409395974,50.162416107382555,False
2026,Austria,R,LIN,41,Racing Bulls,20.0,2.0,HARD,2.0,True,73.512,17.146,33.838,22.528,11.0,1,,True,False,True,34.2,74.538,8.5,34.46711409395974,50.162416107382555,False
2026,Austria,R,LIN,41,Racing Bulls,21.0,2.0,HARD,3.0,True,72.455,17.429,32.605,22.421,9.0,1,,True,False,True,36.0,73.535,8.5,34.46711409395974,50.162416107382555,False
2026,Austria,R,LIN,41,Racing Bulls,22.0,2.0,HARD,4.0,True,72.72,17.687,32.614,22.419,9.0,1,,True,False,True,37.800000000000004,73.854,8.5,34.46711409395974,50.162416107382555,False
2026,Austria,R,LIN,41,Racing Bulls,23.0,2.0,HARD,5.0,True,72.602,17.681,32.583,22.338,9.0,1,,True,False,True,39.6,73.79,8.5,34.46711409395974,50.162416107382555,False
2026,Austria,R,LIN,41,Racing Bulls,24.0,2.0,HARD,6.0,True,81.056,17.629,32.593,30.834,9.0,126,,False,False,False,41.4,82.298,8.5,34.46711409395974,50.162416107382555,False
2026,Austria,R,LIN,41,Racing Bulls,25.0,2.0,HARD,7.0,True,97.419,23.568,41.723,32.128,9.0,6,,False,False,False,43.2,98.715,8.5,34.46711409395974,50.162416107382555,False
2026,Austria,R,LIN,41,Racing Bulls,26.0,2.0,HARD,8.0,True,82.407,22.797,37.362,22.248,9.0,671,,False,False,False,45.0,83.75699999999999,8.5,34.46711409395974,50.162416107382555,False
2026,Austria,R,LIN,41,Racing Bulls,27.0,2.0,HARD,9.0,True,72.707,17.511,32.704,22.492,9.0,1,,True,False,True,46.800000000000004,74.11099999999999,8.5,34.46711409395974,50.162416107382555,False
2026,Austria,R,LIN,41,Racing Bulls,28.0,2.0,HARD,10.0,True,72.367,17.663,32.483,22.221,9.0,1,,True,False,True,48.6,73.825,8.5,34.46711409395974,50.162416107382555,False
2026,Austria,R,LIN,41,Racing Bulls,29.0,2.0,HARD,11.0,True,72.227,17.527,32.536,22.164,9.0,1,,True,False,True,50.4,73.739,8.5,34.46711409395974,50.162416107382555,False
2026,Austria,R,LIN,41,Racing Bulls,30.0,2.0,HARD,12.0,True,72.746,17.467,33.036,22.243,9.0,1,,True,False,True,52.2,74.312,8.5,34.46711409395974,50.162416107382555,False
2026,Austria,R,LIN,41,Racing Bulls,31.0,2.0,HARD,13.0,True,72.593,17.566,32.804,22.223,9.0,1,,True,False,True,54.0,74.21300000000001,8.5,34.46711409395974,50.162416107382555,False
2026,Austria,R,LIN,41,Racing Bulls,32.0,2.0,HARD,14.0,True,72.525,17.509,32.727,22.289,9.0,1,,True,False,True,55.800000000000004,74.19900000000001,8.5,34.46711409395974,50.162416107382555,False
2026,Austria,R,LIN,41,Racing Bulls,33.0,2.0,HARD,15.0,True,72.78,17.588,32.896,22.296,9.0,1,,True,False,True,57.6,74.508,8.5,34.46711409395974,50.162416107382555,False
2026,Austria,R,LIN,41,Racing Bulls,34.0,2.0,HARD,16.0,True,72.81,17.527,32.986,22.297,9.0,1,,True,False,True,59.4,74.592,8.5,34.46711409395974,50.162416107382555,False
2026,Austria,R,LIN,41,Racing Bulls,35.0,2.0,HARD,17.0,True,72.963,17.53,32.977,22.456,9.0,1,,True,False,True,61.2,74.79899999999999,8.5,34.46711409395974,50.162416107382555,False
2026,Austria,R,LIN,41,Racing Bulls,36.0,2.0,HARD,18.0,True,72.861,17.558,32.86,22.443,9.0,1,,True,False,True,63.0,74.751,8.5,34.46711409395974,50.162416107382555,False
2026,Austria,R,LIN,41,Racing Bulls,37.0,2.0,HARD,19.0,True,73.281,17.575,33.047,22.659,9.0,1,,True,False,True,64.8,75.22500000000001,8.5,34.46711409395974,50.162416107382555,False
2026,Austria,R,LIN,41,Racing Bulls,38.0,2.0,HARD,20.0,True,74.404,17.621,33.603,23.18,9.0,1,,True,False,True,66.60000000000001,76.402,8.5,34.46711409395974,50.162416107382555,False
2026,Austria,R,LIN,41,Racing Bulls,39.0,2.0,HARD,21.0,True,73.357,18.045,32.944,22.368,9.0,1,,True,False,True,68.4,75.409,8.5,34.46711409395974,50.162416107382555,False
2026,Austria,R,LIN,41,Racing Bulls,40.0,2.0,HARD,22.0,True,73.197,17.547,33.002,22.648,9.0,1,,True,False,True,70.2,75.303,8.5,34.46711409395974,50.162416107382555,False
2026,Austria,R,LIN,41,Racing Bulls,41.0,2.0,HARD,23.0,True,73.377,17.597,33.171,22.609,9.0,1,,True,False,True,72.0,75.53699999999999,8.5,34.46711409395974,50.162416107382555,False
2026,Austria,R,LIN,41,Racing Bulls,42.0,2.0,HARD,24.0,True,73.601,17.609,33.389,22.603,9.0,1,,True,False,True,73.8,75.815,8.5,34.46711409395974,50.162416107382555,False
2026,Austria,R,LIN,41,Racing Bulls,43.0,2.0,HARD,25.0,True,73.901,17.663,33.474,22.764,9.0,1,,True,False,True,75.60000000000001,76.169,8.5,34.46711409395974,50.162416107382555,False
2026,Austria,R,LIN,41,Racing Bulls,44.0,2.0,HARD,26.0,True,74.0,17.709,33.473,22.818,9.0,1,,True,False,True,77.4,76.322,8.5,34.46711409395974,50.162416107382555,False
2026,Austria,R,LIN,41,Racing Bulls,45.0,2.0,HARD,27.0,True,73.962,17.675,33.455,22.832,9.0,1,,True,False,True,79.2,76.33800000000001,8.5,34.46711409395974,50.162416107382555,False
2026,Austria,R,LIN,41,Racing Bulls,46.0,2.0,HARD,28.0,True,77.63,17.72,33.483,26.427,9.0,1,,False,True,True,81.0,80.06,8.5,34.46711409395974,50.162416107382555,False
2026,Austria,R,LIN,41,Racing Bulls,47.0,3.0,MEDIUM,1.0,True,90.286,34.296,33.646,22.344,10.0,1,,False,True,True,82.8,92.77,8.5,34.46711409395974,50.162416107382555,False
2026,Austria,R,LIN,41,Racing Bulls,48.0,3.0,MEDIUM,2.0,True,72.142,17.34,32.565,22.237,10.0,1,,True,False,True,84.60000000000001,74.67999999999999,8.5,34.46711409395974,50.162416107382555,False
2026,Austria,R,LIN,41,Racing Bulls,49.0,3.0,MEDIUM,3.0,True,71.994,17.297,32.412,22.285,10.0,1,,True,False,True,86.4,74.586,8.5,34.46711409395974,50.162416107382555,False
2026,Austria,R,LIN,41,Racing Bulls,50.0,3.0,MEDIUM,4.0,True,72.007,17.273,32.635,22.099,10.0,1,,True,False,True,88.2,74.653,8.5,34.46711409395974,50.162416107382555,False
2026,Austria,R,LIN,41,Racing Bulls,51.0,3.0,MEDIUM,5.0,True,74.698,17.287,33.021,24.39,10.0,16,,False,False,False,90.0,77.398,8.5,34.46711409395974,50.162416107382555,False
2026,Austria,R,LIN,41,Racing Bulls,52.0,3.0,MEDIUM,6.0,True,82.431,24.479,36.038,21.914,10.0,671,,False,False,False,91.8,85.185,8.5,34.46711409395974,50.162416107382555,False
2026,Austria,R,LIN,41,Racing Bulls,53.0,3.0,MEDIUM,7.0,True,71.881,17.408,32.428,22.045,10.0,1,,True,False,True,93.60000000000001,74.68900000000001,8.5,34.46711409395974,50.162416107382555,False
2026,Austria,R,LIN,41,Racing Bulls,54.0,3.0,MEDIUM,8.0,True,71.661,17.32,32.295,22.046,10.0,1,,True,False,True,95.4,74.523,8.5,34.46711409395974,50.162416107382555,False
2026,Austria,R,LIN,41,Racing Bulls,55.0,3.0,MEDIUM,9.0,True,73.614,19.012,32.597,22.005,10.0,1,,True,False,True,97.2,76.53,8.5,34.46711409395974,50.162416107382555,False
2026,Austria,R,LIN,41,Racing Bulls,56.0,3.0,MEDIUM,10.0,True,71.587,17.274,32.344,21.969,10.0,1,,True,False,True,99.0,74.557,8.5,34.46711409395974,50.162416107382555,False
2026,Austria,R,LIN,41,Racing Bulls,57.0,3.0,MEDIUM,11.0,True,71.919,17.332,32.581,22.006,10.0,1,,True,False,True,100.8,74.943,8.5,34.46711409395974,50.162416107382555,False
2026,Austria,R,LIN,41,Racing Bulls,58.0,3.0,MEDIUM,12.0,True,71.76,17.267,32.362,22.131,10.0,1,,True,False,True,102.60000000000001,74.83800000000001,8.5,34.46711409395974,50.162416107382555,False
2026,Austria,R,LIN,41,Racing Bulls,59.0,3.0,MEDIUM,13.0,True,71.918,17.301,32.524,22.093,10.0,1,,True,False,True,104.4,75.05000000000001,8.5,34.46711409395974,50.162416107382555,False
2026,Austria,R,LIN,41,Racing Bulls,60.0,3.0,MEDIUM,14.0,True,73.502,17.283,32.516,23.703,10.0,1,,True,False,True,106.2,76.68799999999999,8.5,34.46711409395974,50.162416107382555,False
2026,Austria,R,LIN,41,Racing Bulls,61.0,3.0,MEDIUM,15.0,True,72.065,17.452,32.559,22.054,10.0,1,,True,False,True,108.0,75.30499999999999,8.5,34.46711409395974,50.162416107382555,False
2026,Austria,R,LIN,41,Racing Bulls,62.0,3.0,MEDIUM,16.0,True,74.045,17.335,34.33,22.38,10.0,1,,True,False,True,109.8,77.339,8.5,34.46711409395974,50.162416107382555,False
2026,Austria,R,LIN,41,Racing Bulls,63.0,3.0,MEDIUM,17.0,True,72.347,17.456,32.722,22.169,10.0,1,,True,False,True,111.60000000000001,75.695,8.5,34.46711409395974,50.162416107382555,False
2026,Austria,R,LIN,41,Racing Bulls,64.0,3.0,MEDIUM,18.0,True,72.215,17.319,32.767,22.129,10.0,1,,True,False,True,113.4,75.617,8.5,34.46711409395974,50.162416107382555,False
2026,Austria,R,LIN,41,Racing Bulls,65.0,3.0,MEDIUM,19.0,True,72.609,17.435,32.804,22.37,10.0,1,,True,False,True,115.2,76.065,8.5,34.46711409395974,50.162416107382555,False
2026,Austria,R,LIN,41,Racing Bulls,66.0,3.0,MEDIUM,20.0,True,72.861,17.582,32.952,22.327,10.0,1,,True,False,True,117.0,76.37100000000001,8.5,34.46711409395974,50.162416107382555,False
2026,Austria,R,LIN,41,Racing Bulls,67.0,3.0,MEDIUM,21.0,True,72.869,17.343,32.801,22.725,10.0,1,,True,False,True,118.8,76.43299999999999,8.5,34.46711409395974,50.162416107382555,False
2026,Austria,R,LIN,41,Racing Bulls,68.0,3.0,MEDIUM,22.0,True,72.804,17.448,32.871,22.485,10.0,1,,True,False,True,120.60000000000001,76.422,8.5,34.46711409395974,50.162416107382555,False
2026,Austria,R,LIN,41,Racing Bulls,69.0,3.0,MEDIUM,23.0,True,72.781,17.542,32.853,22.386,10.0,1,,True,False,True,122.4,76.453,8.5,34.46711409395974,50.162416107382555,False
2026,Austria,R,LIN,41,Racing Bulls,70.0,3.0,MEDIUM,24.0,True,72.662,17.365,32.937,22.36,10.0,1,,True,False,True,124.2,76.388,8.5,34.46711409395974,50.162416107382555,False
2026,Austria,R,COL,43,Alpine,1.0,1.0,MEDIUM,1.0,True,83.65,,35.048,23.775,20.0,1,,False,False,True,0.0,83.65,8.5,34.46711409395974,50.162416107382555,False
2026,Austria,R,COL,43,Alpine,2.0,1.0,MEDIUM,2.0,True,74.754,17.959,33.514,23.281,19.0,1,,True,False,True,1.8,74.808,8.5,34.46711409395974,50.162416107382555,False
2026,Austria,R,COL,43,Alpine,3.0,1.0,MEDIUM,3.0,True,74.423,17.694,33.526,23.203,19.0,1,,True,False,True,3.6,74.531,8.5,34.46711409395974,50.162416107382555,False
2026,Austria,R,COL,43,Alpine,4.0,1.0,MEDIUM,4.0,True,73.852,17.485,33.258,23.109,18.0,1,,True,False,True,5.4,74.01400000000001,8.5,34.46711409395974,50.162416107382555,False
2026,Austria,R,COL,43,Alpine,5.0,1.0,MEDIUM,5.0,True,75.1,17.808,33.939,23.353,18.0,1,,True,False,True,7.2,75.31599999999999,8.5,34.46711409395974,50.162416107382555,False
2026,Austria,R,COL,43,Alpine,6.0,1.0,MEDIUM,6.0,True,74.183,18.167,33.14,22.876,18.0,1,,True,False,True,9.0,74.453,8.5,34.46711409395974,50.162416107382555,False
2026,Austria,R,COL,43,Alpine,7.0,1.0,MEDIUM,7.0,True,74.111,17.758,33.316,23.037,18.0,1,,True,False,True,10.8,74.435,8.5,34.46711409395974,50.162416107382555,False
2026,Austria,R,COL,43,Alpine,8.0,1.0,MEDIUM,8.0,True,74.651,17.682,33.518,23.451,18.0,1,,True,False,True,12.6,75.029,8.5,34.46711409395974,50.162416107382555,False
2026,Austria,R,COL,43,Alpine,9.0,1.0,MEDIUM,9.0,True,75.262,17.852,33.68,23.73,18.0,1,,True,False,True,14.4,75.694,8.5,34.46711409395974,50.162416107382555,False
2026,Austria,R,COL,43,Alpine,10.0,1.0,MEDIUM,10.0,True,75.314,17.881,33.711,23.722,18.0,1,,True,False,True,16.2,75.8,8.5,34.46711409395974,50.162416107382555,False
2026,Austria,R,COL,43,Alpine,11.0,1.0,MEDIUM,11.0,True,75.729,17.892,33.869,23.968,18.0,1,,True,False,True,18.0,76.269,8.5,34.46711409395974,50.162416107382555,False
2026,Austria,R,COL,43,Alpine,12.0,1.0,MEDIUM,12.0,True,75.488,17.906,33.741,23.841,18.0,1,,True,False,True,19.8,76.082,8.5,34.46711409395974,50.162416107382555,False
2026,Austria,R,COL,43,Alpine,13.0,1.0,MEDIUM,13.0,True,75.387,17.951,33.941,23.495,18.0,1,,True,False,True,21.6,76.035,8.5,34.46711409395974,50.162416107382555,False
2026,Austria,R,COL,43,Alpine,14.0,1.0,MEDIUM,14.0,True,76.335,17.789,33.731,24.815,17.0,1,,True,False,True,23.400000000000002,77.03699999999999,8.5,34.46711409395974,50.162416107382555,False
2026,Austria,R,COL,43,Alpine,15.0,1.0,MEDIUM,15.0,True,75.24,18.229,33.616,23.395,16.0,1,,True,False,True,25.2,75.996,8.5,34.46711409395974,50.162416107382555,False
2026,Austria,R,COL,43,Alpine,16.0,1.0,MEDIUM,16.0,True,74.61,18.069,33.419,23.122,16.0,1,,True,False,True,27.0,75.42,8.5,34.46711409395974,50.162416107382555,False
2026,Austria,R,COL,43,Alpine,17.0,1.0,MEDIUM,17.0,True,74.417,18.068,33.289,23.06,16.0,1,,True,False,True,28.8,75.281,8.5,34.46711409395974,50.162416107382555,False
2026,Austria,R,COL,43,Alpine,18.0,1.0,MEDIUM,18.0,True,74.47,17.862,33.413,23.195,14.0,1,,True,False,True,30.6,75.388,8.5,34.46711409395974,50.162416107382555,False
2026,Austria,R,COL,43,Alpine,19.0,1.0,MEDIUM,19.0,True,74.775,17.964,33.627,23.184,13.0,1,,True,False,True,32.4,75.747,8.5,34.46711409395974,50.162416107382555,False
2026,Austria,R,COL,43,Alpine,20.0,1.0,MEDIUM,20.0,True,79.177,17.755,33.994,27.428,15.0,1,,False,True,True,34.2,80.203,8.5,34.46711409395974,50.162416107382555,False
2026,Austria,R,COL,43,Alpine,21.0,2.0,HARD,1.0,True,92.123,35.49,33.588,23.045,20.0,1,,False,True,True,36.0,93.203,8.5,34.46711409395974,50.162416107382555,False
2026,Austria,R,COL,43,Alpine,22.0,2.0,HARD,2.0,True,73.301,17.748,32.59,22.963,19.0,1,,True,False,True,37.800000000000004,74.435,8.5,34.46711409395974,50.162416107382555,False
2026,Austria,R,COL,43,Alpine,23.0,2.0,HARD,3.0,True,73.444,17.689,32.798,22.957,18.0,12,,True,False,False,39.6,74.632,8.5,34.46711409395974,50.162416107382555,False
2026,Austria,R,COL,43,Alpine,24.0,2.0,HARD,4.0,True,92.991,17.829,43.37,31.792,17.0,26,,False,False,False,41.4,94.233,8.5,34.46711409395974,50.162416107382555,False
2026,Austria,R,COL,43,Alpine,25.0,2.0,HARD,5.0,True,93.53,22.742,40.731,30.057,17.0,67,,False,False,False,43.2,94.82600000000001,8.5,34.46711409395974,50.162416107382555,False
2026,Austria,R,COL,43,Alpine,26.0,2.0,HARD,6.0,True,74.927,19.069,33.043,22.815,17.0,71,,False,False,False,45.0,76.277,8.5,34.46711409395974,50.162416107382555,False
2026,Austria,R,COL,43,Alpine,27.0,2.0,HARD,7.0,True,72.963,17.661,32.727,22.575,17.0,1,,True,False,True,46.800000000000004,74.36699999999999,8.5,34.46711409395974,50.162416107382555,False
2026,Austria,R,COL,43,Alpine,28.0,2.0,HARD,8.0,True,72.673,17.628,32.513,22.532,17.0,1,,True,False,True,48.6,74.131,8.5,34.46711409395974,50.162416107382555,False
2026,Austria,R,COL,43,Alpine,29.0,2.0,HARD,9.0,True,73.104,17.673000000000002,32.821,22.61,17.0,1,,True,False,True,50.4,74.616,8.5,34.46711409395974,50.162416107382555,False
2026,Austria,R,COL,43,Alpine,30.0,2.0,HARD,10.0,True,72.578,17.422,32.622,22.534,16.0,1,,True,False,True,52.2,74.144,8.5,34.46711409395974,50.162416107382555,False
2026,Austria,R,COL,43,Alpine,31.0,2.0,HARD,11.0,True,74.472,17.79,32.879,23.803,16.0,1,,True,False,True,54.0,76.092,8.5,34.46711409395974,50.162416107382555,False
2026,Austria,R,COL,43,Alpine,32.0,2.0,HARD,12.0,True,73.166,17.636,32.91,22.62,16.0,1,,True,False,True,55.800000000000004,74.84,8.5,34.46711409395974,50.162416107382555,False
2026,Austria,R,COL,43,Alpine,33.0,2.0,HARD,13.0,True,74.5,17.668,34.095,22.737,15.0,1,,True,False,True,57.6,76.228,8.5,34.46711409395974,50.162416107382555,False
2026,Austria,R,COL,43,Alpine,34.0,2.0,HARD,14.0,True,73.108,17.618,32.788,22.701999999999998,15.0,1,,True,False,True,59.4,74.89,8.5,34.46711409395974,50.162416107382555,False
2026,Austria,R,COL,43,Alpine,35.0,2.0,HARD,15.0,True,73.265,17.737,32.763,22.765,15.0,1,,True,False,True,61.2,75.101,8.5,34.46711409395974,50.162416107382555,False
2026,Austria,R,COL,43,Alpine,36.0,2.0,HARD,16.0,True,73.574,17.755,32.989,22.83,15.0,1,,True,False,True,63.0,75.464,8.5,34.46711409395974,50.162416107382555,False
2026,Austria,R,COL,43,Alpine,37.0,2.0,HARD,17.0,True,75.029,17.697,34.426,22.906,15.0,1,,True,False,True,64.8,76.973,8.5,34.46711409395974,50.162416107382555,False
2026,Austria,R,COL,43,Alpine,38.0,2.0,HARD,18.0,True,73.642,17.691,33.075,22.876,15.0,1,,True,False,True,66.60000000000001,75.64,8.5,34.46711409395974,50.162416107382555,False
2026,Austria,R,COL,43,Alpine,39.0,2.0,HARD,19.0,True,74.048,17.936,33.267,22.845,15.0,1,,True,False,True,68.4,76.10000000000001,8.5,34.46711409395974,50.162416107382555,False
2026,Austria,R,COL,43,Alpine,40.0,2.0,HARD,20.0,True,73.611,17.82,33.08,22.711,15.0,1,,True,False,True,70.2,75.717,8.5,34.46711409395974,50.162416107382555,False
2026,Austria,R,COL,43,Alpine,41.0,2.0,HARD,21.0,True,76.339,17.676,35.494,23.169,15.0,1,,True,False,True,72.0,78.499,8.5,34.46711409395974,50.162416107382555,False
2026,Austria,R,COL,43,Alpine,42.0,2.0,HARD,22.0,True,73.599,17.732,33.086,22.781,15.0,1,,True,False,True,73.8,75.813,8.5,34.46711409395974,50.162416107382555,False
2026,Austria,R,COL,43,Alpine,43.0,2.0,HARD,23.0,True,75.108,17.671,33.334,24.103,15.0,1,,True,False,True,75.60000000000001,77.376,8.5,34.46711409395974,50.162416107382555,False
2026,Austria,R,COL,43,Alpine,44.0,2.0,HARD,24.0,True,73.696,17.571,33.219,22.906,15.0,1,,True,False,True,77.4,76.018,8.5,34.46711409395974,50.162416107382555,False
2026,Austria,R,COL,43,Alpine,45.0,2.0,HARD,25.0,True,74.111,17.664,33.513,22.934,15.0,1,,True,False,True,79.2,76.48700000000001,8.5,34.46711409395974,50.162416107382555,False
2026,Austria,R,COL,43,Alpine,46.0,2.0,HARD,26.0,True,77.878,17.785,33.073,27.02,14.0,1,,False,True,True,81.0,80.30799999999999,8.5,34.46711409395974,50.162416107382555,False
2026,Austria,R,COL,43,Alpine,47.0,3.0,MEDIUM,1.0,True,90.778,35.178,33.074,22.526,17.0,1,,False,True,True,82.8,93.262,8.5,34.46711409395974,50.162416107382555,False
2026,Austria,R,COL,43,Alpine,48.0,3.0,MEDIUM,2.0,True,72.326,17.471,32.308,22.547,17.0,1,,True,False,True,84.60000000000001,74.86399999999999,8.5,34.46711409395974,50.162416107382555,False
2026,Austria,R,COL,43,Alpine,49.0,3.0,MEDIUM,3.0,True,71.795,17.324,32.3,22.171,16.0,1,,True,False,True,86.4,74.387,8.5,34.46711409395974,50.162416107382555,False
2026,Austria,R,COL,43,Alpine,50.0,3.0,MEDIUM,4.0,True,72.494,17.546,32.565,22.383,16.0,1,,True,False,True,88.2,75.14,8.5,34.46711409395974,50.162416107382555,False
2026,Austria,R,COL,43,Alpine,51.0,3.0,MEDIUM,5.0,True,84.212,17.556,42.069,24.587,16.0,167,,False,False,False,90.0,86.912,8.5,34.46711409395974,50.162416107382555,False
2026,Austria,R,COL,43,Alpine,52.0,3.0,MEDIUM,6.0,True,72.496,17.473,32.599,22.424,16.0,1,,True,False,True,91.8,75.25,8.5,34.46711409395974,50.162416107382555,False
2026,Austria,R,COL,43,Alpine,53.0,3.0,MEDIUM,7.0,True,73.164,17.475,33.055,22.634,16.0,1,,True,False,True,93.60000000000001,75.97200000000001,8.5,34.46711409395974,50.162416107382555,False
2026,Austria,R,COL,43,Alpine,54.0,3.0,MEDIUM,8.0,True,72.385,17.293,32.8,22.292,15.0,1,,True,False,True,95.4,75.247,8.5,34.46711409395974,50.162416107382555,False
2026,Austria,R,COL,43,Alpine,55.0,3.0,MEDIUM,9.0,True,72.361,17.692,32.437,22.232,15.0,1,,True,False,True,97.2,75.277,8.5,34.46711409395974,50.162416107382555,False
2026,Austria,R,COL,43,Alpine,56.0,3.0,MEDIUM,10.0,True,71.981,17.514,32.37,22.097,15.0,1,,True,False,True,99.0,74.951,8.5,34.46711409395974,50.162416107382555,False
2026,Austria,R,COL,43,Alpine,57.0,3.0,MEDIUM,11.0,True,72.287,17.536,32.504,22.247,15.0,1,,True,False,True,100.8,75.311,8.5,34.46711409395974,50.162416107382555,False
2026,Austria,R,COL,43,Alpine,58.0,3.0,MEDIUM,12.0,True,72.149,17.461,32.49,22.198,15.0,1,,True,False,True,102.60000000000001,75.227,8.5,34.46711409395974,50.162416107382555,False
2026,Austria,R,COL,43,Alpine,59.0,3.0,MEDIUM,13.0,True,72.273,17.575,32.408,22.29,15.0,1,,True,False,True,104.4,75.405,8.5,34.46711409395974,50.162416107382555,False
2026,Austria,R,COL,43,Alpine,60.0,3.0,MEDIUM,14.0,True,73.572,17.509,32.583,23.48,15.0,1,,True,False,True,106.2,76.75800000000001,8.5,34.46711409395974,50.162416107382555,False
2026,Austria,R,COL,43,Alpine,61.0,3.0,MEDIUM,15.0,True,72.822,17.366,33.052,22.404,15.0,1,,True,False,True,108.0,76.062,8.5,34.46711409395974,50.162416107382555,False
2026,Austria,R,COL,43,Alpine,62.0,3.0,MEDIUM,16.0,True,72.734,17.369,32.942,22.423,15.0,1,,True,False,True,109.8,76.02799999999999,8.5,34.46711409395974,50.162416107382555,False
2026,Austria,R,COL,43,Alpine,63.0,3.0,MEDIUM,17.0,True,72.726,17.622,32.601,22.503,15.0,1,,True,False,True,111.60000000000001,76.074,8.5,34.46711409395974,50.162416107382555,False
2026,Austria,R,COL,43,Alpine,64.0,3.0,MEDIUM,18.0,True,72.544,17.57,32.547,22.427,15.0,1,,True,False,True,113.4,75.946,8.5,34.46711409395974,50.162416107382555,False
2026,Austria,R,COL,43,Alpine,65.0,3.0,MEDIUM,19.0,True,72.536,17.613,32.618,22.305,15.0,1,,True,False,True,115.2,75.992,8.5,34.46711409395974,50.162416107382555,False
2026,Austria,R,COL,43,Alpine,66.0,3.0,MEDIUM,20.0,True,72.718,17.682,32.731,22.305,15.0,1,,True,False,True,117.0,76.22800000000001,8.5,34.46711409395974,50.162416107382555,False
2026,Austria,R,COL,43,Alpine,67.0,3.0,MEDIUM,21.0,True,72.729,17.562,32.66,22.507,15.0,1,,True,False,True,118.8,76.29299999999999,8.5,34.46711409395974,50.162416107382555,False
2026,Austria,R,COL,43,Alpine,68.0,3.0,MEDIUM,22.0,True,72.798,17.508,32.592,22.698,15.0,1,,True,False,True,120.60000000000001,76.416,8.5,34.46711409395974,50.162416107382555,False
2026,Austria,R,COL,43,Alpine,69.0,3.0,MEDIUM,23.0,True,73.361,17.696,33.022,22.643,15.0,1,,True,False,True,122.4,77.033,8.5,34.46711409395974,50.162416107382555,False
2026,Austria,R,COL,43,Alpine,70.0,3.0,MEDIUM,24.0,True,72.677,17.453,32.76,22.464,15.0,1,,True,False,True,124.2,76.403,8.5,34.46711409395974,50.162416107382555,False
2026,Austria,R,HAM,44,Ferrari,1.0,1.0,MEDIUM,1.0,True,75.802,,32.733,22.144,2.0,1,,False,False,True,0.0,75.802,8.5,34.46711409395974,50.162416107382555,False
2026,Austria,R,HAM,44,Ferrari,2.0,1.0,MEDIUM,2.0,True,72.028,17.47,32.538,22.02,2.0,1,,True,False,True,1.8,72.08200000000001,8.5,34.46711409395974,50.162416107382555,False
2026,Austria,R,HAM,44,Ferrari,3.0,1.0,MEDIUM,3.0,True,71.974,17.344,32.443,22.187,2.0,1,,True,False,True,3.6,72.08200000000001,8.5,34.46711409395974,50.162416107382555,False
2026,Austria,R,HAM,44,Ferrari,4.0,1.0,MEDIUM,4.0,True,71.937,17.356,32.473,22.108,2.0,1,,True,False,True,5.4,72.099,8.5,34.46711409395974,50.162416107382555,False
2026,Austria,R,HAM,44,Ferrari,5.0,1.0,MEDIUM,5.0,True,71.881,17.362,32.308,22.211,2.0,1,,True,False,True,7.2,72.097,8.5,34.46711409395974,50.162416107382555,False
2026,Austria,R,HAM,44,Ferrari,6.0,1.0,MEDIUM,6.0,True,72.446,17.517,32.585,22.344,2.0,1,,True,False,True,9.0,72.716,8.5,34.46711409395974,50.162416107382555,False
2026,Austria,R,HAM,44,Ferrari,7.0,1.0,MEDIUM,7.0,True,72.43,17.463,32.568,22.399,2.0,1,,True,False,True,10.8,72.754,8.5,34.46711409395974,50.162416107382555,False
2026,Austria,R,HAM,44,Ferrari,8.0,1.0,MEDIUM,8.0,True,72.541,17.535,32.597,22.409,2.0,1,,True,False,True,12.6,72.919,8.5,34.46711409395974,50.162416107382555,False
2026,Austria,R,HAM,44,Ferrari,9.0,1.0,MEDIUM,9.0,True,72.645,17.601,32.564,22.48,2.0,1,,True,False,True,14.4,73.077,8.5,34.46711409395974,50.162416107382555,False
2026,Austria,R,HAM,44,Ferrari,10.0,1.0,MEDIUM,10.0,True,72.836,17.668,32.675,22.493,2.0,1,,True,False,True,16.2,73.322,8.5,34.46711409395974,50.162416107382555,False
2026,Austria,R,HAM,44,Ferrari,11.0,1.0,MEDIUM,11.0,True,74.52,17.655,33.931,22.934,2.0,1,,True,False,True,18.0,75.06,8.5,34.46711409395974,50.162416107382555,False
2026,Austria,R,HAM,44,Ferrari,12.0,1.0,MEDIUM,12.0,True,77.539,17.755,32.748,27.036,4.0,1,,False,True,True,19.8,78.133,8.5,34.46711409395974,50.162416107382555,False
2026,Austria,R,HAM,44,Ferrari,13.0,2.0,HARD,1.0,True,89.201,34.428,32.426,22.347,11.0,1,,False,True,True,21.6,89.84899999999999,8.5,34.46711409395974,50.162416107382555,False
2026,Austria,R,HAM,44,Ferrari,14.0,2.0,HARD,2.0,True,72.317,17.512,32.326,22.479,9.0,1,,True,False,True,23.400000000000002,73.01899999999999,8.5,34.46711409395974,50.162416107382555,False
2026,Austria,R,HAM,44,Ferrari,15.0,2.0,HARD,3.0,True,72.784,17.448,32.486,22.85,9.0,1,,True,False,True,25.2,73.54,8.5,34.46711409395974,50.162416107382555,False
2026,Austria,R,HAM,44,Ferrari,16.0,2.0,HARD,4.0,True,72.318,17.582,32.495,22.241,8.0,1,,True,False,True,27.0,73.128,8.5,34.46711409395974,50.162416107382555,False
2026,Austria,R,HAM,44,Ferrari,17.0,2.0,HARD,5.0,True,72.491,17.387,32.391,22.713,8.0,1,,True,False,True,28.8,73.355,8.5,34.46711409395974,50.162416107382555,False
2026,Austria,R,HAM,44,Ferrari,18.0,2.0,HARD,6.0,True,72.303,17.516,32.491,22.296,7.0,1,,True,False,True,30.6,73.221,8.5,34.46711409395974,50.162416107382555,False
2026,Austria,R,HAM,44,Ferrari,19.0,2.0,HARD,7.0,True,72.252,17.454,32.456,22.342,5.0,1,,True,False,True,32.4,73.22399999999999,8.5,34.46711409395974,50.162416107382555,False
2026,Austria,R,HAM,44,Ferrari,20.0,2.0,HARD,8.0,True,71.887,17.508,32.198,22.181,4.0,1,,True,False,True,34.2,72.913,8.5,34.46711409395974,50.162416107382555,False
2026,Austria,R,HAM,44,Ferrari,21.0,2.0,HARD,9.0,True,71.927,17.345,32.212,22.37,3.0,1,,True,False,True,36.0,73.007,8.5,34.46711409395974,50.162416107382555,False
2026,Austria,R,HAM,44,Ferrari,22.0,2.0,HARD,10.0,True,74.016,17.46,33.936,22.62,4.0,1,,True,False,True,37.800000000000004,75.15,8.5,34.46711409395974,50.162416107382555,False
2026,Austria,R,HAM,44,Ferrari,23.0,2.0,HARD,11.0,True,72.323,17.712,32.432,22.179,4.0,1,,True,False,True,39.6,73.511,8.5,34.46711409395974,50.162416107382555,False
2026,Austria,R,HAM,44,Ferrari,24.0,2.0,HARD,12.0,True,72.517,17.362,32.482,22.673000000000002,4.0,12,,True,False,False,41.4,73.759,8.5,34.46711409395974,50.162416107382555,False
2026,Austria,R,HAM,44,Ferrari,25.0,2.0,HARD,13.0,True,98.849,26.12,40.814,31.915,3.0,26,,False,True,False,43.2,100.14500000000001,8.5,34.46711409395974,50.162416107382555,False
2026,Austria,R,HAM,44,Ferrari,26.0,3.0,SOFT,3.0,False,101.949,36.633,42.897,22.419,7.0,671,,False,True,False,45.0,103.29899999999999,8.5,34.46711409395974,50.162416107382555,False
2026,Austria,R,HAM,44,Ferrari,27.0,3.0,SOFT,4.0,False,71.284,17.282,31.963,22.039,7.0,1,,True,False,True,46.800000000000004,72.688,8.5,34.46711409395974,50.162416107382555,False
2026,Austria,R,HAM,44,Ferrari,28.0,3.0,SOFT,5.0,False,71.079,17.201,31.96,21.918,7.0,1,,True,False,True,48.6,72.53699999999999,8.5,34.46711409395974,50.162416107382555,False
2026,Austria,R,HAM,44,Ferrari,29.0,3.0,SOFT,6.0,False,71.397,17.159,32.229,22.009,7.0,1,,True,False,True,50.4,72.909,8.5,34.46711409395974,50.162416107382555,False
2026,Austria,R,HAM,44,Ferrari,30.0,3.0,SOFT,7.0,False,71.85,17.144,32.304,22.402,6.0,1,,True,False,True,52.2,73.416,8.5,34.46711409395974,50.162416107382555,False
2026,Austria,R,HAM,44,Ferrari,31.0,3.0,SOFT,8.0,False,71.704,17.401,32.172,22.131,6.0,1,,True,False,True,54.0,73.324,8.5,34.46711409395974,50.162416107382555,False
2026,Austria,R,HAM,44,Ferrari,32.0,3.0,SOFT,9.0,False,71.59,17.466,32.18,21.944,6.0,1,,True,False,True,55.800000000000004,73.26400000000001,8.5,34.46711409395974,50.162416107382555,False
2026,Austria,R,HAM,44,Ferrari,33.0,3.0,SOFT,10.0,False,71.749,17.412,32.266,22.071,6.0,1,,True,False,True,57.6,73.47699999999999,8.5,34.46711409395974,50.162416107382555,False
2026,Austria,R,HAM,44,Ferrari,34.0,3.0,SOFT,11.0,False,71.496,17.336,32.236,21.924,6.0,1,,True,False,True,59.4,73.27799999999999,8.5,34.46711409395974,50.162416107382555,False
2026,Austria,R,HAM,44,Ferrari,35.0,3.0,SOFT,12.0,False,71.727,17.285,32.421,22.021,6.0,1,,True,False,True,61.2,73.563,8.5,34.46711409395974,50.162416107382555,False
2026,Austria,R,HAM,44,Ferrari,36.0,3.0,SOFT,13.0,False,72.13,17.315,32.59,22.225,6.0,1,,True,False,True,63.0,74.02,8.5,34.46711409395974,50.162416107382555,False
2026,Austria,R,HAM,44,Ferrari,37.0,3.0,SOFT,14.0,False,72.552,17.288,32.866,22.398,5.0,1,,True,False,True,64.8,74.49600000000001,8.5,34.46711409395974,50.162416107382555,False
2026,Austria,R,HAM,44,Ferrari,38.0,3.0,SOFT,15.0,False,72.247,17.395,32.52,22.332,5.0,1,,True,False,True,66.60000000000001,74.245,8.5,34.46711409395974,50.162416107382555,False
2026,Austria,R,HAM,44,Ferrari,39.0,3.0,SOFT,16.0,False,72.506,17.278,32.725,22.503,5.0,1,,True,False,True,68.4,74.558,8.5,34.46711409395974,50.162416107382555,False
2026,Austria,R,HAM,44,Ferrari,40.0,3.0,SOFT,17.0,False,72.159,17.377,32.628,22.154,5.0,1,,True,False,True,70.2,74.265,8.5,34.46711409395974,50.162416107382555,False
2026,Austria,R,HAM,44,Ferrari,41.0,3.0,SOFT,18.0,False,72.183,17.395,32.435,22.353,5.0,1,,True,False,True,72.0,74.343,8.5,34.46711409395974,50.162416107382555,False
2026,Austria,R,HAM,44,Ferrari,42.0,3.0,SOFT,19.0,False,76.494,17.392,32.681,26.421,5.0,1,,False,True,True,73.8,78.708,8.5,34.46711409395974,50.162416107382555,False
2026,Austria,R,HAM,44,Ferrari,43.0,4.0,HARD,1.0,True,88.003,33.802,32.26,21.941,7.0,1,,False,True,True,75.60000000000001,90.271,8.5,34.46711409395974,50.162416107382555,False
2026,Austria,R,HAM,44,Ferrari,44.0,4.0,HARD,2.0,True,71.219,17.162,32.117,21.94,7.0,1,,True,False,True,77.4,73.541,8.5,34.46711409395974,50.162416107382555,False
2026,Austria,R,HAM,44,Ferrari,45.0,4.0,HARD,3.0,True,70.946,17.191,31.852,21.903,7.0,1,,True,False,True,79.2,73.322,8.5,34.46711409395974,50.162416107382555,False
2026,Austria,R,HAM,44,Ferrari,46.0,4.0,HARD,4.0,True,71.442,17.26,32.226,21.956,7.0,1,,True,False,True,81.0,73.87199999999999,8.5,34.46711409395974,50.162416107382555,False
2026,Austria,R,HAM,44,Ferrari,47.0,4.0,HARD,5.0,True,71.292,17.247,32.083,21.962,7.0,1,,True,False,True,82.8,73.776,8.5,34.46711409395974,50.162416107382555,False
2026,Austria,R,HAM,44,Ferrari,48.0,4.0,HARD,6.0,True,71.263,17.342,32.073,21.848,6.0,1,,True,False,True,84.60000000000001,73.801,8.5,34.46711409395974,50.162416107382555,False
2026,Austria,R,HAM,44,Ferrari,49.0,4.0,HARD,7.0,True,70.999,17.144,31.957,21.898,6.0,1,,True,False,True,86.4,73.591,8.5,34.46711409395974,50.162416107382555,False
2026,Austria,R,HAM,44,Ferrari,50.0,4.0,HARD,8.0,True,70.983,17.191,32.005,21.787,6.0,1,,True,False,True,88.2,73.629,8.5,34.46711409395974,50.162416107382555,False
2026,Austria,R,HAM,44,Ferrari,51.0,4.0,HARD,9.0,True,71.513,17.106,32.444,21.963,6.0,1,,True,False,True,90.0,74.21300000000001,8.5,34.46711409395974,50.162416107382555,False
2026,Austria,R,HAM,44,Ferrari,52.0,4.0,HARD,10.0,True,80.477,17.161,33.929,29.387,5.0,167,,False,False,False,91.8,83.23100000000001,8.5,34.46711409395974,50.162416107382555,False
2026,Austria,R,HAM,44,Ferrari,53.0,4.0,HARD,11.0,True,74.374,20.322,32.225,21.826999999999998,5.0,71,,False,False,False,93.60000000000001,77.182,8.5,34.46711409395974,50.162416107382555,False
2026,Austria,R,HAM,44,Ferrari,54.0,4.0,HARD,12.0,True,71.692,17.341,32.382,21.969,5.0,1,,True,False,True,95.4,74.55399999999999,8.5,34.46711409395974,50.162416107382555,False
2026,Austria,R,HAM,44,Ferrari,55.0,4.0,HARD,13.0,True,71.579,17.389,32.242,21.948,5.0,1,,True,False,True,97.2,74.49499999999999,8.5,34.46711409395974,50.162416107382555,False
2026,Austria,R,HAM,44,Ferrari,56.0,4.0,HARD,14.0,True,71.317,17.201,32.118,21.998,5.0,1,,True,False,True,99.0,74.28699999999999,8.5,34.46711409395974,50.162416107382555,False
2026,Austria,R,HAM,44,Ferrari,57.0,4.0,HARD,15.0,True,71.231,17.252,32.051,21.928,5.0,1,,True,False,True,100.8,74.255,8.5,34.46711409395974,50.162416107382555,False
2026,Austria,R,HAM,44,Ferrari,58.0,4.0,HARD,16.0,True,71.306,17.202,32.095,22.009,5.0,1,,True,False,True,102.60000000000001,74.384,8.5,34.46711409395974,50.162416107382555,False
2026,Austria,R,HAM,44,Ferrari,59.0,4.0,HARD,17.0,True,71.384,17.282,32.143,21.959,5.0,1,,True,False,True,104.4,74.516,8.5,34.46711409395974,50.162416107382555,False
2026,Austria,R,HAM,44,Ferrari,60.0,4.0,HARD,18.0,True,71.398,17.289,32.106,22.003,5.0,1,,True,False,True,106.2,74.584,8.5,34.46711409395974,50.162416107382555,False
2026,Austria,R,HAM,44,Ferrari,61.0,4.0,HARD,19.0,True,71.469,17.324,32.08,22.065,5.0,1,,True,False,True,108.0,74.70899999999999,8.5,34.46711409395974,50.162416107382555,False
2026,Austria,R,HAM,44,Ferrari,62.0,4.0,HARD,20.0,True,71.8,17.328,32.393,22.079,5.0,1,,True,False,True,109.8,75.094,8.5,34.46711409395974,50.162416107382555,False
2026,Austria,R,HAM,44,Ferrari,63.0,4.0,HARD,21.0,True,71.505,17.323,32.177,22.005,5.0,1,,True,False,True,111.60000000000001,74.853,8.5,34.46711409395974,50.162416107382555,False
2026,Austria,R,HAM,44,Ferrari,64.0,4.0,HARD,22.0,True,71.493,17.306,32.132,22.055,5.0,1,,True,False,True,113.4,74.895,8.5,34.46711409395974,50.162416107382555,False
2026,Austria,R,HAM,44,Ferrari,65.0,4.0,HARD,23.0,True,71.658,17.247,32.237,22.174,5.0,1,,True,False,True,115.2,75.114,8.5,34.46711409395974,50.162416107382555,False
2026,Austria,R,HAM,44,Ferrari,66.0,4.0,HARD,24.0,True,72.059,17.321,32.478,22.26,5.0,1,,True,False,True,117.0,75.569,8.5,34.46711409395974,50.162416107382555,False
2026,Austria,R,HAM,44,Ferrari,67.0,4.0,HARD,25.0,True,72.08,17.379,32.48,22.221,5.0,1,,True,False,True,118.8,75.64399999999999,8.5,34.46711409395974,50.162416107382555,False
2026,Austria,R,HAM,44,Ferrari,68.0,4.0,HARD,26.0,True,72.246,17.321,32.452,22.473,5.0,1,,True,False,True,120.60000000000001,75.86399999999999,8.5,34.46711409395974,50.162416107382555,False
2026,Austria,R,HAM,44,Ferrari,69.0,4.0,HARD,27.0,True,72.173,17.355,32.489,22.329,5.0,1,,True,False,True,122.4,75.845,8.5,34.46711409395974,50.162416107382555,False
2026,Austria,R,HAM,44,Ferrari,70.0,4.0,HARD,28.0,True,72.702,17.701,32.648,22.353,5.0,1,,True,False,True,124.2,76.428,8.5,34.46711409395974,50.162416107382555,False
2026,Austria,R,HAM,44,Ferrari,71.0,4.0,HARD,29.0,True,72.909,17.486,32.816,22.607,5.0,1,,True,False,True,126.0,76.68900000000001,8.5,34.46711409395974,50.162416107382555,False
2026,Austria,R,BOR,5,Audi,1.0,1.0,SOFT,1.0,True,80.223,,33.933,23.529,11.0,1,,False,False,True,0.0,80.223,8.5,34.46711409395974,50.162416107382555,False
2026,Austria,R,BOR,5,Audi,2.0,1.0,SOFT,2.0,True,74.516,17.98,33.507,23.029,12.0,1,,True,False,True,1.8,74.57000000000001,8.5,34.46711409395974,50.162416107382555,False
2026,Austria,R,BOR,5,Audi,3.0,1.0,SOFT,3.0,True,73.538,17.681,32.996,22.861,12.0,1,,True,False,True,3.6,73.646,8.5,34.46711409395974,50.162416107382555,False
2026,Austria,R,BOR,5,Audi,4.0,1.0,SOFT,4.0,True,74.13,17.748,33.369,23.013,12.0,1,,True,False,True,5.4,74.292,8.5,34.46711409395974,50.162416107382555,False
2026,Austria,R,BOR,5,Audi,5.0,1.0,SOFT,5.0,True,74.049,17.82,33.199,23.03,12.0,1,,True,False,True,7.2,74.265,8.5,34.46711409395974,50.162416107382555,False
2026,Austria,R,BOR,5,Audi,6.0,1.0,SOFT,6.0,True,73.725,17.762,32.982,22.981,12.0,1,,True,False,True,9.0,73.99499999999999,8.5,34.46711409395974,50.162416107382555,False
2026,Austria,R,BOR,5,Audi,7.0,1.0,SOFT,7.0,True,73.833,17.839,33.224,22.77,11.0,1,,True,False,True,10.8,74.157,8.5,34.46711409395974,50.162416107382555,False
2026,Austria,R,BOR,5,Audi,8.0,1.0,SOFT,8.0,True,73.96,17.91,32.931,23.119,11.0,1,,True,False,True,12.6,74.338,8.5,34.46711409395974,50.162416107382555,False
2026,Austria,R,BOR,5,Audi,9.0,1.0,SOFT,9.0,True,73.808,17.906,32.963,22.939,11.0,1,,True,False,True,14.4,74.24000000000001,8.5,34.46711409395974,50.162416107382555,False
2026,Austria,R,BOR,5,Audi,10.0,1.0,SOFT,10.0,True,73.956,17.926,32.933,23.097,11.0,1,,True,False,True,16.2,74.44200000000001,8.5,34.46711409395974,50.162416107382555,False
2026,Austria,R,BOR,5,Audi,11.0,1.0,SOFT,11.0,True,73.978,17.979,32.885,23.114,11.0,1,,True,False,True,18.0,74.518,8.5,34.46711409395974,50.162416107382555,False
2026,Austria,R,BOR,5,Audi,12.0,1.0,SOFT,12.0,True,73.764,17.856,32.894,23.014,11.0,1,,True,False,True,19.8,74.35799999999999,8.5,34.46711409395974,50.162416107382555,False
2026,Austria,R,BOR,5,Audi,13.0,1.0,SOFT,13.0,True,74.046,17.999,32.895,23.152,10.0,1,,True,False,True,21.6,74.694,8.5,34.46711409395974,50.162416107382555,False
2026,Austria,R,BOR,5,Audi,14.0,1.0,SOFT,14.0,True,74.714,18.135,33.462,23.117,10.0,1,,True,False,True,23.400000000000002,75.416,8.5,34.46711409395974,50.162416107382555,False
2026,Austria,R,BOR,5,Audi,15.0,1.0,SOFT,15.0,True,74.091,17.937,33.067,23.087,10.0,1,,True,False,True,25.2,74.847,8.5,34.46711409395974,50.162416107382555,False
2026,Austria,R,BOR,5,Audi,16.0,1.0,SOFT,16.0,True,74.072,17.973,33.068,23.031,10.0,1,,True,False,True,27.0,74.882,8.5,34.46711409395974,50.162416107382555,False
2026,Austria,R,BOR,5,Audi,17.0,1.0,SOFT,17.0,True,78.144,17.881,33.061,27.202,11.0,1,,False,True,True,28.8,79.00800000000001,8.5,34.46711409395974,50.162416107382555,False
2026,Austria,R,BOR,5,Audi,18.0,2.0,MEDIUM,1.0,True,90.698,35.656,32.712,22.33,15.0,1,,False,True,True,30.6,91.616,8.5,34.46711409395974,50.162416107382555,False
2026,Austria,R,BOR,5,Audi,19.0,2.0,MEDIUM,2.0,True,73.064,17.772,32.53,22.762,14.0,1,,True,False,True,32.4,74.03599999999999,8.5,34.46711409395974,50.162416107382555,False
2026,Austria,R,BOR,5,Audi,20.0,2.0,MEDIUM,3.0,True,72.538,17.521,32.658,22.359,13.0,1,,True,False,True,34.2,73.564,8.5,34.46711409395974,50.162416107382555,False
2026,Austria,R,BOR,5,Audi,21.0,2.0,MEDIUM,4.0,True,73.017,17.567,32.896,22.554,11.0,1,,True,False,True,36.0,74.097,8.5,34.46711409395974,50.162416107382555,False
2026,Austria,R,BOR,5,Audi,22.0,2.0,MEDIUM,5.0,True,72.981,17.807,32.484,22.69,11.0,1,,True,False,True,37.800000000000004,74.115,8.5,34.46711409395974,50.162416107382555,False
2026,Austria,R,BOR,5,Audi,23.0,2.0,MEDIUM,6.0,True,72.431,17.752,32.302,22.377,11.0,1,,True,False,True,39.6,73.619,8.5,34.46711409395974,50.162416107382555,False
2026,Austria,R,BOR,5,Audi,24.0,2.0,MEDIUM,7.0,True,81.475,17.771,32.441,31.263,11.0,126,,False,False,False,41.4,82.717,8.5,34.46711409395974,50.162416107382555,False
2026,Austria,R,BOR,5,Audi,25.0,2.0,MEDIUM,8.0,True,98.256,23.339,42.543,32.374,11.0,6,,False,False,False,43.2,99.552,8.5,34.46711409395974,50.162416107382555,False
2026,Austria,R,BOR,5,Audi,26.0,2.0,MEDIUM,9.0,True,82.075,21.649,37.77,22.656,11.0,671,,False,False,False,45.0,83.425,8.5,34.46711409395974,50.162416107382555,False
2026,Austria,R,BOR,5,Audi,27.0,2.0,MEDIUM,10.0,True,72.556,17.645,32.413,22.498,11.0,1,,True,False,True,46.800000000000004,73.96,8.5,34.46711409395974,50.162416107382555,False
2026,Austria,R,BOR,5,Audi,28.0,2.0,MEDIUM,11.0,True,72.458,17.596,32.456,22.406,11.0,1,,True,False,True,48.6,73.916,8.5,34.46711409395974,50.162416107382555,False
2026,Austria,R,BOR,5,Audi,29.0,2.0,MEDIUM,12.0,True,72.496,17.598,32.412,22.486,11.0,1,,True,False,True,50.4,74.008,8.5,34.46711409395974,50.162416107382555,False
2026,Austria,R,BOR,5,Audi,30.0,2.0,MEDIUM,13.0,True,72.771,17.745,32.478,22.548000000000002,11.0,1,,True,False,True,52.2,74.337,8.5,34.46711409395974,50.162416107382555,False
2026,Austria,R,BOR,5,Audi,31.0,2.0,MEDIUM,14.0,True,72.88,17.758,32.604,22.518,11.0,1,,True,False,True,54.0,74.5,8.5,34.46711409395974,50.162416107382555,False
2026,Austria,R,BOR,5,Audi,32.0,2.0,MEDIUM,15.0,True,72.898,17.716,32.557,22.625,11.0,1,,True,False,True,55.800000000000004,74.572,8.5,34.46711409395974,50.162416107382555,False
2026,Austria,R,BOR,5,Audi,33.0,2.0,MEDIUM,16.0,True,73.034,17.757,32.776,22.501,11.0,1,,True,False,True,57.6,74.762,8.5,34.46711409395974,50.162416107382555,False
2026,Austria,R,BOR,5,Audi,34.0,2.0,MEDIUM,17.0,True,73.192,17.75,32.828,22.614,11.0,1,,True,False,True,59.4,74.97399999999999,8.5,34.46711409395974,50.162416107382555,False
2026,Austria,R,BOR,5,Audi,35.0,2.0,MEDIUM,18.0,True,73.366,17.758,32.843,22.765,11.0,1,,True,False,True,61.2,75.202,8.5,34.46711409395974,50.162416107382555,False
2026,Austria,R,BOR,5,Audi,36.0,2.0,MEDIUM,19.0,True,73.252,17.801,32.788,22.663,11.0,1,,True,False,True,63.0,75.142,8.5,34.46711409395974,50.162416107382555,False
2026,Austria,R,BOR,5,Audi,37.0,2.0,MEDIUM,20.0,True,73.535,17.912,32.912,22.711,11.0,1,,True,False,True,64.8,75.479,8.5,34.46711409395974,50.162416107382555,False
2026,Austria,R,BOR,5,Audi,38.0,2.0,MEDIUM,21.0,True,73.537,17.884,32.945,22.708,11.0,1,,True,False,True,66.60000000000001,75.53500000000001,8.5,34.46711409395974,50.162416107382555,False
2026,Austria,R,BOR,5,Audi,39.0,2.0,MEDIUM,22.0,True,73.355,17.826,32.782,22.747,11.0,1,,True,False,True,68.4,75.40700000000001,8.5,34.46711409395974,50.162416107382555,False
2026,Austria,R,BOR,5,Audi,40.0,2.0,MEDIUM,23.0,True,73.826,17.707,33.152,22.967,11.0,1,,True,False,True,70.2,75.93199999999999,8.5,34.46711409395974,50.162416107382555,False
2026,Austria,R,BOR,5,Audi,41.0,2.0,MEDIUM,24.0,True,73.73,17.658,33.256,22.816,11.0,1,,True,False,True,72.0,75.89,8.5,34.46711409395974,50.162416107382555,False
2026,Austria,R,BOR,5,Audi,42.0,2.0,MEDIUM,25.0,True,74.21,17.758,33.666,22.786,11.0,1,,True,False,True,73.8,76.42399999999999,8.5,34.46711409395974,50.162416107382555,False
2026,Austria,R,BOR,5,Audi,43.0,2.0,MEDIUM,26.0,True,74.387,17.917,33.414,23.056,11.0,1,,True,False,True,75.60000000000001,76.655,8.5,34.46711409395974,50.162416107382555,False
2026,Austria,R,BOR,5,Audi,44.0,2.0,MEDIUM,27.0,True,78.407,17.916,33.304,27.187,11.0,1,,False,True,True,77.4,80.729,8.5,34.46711409395974,50.162416107382555,False
2026,Austria,R,BOR,5,Audi,45.0,3.0,HARD,1.0,True,89.12,34.599,32.464,22.057,12.0,1,,False,True,True,79.2,91.49600000000001,8.5,34.46711409395974,50.162416107382555,False
2026,Austria,R,BOR,5,Audi,46.0,3.0,HARD,2.0,True,72.136,17.555,32.325,22.256,11.0,1,,True,False,True,81.0,74.566,8.5,34.46711409395974,50.162416107382555,False
2026,Austria,R,BOR,5,Audi,47.0,3.0,HARD,3.0,True,72.131,17.569,32.204,22.358,11.0,1,,True,False,True,82.8,74.615,8.5,34.46711409395974,50.162416107382555,False
2026,Austria,R,BOR,5,Audi,48.0,3.0,HARD,4.0,True,72.313,17.661,32.343,22.309,11.0,1,,True,False,True,84.60000000000001,74.851,8.5,34.46711409395974,50.162416107382555,False
2026,Austria,R,BOR,5,Audi,49.0,3.0,HARD,5.0,True,72.125,17.562,32.274,22.289,11.0,1,,True,False,True,86.4,74.717,8.5,34.46711409395974,50.162416107382555,False
2026,Austria,R,BOR,5,Audi,50.0,3.0,HARD,6.0,True,73.446,18.015,33.113,22.318,11.0,1,,True,False,True,88.2,76.092,8.5,34.46711409395974,50.162416107382555,False
2026,Austria,R,BOR,5,Audi,51.0,3.0,HARD,7.0,True,77.129,17.601,32.458,27.07,11.0,16,,False,False,False,90.0,79.82900000000001,8.5,34.46711409395974,50.162416107382555,False
2026,Austria,R,BOR,5,Audi,52.0,3.0,HARD,8.0,True,79.903,22.888,34.597,22.418,11.0,671,,False,False,False,91.8,82.65700000000001,8.5,34.46711409395974,50.162416107382555,False
2026,Austria,R,BOR,5,Audi,53.0,3.0,HARD,9.0,True,72.1,17.56,32.171,22.369,11.0,1,,True,False,True,93.60000000000001,74.908,8.5,34.46711409395974,50.162416107382555,False
2026,Austria,R,BOR,5,Audi,54.0,3.0,HARD,10.0,True,72.171,17.6,32.269,22.302,11.0,1,,True,False,True,95.4,75.033,8.5,34.46711409395974,50.162416107382555,False
2026,Austria,R,BOR,5,Audi,55.0,3.0,HARD,11.0,True,72.229,17.631,32.379,22.219,11.0,1,,True,False,True,97.2,75.145,8.5,34.46711409395974,50.162416107382555,False
2026,Austria,R,BOR,5,Audi,56.0,3.0,HARD,12.0,True,73.56,17.658,33.653,22.249,11.0,1,,True,False,True,99.0,76.53,8.5,34.46711409395974,50.162416107382555,False
2026,Austria,R,BOR,5,Audi,57.0,3.0,HARD,13.0,True,72.132,17.531,32.379,22.222,11.0,1,,True,False,True,100.8,75.156,8.5,34.46711409395974,50.162416107382555,False
2026,Austria,R,BOR,5,Audi,58.0,3.0,HARD,14.0,True,73.493,17.619,33.517,22.357,11.0,1,,True,False,True,102.60000000000001,76.571,8.5,34.46711409395974,50.162416107382555,False
2026,Austria,R,BOR,5,Audi,59.0,3.0,HARD,15.0,True,71.866,17.468,32.249,22.149,11.0,1,,True,False,True,104.4,74.998,8.5,34.46711409395974,50.162416107382555,False
2026,Austria,R,BOR,5,Audi,60.0,3.0,HARD,16.0,True,71.897,17.461,32.264,22.172,11.0,1,,True,False,True,106.2,75.083,8.5,34.46711409395974,50.162416107382555,False
2026,Austria,R,BOR,5,Audi,61.0,3.0,HARD,17.0,True,72.314,17.567,32.409,22.338,11.0,1,,True,False,True,108.0,75.55399999999999,8.5,34.46711409395974,50.162416107382555,False
2026,Austria,R,BOR,5,Audi,62.0,3.0,HARD,18.0,True,72.451,17.64,32.509,22.302,11.0,1,,True,False,True,109.8,75.74499999999999,8.5,34.46711409395974,50.162416107382555,False
2026,Austria,R,BOR,5,Audi,63.0,3.0,HARD,19.0,True,74.277,17.639,34.169,22.469,11.0,1,,True,False,True,111.60000000000001,77.625,8.5,34.46711409395974,50.162416107382555,False
2026,Austria,R,BOR,5,Audi,64.0,3.0,HARD,20.0,True,72.393,17.486,32.427,22.48,11.0,1,,True,False,True,113.4,75.795,8.5,34.46711409395974,50.162416107382555,False
2026,Austria,R,BOR,5,Audi,65.0,3.0,HARD,21.0,True,72.488,17.559,32.503,22.426,11.0,1,,True,False,True,115.2,75.944,8.5,34.46711409395974,50.162416107382555,False
2026,Austria,R,BOR,5,Audi,66.0,3.0,HARD,22.0,True,72.929,17.602,32.723,22.604,11.0,1,,True,False,True,117.0,76.43900000000001,8.5,34.46711409395974,50.162416107382555,False
2026,Austria,R,BOR,5,Audi,67.0,3.0,HARD,23.0,True,74.258,18.244,33.381,22.633,11.0,1,,True,False,True,118.8,77.82199999999999,8.5,34.46711409395974,50.162416107382555,False
2026,Austria,R,BOR,5,Audi,68.0,3.0,HARD,24.0,True,72.818,17.56,32.76,22.498,11.0,1,,True,False,True,120.60000000000001,76.43599999999999,8.5,34.46711409395974,50.162416107382555,False
2026,Austria,R,BOR,5,Audi,69.0,3.0,HARD,25.0,True,72.816,17.594,32.737,22.485,11.0,1,,True,False,True,122.4,76.488,8.5,34.46711409395974,50.162416107382555,False
2026,Austria,R,BOR,5,Audi,70.0,3.0,HARD,26.0,True,74.827,17.649,34.445,22.733,11.0,1,,True,False,True,124.2,78.553,8.5,34.46711409395974,50.162416107382555,False
2026,Austria,R,SAI,55,Williams,1.0,1.0,SOFT,1.0,True,82.045,,34.518,23.647,16.0,1,,False,False,True,0.0,82.045,8.5,34.46711409395974,50.162416107382555,False
2026,Austria,R,SAI,55,Williams,2.0,1.0,SOFT,2.0,True,74.69,17.771,33.776,23.143,16.0,1,,True,False,True,1.8,74.744,8.5,34.46711409395974,50.162416107382555,False
2026,Austria,R,SAI,55,Williams,3.0,1.0,SOFT,3.0,True,74.166,17.579,33.389,23.198,16.0,1,,True,False,True,3.6,74.274,8.5,34.46711409395974,50.162416107382555,False
2026,Austria,R,SAI,55,Williams,4.0,1.0,SOFT,4.0,True,74.249,17.638,33.324,23.287,16.0,1,,True,False,True,5.4,74.411,8.5,34.46711409395974,50.162416107382555,False
2026,Austria,R,SAI,55,Williams,5.0,1.0,SOFT,5.0,True,74.144,17.842,33.02,23.282,16.0,1,,True,False,True,7.2,74.36,8.5,34.46711409395974,50.162416107382555,False
2026,Austria,R,SAI,55,Williams,6.0,1.0,SOFT,6.0,True,74.257,17.789,33.062,23.406,16.0,1,,True,False,True,9.0,74.527,8.5,34.46711409395974,50.162416107382555,False
2026,Austria,R,SAI,55,Williams,7.0,1.0,SOFT,7.0,True,74.62,17.767,33.239,23.614,16.0,1,,True,False,True,10.8,74.944,8.5,34.46711409395974,50.162416107382555,False
2026,Austria,R,SAI,55,Williams,8.0,1.0,SOFT,8.0,True,74.621,17.801,33.399,23.421,16.0,1,,True,False,True,12.6,74.999,8.5,34.46711409395974,50.162416107382555,False
2026,Austria,R,SAI,55,Williams,9.0,1.0,SOFT,9.0,True,74.899,17.825,33.553,23.521,16.0,1,,True,False,True,14.4,75.331,8.5,34.46711409395974,50.162416107382555,False
2026,Austria,R,SAI,55,Williams,10.0,1.0,SOFT,10.0,True,75.616,17.819,33.767,24.03,16.0,1,,True,False,True,16.2,76.102,8.5,34.46711409395974,50.162416107382555,False
2026,Austria,R,SAI,55,Williams,11.0,1.0,SOFT,11.0,True,75.455,17.911,33.597,23.947,16.0,1,,True,False,True,18.0,75.995,8.5,34.46711409395974,50.162416107382555,False
2026,Austria,R,SAI,55,Williams,12.0,1.0,SOFT,12.0,True,75.338,17.987,33.627,23.724,16.0,1,,True,False,True,19.8,75.93199999999999,8.5,34.46711409395974,50.162416107382555,False
2026,Austria,R,SAI,55,Williams,13.0,1.0,SOFT,13.0,True,75.069,17.978,33.366,23.725,15.0,1,,True,False,True,21.6,75.717,8.5,34.46711409395974,50.162416107382555,False
2026,Austria,R,SAI,55,Williams,14.0,1.0,SOFT,14.0,True,78.818,17.803,33.603,27.412,16.0,1,,False,True,True,23.400000000000002,79.52,8.5,34.46711409395974,50.162416107382555,False
2026,Austria,R,SAI,55,Williams,15.0,2.0,MEDIUM,1.0,True,91.666,34.342,34.212,23.112,20.0,1,,False,True,True,25.2,92.422,8.5,34.46711409395974,50.162416107382555,False
2026,Austria,R,SAI,55,Williams,16.0,2.0,MEDIUM,2.0,True,74.303,18.003,33.129,23.171,20.0,1,,True,False,True,27.0,75.113,8.5,34.46711409395974,50.162416107382555,False
2026,Austria,R,SAI,55,Williams,17.0,2.0,MEDIUM,3.0,True,74.143,17.909,32.971,23.263,20.0,1,,True,False,True,28.8,75.007,8.5,34.46711409395974,50.162416107382555,False
2026,Austria,R,SAI,55,Williams,18.0,2.0,MEDIUM,4.0,True,73.865,17.832,32.984,23.049,20.0,1,,True,False,True,30.6,74.783,8.5,34.46711409395974,50.162416107382555,False
2026,Austria,R,SAI,55,Williams,19.0,2.0,MEDIUM,5.0,True,73.878,17.79,32.924,23.164,17.0,1,,True,False,True,32.4,74.85,8.5,34.46711409395974,50.162416107382555,False
2026,Austria,R,SAI,55,Williams,20.0,2.0,MEDIUM,6.0,True,73.759,17.757,32.957,23.045,16.0,1,,True,False,True,34.2,74.785,8.5,34.46711409395974,50.162416107382555,False
2026,Austria,R,SAI,55,Williams,21.0,2.0,MEDIUM,7.0,True,73.799,17.863,32.909,23.027,15.0,1,,True,False,True,36.0,74.879,8.5,34.46711409395974,50.162416107382555,False
2026,Austria,R,SAI,55,Williams,22.0,2.0,MEDIUM,8.0,True,73.694,17.809,32.907,22.978,14.0,1,,True,False,True,37.800000000000004,74.828,8.5,34.46711409395974,50.162416107382555,False
2026,Austria,R,SAI,55,Williams,23.0,2.0,MEDIUM,9.0,True,76.44,17.829,33.002,25.609,15.0,1,,True,False,True,39.6,77.628,8.5,34.46711409395974,50.162416107382555,False
2026,Austria,R,SAI,55,Williams,24.0,2.0,MEDIUM,10.0,True,,,,,,126,,False,False,False,41.4,,8.5,34.46711409395974,50.162416107382555,False
2026,Austria,R,HAD,6,Red Bull Racing,1.0,1.0,MEDIUM,1.0,True,79.548,,34.261,23.335,9.0,1,,False,False,True,0.0,79.548,8.5,34.46711409395974,50.162416107382555,False
2026,Austria,R,HAD,6,Red Bull Racing,2.0,1.0,MEDIUM,2.0,True,73.413,17.674,32.934,22.805,9.0,1,,True,False,True,1.8,73.467,8.5,34.46711409395974,50.162416107382555,False
2026,Austria,R,HAD,6,Red Bull Racing,3.0,1.0,MEDIUM,3.0,True,73.499,17.381,33.208,22.91,9.0,1,,True,False,True,3.6,73.607,8.5,34.46711409395974,50.162416107382555,False
2026,Austria,R,HAD,6,Red Bull Racing,4.0,1.0,MEDIUM,4.0,True,73.029,17.364,33.295,22.37,8.0,1,,True,False,True,5.4,73.191,8.5,34.46711409395974,50.162416107382555,False
2026,Austria,R,HAD,6,Red Bull Racing,5.0,1.0,MEDIUM,5.0,True,72.593,17.32,32.867,22.406,8.0,1,,True,False,True,7.2,72.809,8.5,34.46711409395974,50.162416107382555,False
2026,Austria,R,HAD,6,Red Bull Racing,6.0,1.0,MEDIUM,6.0,True,72.357,17.368,32.551,22.438,8.0,1,,True,False,True,9.0,72.627,8.5,34.46711409395974,50.162416107382555,False
2026,Austria,R,HAD,6,Red Bull Racing,7.0,1.0,MEDIUM,7.0,True,72.706,17.37,32.869,22.467,8.0,1,,True,False,True,10.8,73.03,8.5,34.46711409395974,50.162416107382555,False
2026,Austria,R,HAD,6,Red Bull Racing,8.0,1.0,MEDIUM,8.0,True,72.917,17.483,32.769,22.665,8.0,1,,True,False,True,12.6,73.295,8.5,34.46711409395974,50.162416107382555,False
2026,Austria,R,HAD,6,Red Bull Racing,9.0,1.0,MEDIUM,9.0,True,72.857,17.409,32.788,22.66,8.0,1,,True,False,True,14.4,73.289,8.5,34.46711409395974,50.162416107382555,False
2026,Austria,R,HAD,6,Red Bull Racing,10.0,1.0,MEDIUM,10.0,True,73.262,17.408,33.07,22.784,8.0,1,,True,False,True,16.2,73.748,8.5,34.46711409395974,50.162416107382555,False
2026,Austria,R,HAD,6,Red Bull Racing,11.0,1.0,MEDIUM,11.0,True,73.449,17.514,33.046,22.889,8.0,1,,True,False,True,18.0,73.989,8.5,34.46711409395974,50.162416107382555,False
2026,Austria,R,HAD,6,Red Bull Racing,12.0,1.0,MEDIUM,12.0,True,73.467,17.565,33.049,22.853,8.0,1,,True,False,True,19.8,74.06099999999999,8.5,34.46711409395974,50.162416107382555,False
2026,Austria,R,HAD,6,Red Bull Racing,13.0,1.0,MEDIUM,13.0,True,73.556,17.699,33.023,22.834,6.0,1,,True,False,True,21.6,74.204,8.5,34.46711409395974,50.162416107382555,False
2026,Austria,R,HAD,6,Red Bull Racing,14.0,1.0,MEDIUM,14.0,True,73.885,17.831,33.056,22.998,6.0,1,,True,False,True,23.400000000000002,74.587,8.5,34.46711409395974,50.162416107382555,False
2026,Austria,R,HAD,6,Red Bull Racing,15.0,1.0,MEDIUM,15.0,True,73.518,17.74,32.899,22.879,6.0,1,,True,False,True,25.2,74.274,8.5,34.46711409395974,50.162416107382555,False
2026,Austria,R,HAD,6,Red Bull Racing,16.0,1.0,MEDIUM,16.0,True,73.745,17.823,33.079,22.843,6.0,1,,True,False,True,27.0,74.555,8.5,34.46711409395974,50.162416107382555,False
2026,Austria,R,HAD,6,Red Bull Racing,17.0,1.0,MEDIUM,17.0,True,73.478,17.72,33.023,22.735,6.0,1,,True,False,True,28.8,74.342,8.5,34.46711409395974,50.162416107382555,False
2026,Austria,R,HAD,6,Red Bull Racing,18.0,1.0,MEDIUM,18.0,True,76.939,17.728,32.903,26.308,6.0,1,,False,True,True,30.6,77.857,8.5,34.46711409395974,50.162416107382555,False
2026,Austria,R,HAD,6,Red Bull Racing,19.0,2.0,MEDIUM,1.0,True,89.177,34.672,32.433,22.072,9.0,1,,False,True,True,32.4,90.149,8.5,34.46711409395974,50.162416107382555,False
2026,Austria,R,HAD,6,Red Bull Racing,20.0,2.0,MEDIUM,2.0,True,71.839,17.369,32.266,22.204,8.0,1,,True,False,True,34.2,72.865,8.5,34.46711409395974,50.162416107382555,False
2026,Austria,R,HAD,6,Red Bull Racing,21.0,2.0,MEDIUM,3.0,True,71.268,17.189,32.007,22.072,8.0,1,,True,False,True,36.0,72.348,8.5,34.46711409395974,50.162416107382555,False
2026,Austria,R,HAD,6,Red Bull Racing,22.0,2.0,MEDIUM,4.0,True,71.798,17.31,32.345,22.143,7.0,1,,True,False,True,37.800000000000004,72.932,8.5,34.46711409395974,50.162416107382555,False
2026,Austria,R,HAD,6,Red Bull Racing,23.0,2.0,MEDIUM,5.0,True,71.527,17.215,32.234,22.078,7.0,1,,True,False,True,39.6,72.715,8.5,34.46711409395974,50.162416107382555,False
2026,Austria,R,HAD,6,Red Bull Racing,24.0,2.0,MEDIUM,6.0,True,72.139,17.291,32.253,22.595,7.0,126,,False,False,False,41.4,73.381,8.5,34.46711409395974,50.162416107382555,False
2026,Austria,R,HAD,6,Red Bull Racing,25.0,2.0,MEDIUM,7.0,True,100.46,26.568,42.41,31.482,7.0,6,,False,False,False,43.2,101.756,8.5,34.46711409395974,50.162416107382555,False
2026,Austria,R,HAD,6,Red Bull Racing,26.0,2.0,MEDIUM,8.0,True,87.592,22.406,42.014,23.172,6.0,671,,False,False,False,45.0,88.942,8.5,34.46711409395974,50.162416107382555,False
2026,Austria,R,HAD,6,Red Bull Racing,27.0,2.0,MEDIUM,9.0,True,71.621,17.251,32.113,22.257,6.0,1,,True,False,True,46.800000000000004,73.02499999999999,8.5,34.46711409395974,50.162416107382555,False
2026,Austria,R,HAD,6,Red Bull Racing,28.0,2.0,MEDIUM,10.0,True,71.801,17.507,32.338,21.956,6.0,1,,True,False,True,48.6,73.259,8.5,34.46711409395974,50.162416107382555,False
2026,Austria,R,HAD,6,Red Bull Racing,29.0,2.0,MEDIUM,11.0,True,71.664,17.344,32.297,22.023,6.0,1,,True,False,True,50.4,73.176,8.5,34.46711409395974,50.162416107382555,False
2026,Austria,R,HAD,6,Red Bull Racing,30.0,2.0,MEDIUM,12.0,True,72.824,17.331,32.793,22.7,7.0,1,,True,False,True,52.2,74.39,8.5,34.46711409395974,50.162416107382555,False
2026,Austria,R,HAD,6,Red Bull Racing,31.0,2.0,MEDIUM,13.0,True,72.244,17.303,32.533,22.408,7.0,1,,True,False,True,54.0,73.864,8.5,34.46711409395974,50.162416107382555,False
2026,Austria,R,HAD,6,Red Bull Racing,32.0,2.0,MEDIUM,14.0,True,72.187,17.481,32.561,22.145,7.0,1,,True,False,True,55.800000000000004,73.861,8.5,34.46711409395974,50.162416107382555,False
2026,Austria,R,HAD,6,Red Bull Racing,33.0,2.0,MEDIUM,15.0,True,72.202,17.533,32.441,22.228,7.0,1,,True,False,True,57.6,73.92999999999999,8.5,34.46711409395974,50.162416107382555,False
2026,Austria,R,HAD,6,Red Bull Racing,34.0,2.0,MEDIUM,16.0,True,72.337,17.49,32.602,22.245,7.0,1,,True,False,True,59.4,74.119,8.5,34.46711409395974,50.162416107382555,False
2026,Austria,R,HAD,6,Red Bull Racing,35.0,2.0,MEDIUM,17.0,True,72.292,17.516,32.638,22.138,7.0,1,,True,False,True,61.2,74.128,8.5,34.46711409395974,50.162416107382555,False
2026,Austria,R,HAD,6,Red Bull Racing,36.0,2.0,MEDIUM,18.0,True,72.562,17.539,32.678,22.345,7.0,1,,True,False,True,63.0,74.452,8.5,34.46711409395974,50.162416107382555,False
2026,Austria,R,HAD,6,Red Bull Racing,37.0,2.0,MEDIUM,19.0,True,72.699,17.594,32.73,22.375,6.0,1,,True,False,True,64.8,74.643,8.5,34.46711409395974,50.162416107382555,False
2026,Austria,R,HAD,6,Red Bull Racing,38.0,2.0,MEDIUM,20.0,True,72.228,17.534,32.533,22.161,6.0,1,,True,False,True,66.60000000000001,74.226,8.5,34.46711409395974,50.162416107382555,False
2026,Austria,R,HAD,6,Red Bull Racing,39.0,2.0,MEDIUM,21.0,True,72.443,17.576999999999998,32.673,22.193,6.0,1,,True,False,True,68.4,74.495,8.5,34.46711409395974,50.162416107382555,False
2026,Austria,R,HAD,6,Red Bull Racing,40.0,2.0,MEDIUM,22.0,True,75.797,17.49,32.615,25.692,7.0,1,,False,True,True,70.2,77.90299999999999,8.5,34.46711409395974,50.162416107382555,False
2026,Austria,R,HAD,6,Red Bull Racing,41.0,3.0,HARD,1.0,True,87.758,33.745,32.205,21.808,8.0,1,,False,True,True,72.0,89.91799999999999,8.5,34.46711409395974,50.162416107382555,False
2026,Austria,R,HAD,6,Red Bull Racing,42.0,3.0,HARD,2.0,True,70.947,17.278,31.951,21.718,8.0,1,,True,False,True,73.8,73.161,8.5,34.46711409395974,50.162416107382555,False
2026,Austria,R,HAD,6,Red Bull Racing,43.0,3.0,HARD,3.0,True,71.227,17.113,32.114,22.0,8.0,1,,True,False,True,75.60000000000001,73.495,8.5,34.46711409395974,50.162416107382555,False
2026,Austria,R,HAD,6,Red Bull Racing,44.0,3.0,HARD,4.0,True,72.197,16.945,32.819,22.433,8.0,1,,True,False,True,77.4,74.519,8.5,34.46711409395974,50.162416107382555,False
2026,Austria,R,HAD,6,Red Bull Racing,45.0,3.0,HARD,5.0,True,71.002,17.187,31.92,21.895,8.0,1,,True,False,True,79.2,73.378,8.5,34.46711409395974,50.162416107382555,False
2026,Austria,R,HAD,6,Red Bull Racing,46.0,3.0,HARD,6.0,True,71.295,17.163,32.158,21.974,8.0,1,,True,False,True,81.0,73.725,8.5,34.46711409395974,50.162416107382555,False
2026,Austria,R,HAD,6,Red Bull Racing,47.0,3.0,HARD,7.0,True,71.498,17.238,32.25,22.01,8.0,1,,True,False,True,82.8,73.982,8.5,34.46711409395974,50.162416107382555,False
2026,Austria,R,HAD,6,Red Bull Racing,48.0,3.0,HARD,8.0,True,71.364,17.324,32.144,21.896,7.0,1,,True,False,True,84.60000000000001,73.902,8.5,34.46711409395974,50.162416107382555,False
2026,Austria,R,HAD,6,Red Bull Racing,49.0,3.0,HARD,9.0,True,71.383,17.254,32.113,22.016,7.0,1,,True,False,True,86.4,73.975,8.5,34.46711409395974,50.162416107382555,False
2026,Austria,R,HAD,6,Red Bull Racing,50.0,3.0,HARD,10.0,True,71.663,17.274,32.527,21.862,7.0,1,,True,False,True,88.2,74.309,8.5,34.46711409395974,50.162416107382555,False
2026,Austria,R,HAD,6,Red Bull Racing,51.0,3.0,HARD,11.0,True,71.462,17.287,32.284,21.891,7.0,1,,True,False,True,90.0,74.162,8.5,34.46711409395974,50.162416107382555,False
2026,Austria,R,HAD,6,Red Bull Racing,52.0,3.0,HARD,12.0,True,81.799,17.388,35.104,29.307,7.0,167,,False,False,False,91.8,84.55300000000001,8.5,34.46711409395974,50.162416107382555,False
2026,Austria,R,HAD,6,Red Bull Racing,53.0,3.0,HARD,13.0,True,73.021,18.701,32.27,22.05,7.0,71,,False,False,False,93.60000000000001,75.82900000000001,8.5,34.46711409395974,50.162416107382555,False
2026,Austria,R,HAD,6,Red Bull Racing,54.0,3.0,HARD,14.0,True,71.285,17.27,32.038,21.977,7.0,1,,True,False,True,95.4,74.14699999999999,8.5,34.46711409395974,50.162416107382555,False
2026,Austria,R,HAD,6,Red Bull Racing,55.0,3.0,HARD,15.0,True,71.464,17.19,32.236,22.038,7.0,1,,True,False,True,97.2,74.38,8.5,34.46711409395974,50.162416107382555,False
2026,Austria,R,HAD,6,Red Bull Racing,56.0,3.0,HARD,16.0,True,72.413,17.106,33.353,21.954,6.0,1,,True,False,True,99.0,75.383,8.5,34.46711409395974,50.162416107382555,False
2026,Austria,R,HAD,6,Red Bull Racing,57.0,3.0,HARD,17.0,True,71.518,17.366,32.258,21.894,6.0,1,,True,False,True,100.8,74.542,8.5,34.46711409395974,50.162416107382555,False
2026,Austria,R,HAD,6,Red Bull Racing,58.0,3.0,HARD,18.0,True,71.647,17.384,32.346,21.917,6.0,1,,True,False,True,102.60000000000001,74.72500000000001,8.5,34.46711409395974,50.162416107382555,False
2026,Austria,R,HAD,6,Red Bull Racing,59.0,3.0,HARD,19.0,True,71.559,17.347,32.311,21.901,6.0,1,,True,False,True,104.4,74.691,8.5,34.46711409395974,50.162416107382555,False
2026,Austria,R,HAD,6,Red Bull Racing,60.0,3.0,HARD,20.0,True,71.567,17.253,32.274,22.04,6.0,1,,True,False,True,106.2,74.75299999999999,8.5,34.46711409395974,50.162416107382555,False
2026,Austria,R,HAD,6,Red Bull Racing,61.0,3.0,HARD,21.0,True,71.835,17.334,32.407,22.094,6.0,1,,True,False,True,108.0,75.07499999999999,8.5,34.46711409395974,50.162416107382555,False
2026,Austria,R,HAD,6,Red Bull Racing,62.0,3.0,HARD,22.0,True,71.455,17.281,32.256,21.918,6.0,1,,True,False,True,109.8,74.749,8.5,34.46711409395974,50.162416107382555,False
2026,Austria,R,HAD,6,Red Bull Racing,63.0,3.0,HARD,23.0,True,71.492,17.276,32.287,21.929,6.0,1,,True,False,True,111.60000000000001,74.84,8.5,34.46711409395974,50.162416107382555,False
2026,Austria,R,HAD,6,Red Bull Racing,64.0,3.0,HARD,24.0,True,71.641,17.455,32.244,21.942,6.0,1,,True,False,True,113.4,75.043,8.5,34.46711409395974,50.162416107382555,False
2026,Austria,R,HAD,6,Red Bull Racing,65.0,3.0,HARD,25.0,True,71.799,17.363,32.46,21.976,6.0,1,,True,False,True,115.2,75.25500000000001,8.5,34.46711409395974,50.162416107382555,False
2026,Austria,R,HAD,6,Red Bull Racing,66.0,3.0,HARD,26.0,True,71.728,17.401,32.305,22.022,6.0,1,,True,False,True,117.0,75.238,8.5,34.46711409395974,50.162416107382555,False
2026,Austria,R,HAD,6,Red Bull Racing,67.0,3.0,HARD,27.0,True,71.861,17.365,32.477,22.019,6.0,1,,True,False,True,118.8,75.425,8.5,34.46711409395974,50.162416107382555,False
2026,Austria,R,HAD,6,Red Bull Racing,68.0,3.0,HARD,28.0,True,71.91,17.434,32.456,22.02,6.0,1,,True,False,True,120.60000000000001,75.52799999999999,8.5,34.46711409395974,50.162416107382555,False
2026,Austria,R,HAD,6,Red Bull Racing,69.0,3.0,HARD,29.0,True,71.647,17.323,32.349,21.975,6.0,1,,True,False,True,122.4,75.319,8.5,34.46711409395974,50.162416107382555,False
2026,Austria,R,HAD,6,Red Bull Racing,70.0,3.0,HARD,30.0,True,72.384,17.331,32.811,22.242,6.0,1,,True,False,True,124.2,76.11,8.5,34.46711409395974,50.162416107382555,False
2026,Austria,R,HAD,6,Red Bull Racing,71.0,3.0,HARD,31.0,True,72.638,17.427,32.689,22.522,6.0,1,,True,False,True,126.0,76.418,8.5,34.46711409395974,50.162416107382555,False
2026,Austria,R,RUS,63,Mercedes,1.0,1.0,MEDIUM,1.0,True,75.002,,32.703,21.861,1.0,1,,False,False,True,0.0,75.002,8.5,34.46711409395974,50.162416107382555,False
2026,Austria,R,RUS,63,Mercedes,2.0,1.0,MEDIUM,2.0,True,72.037,17.679,32.556,21.802,1.0,1,,True,False,True,1.8,72.09100000000001,8.5,34.46711409395974,50.162416107382555,False
2026,Austria,R,RUS,63,Mercedes,3.0,1.0,MEDIUM,3.0,True,71.818,17.546,32.419,21.853,1.0,1,,True,False,True,3.6,71.926,8.5,34.46711409395974,50.162416107382555,False
2026,Austria,R,RUS,63,Mercedes,4.0,1.0,MEDIUM,4.0,True,71.779,17.512,32.282,21.985,1.0,1,,True,False,True,5.4,71.941,8.5,34.46711409395974,50.162416107382555,False
2026,Austria,R,RUS,63,Mercedes,5.0,1.0,MEDIUM,5.0,True,71.686,17.524,32.303,21.859,1.0,1,,True,False,True,7.2,71.902,8.5,34.46711409395974,50.162416107382555,False
2026,Austria,R,RUS,63,Mercedes,6.0,1.0,MEDIUM,6.0,True,71.947,17.528,32.387,22.032,1.0,1,,True,False,True,9.0,72.217,8.5,34.46711409395974,50.162416107382555,False
2026,Austria,R,RUS,63,Mercedes,7.0,1.0,MEDIUM,7.0,True,71.975,17.441,32.377,22.157,1.0,1,,True,False,True,10.8,72.29899999999999,8.5,34.46711409395974,50.162416107382555,False
2026,Austria,R,RUS,63,Mercedes,8.0,1.0,MEDIUM,8.0,True,72.069,17.441,32.434,22.194,1.0,1,,True,False,True,12.6,72.447,8.5,34.46711409395974,50.162416107382555,False
2026,Austria,R,RUS,63,Mercedes,9.0,1.0,MEDIUM,9.0,True,72.403,17.558,32.504,22.341,1.0,1,,True,False,True,14.4,72.83500000000001,8.5,34.46711409395974,50.162416107382555,False
2026,Austria,R,RUS,63,Mercedes,10.0,1.0,MEDIUM,10.0,True,72.516,17.596,32.516,22.404,1.0,1,,True,False,True,16.2,73.00200000000001,8.5,34.46711409395974,50.162416107382555,False
2026,Austria,R,RUS,63,Mercedes,11.0,1.0,MEDIUM,11.0,True,72.652,17.578,32.649,22.425,1.0,1,,True,False,True,18.0,73.19200000000001,8.5,34.46711409395974,50.162416107382555,False
2026,Austria,R,RUS,63,Mercedes,12.0,1.0,MEDIUM,12.0,True,72.912,17.73,32.661,22.521,1.0,1,,True,False,True,19.8,73.506,8.5,34.46711409395974,50.162416107382555,False
2026,Austria,R,RUS,63,Mercedes,13.0,1.0,MEDIUM,13.0,True,73.164,17.805,32.9,22.459,1.0,1,,True,False,True,21.6,73.812,8.5,34.46711409395974,50.162416107382555,False
2026,Austria,R,RUS,63,Mercedes,14.0,1.0,MEDIUM,14.0,True,72.965,17.691,32.731,22.543,1.0,1,,True,False,True,23.400000000000002,73.667,8.5,34.46711409395974,50.162416107382555,False
2026,Austria,R,RUS,63,Mercedes,15.0,1.0,MEDIUM,15.0,True,72.786,17.661,32.64,22.485,1.0,1,,True,False,True,25.2,73.542,8.5,34.46711409395974,50.162416107382555,False
2026,Austria,R,RUS,63,Mercedes,16.0,1.0,MEDIUM,16.0,True,72.78,17.604,32.671,22.505,1.0,1,,True,False,True,27.0,73.59,8.5,34.46711409395974,50.162416107382555,False
2026,Austria,R,RUS,63,Mercedes,17.0,1.0,MEDIUM,17.0,True,72.911,17.686,32.771,22.454,1.0,1,,True,False,True,28.8,73.775,8.5,34.46711409395974,50.162416107382555,False
2026,Austria,R,RUS,63,Mercedes,18.0,1.0,MEDIUM,18.0,True,72.904,17.779,32.646,22.479,1.0,1,,True,False,True,30.6,73.822,8.5,34.46711409395974,50.162416107382555,False
2026,Austria,R,RUS,63,Mercedes,19.0,1.0,MEDIUM,19.0,True,77.085,17.703,32.695,26.687,1.0,1,,False,True,True,32.4,78.05699999999999,8.5,34.46711409395974,50.162416107382555,False
2026,Austria,R,RUS,63,Mercedes,20.0,2.0,HARD,1.0,True,89.073,34.5,32.413,22.16,3.0,1,,False,True,True,34.2,90.09899999999999,8.5,34.46711409395974,50.162416107382555,False
2026,Austria,R,RUS,63,Mercedes,21.0,2.0,HARD,2.0,True,71.93,17.36,32.119,22.451,2.0,1,,True,False,True,36.0,73.01,8.5,34.46711409395974,50.162416107382555,False
2026,Austria,R,RUS,63,Mercedes,22.0,2.0,HARD,3.0,True,71.458,17.361,32.083,22.014,2.0,1,,True,False,True,37.800000000000004,72.592,8.5,34.46711409395974,50.162416107382555,False
2026,Austria,R,RUS,63,Mercedes,23.0,2.0,HARD,4.0,True,71.226,17.319,32.023,21.884,2.0,1,,True,False,True,39.6,72.414,8.5,34.46711409395974,50.162416107382555,False
2026,Austria,R,RUS,63,Mercedes,24.0,2.0,HARD,5.0,True,71.88,17.427,32.134,22.319,2.0,12,,True,False,False,41.4,73.122,8.5,34.46711409395974,50.162416107382555,False
2026,Austria,R,RUS,63,Mercedes,25.0,2.0,HARD,6.0,True,96.896,17.649,44.969,34.278,1.0,26,,False,False,False,43.2,98.19200000000001,8.5,34.46711409395974,50.162416107382555,False
2026,Austria,R,RUS,63,Mercedes,26.0,2.0,HARD,7.0,True,91.266,20.29,41.738,29.238,1.0,671,,False,False,False,45.0,92.616,8.5,34.46711409395974,50.162416107382555,False
2026,Austria,R,RUS,63,Mercedes,27.0,2.0,HARD,8.0,True,71.926,17.647,32.265,22.014,1.0,1,,True,False,True,46.800000000000004,73.33,8.5,34.46711409395974,50.162416107382555,False
2026,Austria,R,RUS,63,Mercedes,28.0,2.0,HARD,9.0,True,71.263,17.371,31.959,21.933,1.0,1,,True,False,True,48.6,72.721,8.5,34.46711409395974,50.162416107382555,False
2026,Austria,R,RUS,63,Mercedes,29.0,2.0,HARD,10.0,True,71.253,17.384,31.903,21.966,1.0,1,,True,False,True,50.4,72.765,8.5,34.46711409395974,50.162416107382555,False
2026,Austria,R,RUS,63,Mercedes,30.0,2.0,HARD,11.0,True,71.274,17.389,31.904,21.981,1.0,1,,True,False,True,52.2,72.84,8.5,34.46711409395974,50.162416107382555,False
2026,Austria,R,RUS,63,Mercedes,31.0,2.0,HARD,12.0,True,71.554,17.37,32.1,22.084,1.0,1,,True,False,True,54.0,73.174,8.5,34.46711409395974,50.162416107382555,False
2026,Austria,R,RUS,63,Mercedes,32.0,2.0,HARD,13.0,True,71.706,17.364,32.275,22.067,1.0,1,,True,False,True,55.800000000000004,73.38000000000001,8.5,34.46711409395974,50.162416107382555,False
2026,Austria,R,RUS,63,Mercedes,33.0,2.0,HARD,14.0,True,71.546,17.362,32.125,22.059,1.0,1,,True,False,True,57.6,73.274,8.5,34.46711409395974,50.162416107382555,False
2026,Austria,R,RUS,63,Mercedes,34.0,2.0,HARD,15.0,True,72.066,17.464,32.416,22.186,1.0,1,,True,False,True,59.4,73.848,8.5,34.46711409395974,50.162416107382555,False
2026,Austria,R,RUS,63,Mercedes,35.0,2.0,HARD,16.0,True,72.074,17.559,32.394,22.121,1.0,1,,True,False,True,61.2,73.91,8.5,34.46711409395974,50.162416107382555,False
2026,Austria,R,RUS,63,Mercedes,36.0,2.0,HARD,17.0,True,72.715,17.505,33.056,22.154,1.0,1,,True,False,True,63.0,74.605,8.5,34.46711409395974,50.162416107382555,False
2026,Austria,R,RUS,63,Mercedes,37.0,2.0,HARD,18.0,True,72.143,17.516,32.331,22.296,1.0,1,,True,False,True,64.8,74.087,8.5,34.46711409395974,50.162416107382555,False
2026,Austria,R,RUS,63,Mercedes,38.0,2.0,HARD,19.0,True,72.365,17.409,32.747,22.209,1.0,1,,True,False,True,66.60000000000001,74.363,8.5,34.46711409395974,50.162416107382555,False
2026,Austria,R,RUS,63,Mercedes,39.0,2.0,HARD,20.0,True,72.616,17.472,32.949,22.195,1.0,1,,True,False,True,68.4,74.668,8.5,34.46711409395974,50.162416107382555,False
2026,Austria,R,RUS,63,Mercedes,40.0,2.0,HARD,21.0,True,72.234,17.543,32.534,22.157,1.0,1,,True,False,True,70.2,74.33999999999999,8.5,34.46711409395974,50.162416107382555,False
2026,Austria,R,RUS,63,Mercedes,41.0,2.0,HARD,22.0,True,71.935,17.483,32.335,22.117,1.0,1,,True,False,True,72.0,74.095,8.5,34.46711409395974,50.162416107382555,False
2026,Austria,R,RUS,63,Mercedes,42.0,2.0,HARD,23.0,True,72.225,17.384,32.631,22.21,1.0,1,,True,False,True,73.8,74.439,8.5,34.46711409395974,50.162416107382555,False
2026,Austria,R,RUS,63,Mercedes,43.0,2.0,HARD,24.0,True,76.208,17.375,32.469,26.364,2.0,1,,False,True,True,75.60000000000001,78.476,8.5,34.46711409395974,50.162416107382555,False
2026,Austria,R,RUS,63,Mercedes,44.0,3.0,HARD,1.0,True,87.853,33.942,32.095,21.816,3.0,1,,False,True,True,77.4,90.175,8.5,34.46711409395974,50.162416107382555,False
2026,Austria,R,RUS,63,Mercedes,45.0,3.0,HARD,2.0,True,70.86,17.21,31.772,21.878,3.0,1,,True,False,True,79.2,73.236,8.5,34.46711409395974,50.162416107382555,False
2026,Austria,R,RUS,63,Mercedes,46.0,3.0,HARD,3.0,True,71.045,17.128,31.956,21.961,3.0,1,,True,False,True,81.0,73.475,8.5,34.46711409395974,50.162416107382555,False
2026,Austria,R,RUS,63,Mercedes,47.0,3.0,HARD,4.0,True,70.904,17.24,31.906,21.758,3.0,1,,True,False,True,82.8,73.38799999999999,8.5,34.46711409395974,50.162416107382555,False
2026,Austria,R,RUS,63,Mercedes,48.0,3.0,HARD,5.0,True,71.215,17.255,31.949,22.011,3.0,1,,True,False,True,84.60000000000001,73.753,8.5,34.46711409395974,50.162416107382555,False
2026,Austria,R,RUS,63,Mercedes,49.0,3.0,HARD,6.0,True,70.683,17.23,31.759,21.694,3.0,1,,True,False,True,86.4,73.275,8.5,34.46711409395974,50.162416107382555,False
2026,Austria,R,RUS,63,Mercedes,50.0,3.0,HARD,7.0,True,70.952,17.113,31.932,21.907,2.0,1,,True,False,True,88.2,73.598,8.5,34.46711409395974,50.162416107382555,False
2026,Austria,R,RUS,63,Mercedes,51.0,3.0,HARD,8.0,True,71.171,17.288,31.881,22.002,2.0,1,,True,False,True,90.0,73.87100000000001,8.5,34.46711409395974,50.162416107382555,False
2026,Austria,R,RUS,63,Mercedes,52.0,3.0,HARD,9.0,True,75.641,17.315,31.919,26.407,1.0,16,,False,False,False,91.8,78.39500000000001,8.5,34.46711409395974,50.162416107382555,False
2026,Austria,R,RUS,63,Mercedes,53.0,3.0,HARD,10.0,True,80.031,22.236,36.084,21.711,1.0,671,,False,False,False,93.60000000000001,82.83900000000001,8.5,34.46711409395974,50.162416107382555,False
2026,Austria,R,RUS,63,Mercedes,54.0,3.0,HARD,11.0,True,70.937,17.256,31.973,21.708,1.0,1,,True,False,True,95.4,73.79899999999999,8.5,34.46711409395974,50.162416107382555,False
2026,Austria,R,RUS,63,Mercedes,55.0,3.0,HARD,12.0,True,70.896,17.163,31.813,21.92,1.0,1,,True,False,True,97.2,73.812,8.5,34.46711409395974,50.162416107382555,False
2026,Austria,R,RUS,63,Mercedes,56.0,3.0,HARD,13.0,True,70.78,17.226,31.838,21.716,1.0,1,,True,False,True,99.0,73.75,8.5,34.46711409395974,50.162416107382555,False
2026,Austria,R,RUS,63,Mercedes,57.0,3.0,HARD,14.0,True,71.503,17.495,32.21,21.798000000000002,1.0,1,,True,False,True,100.8,74.527,8.5,34.46711409395974,50.162416107382555,False
2026,Austria,R,RUS,63,Mercedes,58.0,3.0,HARD,15.0,True,71.01,17.152,32.121,21.737,1.0,1,,True,False,True,102.60000000000001,74.08800000000001,8.5,34.46711409395974,50.162416107382555,False
2026,Austria,R,RUS,63,Mercedes,59.0,3.0,HARD,16.0,True,71.143,17.27,32.04,21.833,1.0,1,,True,False,True,104.4,74.275,8.5,34.46711409395974,50.162416107382555,False
2026,Austria,R,RUS,63,Mercedes,60.0,3.0,HARD,17.0,True,71.361,17.411,32.115,21.835,1.0,1,,True,False,True,106.2,74.547,8.5,34.46711409395974,50.162416107382555,False
2026,Austria,R,RUS,63,Mercedes,61.0,3.0,HARD,18.0,True,71.113,17.254,32.049,21.81,1.0,1,,True,False,True,108.0,74.353,8.5,34.46711409395974,50.162416107382555,False
2026,Austria,R,RUS,63,Mercedes,62.0,3.0,HARD,19.0,True,71.162,17.27,32.12,21.772,1.0,1,,True,False,True,109.8,74.456,8.5,34.46711409395974,50.162416107382555,False
2026,Austria,R,RUS,63,Mercedes,63.0,3.0,HARD,20.0,True,71.068,17.221,31.956,21.891,1.0,1,,True,False,True,111.60000000000001,74.416,8.5,34.46711409395974,50.162416107382555,False
2026,Austria,R,RUS,63,Mercedes,64.0,3.0,HARD,21.0,True,71.291,17.284,32.103,21.904,1.0,1,,True,False,True,113.4,74.693,8.5,34.46711409395974,50.162416107382555,False
2026,Austria,R,RUS,63,Mercedes,65.0,3.0,HARD,22.0,True,71.581,17.22,32.318,22.043,1.0,1,,True,False,True,115.2,75.037,8.5,34.46711409395974,50.162416107382555,False
2026,Austria,R,RUS,63,Mercedes,66.0,3.0,HARD,23.0,True,71.615,17.189,32.336,22.09,1.0,1,,True,False,True,117.0,75.125,8.5,34.46711409395974,50.162416107382555,False
2026,Austria,R,RUS,63,Mercedes,67.0,3.0,HARD,24.0,True,71.557,17.279,32.305,21.973,1.0,1,,True,False,True,118.8,75.121,8.5,34.46711409395974,50.162416107382555,False
2026,Austria,R,RUS,63,Mercedes,68.0,3.0,HARD,25.0,True,71.489,17.287,32.217,21.985,1.0,1,,True,False,True,120.60000000000001,75.107,8.5,34.46711409395974,50.162416107382555,False
2026,Austria,R,RUS,63,Mercedes,69.0,3.0,HARD,26.0,True,71.425,17.249,32.184,21.992,1.0,1,,True,False,True,122.4,75.097,8.5,34.46711409395974,50.162416107382555,False
2026,Austria,R,RUS,63,Mercedes,70.0,3.0,HARD,27.0,True,71.638,17.197,32.435,22.006,1.0,1,,True,False,True,124.2,75.364,8.5,34.46711409395974,50.162416107382555,False
2026,Austria,R,RUS,63,Mercedes,71.0,3.0,HARD,28.0,True,71.832,17.267,32.461,22.104,1.0,1,,True,False,True,126.0,75.612,8.5,34.46711409395974,50.162416107382555,False
2026,Austria,R,BOT,77,Cadillac,1.0,1.0,MEDIUM,1.0,True,84.016,,35.182,24.614,21.0,1,,False,False,True,0.0,84.016,8.5,34.46711409395974,50.162416107382555,False
2026,Austria,R,BOT,77,Cadillac,2.0,1.0,MEDIUM,2.0,True,87.748,17.904,36.123,33.721,22.0,1,,False,True,True,1.8,87.802,8.5,34.46711409395974,50.162416107382555,False
2026,Austria,R,PIA,81,McLaren,1.0,1.0,MEDIUM,1.0,True,78.123,,33.419,22.84,6.0,1,,False,False,True,0.0,78.123,8.5,34.46711409395974,50.162416107382555,False
2026,Austria,R,PIA,81,McLaren,2.0,1.0,MEDIUM,2.0,True,73.5,17.495,33.132,22.873,6.0,1,,True,False,True,1.8,73.554,8.5,34.46711409395974,50.162416107382555,False
2026,Austria,R,PIA,81,McLaren,3.0,1.0,MEDIUM,3.0,True,72.701,17.357,32.819,22.525,6.0,1,,True,False,True,3.6,72.809,8.5,34.46711409395974,50.162416107382555,False
2026,Austria,R,PIA,81,McLaren,4.0,1.0,MEDIUM,4.0,True,72.36,17.389,32.627,22.344,6.0,1,,True,False,True,5.4,72.522,8.5,34.46711409395974,50.162416107382555,False
2026,Austria,R,PIA,81,McLaren,5.0,1.0,MEDIUM,5.0,True,72.234,17.293,32.656,22.285,6.0,1,,True,False,True,7.2,72.44999999999999,8.5,34.46711409395974,50.162416107382555,False
2026,Austria,R,PIA,81,McLaren,6.0,1.0,MEDIUM,6.0,True,72.39,17.405,32.515,22.47,6.0,1,,True,False,True,9.0,72.66,8.5,34.46711409395974,50.162416107382555,False
2026,Austria,R,PIA,81,McLaren,7.0,1.0,MEDIUM,7.0,True,72.773,17.385,32.611,22.777,6.0,1,,True,False,True,10.8,73.097,8.5,34.46711409395974,50.162416107382555,False
2026,Austria,R,PIA,81,McLaren,8.0,1.0,MEDIUM,8.0,True,73.221,17.548000000000002,32.847,22.826,6.0,1,,True,False,True,12.6,73.599,8.5,34.46711409395974,50.162416107382555,False
2026,Austria,R,PIA,81,McLaren,9.0,1.0,MEDIUM,9.0,True,73.118,17.432,32.822,22.864,6.0,1,,True,False,True,14.4,73.55,8.5,34.46711409395974,50.162416107382555,False
2026,Austria,R,PIA,81,McLaren,10.0,1.0,MEDIUM,10.0,True,73.22,17.611,32.685,22.924,6.0,1,,True,False,True,16.2,73.706,8.5,34.46711409395974,50.162416107382555,False
2026,Austria,R,PIA,81,McLaren,11.0,1.0,MEDIUM,11.0,True,73.384,17.541,32.798,23.045,6.0,1,,True,False,True,18.0,73.924,8.5,34.46711409395974,50.162416107382555,False
2026,Austria,R,PIA,81,McLaren,12.0,1.0,MEDIUM,12.0,True,73.426,17.537,32.911,22.978,6.0,1,,True,False,True,19.8,74.02,8.5,34.46711409395974,50.162416107382555,False
2026,Austria,R,PIA,81,McLaren,13.0,1.0,MEDIUM,13.0,True,73.675,17.632,32.954,23.089,4.0,1,,True,False,True,21.6,74.323,8.5,34.46711409395974,50.162416107382555,False
2026,Austria,R,PIA,81,McLaren,14.0,1.0,MEDIUM,14.0,True,73.418,17.719,32.828,22.871,4.0,1,,True,False,True,23.400000000000002,74.12,8.5,34.46711409395974,50.162416107382555,False
2026,Austria,R,PIA,81,McLaren,15.0,1.0,MEDIUM,15.0,True,73.235,17.656,32.791,22.788,4.0,1,,True,False,True,25.2,73.991,8.5,34.46711409395974,50.162416107382555,False
2026,Austria,R,PIA,81,McLaren,16.0,1.0,MEDIUM,16.0,True,73.179,17.698,32.601,22.88,4.0,1,,True,False,True,27.0,73.989,8.5,34.46711409395974,50.162416107382555,False
2026,Austria,R,PIA,81,McLaren,17.0,1.0,MEDIUM,17.0,True,73.101,17.618,32.693,22.79,4.0,1,,True,False,True,28.8,73.965,8.5,34.46711409395974,50.162416107382555,False
2026,Austria,R,PIA,81,McLaren,18.0,1.0,MEDIUM,18.0,True,73.451,17.747,32.915,22.789,4.0,1,,True,False,True,30.6,74.369,8.5,34.46711409395974,50.162416107382555,False
2026,Austria,R,PIA,81,McLaren,19.0,1.0,MEDIUM,19.0,True,78.254,17.845,32.918,27.491,4.0,1,,False,True,True,32.4,79.226,8.5,34.46711409395974,50.162416107382555,False
2026,Austria,R,PIA,81,McLaren,20.0,2.0,HARD,1.0,True,89.535,34.874,32.462,22.199,7.0,1,,False,True,True,34.2,90.56099999999999,8.5,34.46711409395974,50.162416107382555,False
2026,Austria,R,PIA,81,McLaren,21.0,2.0,HARD,2.0,True,71.464,17.423,32.024,22.017,7.0,1,,True,False,True,36.0,72.544,8.5,34.46711409395974,50.162416107382555,False
2026,Austria,R,PIA,81,McLaren,22.0,2.0,HARD,3.0,True,71.578,17.409,32.15,22.019,6.0,1,,True,False,True,37.800000000000004,72.712,8.5,34.46711409395974,50.162416107382555,False
2026,Austria,R,PIA,81,McLaren,23.0,2.0,HARD,4.0,True,71.427,17.375,32.048,22.004,6.0,1,,True,False,True,39.6,72.61500000000001,8.5,34.46711409395974,50.162416107382555,False
2026,Austria,R,PIA,81,McLaren,24.0,2.0,HARD,5.0,True,72.21,17.414,32.127,22.669,6.0,126,,False,False,False,41.4,73.452,8.5,34.46711409395974,50.162416107382555,False
2026,Austria,R,PIA,81,McLaren,25.0,2.0,HARD,6.0,True,98.314,24.409,43.923,29.982,6.0,6,,False,False,False,43.2,99.61,8.5,34.46711409395974,50.162416107382555,False
2026,Austria,R,PIA,81,McLaren,26.0,2.0,HARD,7.0,True,90.128,23.13,42.816,24.182,5.0,671,,False,False,False,45.0,91.478,8.5,34.46711409395974,50.162416107382555,False
2026,Austria,R,PIA,81,McLaren,27.0,2.0,HARD,8.0,True,71.658,17.247,32.148,22.263,5.0,1,,True,False,True,46.800000000000004,73.062,8.5,34.46711409395974,50.162416107382555,False
2026,Austria,R,PIA,81,McLaren,28.0,2.0,HARD,9.0,True,71.227,17.372,31.968,21.887,5.0,1,,True,False,True,48.6,72.685,8.5,34.46711409395974,50.162416107382555,False
2026,Austria,R,PIA,81,McLaren,29.0,2.0,HARD,10.0,True,71.918,17.405,32.299,22.214,5.0,1,,True,False,True,50.4,73.43,8.5,34.46711409395974,50.162416107382555,False
2026,Austria,R,PIA,81,McLaren,30.0,2.0,HARD,11.0,True,71.149,17.252,31.988,21.909,5.0,1,,True,False,True,52.2,72.715,8.5,34.46711409395974,50.162416107382555,False
2026,Austria,R,PIA,81,McLaren,31.0,2.0,HARD,12.0,True,71.768,17.321,32.391,22.056,5.0,1,,True,False,True,54.0,73.388,8.5,34.46711409395974,50.162416107382555,False
2026,Austria,R,PIA,81,McLaren,32.0,2.0,HARD,13.0,True,71.854,17.472,32.258,22.124,5.0,1,,True,False,True,55.800000000000004,73.528,8.5,34.46711409395974,50.162416107382555,False
2026,Austria,R,PIA,81,McLaren,33.0,2.0,HARD,14.0,True,71.78,17.367,32.246,22.167,5.0,1,,True,False,True,57.6,73.508,8.5,34.46711409395974,50.162416107382555,False
2026,Austria,R,PIA,81,McLaren,34.0,2.0,HARD,15.0,True,72.048,17.366,32.457,22.225,5.0,1,,True,False,True,59.4,73.83,8.5,34.46711409395974,50.162416107382555,False
2026,Austria,R,PIA,81,McLaren,35.0,2.0,HARD,16.0,True,71.941,17.402,32.324,22.215,5.0,1,,True,False,True,61.2,73.777,8.5,34.46711409395974,50.162416107382555,False
2026,Austria,R,PIA,81,McLaren,36.0,2.0,HARD,17.0,True,72.318,17.57,32.472,22.276,5.0,1,,True,False,True,63.0,74.208,8.5,34.46711409395974,50.162416107382555,False
2026,Austria,R,PIA,81,McLaren,37.0,2.0,HARD,18.0,True,72.544,17.301,32.833,22.41,4.0,1,,True,False,True,64.8,74.488,8.5,34.46711409395974,50.162416107382555,False
2026,Austria,R,PIA,81,McLaren,38.0,2.0,HARD,19.0,True,72.385,17.599,32.438,22.348,4.0,1,,True,False,True,66.60000000000001,74.38300000000001,8.5,34.46711409395974,50.162416107382555,False
2026,Austria,R,PIA,81,McLaren,39.0,2.0,HARD,20.0,True,72.024,17.497,32.408,22.119,4.0,1,,True,False,True,68.4,74.07600000000001,8.5,34.46711409395974,50.162416107382555,False
2026,Austria,R,PIA,81,McLaren,40.0,2.0,HARD,21.0,True,72.017,17.484,32.369,22.164,4.0,1,,True,False,True,70.2,74.12299999999999,8.5,34.46711409395974,50.162416107382555,False
2026,Austria,R,PIA,81,McLaren,41.0,2.0,HARD,22.0,True,72.116,17.406,32.424,22.286,4.0,1,,True,False,True,72.0,74.276,8.5,34.46711409395974,50.162416107382555,False
2026,Austria,R,PIA,81,McLaren,42.0,2.0,HARD,23.0,True,76.481,17.391,32.496,26.594,4.0,1,,False,True,True,73.8,78.695,8.5,34.46711409395974,50.162416107382555,False
2026,Austria,R,PIA,81,McLaren,43.0,3.0,HARD,1.0,True,88.093,33.821,32.322,21.95,6.0,1,,False,True,True,75.60000000000001,90.361,8.5,34.46711409395974,50.162416107382555,False
2026,Austria,R,PIA,81,McLaren,44.0,3.0,HARD,2.0,True,70.753,17.247,31.846,21.66,6.0,1,,True,False,True,77.4,73.075,8.5,34.46711409395974,50.162416107382555,False
2026,Austria,R,PIA,81,McLaren,45.0,3.0,HARD,3.0,True,70.595,17.129,31.733,21.733,6.0,1,,True,False,True,79.2,72.971,8.5,34.46711409395974,50.162416107382555,False
2026,Austria,R,PIA,81,McLaren,46.0,3.0,HARD,4.0,True,70.844,17.179,31.842,21.823,6.0,1,,True,False,True,81.0,73.274,8.5,34.46711409395974,50.162416107382555,False
2026,Austria,R,PIA,81,McLaren,47.0,3.0,HARD,5.0,True,71.102,17.168,32.102,21.832,6.0,1,,True,False,True,82.8,73.586,8.5,34.46711409395974,50.162416107382555,False
2026,Austria,R,PIA,81,McLaren,48.0,3.0,HARD,6.0,True,71.389,17.085,32.319,21.985,4.0,1,,True,False,True,84.60000000000001,73.92699999999999,8.5,34.46711409395974,50.162416107382555,False
2026,Austria,R,PIA,81,McLaren,49.0,3.0,HARD,7.0,True,71.275,17.351,32.068,21.856,4.0,1,,True,False,True,86.4,73.867,8.5,34.46711409395974,50.162416107382555,False
2026,Austria,R,PIA,81,McLaren,50.0,3.0,HARD,8.0,True,71.247,17.397,31.984,21.866,4.0,1,,True,False,True,88.2,73.893,8.5,34.46711409395974,50.162416107382555,False
2026,Austria,R,PIA,81,McLaren,51.0,3.0,HARD,9.0,True,71.101,17.284,32.066,21.751,4.0,1,,True,False,True,90.0,73.801,8.5,34.46711409395974,50.162416107382555,False
2026,Austria,R,PIA,81,McLaren,52.0,3.0,HARD,10.0,True,79.815,17.254,32.085,30.476,4.0,16,,False,False,False,91.8,82.569,8.5,34.46711409395974,50.162416107382555,False
2026,Austria,R,PIA,81,McLaren,53.0,3.0,HARD,11.0,True,75.298,21.626,31.919,21.753,4.0,671,,False,False,False,93.60000000000001,78.10600000000001,8.5,34.46711409395974,50.162416107382555,False
2026,Austria,R,PIA,81,McLaren,54.0,3.0,HARD,12.0,True,70.999,17.207,31.881,21.911,4.0,1,,True,False,True,95.4,73.86099999999999,8.5,34.46711409395974,50.162416107382555,False
2026,Austria,R,PIA,81,McLaren,55.0,3.0,HARD,13.0,True,71.056,17.24,31.961,21.855,4.0,1,,True,False,True,97.2,73.972,8.5,34.46711409395974,50.162416107382555,False
2026,Austria,R,PIA,81,McLaren,56.0,3.0,HARD,14.0,True,71.067,17.297,31.933,21.837,4.0,1,,True,False,True,99.0,74.03699999999999,8.5,34.46711409395974,50.162416107382555,False
2026,Austria,R,PIA,81,McLaren,57.0,3.0,HARD,15.0,True,71.335,17.328,32.158,21.849,4.0,1,,True,False,True,100.8,74.359,8.5,34.46711409395974,50.162416107382555,False
2026,Austria,R,PIA,81,McLaren,58.0,3.0,HARD,16.0,True,71.219,17.288,32.11,21.821,4.0,1,,True,False,True,102.60000000000001,74.297,8.5,34.46711409395974,50.162416107382555,False
2026,Austria,R,PIA,81,McLaren,59.0,3.0,HARD,17.0,True,71.332,17.29,32.156,21.886,4.0,1,,True,False,True,104.4,74.464,8.5,34.46711409395974,50.162416107382555,False
2026,Austria,R,PIA,81,McLaren,60.0,3.0,HARD,18.0,True,71.132,17.263,31.976,21.893,4.0,1,,True,False,True,106.2,74.31800000000001,8.5,34.46711409395974,50.162416107382555,False
2026,Austria,R,PIA,81,McLaren,61.0,3.0,HARD,19.0,True,71.363,17.308,32.119,21.936,4.0,1,,True,False,True,108.0,74.603,8.5,34.46711409395974,50.162416107382555,False
2026,Austria,R,PIA,81,McLaren,62.0,3.0,HARD,20.0,True,71.525,17.249,32.28,21.996,4.0,1,,True,False,True,109.8,74.819,8.5,34.46711409395974,50.162416107382555,False
2026,Austria,R,PIA,81,McLaren,63.0,3.0,HARD,21.0,True,71.883,17.317,32.596,21.97,4.0,1,,True,False,True,111.60000000000001,75.231,8.5,34.46711409395974,50.162416107382555,False
2026,Austria,R,PIA,81,McLaren,64.0,3.0,HARD,22.0,True,71.318,17.24,32.166,21.912,4.0,1,,True,False,True,113.4,74.72,8.5,34.46711409395974,50.162416107382555,False
2026,Austria,R,PIA,81,McLaren,65.0,3.0,HARD,23.0,True,71.479,17.297,32.192,21.99,4.0,1,,True,False,True,115.2,74.935,8.5,34.46711409395974,50.162416107382555,False
2026,Austria,R,PIA,81,McLaren,66.0,3.0,HARD,24.0,True,72.133,17.375,32.512,22.246,4.0,1,,True,False,True,117.0,75.643,8.5,34.46711409395974,50.162416107382555,False
2026,Austria,R,PIA,81,McLaren,67.0,3.0,HARD,25.0,True,71.937,17.494,32.364,22.079,4.0,1,,True,False,True,118.8,75.50099999999999,8.5,34.46711409395974,50.162416107382555,False
2026,Austria,R,PIA,81,McLaren,68.0,3.0,HARD,26.0,True,71.774,17.339,32.314,22.121,4.0,1,,True,False,True,120.60000000000001,75.392,8.5,34.46711409395974,50.162416107382555,False
2026,Austria,R,PIA,81,McLaren,69.0,3.0,HARD,27.0,True,72.509,17.343,32.514,22.652,4.0,1,,True,False,True,122.4,76.181,8.5,34.46711409395974,50.162416107382555,False
2026,Austria,R,PIA,81,McLaren,70.0,3.0,HARD,28.0,True,73.065,17.415,32.973,22.677,4.0,1,,True,False,True,124.2,76.791,8.5,34.46711409395974,50.162416107382555,False
2026,Austria,R,PIA,81,McLaren,71.0,3.0,HARD,29.0,True,72.503,17.583,32.631,22.289,4.0,1,,True,False,True,126.0,76.283,8.5,34.46711409395974,50.162416107382555,False
2026,Austria,R,BEA,87,Haas F1 Team,1.0,1.0,MEDIUM,1.0,True,81.542,,34.659,23.559,15.0,1,,False,False,True,0.0,81.542,8.5,34.46711409395974,50.162416107382555,False
2026,Austria,R,BEA,87,Haas F1 Team,2.0,1.0,MEDIUM,2.0,True,74.398,17.691,33.674,23.033,15.0,1,,True,False,True,1.8,74.452,8.5,34.46711409395974,50.162416107382555,False
2026,Austria,R,BEA,87,Haas F1 Team,3.0,1.0,MEDIUM,3.0,True,74.107,17.609,33.515,22.983,15.0,1,,True,False,True,3.6,74.215,8.5,34.46711409395974,50.162416107382555,False
2026,Austria,R,BEA,87,Haas F1 Team,4.0,1.0,MEDIUM,4.0,True,74.103,17.487,33.537,23.079,15.0,1,,True,False,True,5.4,74.265,8.5,34.46711409395974,50.162416107382555,False
2026,Austria,R,BEA,87,Haas F1 Team,5.0,1.0,MEDIUM,5.0,True,74.17,17.594,33.595,22.981,15.0,1,,True,False,True,7.2,74.386,8.5,34.46711409395974,50.162416107382555,False
2026,Austria,R,BEA,87,Haas F1 Team,6.0,1.0,MEDIUM,6.0,True,74.329,17.665,33.477,23.187,15.0,1,,True,False,True,9.0,74.59899999999999,8.5,34.46711409395974,50.162416107382555,False
2026,Austria,R,BEA,87,Haas F1 Team,7.0,1.0,MEDIUM,7.0,True,74.492,17.616,33.645,23.231,15.0,1,,True,False,True,10.8,74.816,8.5,34.46711409395974,50.162416107382555,False
2026,Austria,R,BEA,87,Haas F1 Team,8.0,1.0,MEDIUM,8.0,True,74.79,17.75,33.692,23.348,15.0,1,,True,False,True,12.6,75.168,8.5,34.46711409395974,50.162416107382555,False
2026,Austria,R,BEA,87,Haas F1 Team,9.0,1.0,MEDIUM,9.0,True,74.971,17.876,33.761,23.334,15.0,1,,True,False,True,14.4,75.403,8.5,34.46711409395974,50.162416107382555,False
2026,Austria,R,BEA,87,Haas F1 Team,10.0,1.0,MEDIUM,10.0,True,75.771,17.671,34.44,23.66,15.0,1,,True,False,True,16.2,76.257,8.5,34.46711409395974,50.162416107382555,False
2026,Austria,R,BEA,87,Haas F1 Team,11.0,1.0,MEDIUM,11.0,True,75.198,17.89,33.787,23.521,15.0,1,,True,False,True,18.0,75.738,8.5,34.46711409395974,50.162416107382555,False
2026,Austria,R,BEA,87,Haas F1 Team,12.0,1.0,MEDIUM,12.0,True,75.35,17.875,33.962,23.513,15.0,1,,True,False,True,19.8,75.94399999999999,8.5,34.46711409395974,50.162416107382555,False
2026,Austria,R,BEA,87,Haas F1 Team,13.0,1.0,MEDIUM,13.0,True,75.003,17.84,33.682,23.481,14.0,1,,True,False,True,21.6,75.651,8.5,34.46711409395974,50.162416107382555,False
2026,Austria,R,BEA,87,Haas F1 Team,14.0,1.0,MEDIUM,14.0,True,75.366,17.904,33.814,23.648,14.0,1,,True,False,True,23.400000000000002,76.068,8.5,34.46711409395974,50.162416107382555,False
2026,Austria,R,BEA,87,Haas F1 Team,15.0,1.0,MEDIUM,15.0,True,75.041,17.866,33.674,23.501,14.0,1,,True,False,True,25.2,75.797,8.5,34.46711409395974,50.162416107382555,False
2026,Austria,R,BEA,87,Haas F1 Team,16.0,1.0,MEDIUM,16.0,True,74.751,17.815,33.656,23.28,14.0,1,,True,False,True,27.0,75.561,8.5,34.46711409395974,50.162416107382555,False
2026,Austria,R,BEA,87,Haas F1 Team,17.0,1.0,MEDIUM,17.0,True,74.709,17.739,33.513,23.457,14.0,1,,True,False,True,28.8,75.57300000000001,8.5,34.46711409395974,50.162416107382555,False
2026,Austria,R,BEA,87,Haas F1 Team,18.0,1.0,MEDIUM,18.0,True,75.344,17.668,34.158,23.518,12.0,1,,True,False,True,30.6,76.262,8.5,34.46711409395974,50.162416107382555,False
2026,Austria,R,BEA,87,Haas F1 Team,19.0,1.0,MEDIUM,19.0,True,74.827,17.922,33.614,23.291,11.0,1,,True,False,True,32.4,75.79899999999999,8.5,34.46711409395974,50.162416107382555,False
2026,Austria,R,BEA,87,Haas F1 Team,20.0,1.0,MEDIUM,20.0,True,75.908,17.791,34.705,23.412,12.0,1,,True,False,True,34.2,76.934,8.5,34.46711409395974,50.162416107382555,False
2026,Austria,R,BEA,87,Haas F1 Team,21.0,1.0,MEDIUM,21.0,True,74.936,17.802,33.564,23.57,13.0,1,,True,False,True,36.0,76.016,8.5,34.46711409395974,50.162416107382555,False
2026,Austria,R,BEA,87,Haas F1 Team,22.0,1.0,MEDIUM,22.0,True,74.645,17.786,33.771,23.088,12.0,1,,True,False,True,37.800000000000004,75.779,8.5,34.46711409395974,50.162416107382555,False
2026,Austria,R,BEA,87,Haas F1 Team,23.0,1.0,MEDIUM,23.0,True,75.472,17.835,33.714,23.923000000000002,13.0,1,,True,False,True,39.6,76.66,8.5,34.46711409395974,50.162416107382555,False
2026,Austria,R,BEA,87,Haas F1 Team,24.0,1.0,MEDIUM,24.0,True,86.766,17.91,35.982,32.874,13.0,126,,False,True,False,41.4,88.00800000000001,8.5,34.46711409395974,50.162416107382555,False
2026,Austria,R,BEA,87,Haas F1 Team,25.0,2.0,HARD,1.0,True,109.866,37.354,42.55,29.962,14.0,6,,False,True,False,43.2,111.162,8.5,34.46711409395974,50.162416107382555,False
2026,Austria,R,BEA,87,Haas F1 Team,26.0,2.0,HARD,2.0,True,78.057,22.571,32.943,22.543,14.0,671,,False,False,False,45.0,79.407,8.5,34.46711409395974,50.162416107382555,False
2026,Austria,R,BEA,87,Haas F1 Team,27.0,2.0,HARD,3.0,True,73.101,17.478,32.972,22.651,14.0,1,,True,False,True,46.800000000000004,74.505,8.5,34.46711409395974,50.162416107382555,False
2026,Austria,R,BEA,87,Haas F1 Team,28.0,2.0,HARD,4.0,True,73.102,17.588,32.963,22.551,14.0,1,,True,False,True,48.6,74.56,8.5,34.46711409395974,50.162416107382555,False
2026,Austria,R,BEA,87,Haas F1 Team,29.0,2.0,HARD,5.0,True,73.025,17.573,32.854,22.598,14.0,1,,True,False,True,50.4,74.537,8.5,34.46711409395974,50.162416107382555,False
2026,Austria,R,BEA,87,Haas F1 Team,30.0,2.0,HARD,6.0,True,73.063,17.583,32.947,22.533,14.0,1,,True,False,True,52.2,74.629,8.5,34.46711409395974,50.162416107382555,False
2026,Austria,R,BEA,87,Haas F1 Team,31.0,2.0,HARD,7.0,True,73.147,17.614,32.977,22.556,14.0,1,,True,False,True,54.0,74.76700000000001,8.5,34.46711409395974,50.162416107382555,False
2026,Austria,R,BEA,87,Haas F1 Team,32.0,2.0,HARD,8.0,True,73.075,17.568,32.894,22.613,14.0,1,,True,False,True,55.800000000000004,74.74900000000001,8.5,34.46711409395974,50.162416107382555,False
2026,Austria,R,BEA,87,Haas F1 Team,33.0,2.0,HARD,9.0,True,73.27,17.654,32.973,22.643,14.0,1,,True,False,True,57.6,74.99799999999999,8.5,34.46711409395974,50.162416107382555,False
2026,Austria,R,BEA,87,Haas F1 Team,34.0,2.0,HARD,10.0,True,73.138,17.647,32.999,22.492,14.0,1,,True,False,True,59.4,74.92,8.5,34.46711409395974,50.162416107382555,False
2026,Austria,R,BEA,87,Haas F1 Team,35.0,2.0,HARD,11.0,True,73.161,17.642,32.964,22.555,14.0,1,,True,False,True,61.2,74.997,8.5,34.46711409395974,50.162416107382555,False
2026,Austria,R,BEA,87,Haas F1 Team,36.0,2.0,HARD,12.0,True,73.403,17.608,32.969,22.826,14.0,1,,True,False,True,63.0,75.293,8.5,34.46711409395974,50.162416107382555,False
2026,Austria,R,BEA,87,Haas F1 Team,37.0,2.0,HARD,13.0,True,76.268,17.748,34.377,24.143,14.0,1,,True,False,True,64.8,78.212,8.5,34.46711409395974,50.162416107382555,False
2026,Austria,R,BEA,87,Haas F1 Team,38.0,2.0,HARD,14.0,True,74.08,17.715,33.409,22.956,14.0,1,,True,False,True,66.60000000000001,76.078,8.5,34.46711409395974,50.162416107382555,False
2026,Austria,R,BEA,87,Haas F1 Team,39.0,2.0,HARD,15.0,True,74.004,17.752,33.312,22.94,13.0,1,,True,False,True,68.4,76.05600000000001,8.5,34.46711409395974,50.162416107382555,False
2026,Austria,R,BEA,87,Haas F1 Team,40.0,2.0,HARD,16.0,True,75.228,17.662,33.138,24.428,13.0,1,,True,False,True,70.2,77.33399999999999,8.5,34.46711409395974,50.162416107382555,False
2026,Austria,R,BEA,87,Haas F1 Team,41.0,2.0,HARD,17.0,True,73.839,17.619,33.27,22.95,13.0,1,,True,False,True,72.0,75.999,8.5,34.46711409395974,50.162416107382555,False
2026,Austria,R,BEA,87,Haas F1 Team,42.0,2.0,HARD,18.0,True,73.708,17.521,33.172,23.015,13.0,1,,True,False,True,73.8,75.922,8.5,34.46711409395974,50.162416107382555,False
2026,Austria,R,BEA,87,Haas F1 Team,43.0,2.0,HARD,19.0,True,74.806,17.761,33.903,23.142,14.0,1,,True,False,True,75.60000000000001,77.074,8.5,34.46711409395974,50.162416107382555,False
2026,Austria,R,BEA,87,Haas F1 Team,44.0,2.0,HARD,20.0,True,73.877,17.786,33.17,22.921,14.0,1,,True,False,True,77.4,76.199,8.5,34.46711409395974,50.162416107382555,False
2026,Austria,R,BEA,87,Haas F1 Team,45.0,2.0,HARD,21.0,True,78.343,17.544,34.58,26.219,14.0,1,,False,True,True,79.2,80.71900000000001,8.5,34.46711409395974,50.162416107382555,False
2026,Austria,R,BEA,87,Haas F1 Team,46.0,3.0,MEDIUM,1.0,True,89.486,34.64,32.612,22.234,15.0,1,,False,True,True,81.0,91.916,8.5,34.46711409395974,50.162416107382555,False
2026,Austria,R,BEA,87,Haas F1 Team,47.0,3.0,MEDIUM,2.0,True,72.405,17.418,32.592,22.395,14.0,1,,True,False,True,82.8,74.889,8.5,34.46711409395974,50.162416107382555,False
2026,Austria,R,BEA,87,Haas F1 Team,48.0,3.0,MEDIUM,3.0,True,72.626,17.507,32.627,22.492,14.0,1,,True,False,True,84.60000000000001,75.164,8.5,34.46711409395974,50.162416107382555,False
2026,Austria,R,BEA,87,Haas F1 Team,49.0,3.0,MEDIUM,4.0,True,73.475,17.462,32.577,23.436,14.0,1,,True,False,True,86.4,76.067,8.5,34.46711409395974,50.162416107382555,False
2026,Austria,R,BEA,87,Haas F1 Team,50.0,3.0,MEDIUM,5.0,True,72.579,17.433,32.809,22.337,14.0,1,,True,False,True,88.2,75.225,8.5,34.46711409395974,50.162416107382555,False
2026,Austria,R,BEA,87,Haas F1 Team,51.0,3.0,MEDIUM,6.0,True,83.153,17.514,39.733,25.906,14.0,167,,False,False,False,90.0,85.85300000000001,8.5,34.46711409395974,50.162416107382555,False
2026,Austria,R,BEA,87,Haas F1 Team,52.0,3.0,MEDIUM,7.0,True,72.808,17.53,32.94,22.338,14.0,1,,True,False,True,91.8,75.56200000000001,8.5,34.46711409395974,50.162416107382555,False
2026,Austria,R,BEA,87,Haas F1 Team,53.0,3.0,MEDIUM,8.0,True,72.266,17.586,32.367,22.313,14.0,1,,True,False,True,93.60000000000001,75.07400000000001,8.5,34.46711409395974,50.162416107382555,False
2026,Austria,R,BEA,87,Haas F1 Team,54.0,3.0,MEDIUM,9.0,True,72.207,17.451,32.509,22.247,14.0,1,,True,False,True,95.4,75.06899999999999,8.5,34.46711409395974,50.162416107382555,False
2026,Austria,R,BEA,87,Haas F1 Team,55.0,3.0,MEDIUM,10.0,True,72.506,17.561,32.507,22.438,14.0,1,,True,False,True,97.2,75.422,8.5,34.46711409395974,50.162416107382555,False
2026,Austria,R,BEA,87,Haas F1 Team,56.0,3.0,MEDIUM,11.0,True,72.764,17.637,32.649,22.478,14.0,1,,True,False,True,99.0,75.734,8.5,34.46711409395974,50.162416107382555,False
2026,Austria,R,BEA,87,Haas F1 Team,57.0,3.0,MEDIUM,12.0,True,72.952,17.517,32.88,22.555,14.0,1,,True,False,True,100.8,75.976,8.5,34.46711409395974,50.162416107382555,False
2026,Austria,R,BEA,87,Haas F1 Team,58.0,3.0,MEDIUM,13.0,True,72.989,17.462,32.845,22.682,14.0,1,,True,False,True,102.60000000000001,76.06700000000001,8.5,34.46711409395974,50.162416107382555,False
2026,Austria,R,BEA,87,Haas F1 Team,59.0,3.0,MEDIUM,14.0,True,73.054,17.657,32.766,22.631,14.0,1,,True,False,True,104.4,76.186,8.5,34.46711409395974,50.162416107382555,False
2026,Austria,R,BEA,87,Haas F1 Team,60.0,3.0,MEDIUM,15.0,True,73.01,17.576,32.869,22.565,14.0,1,,True,False,True,106.2,76.196,8.5,34.46711409395974,50.162416107382555,False
2026,Austria,R,BEA,87,Haas F1 Team,61.0,3.0,MEDIUM,16.0,True,73.132,17.578,32.819,22.735,14.0,1,,True,False,True,108.0,76.372,8.5,34.46711409395974,50.162416107382555,False
2026,Austria,R,BEA,87,Haas F1 Team,62.0,3.0,MEDIUM,17.0,True,73.325,17.619,32.926,22.78,14.0,1,,True,False,True,109.8,76.619,8.5,34.46711409395974,50.162416107382555,False
2026,Austria,R,BEA,87,Haas F1 Team,63.0,3.0,MEDIUM,18.0,True,74.962,17.654,32.943,24.365,14.0,1,,True,False,True,111.60000000000001,78.31,8.5,34.46711409395974,50.162416107382555,False
2026,Austria,R,BEA,87,Haas F1 Team,64.0,3.0,MEDIUM,19.0,True,73.241,17.453,32.88,22.908,14.0,1,,True,False,True,113.4,76.643,8.5,34.46711409395974,50.162416107382555,False
2026,Austria,R,BEA,87,Haas F1 Team,65.0,3.0,MEDIUM,20.0,True,73.191,17.613,32.691,22.887,14.0,1,,True,False,True,115.2,76.647,8.5,34.46711409395974,50.162416107382555,False
2026,Austria,R,BEA,87,Haas F1 Team,66.0,3.0,MEDIUM,21.0,True,73.044,17.62,32.85,22.574,14.0,1,,True,False,True,117.0,76.554,8.5,34.46711409395974,50.162416107382555,False
2026,Austria,R,BEA,87,Haas F1 Team,67.0,3.0,MEDIUM,22.0,True,73.032,17.588,32.796,22.648,14.0,1,,True,False,True,118.8,76.59599999999999,8.5,34.46711409395974,50.162416107382555,False
2026,Austria,R,BEA,87,Haas F1 Team,68.0,3.0,MEDIUM,23.0,True,72.895,17.428,32.805,22.662,14.0,1,,True,False,True,120.60000000000001,76.51299999999999,8.5,34.46711409395974,50.162416107382555,False
2026,Austria,R,BEA,87,Haas F1 Team,69.0,3.0,MEDIUM,24.0,True,73.35,17.54,32.951,22.859,14.0,1,,True,False,True,122.4,77.02199999999999,8.5,34.46711409395974,50.162416107382555,False
2026,Austria,R,BEA,87,Haas F1 Team,70.0,3.0,MEDIUM,25.0,True,72.654,17.47,32.636,22.548000000000002,14.0,1,,True,False,True,124.2,76.38,8.5,34.46711409395974,50.162416107382555,False
