session,driver_number,driver,lap_number,stint,compound,tyre_age,lap_time_s,fuel_est_kg,te_index,min_gap_s,traffic_flag,air_temp,track_temp,e_deploy_lap_mj,e_harvest_lap_mj,soc_min_lap_mj,n_empty_battery_clips,n_superclips,empty_clip_duration_s,superclip_duration_s,lift_coast_duration_s,fuel_in_stint_kg,is_representative
R,1,NOR,1.0,1.0,MEDIUM,1.0,91.58,100.0,1.9459101490553132,inf,1,31.8,55.8,5.618561833688397,4.841047870991835,2.306938886244555,13,0,33.79999999999999,0.0,18.400000000000002,0.0,1
R,1,NOR,2.0,1.0,MEDIUM,2.0,86.915,98.2,3.258096538021482,inf,0,32.0,56.2,5.922820991457266,5.317280421092076,1.556431840654026,12,0,27.899999999999995,0.0,14.0,-1.8,1
R,1,NOR,7.0,2.0,HARD,1.0,86.993,89.2,4.060443010546419,inf,0,32.5,56.3,5.69213622813428,5.5330020460185825,1.7689745244392918,10,0,35.29999999999998,0.0,14.0,0.0,1
R,1,NOR,8.0,2.0,HARD,2.0,86.433,87.4,4.3694478524670215,inf,0,32.4,56.2,5.505576970699172,5.5629449756063565,2.034399088488984,11,0,32.59999999999997,0.0,13.4,-1.8,1
R,1,NOR,9.0,2.0,HARD,3.0,86.203,85.6,4.59511985013459,inf,0,32.5,56.4,5.4858989023638856,5.465281318492384,2.0077482032558533,12,0,32.5,0.0,13.100000000000001,-3.6,1
R,1,NOR,10.0,2.0,HARD,4.0,86.591,83.8,4.787491742782046,inf,0,32.4,56.2,6.327270531496541,5.353080278108851,1.3471785722403422,9,0,41.50000000000003,0.0,12.5,-5.4,1
R,1,NOR,11.0,2.0,HARD,5.0,86.238,82.0,4.948759890378168,inf,0,32.4,55.8,5.274446501726926,5.77253709744979,2.1463172520156006,9,0,31.700000000000017,0.0,13.5,-7.2,1
R,1,NOR,12.0,2.0,HARD,6.0,86.213,80.2,5.087596335232384,inf,0,32.5,55.8,5.407402177943798,5.634303039542546,2.016703287421367,12,0,30.699999999999996,0.0,12.0,-9.0,1
R,1,NOR,13.0,2.0,HARD,7.0,86.07,78.4,5.204006687076795,inf,0,32.4,54.9,5.407185879422604,5.642380074050852,2.0358614687686223,13,0,29.500000000000018,0.0,11.8,-10.8,1
R,1,NOR,14.0,2.0,HARD,8.0,86.06,76.6,5.303304908059076,inf,0,32.5,55.4,5.711988793107477,5.463330458358379,1.6542854107195415,15,0,40.700000000000024,0.0,12.5,-12.6,1
R,1,NOR,15.0,2.0,HARD,9.0,86.201,74.8,5.402677381872279,inf,0,32.6,53.8,5.497114115203965,5.835589771438437,1.9762020424284492,9,0,31.700000000000014,0.0,14.700000000000001,-14.4,1
R,1,NOR,16.0,2.0,HARD,10.0,86.262,73.0,5.493061443340548,inf,0,32.6,54.9,4.96358171342221,5.952852088463476,2.548972226084593,13,0,32.000000000000014,0.0,13.5,-16.2,1
R,1,NOR,17.0,2.0,HARD,11.0,86.549,71.2,5.575949103146316,inf,0,32.6,54.9,5.6014263165243285,5.6660894183714685,1.9159885346289582,13,0,34.4,0.0,13.0,-18.0,1
R,1,NOR,18.0,2.0,HARD,12.0,86.456,69.4,5.652489180268651,inf,0,32.6,54.4,5.235904623900479,5.829342331229364,2.2603831147288207,10,0,41.69999999999999,0.0,13.5,-19.8,1
R,1,NOR,19.0,2.0,HARD,13.0,86.99,67.6,5.723585101952381,inf,0,32.6,54.5,5.349676926893412,6.091435417144269,2.461686472724554,15,0,34.79999999999996,0.0,14.3,-21.6,1
R,1,NOR,21.0,2.0,HARD,15.0,86.728,64.0,5.846438775057724,inf,0,32.5,54.4,7.120303387089848,4.804721090588288,0.018039818689226873,13,0,35.29999999999999,0.0,11.9,-25.2,1
R,1,NOR,22.0,2.0,HARD,16.0,87.1,62.199999999999996,5.902633333401366,inf,0,32.4,53.8,7.10059151612076,4.5687675382114055,0.0031620806539986107,11,0,25.79999999999999,0.0,10.9,-27.0,1
R,1,NOR,23.0,2.0,HARD,17.0,85.706,60.4,5.953243334287785,inf,0,32.5,54.0,6.06275497574188,4.5658776786400335,1.140386580177413,11,0,40.4,0.0,10.0,-28.8,1
R,1,NOR,24.0,2.0,HARD,18.0,85.988,58.6,6.0014148779611505,inf,0,32.4,53.5,6.787227469502857,4.58883056728425,0.38673660345174254,14,0,38.89999999999997,0.0,9.5,-30.6,1
R,1,NOR,25.0,2.0,HARD,19.0,86.13,56.8,6.049733455231958,inf,0,32.4,53.2,6.507028984593319,4.5566428189644,0.6076423886293025,13,0,37.300000000000004,0.0,11.5,-32.4,1
R,1,NOR,26.0,2.0,HARD,20.0,85.864,55.0,6.091309882077698,inf,0,32.5,53.8,6.645292639243042,4.677930459241253,0.5478593508796797,10,0,44.10000000000001,0.0,10.100000000000001,-34.2,1
R,1,NOR,27.0,2.0,HARD,21.0,86.106,53.199999999999996,6.135564891081739,inf,0,32.5,54.3,6.4941988885070385,4.7598956701276895,0.7638053272760159,11,0,37.89999999999999,0.0,11.200000000000001,-36.0,1
R,1,NOR,28.0,2.0,HARD,22.0,111.146,51.4,6.161207321695077,inf,1,32.5,53.5,1.9265125839260404,3.3921868982871763,3.3859874160739576,4,0,6.0999999999999925,0.0,27.200000000000003,-37.800000000000004,0
R,1,NOR,29.0,2.0,HARD,23.0,91.49,49.6,6.186208623900494,inf,1,32.6,54.0,6.491685385419556,4.095554673121528,0.9088453508769273,7,0,32.99999999999998,0.0,15.200000000000001,-39.6,1
R,1,NOR,30.0,2.0,HARD,24.0,86.322,47.8,6.218600119691729,inf,0,32.3,53.3,6.547101144064722,4.817628789376349,0.767211793395366,13,0,44.80000000000002,0.0,11.0,-41.4,1
R,1,NOR,31.0,2.0,HARD,25.0,86.391,46.0,6.255750041753367,inf,0,32.3,54.1,7.717261197200244,7.015065391701832,1.025903149761228,13,2,56.49999999999999,5.600000000000006,3.5,-43.2,1
R,1,NOR,32.0,2.0,HARD,26.0,85.685,44.199999999999996,6.29156913955832,inf,0,32.7,53.9,5.960660852117586,4.963095575256387,1.4426482153955913,9,0,38.0,0.0,12.4,-45.0,1
R,1,NOR,33.0,2.0,HARD,27.0,86.434,42.4,6.326149473155099,inf,0,32.7,53.8,5.426963492201528,5.3255141876717795,2.21714310692541,11,1,42.59999999999999,0.8999999999999971,12.100000000000001,-46.800000000000004,1
R,1,NOR,34.0,2.0,HARD,28.0,85.191,40.6,6.359573868672378,inf,0,32.7,54.5,5.570623273122931,4.897835034554154,1.6692342409127263,13,0,40.699999999999996,0.0,10.700000000000001,-48.6,1
R,1,NOR,35.0,2.0,HARD,29.0,84.971,38.8,6.39024066706535,inf,0,32.9,54.2,5.696199464042595,4.907587733454837,1.6249709924134463,12,0,38.900000000000006,0.0,11.9,-50.4,1
R,1,NOR,36.0,2.0,HARD,30.0,85.352,37.0,6.421622267806518,inf,0,32.8,53.8,5.781308548648638,5.012692702130676,1.63582798915688,10,0,43.599999999999994,0.0,10.700000000000001,-52.2,1
R,1,NOR,37.0,2.0,HARD,31.0,85.22,35.2,6.452048954437226,inf,0,32.8,53.6,5.962957307452165,4.706204575653323,1.2348433689644813,9,1,35.900000000000006,0.8999999999999971,10.200000000000001,-54.0,1
R,1,NOR,38.0,2.0,HARD,32.0,85.288,33.39999999999999,6.481577129276431,inf,0,32.8,53.7,6.050804781264125,4.850191788842853,1.244911841678146,12,0,44.89999999999998,0.0,10.4,-55.800000000000004,1
R,1,NOR,39.0,2.0,HARD,33.0,85.213,31.599999999999994,6.51025834052315,inf,0,32.7,53.1,5.926749222264461,4.86662531284872,1.3795712227677688,8,1,42.89999999999999,0.39999999999999714,9.9,-57.6,1
R,1,NOR,40.0,2.0,HARD,34.0,85.162,29.799999999999997,6.536691597591305,inf,0,32.8,53.4,5.454416892870384,5.2861252651535136,1.8603471322781797,12,0,36.1,0.0,11.8,-59.4,1
R,1,NOR,41.0,2.0,HARD,35.0,86.173,28.0,6.5638555265321274,inf,0,32.8,53.1,4.6895082893134195,5.765776085824771,2.5747798020361685,10,0,37.699999999999974,0.0,14.4,-61.2,1
R,1,NOR,42.0,2.0,HARD,36.0,85.067,26.200000000000003,6.587550014824796,inf,0,32.8,52.9,5.44916151578081,5.027548011184008,1.952704507920858,15,0,32.60000000000002,0.0,10.8,-63.0,1
R,1,NOR,43.0,2.0,HARD,37.0,85.482,24.39999999999999,6.612041034833092,inf,0,32.7,53.3,5.684315050066978,5.201516074946108,1.7066768266639158,13,1,32.5,0.40000000000000424,10.8,-64.8,1
R,1,NOR,44.0,2.0,HARD,38.0,85.215,22.599999999999994,6.635946555686647,inf,0,32.5,53.0,4.79958535894807,5.049417813969928,2.281120550816973,9,1,41.899999999999984,0.5000000000000057,10.4,-66.60000000000001,1
R,1,NOR,45.0,2.0,HARD,39.0,84.873,20.799999999999997,6.660575149839686,inf,0,32.6,52.5,5.1110693015398265,5.221365511682844,2.349476802515498,9,0,41.900000000000006,0.0,10.8,-68.4,1
R,1,NOR,46.0,2.0,HARD,40.0,85.143,19.0,6.684611727667927,inf,0,32.6,52.7,4.846243842675498,5.374223093702896,2.5559951133561847,12,1,34.899999999999984,0.8000000000000028,11.9,-70.2,1
R,1,NOR,47.0,2.0,HARD,41.0,85.234,17.200000000000003,6.706862336602747,inf,0,32.8,52.7,4.685729181028643,5.572346305597961,2.6432750244184153,10,0,37.300000000000004,0.0,12.4,-72.0,1
R,1,NOR,48.0,2.0,HARD,42.0,84.864,15.399999999999991,6.727431724850855,inf,0,32.8,52.3,4.73060759317203,5.158579275411867,2.115952795042201,9,1,35.89999999999999,0.9999999999999986,11.0,-73.8,1
R,1,NOR,49.0,2.0,HARD,43.0,86.503,13.599999999999994,6.747586526829315,inf,0,32.6,52.5,5.380576545918064,5.571881068662206,2.3209213157921846,13,1,38.70000000000003,0.7999999999999957,10.9,-75.60000000000001,1
R,1,NOR,50.0,2.0,HARD,44.0,85.327,11.799999999999997,6.769641976852503,inf,0,32.6,52.6,4.917314170390457,5.3754681802766715,2.4398101476357517,10,0,42.80000000000001,0.0,11.4,-77.4,1
R,1,NOR,51.0,2.0,HARD,45.0,86.589,10.0,6.7912214627261855,inf,0,32.7,51.8,4.268250399123174,5.851129873695436,2.7544929536770293,12,0,31.99999999999999,0.0,12.600000000000001,-79.2,1
R,1,NOR,52.0,2.0,HARD,46.0,85.316,8.200000000000003,6.812345094177479,inf,0,32.6,52.4,4.670819182756505,5.394910023806679,2.6476091599517644,13,1,36.19999999999998,0.40000000000000424,11.700000000000001,-81.0,1
R,10,GAS,1.0,1.0,MEDIUM,1.0,88.47,100.0,0.0,inf,0,31.8,55.8,7.032902109339155,3.048355356645126,4.543776241853626e-05,11,1,36.600000000000016,3.9000000000000044,7.7,0.0,1
R,10,GAS,2.0,1.0,MEDIUM,2.0,87.795,98.2,3.091042453358316,inf,0,32.0,56.2,6.477475993854213,3.160426876961808,0.005090729593422189,14,1,30.400000000000002,3.600000000000007,8.1,-1.8,1
R,10,GAS,7.0,2.0,HARD,1.0,87.477,89.2,3.9889840465642745,inf,1,32.5,56.3,6.596727991939206,3.8550788565427982,0.002023059920568591,10,1,37.199999999999996,0.49999999999999856,9.8,0.0,1
R,10,GAS,8.0,2.0,HARD,2.0,86.557,87.4,4.31748811353631,inf,0,32.4,56.2,6.45915496076446,3.834531661165003,0.13916120583500996,11,2,33.699999999999996,4.2999999999999945,8.700000000000001,-1.8,1
R,10,GAS,9.0,2.0,HARD,3.0,86.428,85.6,4.553876891600541,inf,0,32.5,56.4,6.388723834708857,3.5888253741403053,0.019429664701848846,9,1,45.500000000000014,3.7000000000000015,8.200000000000001,-3.6,1
R,10,GAS,10.0,2.0,HARD,4.0,88.305,83.8,4.77912349311153,inf,1,32.4,56.2,6.717319372691396,4.118756197229925,0.16238934126578383,10,1,38.099999999999994,0.8999999999999971,10.4,-5.4,1
R,10,GAS,11.0,2.0,HARD,5.0,86.546,82.0,4.941642422609304,inf,0,32.4,55.8,6.503396758854205,4.006886888920662,0.2230051677435361,10,2,40.399999999999984,4.000000000000004,8.8,-7.2,1
R,10,GAS,12.0,2.0,HARD,6.0,86.112,80.2,5.081404364984463,inf,0,32.5,55.8,6.318680570727189,3.659025995812804,0.11756585577327862,17,1,34.099999999999994,3.7000000000000015,8.3,-9.0,1
R,10,GAS,13.0,2.0,HARD,7.0,85.998,78.4,5.198497031265826,inf,0,32.4,54.9,6.010988223919792,3.785858252567877,0.5449198437103339,10,1,44.70000000000002,3.600000000000007,8.9,-10.8,1
R,10,GAS,14.0,2.0,HARD,8.0,86.221,76.6,5.298317366548036,inf,0,32.5,55.4,5.931104046597278,3.506689229550891,0.2890908437521384,15,1,38.00000000000003,3.5000000000000058,9.1,-12.6,1
R,10,GAS,15.0,2.0,HARD,9.0,86.246,74.8,5.3981627015177525,inf,0,32.6,53.8,4.907451047932503,4.115421105133928,1.9593955682764705,12,1,32.299999999999976,3.6,9.200000000000001,-14.4,1
R,10,GAS,16.0,2.0,HARD,10.0,86.249,73.0,5.488937726156687,inf,0,32.6,54.9,5.112942097699023,4.066338287173052,1.7374595003048525,12,1,32.699999999999996,3.7000000000000015,9.600000000000001,-16.2,1
R,10,GAS,17.0,2.0,HARD,11.0,86.329,71.2,5.572154032177765,inf,0,32.6,54.9,5.408919130839042,4.070516347072026,1.4464238674917713,15,0,35.900000000000006,0.0,11.8,-18.0,1
R,10,GAS,18.0,2.0,HARD,12.0,86.809,69.4,5.648974238161206,inf,0,32.6,54.4,4.661660847827299,4.265643167352409,2.2702322131378163,14,1,38.70000000000001,0.49999999999999856,9.3,-19.8,1
R,10,GAS,19.0,2.0,HARD,13.0,86.979,67.6,5.720311776607412,inf,0,32.6,54.5,5.544292411726043,3.8137122393661516,0.9874010501847706,11,1,41.40000000000002,3.7000000000000015,8.4,-21.6,1
R,10,GAS,20.0,2.0,HARD,14.0,88.85,65.8,5.786897381366708,inf,1,32.5,54.6,6.422956190389094,3.7068517904162728,0.0060454621148422925,11,0,31.1,0.0,12.3,-23.400000000000002,1
R,10,GAS,21.0,2.0,HARD,15.0,87.627,64.0,5.849324779946859,inf,1,32.5,54.4,6.078750970075605,3.9196485749020984,0.628417346599098,13,1,34.300000000000004,3.7000000000000015,8.3,-25.2,1
R,10,GAS,22.0,2.0,HARD,16.0,86.919,62.199999999999996,5.905361848054571,inf,0,32.4,53.8,5.119688748077151,4.044429146535372,1.6194788957844064,13,1,32.7,0.39999999999999714,7.800000000000001,-27.0,1
R,10,GAS,23.0,2.0,HARD,17.0,86.578,60.4,5.955837369464831,inf,0,32.5,54.0,6.07416185306447,3.5197795301188015,0.244764465595909,11,2,39.400000000000006,3.5999999999999988,8.3,-28.8,1
R,10,GAS,24.0,2.0,HARD,18.0,86.022,58.6,6.003887067106539,inf,0,32.4,53.5,6.3814934179514395,3.5916246652279664,0.02690576065119626,13,1,33.700000000000024,3.800000000000003,7.9,-30.6,1
R,10,GAS,25.0,2.0,HARD,19.0,86.283,56.8,6.052089168924417,inf,0,32.4,53.2,6.02752944486012,3.7528829303609985,0.6031247833644383,11,1,36.70000000000001,3.7000000000000015,7.2,-32.4,1
R,10,GAS,26.0,2.0,HARD,20.0,85.888,55.0,6.093569770045136,inf,0,32.5,54.0,5.7221927213308055,3.7159916814163254,0.8716185549448257,12,0,35.599999999999994,0.0,11.0,-34.2,1
R,10,GAS,27.0,2.0,HARD,21.0,85.82,53.199999999999996,6.137727054086234,inf,0,32.5,54.3,5.809335820226429,3.863213473662361,0.857880066321455,11,1,35.7,0.3000000000000028,10.700000000000001,-36.0,1
R,10,GAS,28.0,2.0,HARD,22.0,111.068,51.4,6.163314804034641,inf,1,32.5,53.5,1.9775,2.7789806893848406,3.3349999999999973,4,0,4.299999999999986,0.0,24.3,-37.800000000000004,0
R,10,GAS,29.0,2.0,HARD,23.0,92.132,49.6,6.18826412308259,inf,1,32.6,54.0,7.427657705962826,3.495499544618362,0.05839984784534092,12,1,40.90000000000002,3.4999999999999987,15.4,-39.6,1
R,10,GAS,30.0,2.0,HARD,24.0,86.733,47.8,6.222576268071369,inf,0,32.3,53.3,6.22211836080334,3.9087154758208396,0.48719948817577,13,1,37.299999999999976,3.5000000000000058,8.1,-41.4,1
R,10,GAS,31.0,2.0,HARD,25.0,86.423,46.0,6.259581464064923,inf,0,32.3,54.1,6.082511883466895,3.714922996546419,0.4440391972305262,13,1,35.29999999999998,3.6,8.9,-43.2,1
R,10,GAS,32.0,2.0,HARD,26.0,85.927,44.199999999999996,6.295266001439646,inf,0,32.7,53.9,6.2983413144435705,3.8760610993394815,0.41483873787911896,9,2,37.00000000000002,3.8000000000000016,8.0,-45.0,1
R,10,GAS,33.0,2.0,HARD,27.0,86.073,42.4,6.329720905522696,inf,0,32.7,53.8,6.130116676463144,3.710945772301845,0.4680955164795854,12,1,36.30000000000002,3.6,7.9,-46.800000000000004,1
R,10,GAS,34.0,2.0,HARD,28.0,85.974,40.6,6.361302477572996,inf,0,32.8,54.2,5.405541228264418,3.912260554031053,1.3277592736330657,13,0,30.60000000000002,0.0,11.100000000000001,-48.6,1
R,10,GAS,35.0,2.0,HARD,29.0,85.963,38.8,6.391917113392602,inf,0,32.9,54.2,5.993134570747895,3.147705394225369,0.017030583662944524,11,2,39.50000000000003,4.100000000000006,7.6000000000000005,-50.4,1
R,10,GAS,36.0,2.0,HARD,30.0,86.041,37.0,6.423246963533519,inf,0,32.8,53.8,6.496249959880234,3.6173548456359454,0.02879808110402961,9,1,35.19999999999996,3.3999999999999972,7.4,-52.2,1
R,10,GAS,37.0,2.0,HARD,31.0,85.938,35.2,6.453624998892692,inf,0,32.8,53.6,6.330921414765892,3.5586799071273107,0.13443025945973242,10,1,35.19999999999999,0.3000000000000028,9.700000000000001,-54.0,1
R,10,GAS,38.0,2.0,HARD,32.0,85.998,33.39999999999999,6.483107351457199,inf,0,32.8,53.7,6.312981537682278,3.4065054082624946,0.01387866959009361,9,2,34.49999999999998,4.2999999999999945,6.7,-55.800000000000004,1
R,10,GAS,39.0,2.0,HARD,33.0,85.938,31.599999999999994,6.511745329644728,inf,0,32.7,53.1,5.92070241611434,3.5667235655814498,0.552389080379806,13,0,41.100000000000016,0.0,9.700000000000001,-57.6,1
R,10,GAS,40.0,2.0,HARD,34.0,85.844,29.799999999999997,6.53813982376767,inf,0,32.8,53.4,6.384673619078372,3.4126640441807234,0.02677637189454429,14,1,42.39999999999997,3.800000000000003,8.200000000000001,-59.4,1
R,10,GAS,41.0,2.0,HARD,35.0,85.878,28.0,6.565264970035361,inf,0,32.7,53.0,6.349676116141016,3.396681643648206,0.010159223290906126,9,1,44.30000000000001,3.7000000000000015,6.1000000000000005,-61.2,1
R,10,GAS,42.0,2.0,HARD,36.0,85.776,26.200000000000003,6.590301048196686,inf,0,32.8,52.9,6.3672591336690445,3.3964711852627643,0.026581041533119777,8,1,35.59999999999997,3.599999999999993,7.0,-63.0,1
R,10,GAS,43.0,2.0,HARD,37.0,85.92,24.39999999999999,6.61472560020376,inf,0,32.7,53.3,6.302020487993507,3.426105453293523,0.017784684547972808,14,1,37.40000000000003,3.4999999999999987,7.1000000000000005,-64.8,1
R,10,GAS,44.0,2.0,HARD,38.0,85.632,22.599999999999994,6.638567789166521,inf,0,32.5,53.0,6.305636899655812,3.4163982815442844,0.023591773211861428,12,1,37.500000000000014,3.7000000000000015,6.800000000000001,-66.60000000000001,1
R,10,GAS,45.0,2.0,HARD,39.0,85.779,20.799999999999997,6.663132695990803,inf,0,32.6,52.5,6.006795926222447,3.5160426487112986,0.4271666078000129,11,0,35.6,0.0,9.4,-68.4,1
R,10,GAS,46.0,2.0,HARD,40.0,85.52,19.0,6.687108607866515,inf,0,32.6,52.7,6.24484045275358,3.3462592006047336,0.020206710246788884,10,1,36.5,3.9999999999999987,6.800000000000001,-70.2,1
R,10,GAS,47.0,2.0,HARD,41.0,85.566,17.200000000000003,6.709304340258299,inf,0,32.8,52.7,6.288591668421127,3.401772968861509,0.035208872219154544,13,1,38.000000000000014,3.3999999999999972,7.1000000000000005,-72.0,1
R,10,GAS,48.0,2.0,HARD,42.0,85.453,15.399999999999991,6.731018100482083,inf,0,32.8,52.0,6.310533152223517,3.4316270957542967,0.019192811975467513,10,1,37.70000000000001,3.6,6.800000000000001,-73.8,1
R,10,GAS,49.0,2.0,HARD,43.0,85.364,13.599999999999994,6.75110146893676,inf,0,32.6,52.5,6.19291047976905,3.264091570259609,0.012853120838418282,9,1,44.499999999999986,3.800000000000003,7.7,-75.60000000000001,1
R,10,GAS,50.0,2.0,HARD,44.0,85.277,11.799999999999997,6.773080375655535,inf,0,32.6,52.6,6.1598552493514465,3.4100465352308635,0.16769253308466991,9,0,38.1,0.0,9.0,-77.4,1
R,10,GAS,51.0,2.0,HARD,45.0,85.505,10.0,6.794586580876499,inf,0,32.7,51.8,5.639687547396459,3.4690798999359016,0.763435743237124,12,1,41.800000000000004,0.3000000000000028,9.3,-79.2,1
R,10,GAS,52.0,2.0,HARD,46.0,85.223,8.200000000000003,6.815639990074331,inf,0,32.6,52.4,6.150113737755665,3.3029233445407966,0.02312210622880279,11,1,45.59999999999998,3.6,6.4,-81.0,1
R,10,GAS,53.0,2.0,HARD,47.0,84.927,6.3999999999999915,6.835184586147301,inf,0,32.6,51.9,6.292832882809469,3.505474263073858,0.11390439592790112,12,2,40.70000000000002,4.100000000000006,7.4,-82.8,1
R,11,PER,1.0,1.0,SOFT,1.0,96.657,100.0,2.833213344056216,inf,1,31.8,55.8,7.403480033048686,7.160584115812432,2.224633686378307,12,0,39.800000000000004,0.0,17.6,0.0,1
R,11,PER,2.0,1.0,SOFT,2.0,90.033,98.2,3.6109179126442243,inf,0,32.0,56.2,6.1099181337813855,6.970665890392036,1.8984736413278076,11,0,36.1,0.0,16.2,-1.8,1
R,11,PER,6.0,2.0,SOFT,1.0,134.373,91.0,3.8712010109078907,inf,1,32.5,56.4,6.9968746643514095,7.702515115024146,1.9363288664618152,13,0,37.90000000000002,0.0,25.900000000000002,0.0,0
R,11,PER,7.0,2.0,SOFT,2.0,88.725,89.2,4.219507705176107,inf,0,32.5,56.3,6.396740525446697,6.678206520291591,1.6897936330609706,9,0,40.40000000000002,0.0,15.0,-1.8,1
R,11,PER,8.0,2.0,SOFT,3.0,88.382,87.4,4.48863636973214,inf,0,32.4,56.2,6.75909589486867,6.533639383223099,1.5448938808767454,9,0,42.4,0.0,13.0,-3.6,1
R,11,PER,9.0,2.0,SOFT,4.0,88.491,85.6,4.700480365792417,inf,0,32.5,56.4,6.222872467835189,6.7255936357043105,1.8474999999999913,11,0,42.9,0.0,15.100000000000001,-5.4,1
R,11,PER,10.0,2.0,SOFT,5.0,88.248,83.8,4.875197323201151,inf,0,32.4,55.8,6.525569849563928,6.888744288452685,1.52540500256387,10,0,38.50000000000002,0.0,13.100000000000001,-7.2,1
R,11,PER,11.0,2.0,SOFT,6.0,88.527,82.0,5.0238805208462765,inf,0,32.4,55.8,6.426659351444281,6.485076741425594,1.7578206828183522,15,0,40.69999999999999,0.0,13.9,-9.0,1
R,11,PER,12.0,2.0,SOFT,7.0,88.087,80.2,5.147494476813453,inf,0,32.4,55.3,6.474206798934095,6.256905307884919,1.5093704294301058,11,0,36.70000000000001,0.0,11.3,-10.8,1
R,11,PER,13.0,2.0,SOFT,8.0,88.614,78.4,5.2574953720277815,inf,0,32.4,54.9,7.844595770852417,6.292444403481533,0.4209268701622015,11,0,43.50000000000001,0.0,10.200000000000001,-12.6,1
R,11,PER,14.0,2.0,SOFT,9.0,88.92,76.6,5.351858133476067,inf,0,32.5,55.0,8.018038372331755,5.954829016186255,0.09459541825641878,9,0,44.90000000000003,0.0,10.200000000000001,-14.4,1
R,11,PER,15.0,2.0,SOFT,10.0,89.001,74.8,5.44673737166631,inf,0,32.6,53.8,7.884431695504917,5.840558251159582,0.04182643238881485,10,0,46.199999999999996,0.0,10.600000000000001,-16.2,1
R,11,PER,16.0,2.0,SOFT,11.0,88.785,73.0,5.537334267018537,inf,0,32.6,54.9,6.335302368038322,6.31349962018348,1.5332851383036596,11,0,43.30000000000001,0.0,12.3,-18.0,1
R,11,PER,17.0,2.0,SOFT,12.0,88.357,71.2,5.6131281063880705,inf,0,32.7,54.7,7.583428519447475,5.586980727776929,0.010796885418622105,11,0,41.599999999999994,0.0,10.200000000000001,-19.8,1
R,11,PER,18.0,2.0,SOFT,13.0,89.089,69.4,5.69035945432406,inf,0,32.6,54.4,7.75787553679238,5.935341020851361,0.0037953343029993973,15,0,38.49999999999998,0.0,11.3,-21.6,1
R,11,PER,19.0,2.0,SOFT,14.0,88.416,67.6,5.755742213586912,inf,0,32.6,54.2,7.357644208581464,5.311794550322556,0.00041627055052168114,10,0,40.90000000000002,0.0,9.3,-23.400000000000002,1
R,11,PER,20.0,2.0,SOFT,15.0,88.77,65.8,5.817111159963204,inf,0,32.5,54.6,7.529880051833995,5.404077691907343,0.00022222970907199985,11,0,48.20000000000002,0.0,9.600000000000001,-25.2,1
R,11,PER,21.0,2.0,SOFT,16.0,88.824,64.0,5.87493073085203,inf,0,32.5,53.8,7.900399270384613,5.602421399484406,0.0028728844610473904,12,0,45.5,0.0,10.5,-27.0,1
R,11,PER,23.0,2.0,SOFT,18.0,88.92,60.4,5.981414211254481,inf,0,32.5,54.1,6.93160267657883,5.843009111939116,1.0697770834490055,10,0,33.20000000000001,0.0,15.0,-30.6,1
R,11,PER,24.0,2.0,SOFT,19.0,89.367,58.6,6.030685260261263,inf,0,32.4,53.5,7.086598899129303,5.99690383406473,0.5376208142682228,13,0,42.399999999999984,0.0,11.100000000000001,-32.4,1
R,11,PER,25.0,2.0,SOFT,20.0,88.282,56.8,6.077642243349034,inf,0,32.5,53.8,7.559385707235955,5.669829451649893,0.10490575975697203,8,0,43.49999999999999,0.0,12.200000000000001,-34.2,1
R,11,PER,26.0,2.0,SOFT,21.0,88.847,55.0,6.118097198041348,inf,0,32.5,54.0,7.728177657676587,5.663665885595021,0.0035141556793921534,9,0,38.20000000000001,0.0,12.0,-36.0,1
R,11,PER,29.0,3.0,MEDIUM,1.0,88.04,49.6,6.210600077024653,inf,0,32.3,53.3,7.375060864643064,5.3602811723816375,0.05895799159229519,9,0,42.79999999999998,0.0,11.200000000000001,0.0,1
R,11,PER,30.0,3.0,MEDIUM,2.0,88.678,47.8,6.249975242259483,inf,0,32.3,54.1,7.084782814720375,5.297559547488849,0.30324901245017616,11,0,39.299999999999976,0.0,10.3,-1.8,1
R,11,PER,31.0,3.0,MEDIUM,3.0,88.981,46.0,6.2878585601617845,inf,0,32.7,53.9,6.095793252985658,5.200537504291827,1.3326337290441757,14,0,33.50000000000002,0.0,19.0,-3.6,1
R,11,PER,32.0,3.0,MEDIUM,4.0,90.477,44.199999999999996,6.327936783729195,inf,1,32.7,53.8,4.434192380536079,5.702242476690955,1.8649999999999913,7,0,29.40000000000001,0.0,15.0,-5.4,1
R,11,PER,33.0,3.0,MEDIUM,5.0,88.076,42.4,6.363028103540465,inf,0,32.8,54.2,6.423267506964841,5.7147502290198124,1.188339378681643,13,0,37.3,0.0,12.5,-7.2,1
R,11,PER,34.0,3.0,MEDIUM,6.0,87.021,40.6,6.393590753950631,inf,0,32.9,54.2,6.669416205609222,6.0230175693780215,1.2346980813513657,12,0,41.199999999999996,0.0,11.5,-9.0,1
R,11,PER,35.0,3.0,MEDIUM,7.0,87.651,38.8,6.424869023905388,inf,0,32.8,53.8,7.740298156527035,5.855452840131412,0.09161586840587155,10,0,37.4,0.0,10.100000000000001,-10.8,1
R,11,PER,36.0,3.0,MEDIUM,8.0,88.358,37.0,6.455198563340122,inf,0,32.8,53.6,7.773634018756928,5.774874321669305,0.03457510178903798,16,0,39.000000000000036,0.0,9.9,-12.6,1
R,11,PER,37.0,3.0,MEDIUM,9.0,88.711,35.2,6.486160788944089,inf,0,32.8,53.7,7.336762068597608,5.169131750167029,0.021081876333332448,13,0,44.69999999999998,0.0,13.0,-14.4,1
R,11,PER,38.0,3.0,MEDIUM,10.0,87.454,33.39999999999999,6.51471269087253,inf,0,32.7,53.1,6.291436690889359,5.735817944555402,1.4068541784919477,12,0,36.69999999999999,0.0,10.8,-16.2,1
R,11,PER,39.0,3.0,MEDIUM,11.0,87.85,31.599999999999994,6.541029999189903,inf,0,32.8,53.4,7.517096055499,5.461384086416487,0.013518737632301119,10,0,38.69999999999998,0.0,11.5,-18.0,1
R,11,PER,40.0,3.0,MEDIUM,12.0,88.034,29.799999999999997,6.568077911411976,inf,0,32.7,53.0,7.563728831284476,5.464124468360954,0.003168478373992403,9,0,46.9,0.0,10.3,-19.8,1
R,11,PER,41.0,3.0,MEDIUM,13.0,87.714,28.0,6.593044534142437,inf,0,32.8,52.9,7.542375758704884,5.489273800663604,0.0019732978983990667,12,0,45.700000000000024,0.0,9.3,-21.6,1
R,11,PER,42.0,3.0,MEDIUM,14.0,90.03,26.200000000000003,6.618738983517219,inf,1,32.6,52.9,6.057309343146348,5.352443787530719,1.7430478894805048,13,0,40.60000000000003,0.0,17.1,-23.400000000000002,1
R,11,PER,43.0,3.0,MEDIUM,15.0,87.078,24.39999999999999,6.643789733147672,inf,0,32.5,53.0,6.82025483831935,5.961519174213861,1.124529989115574,16,0,40.7,0.0,10.9,-25.2,1
R,11,PER,44.0,3.0,MEDIUM,16.0,87.289,22.599999999999994,6.668228248417403,inf,0,32.6,52.7,7.338074715951166,5.7056972193321,0.377437109590911,11,0,43.50000000000001,0.0,10.3,-27.0,1
R,11,PER,45.0,3.0,MEDIUM,17.0,87.432,20.799999999999997,6.692083742506628,inf,0,32.6,52.7,7.321755568758524,5.884445132496156,0.568215354193465,10,0,44.99999999999999,0.0,10.0,-28.8,1
R,11,PER,46.0,3.0,MEDIUM,18.0,87.573,19.0,6.714170529909472,inf,0,32.8,52.3,7.339586891025711,5.346189127432104,0.005327282783270668,13,0,40.19999999999998,0.0,9.0,-30.6,1
R,11,PER,47.0,3.0,MEDIUM,19.0,87.524,17.200000000000003,6.7357800142423265,inf,0,32.8,52.0,7.6824713129643865,5.45534897059642,0.029907590136879093,12,0,47.600000000000016,0.0,9.200000000000001,-32.4,1
R,11,PER,48.0,3.0,MEDIUM,20.0,88.716,15.399999999999991,6.756932389247553,inf,0,32.6,52.5,6.6443244943677815,5.2681841005162715,0.834218259532039,10,0,40.60000000000001,0.0,13.5,-34.2,1
R,11,PER,49.0,3.0,MEDIUM,21.0,87.889,13.599999999999994,6.778784897685177,inf,0,32.7,52.3,6.645726331386845,5.423190217841824,1.168163587285568,10,0,39.00000000000001,0.0,12.700000000000001,-36.0,1
R,11,PER,50.0,3.0,MEDIUM,22.0,87.496,11.799999999999997,6.8001700683022,inf,0,32.7,51.8,7.171767985978764,5.946664928211667,0.7998640720884254,12,0,36.60000000000001,0.0,9.8,-37.800000000000004,1
R,11,PER,51.0,3.0,MEDIUM,23.0,86.914,10.0,6.821107472256465,inf,0,32.6,52.2,6.579320699936421,5.7109167041434805,1.1237861160162048,11,0,43.89999999999996,0.0,9.5,-39.6,1
R,11,PER,52.0,3.0,MEDIUM,24.0,87.327,8.200000000000003,6.8416154764775925,inf,0,32.6,51.9,5.985769442077199,5.883107236798368,1.5619199879374386,13,0,40.599999999999994,0.0,12.100000000000001,-41.4,1
R,12,ANT,1.0,1.0,HARD,1.0,95.414,100.0,2.639057329615259,inf,1,31.8,55.8,5.1818822356552525,6.1174688412773754,2.9493529826795304,16,0,38.6,0.0,16.1,0.0,1
R,12,ANT,2.0,1.0,HARD,2.0,87.011,98.2,3.4657359027997265,inf,0,32.0,56.2,5.219876460483084,5.636096138034681,2.1940809144899958,12,0,38.099999999999994,0.0,14.8,-1.8,1
R,12,ANT,6.0,2.0,MEDIUM,1.0,140.752,91.0,3.7376696182833684,inf,1,32.5,56.4,5.7653730054015755,6.0560815939661,2.4843746489511265,17,0,34.900000000000034,0.0,27.200000000000003,0.0,0
R,12,ANT,7.0,2.0,MEDIUM,2.0,86.503,89.2,4.04305126783455,inf,0,32.5,56.3,6.15746120555324,5.570572663315724,1.6450297755432253,12,0,39.59999999999999,0.0,10.9,-1.8,1
R,12,ANT,8.0,2.0,MEDIUM,3.0,86.3,87.4,4.356708826689592,inf,0,32.4,56.2,6.106632359449292,5.316889540973213,1.4655650250663317,13,0,44.30000000000001,0.0,10.3,-3.6,1
R,12,ANT,9.0,2.0,MEDIUM,4.0,85.749,85.6,4.584967478670572,inf,0,32.5,56.4,5.497961525964322,5.371149287535491,2.032969798252462,11,0,39.4,0.0,10.0,-5.4,1
R,12,ANT,10.0,2.0,MEDIUM,5.0,86.352,83.8,4.770684624465665,inf,0,32.4,56.2,5.488070513825072,5.52591338034453,1.9146867222106203,14,0,39.2,0.0,13.100000000000001,-7.2,1
R,12,ANT,11.0,2.0,MEDIUM,6.0,86.101,82.0,4.9344739331306915,inf,0,32.4,55.8,5.232797059340621,5.5361099633752,2.3933839951626674,14,0,36.99999999999999,0.0,11.600000000000001,-9.0,1
R,12,ANT,12.0,2.0,MEDIUM,7.0,85.721,80.2,5.0689042022202315,inf,0,32.5,55.8,5.07373420802657,5.42828009917503,2.2811138820196324,13,0,33.40000000000002,0.0,12.9,-10.8,1
R,12,ANT,13.0,2.0,MEDIUM,8.0,85.469,78.4,5.181783550292085,inf,0,32.4,54.9,5.868373699119921,4.836753680145273,1.2515816005818934,11,0,39.80000000000003,0.0,10.3,-12.6,1
R,12,ANT,14.0,2.0,MEDIUM,9.0,85.828,76.6,5.288267030694535,inf,0,32.5,55.4,5.6170802031060845,5.2910052109853,1.9599094429950685,13,0,32.40000000000002,0.0,10.5,-14.4,1
R,12,ANT,15.0,2.0,MEDIUM,10.0,86.118,74.8,5.384495062789089,inf,0,32.6,53.8,5.243412540199981,5.360654953334857,2.3195664364027193,12,0,34.49999999999999,0.0,14.5,-16.2,1
R,12,ANT,16.0,2.0,MEDIUM,11.0,85.615,73.0,5.472270673671475,inf,0,32.6,54.9,5.623703878956205,4.875461488867841,1.5926010843113974,15,0,35.800000000000004,0.0,10.600000000000001,-18.0,1
R,12,ANT,17.0,2.0,MEDIUM,12.0,85.203,71.2,5.556828061699537,inf,0,32.6,54.9,5.388302810426015,4.893683513817282,1.869807334716926,14,0,43.79999999999999,0.0,10.200000000000001,-19.8,1
R,12,ANT,18.0,2.0,MEDIUM,13.0,85.224,69.4,5.631211781821365,inf,0,32.6,54.4,6.362517217975516,4.059192486317234,0.003168527861681218,11,0,34.29999999999998,0.0,8.6,-21.6,1
R,12,ANT,19.0,2.0,MEDIUM,14.0,85.729,67.6,5.703782474656201,inf,0,32.6,54.5,6.635277991121727,4.078106108835524,0.006224253901624522,10,0,39.00000000000001,0.0,7.7,-23.400000000000002,1
R,12,ANT,20.0,2.0,MEDIUM,15.0,85.589,65.8,5.771441123130016,inf,0,32.5,54.6,6.211244635908987,4.1927978988806185,0.2668223353609678,13,0,47.30000000000001,0.0,8.3,-25.2,1
R,12,ANT,21.0,2.0,MEDIUM,16.0,85.833,64.0,5.831882477283517,inf,0,32.5,54.4,6.797695820844211,4.12690523025752,0.011589918060660639,14,0,44.09999999999999,0.0,8.200000000000001,-27.0,1
R,12,ANT,22.0,2.0,MEDIUM,17.0,86.536,62.199999999999996,5.8888779583328805,inf,0,32.4,53.8,6.566025507473981,4.176617952246632,0.04253269313499912,11,0,32.99999999999999,0.0,9.700000000000001,-28.8,1
R,12,ANT,23.0,2.0,MEDIUM,18.0,86.685,60.4,5.942799375126701,inf,0,32.5,54.0,5.0517368730944705,4.95463963880523,2.165396633114845,14,0,35.79999999999999,0.0,13.3,-30.6,1
R,12,ANT,24.0,2.0,MEDIUM,19.0,85.994,58.6,5.991464547107982,inf,0,32.5,54.1,5.200477243941525,4.7271729602155546,2.1672094376734585,9,0,24.999999999999996,0.0,14.4,-32.4,1
R,12,ANT,25.0,2.0,MEDIUM,20.0,85.287,56.8,6.040254711277414,inf,0,32.4,53.2,5.284808037491564,5.0521239905891315,2.263743741037516,15,0,35.50000000000001,0.0,11.3,-34.2,1
R,12,ANT,27.0,2.0,MEDIUM,22.0,85.544,53.199999999999996,6.126869184114185,inf,0,32.5,54.3,5.429355945205065,4.919284636964045,1.869240018794353,10,0,39.1,0.0,12.5,-37.800000000000004,1
R,12,ANT,30.0,3.0,MEDIUM,1.0,84.595,47.8,6.220590170099739,inf,0,32.3,53.3,5.1905787259854765,4.912546705296765,2.0204204703413917,13,0,39.1,0.0,11.600000000000001,0.0,1
R,12,ANT,31.0,3.0,MEDIUM,2.0,84.816,46.0,6.253828811575473,inf,0,32.3,54.1,5.708444175204008,4.619626765118854,1.2313146399618269,12,0,40.50000000000002,0.0,9.600000000000001,-1.8,1
R,12,ANT,32.0,3.0,MEDIUM,3.0,84.672,44.199999999999996,6.289715570908998,inf,0,32.7,53.9,5.997735765642288,4.473927935705801,0.9676778575429591,12,0,44.10000000000002,0.0,8.4,-3.6,1
R,12,ANT,33.0,3.0,MEDIUM,4.0,84.976,42.4,6.322565239927284,inf,0,32.7,53.8,6.1487506867033135,4.508300879779192,0.7955165122773151,10,0,36.099999999999994,0.0,9.5,-5.4,1
R,12,ANT,34.0,3.0,MEDIUM,5.0,84.669,40.6,6.3561076606958915,inf,0,32.7,54.5,5.881941062900502,4.566396616276464,1.1731604857926132,14,0,36.79999999999996,0.0,9.9,-7.2,1
R,12,ANT,35.0,3.0,MEDIUM,6.0,84.421,38.8,6.386879319362645,inf,0,32.9,54.2,5.853184768152762,4.691296285701027,1.2146011767333196,10,0,37.09999999999998,0.0,8.5,-9.0,1
R,12,ANT,36.0,3.0,MEDIUM,7.0,84.684,37.0,6.416732282512326,inf,0,32.8,53.8,5.709888908181535,5.1063155961067945,1.55015605294809,13,0,44.10000000000001,0.0,11.600000000000001,-10.8,1
R,12,ANT,37.0,3.0,MEDIUM,8.0,84.463,35.2,6.4457198193855785,inf,0,32.8,53.6,6.462165138011952,4.0429761812514275,0.060602949297020155,9,0,40.29999999999998,0.0,8.0,-12.6,1
R,12,ANT,38.0,3.0,MEDIUM,9.0,84.86,33.39999999999999,6.47543271670409,inf,0,32.8,53.7,6.661556853000797,4.169828496260741,0.03192733486351266,13,0,36.000000000000014,0.0,9.0,-14.4,1
R,12,ANT,39.0,3.0,MEDIUM,10.0,84.725,31.599999999999994,6.504288173536645,inf,0,32.7,53.8,6.439018156164739,4.0592114601571385,0.14674885027355203,13,0,44.900000000000006,0.0,8.1,-16.2,1
R,12,ANT,40.0,3.0,MEDIUM,11.0,84.613,29.799999999999997,6.530877627725885,inf,0,32.8,53.4,6.501012100998706,4.106623694363787,0.16387008242044618,10,0,44.59999999999997,0.0,8.9,-18.0,1
R,12,ANT,41.0,3.0,MEDIUM,12.0,84.577,28.0,6.558197802812269,inf,0,32.8,53.1,6.5101052296708,4.0167312389441845,0.08041185564436779,11,0,47.69999999999999,0.0,8.5,-19.8,1
R,12,ANT,42.0,3.0,MEDIUM,13.0,84.347,26.200000000000003,6.584791392385716,inf,0,32.8,52.9,6.573099387202477,4.074442193574596,0.11633299713648797,10,0,46.30000000000003,0.0,7.800000000000001,-21.6,1
R,12,ANT,43.0,3.0,MEDIUM,14.0,84.478,24.39999999999999,6.608000625296087,inf,0,32.7,53.3,6.471766388727662,4.062495017340999,0.10002067954483392,13,0,43.799999999999976,0.0,7.7,-23.400000000000002,1
R,12,ANT,44.0,3.0,MEDIUM,15.0,84.344,22.599999999999994,6.6320017773956295,inf,0,32.5,53.0,6.456761752207606,4.027952967900374,0.1591647098008697,12,0,46.3,0.0,6.9,-25.2,1
R,12,ANT,45.0,3.0,MEDIUM,16.0,84.037,20.799999999999997,6.656726524178391,inf,0,32.6,52.5,6.321699973562613,4.057591682071401,0.3600100373617912,13,0,44.699999999999996,0.0,7.6000000000000005,-27.0,1
R,12,ANT,46.0,3.0,MEDIUM,17.0,83.861,19.0,6.680854678790215,inf,0,32.6,52.7,6.085967318120527,4.189039980476076,0.6480451192692579,12,0,39.4,0.0,7.6000000000000005,-28.8,1
R,12,ANT,47.0,3.0,MEDIUM,18.0,84.128,17.200000000000003,6.703188113240863,inf,0,32.8,52.7,5.8054624432548,4.530070002608156,1.1324125992122402,15,0,40.19999999999998,0.0,9.5,-30.6,1
R,12,ANT,48.0,3.0,MEDIUM,19.0,84.572,15.399999999999991,6.725033642166843,inf,0,32.8,52.3,5.556946502151517,4.998029908216862,1.5488795959616584,12,0,36.50000000000002,0.0,12.8,-32.4,1
R,12,ANT,50.0,3.0,MEDIUM,21.0,84.124,11.799999999999997,6.7650389767805414,inf,0,32.6,52.6,5.22438594277807,4.555271296247085,1.7476771939678952,11,0,39.300000000000004,0.0,10.200000000000001,-36.0,1
R,12,ANT,51.0,3.0,MEDIUM,22.0,84.398,10.0,6.785587645007929,inf,0,32.7,52.3,5.87694621000216,4.366152710559758,0.9761607026543453,14,0,40.899999999999984,0.0,9.5,-37.800000000000004,1
R,12,ANT,52.0,3.0,MEDIUM,23.0,84.305,8.200000000000003,6.805722553416985,inf,0,32.6,52.4,6.410589417827964,3.915009871109346,0.01740038067530214,12,0,39.600000000000016,0.0,8.200000000000001,-39.6,1
R,12,ANT,53.0,3.0,MEDIUM,24.0,83.504,6.3999999999999915,6.826545223556594,inf,0,32.6,52.2,5.588035540187652,4.2651461007338085,1.1339253194429662,12,0,39.39999999999999,0.0,8.9,-41.4,1
R,14,ALO,2.0,1.0,HARD,1.0,91.15,98.2,3.6635616461296463,inf,0,32.0,56.2,6.9840642446108365,7.76262035711879,1.735002165247376,14,0,51.59999999999998,0.0,12.700000000000001,0.0,1
R,14,ALO,6.0,2.0,SOFT,1.0,125.482,91.0,3.912023005428146,inf,1,32.5,56.4,9.121839020960795,7.557417139615922,1.4973033309100743,17,1,51.39999999999998,1.0000000000000058,21.3,0.0,0
R,14,ALO,7.0,2.0,SOFT,2.0,89.577,89.2,4.248495242049359,inf,0,32.5,56.3,7.695215201644421,6.906553894711637,1.0449208758807824,15,1,45.6,0.49999999999999856,8.3,-1.8,1
R,14,ALO,8.0,2.0,SOFT,3.0,87.961,87.4,4.51085950651685,inf,0,32.4,56.2,7.047522942461367,6.843586383893561,0.8705363380723578,16,0,48.60000000000001,0.0,8.8,-3.6,1
R,14,ALO,9.0,2.0,SOFT,4.0,88.093,85.6,4.709530201312334,inf,0,32.5,56.4,7.358698036260057,7.086239987707301,0.6523628566331879,16,0,45.90000000000002,0.0,8.0,-5.4,1
R,14,ALO,10.0,2.0,SOFT,5.0,88.261,83.8,4.882801922586371,inf,0,32.4,55.8,7.345911583602275,6.627649645365982,0.9159263449367369,17,0,49.09999999999999,0.0,11.5,-7.2,1
R,14,ALO,11.0,2.0,SOFT,6.0,88.548,82.0,5.030437921392435,inf,0,32.4,55.8,7.240551930597224,6.639078793447368,0.8100508203345936,17,0,47.599999999999994,0.0,12.100000000000001,-9.0,1
R,14,ALO,12.0,2.0,SOFT,7.0,88.323,80.2,5.153291594497779,inf,0,32.4,55.3,7.777797567838595,6.192061345834242,0.42219017766697703,19,0,50.10000000000004,0.0,9.700000000000001,-10.8,1
R,14,ALO,13.0,2.0,SOFT,8.0,88.213,78.4,5.262690188904886,inf,0,32.4,54.9,8.033138271050365,5.82097875368043,0.3021635934669329,14,0,50.29999999999999,0.0,9.0,-12.6,1
R,14,ALO,14.0,2.0,SOFT,9.0,88.889,76.6,5.356586274672012,inf,0,32.5,55.0,7.673599742119139,6.3092756892555855,0.6073623602909003,16,0,45.90000000000001,0.0,12.200000000000001,-14.4,1
R,14,ALO,15.0,2.0,SOFT,10.0,88.951,74.8,5.4510384535657,inf,0,32.6,53.8,7.576370926684767,6.451010567053929,0.8439381124274469,12,1,43.10000000000001,0.49999999999999856,11.200000000000001,-16.2,1
R,14,ALO,16.0,2.0,SOFT,11.0,88.058,73.0,5.53338948872752,inf,0,32.6,54.9,7.6322948923105125,5.606979287955298,0.0007914784979413059,18,1,44.20000000000003,0.9000000000000042,9.0,-18.0,1
R,14,ALO,17.0,2.0,SOFT,12.0,89.39,71.2,5.616771097666572,inf,0,32.7,54.7,9.025185163578346,5.694221936752731,0.0037345526308091162,15,0,53.50000000000003,0.0,9.600000000000001,-19.8,1
R,14,ALO,18.0,2.0,SOFT,13.0,88.488,69.4,5.68697535633982,inf,0,32.6,54.4,7.816684686671854,6.10305629697113,0.18896040326716024,17,0,49.300000000000004,0.0,10.700000000000001,-21.6,1
R,14,ALO,19.0,2.0,SOFT,14.0,89.067,67.6,5.75890177387728,inf,0,32.6,54.2,8.725922246567333,5.81599121043068,0.0077021639146860645,14,1,51.4,2.6,8.8,-23.400000000000002,1
R,14,ALO,20.0,2.0,SOFT,15.0,88.702,65.8,5.820082930352362,inf,0,32.5,54.6,8.392805274919729,5.397702737784981,0.002880318924846425,10,0,55.1,0.0,9.200000000000001,-25.2,1
R,14,ALO,21.0,2.0,SOFT,16.0,88.45,64.0,5.877735781779639,inf,0,32.5,53.8,8.049786381908968,6.15625988791235,0.07812476068606349,15,0,47.399999999999984,0.0,9.1,-27.0,1
R,14,ALO,22.0,2.0,SOFT,17.0,88.719,62.199999999999996,5.929589143389895,inf,0,32.4,53.8,7.243144517114813,4.740286174829925,8.117512126199203e-05,19,0,46.2,0.0,9.200000000000001,-28.8,1
R,16,LEC,1.0,1.0,SOFT,1.0,89.371,100.0,1.0986122886681096,inf,0,31.8,55.8,7.70865446423691,4.695664771757664,0.44032414672282055,14,0,44.000000000000014,0.0,10.100000000000001,0.0,1
R,18,STR,1.0,1.0,SOFT,1.0,97.717,100.0,2.9444389791664403,inf,1,31.8,55.8,8.265849521311475,6.679165702057217,1.5126188388925843,15,0,45.4,0.0,16.3,0.0,1
R,18,STR,2.0,1.0,SOFT,2.0,92.315,98.2,3.713572066704308,inf,0,32.0,56.2,7.352684688150287,6.9984515385390464,1.1175897369682375,14,0,36.1,0.0,14.200000000000001,-1.8,1
R,18,STR,6.0,2.0,HARD,1.0,127.64,91.0,3.8918202981106265,inf,1,32.5,56.4,7.740226170170001,7.315535188236982,1.7828523040222795,18,0,45.29999999999998,0.0,28.1,0.0,0
R,18,STR,7.0,2.0,HARD,2.0,90.832,89.2,4.2626798770413155,inf,1,32.5,56.3,8.144403263717427,6.304053102827044,0.4492243822891324,15,0,29.299999999999997,0.0,13.8,-1.8,1
R,18,STR,8.0,2.0,HARD,3.0,89.718,87.4,4.532599493153256,inf,0,32.4,56.2,7.994227716429421,5.827109604626804,0.005580773603463938,15,0,33.40000000000001,0.0,12.600000000000001,-3.6,1
R,18,STR,9.0,2.0,HARD,4.0,89.406,85.6,4.727387818712341,inf,0,32.5,56.4,8.131482542240864,5.516742484480591,0.0005542773270383214,12,0,34.70000000000001,0.0,9.1,-5.4,1
R,18,STR,10.0,2.0,HARD,5.0,89.06,83.8,4.897839799950911,inf,0,32.4,55.8,8.258350631340333,5.6126021265872605,0.002628938527360351,14,0,32.8,0.0,9.700000000000001,-7.2,1
R,18,STR,11.0,2.0,HARD,6.0,88.415,82.0,5.043425116919247,inf,0,32.4,55.8,8.280233607223137,5.70287558552225,0.12260286185450821,11,0,38.60000000000001,0.0,9.700000000000001,-9.0,1
R,18,STR,12.0,2.0,HARD,7.0,88.887,80.2,5.1647859739235145,inf,0,32.4,55.3,7.86965520791831,5.610911940282035,0.018126370895667817,15,0,37.19999999999999,0.0,11.200000000000001,-10.8,1
R,18,STR,13.0,2.0,HARD,8.0,88.946,78.4,5.272999558563747,inf,0,32.4,54.9,8.429854524582108,5.579957494929859,0.004413451664286189,16,0,32.30000000000001,0.0,10.5,-12.6,1
R,18,STR,14.0,2.0,HARD,9.0,89.076,76.6,5.365976015021851,inf,0,32.5,55.0,8.367895570227233,5.565320906499903,0.004449530581970139,13,0,31.09999999999997,0.0,10.0,-14.4,1
R,18,STR,15.0,2.0,HARD,10.0,89.438,74.8,5.459585514144159,inf,0,32.6,53.8,8.513856767262347,5.309881734096731,0.0014995830659585746,13,0,32.099999999999994,0.0,11.200000000000001,-16.2,1
R,18,STR,16.0,2.0,HARD,11.0,89.347,73.0,5.545177444479562,inf,0,32.6,54.9,8.492323692195932,5.101987701447164,0.0006323898043745514,15,0,31.400000000000002,0.0,12.0,-18.0,1
R,18,STR,17.0,2.0,HARD,12.0,89.085,71.2,5.6240175061873385,inf,0,32.7,54.7,8.491733425921552,5.267440516905388,0.00038910438109690195,15,0,31.80000000000002,0.0,12.3,-19.8,1
R,18,STR,18.0,2.0,HARD,13.0,89.285,69.4,5.697093486505405,inf,0,32.6,54.5,8.254757198712525,4.951399851161852,0.0007380290972871396,11,0,32.49999999999999,0.0,11.8,-21.6,1
R,18,STR,19.0,2.0,HARD,14.0,89.11,67.6,5.765191102784844,inf,0,32.6,54.2,8.349259406575936,5.181962829290125,0.0005990486826371889,13,0,29.39999999999998,0.0,11.9,-23.400000000000002,1
R,18,STR,20.0,2.0,HARD,15.0,89.196,65.8,5.82600010738045,inf,0,32.5,54.4,8.513290291078329,4.842617353747675,0.00020805140423948388,16,0,31.399999999999984,0.0,11.5,-25.2,1
R,18,STR,21.0,2.0,HARD,16.0,89.655,64.0,5.886104031450156,inf,0,32.5,53.8,8.48244277891765,5.28499220819518,0.0009873243915984777,13,0,28.900000000000016,0.0,12.100000000000001,-27.0,1
R,18,STR,22.0,2.0,HARD,17.0,89.206,62.199999999999996,5.937536205082426,inf,0,32.5,54.0,8.384461165936795,5.0605830888922,6.146597078457723e-05,12,0,30.10000000000003,0.0,9.4,-28.8,1
R,18,STR,24.0,2.0,HARD,19.0,89.978,58.6,6.035481432524756,inf,0,32.4,53.2,8.754691607860419,5.0057782726761735,6.131612530900735e-05,15,0,34.50000000000002,0.0,7.7,-32.4,1
R,18,STR,26.0,2.0,HARD,21.0,89.445,55.0,6.1224928095143865,inf,0,32.5,54.3,8.93138500377745,5.219109644113078,0.0001812529599716822,13,0,35.59999999999998,0.0,11.0,-36.0,1
R,22,TSU,1.0,1.0,HARD,1.0,96.174,100.0,2.70805020110221,inf,1,31.8,55.8,8.612732090095987,5.374407255796267,0.7052005360607216,14,0,30.900000000000023,0.0,20.0,0.0,1
R,22,TSU,2.0,1.0,HARD,2.0,88.814,98.2,3.5263605246161616,inf,0,32.0,56.2,7.3309441190730755,4.617633324014521,0.00016765668727987865,15,0,31.600000000000023,0.0,10.200000000000001,-1.8,1
R,22,TSU,6.0,2.0,MEDIUM,1.0,136.065,91.0,3.7612001156935624,inf,1,32.5,56.4,9.51125128305555,5.8011328345997395,0.044529352639819046,16,0,33.999999999999986,0.0,24.200000000000003,0.0,0
R,22,TSU,7.0,2.0,MEDIUM,2.0,88.09,89.2,4.110873864173311,inf,1,32.5,56.3,7.686867053727637,5.622713392586187,0.20753462440689974,10,0,33.8,0.0,15.4,-1.8,1
R,22,TSU,8.0,2.0,MEDIUM,3.0,87.369,87.4,4.406719247264253,inf,0,32.4,56.2,7.783033457247541,5.5677014134230465,0.003390155815516738,11,0,39.59999999999999,0.0,14.200000000000001,-3.6,1
R,22,TSU,9.0,2.0,MEDIUM,4.0,86.631,85.6,4.61512051684126,inf,0,32.5,56.4,7.293723855640849,4.722359929314299,0.0022437256476948875,16,0,32.20000000000001,0.0,14.3,-5.4,1
R,22,TSU,10.0,2.0,MEDIUM,5.0,86.994,83.8,4.804021044733257,inf,0,32.4,55.8,7.281747922727164,4.768585256308399,0.0011664389167569747,11,0,25.900000000000002,0.0,12.700000000000001,-7.2,1
R,22,TSU,11.0,2.0,MEDIUM,6.0,86.859,82.0,4.962844630259907,inf,0,32.4,55.8,7.416511528664918,4.904592516802369,0.0009151151539410554,9,0,28.39999999999999,0.0,12.100000000000001,-9.0,1
R,22,TSU,12.0,2.0,MEDIUM,7.0,86.733,80.2,5.099866427824199,inf,0,32.5,55.8,7.292037451879548,4.765126400777906,0.0004244507321784213,14,0,33.00000000000002,0.0,11.8,-10.8,1
R,22,TSU,13.0,2.0,MEDIUM,8.0,86.481,78.4,5.214935757608986,inf,0,32.4,54.9,7.344884559093797,4.851155739610844,0.005195274864136953,10,0,38.900000000000006,0.0,10.8,-12.6,1
R,22,TSU,14.0,2.0,MEDIUM,9.0,86.876,76.6,5.313205979041787,inf,0,32.5,55.4,7.1147848425655456,4.570985610887657,0.003326165433445308,11,0,23.80000000000002,0.0,11.9,-14.4,1
R,22,TSU,15.0,2.0,MEDIUM,10.0,86.53,74.8,5.4116460518550396,inf,0,32.6,53.8,7.279157734544794,4.719393429128188,0.0013857055419891943,10,0,39.40000000000002,0.0,11.100000000000001,-16.2,1
R,22,TSU,16.0,2.0,MEDIUM,11.0,86.692,73.0,5.501258210544727,inf,0,32.6,54.9,7.166436580485469,4.675593044737168,0.003751297908593582,10,0,39.29999999999996,0.0,11.200000000000001,-18.0,1
R,22,TSU,17.0,2.0,MEDIUM,12.0,86.585,71.2,5.583496308781699,inf,0,32.7,54.7,7.239896696846035,4.7755858555194095,0.003780629811752003,10,0,34.900000000000006,0.0,12.4,-19.8,1
R,22,TSU,18.0,2.0,MEDIUM,13.0,86.686,69.4,5.659482215759621,inf,0,32.6,54.4,7.245611480869782,4.788772119580109,0.00744816585396488,10,0,32.6,0.0,12.0,-21.6,1
R,22,TSU,19.0,2.0,MEDIUM,14.0,86.976,67.6,5.730099782973575,inf,0,32.6,54.2,7.296711984716945,4.819430288051581,0.01198536138984344,13,0,30.7,0.0,13.9,-23.400000000000002,1
R,22,TSU,20.0,2.0,MEDIUM,15.0,86.951,65.8,5.793013608384144,inf,0,32.5,54.6,7.433147592493647,4.957048522706456,0.019626804895224826,11,0,30.09999999999998,0.0,12.0,-25.2,1
R,22,TSU,21.0,2.0,MEDIUM,16.0,86.899,64.0,5.855071922202427,inf,0,32.5,54.4,7.392877209651486,4.920132786115566,0.028239095159379512,13,0,32.2,0.0,13.9,-27.0,1
R,22,TSU,22.0,2.0,MEDIUM,17.0,86.866,62.199999999999996,5.910796644040527,inf,0,32.4,53.8,7.457744655051347,5.014588068210138,0.03006932391055946,11,0,31.399999999999988,0.0,13.3,-28.8,1
R,22,TSU,23.0,2.0,MEDIUM,18.0,86.818,60.4,5.961005339623274,inf,0,32.5,54.0,7.448545973929082,4.9588455862698115,0.018447933013123502,12,0,28.299999999999983,0.0,12.3,-30.6,1
R,22,TSU,24.0,2.0,MEDIUM,19.0,86.997,58.6,6.008813185442595,inf,0,32.4,53.5,7.395084577245613,4.8998298127296795,0.02666483570531075,15,0,32.70000000000002,0.0,12.9,-32.4,1
R,22,TSU,25.0,2.0,MEDIUM,20.0,87.052,56.8,6.056784013228625,inf,0,32.4,53.2,7.300566392074626,4.8284049097766655,0.019635418987740568,11,0,32.70000000000002,0.0,13.0,-34.2,1
R,22,TSU,26.0,2.0,MEDIUM,21.0,87.135,55.0,6.09807428216624,inf,0,32.5,54.0,7.465590005135297,4.955283099731179,0.02795440521966257,11,0,37.80000000000004,0.0,13.0,-36.0,1
R,22,TSU,27.0,2.0,MEDIUM,22.0,86.935,53.199999999999996,6.142037405587356,inf,0,32.5,54.3,7.265850493754434,4.772352882057536,0.02481741026497947,14,0,33.1,0.0,13.0,-37.800000000000004,1
R,22,TSU,28.0,2.0,MEDIUM,23.0,113.621,51.4,6.1675164908883415,inf,1,32.5,53.5,1.6993874303128673,3.586685074298244,2.300612569687125,1,0,3.6,0.0,20.6,-39.6,0
R,22,TSU,29.0,2.0,MEDIUM,24.0,89.654,49.6,6.192362489474872,inf,1,32.6,54.0,7.630391417642364,4.313476010863673,0.011008193454162127,13,0,31.39999999999999,0.0,12.700000000000001,-41.4,1
R,22,TSU,30.0,2.0,MEDIUM,25.0,86.86,47.8,6.2285110035911835,inf,0,32.3,53.3,7.284709803244304,4.78655367403746,0.020943318089842882,8,0,34.599999999999994,0.0,11.9,-43.2,1
R,22,TSU,31.0,2.0,MEDIUM,26.0,86.86,46.0,6.26530121273771,inf,0,32.3,54.1,7.306462757250282,4.781959512384542,0.0244080159341121,11,0,28.00000000000001,0.0,12.700000000000001,-45.0,1
R,22,TSU,32.0,2.0,MEDIUM,27.0,86.625,44.199999999999996,6.300785794663244,inf,0,32.7,53.9,7.251000647115363,4.666042269926787,0.015957562823630214,9,0,36.800000000000026,0.0,11.700000000000001,-46.800000000000004,1
R,22,TSU,33.0,2.0,MEDIUM,28.0,86.751,42.4,6.335054251498059,inf,0,32.7,53.8,7.207522306033716,4.632305794914826,0.007213861061181973,11,0,39.90000000000001,0.0,12.3,-48.6,1
R,22,TSU,34.0,2.0,MEDIUM,29.0,86.634,40.6,6.368187186350492,inf,0,32.8,54.2,7.138968426820209,4.632732298051787,0.01107211216585602,13,0,40.7,0.0,11.4,-50.4,1
R,22,TSU,35.0,2.0,MEDIUM,30.0,86.696,38.8,6.398594934535208,inf,0,32.9,54.2,7.252461787887366,4.743214822095967,0.016589249157339888,10,0,39.90000000000001,0.0,11.600000000000001,-52.2,1
R,22,TSU,36.0,2.0,MEDIUM,31.0,86.408,37.0,6.429719478039138,inf,0,32.8,53.7,7.340830224944047,4.851033148471753,0.016184731291074984,11,0,35.79999999999998,0.0,11.600000000000001,-54.0,1
R,22,TSU,37.0,2.0,MEDIUM,32.0,86.383,35.2,6.45833828334479,inf,0,32.8,53.6,7.22881190176982,4.740230252636625,0.011750559334125183,10,0,36.89999999999999,0.0,12.700000000000001,-55.800000000000004,1
R,22,TSU,38.0,2.0,MEDIUM,33.0,86.612,33.39999999999999,6.487684018484611,inf,0,32.8,53.7,7.267001182429101,4.725342576425635,0.003589723094717988,8,0,38.399999999999984,0.0,10.200000000000001,-57.6,1
R,22,TSU,39.0,2.0,MEDIUM,34.0,86.607,31.599999999999994,6.516193076042964,inf,0,32.7,53.1,7.224575176608289,4.701059393803501,0.0026672231262702653,13,0,31.9,0.0,10.600000000000001,-59.4,1
R,22,TSU,40.0,2.0,MEDIUM,35.0,86.892,29.799999999999997,6.542471960506805,inf,0,32.8,53.4,7.109020207313373,4.605752026965083,0.007835626735097401,11,0,38.80000000000001,0.0,11.600000000000001,-61.2,1
R,22,TSU,41.0,2.0,MEDIUM,36.0,87.25,28.0,6.570882962339584,inf,0,32.7,53.0,7.637129388025166,5.254123377497597,0.10667898804059156,10,0,38.8,0.0,15.700000000000001,-63.0,1
R,22,TSU,42.0,2.0,MEDIUM,37.0,86.32,26.200000000000003,6.595780513961311,inf,0,32.8,52.9,7.327594628949285,5.13294616310849,0.1716006477287594,9,0,31.90000000000001,0.0,13.8,-64.8,1
R,22,TSU,43.0,2.0,MEDIUM,38.0,86.789,24.39999999999999,6.617402977974478,inf,0,32.6,52.9,7.320553476012506,4.92948572698104,0.09147280113135556,10,0,27.79999999999998,0.0,13.600000000000001,-66.60000000000001,1
R,22,TSU,44.0,2.0,MEDIUM,39.0,86.494,22.599999999999994,6.642486801367256,inf,0,32.5,53.0,7.248220622596296,4.756939560546469,0.0426900071764944,9,0,25.1,0.0,12.8,-68.4,1
R,22,TSU,45.0,2.0,MEDIUM,40.0,86.533,20.799999999999997,6.666956792429207,inf,0,32.6,52.7,7.265236467864652,4.834775207148409,0.05392662525373935,11,0,29.700000000000024,0.0,12.5,-70.2,1
R,22,TSU,46.0,2.0,MEDIUM,41.0,86.495,19.0,6.690842277418564,inf,0,32.6,52.7,7.124847243449841,4.625863722001462,0.01629304857844943,13,0,35.50000000000001,0.0,12.0,-72.0,1
R,22,TSU,47.0,2.0,MEDIUM,42.0,86.589,17.200000000000003,6.71295620067707,inf,0,32.8,52.7,7.225573814358322,4.741854455329382,0.018137402308520244,11,0,39.499999999999986,0.0,11.700000000000001,-73.8,1
R,22,TSU,48.0,2.0,MEDIUM,43.0,86.613,15.399999999999991,6.734591659972948,inf,0,32.8,52.0,7.17979146316897,4.639904997736459,0.013257168990726643,12,0,40.59999999999998,0.0,11.4,-75.60000000000001,1
R,22,TSU,49.0,2.0,MEDIUM,44.0,86.53,13.599999999999994,6.754604099487962,inf,0,32.6,52.5,7.138258334023334,4.615021913009108,0.01224530449110516,11,0,34.8,0.0,12.600000000000001,-77.4,1
R,22,TSU,50.0,2.0,MEDIUM,45.0,86.694,11.799999999999997,6.776506992372183,inf,0,32.7,52.3,7.222975254698028,4.7271689160547865,0.012325934150787131,12,0,39.80000000000002,0.0,11.3,-79.2,1
R,22,TSU,51.0,2.0,MEDIUM,46.0,86.755,10.0,6.79794041297493,inf,0,32.7,51.8,7.24217303107308,4.731668339737212,0.007705547993201475,11,0,37.59999999999997,0.0,12.0,-81.0,1
R,22,TSU,52.0,2.0,MEDIUM,47.0,86.82,8.200000000000003,6.818924065275521,inf,0,32.6,52.2,7.221755411274147,4.684042380584325,0.008636990778957625,8,0,37.300000000000004,0.0,11.3,-82.8,1
R,22,TSU,53.0,2.0,MEDIUM,48.0,86.64,6.3999999999999915,6.838405200847344,inf,0,32.6,51.9,7.2175418805379286,4.679725634335881,0.0024968077607423786,11,0,37.6,0.0,12.3,-84.60000000000001,1
R,23,ALB,1.0,1.0,MEDIUM,1.0,97.381,100.0,2.8903717578961645,inf,1,31.8,55.8,7.322904336835503,5.17717327003046,1.6296258680064266,13,1,37.00000000000001,3.3999999999999972,14.600000000000001,0.0,1
R,23,ALB,2.0,1.0,MEDIUM,2.0,90.395,98.2,3.6375861597263857,inf,0,32.0,56.2,6.0925777782629185,4.35028218642765,0.8809172745312673,14,1,27.60000000000002,2.8999999999999972,13.200000000000001,-1.8,1
R,23,ALB,7.0,2.0,HARD,1.0,89.017,89.2,4.23410650459726,inf,1,32.5,56.3,6.331812158884459,4.623221556599721,1.1631243548773906,12,1,32.3,2.800000000000003,12.100000000000001,0.0,1
R,23,ALB,8.0,2.0,HARD,2.0,88.244,87.4,4.499809670330265,inf,0,32.4,56.2,5.129722457955787,4.7335748278119025,2.03752143736974,14,1,27.900000000000023,2.4999999999999987,14.0,-1.8,1
R,23,ALB,9.0,2.0,HARD,3.0,87.844,85.6,4.6913478822291435,inf,0,32.5,56.4,5.956586369900762,4.0144985661067025,0.5382102710295026,11,1,30.4,3.100000000000007,11.4,-3.6,1
R,23,ALB,10.0,2.0,HARD,4.0,88.151,83.8,4.867534450455582,inf,0,32.4,55.8,6.376006557527337,4.8642412760860045,1.0409843219865116,13,0,26.000000000000018,0.0,12.3,-5.4,1
R,23,ALB,11.0,2.0,HARD,5.0,88.044,82.0,5.017279836814924,inf,0,32.4,55.8,6.217630211235669,4.467748131154464,0.8454427653310373,14,1,32.70000000000001,3.100000000000007,9.3,-7.2,1
R,23,ALB,12.0,2.0,HARD,6.0,87.078,80.2,5.14166355650266,inf,0,32.4,55.3,6.323430855322332,4.192412480721162,0.38901200160849536,13,1,41.000000000000014,3.2000000000000015,9.9,-9.0,1
R,23,ALB,13.0,2.0,HARD,7.0,87.066,78.4,5.25227342804663,inf,0,32.4,54.9,6.415186648247259,4.446413030589147,0.4363444151928268,11,1,33.70000000000003,3.300000000000003,10.600000000000001,-10.8,1
R,23,ALB,14.0,2.0,HARD,8.0,87.405,76.6,5.3471075307174685,inf,0,32.5,55.4,6.155024422285939,4.425681286406629,0.7428520277697929,11,0,28.299999999999997,0.0,10.9,-12.6,1
R,23,ALB,15.0,2.0,HARD,9.0,87.772,74.8,5.442417710521793,inf,0,32.6,53.8,5.852129147548232,4.927764704769549,1.3516218309386474,12,1,28.400000000000016,2.6,10.5,-14.4,1
R,23,ALB,16.0,2.0,HARD,10.0,87.356,73.0,5.529429087511423,inf,0,32.6,54.9,5.445279554800691,4.807678476626116,1.6739433020683485,10,0,30.1,0.0,12.3,-16.2,1
R,23,ALB,17.0,2.0,HARD,11.0,87.29,71.2,5.60947179518496,inf,0,32.7,54.7,5.438257553515417,4.717333493582242,1.461942554691538,13,1,35.79999999999999,0.40000000000000424,10.3,-18.0,1
R,23,ALB,18.0,2.0,HARD,12.0,87.195,69.4,5.683579767338681,inf,0,32.6,54.4,5.565523185099531,4.888041554659627,1.6134642109860697,13,0,29.799999999999994,0.0,13.3,-19.8,1
R,23,ALB,19.0,2.0,HARD,13.0,87.073,67.6,5.752572638825633,inf,0,32.6,54.2,6.54894061550087,4.449300580161057,0.34092762612182076,11,0,40.70000000000002,0.0,9.700000000000001,-21.6,1
R,23,ALB,20.0,2.0,HARD,14.0,87.018,65.8,5.814130531825066,inf,0,32.5,54.6,5.862300789530859,4.745204165733088,1.389689967298213,14,0,37.40000000000002,0.0,12.4,-23.400000000000002,1
R,23,ALB,22.0,2.0,HARD,16.0,86.992,62.199999999999996,5.926926025970411,inf,0,32.4,53.8,6.187769293509069,4.940994551832962,1.2244676867057893,12,2,31.599999999999998,2.7,10.5,-27.0,1
R,23,ALB,23.0,2.0,HARD,17.0,87.064,60.4,5.978885764901122,inf,0,32.5,54.1,6.33452981435911,4.613360049797713,0.6566379268406033,13,1,34.29999999999999,2.9999999999999987,10.0,-28.8,1
R,23,ALB,24.0,2.0,HARD,18.0,86.975,58.6,6.025865973825314,inf,0,32.4,53.5,5.7225193496069515,4.251046360263711,0.7595586262319624,14,1,24.99999999999999,3.1,10.5,-30.6,1
R,23,ALB,25.0,2.0,HARD,19.0,86.978,56.8,6.073044534100405,inf,0,32.4,53.2,6.240690819004468,4.6621756653035025,0.7629316250029795,12,1,33.89999999999998,3.6,9.8,-32.4,1
R,23,ALB,26.0,2.0,HARD,20.0,87.13,55.0,6.113682179832232,inf,0,32.5,54.0,6.267276332868667,4.740295614987863,0.7432350492790784,13,1,33.900000000000006,1.5000000000000058,9.8,-34.2,1
R,23,ALB,27.0,2.0,HARD,21.0,91.758,53.199999999999996,6.150602768446279,inf,1,32.5,54.3,5.734017374284686,4.880848777052142,0.3597333023657941,9,0,27.90000000000001,0.0,13.700000000000001,-36.0,1
R,23,ALB,28.0,2.0,HARD,22.0,110.739,51.4,6.175867270105761,inf,1,32.5,53.5,3.1130924217933096,3.5723763509790047,2.004999999999992,3,0,13.39999999999999,0.0,16.3,-37.800000000000004,0
R,23,ALB,29.0,2.0,HARD,23.0,86.935,49.6,6.20050917404269,inf,0,32.4,53.7,6.825868841502327,4.330794792587801,0.06175334025264213,11,0,45.19999999999999,0.0,9.200000000000001,-39.6,1
R,23,ALB,30.0,2.0,HARD,24.0,87.063,47.8,6.236369590203704,inf,0,32.3,53.3,6.751413230102149,4.263593027096211,0.18494449159697265,11,1,38.699999999999996,3.2000000000000015,8.9,-41.4,1
R,23,ALB,31.0,2.0,HARD,25.0,87.192,46.0,6.272877006546167,inf,0,32.5,53.9,6.357399199258593,4.452654394619692,0.7884953607540756,11,0,35.799999999999976,0.0,10.9,-43.2,1
R,23,ALB,32.0,2.0,HARD,26.0,86.909,44.199999999999996,6.3080984415095305,inf,0,32.7,53.9,6.31668102028366,4.4609231615953195,0.7759304575143722,11,0,35.300000000000004,0.0,10.100000000000001,-45.0,1
R,23,ALB,33.0,2.0,HARD,27.0,86.973,42.4,6.342121418721152,inf,0,32.7,54.5,6.565993811147971,3.9644247515745223,0.016420661220023076,13,0,43.499999999999986,0.0,8.200000000000001,-46.800000000000004,1
R,23,ALB,34.0,2.0,HARD,28.0,87.059,40.6,6.375024819828097,inf,0,32.8,54.2,6.63153717971226,4.185223357018637,0.1798895920267068,11,1,37.000000000000014,3.6,9.9,-48.6,1
R,23,ALB,35.0,2.0,HARD,29.0,86.811,38.8,6.405228458030842,inf,0,32.9,54.2,6.575184240792571,4.427716776475749,0.5175049512148091,11,1,36.50000000000003,3.6,8.700000000000001,-50.4,1
R,23,ALB,36.0,2.0,HARD,30.0,86.742,37.0,6.436150368369428,inf,0,32.8,53.7,6.558098403519722,3.969895341949597,0.05805595201500046,11,0,41.500000000000036,0.0,8.4,-52.2,1
R,23,ALB,37.0,2.0,HARD,31.0,86.955,35.2,6.466144724237619,inf,0,32.8,53.6,6.6188375281915555,4.1892145108927235,0.1604196362918667,10,1,34.50000000000001,3.300000000000003,9.1,-54.0,1
R,23,ALB,38.0,2.0,HARD,32.0,86.851,33.39999999999999,6.495265555937008,inf,0,32.7,53.8,6.479148809286633,4.444992550464909,0.5825883014150911,13,1,38.20000000000003,3.2000000000000015,8.8,-55.800000000000004,1
R,23,ALB,39.0,2.0,HARD,33.0,87.069,31.599999999999994,6.523562306149512,inf,0,32.7,53.1,6.621148794735667,4.192239214476437,0.08814878090985469,12,0,43.6,0.0,8.200000000000001,-57.6,1
R,23,ALB,40.0,2.0,HARD,34.0,86.977,29.799999999999997,6.54965074223381,inf,0,32.8,53.1,6.581786308496246,4.048561641551062,0.05362740949470227,10,1,37.9,3.7000000000000015,8.5,-59.4,1
R,23,ALB,41.0,2.0,HARD,35.0,86.842,28.0,6.576469569048224,inf,0,32.7,53.0,6.518871464192694,3.953632496449259,0.02301687061865625,10,0,44.9,0.0,8.9,-61.2,1
R,23,ALB,43.0,2.0,HARD,37.0,87.742,24.39999999999999,6.625392368007956,inf,0,32.6,52.9,5.207495725715038,4.42629926444363,1.8276525677972926,13,1,31.29999999999999,2.9000000000000044,10.700000000000001,-64.8,1
R,23,ALB,44.0,2.0,HARD,38.0,87.563,22.599999999999994,6.650279048587422,inf,0,32.5,53.0,5.735829726318077,4.642152290533789,1.4458673515326195,8,0,33.4,0.0,11.100000000000001,-66.60000000000001,1
R,23,ALB,45.0,2.0,HARD,39.0,87.258,20.799999999999997,6.674561391814426,inf,0,32.6,52.7,6.274694054744559,4.522833911664975,0.7971414887554018,11,1,31.800000000000033,2.9999999999999987,9.0,-68.4,1
R,23,ALB,48.0,3.0,SOFT,1.0,90.011,15.399999999999991,6.748759547491679,inf,1,32.6,52.5,4.619620299872443,4.63065749253835,2.784424458225066,11,2,29.599999999999987,2.0999999999999988,10.700000000000001,0.0,1
R,23,ALB,49.0,3.0,SOFT,2.0,85.456,13.599999999999994,6.77078942390898,inf,0,32.6,52.6,4.141764530581856,4.535716688170893,2.4879575246076033,18,1,36.6,1.8999999999999972,9.5,-1.8,1
R,23,ALB,50.0,3.0,SOFT,3.0,85.783,11.799999999999997,6.792344427470809,inf,0,32.7,51.8,4.7946845012468735,5.272333587166743,2.1514243274474505,11,1,37.199999999999996,3.1,10.8,-3.6,1
R,23,ALB,51.0,3.0,SOFT,4.0,86.164,10.0,6.813444599510896,inf,0,32.6,52.4,5.483327515153473,4.01804637667894,0.951661261792869,11,1,33.499999999999986,2.9000000000000044,10.100000000000001,-5.4,1
R,23,ALB,52.0,3.0,SOFT,5.0,85.341,8.200000000000003,6.833031732786201,inf,0,32.6,51.9,5.137035564061669,4.937571936828671,1.9406872018357615,16,0,32.69999999999998,0.0,11.700000000000001,-7.2,1
R,27,HUL,1.0,1.0,MEDIUM,1.0,95.032,100.0,2.5649493574615367,inf,1,31.8,55.8,7.000677192964614,6.719954742347374,2.1148888608534935,12,0,36.40000000000003,0.0,15.5,0.0,1
R,27,HUL,2.0,1.0,MEDIUM,2.0,87.941,98.2,3.4965075614664802,inf,0,32.0,56.2,6.255463463430965,6.103087978598291,1.8970707372874076,11,0,40.09999999999999,0.0,14.100000000000001,-1.8,1
R,27,HUL,6.0,2.0,HARD,1.0,140.996,91.0,3.784189633918261,inf,1,32.5,56.4,7.542679978009404,7.435398538602783,2.239255795789295,15,0,40.500000000000036,0.0,19.5,0.0,0
R,27,HUL,7.0,2.0,HARD,2.0,88.531,89.2,4.127134385045092,inf,1,32.5,56.3,6.148270823050488,6.619764287173753,1.989324165407221,10,1,37.29999999999998,0.7000000000000014,14.9,-1.8,1
R,27,HUL,8.0,2.0,HARD,3.0,88.742,87.4,4.430816798843313,inf,1,32.4,56.2,6.279835098282599,6.218548215283686,1.7265896281965032,12,1,40.49999999999998,0.39999999999999714,13.600000000000001,-3.6,1
R,27,HUL,9.0,2.0,HARD,4.0,87.005,85.6,4.6443908991413725,inf,0,32.5,56.4,6.106768076461084,6.04909206875295,1.9061430964818307,12,0,34.09999999999999,0.0,11.200000000000001,-5.4,1
R,27,HUL,10.0,2.0,HARD,5.0,87.082,83.8,4.8283137373023015,inf,0,32.4,55.8,6.160434305086847,5.972722609069434,1.7576666419991953,12,0,31.500000000000007,0.0,10.200000000000001,-7.2,1
R,27,HUL,11.0,2.0,HARD,6.0,88.411,82.0,4.983606621708336,inf,1,32.4,55.8,5.362157269112288,6.559389017616766,2.520874667125875,12,0,24.70000000000001,0.0,14.8,-9.0,1
R,27,HUL,12.0,2.0,HARD,7.0,87.856,80.2,5.111987788356544,inf,0,32.5,55.8,6.603546508473137,5.995679475045465,1.5254639538695571,10,0,36.6,0.0,11.5,-10.8,1
R,27,HUL,13.0,2.0,HARD,8.0,87.54,78.4,5.225746673713202,inf,0,32.4,54.9,7.258540065245455,5.282096801753952,0.3789282661911579,9,0,43.09999999999997,0.0,9.1,-12.6,1
R,27,HUL,14.0,2.0,HARD,9.0,87.394,76.6,5.3230099791384085,inf,0,32.5,55.4,7.141151040328005,5.559539905174055,0.741777143276386,19,0,41.3,0.0,10.200000000000001,-14.4,1
R,27,HUL,15.0,2.0,HARD,10.0,87.629,74.8,5.420534999272286,inf,0,32.6,53.8,7.342864961386288,5.10550547279896,0.17143726035450796,16,0,34.899999999999984,0.0,9.3,-16.2,1
R,27,HUL,16.0,2.0,HARD,11.0,88.638,73.0,5.517452896464707,inf,1,32.6,54.9,6.346800660885325,6.047200499568146,1.784914113636809,15,0,36.10000000000001,0.0,12.600000000000001,-18.0,1
R,27,HUL,17.0,2.0,HARD,12.0,86.977,71.2,5.598421958998375,inf,0,32.7,54.7,5.917760590381421,6.259244403064349,1.8614177131238714,11,1,32.49999999999997,0.6,12.5,-19.8,1
R,27,HUL,18.0,2.0,HARD,13.0,86.453,69.4,5.66988092298052,inf,0,32.6,54.4,6.360768465804412,5.856109036423643,1.4709281139076993,13,1,37.10000000000002,0.6,10.100000000000001,-21.6,1
R,27,HUL,19.0,2.0,HARD,14.0,86.662,67.6,5.739792912179234,inf,0,32.6,54.2,6.681163212542691,5.6355001025312195,1.1338278463409093,14,0,38.09999999999998,0.0,10.100000000000001,-23.400000000000002,1
R,27,HUL,20.0,2.0,HARD,15.0,86.345,65.8,5.802118375377063,inf,0,32.5,54.6,6.355471447326389,5.8365402354968,1.4736189668226247,14,0,33.69999999999998,0.0,9.700000000000001,-25.2,1
R,27,HUL,21.0,2.0,HARD,16.0,86.672,64.0,5.863631175598097,inf,0,32.5,53.8,6.269184573471398,5.672613677031797,1.4666783642960335,12,0,36.60000000000001,0.0,10.0,-27.0,1
R,27,HUL,23.0,2.0,HARD,18.0,86.917,60.4,5.971261839790462,inf,0,32.5,54.0,6.041153456717593,5.920518232746854,1.66297766524471,13,1,29.400000000000016,0.3000000000000028,11.600000000000001,-30.6,1
R,27,HUL,24.0,2.0,HARD,19.0,86.544,58.6,6.018593214496234,inf,0,32.4,53.5,6.2801473680741555,5.581518925354267,1.5121826860725611,15,0,28.50000000000003,0.0,9.9,-32.4,1
R,27,HUL,25.0,2.0,HARD,20.0,86.76,56.8,6.066108090103747,inf,0,32.4,53.2,6.459142141850755,5.678767848972772,1.4071735130645835,15,0,35.800000000000004,0.0,9.5,-34.2,1
R,27,HUL,26.0,2.0,HARD,21.0,86.533,55.0,6.1070228877422545,inf,0,32.5,54.0,6.261793187841409,5.337658458191475,1.3610013662152973,11,0,27.100000000000012,0.0,9.1,-36.0,1
R,27,HUL,30.0,3.0,MEDIUM,1.0,86.734,47.8,6.238324625039508,inf,0,32.3,53.3,7.351485241717285,4.756425816550493,0.022930114393322112,17,0,34.4,0.0,9.4,0.0,1
R,27,HUL,31.0,3.0,MEDIUM,2.0,86.407,46.0,6.274762021241939,inf,0,32.5,53.9,7.273239500302708,4.652247965445626,0.02409307859502187,15,0,34.0,0.0,8.5,-1.8,1
R,27,HUL,32.0,3.0,MEDIUM,3.0,86.398,44.199999999999996,6.309918278226516,inf,0,32.7,53.9,7.213743356273909,4.6287250665700395,0.018114062147116337,12,0,34.59999999999999,0.0,8.1,-3.6,1
R,27,HUL,33.0,3.0,MEDIUM,4.0,86.249,42.4,6.343880434126331,inf,0,32.7,54.5,7.318177456435695,4.660320677820844,0.021304911404813772,14,0,36.10000000000002,0.0,8.0,-5.4,1
R,27,HUL,34.0,3.0,MEDIUM,5.0,86.196,40.6,6.376726947898627,inf,0,32.8,54.2,7.307400582436601,4.742026562389588,0.020135892022160533,11,0,36.40000000000001,0.0,8.0,-7.2,1
R,27,HUL,35.0,3.0,MEDIUM,6.0,86.033,38.8,6.406879986069314,inf,0,32.8,53.8,7.309967395119627,4.603635601363254,0.013770661806978717,16,0,38.69999999999999,0.0,7.300000000000001,-9.0,1
R,27,HUL,36.0,3.0,MEDIUM,7.0,86.017,37.0,6.437751649736401,inf,0,32.8,53.7,7.0994755311372915,4.486683527041688,0.01673703800865138,18,0,38.500000000000014,0.0,7.6000000000000005,-10.8,1
R,27,HUL,37.0,3.0,MEDIUM,8.0,85.975,35.2,6.467698726104354,inf,0,32.8,53.6,7.021999349353821,4.348286335664212,0.007471906850195319,16,0,40.50000000000002,0.0,8.700000000000001,-12.6,1
R,27,HUL,38.0,3.0,MEDIUM,9.0,86.093,33.39999999999999,6.4967749901858625,inf,0,32.7,53.8,7.419308230378542,4.876363855340283,0.09614261872359,10,0,36.0,0.0,7.9,-14.4,1
R,27,HUL,39.0,3.0,MEDIUM,10.0,85.893,31.599999999999994,6.525029657843462,inf,0,32.7,53.1,7.16914883122724,4.710616866870082,0.053760792803308345,13,0,35.0,0.0,7.4,-16.2,1
R,27,HUL,40.0,3.0,MEDIUM,11.0,85.991,29.799999999999997,6.551080335043404,inf,0,32.8,53.1,7.137408899795006,4.907745232810862,0.36935261133539776,16,0,43.0,0.0,8.3,-18.0,1
R,27,HUL,41.0,3.0,MEDIUM,12.0,85.757,28.0,6.577861357721047,inf,0,32.7,53.0,6.946937870243268,4.855286395584817,0.35611116568428963,17,0,37.20000000000001,0.0,8.4,-19.8,1
R,27,HUL,42.0,3.0,MEDIUM,13.0,85.648,26.200000000000003,6.601230118728877,inf,0,32.7,53.3,6.157679733774957,5.204874466996649,1.3966817942034089,16,0,39.400000000000034,0.0,7.9,-21.6,1
R,27,HUL,43.0,3.0,MEDIUM,14.0,85.382,24.39999999999999,6.6240652277998935,inf,0,32.6,52.9,7.240975068502307,4.962652414962311,0.042252341257881555,13,0,31.299999999999997,0.0,8.3,-23.400000000000002,1
R,27,HUL,44.0,3.0,MEDIUM,15.0,86.052,22.599999999999994,6.648984550024776,inf,0,32.5,53.0,6.9279136494787465,4.765125330405524,0.40381835806932537,12,0,26.999999999999996,0.0,8.4,-25.2,1
R,27,HUL,45.0,3.0,MEDIUM,16.0,85.567,20.799999999999997,6.673297967767654,inf,0,32.6,52.7,6.310069908847717,5.149399666735653,1.2819157535934882,15,0,43.29999999999998,0.0,8.700000000000001,-27.0,1
R,27,HUL,46.0,3.0,MEDIUM,17.0,86.659,19.0,6.697034247666484,inf,0,32.6,52.7,5.770570896096197,5.693332620930616,1.7921412998117285,15,0,32.40000000000001,0.0,11.3,-28.8,1
R,27,HUL,47.0,3.0,MEDIUM,18.0,85.67,17.200000000000003,6.716594773520978,inf,0,32.8,52.3,6.887384369989739,4.911371591966482,0.34857487740471055,15,1,35.09999999999999,0.39999999999999714,8.200000000000001,-30.6,1
R,27,HUL,48.0,3.0,MEDIUM,19.0,86.256,15.399999999999991,6.738152494595957,inf,0,32.8,52.0,7.342774544022502,4.694280577638779,0.03592064826892105,14,0,36.300000000000026,0.0,7.300000000000001,-32.4,1
R,27,HUL,49.0,3.0,MEDIUM,20.0,85.912,13.599999999999994,6.7580945044277305,inf,0,32.6,52.6,7.060231667107066,4.636804446049865,0.2435218377774669,13,0,30.799999999999994,0.0,7.6000000000000005,-34.2,1
R,27,HUL,50.0,3.0,MEDIUM,21.0,85.947,11.799999999999997,6.779921907472252,inf,0,32.7,52.3,6.884079506557654,4.72463314364784,0.5563946421138529,18,0,36.29999999999999,0.0,8.1,-36.0,1
R,27,HUL,51.0,3.0,MEDIUM,22.0,85.71,10.0,6.80128303447162,inf,0,32.7,51.8,6.694155594296138,4.7963623921836795,0.7218582598713851,18,0,35.699999999999974,0.0,7.7,-37.800000000000004,1
R,27,HUL,52.0,3.0,MEDIUM,23.0,84.927,8.200000000000003,6.822197390620491,inf,0,32.6,52.2,6.1634991144262905,5.168585699283659,1.4330163484241019,12,0,46.29999999999999,0.0,8.4,-39.6,1
R,27,HUL,53.0,3.0,MEDIUM,24.0,84.364,6.3999999999999915,6.840546529288687,inf,0,32.6,51.9,5.99269383130096,5.02785124178768,1.4412304814914163,11,0,36.89999999999995,0.0,7.5,-41.4,1
R,3,VER,1.0,1.0,SOFT,1.0,89.682,100.0,1.3862943611198906,inf,1,31.8,55.8,7.223235807314207,7.113052607833389,1.90754459158898,13,1,35.20000000000002,0.40000000000000424,14.3,0.0,1
R,3,VER,2.0,1.0,SOFT,2.0,87.174,98.2,3.1354942159291497,inf,0,32.0,56.2,6.068413062123424,7.2870479246765925,1.8995467015237968,15,0,32.6,0.0,13.0,-1.8,1
R,3,VER,7.0,2.0,MEDIUM,1.0,86.328,89.2,3.970291913552122,inf,0,32.5,56.3,6.001261380719132,6.974862199626246,1.9221386984648419,14,0,29.500000000000007,0.0,13.5,0.0,1
R,3,VER,8.0,2.0,MEDIUM,2.0,86.407,87.4,4.304065093204169,inf,0,32.4,56.8,6.533110710311142,6.556802155293277,1.7813782941910292,15,0,28.000000000000043,0.0,12.9,-1.8,1
R,3,VER,9.0,2.0,MEDIUM,3.0,86.096,85.6,4.543294782270004,inf,0,32.5,56.4,6.570674277248973,6.214182236302533,1.548089455996026,15,0,30.499999999999975,0.0,12.3,-3.6,1
R,3,VER,10.0,2.0,MEDIUM,4.0,85.609,83.8,4.74493212836325,inf,0,32.4,56.2,6.537072252544842,6.800037065892485,1.5011830965090183,11,0,41.70000000000002,0.0,12.3,-5.4,1
R,3,VER,11.0,2.0,MEDIUM,5.0,86.154,82.0,4.912654885736052,inf,0,32.4,55.8,6.328840141049152,6.883747440384992,1.6649483601635449,14,0,34.99999999999997,0.0,13.3,-7.2,1
R,3,VER,12.0,2.0,MEDIUM,6.0,86.438,80.2,5.049856007249537,inf,0,32.5,55.8,7.396080576867865,6.005431935557618,0.5908714907044318,12,0,38.5,0.0,10.3,-9.0,1
R,3,VER,13.0,2.0,MEDIUM,7.0,86.28,78.4,5.170483995038151,inf,0,32.4,54.9,7.372451566129984,5.894500955639277,0.5908289973374872,15,0,42.30000000000001,0.0,10.100000000000001,-10.8,1
R,3,VER,14.0,2.0,MEDIUM,8.0,86.411,76.6,5.278114659230518,inf,0,32.5,55.4,7.098943258701385,6.063332897152131,1.114343162011607,14,0,36.900000000000006,0.0,11.0,-12.6,1
R,3,VER,15.0,2.0,MEDIUM,9.0,86.958,74.8,5.37989735354046,inf,0,32.6,53.8,6.462511975398585,6.3867068388806265,1.8027974082514826,12,0,39.19999999999999,0.0,12.100000000000001,-14.4,1
R,3,VER,16.0,2.0,MEDIUM,10.0,86.445,73.0,5.476463551931511,inf,0,32.6,54.9,5.696803467779465,6.6268466447794,1.9772370320445232,17,0,32.10000000000001,0.0,14.0,-16.2,1
R,3,VER,17.0,2.0,MEDIUM,11.0,85.419,71.2,5.560681631015528,inf,0,32.6,54.9,5.9642917494763,6.598292558499816,1.9844620932886794,10,0,37.300000000000026,0.0,13.0,-18.0,1
R,3,VER,18.0,2.0,MEDIUM,12.0,85.467,69.4,5.638354669333745,inf,0,32.6,54.4,4.9598278453821285,7.176007426357016,2.3849231654721987,12,0,35.699999999999996,0.0,13.100000000000001,-19.8,1
R,3,VER,19.0,2.0,MEDIUM,13.0,86.426,67.6,5.71042701737487,inf,0,32.6,54.5,6.50170923399237,6.978459295319325,1.4034131837730959,11,0,36.100000000000016,0.0,12.9,-21.6,1
R,3,VER,20.0,2.0,MEDIUM,14.0,86.073,65.8,5.777652323222656,inf,0,32.5,54.6,6.745864204213803,6.308443163964615,1.5141934937498625,12,1,41.79999999999999,0.3000000000000028,11.9,-23.400000000000002,1
R,3,VER,21.0,2.0,MEDIUM,15.0,86.171,64.0,5.83773044716594,inf,0,32.5,54.4,6.847196277547246,6.566916363425403,1.5404947891825678,13,0,33.49999999999999,0.0,11.600000000000001,-25.2,1
R,3,VER,22.0,2.0,MEDIUM,16.0,86.062,62.199999999999996,5.8944028342648505,inf,0,32.4,53.8,6.469282258938031,6.451324691731075,1.7417445596458185,14,0,36.20000000000003,0.0,11.600000000000001,-27.0,1
R,3,VER,23.0,2.0,MEDIUM,17.0,85.85,60.4,5.945420608606575,inf,0,32.5,54.0,6.28434890027191,6.7607075671932435,1.8178755094180794,13,0,30.49999999999999,0.0,12.200000000000001,-28.8,1
R,3,VER,24.0,2.0,MEDIUM,18.0,85.725,58.6,5.993961427306569,inf,0,32.5,54.1,6.129972269262563,6.673768089282156,1.8891165193250845,11,0,31.400000000000006,0.0,11.9,-30.6,1
R,3,VER,25.0,2.0,MEDIUM,19.0,85.377,56.8,6.042632833682381,inf,0,32.4,53.2,6.148001697921124,6.547717866000841,1.905179311551859,15,0,34.90000000000002,0.0,12.5,-32.4,1
R,3,VER,26.0,2.0,MEDIUM,20.0,85.706,55.0,6.0844994130751715,inf,0,32.5,53.8,5.915932229129233,7.018386663467705,1.8938129822851242,12,0,30.900000000000023,0.0,12.3,-34.2,1
R,3,VER,27.0,2.0,MEDIUM,21.0,85.81,53.199999999999996,6.129050210060545,inf,0,32.5,54.3,6.192368491143586,6.752716494754605,1.8845319573944608,12,0,35.80000000000001,0.0,12.3,-36.0,1
R,3,VER,30.0,3.0,HARD,1.0,85.13,47.8,6.22455842927536,inf,0,32.3,53.3,5.986438693437237,6.798175564651329,1.701480482257115,12,0,41.00000000000001,0.0,12.5,0.0,1
R,3,VER,31.0,3.0,HARD,2.0,84.514,46.0,6.257667587882639,inf,0,32.3,54.1,5.546784264565828,6.544311319763205,2.0137226433257274,10,0,39.60000000000001,0.0,10.600000000000001,-1.8,1
R,3,VER,32.0,3.0,HARD,3.0,85.391,44.199999999999996,6.293419278846481,inf,0,32.7,53.9,5.231428313335096,7.092763923098049,2.3331806169371876,12,1,22.400000000000034,0.9000000000000042,16.0,-3.6,1
R,3,VER,33.0,3.0,HARD,4.0,84.9,42.4,6.324358962381311,inf,0,32.7,53.8,5.743865888705102,6.53834303133484,1.9606075987364202,10,1,35.70000000000001,0.49999999999999856,10.700000000000001,-5.4,1
R,3,VER,34.0,3.0,HARD,5.0,85.025,40.6,6.3578422665081,inf,0,32.7,54.5,6.211355343572386,6.37404778611811,1.82494774695685,12,0,33.50000000000001,0.0,11.700000000000001,-7.2,1
R,3,VER,35.0,3.0,HARD,6.0,84.816,38.8,6.38856140554563,inf,0,32.9,54.2,6.125003742042066,6.329591635923213,1.799104752412485,12,0,31.999999999999993,0.0,11.4,-9.0,1
R,3,VER,36.0,3.0,HARD,7.0,84.677,37.0,6.419994928147142,inf,0,32.8,53.8,5.843479024241256,6.257863541385891,1.8769813778813844,17,0,37.10000000000001,0.0,11.5,-10.8,1
R,3,VER,37.0,3.0,HARD,8.0,84.242,35.2,6.448889394146858,inf,0,32.8,53.6,4.867755492713327,6.303057919580539,2.300985755453326,12,0,38.29999999999999,0.0,11.700000000000001,-12.6,1
R,3,VER,38.0,3.0,HARD,9.0,84.705,33.39999999999999,6.478509642208569,inf,0,32.8,53.7,6.088382518295493,6.541550130692485,1.886600090184233,15,0,40.50000000000005,0.0,12.100000000000001,-14.4,1
R,3,VER,39.0,3.0,HARD,10.0,84.614,31.599999999999994,6.505784060128229,inf,0,32.7,53.1,5.40265185823213,6.29989477116146,1.9228124591351572,12,0,39.300000000000026,0.0,10.9,-16.2,1
R,3,VER,40.0,3.0,HARD,11.0,86.643,29.799999999999997,6.532334292222349,inf,1,32.8,53.4,6.463691831413647,6.140950216870066,1.6642556797588715,12,1,34.59999999999999,0.6,12.5,-18.0,1
R,3,VER,41.0,3.0,HARD,12.0,87.132,28.0,6.561030665896573,inf,1,32.8,53.1,5.999759797543196,6.460902512390632,1.759999999999991,11,0,35.00000000000003,0.0,14.3,-19.8,1
R,3,VER,43.0,3.0,HARD,14.0,85.03,24.39999999999999,6.60934924316738,inf,0,32.7,53.3,6.283957200931203,6.0662165527591085,1.666234690967757,10,1,35.099999999999966,3.6,11.3,-23.400000000000002,1
R,3,VER,44.0,3.0,HARD,15.0,85.158,22.599999999999994,6.633318433280377,inf,0,32.5,53.0,6.711486430195148,5.748683473075559,1.0004211104527487,13,0,40.09999999999999,0.0,10.100000000000001,-25.2,1
R,3,VER,45.0,3.0,HARD,16.0,85.411,20.799999999999997,6.658011045870748,inf,0,32.6,52.5,6.7516699200311185,5.601118697435932,0.8526420040003533,16,0,35.8,0.0,10.5,-27.0,1
R,3,VER,46.0,3.0,HARD,17.0,85.235,19.0,6.682108597449809,inf,0,32.6,52.7,6.8413228021997625,5.637222705232954,0.9150330238926797,14,0,30.999999999999996,0.0,10.100000000000001,-28.8,1
R,3,VER,47.0,3.0,HARD,18.0,85.209,17.200000000000003,6.704414354964107,inf,0,32.8,52.7,6.757081344269452,5.518394624145554,1.031684311175918,15,1,37.399999999999984,0.3000000000000028,9.600000000000001,-30.6,1
R,3,VER,48.0,3.0,HARD,19.0,84.844,15.399999999999991,6.726233402358747,inf,0,32.8,52.3,6.000261757784837,5.547239437828464,1.555975007352994,12,0,42.30000000000001,0.0,10.100000000000001,-32.4,1
R,3,VER,49.0,3.0,HARD,20.0,85.023,13.599999999999994,6.745236349484362,inf,0,32.6,52.5,6.64614471630624,5.809668446695559,1.180410519561112,14,0,34.19999999999999,0.0,9.3,-34.2,1
R,3,VER,50.0,3.0,HARD,21.0,85.392,11.799999999999997,6.767343125265392,inf,0,32.6,52.6,6.6745265949358155,5.648303551847,1.1929162652833523,14,0,39.00000000000001,0.0,9.700000000000001,-36.0,1
R,3,VER,51.0,3.0,HARD,22.0,85.419,10.0,6.78897174299217,inf,0,32.7,51.8,6.42712531516694,5.753007202542177,1.4917301046734677,14,0,32.30000000000001,0.0,10.0,-37.800000000000004,1
R,3,VER,52.0,3.0,HARD,23.0,85.373,8.200000000000003,6.810142450115136,inf,0,32.6,52.4,6.079644840904251,5.864817177575493,1.7315055570917763,17,0,32.799999999999976,0.0,10.8,-39.6,1
R,3,VER,53.0,3.0,HARD,24.0,84.804,6.3999999999999915,6.8308742346461795,inf,0,32.6,52.2,5.914824842062403,6.542197316538702,1.803736613537961,11,1,36.399999999999984,0.3000000000000028,11.4,-41.4,1
R,30,LAW,2.0,1.0,MEDIUM,1.0,88.836,98.2,3.58351893845611,inf,0,32.0,56.2,5.317755053455177,5.200315885381409,1.8409011370694035,13,0,29.200000000000006,0.0,19.200000000000003,0.0,1
R,30,LAW,6.0,2.0,HARD,1.0,134.843,91.0,3.8066624897703196,inf,1,32.5,56.4,7.48109571050888,5.72528373544754,1.7988425106577655,16,1,39.79999999999999,0.7000000000000085,26.0,0.0,0
R,30,LAW,7.0,2.0,HARD,2.0,88.26,89.2,4.143134726391533,inf,0,32.5,56.3,5.673393300861471,5.224108122196736,1.7221123673883274,17,0,29.69999999999999,0.0,16.900000000000002,-1.8,1
R,30,LAW,8.0,2.0,HARD,3.0,87.679,87.4,4.418840607796598,inf,0,32.4,56.2,6.0015643058156956,5.104720587088314,1.332965572447848,15,0,28.8,0.0,15.4,-3.6,1
R,30,LAW,9.0,2.0,HARD,4.0,86.838,85.6,4.634728988229636,inf,0,32.5,56.4,6.075658258240827,5.142207892989943,1.4309035330669464,17,0,26.899999999999988,0.0,14.700000000000001,-5.4,1
R,30,LAW,10.0,2.0,HARD,5.0,87.259,83.8,4.820281565605037,inf,0,32.4,55.8,5.505987693259483,5.3312500061893004,1.65595606051831,13,0,25.500000000000004,0.0,16.7,-7.2,1
R,30,LAW,11.0,2.0,HARD,6.0,88.705,82.0,4.976733742420574,inf,0,32.4,55.8,5.654259480689168,5.326008677264623,1.7421964583511058,12,0,34.800000000000004,0.0,16.900000000000002,-9.0,1
R,30,LAW,14.0,3.0,MEDIUM,1.0,87.044,76.6,5.3706380281276624,inf,0,32.5,55.0,6.857644908233665,4.2167843709667014,0.05863363922083019,11,0,41.09999999999999,0.0,13.600000000000001,0.0,1
R,30,LAW,15.0,3.0,MEDIUM,2.0,86.698,74.8,5.4638318050256105,inf,0,32.6,53.8,6.780493190022902,4.195726053205923,0.041262164148303956,10,0,41.80000000000002,0.0,13.200000000000001,-1.8,1
R,30,LAW,16.0,3.0,MEDIUM,3.0,86.544,73.0,5.54907608489522,inf,0,32.6,54.9,6.6540541534633295,3.995018123610799,0.011872721635202485,12,0,29.59999999999999,0.0,13.200000000000001,-3.6,1
R,30,LAW,17.0,3.0,MEDIUM,4.0,86.377,71.2,5.627621113690637,inf,0,32.7,54.7,6.619380041048537,4.0099764046000965,0.014324163058689604,13,0,31.799999999999986,0.0,11.5,-5.4,1
R,30,LAW,18.0,3.0,MEDIUM,5.0,86.313,69.4,5.700443573390686,inf,0,32.6,54.5,6.714942031677921,4.1395661071901,0.06923271564500663,15,0,35.700000000000024,0.0,13.200000000000001,-7.2,1
R,30,LAW,19.0,3.0,MEDIUM,6.0,86.181,67.6,5.768320995793772,inf,0,32.6,54.2,6.433290556362385,4.110475984914487,0.33534135960652317,14,0,31.89999999999998,0.0,11.0,-9.0,1
R,30,LAW,20.0,3.0,MEDIUM,7.0,86.294,65.8,5.8289456176102075,inf,0,32.5,54.4,6.026022672891372,4.538851285293308,1.0549544600716827,11,0,35.59999999999999,0.0,14.100000000000001,-10.8,1
R,30,LAW,21.0,3.0,MEDIUM,8.0,86.506,64.0,5.883322388488279,inf,0,32.5,53.8,6.3665748725073446,4.139846181544562,0.39542320485259935,13,0,34.499999999999986,0.0,13.0,-12.6,1
R,30,LAW,22.0,3.0,MEDIUM,9.0,86.352,62.199999999999996,5.934894195619588,inf,0,32.4,53.8,6.203894743204332,4.408356157542445,0.8131493354053374,15,0,31.400000000000006,0.0,14.5,-14.4,1
R,30,LAW,23.0,3.0,MEDIUM,10.0,86.313,60.4,5.986452005284438,inf,0,32.5,54.1,5.836091361716258,4.756115496743944,1.3843758931959311,14,0,28.599999999999994,0.0,15.4,-16.2,1
R,30,LAW,24.0,3.0,MEDIUM,11.0,87.045,58.6,6.028278520230698,inf,0,32.4,53.5,6.165490275868892,4.811265430105408,1.187667642503455,13,0,37.89999999999999,0.0,14.3,-18.0,1
R,30,LAW,25.0,3.0,MEDIUM,12.0,86.748,56.8,6.075346031088684,inf,0,32.5,53.8,6.740573658127394,4.121036410821115,0.027439786910084828,14,0,32.80000000000002,0.0,13.600000000000001,-19.8,1
R,30,LAW,26.0,3.0,MEDIUM,13.0,86.514,55.0,6.115892125483034,inf,0,32.5,54.0,6.589227516781908,3.9860702576561446,0.05296828641120039,14,0,37.699999999999996,0.0,12.100000000000001,-21.6,1
R,30,LAW,27.0,3.0,MEDIUM,14.0,97.509,53.199999999999996,6.152732694704104,inf,1,32.5,54.3,5.30725512569906,4.631382536125759,0.6675347013230671,6,0,21.9,0.0,16.3,-23.400000000000002,0
R,30,LAW,28.0,3.0,MEDIUM,15.0,105.3,51.4,6.1779441140506,inf,1,32.5,53.5,2.453433030227358,4.157961712485541,2.7961179623778762,6,0,11.900000000000011,0.0,22.3,-25.2,0
R,30,LAW,29.0,3.0,MEDIUM,16.0,86.251,49.6,6.206575926724928,inf,0,32.4,53.7,6.127173565527624,4.237519101884161,0.7516168035539946,15,0,31.499999999999996,0.0,12.9,-27.0,1
R,30,LAW,30.0,3.0,MEDIUM,17.0,86.343,47.8,6.244166900663736,inf,0,32.3,54.1,6.176087643133289,4.348984417174927,0.7900776647199704,18,0,31.70000000000004,0.0,12.9,-28.8,1
R,30,LAW,31.0,3.0,MEDIUM,18.0,86.071,46.0,6.280395838960195,inf,0,32.5,53.9,6.188968974305823,4.366226427649794,0.7824154081421767,18,0,30.100000000000016,0.0,12.8,-30.6,1
R,30,LAW,32.0,3.0,MEDIUM,19.0,86.097,44.199999999999996,6.315358001522335,inf,0,32.7,53.9,5.845088709123874,4.265654266860491,1.0366948611529876,17,0,30.500000000000018,0.0,13.9,-32.4,1
R,30,LAW,33.0,3.0,MEDIUM,20.0,85.838,42.4,6.349138991379798,inf,0,32.7,54.5,5.740033924107221,4.428204172727693,1.2598774117667477,11,0,43.29999999999997,0.0,13.5,-34.2,1
R,30,LAW,34.0,3.0,MEDIUM,21.0,85.728,40.6,6.3818160174060985,inf,0,32.8,54.2,5.709556853406431,4.593168997291796,1.370027596552483,7,0,32.79999999999999,0.0,13.700000000000001,-36.0,1
R,30,LAW,35.0,3.0,MEDIUM,22.0,85.662,38.8,6.411818267709897,inf,0,32.8,53.8,5.671254276183894,4.975472451374769,1.5504245868016053,12,0,34.70000000000003,0.0,14.3,-37.800000000000004,1
R,30,LAW,36.0,3.0,MEDIUM,23.0,85.777,37.0,6.440946540632921,inf,0,32.8,53.7,5.32225010661178,4.552092111583892,1.6989832551065944,11,0,31.900000000000002,0.0,13.5,-39.6,1
R,30,LAW,37.0,3.0,MEDIUM,24.0,85.917,35.2,6.470799503782602,inf,0,32.8,53.7,5.820507306978783,4.434266407932034,1.168050555953662,12,0,28.799999999999983,0.0,13.8,-41.4,1
R,30,LAW,38.0,3.0,MEDIUM,25.0,85.838,33.39999999999999,6.499787040655854,inf,0,32.7,53.8,5.944041935970437,4.1990024129407395,0.8776494907170321,11,0,36.10000000000001,0.0,14.0,-43.2,1
R,30,LAW,39.0,3.0,MEDIUM,26.0,85.776,31.599999999999994,6.52649485957079,inf,0,32.7,53.1,5.777446605863693,4.518198415528586,1.32608277733198,12,0,32.20000000000001,0.0,13.4,-45.0,1
R,30,LAW,40.0,3.0,MEDIUM,27.0,86.138,29.799999999999997,6.553933404025811,inf,0,32.8,53.1,6.004815719844254,4.4773212948411185,1.0170339595642348,16,0,39.09999999999998,0.0,14.100000000000001,-46.800000000000004,1
R,30,LAW,41.0,3.0,MEDIUM,28.0,85.898,28.0,6.580639137284949,inf,0,32.7,53.0,6.127097165184386,4.480204114536534,0.889840493935788,13,0,36.400000000000006,0.0,12.3,-48.6,1
R,30,LAW,42.0,3.0,MEDIUM,29.0,85.752,26.200000000000003,6.6039438246004725,inf,0,32.7,53.3,5.592594036123948,4.411891639042226,1.4042856703785995,14,0,30.600000000000005,0.0,13.9,-50.4,1
R,30,LAW,43.0,3.0,MEDIUM,30.0,85.731,24.39999999999999,6.628041376179533,inf,0,32.6,52.9,5.782315604812254,4.614335606234917,1.2953513897551228,9,1,41.900000000000006,1.0000000000000058,13.4,-52.2,1
R,30,LAW,44.0,3.0,MEDIUM,31.0,87.463,22.599999999999994,6.652863029353347,inf,1,32.6,52.5,5.722327018125914,4.565369430489489,1.2010531306333945,11,0,32.90000000000004,0.0,14.100000000000001,-54.0,1
R,30,LAW,45.0,3.0,MEDIUM,32.0,85.862,20.799999999999997,6.677083461247136,inf,0,32.6,52.7,5.857865860084873,4.458287066240928,1.1523315470753552,12,0,33.1,0.0,13.700000000000001,-55.800000000000004,1
R,30,LAW,46.0,3.0,MEDIUM,33.0,85.669,19.0,6.699500340161678,inf,0,32.6,52.7,5.537937949839092,4.509378069192627,1.3008129821958503,12,0,28.500000000000018,0.0,12.200000000000001,-57.6,1
R,30,LAW,47.0,3.0,MEDIUM,34.0,85.74,17.200000000000003,6.721425700790643,inf,0,32.8,52.3,5.658164596465012,4.23376685930678,1.1587226355343594,14,0,31.99999999999999,0.0,11.9,-59.4,1
R,30,LAW,48.0,3.0,MEDIUM,35.0,86.328,15.399999999999991,6.741700694652055,inf,0,32.8,52.0,5.688797337909528,4.374926309788508,1.3314483499837628,12,0,28.400000000000027,0.0,14.0,-61.2,1
R,30,LAW,49.0,3.0,MEDIUM,36.0,85.857,13.599999999999994,6.761572768804055,inf,0,32.6,52.6,5.708930184922974,4.402350676641494,1.206056314013026,11,0,31.5,0.0,14.0,-63.0,1
R,30,LAW,50.0,3.0,MEDIUM,37.0,85.81,11.799999999999997,6.78332520060396,inf,0,32.7,52.3,5.352739584682652,4.573518160898257,1.5557156069984566,19,0,31.599999999999998,0.0,14.5,-64.8,1
R,30,LAW,51.0,3.0,MEDIUM,38.0,86.13,10.0,6.804614520062624,inf,0,32.6,52.4,5.207520832359584,5.1421104523531955,1.675050613328872,15,0,34.6,0.0,16.0,-66.60000000000001,1
R,30,LAW,52.0,3.0,MEDIUM,39.0,85.861,8.200000000000003,6.824373670043086,inf,0,32.6,52.2,5.08922934949882,4.804494349735944,2.0662323565149254,9,0,29.600000000000026,0.0,13.700000000000001,-68.4,1
R,30,LAW,53.0,3.0,MEDIUM,40.0,85.578,6.3999999999999915,6.843749949006225,inf,0,32.6,51.9,5.495966544797512,4.637425213972079,1.6122316978351747,14,0,38.1,0.0,14.3,-70.2,1
R,31,OCO,1.0,1.0,SOFT,1.0,93.92,100.0,2.4849066497880004,inf,1,31.8,55.8,5.858364318071548,3.837619853227246,1.8929157338419467,15,0,35.1,0.0,15.0,0.0,1
R,31,OCO,2.0,1.0,SOFT,2.0,87.558,98.2,3.4011973816621555,inf,0,32.0,56.2,6.392490992438017,3.947675850047051,0.2770133030341825,10,0,41.099999999999994,0.0,10.4,-1.8,1
R,31,OCO,7.0,2.0,HARD,1.0,88.798,89.2,4.1588830833596715,inf,1,32.5,56.3,6.215262755953522,4.262259932757883,0.7178305383473371,14,0,35.29999999999998,0.0,10.5,0.0,1
R,31,OCO,8.0,2.0,HARD,2.0,88.213,87.4,4.442651256490317,inf,0,32.4,56.2,5.70805235962249,4.121579355863249,1.2221447247388304,13,0,34.00000000000004,0.0,9.8,-1.8,1
R,31,OCO,9.0,2.0,HARD,3.0,87.357,85.6,4.653960350157523,inf,0,32.5,56.4,6.4021262611207765,3.9274428270679507,0.2888464973018532,13,0,34.60000000000001,0.0,10.8,-3.6,1
R,31,OCO,10.0,2.0,HARD,4.0,87.462,83.8,4.836281906951478,inf,0,32.4,55.8,6.463240401999158,3.6963007482733445,0.029329555409460084,18,0,37.9,0.0,9.0,-5.4,1
R,31,OCO,11.0,2.0,HARD,5.0,87.862,82.0,4.990432586778736,inf,0,32.4,55.8,6.222822676063926,3.8898283908091638,0.5603995453794411,12,0,30.700000000000003,0.0,10.700000000000001,-7.2,1
R,31,OCO,12.0,2.0,HARD,6.0,88.095,80.2,5.117993812416755,inf,0,32.5,55.8,5.719321341507058,3.941312792739141,1.0551834487232374,15,0,35.20000000000002,0.0,10.9,-9.0,1
R,31,OCO,13.0,2.0,HARD,7.0,86.89,78.4,5.231108616854587,inf,0,32.4,54.9,5.721378155897341,3.6908081077022876,0.7754624801505872,9,0,41.20000000000001,0.0,9.3,-10.8,1
R,31,OCO,14.0,2.0,HARD,8.0,87.64,76.6,5.327876168789581,inf,0,32.5,55.4,6.076110937258908,3.8691800910296656,0.6702071729301807,14,0,42.50000000000001,0.0,9.0,-12.6,1
R,31,OCO,15.0,2.0,HARD,9.0,87.795,74.8,5.429345628954441,inf,0,32.6,53.8,5.543619604886354,4.043216990203814,1.3097558464624808,10,0,42.300000000000004,0.0,10.100000000000001,-14.4,1
R,31,OCO,16.0,2.0,HARD,10.0,87.285,73.0,5.5134287461649825,inf,0,32.6,54.9,5.636528994924852,3.868540965413391,0.9748724965410173,11,0,37.600000000000016,0.0,10.5,-16.2,1
R,31,OCO,17.0,2.0,HARD,11.0,87.129,71.2,5.594711379601839,inf,0,32.7,54.7,6.421192127288668,3.6158313025896027,0.029340178858085042,9,0,35.5,0.0,10.4,-18.0,1
R,31,OCO,18.0,2.0,HARD,12.0,87.507,69.4,5.673323267171493,inf,0,32.6,54.4,6.045131084074897,3.9351697313666385,0.7080917380888438,13,0,43.19999999999998,0.0,9.9,-19.8,1
R,31,OCO,19.0,2.0,HARD,13.0,86.937,67.6,5.7430031878094825,inf,0,32.6,54.2,6.118985371506033,3.777020737865687,0.431264102840027,10,0,36.49999999999997,0.0,10.0,-21.6,1
R,31,OCO,20.0,2.0,HARD,14.0,86.787,65.8,5.805134968916488,inf,0,32.5,54.6,6.164784601377301,3.6895259004120238,0.3512831682681541,13,0,40.0,0.0,10.5,-23.400000000000002,1
R,31,OCO,21.0,2.0,HARD,15.0,88.309,64.0,5.869296913133774,inf,0,32.5,53.8,5.780025046658539,3.9933962175851576,1.0061767506890869,14,0,32.09999999999998,0.0,11.0,-25.2,1
R,31,OCO,22.0,2.0,HARD,16.0,87.61,62.199999999999996,5.921578419643816,inf,0,32.4,53.8,6.098873801328296,3.8446801629609926,0.6151031769740722,11,0,39.9,0.0,11.4,-27.0,1
R,31,OCO,23.0,2.0,HARD,17.0,86.978,60.4,5.973809611869261,inf,0,32.5,54.1,5.913487592832745,3.8870696928801394,0.7782503797130096,12,0,34.60000000000003,0.0,10.8,-28.8,1
R,31,OCO,24.0,2.0,HARD,18.0,86.758,58.6,6.021023349349527,inf,0,32.4,53.5,5.916796796555814,3.9765010528586546,0.8347034523199867,12,0,35.80000000000002,0.0,10.200000000000001,-30.6,1
R,31,OCO,25.0,2.0,HARD,19.0,87.046,56.8,6.068425588244111,inf,0,32.4,53.2,6.267611635968702,3.7109689895147904,0.33089277379634596,13,0,41.5,0.0,10.200000000000001,-32.4,1
R,31,OCO,26.0,2.0,HARD,20.0,88.014,55.0,6.1092475827643655,inf,0,32.5,54.0,6.395531268288663,3.6077841216037045,0.04089111366968088,8,0,35.199999999999996,0.0,10.600000000000001,-34.2,1
R,31,OCO,29.0,3.0,MEDIUM,1.0,86.554,49.6,6.20455776256869,inf,0,32.4,53.7,6.245573754010162,3.3416669563274426,0.015788365789488716,9,0,45.80000000000002,0.0,9.9,0.0,1
R,31,OCO,30.0,3.0,MEDIUM,2.0,86.32,47.8,6.2422232654551655,inf,0,32.3,53.3,6.268646298506209,3.4306011136414547,0.0444328337665026,12,0,41.400000000000006,0.0,9.3,-1.8,1
R,31,OCO,31.0,3.0,MEDIUM,3.0,86.443,46.0,6.278521424165844,inf,0,32.5,53.9,6.2996432329121905,3.4369245990659296,0.01945937241216896,8,0,35.800000000000004,0.0,9.3,-3.6,1
R,31,OCO,32.0,3.0,MEDIUM,4.0,86.4,44.199999999999996,6.313548046277095,inf,0,32.7,53.9,6.237043857449446,3.3626176556739837,0.021504283700797353,11,0,37.5,0.0,9.8,-5.4,1
R,31,OCO,33.0,3.0,MEDIUM,5.0,86.577,42.4,6.3473892096560105,inf,0,32.7,54.5,6.311134253409357,3.426550289442388,0.017827987474993454,9,0,45.69999999999999,0.0,10.3,-7.2,1
R,31,OCO,34.0,3.0,MEDIUM,6.0,86.207,40.6,6.380122536899765,inf,0,32.8,54.2,6.275904884894959,3.4386838396768926,0.030081764087695584,8,0,44.2,0.0,8.6,-9.0,1
R,31,OCO,35.0,3.0,MEDIUM,7.0,86.303,38.8,6.410174881966167,inf,0,32.8,53.8,6.310238743822708,3.449580768253992,0.02017004233097416,12,0,42.9,0.0,9.600000000000001,-10.8,1
R,31,OCO,36.0,3.0,MEDIUM,8.0,87.157,37.0,6.4425401664681985,inf,0,32.8,53.7,5.934617400044431,3.7284986966860396,0.7238158947067399,15,0,36.30000000000001,0.0,10.9,-12.6,1
R,31,OCO,37.0,3.0,MEDIUM,9.0,86.108,35.2,6.472346294500901,inf,0,32.8,53.7,6.234690008913818,3.8289197748562,0.4263875101072878,12,0,37.10000000000003,0.0,10.8,-14.4,1
R,31,OCO,38.0,3.0,MEDIUM,10.0,86.22,33.39999999999999,6.501289670540389,inf,0,32.7,53.8,6.469313806729985,3.7127042389370786,0.10816717920285124,11,0,41.49999999999999,0.0,10.600000000000001,-16.2,1
R,31,OCO,39.0,3.0,MEDIUM,11.0,86.88,31.599999999999994,6.52795791762255,inf,0,32.7,53.1,6.41848368044657,3.4273007355654177,0.01804123442956069,13,0,30.700000000000017,0.0,10.0,-18.0,1
R,31,OCO,40.0,3.0,MEDIUM,12.0,87.268,29.799999999999997,6.555356891810665,inf,0,32.8,53.1,6.218604357615437,3.32959697639071,0.009828935530694213,13,0,40.3,0.0,9.600000000000001,-19.8,1
R,31,OCO,41.0,3.0,MEDIUM,13.0,86.802,28.0,6.582025138892826,inf,0,32.7,53.0,6.223707322322463,3.2710187085158178,0.012350188233219537,14,0,35.400000000000006,0.0,8.8,-21.6,1
R,31,OCO,42.0,3.0,MEDIUM,14.0,87.065,26.200000000000003,6.6052979209482015,inf,0,32.7,53.3,6.25293839372334,3.287893948646199,0.006401424217689723,9,0,34.4,0.0,9.5,-23.400000000000002,1
R,31,OCO,43.0,3.0,MEDIUM,15.0,87.169,24.39999999999999,6.6293632534374485,inf,0,32.6,52.9,6.187733926498149,3.249519100546994,0.008569739692422208,9,0,44.6,0.0,9.1,-25.2,1
R,31,OCO,44.0,3.0,MEDIUM,16.0,86.874,22.599999999999994,6.654152520183219,inf,0,32.6,52.5,6.159823756488642,3.2448043730030403,0.007313489482945135,10,0,45.700000000000024,0.0,9.3,-27.0,1
R,31,OCO,45.0,3.0,MEDIUM,17.0,86.827,20.799999999999997,6.678342114654332,inf,0,32.6,52.7,6.172192726031447,3.233443502652374,0.010563996586215922,9,0,43.499999999999986,0.0,8.700000000000001,-28.8,1
R,31,OCO,46.0,3.0,MEDIUM,18.0,87.095,19.0,6.70073110954781,inf,0,32.8,52.7,6.267770070255569,3.321527462136608,0.00699561690679773,10,0,43.49999999999998,0.0,10.5,-30.6,1
R,31,OCO,47.0,3.0,MEDIUM,19.0,87.06,17.200000000000003,6.7226297948554485,inf,0,32.8,52.3,6.219570198759154,3.1979208391940075,0.003738388209317531,9,0,44.4,0.0,8.9,-32.4,1
R,31,OCO,48.0,3.0,MEDIUM,20.0,87.059,15.399999999999991,6.742880635791903,inf,0,32.8,52.0,6.284916937338124,3.253585791055014,0.0113212791007163,9,0,44.900000000000006,0.0,9.3,-34.2,1
R,31,OCO,49.0,3.0,MEDIUM,21.0,86.899,13.599999999999994,6.763884908562435,inf,0,32.6,52.6,6.193574231124201,3.2383545547926205,0.01219393241491144,12,0,45.800000000000004,0.0,9.0,-36.0,1
R,31,OCO,50.0,3.0,MEDIUM,22.0,86.831,11.799999999999997,6.784457062637643,inf,0,32.7,52.3,6.227785187892266,3.242355860426249,0.021478151421750104,13,0,34.59999999999997,0.0,9.4,-37.800000000000004,1
R,31,OCO,51.0,3.0,MEDIUM,23.0,89.644,10.0,6.807934943699926,inf,1,32.6,52.4,6.175384776421309,3.00893652414243,0.32261718224947944,7,0,38.30000000000001,0.0,15.4,-39.6,1
R,31,OCO,52.0,3.0,MEDIUM,24.0,85.711,8.200000000000003,6.828712071641684,inf,0,32.6,52.2,6.127413832390334,3.636440644516494,0.39139377565344574,8,0,39.90000000000002,0.0,8.8,-41.4,1
R,41,LIN,1.0,1.0,MEDIUM,1.0,92.262,100.0,2.0794415416798357,inf,1,31.8,55.8,6.592196870980712,4.513330459725497,1.779721899854678,10,0,30.400000000000016,0.0,16.1,0.0,1
R,41,LIN,2.0,1.0,MEDIUM,2.0,87.165,98.2,3.295836866004329,inf,0,32.0,56.2,6.287612369262305,4.1433622783129245,0.5166701720376807,8,0,42.699999999999996,0.0,11.5,-1.8,1
R,41,LIN,7.0,2.0,HARD,1.0,87.902,89.2,4.07753744390572,inf,1,32.5,56.3,6.138830840905165,4.273509050724277,1.0528224818086471,9,0,37.800000000000004,0.0,14.4,0.0,1
R,41,LIN,8.0,2.0,HARD,2.0,86.83,87.4,4.382026634673881,inf,0,32.4,56.2,6.1001307257774595,4.401405627350906,0.9285495313525144,9,1,27.5,0.40000000000000424,13.100000000000001,-1.8,1
R,41,LIN,9.0,2.0,HARD,3.0,86.526,85.6,4.605170185988092,inf,0,32.5,56.4,6.161269475897464,4.132472757909199,0.6184039923912358,11,0,29.400000000000002,0.0,11.5,-3.6,1
R,41,LIN,10.0,2.0,HARD,4.0,86.552,83.8,4.795790545596741,inf,0,32.4,56.2,6.3234566560891885,4.2390157193947715,0.6138646429225739,17,0,32.6,0.0,12.5,-5.4,1
R,41,LIN,11.0,2.0,HARD,5.0,86.667,82.0,4.955827057601261,inf,0,32.4,55.8,6.198578644597905,4.19381448879245,0.7111343327445565,10,0,33.3,0.0,12.4,-7.2,1
R,41,LIN,12.0,2.0,HARD,6.0,86.508,80.2,5.093750200806762,inf,0,32.5,55.8,6.22112108413093,4.2180318119753855,0.6551507019536669,10,0,30.199999999999996,0.0,11.5,-9.0,1
R,41,LIN,13.0,2.0,HARD,7.0,86.71,78.4,5.209486152841421,inf,0,32.4,54.9,6.099993907898718,4.064524391258562,0.7143459375315037,12,0,33.80000000000002,0.0,11.600000000000001,-10.8,1
R,41,LIN,14.0,2.0,HARD,8.0,86.522,76.6,5.308267697401205,inf,0,32.5,55.4,6.173820124999869,4.146088781757775,0.7463730247264821,11,1,30.900000000000002,0.49999999999999856,12.4,-12.6,1
R,41,LIN,15.0,2.0,HARD,9.0,86.841,74.8,5.407171771460119,inf,0,32.6,53.8,6.205783021524486,4.075211567228944,0.6188942543215515,8,0,32.0,0.0,11.600000000000001,-14.4,1
R,41,LIN,16.0,2.0,HARD,10.0,86.919,73.0,5.497168225293202,inf,0,32.6,54.9,6.051768793906197,4.148795290879102,0.8089405385517351,13,1,33.8,0.3000000000000028,12.200000000000001,-16.2,1
R,41,LIN,17.0,2.0,HARD,11.0,86.858,71.2,5.579729825986222,inf,0,32.7,54.7,6.286979138441772,4.09798337297462,0.5090902948625252,8,0,33.9,0.0,13.200000000000001,-18.0,1
R,41,LIN,18.0,2.0,HARD,12.0,86.892,69.4,5.655991810819852,inf,0,32.6,54.4,6.3747462741565055,4.011531353538086,0.3528095593367634,9,0,33.89999999999999,0.0,12.4,-19.8,1
R,41,LIN,19.0,2.0,HARD,13.0,86.785,67.6,5.726847747587197,inf,0,32.6,54.5,6.38328534913417,3.933430331462503,0.27337331057743885,10,0,34.30000000000002,0.0,11.4,-21.6,1
R,41,LIN,20.0,2.0,HARD,14.0,86.927,65.8,5.7899601708972535,inf,0,32.5,54.6,6.213090528179507,4.057511406458444,0.5363060628538069,10,0,32.400000000000006,0.0,12.3,-23.400000000000002,1
R,41,LIN,21.0,2.0,HARD,15.0,86.861,64.0,5.8522024797744745,inf,0,32.5,54.4,6.0328552819626,4.155099403360869,0.8861960702651417,13,0,35.69999999999999,0.0,12.0,-25.2,1
R,41,LIN,22.0,2.0,HARD,16.0,86.674,62.199999999999996,5.908082938168931,inf,0,32.4,53.8,6.101157984099647,4.106685435798631,0.6791508372583747,9,1,30.999999999999986,0.6,12.0,-27.0,1
R,41,LIN,23.0,2.0,HARD,17.0,86.693,60.4,5.958424693029782,inf,0,32.5,54.0,6.225955622136313,4.163475175951328,0.6613336024746841,13,1,28.199999999999992,0.49999999999999856,12.5,-28.8,1
R,41,LIN,24.0,2.0,HARD,18.0,86.782,58.6,6.0063531596017325,inf,0,32.4,53.5,6.230734636872515,4.0803564273882476,0.5904216687435428,8,0,32.2,0.0,12.100000000000001,-30.6,1
R,41,LIN,25.0,2.0,HARD,19.0,86.657,56.8,6.054439346269371,inf,0,32.4,53.2,6.184812667051812,4.016023385675814,0.5768731060170287,10,0,41.8,0.0,11.4,-32.4,1
R,41,LIN,26.0,2.0,HARD,20.0,86.725,55.0,6.095824562432225,inf,0,32.5,54.0,6.210148294243471,4.083692405850649,0.5716064770090041,12,0,35.09999999999999,0.0,12.4,-34.2,1
R,41,LIN,27.0,2.0,HARD,21.0,86.907,53.199999999999996,6.139884552226255,inf,0,32.5,54.3,6.22444285152018,4.054151847002484,0.5340059611313221,8,1,32.89999999999999,0.39999999999999714,12.100000000000001,-36.0,1
R,41,LIN,28.0,2.0,HARD,22.0,112.456,51.4,6.16541785423142,inf,1,32.5,53.5,3.6750000000000003,3.18504479637937,2.057499999999992,4,0,13.000000000000005,0.0,23.900000000000002,-37.800000000000004,0
R,41,LIN,29.0,2.0,HARD,23.0,90.26,49.6,6.1903154058531475,inf,1,32.6,54.0,5.860445363208072,3.653079674175913,0.994284278900948,9,0,31.800000000000008,0.0,11.9,-39.6,1
R,41,LIN,30.0,2.0,HARD,24.0,86.476,47.8,6.226536669287466,inf,0,32.3,53.3,6.202131052830241,3.9873494155768783,0.5393595594792149,13,0,39.2,0.0,11.200000000000001,-41.4,1
R,41,LIN,31.0,2.0,HARD,25.0,86.451,46.0,6.263398262591624,inf,0,32.3,54.1,5.843821965019508,3.9093620564574505,0.8804282853561721,10,0,40.100000000000016,0.0,11.9,-43.2,1
R,41,LIN,32.0,2.0,HARD,26.0,86.266,44.199999999999996,6.298949246855942,inf,0,32.7,53.9,5.754184668595757,4.059103391200868,1.0624108155812797,8,0,39.19999999999999,0.0,11.600000000000001,-45.0,1
R,41,LIN,33.0,2.0,HARD,27.0,86.412,42.4,6.331501849893691,inf,0,32.7,53.8,5.821898559539879,4.1805790538419165,1.1028687485917015,10,0,32.00000000000003,0.0,12.8,-46.800000000000004,1
R,41,LIN,34.0,2.0,HARD,28.0,86.58,40.6,6.364750756851911,inf,0,32.8,54.2,6.288590387580825,4.117529477498154,0.5406675471376063,12,1,35.700000000000024,0.6,11.8,-48.6,1
R,41,LIN,35.0,2.0,HARD,29.0,86.401,38.8,6.395261598115449,inf,0,32.9,54.2,6.235851682806535,3.9931677649745723,0.5002821093462332,11,0,41.89999999999999,0.0,10.9,-50.4,1
R,41,LIN,36.0,2.0,HARD,30.0,86.301,37.0,6.42648845745769,inf,0,32.8,53.7,5.905704930914849,3.9495262009338745,0.7609173385611878,9,0,40.30000000000003,0.0,10.4,-52.2,1
R,41,LIN,37.0,2.0,HARD,31.0,86.345,35.2,6.456769655572163,inf,0,32.8,53.6,5.927136752195609,4.023316562069191,0.8432521552179697,9,1,39.099999999999994,0.49999999999999856,11.600000000000001,-54.0,1
R,41,LIN,38.0,2.0,HARD,32.0,86.482,33.39999999999999,6.484635235635252,inf,0,32.8,53.7,5.786480723849882,4.2204702398231,1.1421963612284334,12,1,27.70000000000001,0.6,13.9,-55.800000000000004,1
R,41,LIN,39.0,2.0,HARD,33.0,86.314,31.599999999999994,6.513230110912307,inf,0,32.7,53.1,6.149728798482116,3.920004473018437,0.5135766976840259,7,0,39.49999999999998,0.0,11.100000000000001,-57.6,1
R,41,LIN,40.0,2.0,HARD,34.0,86.324,29.799999999999997,6.539585955617669,inf,0,32.8,53.4,6.383982177936144,3.850227711288565,0.27226329902039015,8,0,32.60000000000001,0.0,11.200000000000001,-59.4,1
R,41,LIN,41.0,2.0,HARD,35.0,86.638,28.0,6.566672429803241,inf,0,32.7,53.0,6.490861577634801,3.807310894504907,0.06013066970046484,8,0,41.20000000000001,0.0,12.4,-61.2,1
R,41,LIN,42.0,2.0,HARD,36.0,86.427,26.200000000000003,6.591673732008658,inf,0,32.8,52.9,6.489300305051821,3.8435820193199834,0.08165750626937258,8,1,41.40000000000002,0.40000000000000424,10.8,-63.0,1
R,41,LIN,43.0,2.0,HARD,37.0,86.343,24.39999999999999,6.616065185132817,inf,0,32.6,52.9,6.36668131815826,3.868132945411412,0.2623347117887369,10,0,32.999999999999986,0.0,10.0,-64.8,1
R,41,LIN,44.0,2.0,HARD,38.0,86.162,22.599999999999994,6.639875833826536,inf,0,32.5,53.0,6.3660137633539815,3.8133918213368916,0.23793897254163598,10,0,41.699999999999996,0.0,10.200000000000001,-66.60000000000001,1
R,41,LIN,45.0,2.0,HARD,39.0,86.194,20.799999999999997,6.664409020350408,inf,0,32.6,52.5,6.379301927165322,3.75657455505477,0.1620537572272535,11,0,42.9,0.0,10.8,-68.4,1
R,41,LIN,46.0,2.0,HARD,40.0,86.053,19.0,6.688354713946762,inf,0,32.6,52.7,6.317564252414823,3.739041140288312,0.23113892243146444,11,0,35.39999999999999,0.0,10.600000000000001,-70.2,1
R,41,LIN,47.0,2.0,HARD,41.0,86.028,17.200000000000003,6.710523109452428,inf,0,32.8,52.7,6.330917493241268,3.592210854144154,0.07461950273137136,9,1,43.3,0.6000000000000071,9.5,-72.0,1
R,41,LIN,48.0,2.0,HARD,42.0,86.033,15.399999999999991,6.732210706467206,inf,0,32.8,52.0,6.193488102881382,3.6948793070349617,0.24814662300124313,8,0,42.8,0.0,9.9,-73.8,1
R,41,LIN,49.0,2.0,HARD,43.0,86.207,13.599999999999994,6.752270376141742,inf,0,32.6,52.5,6.137803510149708,3.5017792797186833,0.2566717985940199,9,0,40.800000000000026,0.0,10.8,-75.60000000000001,1
R,41,LIN,50.0,2.0,HARD,44.0,86.221,11.799999999999997,6.774223886357614,inf,0,32.7,52.3,6.187281234133612,3.5662624792956437,0.2354274710567031,10,0,38.99999999999999,0.0,10.600000000000001,-77.4,1
R,41,LIN,51.0,2.0,HARD,45.0,86.233,10.0,6.795705775173515,inf,0,32.7,51.8,6.33037811858663,3.656029299938801,0.15931725391079365,9,0,42.00000000000001,0.0,10.700000000000001,-79.2,1
R,41,LIN,52.0,2.0,HARD,46.0,86.238,8.200000000000003,6.816735880594968,inf,0,32.6,52.2,6.316582470216576,3.716550073998752,0.20360625269612725,8,1,40.800000000000004,0.3000000000000028,10.600000000000001,-81.0,1
R,41,LIN,53.0,2.0,HARD,47.0,86.055,6.3999999999999915,6.836259277277067,inf,0,32.6,51.9,5.944069340337963,3.727917286449805,0.6087699728244346,11,0,40.69999999999998,0.0,10.4,-82.8,1
R,43,COL,1.0,1.0,MEDIUM,1.0,90.606,100.0,1.791759469228055,inf,1,31.8,55.8,6.590537478990523,4.87922561904034,1.6024259284257656,17,0,34.59999999999999,0.0,10.9,0.0,1
R,43,COL,2.0,1.0,MEDIUM,2.0,87.137,98.2,3.2188758248682006,inf,0,32.0,56.2,6.094166674129079,5.283782629343906,1.2292962377524554,14,0,41.0,0.0,10.9,-1.8,1
R,43,COL,7.0,2.0,HARD,1.0,88.926,89.2,4.204692619390966,inf,1,32.5,56.3,6.223114140937312,5.475716972809696,1.6300506315075405,13,0,35.69999999999999,0.0,9.9,0.0,1
R,43,COL,8.0,2.0,HARD,2.0,88.122,87.4,4.477336814478207,inf,1,32.4,56.2,6.104324304867934,5.303759127849949,1.6011285656399257,10,0,32.00000000000003,0.0,10.700000000000001,-1.8,1
R,43,COL,9.0,2.0,HARD,3.0,87.968,85.6,4.68213122712422,inf,1,32.5,56.4,5.7127620410522875,5.035076583028501,1.4517115571699364,14,1,28.69999999999999,3.5000000000000058,9.600000000000001,-3.6,1
R,43,COL,10.0,2.0,HARD,4.0,87.626,83.8,4.859812404361672,inf,1,32.4,55.8,5.784130738907691,5.1725275572649325,1.4888725166564518,14,0,31.300000000000015,0.0,9.5,-5.4,1
R,43,COL,11.0,2.0,HARD,5.0,87.702,82.0,5.0106352940962555,inf,1,32.4,55.8,5.215077338847728,5.098714119345814,2.296881477243697,13,1,28.600000000000023,3.3999999999999972,11.0,-7.2,1
R,43,COL,12.0,2.0,HARD,6.0,87.951,80.2,5.135798437050262,inf,1,32.4,55.3,6.6197183115642035,4.8297098529357285,0.6404159739669124,12,1,41.39999999999999,3.6,9.700000000000001,-9.0,1
R,43,COL,13.0,2.0,HARD,7.0,87.236,78.4,5.247024072160486,inf,0,32.4,54.9,6.4462955864421225,4.962598502292272,0.6767522648428429,7,1,39.699999999999996,3.6,10.200000000000001,-10.8,1
R,43,COL,14.0,2.0,HARD,8.0,87.071,76.6,5.342334251964811,inf,0,32.5,55.4,5.510701478650748,4.415546243173811,0.919103114025243,8,1,29.8,3.2000000000000015,9.600000000000001,-12.6,1
R,43,COL,15.0,2.0,HARD,9.0,87.214,74.8,5.438079308923196,inf,0,32.6,53.8,6.559097124606618,4.997343961350491,0.46297749997842796,11,1,38.70000000000002,4.299999999999995,9.700000000000001,-14.4,1
R,43,COL,16.0,2.0,HARD,10.0,87.334,73.0,5.521460917862246,inf,0,32.6,54.9,6.019000151808489,5.033721743149561,1.3689490007605034,11,1,34.200000000000024,3.3999999999999972,9.5,-16.2,1
R,43,COL,17.0,2.0,HARD,11.0,87.06,71.2,5.602118820879701,inf,0,32.7,54.7,6.6899265449416365,4.747557344196094,0.33217472667433995,12,1,36.000000000000014,3.7000000000000015,8.6,-18.0,1
R,43,COL,18.0,2.0,HARD,12.0,86.81,69.4,5.676753802268282,inf,0,32.6,54.4,6.2844408186572975,4.90064665157397,0.8172441468369642,10,0,35.19999999999999,0.0,8.200000000000001,-19.8,1
R,43,COL,19.0,2.0,HARD,13.0,86.908,67.6,5.746203190540153,inf,0,32.6,54.2,6.2308238900465645,4.904331767688266,0.936585071692866,12,2,39.19999999999998,4.000000000000004,9.1,-21.6,1
R,43,COL,20.0,2.0,HARD,14.0,86.59,65.8,5.808142489980444,inf,0,32.5,54.6,6.1660069391761185,4.8809607607235215,1.1095968677786485,9,1,38.1,3.300000000000003,8.8,-23.400000000000002,1
R,43,COL,21.0,2.0,HARD,15.0,86.714,64.0,5.8664680569332965,inf,0,32.5,53.8,6.323441359441824,4.506359164060552,0.5657555628123568,11,0,39.79999999999999,0.0,8.3,-25.2,1
R,43,COL,22.0,2.0,HARD,16.0,87.052,62.199999999999996,5.918893854273146,inf,0,32.4,53.8,6.866129923747227,4.336820378306978,0.02877387589649207,10,1,37.90000000000002,3.299999999999996,7.7,-27.0,1
R,43,COL,23.0,2.0,HARD,17.0,86.727,60.4,5.968707559985366,inf,0,32.5,54.0,6.486182910878676,3.9788831612121163,0.019745066281853893,11,2,35.59999999999999,4.600000000000006,7.6000000000000005,-28.8,1
R,43,COL,24.0,2.0,HARD,18.0,86.302,58.6,6.016157159698354,inf,0,32.4,53.5,6.629718271322921,4.662889892795282,0.5700167210893432,11,1,36.49999999999999,3.800000000000003,6.9,-30.6,1
R,43,COL,25.0,2.0,HARD,19.0,86.238,56.8,6.063785208687608,inf,0,32.4,53.2,6.476212695168414,4.582838512498731,0.5165061424455347,10,1,35.09999999999999,3.800000000000003,6.7,-32.4,1
R,43,COL,26.0,2.0,HARD,20.0,86.376,55.0,6.104793232414985,inf,0,32.5,54.0,6.433175167299851,4.376688909161542,0.13536709181165257,12,1,35.5,2.6,8.6,-34.2,1
R,43,COL,27.0,2.0,HARD,21.0,91.763,53.199999999999996,6.148468295917647,inf,1,32.5,54.3,5.8144984222567215,5.72260107503371,0.7500584181676638,13,1,28.20000000000002,3.7000000000000015,11.700000000000001,-36.0,1
R,43,COL,28.0,2.0,HARD,22.0,111.26,51.4,6.171700597410915,inf,1,32.5,53.5,6.900791192590171,3.7567017106945757,0.00804997276236908,7,0,35.400000000000006,0.0,14.3,-37.800000000000004,0
R,43,COL,29.0,2.0,HARD,23.0,86.245,49.6,6.194405391104672,inf,0,32.4,53.7,6.553989049495056,4.1387491680521045,0.02226557037087701,11,2,36.49999999999999,4.899999999999996,6.9,-39.6,1
R,43,COL,30.0,2.0,HARD,24.0,86.558,47.8,6.230481447578482,inf,0,32.3,53.3,6.849144546093058,4.238670489091128,0.03138801911380872,9,1,44.39999999999999,3.800000000000003,6.4,-41.4,1
R,43,COL,31.0,2.0,HARD,25.0,85.846,46.0,6.267200548541362,inf,0,32.3,54.1,6.852078666545381,4.320688511005081,0.09771901444497964,11,2,39.199999999999996,4.2,6.6000000000000005,-43.2,1
R,43,COL,32.0,2.0,HARD,26.0,86.446,44.199999999999996,6.302618975744905,inf,0,32.7,53.9,6.8728931444304155,4.44820066343159,0.21800915345728727,11,2,40.70000000000001,4.300000000000009,7.4,-45.0,1
R,43,COL,33.0,2.0,HARD,27.0,86.354,42.4,6.336825731146441,inf,0,32.7,53.8,6.871040688478144,4.387399283965879,0.19310492294897083,14,0,42.800000000000026,0.0,6.300000000000001,-46.800000000000004,1
R,43,COL,34.0,2.0,HARD,28.0,86.326,40.6,6.369900982828227,inf,0,32.8,54.2,6.868062573150533,4.253415255467476,0.054917682230895506,10,1,37.29999999999999,3.799999999999996,7.0,-48.6,1
R,43,COL,35.0,2.0,HARD,29.0,85.991,38.8,6.400257445308821,inf,0,32.9,54.2,6.71135823703643,4.235312182754659,0.15746958209162631,10,2,41.99999999999999,3.8000000000000016,7.0,-50.4,1
R,43,COL,36.0,2.0,HARD,30.0,85.862,37.0,6.431331081933479,inf,0,32.8,53.7,6.767366380798029,4.187937923141583,0.0676927386760807,15,0,44.40000000000001,0.0,6.6000000000000005,-52.2,1
R,43,COL,37.0,2.0,HARD,31.0,85.669,35.2,6.461468176353717,inf,0,32.8,53.6,5.936642124774172,4.297875406591041,1.007112128324571,10,0,46.40000000000002,0.0,8.4,-54.0,1
R,43,COL,38.0,2.0,HARD,32.0,85.64,33.39999999999999,6.489204931325317,inf,0,32.7,53.8,6.6238785398338065,4.2460549339657465,0.23125290058463047,10,2,36.2,4.2,6.9,-55.800000000000004,1
R,43,COL,39.0,2.0,HARD,33.0,85.676,31.599999999999994,6.517671272912275,inf,0,32.7,53.1,6.291070869014316,4.368019078240966,0.6639556039026969,9,2,34.59999999999999,4.100000000000006,7.300000000000001,-57.6,1
R,43,COL,40.0,2.0,HARD,34.0,85.817,29.799999999999997,6.543911845564792,inf,0,32.8,53.4,6.4314202362864705,4.63700355072685,0.416581564038959,10,2,34.60000000000001,6.099999999999999,7.5,-59.4,1
R,43,COL,41.0,2.0,HARD,35.0,86.223,28.0,6.569481420414296,inf,0,32.7,53.0,5.885319228241329,4.413747539643255,0.5788988077770972,13,1,38.599999999999994,0.6,8.200000000000001,-61.2,1
R,43,COL,42.0,2.0,HARD,36.0,85.834,26.200000000000003,6.594413459749778,inf,0,32.8,52.9,6.550496720603808,4.323742914195441,0.4048795021632041,9,0,41.199999999999996,0.0,7.0,-63.0,1
R,43,COL,44.0,2.0,HARD,38.0,86.061,22.599999999999994,6.641182169740591,inf,0,32.5,53.0,6.5179411266319605,4.245537024980531,0.4810623777247524,14,1,39.000000000000014,3.600000000000007,7.2,-66.60000000000001,1
R,43,COL,45.0,2.0,HARD,39.0,85.958,20.799999999999997,6.665683717782408,inf,0,32.6,52.7,6.652967555714541,4.026505867444595,0.07702540245115386,9,2,37.699999999999996,4.000000000000004,6.800000000000001,-68.4,1
R,43,COL,46.0,2.0,HARD,40.0,85.72,19.0,6.6895992691789665,inf,0,32.6,52.7,6.67591977348394,4.065465371589868,0.11303027862428276,9,1,35.9,3.4999999999999987,6.2,-70.2,1
R,43,COL,47.0,2.0,HARD,41.0,85.803,17.200000000000003,6.71174039505618,inf,0,32.8,52.7,6.239106051837265,4.123501909661642,0.6772674190918172,12,1,39.400000000000006,1.300000000000003,8.6,-72.0,1
R,43,COL,48.0,2.0,HARD,42.0,85.821,15.399999999999991,6.733401891837359,inf,0,32.8,52.0,6.3681067255203585,3.746549198809111,0.020112603038070633,11,1,41.99999999999999,3.9000000000000044,7.0,-73.8,1
R,43,COL,49.0,2.0,HARD,43.0,85.796,13.599999999999994,6.75343791859778,inf,0,32.6,52.5,6.595453176008272,3.933434140859649,0.05011184304233593,10,1,45.1,3.7000000000000015,6.6000000000000005,-75.60000000000001,1
R,43,COL,50.0,2.0,HARD,44.0,85.695,11.799999999999997,6.775366090936392,inf,0,32.7,52.3,6.546725391017435,4.363144333374619,0.5158531363271877,11,2,37.0,4.100000000000006,6.6000000000000005,-77.4,1
R,43,COL,51.0,2.0,HARD,45.0,85.656,10.0,6.796823718274855,inf,0,32.7,51.8,6.593036746154635,4.295735054367865,0.4219852847419998,13,1,38.500000000000014,3.799999999999996,6.5,-79.2,1
R,43,COL,52.0,2.0,HARD,46.0,85.403,8.200000000000003,6.81783057145415,inf,0,32.6,52.2,6.399848495004213,4.219012874425644,0.504855324290836,9,2,43.1,4.500000000000004,6.5,-81.0,1
R,43,COL,53.0,2.0,HARD,47.0,84.933,6.3999999999999915,6.837332814685591,inf,0,32.6,51.9,6.299954104186688,4.30714840659146,0.6311222400978171,11,0,45.89999999999999,0.0,7.300000000000001,-82.8,1
R,44,HAM,1.0,1.0,SOFT,1.0,93.234,100.0,2.302585092994046,inf,1,31.8,55.8,6.634907231138942,4.0870869662142955,1.1418265426914291,17,0,42.90000000000001,0.0,10.4,0.0,1
R,44,HAM,2.0,1.0,SOFT,2.0,87.244,98.2,3.367295829986474,inf,0,32.0,56.2,5.823235245118775,4.085895143956799,0.950349858701304,11,0,38.30000000000002,0.0,10.4,-1.8,1
R,44,HAM,7.0,2.0,MEDIUM,1.0,86.663,89.2,4.007333185232471,inf,0,32.5,56.3,6.111438078009084,3.300311573708355,0.003352822821290358,12,0,42.699999999999996,0.0,7.1000000000000005,0.0,1
R,44,HAM,8.0,2.0,MEDIUM,2.0,85.931,87.4,4.330733340286331,inf,0,32.4,56.2,6.482221491380229,3.631040042842782,0.03253072871169491,16,0,31.10000000000003,0.0,8.8,-1.8,1
R,44,HAM,9.0,2.0,MEDIUM,3.0,86.176,85.6,4.564348191467836,inf,0,32.5,56.4,5.519318595905314,3.6881964065044412,0.9936525821974176,11,0,43.30000000000001,0.0,8.3,-3.6,1
R,44,HAM,10.0,2.0,MEDIUM,4.0,86.082,83.8,4.7535901911063645,inf,0,32.4,56.2,6.075985541376343,3.31725694389013,0.002851276173639329,10,0,38.0,0.0,7.0,-5.4,1
R,44,HAM,11.0,2.0,MEDIUM,5.0,86.738,82.0,4.919980925828125,inf,0,32.4,55.8,6.291174089269077,3.168635651453546,0.0038548478867753084,14,0,31.500000000000032,0.0,7.300000000000001,-7.2,1
R,44,HAM,12.0,2.0,MEDIUM,6.0,87.104,80.2,5.075173815233827,inf,0,32.5,55.8,5.72708147457562,3.7932887746161774,0.9784875831573244,13,0,34.80000000000001,0.0,9.5,-9.0,1
R,44,HAM,13.0,2.0,MEDIUM,7.0,85.929,78.4,5.19295685089021,inf,0,32.4,54.9,5.174341122921568,3.8159935586678877,1.3602426831895202,15,0,33.89999999999999,0.0,8.700000000000001,-10.8,1
R,44,HAM,15.0,2.0,MEDIUM,9.0,85.869,74.8,5.393627546352361,inf,0,32.6,53.8,5.7020328604180595,3.6277604496429943,0.7860568537125714,13,0,42.499999999999986,0.0,8.200000000000001,-14.4,1
R,44,HAM,16.0,2.0,MEDIUM,10.0,86.218,73.0,5.480638923341991,inf,0,32.6,54.9,5.648408511863282,3.5432659659339407,0.7296894947450462,17,0,38.20000000000001,0.0,8.1,-16.2,1
R,44,HAM,17.0,2.0,MEDIUM,11.0,86.489,71.2,5.564520407322694,inf,0,32.6,54.9,6.147217358134497,3.1957628751257086,0.0012634233793050221,14,0,38.2,0.0,6.800000000000001,-18.0,1
R,44,HAM,18.0,2.0,MEDIUM,12.0,86.839,69.4,5.641907070938114,inf,0,32.6,54.4,6.121184688019223,3.1394795193822604,0.001341551995051108,14,0,31.700000000000017,0.0,6.5,-19.8,1
R,44,HAM,19.0,2.0,MEDIUM,13.0,86.587,67.6,5.717027701406222,inf,0,32.6,54.5,5.694511221480086,3.692405873096382,1.014855741806988,21,0,29.799999999999997,0.0,8.4,-21.6,1
R,44,HAM,20.0,2.0,MEDIUM,14.0,86.324,65.8,5.783825182329737,inf,0,32.5,54.6,6.148883263886293,3.291934620545805,0.02561929106586234,14,0,42.00000000000002,0.0,7.800000000000001,-23.400000000000002,1
R,44,HAM,21.0,2.0,MEDIUM,15.0,86.171,64.0,5.84354441703136,inf,0,32.5,54.4,6.150870120286718,3.2986804302654007,0.03078369688357086,14,0,43.00000000000002,0.0,7.300000000000001,-25.2,1
R,44,HAM,22.0,2.0,MEDIUM,16.0,86.002,62.199999999999996,5.8998973535824915,inf,0,32.4,53.8,6.174104824740295,3.3248514176555037,0.04746339396766173,11,0,44.699999999999996,0.0,7.2,-27.0,1
R,44,HAM,23.0,2.0,MEDIUM,17.0,85.3,60.4,5.948034989180646,inf,0,32.5,54.0,5.956567045232071,3.1360390362793997,0.013912029975528085,12,0,42.900000000000006,0.0,6.4,-28.8,1
R,44,HAM,24.0,2.0,MEDIUM,18.0,86.047,58.6,5.996452088619021,inf,0,32.4,53.5,6.250687232935491,3.20387894146694,0.005304053906008393,11,0,46.200000000000024,0.0,6.9,-30.6,1
R,44,HAM,25.0,2.0,MEDIUM,19.0,87.168,56.8,6.0473721790462776,inf,0,32.4,53.2,6.123451548742398,3.5707436286414516,1.0603942393811607,16,0,33.40000000000001,0.0,9.4,-32.4,1
R,44,HAM,26.0,2.0,MEDIUM,20.0,86.493,55.0,6.089044875446846,inf,0,32.5,53.8,6.158277354356545,3.2538590333669735,0.038354790106114894,11,0,44.4,0.0,8.4,-34.2,1
R,44,HAM,27.0,2.0,MEDIUM,21.0,85.897,53.199999999999996,6.133398042996649,inf,0,32.5,54.3,6.162919340572236,3.386764036896748,0.10163696908534775,11,0,37.09999999999997,0.0,8.5,-36.0,1
R,44,HAM,28.0,2.0,MEDIUM,22.0,109.638,51.4,6.159095388491933,inf,1,32.5,54.3,0.7174666133904198,3.2514484154374736,3.582398312997147,1,0,0.6,0.0,23.5,-37.800000000000004,0
R,44,HAM,29.0,2.0,MEDIUM,23.0,93.044,49.6,6.184148890937483,inf,1,32.6,54.0,5.828767385433762,2.6201193044128908,0.03472533163492737,11,0,33.100000000000016,0.0,10.8,-39.6,1
R,44,HAM,30.0,2.0,MEDIUM,24.0,85.912,47.8,6.214608098422191,inf,0,32.3,53.3,6.141988427314721,3.2808541546943806,0.02033760084247823,10,0,43.599999999999994,0.0,8.700000000000001,-41.4,1
R,44,HAM,31.0,2.0,MEDIUM,25.0,85.964,46.0,6.251903883165888,inf,0,32.3,54.1,6.191996843664029,3.3393347906024635,0.07482680858416102,10,0,43.599999999999994,0.0,7.1000000000000005,-43.2,1
R,44,HAM,32.0,2.0,MEDIUM,26.0,86.065,44.199999999999996,6.285998094508865,inf,0,32.7,53.9,6.1499595503096955,3.2414498113052765,0.02888469565795795,10,0,38.3,0.0,7.7,-45.0,1
R,44,HAM,33.0,2.0,MEDIUM,27.0,85.904,42.4,6.320768294250582,inf,0,32.7,53.8,6.082760757955137,3.151447865451237,0.019481991875190882,10,0,37.2,0.0,7.0,-46.800000000000004,1
R,44,HAM,34.0,2.0,MEDIUM,28.0,85.73,40.6,6.354370040797351,inf,0,32.7,54.5,6.154557937772251,3.304960677174954,0.03988606189373533,13,0,39.89999999999999,0.0,7.0,-48.6,1
R,44,HAM,36.0,2.0,MEDIUM,30.0,85.543,37.0,6.418364935936212,inf,0,32.8,53.8,6.223395812366348,3.410831882718782,0.04921806374487295,17,0,34.90000000000001,0.0,6.7,-52.2,1
R,44,HAM,37.0,2.0,MEDIUM,31.0,85.925,35.2,6.450470422144176,inf,0,32.8,53.6,5.540890941378134,3.449918579336014,0.8527029573569873,13,0,42.39999999999999,0.0,8.4,-54.0,1
R,44,HAM,38.0,2.0,MEDIUM,32.0,85.443,33.39999999999999,6.480044561926653,inf,0,32.8,53.7,6.230532143757227,3.4401376596535957,0.0855551081521543,18,0,38.999999999999964,0.0,7.300000000000001,-55.800000000000004,1
R,44,HAM,39.0,2.0,MEDIUM,33.0,85.895,31.599999999999994,6.508769136971682,inf,0,32.7,53.1,6.075574609972964,3.2632369756023505,0.07803212806428042,13,0,38.39999999999999,0.0,6.4,-57.6,1
R,44,HAM,40.0,2.0,MEDIUM,34.0,85.75,29.799999999999997,6.535241271013659,inf,0,32.8,53.4,5.849405459321092,3.430687938673411,0.4546372026723651,12,0,43.099999999999994,0.0,7.800000000000001,-59.4,1
R,44,HAM,41.0,2.0,MEDIUM,35.0,86.421,28.0,6.56244409369372,inf,0,32.8,53.1,6.040000216738578,3.5917270244658637,0.39183788438294237,17,0,37.69999999999999,0.0,9.0,-61.2,1
R,44,HAM,42.0,2.0,MEDIUM,36.0,86.718,26.200000000000003,6.588926477533519,inf,0,32.8,52.9,5.80699721989625,3.4804637705033423,0.6062849072171518,8,0,42.20000000000001,0.0,8.6,-63.0,1
R,44,HAM,43.0,2.0,MEDIUM,37.0,85.463,24.39999999999999,6.61338421837956,inf,0,32.7,53.3,5.643340057967999,3.5484139024417765,0.7374881107814264,15,0,38.800000000000026,0.0,8.5,-64.8,1
R,44,HAM,44.0,2.0,MEDIUM,38.0,85.612,22.599999999999994,6.637258031284457,inf,0,32.5,53.0,6.01828015022258,3.6053779047845436,0.3999125096332749,15,0,32.300000000000004,0.0,7.5,-66.60000000000001,1
R,44,HAM,45.0,2.0,MEDIUM,39.0,85.636,20.799999999999997,6.661854740545311,inf,0,32.6,52.5,6.009056791136905,3.244192317055597,0.1413674895789135,10,0,43.29999999999999,0.0,7.2,-68.4,1
R,44,HAM,46.0,2.0,MEDIUM,40.0,85.469,19.0,6.68586094706836,inf,0,32.6,52.7,5.795559905026117,3.250992796345245,0.34028606354057167,14,0,41.200000000000024,0.0,6.9,-70.2,1
R,44,HAM,47.0,2.0,MEDIUM,41.0,85.75,17.200000000000003,6.70808408385307,inf,0,32.8,52.7,5.90606026037954,3.3442545442711586,0.3323803878363032,14,0,39.79999999999999,0.0,7.7,-72.0,1
R,44,HAM,48.0,2.0,MEDIUM,42.0,85.601,15.399999999999991,6.729824070489475,inf,0,32.8,52.3,5.865196628554021,3.250903611265313,0.3354698674851487,13,0,43.40000000000005,0.0,7.7,-73.8,1
R,44,HAM,49.0,2.0,MEDIUM,43.0,86.632,13.599999999999994,6.74993119378857,inf,0,32.6,52.5,6.196287445455555,3.358124274214622,0.09916751768999489,12,0,31.799999999999994,0.0,7.6000000000000005,-75.60000000000001,1
R,44,HAM,50.0,2.0,MEDIUM,44.0,86.063,11.799999999999997,6.771935555839602,inf,0,32.6,52.6,5.694164592377669,3.3180243727175016,0.5251971724879929,10,0,42.40000000000003,0.0,8.5,-77.4,1
R,44,HAM,51.0,2.0,MEDIUM,45.0,85.659,10.0,6.79346613258001,inf,0,32.7,51.8,5.8829782636467325,3.495881709829472,0.4912196031306515,13,0,32.60000000000003,0.0,8.5,-79.2,1
R,44,HAM,52.0,2.0,MEDIUM,46.0,86.244,8.200000000000003,6.814542897259958,inf,0,32.6,52.4,5.7333662532806695,3.3846402949440213,0.5782022883372826,12,0,39.40000000000002,0.0,7.6000000000000005,-81.0,1
R,44,HAM,53.0,2.0,MEDIUM,47.0,85.997,6.3999999999999915,6.834108738813838,inf,0,32.6,51.9,5.7797933776066825,3.4554412565116457,0.580350697862099,13,0,28.800000000000004,0.0,7.6000000000000005,-82.8,1
R,5,BOR,1.0,1.0,SOFT,1.0,93.432,100.0,2.3978952727983707,inf,1,31.8,55.8,5.967418580853791,4.218620446224882,2.1476580822643188,18,0,34.100000000000016,0.0,16.6,0.0,1
R,5,BOR,2.0,1.0,SOFT,2.0,88.416,98.2,3.4339872044851463,inf,0,32.0,56.2,5.723160932584096,4.375589494488219,1.2493184352827174,16,0,30.900000000000013,0.0,14.200000000000001,-1.8,1
R,5,BOR,6.0,2.0,MEDIUM,1.0,147.85,91.0,3.8501476017100584,inf,1,32.5,56.4,6.436653310505952,4.456695241358057,1.7546204439845707,19,0,30.9,0.0,26.700000000000003,0.0,0
R,5,BOR,7.0,2.0,MEDIUM,2.0,88.211,89.2,4.189654742026425,inf,1,32.5,56.3,6.078030853010287,4.127954686009874,0.7575920273579221,14,0,41.19999999999999,0.0,12.700000000000001,-1.8,1
R,5,BOR,8.0,2.0,MEDIUM,3.0,88.035,87.4,4.465908118654584,inf,1,32.4,56.2,5.8899803479313935,4.559501474288043,1.3267426723731879,16,0,35.80000000000002,0.0,14.3,-3.6,1
R,5,BOR,9.0,2.0,MEDIUM,4.0,87.597,85.6,4.663439094112067,inf,0,32.5,56.4,5.764579066951576,4.374895079468026,1.2839359887307014,11,0,34.70000000000002,0.0,11.9,-5.4,1
R,5,BOR,10.0,2.0,MEDIUM,5.0,87.849,83.8,4.844187086458591,inf,0,32.4,55.8,6.140139069182625,4.287247157862857,0.8714089069253402,13,0,39.400000000000006,0.0,11.4,-7.2,1
R,5,BOR,11.0,2.0,MEDIUM,6.0,87.978,82.0,5.003946305945459,inf,0,32.4,55.8,5.8687805349103,4.391920751961929,1.36489983779343,13,0,36.900000000000006,0.0,12.100000000000001,-9.0,1
R,5,BOR,12.0,2.0,MEDIUM,7.0,86.673,80.2,5.123963979403259,inf,0,32.4,55.3,5.365458525342783,4.3770504799066705,1.5748519700296668,11,0,35.69999999999999,0.0,11.100000000000001,-10.8,1
R,5,BOR,13.0,2.0,MEDIUM,8.0,86.929,78.4,5.236441962829949,inf,0,32.4,54.9,5.858733886334597,4.381627132820498,1.1906679611978657,13,0,28.600000000000023,0.0,13.100000000000001,-12.6,1
R,5,BOR,14.0,2.0,MEDIUM,9.0,87.295,76.6,5.332718793265369,inf,0,32.5,55.4,5.183893045213534,4.481359740738818,1.9946092007202774,15,0,42.1,0.0,13.5,-14.4,1
R,5,BOR,15.0,2.0,MEDIUM,10.0,86.993,74.8,5.424950017481403,inf,0,32.6,53.8,5.9890456357776625,4.121822410506963,0.8325664172433235,13,0,38.300000000000026,0.0,13.0,-16.2,1
R,5,BOR,16.0,2.0,MEDIUM,11.0,86.813,73.0,5.5093883366279774,inf,0,32.6,54.9,6.370716412115082,3.5895968409590226,0.0016723673083651482,13,0,28.90000000000001,0.0,10.0,-18.0,1
R,5,BOR,17.0,2.0,MEDIUM,12.0,87.012,71.2,5.5909869805108565,inf,0,32.7,54.7,6.500480553725026,3.558170816748088,0.0006930876015775933,11,0,31.900000000000023,0.0,8.9,-19.8,1
R,5,BOR,18.0,2.0,MEDIUM,13.0,86.949,69.4,5.666426688112432,inf,0,32.6,54.4,6.283511866239959,3.4359827786729684,0.0023489533744241596,16,0,32.699999999999996,0.0,9.9,-21.6,1
R,5,BOR,19.0,2.0,MEDIUM,14.0,86.883,67.6,5.736572297479192,inf,0,32.6,54.2,6.3744194766333315,3.598775270153596,0.005275021506401174,16,0,31.100000000000012,0.0,9.4,-23.400000000000002,1
R,5,BOR,20.0,2.0,MEDIUM,15.0,86.735,65.8,5.799092654460526,inf,0,32.5,54.6,6.403880061302356,3.6224655780774255,0.008874464209839204,10,0,44.80000000000003,0.0,9.5,-25.2,1
R,5,BOR,21.0,2.0,MEDIUM,16.0,86.582,64.0,5.860786223465865,inf,0,32.5,53.8,6.40081562646647,3.6811478134249556,0.029702141442089595,11,0,29.60000000000001,0.0,10.4,-27.0,1
R,5,BOR,22.0,2.0,MEDIUM,17.0,87.315,62.199999999999996,5.916202062607435,inf,0,32.4,53.8,6.542215723576329,3.6768436399310596,0.006668865104771947,15,0,33.40000000000001,0.0,9.8,-28.8,1
R,5,BOR,23.0,2.0,MEDIUM,18.0,86.971,60.4,5.966146739123692,inf,0,32.5,54.0,6.482051632903323,3.7210179944706008,0.008507376076873087,12,0,30.599999999999994,0.0,10.3,-30.6,1
R,5,BOR,24.0,2.0,MEDIUM,19.0,86.94,58.6,6.013715156042802,inf,0,32.4,53.5,6.545577622083375,3.7847890036269476,0.015435325330912476,13,0,29.50000000000002,0.0,9.9,-32.4,1
R,5,BOR,25.0,2.0,MEDIUM,20.0,86.449,56.8,6.061456918928017,inf,0,32.4,53.2,6.171414673421367,3.9647905668649006,0.5530739235626474,14,0,34.399999999999984,0.0,10.5,-34.2,1
R,5,BOR,26.0,2.0,MEDIUM,21.0,86.998,55.0,6.102558594613569,inf,0,32.5,54.0,6.093076164544383,3.9788229907476538,0.6612108580160789,15,0,34.90000000000002,0.0,11.600000000000001,-36.0,1
R,5,BOR,27.0,2.0,MEDIUM,22.0,87.878,53.199999999999996,6.144185634125646,inf,0,32.5,54.3,6.275146568294217,4.596304018249498,0.19048354448953164,12,0,36.5,0.0,11.9,-37.800000000000004,1
R,5,BOR,28.0,2.0,MEDIUM,23.0,114.938,51.4,6.169610732491456,inf,1,32.5,53.5,3.6188784775240253,3.451595672079282,2.6874999999999947,8,0,12.300000000000008,0.0,19.900000000000002,-39.6,0
R,5,BOR,29.0,2.0,MEDIUM,24.0,87.681,49.6,6.19644412779452,inf,0,32.4,53.7,6.609932443784105,4.0361948501159155,0.822436452449051,14,0,40.79999999999999,0.0,11.600000000000001,-41.4,1
R,5,BOR,30.0,2.0,MEDIUM,25.0,86.882,47.8,6.2324480165505225,inf,0,32.3,53.3,6.07143419634256,4.028947356277431,0.6532356835679367,9,0,42.300000000000004,0.0,12.200000000000001,-43.2,1
R,5,BOR,31.0,2.0,MEDIUM,26.0,86.188,46.0,6.269096283706261,inf,0,32.5,53.9,6.415086817386163,3.788230619710767,0.09511469433451475,17,0,35.699999999999996,0.0,10.8,-45.0,1
R,5,BOR,32.0,2.0,MEDIUM,27.0,86.488,44.199999999999996,6.304448802421981,inf,0,32.7,53.9,6.431798566018907,3.660406491064428,0.08339735553329164,18,0,38.50000000000002,0.0,9.200000000000001,-46.800000000000004,1
R,5,BOR,33.0,2.0,MEDIUM,28.0,86.408,42.4,6.338594078203183,inf,0,32.7,53.8,6.405035202778213,3.8314919235141836,0.16569199943386556,16,0,30.100000000000037,0.0,9.3,-48.6,1
R,5,BOR,34.0,2.0,MEDIUM,29.0,86.549,40.6,6.371611847231857,inf,0,32.8,54.2,6.379091427951375,3.744777491302672,0.13924574455152988,11,0,29.8,0.0,10.5,-50.4,1
R,5,BOR,35.0,2.0,MEDIUM,30.0,86.639,38.8,6.401917196727186,inf,0,32.9,54.2,6.53593707046026,3.770284753024899,0.010044692087541838,14,0,34.80000000000001,0.0,9.9,-52.2,1
R,5,BOR,36.0,2.0,MEDIUM,31.0,86.798,37.0,6.432940092739179,inf,0,32.8,53.7,6.502669844901744,3.7537168870857736,0.01583541178429459,9,1,29.399999999999988,0.5000000000000057,10.0,-54.0,1
R,5,BOR,37.0,2.0,MEDIUM,32.0,86.721,35.2,6.46302945692067,inf,0,32.8,53.6,6.419942615324486,3.6613203469658835,0.009625442558908967,15,0,30.600000000000012,0.0,9.5,-55.800000000000004,1
R,5,BOR,38.0,2.0,MEDIUM,33.0,86.615,33.39999999999999,6.492239835020471,inf,0,32.7,53.8,6.372507651635747,3.596276066162601,0.013767271538144566,13,0,31.50000000000001,0.0,9.700000000000001,-57.6,1
R,5,BOR,39.0,2.0,MEDIUM,34.0,86.557,31.599999999999994,6.520621127558696,inf,0,32.7,53.1,6.3925664042331185,3.632319728329214,0.027641832663879068,13,0,28.999999999999996,0.0,8.9,-59.4,1
R,5,BOR,40.0,2.0,MEDIUM,35.0,86.706,29.799999999999997,6.546785410760524,inf,0,32.8,53.1,6.4234461642335585,3.7526187320748843,0.10031217650241894,12,0,38.500000000000014,0.0,9.700000000000001,-61.2,1
R,5,BOR,41.0,2.0,MEDIUM,36.0,86.672,28.0,6.5722825426940075,inf,0,32.7,53.0,6.3370735470354305,3.6075398524009725,0.036714936155047576,9,0,29.999999999999993,0.0,9.700000000000001,-63.0,1
R,5,BOR,42.0,2.0,MEDIUM,37.0,86.761,26.200000000000003,6.597145701886651,inf,0,32.8,52.9,6.358858745083176,3.5379509992074523,0.010336440252325135,12,0,40.49999999999997,0.0,9.8,-64.8,1
R,5,BOR,43.0,2.0,MEDIUM,38.0,86.777,24.39999999999999,6.620073206530356,inf,0,32.6,52.9,6.311789948596255,3.533317898577905,0.01668827048961995,12,0,33.599999999999994,0.0,8.9,-66.60000000000001,1
R,5,BOR,44.0,2.0,MEDIUM,39.0,86.592,22.599999999999994,6.645090969505644,inf,0,32.5,53.0,6.354298400111491,3.5920393199893796,0.030752777227730514,15,0,41.500000000000036,0.0,9.3,-68.4,1
R,5,BOR,45.0,2.0,MEDIUM,40.0,86.634,20.799999999999997,6.669498089857879,inf,0,32.6,52.7,6.366843838438497,3.5824046099142226,0.018016664012673062,12,0,31.29999999999999,0.0,9.700000000000001,-70.2,1
R,5,BOR,46.0,2.0,MEDIUM,41.0,86.607,19.0,6.693323668269949,inf,0,32.6,52.7,6.329270609640529,3.545516675017797,0.01644687300011837,15,0,30.99999999999998,0.0,9.1,-72.0,1
R,5,BOR,47.0,2.0,MEDIUM,42.0,86.466,17.200000000000003,6.715383386334681,inf,0,32.8,52.3,6.2751085883328654,3.517475371014878,0.06616207989375546,8,0,41.8,0.0,10.3,-73.8,1
R,5,BOR,48.0,2.0,MEDIUM,43.0,86.363,15.399999999999991,6.736966958001855,inf,0,32.8,52.0,6.0694828886992465,3.683659118014262,0.3881985855429997,20,0,35.70000000000001,0.0,9.8,-75.60000000000001,1
R,5,BOR,49.0,2.0,MEDIUM,44.0,86.395,13.599999999999994,6.755768921984256,inf,0,32.6,52.5,6.198783845955504,3.8193733484898504,0.39407666597500635,13,0,24.500000000000014,0.0,9.600000000000001,-77.4,1
R,5,BOR,50.0,2.0,MEDIUM,45.0,86.788,11.799999999999997,6.777646593635117,inf,0,32.7,52.3,6.284583249363546,3.4608372657447437,0.015830457344111086,11,0,42.400000000000006,0.0,9.4,-79.2,1
R,5,BOR,51.0,2.0,MEDIUM,46.0,86.904,10.0,6.799055862058796,inf,0,32.7,51.8,6.281954874131274,3.524257144468416,0.05777266781963949,19,0,35.1,0.0,9.5,-81.0,1
R,5,BOR,52.0,2.0,MEDIUM,47.0,86.851,8.200000000000003,6.82001636467413,inf,0,32.6,52.2,6.353597787523119,3.570733529202223,0.04787753106277037,18,0,35.899999999999984,0.0,9.600000000000001,-82.8,1
R,5,BOR,53.0,2.0,MEDIUM,48.0,86.322,6.3999999999999915,6.839476438228843,inf,0,32.6,51.9,6.204690220534559,3.5552094911790046,0.1499346952361871,9,0,44.300000000000004,0.0,9.1,-84.60000000000001,1
R,55,SAI,1.0,1.0,SOFT,1.0,96.596,100.0,2.772588722239781,inf,1,31.8,55.8,6.298799320800499,4.323005857735746,1.51669011779085,12,0,27.900000000000023,0.0,15.9,0.0,1
R,55,SAI,2.0,1.0,SOFT,2.0,89.305,98.2,3.5553480614894135,inf,0,32.0,56.2,5.538405082544612,4.156127200393094,1.382785275960441,11,0,33.600000000000044,0.0,13.200000000000001,-1.8,1
R,55,SAI,6.0,2.0,HARD,1.0,133.388,91.0,3.828641396489095,inf,1,32.5,56.4,6.424222377935806,4.629867289188676,1.6863087630049507,16,0,35.50000000000004,0.0,20.200000000000003,0.0,0
R,55,SAI,7.0,2.0,HARD,2.0,88.332,89.2,4.174387269895637,inf,0,32.5,56.3,5.1861308262263766,4.487433117279517,2.051763378241883,12,0,35.600000000000016,0.0,14.600000000000001,-1.8,1
R,55,SAI,8.0,2.0,HARD,3.0,88.665,87.4,4.454347296253507,inf,1,32.4,56.2,5.372409330008788,4.326146376351741,1.634999709426791,13,0,30.700000000000006,0.0,13.4,-3.6,1
R,55,SAI,9.0,2.0,HARD,4.0,88.223,85.6,4.672828834461906,inf,0,32.5,56.4,6.279491376752569,3.878873500414981,0.34985082323235905,11,1,31.899999999999984,3.299999999999996,9.200000000000001,-5.4,1
R,55,SAI,10.0,2.0,HARD,5.0,87.945,83.8,4.852030263919617,inf,0,32.4,55.8,6.24401787408812,3.6596208616674026,0.0099848821183075,15,0,40.89999999999999,0.0,8.200000000000001,-7.2,1
R,55,SAI,11.0,2.0,HARD,6.0,87.155,82.0,4.997212273764115,inf,0,32.4,55.8,5.9443238422194575,4.023988266670794,0.7449508120615127,12,0,36.800000000000004,0.0,11.3,-9.0,1
R,55,SAI,12.0,2.0,HARD,7.0,87.941,80.2,5.1298987149230735,inf,0,32.4,55.3,5.68352883421723,4.2136474198900595,1.2448674762945553,14,0,34.199999999999974,0.0,13.5,-10.8,1
R,55,SAI,13.0,2.0,HARD,8.0,87.268,78.4,5.241747015059643,inf,0,32.4,54.9,5.305872611078369,4.191364206275489,1.62413820891018,13,0,29.3,0.0,12.700000000000001,-12.6,1
R,55,SAI,14.0,2.0,HARD,9.0,87.406,76.6,5.337538079701318,inf,0,32.5,55.4,5.733032035783954,4.109957066807903,1.2051354219114108,13,0,35.200000000000045,0.0,13.200000000000001,-14.4,1
R,55,SAI,15.0,2.0,HARD,10.0,87.571,74.8,5.43372200355424,inf,0,32.6,53.8,5.644480877903057,4.24688774949267,1.357825945621273,14,0,32.20000000000002,0.0,12.200000000000001,-16.2,1
R,55,SAI,16.0,2.0,HARD,11.0,88.221,73.0,5.5254529391317835,inf,0,32.6,54.9,5.541904473439411,4.326991982614739,1.4173228079302074,17,1,33.100000000000016,3.300000000000003,11.8,-18.0,1
R,55,SAI,17.0,2.0,HARD,12.0,87.494,71.2,5.605802066295998,inf,0,32.7,54.7,5.553486459217405,4.207388486934455,1.3400602995826008,12,1,29.000000000000007,3.2000000000000015,10.0,-19.8,1
R,55,SAI,18.0,2.0,HARD,13.0,86.915,69.4,5.680172609017068,inf,0,32.6,54.4,5.328842954243348,4.220132507925422,1.6341327822626486,11,0,30.000000000000018,0.0,12.100000000000001,-21.6,1
R,55,SAI,19.0,2.0,HARD,14.0,87.074,67.6,5.749392985908253,inf,0,32.6,54.2,5.99888698432776,4.1078110421773655,0.8712487613047035,13,0,31.100000000000023,0.0,12.100000000000001,-23.400000000000002,1
R,55,SAI,20.0,2.0,HARD,15.0,86.895,65.8,5.8111409929767,inf,0,32.5,54.6,5.770850543233038,4.128323004332687,1.1491261906260932,17,0,29.800000000000036,0.0,10.8,-25.2,1
R,55,SAI,21.0,2.0,HARD,16.0,87.067,64.0,5.872117789475416,inf,0,32.5,53.8,6.160585907759139,4.119928457903342,0.707441736887585,11,1,27.99999999999999,3.7000000000000015,9.8,-27.0,1
R,55,SAI,22.0,2.0,HARD,17.0,87.456,62.199999999999996,5.924255797414532,inf,0,32.4,53.8,5.171914071431411,3.8480015134073717,1.4453777404989399,10,1,30.80000000000002,3.1,9.600000000000001,-28.8,1
R,55,SAI,23.0,2.0,HARD,18.0,87.169,60.4,5.976350909297934,inf,0,32.5,54.1,5.393033651289038,4.1415080421681605,1.5293320409176026,12,1,32.09999999999999,3.300000000000003,9.200000000000001,-30.6,1
R,55,SAI,24.0,2.0,HARD,19.0,87.005,58.6,6.023447592961033,inf,0,32.4,53.5,5.6318070145384365,3.888130038227266,1.0629404093619919,12,1,30.700000000000028,3.6,8.6,-32.4,1
R,55,SAI,25.0,2.0,HARD,20.0,87.114,56.8,6.07073772800249,inf,0,32.4,53.2,5.9592029045759425,4.170893804617219,0.9896184618943961,13,0,34.199999999999996,0.0,12.100000000000001,-34.2,1
R,55,SAI,26.0,2.0,HARD,21.0,87.305,55.0,6.111467339502679,inf,0,32.5,54.0,5.8933126025587725,3.943913603994881,0.8196022081577216,12,1,30.79999999999999,3.1,8.4,-36.0,1
R,55,SAI,29.0,3.0,MEDIUM,1.0,86.613,49.6,6.202535517187923,inf,0,32.4,53.7,6.7070947939306,3.704939515491611,0.01573190259395407,14,0,36.90000000000002,0.0,8.5,0.0,1
R,55,SAI,30.0,3.0,MEDIUM,2.0,86.488,47.8,6.240275845170769,inf,0,32.3,53.3,6.284502563680013,3.664035752882221,0.2544901115723579,12,0,30.90000000000003,0.0,10.700000000000001,-1.8,1
R,55,SAI,31.0,3.0,MEDIUM,3.0,86.128,46.0,6.2766434893416445,inf,0,32.5,53.9,6.3279312015469,3.5936837127604457,0.22143552481114984,15,0,33.300000000000004,0.0,9.9,-3.6,1
R,55,SAI,32.0,3.0,MEDIUM,4.0,86.236,44.199999999999996,6.311734809152915,inf,0,32.7,53.9,6.157409860936757,3.631826324420889,0.34903804196833677,13,0,34.300000000000026,0.0,9.3,-5.4,1
R,55,SAI,33.0,3.0,MEDIUM,5.0,86.415,42.4,6.345636360828596,inf,0,32.7,54.5,5.815666225508052,3.7372891145110483,0.7860145158117584,13,0,35.5,0.0,10.200000000000001,-7.2,1
R,55,SAI,34.0,3.0,MEDIUM,6.0,86.278,40.6,6.3784261836515865,inf,0,32.8,54.2,6.003808931174692,3.7512536666307437,0.6466984958347661,9,0,35.09999999999999,0.0,10.3,-9.0,1
R,55,SAI,35.0,3.0,MEDIUM,7.0,86.124,38.8,6.408528791059498,inf,0,32.8,53.8,5.8711586086163186,3.77428921840196,0.74491132742408,12,0,37.10000000000001,0.0,10.100000000000001,-10.8,1
R,55,SAI,36.0,3.0,MEDIUM,8.0,86.1,37.0,6.439350371100098,inf,0,32.8,53.7,6.061498803416836,3.6591240321098986,0.43826027148472546,13,0,39.50000000000002,0.0,8.8,-12.6,1
R,55,SAI,37.0,3.0,MEDIUM,9.0,85.91,35.2,6.4692503167957724,inf,0,32.8,53.6,6.060905590096674,3.6599257354324957,0.4972597379194084,12,0,27.699999999999978,0.0,8.4,-14.4,1
R,55,SAI,38.0,3.0,MEDIUM,10.0,85.772,33.39999999999999,6.498282149476434,inf,0,32.7,53.8,6.2920447946410665,3.503594257915298,0.1135920450084278,11,1,34.29999999999999,3.9000000000000044,7.0,-16.2,1
R,55,SAI,40.0,3.0,MEDIUM,12.0,86.036,29.799999999999997,6.55250788703459,inf,0,32.8,53.1,6.2178891233101705,3.4054313466381974,0.032829884394316416,11,1,36.5,3.6,7.6000000000000005,-19.8,1
R,55,SAI,41.0,3.0,MEDIUM,13.0,85.93,28.0,6.579251212010101,inf,0,32.7,53.0,5.884889172858038,3.071388274275465,0.020579914086868798,10,1,34.40000000000003,3.800000000000003,6.7,-21.6,1
R,55,SAI,42.0,3.0,MEDIUM,14.0,85.88,26.200000000000003,6.602587892189336,inf,0,32.7,53.3,6.407900961687104,3.6465924974822146,0.08421287212913205,12,1,36.50000000000001,3.9999999999999987,7.5,-23.400000000000002,1
R,55,SAI,43.0,3.0,MEDIUM,15.0,86.39,24.39999999999999,6.626717749249025,inf,0,32.6,52.9,6.150790895300959,3.873980741449454,0.5502810070168139,11,0,35.60000000000004,0.0,10.3,-25.2,1
R,55,SAI,44.0,3.0,MEDIUM,16.0,86.149,22.599999999999994,6.651571873589727,inf,0,32.6,52.5,5.891851003390591,3.9006431723922947,0.8768193198761228,14,1,33.19999999999998,0.3000000000000028,9.700000000000001,-27.0,1
R,55,SAI,45.0,3.0,MEDIUM,17.0,86.098,20.799999999999997,6.675823221634848,inf,0,32.6,52.7,5.194884825261051,4.21954594519662,1.699770435909469,14,0,39.50000000000002,0.0,9.8,-28.8,1
R,55,SAI,46.0,3.0,MEDIUM,18.0,85.683,19.0,6.698268054115413,inf,0,32.6,52.7,5.924443824156743,3.5286053632368777,0.439460062217169,13,1,38.99999999999998,3.2000000000000015,7.2,-30.6,1
R,55,SAI,47.0,3.0,MEDIUM,19.0,85.783,17.200000000000003,6.720220155135295,inf,0,32.8,52.3,6.268967802793322,3.750073801164662,0.3366876935072515,13,1,35.30000000000001,3.799999999999996,7.2,-32.4,1
R,55,SAI,48.0,3.0,MEDIUM,20.0,86.113,15.399999999999991,6.740519359606223,inf,0,32.8,52.0,5.83257795568356,3.8152269002279593,0.7584259403070936,12,0,35.2,0.0,10.200000000000001,-34.2,1
R,55,SAI,49.0,3.0,MEDIUM,21.0,85.847,13.599999999999994,6.760414691083428,inf,0,32.6,52.6,5.277151098657148,4.078001061750445,1.5949126260399302,16,0,32.69999999999998,0.0,10.5,-36.0,1
R,55,SAI,50.0,3.0,MEDIUM,22.0,86.399,11.799999999999997,6.78105762593618,inf,0,32.7,52.3,5.161125365660423,3.768210341481707,1.35945757258663,12,0,35.89999999999999,0.0,11.9,-37.800000000000004,1
R,55,SAI,51.0,3.0,MEDIUM,23.0,86.257,10.0,6.802394763324311,inf,0,32.6,52.4,6.395161883066269,3.5092472296262702,0.042614772226923656,14,1,39.39999999999998,3.3999999999999972,8.4,-39.6,1
R,55,SAI,52.0,3.0,MEDIUM,24.0,85.96,8.200000000000003,6.823286122355687,inf,0,32.6,52.2,5.8976852965865385,3.702628614133357,0.6661905364532108,12,0,35.999999999999986,0.0,9.3,-41.4,1
R,55,SAI,53.0,3.0,MEDIUM,25.0,85.964,6.3999999999999915,6.842683282238422,inf,0,32.6,51.9,5.837240804394244,3.657383649595502,0.7559784622620936,13,0,39.800000000000004,0.0,9.9,-43.2,1
R,63,RUS,1.0,1.0,MEDIUM,1.0,88.774,100.0,0.6931471805599453,inf,0,31.8,55.8,6.3195280963227,4.377394411410723,1.7470637160487419,11,0,40.40000000000001,0.0,12.8,0.0,1
R,63,RUS,2.0,1.0,MEDIUM,2.0,86.651,98.2,3.044522437723423,inf,0,32.0,56.2,6.473071155403559,3.762406549979901,0.017154292669057342,10,0,38.20000000000003,0.0,10.600000000000001,-1.8,1
R,63,RUS,7.0,2.0,HARD,1.0,86.44,89.2,3.9512437185814275,inf,0,32.5,56.3,6.54166377974331,3.8504140338729362,0.04169789989115593,12,0,33.40000000000003,0.0,9.1,0.0,1
R,63,RUS,8.0,2.0,HARD,2.0,86.093,87.4,4.290459441148391,inf,0,32.4,56.8,6.537484422929953,3.8589859664390813,0.013157297194226574,14,0,32.30000000000001,0.0,9.9,-1.8,1
R,63,RUS,10.0,2.0,HARD,4.0,86.305,83.8,4.736198448394496,inf,0,32.4,56.2,6.593230647567356,3.809786500611192,0.02138091313392263,15,0,44.10000000000001,0.0,8.9,-5.4,1
R,63,RUS,11.0,2.0,HARD,5.0,86.63,82.0,4.90527477843843,inf,0,32.4,55.8,6.533195653507257,3.8378532989011864,0.010976617120878484,9,0,40.00000000000003,0.0,9.9,-7.2,1
R,63,RUS,12.0,2.0,HARD,6.0,87.352,80.2,5.056245805348308,inf,1,32.5,55.8,5.402939869656182,4.554011404702661,1.7881446495742022,12,0,43.099999999999994,0.0,10.5,-9.0,1
R,63,RUS,13.0,2.0,HARD,7.0,86.142,78.4,5.176149732573829,inf,0,32.4,54.9,4.851029361722205,4.548548399459121,2.1329536011892194,10,0,37.99999999999999,0.0,11.0,-10.8,1
R,63,RUS,14.0,2.0,HARD,8.0,86.549,76.6,5.2832037287379885,inf,0,32.5,55.4,5.249153720623699,4.220215185184772,1.4867894823233636,10,0,39.100000000000016,0.0,9.9,-12.6,1
R,63,RUS,15.0,2.0,HARD,9.0,85.773,74.8,5.375278407684165,inf,0,32.6,53.8,6.098601101301826,3.7402600124855976,0.152376497557237,12,0,40.700000000000024,0.0,8.3,-14.4,1
R,63,RUS,16.0,2.0,HARD,10.0,85.742,73.0,5.4680601411351315,inf,0,32.6,54.9,6.4631327029901975,3.635649691338182,0.021965271458111748,11,0,40.19999999999999,0.0,8.9,-16.2,1
R,63,RUS,17.0,2.0,HARD,11.0,85.584,71.2,5.552959584921617,inf,0,32.6,54.9,6.270051147537494,3.6335434432974574,0.2361043438587024,17,0,32.400000000000034,0.0,9.5,-18.0,1
R,63,RUS,18.0,2.0,HARD,12.0,86.152,69.4,5.634789603169249,inf,0,32.6,54.4,5.178434569981228,4.290778343246107,1.7475352317198651,17,0,39.80000000000004,0.0,10.9,-19.8,1
R,63,RUS,19.0,2.0,HARD,13.0,85.802,67.6,5.707110264748875,inf,0,32.6,54.5,5.803960781470978,4.149153237354398,0.8866837151986217,10,0,39.19999999999999,0.0,9.200000000000001,-21.6,1
R,63,RUS,20.0,2.0,HARD,14.0,85.606,65.8,5.7745515455444085,inf,0,32.5,54.6,5.5806257048528565,4.441523016151699,1.406040238284888,11,0,36.799999999999976,0.0,11.200000000000001,-23.400000000000002,1
R,63,RUS,21.0,2.0,HARD,15.0,85.768,64.0,5.834810737062605,inf,0,32.5,54.4,4.969219539839415,4.394948096809559,1.8496639748262396,9,0,37.399999999999984,0.0,10.200000000000001,-25.2,1
R,63,RUS,22.0,2.0,HARD,16.0,86.496,62.199999999999996,5.891644211825771,inf,0,32.4,53.8,4.979624202172635,4.325818340015113,1.9477005973423338,11,0,36.900000000000006,0.0,11.0,-27.0,1
R,63,RUS,23.0,2.0,HARD,17.0,85.827,60.4,5.940171252720432,inf,0,32.5,54.0,6.06446621844736,3.939251805390356,0.4635370217514963,14,0,33.799999999999976,0.0,9.700000000000001,-28.8,1
R,63,RUS,24.0,2.0,HARD,18.0,85.642,58.6,5.988961416889864,inf,0,32.5,54.1,6.095361543973812,3.90569614637932,0.6396794264823369,12,0,27.8,0.0,9.9,-30.6,1
R,63,RUS,25.0,2.0,HARD,19.0,85.345,56.8,6.037870919922137,inf,0,32.4,53.2,5.818713652129859,3.7830069228508783,0.8250746441853914,14,0,29.700000000000006,0.0,8.4,-32.4,1
R,63,RUS,26.0,2.0,HARD,20.0,85.505,55.0,6.082218910376446,inf,0,32.5,53.8,5.768248379712677,3.7849341454206953,0.8019827603350589,10,0,24.1,0.0,9.9,-34.2,1
R,63,RUS,27.0,2.0,HARD,21.0,85.517,53.199999999999996,6.124683390894205,inf,0,32.5,54.3,5.749163543462322,3.9068571635699936,1.0011751667266784,11,0,26.60000000000001,0.0,9.3,-36.0,1
R,63,RUS,28.0,2.0,HARD,22.0,105.699,51.4,6.154858094016418,inf,1,32.5,54.3,1.9714949797439014,4.284371411808127,2.228155955190715,5,0,6.200000000000003,0.0,20.3,-37.800000000000004,0
R,63,RUS,29.0,2.0,HARD,23.0,98.375,49.6,6.180016653652572,inf,1,32.6,54.0,5.7123831984588485,3.08970765520517,0.06394387319550685,10,0,26.900000000000027,0.0,12.4,-39.6,0
R,63,RUS,30.0,2.0,HARD,24.0,85.66,47.8,6.208590026096629,inf,0,32.3,53.3,6.058364857930403,3.9165937923969327,0.5894934755496704,9,0,40.5,0.0,9.600000000000001,-41.4,1
R,63,RUS,31.0,2.0,HARD,25.0,85.569,46.0,6.246106765481563,inf,0,32.3,54.1,6.091027367301575,3.8877954167549866,0.5444719088889054,8,0,43.40000000000001,0.0,9.0,-43.2,1
R,63,RUS,32.0,2.0,HARD,26.0,85.34,44.199999999999996,6.282266746896006,inf,0,32.5,53.9,6.354123514970237,3.8951138059326578,0.2564561925275196,8,0,43.60000000000001,0.0,7.7,-45.0,1
R,63,RUS,33.0,2.0,HARD,27.0,85.404,42.4,6.317164686747284,inf,0,32.7,53.8,6.215891512278333,3.8304434804273115,0.34835266675492244,9,0,41.000000000000014,0.0,9.5,-46.800000000000004,1
R,63,RUS,34.0,2.0,HARD,28.0,85.412,40.6,6.35088571671474,inf,0,32.7,54.5,6.137994765056407,3.686346491333153,0.3441676968411944,11,0,37.7,0.0,9.0,-48.6,1
R,63,RUS,35.0,2.0,HARD,29.0,85.296,38.8,6.3835066348840055,inf,0,32.9,54.2,5.998179037847596,3.7951658971390305,0.5752836592529005,9,0,43.00000000000001,0.0,9.0,-50.4,1
R,63,RUS,36.0,2.0,HARD,30.0,85.223,37.0,6.413458957167357,inf,0,32.8,53.8,5.990747132761858,3.7894616122340854,0.5461848926146508,11,0,40.69999999999999,0.0,8.5,-52.2,1
R,63,RUS,37.0,2.0,HARD,31.0,85.337,35.2,6.444131256700441,inf,0,32.8,53.7,6.0765047812092625,3.8571688492646734,0.5202577709168459,10,0,40.40000000000002,0.0,9.3,-54.0,1
R,63,RUS,38.0,2.0,HARD,32.0,85.386,33.39999999999999,6.473890696352274,inf,0,32.8,53.7,5.932768532819893,3.8566944378450043,0.6852744277521771,10,0,41.49999999999999,0.0,8.6,-55.800000000000004,1
R,63,RUS,39.0,2.0,HARD,33.0,85.018,31.599999999999994,6.502790045915623,inf,0,32.7,53.8,6.080147838128546,3.825079323816477,0.5111395276357771,10,0,43.09999999999998,0.0,8.9,-57.6,1
R,63,RUS,40.0,2.0,HARD,34.0,85.094,29.799999999999997,6.529418838262226,inf,0,32.8,53.4,6.08024805213714,3.8744316597309685,0.5467805160009044,11,0,42.2,0.0,8.9,-59.4,1
R,63,RUS,41.0,2.0,HARD,35.0,85.331,28.0,6.556778356158042,inf,0,32.8,53.1,5.948346140820069,3.9018898269696662,0.6715812379112265,11,0,42.500000000000014,0.0,9.4,-61.2,1
R,63,RUS,42.0,2.0,HARD,36.0,85.137,26.200000000000003,6.583409222158765,inf,0,32.8,52.9,6.124021073074657,3.7666774372023353,0.35324064303659525,10,0,44.0,0.0,8.9,-63.0,1
R,63,RUS,43.0,2.0,HARD,37.0,85.261,24.39999999999999,6.606650186198215,inf,0,32.7,53.3,5.991649615195688,3.752521347067978,0.47114179588152816,10,0,42.600000000000016,0.0,9.4,-64.8,1
R,63,RUS,44.0,2.0,HARD,38.0,85.128,22.599999999999994,6.630683385642372,inf,0,32.6,52.9,6.01668714272428,3.9107516771651376,0.5883458416818117,10,0,43.20000000000001,0.0,9.1,-66.60000000000001,1
R,63,RUS,45.0,2.0,HARD,39.0,85.183,20.799999999999997,6.655440350367647,inf,0,32.6,52.5,5.8513706633590985,3.840402094714642,0.6824676384768947,10,0,42.2,0.0,9.3,-68.4,1
R,63,RUS,46.0,2.0,HARD,40.0,84.961,19.0,6.679599185844383,inf,0,32.6,52.7,5.613105294672262,3.904906116466271,0.9947241421625412,11,0,35.39999999999999,0.0,9.0,-70.2,1
R,63,RUS,47.0,2.0,HARD,41.0,84.861,17.200000000000003,6.70196036600254,inf,0,32.8,52.7,5.601870247557814,4.038475517595973,1.114511117239912,9,0,43.49999999999999,0.0,9.5,-72.0,1
R,63,RUS,48.0,2.0,HARD,42.0,85.276,15.399999999999991,6.723832440821209,inf,0,32.8,52.3,5.3717486074314955,4.14801426842063,1.3093980961395209,14,0,39.19999999999999,0.0,9.8,-73.8,1
R,63,RUS,49.0,2.0,HARD,43.0,87.975,13.599999999999994,6.744059186311348,inf,1,32.6,52.5,5.1258264705261025,4.225751902749236,1.6679069272376372,15,0,37.400000000000006,0.0,11.600000000000001,-75.60000000000001,1
R,63,RUS,50.0,2.0,HARD,44.0,86.206,11.799999999999997,6.7661917146603505,inf,0,32.6,52.6,5.2418477893189355,4.47907666287787,1.554498319277794,10,0,45.300000000000004,0.0,11.4,-77.4,1
R,63,RUS,51.0,2.0,HARD,45.0,84.39,10.0,6.786716950605081,inf,0,32.7,52.3,4.2248151448551,4.415182813092379,2.3798754781519365,11,0,42.900000000000006,0.0,10.8,-79.2,1
R,63,RUS,52.0,2.0,HARD,46.0,84.977,8.200000000000003,6.806829360392176,inf,0,32.6,52.4,4.578302219613223,4.470045912416796,2.1109249276983557,13,0,38.59999999999999,0.0,10.3,-81.0,1
R,63,RUS,53.0,2.0,HARD,47.0,85.486,6.3999999999999915,6.827629234502852,inf,0,32.6,52.2,4.6060909282631375,4.493528688774106,2.192378990469895,13,0,29.60000000000002,0.0,11.4,-82.8,1
R,77,BOT,1.0,1.0,SOFT,1.0,97.725,100.0,2.995732273553991,inf,1,31.8,55.8,6.3787989802989795,4.44945312225153,1.530456821549734,16,0,34.100000000000016,0.0,16.900000000000002,0.0,1
R,77,BOT,2.0,1.0,SOFT,2.0,91.895,98.2,3.6888794541139363,inf,0,32.0,56.2,7.135672585367465,4.587406928536131,0.07838030880983649,9,0,37.300000000000004,0.0,13.5,-1.8,1
R,77,BOT,6.0,2.0,MEDIUM,1.0,131.615,91.0,3.9318256327243257,inf,1,32.5,56.4,6.578046445404013,4.40111762941796,1.309798384316385,12,0,29.599999999999984,0.0,30.1,0.0,0
R,77,BOT,7.0,2.0,MEDIUM,2.0,89.851,89.2,4.276666119016055,inf,1,32.5,56.3,5.786853558417915,4.418537786495966,1.157807503613835,11,0,36.40000000000002,0.0,18.3,-1.8,1
R,77,BOT,8.0,2.0,MEDIUM,3.0,88.429,87.4,4.5217885770490405,inf,0,32.4,56.2,6.74823692657196,4.25329917981956,0.10787848555994083,11,0,38.70000000000001,0.0,12.8,-3.6,1
R,77,BOT,9.0,2.0,MEDIUM,4.0,89.044,85.6,4.718498871295094,inf,0,32.5,56.4,6.872850892077637,4.185032173301966,0.11105106171233954,12,0,30.400000000000002,0.0,13.200000000000001,-5.4,1
R,77,BOT,10.0,2.0,MEDIUM,5.0,89.11,83.8,4.890349128221754,inf,0,32.4,55.8,6.803984383545456,3.9847260454260205,0.019972372071357207,10,0,37.10000000000001,0.0,11.200000000000001,-7.2,1
R,77,BOT,11.0,2.0,MEDIUM,6.0,88.906,82.0,5.0369526024136295,inf,0,32.4,55.8,6.74855870957029,4.00750936891774,0.0027727682166975797,15,0,39.699999999999996,0.0,11.700000000000001,-9.0,1
R,77,BOT,12.0,2.0,MEDIUM,7.0,88.549,80.2,5.159055299214529,inf,0,32.4,55.3,6.7768104760486345,4.03625259173498,0.015772196640108076,12,0,39.599999999999994,0.0,11.3,-10.8,1
R,77,BOT,13.0,2.0,MEDIUM,8.0,88.807,78.4,5.267858159063328,inf,0,32.4,54.9,6.681924979512067,3.9877278035785597,0.003622270440130107,14,0,45.90000000000002,0.0,10.100000000000001,-12.6,1
R,77,BOT,14.0,2.0,MEDIUM,9.0,88.37,76.6,5.3612921657094255,inf,0,32.5,55.0,6.648988372737431,3.9836951764746065,0.056515719874139315,7,0,41.5,0.0,10.600000000000001,-14.4,1
R,77,BOT,15.0,2.0,MEDIUM,10.0,88.597,74.8,5.455321115357702,inf,0,32.6,53.8,6.478485547861947,3.758291766245445,0.0017922311991608946,9,0,43.2,0.0,10.3,-16.2,1
R,77,BOT,16.0,2.0,MEDIUM,11.0,88.572,73.0,5.541263545158426,inf,0,32.6,54.9,6.606111538464795,3.9047698833476794,0.0020704007871882204,13,0,41.80000000000001,0.0,10.4,-18.0,1
R,77,BOT,17.0,2.0,MEDIUM,12.0,88.476,71.2,5.62040086571715,inf,0,32.7,54.7,6.663785850110504,3.9883249764892925,0.015329682829732561,10,0,44.9,0.0,10.600000000000001,-19.8,1
R,77,BOT,18.0,2.0,MEDIUM,13.0,88.539,69.4,5.6937321388027,inf,0,32.6,54.5,6.715108462331155,4.054475183508895,0.00731836617297652,10,0,40.400000000000006,0.0,10.600000000000001,-21.6,1
R,77,BOT,19.0,2.0,MEDIUM,14.0,88.471,67.6,5.762051382780177,inf,0,32.6,54.2,6.364959120321082,3.654774172560845,0.005069306810638626,10,0,43.800000000000004,0.0,10.8,-23.400000000000002,1
R,77,BOT,20.0,2.0,MEDIUM,15.0,88.568,65.8,5.823045895483019,inf,0,32.5,54.6,6.657486794230346,3.9866291156588267,0.002240461120586108,12,0,41.09999999999997,0.0,11.0,-25.2,1
R,77,BOT,21.0,2.0,MEDIUM,16.0,88.41,64.0,5.8805329864007,inf,0,32.5,53.8,6.713582009196089,4.013843738033941,0.037353104680854385,14,0,43.70000000000001,0.0,10.700000000000001,-27.0,1
R,77,BOT,22.0,2.0,MEDIUM,17.0,88.594,62.199999999999996,5.932245187448011,inf,0,32.4,53.8,6.819025591214934,4.113771871578276,0.012379838615253998,14,0,41.40000000000003,0.0,10.700000000000001,-28.8,1
R,77,BOT,23.0,2.0,MEDIUM,18.0,88.386,60.4,5.983936280687191,inf,0,32.5,54.1,6.853736422829785,4.2435959168352575,0.1163228585759504,11,0,32.699999999999996,0.0,10.5,-30.6,1
R,77,BOT,24.0,2.0,MEDIUM,19.0,89.711,58.6,6.0330862217988015,inf,0,32.4,53.5,6.658178236136406,4.231428269300186,0.24965360077629506,16,0,40.400000000000034,0.0,11.700000000000001,-32.4,1
R,77,BOT,25.0,2.0,MEDIUM,20.0,88.57,56.8,6.07993319509559,inf,0,32.5,53.8,6.848158125911608,4.183168513388828,0.021878713025305696,9,0,39.000000000000014,0.0,10.8,-34.2,1
R,77,BOT,26.0,2.0,MEDIUM,21.0,88.707,55.0,6.12029741895095,inf,0,32.5,54.0,6.81836248804136,4.129224588838241,0.023675457623689437,16,0,39.00000000000002,0.0,11.3,-36.0,1
R,77,BOT,29.0,3.0,SOFT,1.0,87.982,49.6,6.2166061010848646,inf,0,32.3,53.3,6.54420970908321,3.851587298981082,0.000426557522083763,10,0,38.70000000000001,0.0,10.600000000000001,0.0,1
R,77,BOT,30.0,3.0,SOFT,2.0,90.847,47.8,6.261491684321042,inf,1,32.3,54.1,5.771708914415668,3.787654275936392,1.025657512102517,10,0,36.300000000000004,0.0,17.3,-1.8,1
R,77,BOT,31.0,3.0,SOFT,3.0,87.803,46.0,6.297109319933935,inf,0,32.7,53.9,6.652975885535328,4.035744224970179,0.02690089338109853,8,0,41.9,0.0,10.0,-3.6,1
R,77,BOT,32.0,3.0,SOFT,4.0,89.253,44.199999999999996,6.333279628139691,inf,1,32.7,53.8,6.420919580911065,3.805459197140376,0.11927359221608015,12,0,34.20000000000002,0.0,11.700000000000001,-5.4,1
R,77,BOT,33.0,3.0,SOFT,5.0,87.801,42.4,6.366470447731438,inf,0,32.8,54.2,6.311447185326732,3.973370391258543,0.34847499707183105,14,0,43.30000000000003,0.0,10.9,-7.2,1
R,77,BOT,34.0,3.0,SOFT,6.0,87.661,40.6,6.396929655216146,inf,0,32.9,54.2,6.6769837287971985,4.001074690472004,0.010034535919418282,14,0,41.80000000000002,0.0,9.5,-9.0,1
R,77,BOT,35.0,3.0,SOFT,7.0,88.14,38.8,6.428105272684596,inf,0,32.8,53.7,6.628031652834025,3.894372593342765,0.010385207900296192,12,0,44.20000000000002,0.0,10.200000000000001,-10.8,1
R,77,BOT,36.0,3.0,SOFT,8.0,88.744,37.0,6.459904454377535,inf,0,32.8,53.6,5.673966674682369,3.9611490421274764,1.0073515205112407,14,0,39.80000000000001,0.0,14.4,-12.6,1
R,77,BOT,37.0,3.0,SOFT,9.0,89.146,35.2,6.490723534502507,inf,1,32.7,53.8,6.536173697429238,3.8790350080875458,0.058139226934631395,11,0,43.099999999999994,0.0,11.5,-14.4,1
R,77,BOT,38.0,3.0,SOFT,10.0,87.625,33.39999999999999,6.519147287940395,inf,0,32.7,53.1,6.394493159340307,4.03677049105165,0.3079884896987028,10,0,41.4,0.0,10.9,-16.2,1
R,77,BOT,39.0,3.0,SOFT,11.0,87.716,31.599999999999994,6.54534966033442,inf,0,32.8,53.4,6.5344104928280045,3.8364819422128273,0.07288496551177444,13,0,34.70000000000002,0.0,10.4,-18.0,1
R,77,BOT,40.0,3.0,SOFT,12.0,89.414,29.799999999999997,6.573680166960646,inf,1,32.7,53.0,5.970584727795618,3.740580295030243,0.2864505768166596,10,0,37.70000000000001,0.0,11.700000000000001,-19.8,1
R,77,BOT,41.0,3.0,SOFT,13.0,87.597,28.0,6.598509028614515,inf,0,32.8,52.9,6.303664166045633,3.9864449985648096,0.37647910453973216,16,0,37.60000000000001,0.0,11.100000000000001,-21.6,1
R,77,BOT,42.0,3.0,SOFT,14.0,87.468,26.200000000000003,6.621405651764134,inf,0,32.6,52.9,6.6607956895077765,3.9610693587712484,0.024307944421824202,10,0,42.100000000000016,0.0,10.100000000000001,-23.400000000000002,1
R,77,BOT,43.0,3.0,SOFT,15.0,87.46,24.39999999999999,6.646390514847729,inf,0,32.5,53.0,6.562046837924299,3.8400256918442786,0.02056326517098302,11,0,39.69999999999999,0.0,9.5,-25.2,1
R,77,BOT,44.0,3.0,SOFT,16.0,87.616,22.599999999999994,6.670766320845874,inf,0,32.6,52.7,6.407028439092199,3.6849181436192517,0.010277708469886675,16,0,38.00000000000001,0.0,10.200000000000001,-27.0,1
R,77,BOT,45.0,3.0,SOFT,17.0,87.585,20.799999999999997,6.694562058521095,inf,0,32.6,52.7,6.249619235578269,3.840465100038811,0.33830490973716,13,0,39.50000000000002,0.0,10.8,-28.8,1
R,77,BOT,46.0,3.0,SOFT,18.0,92.412,19.0,6.71901315438526,inf,1,32.8,52.3,6.225882632362499,3.9401224314414804,0.4627069440529304,13,0,36.099999999999994,0.0,17.0,-30.6,1
R,77,BOT,48.0,3.0,SOFT,20.0,88.393,15.399999999999991,6.762729506931879,inf,0,32.6,52.6,6.530884488563492,3.8234127127943864,0.004530924323383469,11,0,40.400000000000006,0.0,9.9,-34.2,1
R,77,BOT,49.0,3.0,SOFT,21.0,93.564,13.599999999999994,6.787844982309579,inf,1,32.7,52.3,5.463984704021287,4.0447091609286465,0.5088599313963024,7,0,35.20000000000001,0.0,14.4,-36.0,1
R,77,BOT,50.0,3.0,SOFT,22.0,89.946,11.799999999999997,6.80903930604298,inf,1,32.6,52.4,5.615619248156295,4.171939081675714,1.1288576876873049,10,0,38.10000000000001,0.0,14.0,-37.800000000000004,1
R,77,BOT,51.0,3.0,SOFT,23.0,87.325,10.0,6.829793737512425,inf,0,32.6,52.2,6.389327729084009,3.874487842643274,0.2190253863109586,12,0,40.20000000000001,0.0,10.600000000000001,-39.6,1
R,81,PIA,1.0,1.0,MEDIUM,1.0,90.028,100.0,1.6094379124341003,inf,1,31.8,55.8,5.317964877852024,2.398837356396321,1.0804282531004912,16,0,35.30000000000001,0.0,15.100000000000001,0.0,1
R,81,PIA,2.0,1.0,MEDIUM,2.0,87.486,98.2,3.1780538303479458,inf,0,32.0,56.2,5.274861913756306,2.52048309639057,0.5325822010176924,14,0,27.1,0.0,14.4,-1.8,1
R,81,PIA,7.0,2.0,HARD,1.0,87.432,89.2,4.02535169073515,inf,1,32.5,56.3,5.541858337045033,2.417753100054456,0.09062605520207702,11,0,33.49999999999998,0.0,10.4,0.0,1
R,81,PIA,8.0,2.0,HARD,2.0,86.051,87.4,4.343805421853684,inf,0,32.4,56.2,5.482879637559879,2.238799355797033,0.00644289250146747,12,1,28.59999999999999,0.4000000000000007,10.700000000000001,-1.8,1
R,81,PIA,9.0,2.0,HARD,3.0,85.978,85.6,4.574710978503383,inf,0,32.5,56.4,5.464307899148842,2.269654180849578,0.0491937671882828,15,1,30.900000000000027,0.4000000000000007,10.200000000000001,-3.6,1
R,81,PIA,10.0,2.0,HARD,4.0,86.321,83.8,4.762173934797756,inf,0,32.4,56.2,5.534912923424821,2.2162308257240175,0.02765940880499371,14,0,38.700000000000024,0.0,12.200000000000001,-5.4,1
R,81,PIA,11.0,2.0,HARD,5.0,86.086,82.0,4.927253685157205,inf,0,32.4,55.8,5.366634391265947,2.0464379999633673,0.08711884341357366,14,0,41.7,0.0,11.9,-7.2,1
R,81,PIA,12.0,2.0,HARD,6.0,85.975,80.2,5.062595033026967,inf,0,32.5,55.8,5.30720317550041,1.9334922559609702,0.007764610301389141,13,0,40.70000000000002,0.0,11.200000000000001,-9.0,1
R,81,PIA,13.0,2.0,HARD,7.0,86.547,78.4,5.187385805840755,inf,0,32.4,54.9,5.4189853896249005,2.0529692193641873,0.015504732007958762,11,0,44.19999999999999,0.0,11.0,-10.8,1
R,81,PIA,14.0,2.0,HARD,8.0,86.111,76.6,5.293304824724492,inf,0,32.5,55.4,5.367570185793357,2.118373375829666,0.012253190115650995,13,0,45.199999999999996,0.0,7.2,-12.6,1
R,81,PIA,15.0,2.0,HARD,9.0,86.233,74.8,5.389071729816501,inf,0,32.6,53.8,5.459574835180961,2.175286514240837,0.059193318362769594,12,0,34.50000000000001,0.0,11.100000000000001,-14.4,1
R,81,PIA,16.0,2.0,HARD,10.0,86.723,73.0,5.484796933490655,inf,0,32.6,54.9,5.419148745389567,2.2365743066381674,0.1400616086225171,13,1,39.40000000000001,2.3999999999999972,10.600000000000001,-16.2,1
R,81,PIA,17.0,2.0,HARD,11.0,86.552,71.2,5.568344503761097,inf,0,32.6,54.9,5.483501705398174,2.153028869076991,0.02217625392878612,12,0,42.199999999999996,0.0,11.9,-18.0,1
R,81,PIA,18.0,2.0,HARD,12.0,86.764,69.4,5.645446897643238,inf,0,32.6,54.4,5.311320997304888,2.213083250069075,0.2453266672685184,11,1,37.699999999999996,0.9000000000000042,11.3,-19.8,1
R,81,PIA,19.0,2.0,HARD,13.0,85.646,67.6,5.713732805509369,inf,0,32.6,54.5,5.302819667405553,1.9148512513400369,0.004837756289562659,11,1,38.70000000000001,0.7000000000000014,9.600000000000001,-21.6,1
R,81,PIA,20.0,2.0,HARD,14.0,86.094,65.8,5.780743515792329,inf,0,32.5,54.6,5.262929614878873,1.993380598782296,0.0011106535061778543,12,0,35.800000000000026,0.0,8.8,-23.400000000000002,1
R,81,PIA,21.0,2.0,HARD,15.0,86.231,64.0,5.840641657373398,inf,0,32.5,54.4,5.380447374378708,2.001195107763498,0.0014781608282298218,15,0,44.10000000000001,0.0,9.700000000000001,-25.2,1
R,81,PIA,22.0,2.0,HARD,16.0,86.083,62.199999999999996,5.8971538676367405,inf,0,32.4,53.8,5.3782895108583,2.006863309235925,0.0057831228322777865,14,0,36.60000000000004,0.0,10.600000000000001,-27.0,1
R,81,PIA,23.0,2.0,HARD,17.0,86.811,60.4,5.950642552587727,inf,0,32.5,54.0,5.385870039635469,2.2095929145559605,0.18044453375010142,12,0,41.89999999999999,0.0,10.5,-28.8,1
R,81,PIA,24.0,2.0,HARD,18.0,85.926,58.6,5.998936561946683,inf,0,32.4,53.5,5.318757314653215,2.105649374462007,0.12991167480568053,15,0,34.50000000000001,0.0,11.600000000000001,-30.6,1
R,81,PIA,25.0,2.0,HARD,19.0,85.884,56.8,6.045005314036012,inf,0,32.4,53.2,5.218662057453628,1.8426186751130729,0.003455405764721326,11,0,41.4,0.0,9.600000000000001,-32.4,1
R,81,PIA,26.0,2.0,HARD,20.0,86.143,55.0,6.0867747269123065,inf,0,32.5,53.8,5.276674363088244,1.8545228005865873,0.00024005718122077773,11,0,37.6,0.0,10.200000000000001,-34.2,1
R,81,PIA,27.0,2.0,HARD,21.0,86.106,53.199999999999996,6.131226489483141,inf,0,32.5,54.3,5.268256611708333,1.8939423732765253,0.0011724223933670154,12,0,40.499999999999986,0.0,10.100000000000001,-36.0,1
R,81,PIA,28.0,2.0,HARD,22.0,109.065,51.4,6.156978985585555,inf,1,32.5,54.3,1.0543251592093288,1.7409298672723132,3.303700011513208,1,0,2.1,0.0,23.6,-37.800000000000004,0
R,81,PIA,29.0,2.0,HARD,23.0,92.536,49.6,6.182084906716632,inf,1,32.6,54.0,4.78073976965311,1.551587945010969,0.36019191599124833,12,0,29.9,0.0,15.0,-39.6,1
R,81,PIA,30.0,2.0,HARD,24.0,85.915,47.8,6.212606095751519,inf,0,32.3,53.3,5.3520256084992015,1.892824874035108,0.0062551500788873724,11,0,39.89999999999999,0.0,10.3,-41.4,1
R,81,PIA,31.0,2.0,HARD,25.0,85.967,46.0,6.248042874508429,inf,0,32.3,54.1,5.289826969464141,1.9104066336970613,0.00800830651156362,14,0,32.600000000000016,0.0,9.9,-43.2,1
R,81,PIA,32.0,2.0,HARD,26.0,86.02,44.199999999999996,6.284134161070802,inf,0,32.5,53.9,5.240609359461415,1.8070644009228718,0.00048178077684462006,10,1,44.60000000000001,0.8999999999999971,10.0,-45.0,1
R,81,PIA,33.0,2.0,HARD,27.0,86.251,42.4,6.318968113746434,inf,0,32.7,53.8,5.258803702908674,1.796393358168268,0.0002689387131116913,12,0,38.600000000000016,0.0,9.9,-46.800000000000004,1
R,81,PIA,34.0,2.0,HARD,28.0,86.035,40.6,6.352629396319567,inf,0,32.7,54.5,5.242837318930728,1.784346627256763,0.0007082426605667158,11,0,43.10000000000001,0.0,10.0,-48.6,1
R,81,PIA,35.0,2.0,HARD,29.0,85.597,38.8,6.385194398997726,inf,0,32.9,54.2,5.212146006111398,1.7900240697149792,0.0035903184632937106,10,0,43.19999999999998,0.0,9.9,-50.4,1
R,81,PIA,36.0,2.0,HARD,30.0,85.544,37.0,6.415096959171596,inf,0,32.8,53.8,5.2408503768979635,1.7732358174974063,0.0016964071667188592,12,0,45.199999999999974,0.0,8.8,-52.2,1
R,81,PIA,37.0,2.0,HARD,31.0,86.128,35.2,6.447305862541213,inf,0,32.8,53.6,5.422766947948465,1.9878280211652317,0.020635248989157726,14,0,44.999999999999986,0.0,11.0,-54.0,1
R,81,PIA,38.0,2.0,HARD,32.0,85.315,33.39999999999999,6.476972362889683,inf,0,32.8,53.7,5.3620020895210985,2.016544844591728,0.011195836790891759,13,1,41.30000000000002,0.8000000000000028,10.8,-55.800000000000004,1
R,81,PIA,39.0,2.0,HARD,33.0,86.325,31.599999999999994,6.507277712385012,inf,0,32.7,53.1,5.444228296124088,2.164109901663236,0.08617677330682937,11,0,41.20000000000002,0.0,11.4,-57.6,1
R,81,PIA,40.0,2.0,HARD,34.0,86.156,29.799999999999997,6.5337888379333435,inf,0,32.8,53.4,4.96018416736386,2.198149947581995,0.5631830806029579,14,0,32.2,0.0,11.8,-59.4,1
R,81,PIA,41.0,2.0,HARD,35.0,86.152,28.0,6.559615237493242,inf,0,32.8,53.1,5.254858606291849,2.076407372635774,0.009248812740010378,12,0,35.99999999999997,0.0,7.7,-61.2,1
R,81,PIA,42.0,2.0,HARD,36.0,85.692,26.200000000000003,6.586171654854675,inf,0,32.8,52.9,5.220850072448827,1.9565088125028074,0.0005104482503631165,10,1,33.30000000000002,0.9000000000000042,7.0,-63.0,1
R,81,PIA,43.0,2.0,HARD,37.0,86.242,24.39999999999999,6.610696044717759,inf,0,32.7,53.3,5.1221893390536515,2.020227350339719,0.33826065819457474,16,0,39.29999999999998,0.0,11.4,-64.8,1
R,81,PIA,44.0,2.0,HARD,38.0,85.194,22.599999999999994,6.634633357861686,inf,0,32.5,53.0,5.227621118366168,2.1048728366792115,0.12648912860238082,12,0,40.699999999999996,0.0,9.9,-66.60000000000001,1
R,81,PIA,45.0,2.0,HARD,39.0,85.125,20.799999999999997,6.659293919683638,inf,0,32.6,52.5,5.172114951292047,2.0625825478681934,0.24510285318147135,12,0,34.89999999999999,0.0,10.8,-68.4,1
R,81,PIA,46.0,2.0,HARD,40.0,85.313,19.0,6.683360945766275,inf,0,32.6,52.7,4.75581563501146,2.0962129592270076,0.6773896636697315,11,0,38.09999999999999,0.0,11.3,-70.2,1
R,81,PIA,47.0,2.0,HARD,41.0,85.385,17.200000000000003,6.705639094860003,inf,0,32.8,52.7,4.807354031172112,2.0547963037142685,0.5886118590454872,12,0,43.09999999999998,0.0,11.3,-72.0,1
R,81,PIA,48.0,2.0,HARD,42.0,85.755,15.399999999999991,6.728628613084702,inf,0,32.8,52.3,4.99814631883352,2.2349665947503166,0.5417403373012628,11,0,39.99999999999999,0.0,12.4,-73.8,1
R,81,PIA,49.0,2.0,HARD,43.0,85.458,13.599999999999994,6.7464121285733745,inf,0,32.6,52.5,5.009904963665106,2.0660399044893847,0.334768059755452,16,0,39.60000000000001,0.0,9.8,-75.60000000000001,1
R,81,PIA,50.0,2.0,HARD,44.0,85.525,11.799999999999997,6.76849321164863,inf,0,32.6,52.6,5.327203218394178,1.971398081484784,0.008041727722420374,8,0,41.3,0.0,9.700000000000001,-77.4,1
R,81,PIA,51.0,2.0,HARD,45.0,86.314,10.0,6.790097235513905,inf,0,32.7,51.8,5.348816436194225,1.9709506092827576,0.010807045125452277,15,1,41.90000000000003,0.6,10.0,-79.2,1
R,81,PIA,52.0,2.0,HARD,46.0,85.521,8.200000000000003,6.811244378601294,inf,0,32.6,52.4,5.3453023460134705,2.1238453858001076,0.016130397356831257,8,1,42.8,0.3000000000000028,8.3,-81.0,1
R,81,PIA,53.0,2.0,HARD,47.0,85.834,6.3999999999999915,6.831953565565855,inf,0,32.6,51.9,5.23146763692789,2.3391585205977448,0.4196782393382554,10,1,43.3,0.39999999999999714,8.4,-82.8,1
R,87,BEA,1.0,1.0,SOFT,1.0,92.659,100.0,2.1972245773362196,inf,1,31.8,55.8,6.421872694317653,5.2574854455411835,2.00369605332735,13,0,40.000000000000014,0.0,13.0,0.0,1
R,87,BEA,2.0,1.0,SOFT,2.0,87.733,98.2,3.332204510175204,inf,0,32.0,56.2,6.188256877627067,5.041565051830924,1.1336666499327346,11,0,40.80000000000001,0.0,10.600000000000001,-1.8,1
R,87,BEA,7.0,2.0,HARD,1.0,88.252,89.2,4.0943445622221,inf,0,32.5,56.3,6.214899017363729,5.344873783821264,1.4768727423284718,14,0,34.0,0.0,12.3,0.0,1
R,87,BEA,8.0,2.0,HARD,2.0,87.442,87.4,4.394449154672439,inf,0,32.4,56.2,7.032516526667479,5.0859277822572135,0.3643013106056553,8,1,39.800000000000004,0.3000000000000028,9.600000000000001,-1.8,1
R,87,BEA,9.0,2.0,HARD,3.0,87.651,85.6,4.624972813284271,inf,0,32.5,56.4,6.19638790058636,5.239053480535768,1.28580883452271,17,0,34.7,0.0,9.600000000000001,-3.6,1
R,87,BEA,10.0,2.0,HARD,4.0,87.26,83.8,4.812184355372417,inf,0,32.4,55.8,6.459347056873693,4.871954453677246,0.8827642643871525,10,0,44.00000000000001,0.0,9.4,-5.4,1
R,87,BEA,11.0,2.0,HARD,5.0,87.38,82.0,4.969813299576001,inf,0,32.4,55.8,6.829111734195278,4.968140095819972,0.5532780251843157,9,0,42.29999999999999,0.0,9.600000000000001,-7.2,1
R,87,BEA,12.0,2.0,HARD,6.0,87.033,80.2,5.10594547390058,inf,0,32.5,55.8,6.650440213107148,4.788921224826824,0.6097019768834234,11,0,42.900000000000006,0.0,8.9,-9.0,1
R,87,BEA,13.0,2.0,HARD,7.0,86.883,78.4,5.220355825078325,inf,0,32.4,54.9,6.495540640161407,4.7972091288106,0.7499702212338508,10,0,38.10000000000001,0.0,9.3,-10.8,1
R,87,BEA,14.0,2.0,HARD,8.0,87.305,76.6,5.318119993844216,inf,0,32.5,55.4,6.81098496346722,4.675154799595479,0.34780685363361225,14,0,40.899999999999984,0.0,9.700000000000001,-12.6,1
R,87,BEA,15.0,2.0,HARD,9.0,87.145,74.8,5.41610040220442,inf,0,32.6,53.8,6.945932364319603,4.703477988670201,0.2400776191419514,7,0,44.800000000000004,0.0,9.200000000000001,-14.4,1
R,87,BEA,16.0,2.0,HARD,10.0,87.283,73.0,5.5053315359323625,inf,0,32.6,54.9,7.0812492858403235,4.676195895812221,0.07355631386209398,12,0,42.799999999999955,0.0,8.9,-16.2,1
R,87,BEA,17.0,2.0,HARD,11.0,87.071,71.2,5.58724865840025,inf,0,32.7,54.7,6.994161718459121,4.573765092275357,0.04726146792557884,7,0,45.800000000000004,0.0,8.700000000000001,-18.0,1
R,87,BEA,18.0,2.0,HARD,12.0,86.939,69.4,5.662960480135946,inf,0,32.6,54.4,7.102687103130059,4.705107009673374,0.13071846146533933,10,0,39.59999999999998,0.0,8.6,-19.8,1
R,87,BEA,19.0,2.0,HARD,13.0,87.321,67.6,5.733341276897746,inf,0,32.6,54.2,7.073208425966571,4.596656122703963,0.05405637503730779,8,0,38.59999999999999,0.0,9.1,-21.6,1
R,87,BEA,20.0,2.0,HARD,14.0,87.378,65.8,5.796057750765372,inf,0,32.5,54.6,7.090552570224319,4.645139679363783,0.060303428699255555,9,0,44.79999999999998,0.0,9.4,-23.400000000000002,1
R,87,BEA,21.0,2.0,HARD,15.0,87.353,64.0,5.857933154483459,inf,0,32.5,54.4,7.130721321293583,4.573213803948272,0.04808024256498592,9,0,38.70000000000001,0.0,8.200000000000001,-25.2,1
R,87,BEA,22.0,2.0,HARD,16.0,87.582,62.199999999999996,5.91350300563827,inf,0,32.4,53.8,7.019726518934762,4.52950746737656,0.045535897171689765,12,0,43.900000000000006,0.0,9.4,-27.0,1
R,87,BEA,23.0,2.0,HARD,17.0,87.111,60.4,5.963579343618446,inf,0,32.5,54.0,7.005543049755919,4.521320306834176,0.03611852265589161,11,0,40.70000000000002,0.0,8.9,-28.8,1
R,87,BEA,24.0,2.0,HARD,18.0,87.252,58.6,6.0112671744041615,inf,0,32.4,53.5,7.078404206774608,4.713487016533859,0.15605083454449467,11,0,45.599999999999994,0.0,7.5,-30.6,1
R,87,BEA,25.0,2.0,HARD,19.0,87.224,56.8,6.059123195581797,inf,0,32.4,53.2,6.967994993423077,4.4557477131268035,0.03937056145505421,13,0,40.300000000000004,0.0,8.6,-32.4,1
R,87,BEA,26.0,2.0,HARD,20.0,87.231,55.0,6.100318952020064,inf,0,32.5,54.0,7.030217742408926,4.545783902691015,0.06610461688179659,9,0,37.50000000000001,0.0,7.9,-34.2,1
R,87,BEA,27.0,2.0,HARD,21.0,92.347,53.199999999999996,6.1463292576688975,inf,1,32.5,54.3,5.520046182765256,6.193458643809669,1.7426092968593636,11,0,37.50000000000001,0.0,14.4,-36.0,1
R,87,BEA,28.0,2.0,HARD,22.0,111.9,51.4,6.173786103901937,inf,1,32.5,53.5,3.4523355578558808,3.506096822192511,1.5337295436047436,3,0,15.599999999999998,0.0,20.200000000000003,-37.800000000000004,0
R,87,BEA,29.0,2.0,HARD,23.0,87.369,49.6,6.198478716492308,inf,0,32.4,53.7,5.5210162032834,5.209016950905308,1.6464021418537762,10,0,38.00000000000001,0.0,11.5,-39.6,1
R,87,BEA,30.0,2.0,HARD,24.0,86.754,47.8,6.234410725718371,inf,0,32.3,53.3,5.662101074133951,5.335003363084959,1.607714332682278,8,1,41.10000000000001,0.3000000000000028,10.5,-41.4,1
R,87,BEA,31.0,2.0,HARD,25.0,86.356,46.0,6.270988431858299,inf,0,32.5,53.9,5.478518780588118,5.254510116336943,1.8822808386644794,9,0,34.99999999999999,0.0,10.100000000000001,-43.2,1
R,87,BEA,32.0,2.0,HARD,26.0,86.734,44.199999999999996,6.306275286948016,inf,0,32.7,53.9,5.799554448532611,5.104347001399115,1.4242897645562271,11,0,41.699999999999974,0.0,10.3,-45.0,1
R,87,BEA,33.0,2.0,HARD,27.0,86.724,42.4,6.340359303727752,inf,0,32.7,53.8,5.854709237548255,5.244233276180083,1.466831122720518,10,0,38.7,0.0,10.200000000000001,-46.800000000000004,1
R,87,BEA,34.0,2.0,HARD,28.0,87.017,40.6,6.373319789577012,inf,0,32.8,54.2,6.01878097949828,5.180288343179612,1.2067990303774652,12,0,38.499999999999986,0.0,10.200000000000001,-48.6,1
R,87,BEA,35.0,2.0,HARD,29.0,87.122,38.8,6.403574197934815,inf,0,32.9,54.2,6.159424611165861,5.0322996554656525,1.1531748225263037,12,0,35.2,0.0,9.9,-50.4,1
R,87,BEA,36.0,2.0,HARD,30.0,87.322,37.0,6.434546518787453,inf,0,32.8,53.7,6.502725838060405,4.741823204009776,0.6655085742912223,9,0,44.699999999999996,0.0,9.3,-52.2,1
R,87,BEA,37.0,2.0,HARD,31.0,87.099,35.2,6.464588303689961,inf,0,32.8,53.6,6.067059866377891,4.993889169341392,1.164887406561553,8,0,40.00000000000002,0.0,9.8,-54.0,1
R,87,BEA,38.0,2.0,HARD,32.0,87.281,33.39999999999999,6.493753839851687,inf,0,32.7,53.8,6.7166559069559675,4.8520687935093125,0.6184882540293611,15,0,39.49999999999999,0.0,10.3,-55.800000000000004,1
R,87,BEA,39.0,2.0,HARD,33.0,87.431,31.599999999999994,6.522092798170152,inf,0,32.7,53.1,6.613341301335785,4.774127526843959,0.6313142996306034,10,0,42.7,0.0,9.600000000000001,-57.6,1
R,87,BEA,40.0,2.0,HARD,34.0,87.156,29.799999999999997,6.548219102762372,inf,0,32.8,53.1,6.513124666487176,4.83850782939805,0.8289557035087353,7,1,44.20000000000001,0.39999999999999714,8.8,-59.4,1
R,87,BEA,41.0,2.0,HARD,35.0,87.574,28.0,6.57507584059962,inf,0,32.7,53.0,6.840168940938462,4.735374057121002,0.34934389971124824,8,0,43.700000000000024,0.0,10.700000000000001,-61.2,1
R,87,BEA,42.0,2.0,HARD,36.0,87.137,26.200000000000003,6.5998704992128365,inf,0,32.8,52.9,6.7985931984022585,4.662494160096703,0.34032491509054347,11,0,46.2,0.0,8.700000000000001,-63.0,1
R,87,BEA,43.0,2.0,HARD,37.0,87.049,24.39999999999999,6.62273632394984,inf,0,32.6,52.9,6.743014396632661,4.679715325104928,0.45863348959113354,12,0,36.999999999999986,0.0,9.5,-64.8,1
R,87,BEA,44.0,2.0,HARD,38.0,87.02,22.599999999999994,6.647688373563329,inf,0,32.5,53.0,6.543390313888296,4.585123079396217,0.5606367122482957,10,0,44.69999999999999,0.0,9.4,-66.60000000000001,1
R,87,BEA,45.0,2.0,HARD,39.0,86.952,20.799999999999997,6.672032945461067,inf,0,32.6,52.7,6.165544054470427,4.789500594693053,1.0816566951486428,10,0,42.30000000000002,0.0,9.600000000000001,-68.4,1
R,87,BEA,46.0,2.0,HARD,40.0,87.224,19.0,6.695798917058491,inf,0,32.6,52.7,6.517778017586383,4.883825682037955,0.8828651760902657,11,0,44.20000000000001,0.0,9.1,-70.2,1
R,87,BEA,47.0,2.0,HARD,41.0,87.75,17.200000000000003,6.717804695023691,inf,0,32.8,52.3,5.940539195706437,4.878225310134928,1.4199795833037638,10,0,44.3,0.0,10.9,-72.0,1
R,87,BEA,48.0,2.0,HARD,42.0,86.933,15.399999999999991,6.739336627357174,inf,0,32.8,52.0,6.034462701269162,4.860063097510124,1.1920801690247025,8,0,42.70000000000001,0.0,10.3,-73.8,1
R,87,BEA,49.0,2.0,HARD,43.0,87.192,13.599999999999994,6.759255270663693,inf,0,32.6,52.6,6.730171186416394,4.818123775132833,0.5764763673270696,15,0,39.49999999999998,0.0,10.4,-75.60000000000001,1
R,87,BEA,50.0,2.0,HARD,44.0,87.828,11.799999999999997,6.782192056006791,inf,0,32.7,52.3,5.546255680435912,5.141685813009149,1.4352890760327248,7,0,38.599999999999994,0.0,11.3,-77.4,1
R,87,BEA,51.0,2.0,HARD,45.0,86.955,10.0,6.803505257608338,inf,0,32.6,52.4,5.7415761053884715,5.047308399098554,1.295606077396513,11,0,42.00000000000001,0.0,11.0,-79.2,1
R,87,BEA,52.0,2.0,HARD,46.0,88.04,8.200000000000003,6.825460036255307,inf,0,32.6,52.2,5.452345894662663,5.376942756168609,1.6551399924829338,16,0,32.500000000000014,0.0,12.0,-81.0,1
R,87,BEA,53.0,2.0,HARD,47.0,87.158,6.3999999999999915,6.844815479208263,inf,0,32.6,51.9,5.151132995532307,5.601389502090805,2.4185544837292325,7,0,43.50000000000002,0.0,13.3,-82.8,1
